tree
version=v4
num_class=1
num_tree_per_iteration=1
label_index=0
max_feature_idx=13
objective=binary sigmoid:1
feature_names=exact_mpn_match exact_gtin_match brand_match category_match model_token_overlap character_similarity numeric_token_agreement capacity_agreement form_factor_agreement specification_overlap embedding_cosine_similarity relative_price_difference price_missing numeric_conflict
feature_infos=[0:1] none [0:1] none [0:1] [0:1] [0:1] [0:1] none [0.076923076923076927:0.75] none none none none
tree_sizes=871 882 881 876 881 888 886 880 883 889 889 787 788 786 786 783 785 780 886 783 788 887 784 886 892 893 890 893 890 891 886 897 894 894 889 886 879 887 885 880 890 885 881 882 894 883 884 891 889 885 879 889 890 894 888 885 888 897 885 885 889 889 890 890 891 889 884 896 887 887 892 896 891 887 887 901 890 881 898 885 900 888 895 896 888 897 894 885 901 895 891 897 888 895 890 891 902 893 884 893 893 900 899 893 897 888 904 892 895 900 893 887 894 895 899 900 890 891 896 894 872 871 891 899 894 902 891 907 891 895 900 900 897 895 898 899 900 888 897 896 891 898 884 896 895 896 885 902 897 908 891 896 897 891 903 894 899 900 899 887 900 898 895 901 904 893 901 903 897 900 896 893 894 904 905 893 898 900 897 888 898 888 902 896 903 902 893 899 896 886 899 893 892 900 903 887 900 895 902 894 885 896 900 906 901 896 885 897 900 896 885 896 898 888 887 897 896 900 906 899 884 897 893 899 896 894 903 898 893 898 903 906 899 904 898 887 897 904 889 896 894 896 889 889 893 894 900 894 889 901 892 888 884 895 895 878 893 882 880 884 893 881 889 897 896 903 893 897 889 901 897 904 903 893 904 895 894 903 878 899 892 893 910 904 892 907 895 899 901 890 898 908 886 898 900 897 893 899 894 903 889 887 900 890 901 902 904 894 906 892 891 902 887 902 895 887 899 903 898 901 894 885 893 902 903 909 889 890 907 896 890 894 901 893 912 893 895 894 898 901 903 885 894 897 894 902 897 902 894 895

Tree=0
num_leaves=7
num_cat=0
split_feature=4 0 0 4 6 4
split_gain=141497 37486.4 12727.9 12207.9 3509.47 1790.28
threshold=0.28102564102564109 1.0000000180025095e-35 1.0000000180025095e-35 0.45643939393939398 0.46410256410256417 0.24190177638453506
decision_type=2 2 2 2 2 2
left_child=1 5 3 4 -2 -1
right_child=2 -3 -4 -5 -6 -7
leaf_value=-3.497706852001282 -3.1557457026783498 -2.1555663138436576 -2.1495468832982212 -2.3368681879156386 -2.6532240882774607 -3.1817510228089105
leaf_weight=359.68055835738778 50.368715092539787 37.740966953337193 241.52464118041098 144.30932343937457 40.252921484410763 30.979715961962938
leaf_count=12174 1286 44 281 821 535 810
internal_value=-2.82831 -3.35594 -2.35416 -2.56546 -2.9312 -3.47251
internal_weight=904.857 428.401 476.456 234.931 90.6216 390.66
internal_count=15951 13028 2923 2642 1821 12984
is_linear=0
shrinkage=1


Tree=1
num_leaves=7
num_cat=0
split_feature=4 0 4 0 6 7
split_gain=22044.6 2449.96 1786.45 2790.23 1093.18 563.131
threshold=0.17752100840336138 1.0000000180025095e-35 0.31414473684210531 1.0000000180025095e-35 0.46410256410256417 1.0000000180025095e-35
decision_type=2 2 2 2 2 2
left_child=1 -1 3 4 -2 -4
right_child=2 -3 5 -5 -6 -7
leaf_value=-0.036879683130752142 0.037887919728389508 0.38203565726698357 0.080853393485579961 0.38242962206367176 0.28770770644610916 0.38129113504826806
leaf_weight=299.20735805109143 80.9530915543437 23.937715530395508 10.20422989875078 147.42063693702221 42.74440174549818 1227.4102405123413
leaf_count=10462 2298 8 131 55 726 2271
internal_value=0.294196 -0.00562427 0.358406 0.264961 0.124556 0.378829
internal_weight=1831.88 323.145 1508.73 271.118 123.697 1237.61
internal_count=15951 10470 5481 3079 3024 2402
is_linear=0
shrinkage=0.04


Tree=2
num_leaves=7
num_cat=0
split_feature=4 0 6 0 4 7
split_gain=12055.8 1370.89 1036.98 1135.05 829.143 344.368
threshold=0.16441441441441443 1.0000000180025095e-35 0.13809523809523813 1.0000000180025095e-35 0.35805860805860812 1.0000000180025095e-35
decision_type=2 2 2 2 2 2
left_child=1 -1 3 4 -2 -4
right_child=2 -3 5 -5 -6 -7
leaf_value=-0.041129529243790132 0.01066533328994233 0.27329779535384857 0.057805807005739035 0.27334662737048238 0.21042340174743662 0.26899957253951773
leaf_weight=274.13929854333401 73.751563152298331 23.938044548034668 12.590341808274387 112.33155709505081 60.401168636977673 1759.8937570843846
leaf_count=9954 2019 6 194 30 390 3358
internal_value=0.22174 -0.0157054 0.256795 0.179601 0.100799 0.267507
internal_weight=2317.05 298.077 2018.97 246.484 134.153 1772.48
internal_count=15951 9960 5991 2439 2409 3552
is_linear=0
shrinkage=0.04


Tree=3
num_leaves=7
num_cat=0
split_feature=4 0 4 0 6 4
split_gain=7924.56 923.94 717.324 1358.99 574.577 157.682
threshold=0.15504807692307696 1.0000000180025095e-35 0.35067567567567576 1.0000000180025095e-35 0.46410256410256417 0.6858552631578948
decision_type=2 2 2 2 2 2
left_child=1 -1 3 4 -2 -4
right_child=2 -3 5 -5 -6 -7
leaf_value=-0.041080507437769385 0.036013146183939526 0.21741268182446824 0.20737335494081285 0.21835798702527015 0.1608895612164494 0.23217805326603269
leaf_weight=259.90653919056058 132.02954465895891 23.980815410614014 1219.1705752536654 317.50681357085705 106.61282373592257 656.02240896970034
leaf_count=9811 3138 5 1711 73 982 231
internal_value=0.180865 -0.0191001 0.204214 0.16415 0.0918977 0.216076
internal_weight=2715.23 283.887 2431.34 556.149 238.642 1875.19
internal_count=15951 9816 6135 4193 4120 1942
is_linear=0
shrinkage=0.04


Tree=4
num_leaves=7
num_cat=0
split_feature=4 0 4 0 5 6
split_gain=5720.62 632.274 535.402 1035.93 241.625 227.464
threshold=0.15075757575757578 1.0000000180025095e-35 0.24190177638453506 1.0000000180025095e-35 0.36245805369127521 0.24038461538461542
decision_type=2 2 2 2 2 2
left_child=1 -1 3 4 -2 -4
right_child=2 -3 5 -5 -6 -7
leaf_value=-0.041033132353960271 0.18502443697060528 0.18251090494846259 0.14654428390586641 0.18338023696998526 -0.011251131853060828 0.18132049778172468
leaf_weight=245.27953746914864 11.180117523297666 21.863956451416016 356.33773122355342 137.01635605096817 84.684602666646242 2192.1299568936229
leaf_count=9626 253 4 1568 28 2295 2177
internal_value=0.154176 -0.0226072 0.171157 0.112893 0.011956 0.176471
internal_weight=3048.49 267.143 2781.35 232.881 95.8647 2548.47
internal_count=15951 9630 6321 2576 2548 3745
is_linear=0
shrinkage=0.04


Tree=5
num_leaves=7
num_cat=0
split_feature=4 0 4 0 6 7
split_gain=4367.08 549.681 392.243 895.084 387.088 110.258
threshold=0.15075757575757578 1.0000000180025095e-35 0.35067567567567576 1.0000000180025095e-35 0.095454545454545472 1.0000000180025095e-35
decision_type=2 2 2 2 2 2
left_child=1 -1 3 4 -2 -4
right_child=2 -3 5 -5 -6 -7
leaf_value=-0.040988312122925266 -0.0085543117139294314 0.15880302413625216 0.043868216047913342 0.16016251182466268 0.095906437635510808 0.15673430499018165
leaf_weight=235.91470168158412 77.572424413636327 24.101150512695312 14.166499763727186 403.76281237602234 210.66548746079206 2367.5758313760161
leaf_count=9626 2035 4 107 74 2270 1835
internal_value=0.13503 -0.0223539 0.148345 0.121724 0.0677999 0.156068
internal_weight=3333.76 260.016 3073.74 692.001 288.238 2381.74
internal_count=15951 9630 6321 4379 4305 1942
is_linear=0
shrinkage=0.04


Tree=6
num_leaves=7
num_cat=0
split_feature=4 0 0 5 6 2
split_gain=3469.54 487.563 347.902 800.302 363.833 345.737
threshold=0.15075757575757578 1.0000000180025095e-35 1.0000000180025095e-35 0.5920526315789475 0.46410256410256417 1.0000000180025095e-35
decision_type=2 2 2 2 2 2
left_child=1 -1 3 5 -5 -2
right_child=2 -3 -4 4 -6 -7
leaf_value=-0.040945203625186423 -0.0039905128403169773 0.14138771981258397 0.14283417011043256 0.094613363706168227 0.14672463013859724 0.087387185109232504
leaf_weight=226.8983857780695 92.639657551422715 25.969268798828125 1894.0616200864315 294.25166762247682 808.5794063732028 231.85746409744024
leaf_count=9626 1245 4 321 1370 774 2611
internal_value=0.120691 -0.0221149 0.131565 0.116591 0.132842 0.0613075
internal_weight=3574.26 252.868 3321.39 1427.33 1102.83 324.497
internal_count=15951 9630 6321 6000 2144 3856
is_linear=0
shrinkage=0.04


Tree=7
num_leaves=7
num_cat=0
split_feature=4 0 0 4 4 5
split_gain=2834.94 438.71 320.178 713.256 358.117 172.062
threshold=0.15075757575757578 1.0000000180025095e-35 1.0000000180025095e-35 0.24190177638453506 0.61721611721611735 0.36245805369127521
decision_type=2 2 2 2 2 2
left_child=1 -1 3 5 -5 -2
right_child=2 -3 -4 4 -6 -7
leaf_value=-0.04090373408455112 0.13257666323203388 0.12802899956459421 0.1291073260494274 0.095508951034895179 0.13654784881723558 -0.014361719845328517
leaf_weight=218.21834369003773 14.558284323662518 27.517953872680664 2009.0636854469776 837.66319789737463 577.61850798130035 93.493625231087208
leaf_count=9626 253 4 321 3211 241 2295
internal_value=0.109457 -0.0218895 0.118595 0.104715 0.112276 0.00562579
internal_weight=3778.13 245.736 3532.4 1523.33 1415.28 108.052
internal_count=15951 9630 6321 6000 3452 2548
is_linear=0
shrinkage=0.04


Tree=8
num_leaves=7
num_cat=0
split_feature=4 0 0 4 4 5
split_gain=2367.62 398.993 302.072 587.586 311.285 141.826
threshold=0.15075757575757578 1.0000000180025095e-35 1.0000000180025095e-35 0.24190177638453506 0.56385869565217395 0.36245805369127521
decision_type=2 2 2 2 2 2
left_child=1 -1 3 5 -5 -2
right_child=2 -3 -4 4 -6 -7
leaf_value=-0.040863825444581038 0.11306575488300272 0.11744755165151213 0.11827652673216379 0.084552622527673496 0.12118036162550429 -0.01397301812125591
leaf_weight=209.86270587518811 16.380194719880819 28.787120819091797 2103.2394173145294 797.85538434237242 700.42844696342945 92.281192500144243
leaf_count=9626 253 4 321 3117 335 2295
internal_value=0.100423 -0.0216768 0.108278 0.0951778 0.101691 0.00533165
internal_weight=3948.83 238.65 3710.18 1606.95 1498.28 108.661
internal_count=15951 9630 6321 6000 3452 2548
is_linear=0
shrinkage=0.04


Tree=9
num_leaves=7
num_cat=0
split_feature=4 0 0 5 2 6
split_gain=2011.04 365.869 290.834 516.484 263.98 258.832
threshold=0.15075757575757578 1.0000000180025095e-35 1.0000000180025095e-35 0.5920526315789475 1.0000000180025095e-35 0.36931818181818188
decision_type=2 2 2 2 2 2
left_child=1 -1 3 4 -2 -5
right_child=2 -3 -4 5 -6 -7
leaf_value=-0.040825402863213539 -0.0089817420387088807 0.10885528593646009 0.10950765986757553 0.065999840018331063 0.066409424030154693 0.10875548709532419
leaf_weight=201.81999724730849 102.23797900974751 29.810174942016602 2179.1282233893871 293.71966509521008 270.98492349311709 1013.1411411613226
leaf_count=9626 1245 4 321 1284 2611 860
internal_value=0.0929765 -0.021476 0.0998472 0.0873044 0.0457582 0.0991592
internal_weight=4090.84 231.63 3859.21 1680.08 373.223 1306.86
internal_count=15951 9630 6321 6000 3856 2144
is_linear=0
shrinkage=0.04


Tree=10
num_leaves=7
num_cat=0
split_feature=4 0 0 4 5 7
split_gain=1730.8 337.679 285.415 476.534 269.592 159.096
threshold=0.15075757575757578 1.0000000180025095e-35 1.0000000180025095e-35 0.35067567567567576 0.40954368655725265 1.0000000180025095e-35
decision_type=2 2 2 2 2 2
left_child=1 -1 3 4 -2 -5
right_child=2 -3 -4 5 -6 -7
leaf_value=-0.040788398156562933 0.11497101133231269 0.10173878777212556 0.10226149007926413 -0.047183855200596203 0.024933403334472304 0.092864242776857953
leaf_weight=194.07908338680863 64.171755028888583 30.61577033996582 2238.8934681415558 12.971678316593168 308.63477506302297 1359.0434473901987
leaf_count=9626 644 4 321 106 3661 1589
internal_value=0.0867015 -0.0212863 0.0927936 0.0806333 0.0404904 0.091532
internal_weight=4208.41 224.695 3983.72 1744.82 372.807 1372.02
internal_count=15951 9630 6321 6000 4305 1695
is_linear=0
shrinkage=0.04


Tree=11
num_leaves=6
num_cat=0
split_feature=4 0 4 4 5
split_gain=1515.78 341.854 656.447 256.004 69.4016
threshold=0.10762548262548265 1.0000000180025095e-35 0.24190177638453506 0.56385869565217395 0.36245805369127521
decision_type=2 2 2 2 2
left_child=-1 2 4 -4 -2
right_child=1 -3 3 -5 -6
leaf_value=-0.040742360658347673 0.049219509880098544 0.096176595128986034 0.065621485801428819 0.096969975436673336 -0.020542005225698833
leaf_weight=156.67465014010668 27.894782595336437 2315.6394588202238 904.00782034173608 778.67724794149399 121.15021098777652
leaf_count=8081 636 325 3117 335 3457
internal_value=0.0813368 0.0859508 0.0730133 0.0801393 -0.0074238
internal_weight=4304.04 4147.37 1831.73 1682.69 149.045
internal_count=15951 7870 7545 3452 4093
is_linear=0
shrinkage=0.04


Tree=12
num_leaves=6
num_cat=0
split_feature=4 0 4 6 5
split_gain=1345.86 335.319 572.393 241.86 62.8512
threshold=0.10762548262548265 1.0000000180025095e-35 0.24190177638453506 0.46410256410256417 0.42722859664607243
decision_type=2 2 2 2 2
left_child=-1 2 4 -4 -2
right_child=1 -3 3 -5 -6
leaf_value=-0.04070759491446338 0.025886424747253139 0.090990040710415609 0.051956986314727616 0.084581478408073368 -0.027671103835782109
leaf_weight=150.65749360434711 56.552798544988036 2348.9993132203817 522.51227678358555 1208.5191466957331 91.469530370086432
leaf_count=8081 1483 325 2243 1209 2610
internal_value=0.0767179 0.0809044 0.0682869 0.0747421 -0.00718832
internal_weight=4378.71 4228.05 1879.05 1731.03 148.022
internal_count=15951 7870 7545 3452 4093
is_linear=0
shrinkage=0.04


Tree=13
num_leaves=6
num_cat=0
split_feature=4 0 5 6 5
split_gain=1203.44 332.52 507.89 258.483 213.885
threshold=0.10762548262548265 1.0000000180025095e-35 0.54671462829736217 0.31009615384615391 0.42722859664607243
decision_type=2 2 2 2 2
left_child=-1 2 4 -4 -2
right_child=1 -3 3 -5 -6
leaf_value=-0.040674043086705844 0.059471300952814117 0.086519996716440423 0.03994606250247397 0.080983434560561243 -0.0081973367676226368
leaf_weight=144.86729165911674 120.89656161516905 2371.0588930994272 303.73690401576459 1301.1242694184184 194.99687343277037
leaf_count=8081 1722 325 1721 1359 2743
internal_value=0.0726617 0.0764895 0.0640986 0.0732239 0.0177153
internal_weight=4436.68 4291.81 1920.75 1604.86 315.893
internal_count=15951 7870 7545 3080 4465
is_linear=0
shrinkage=0.04


Tree=14
num_leaves=6
num_cat=0
split_feature=4 0 4 4 5
split_gain=1082.73 331.901 479.645 240.187 54.535
threshold=0.10762548262548265 1.0000000180025095e-35 0.24190177638453506 0.61721611721611735 0.36245805369127521
decision_type=2 2 2 2 2
left_child=-1 2 4 -4 -2
right_child=1 -3 3 -5 -6
leaf_value=-0.040641634717962935 0.038753462756046297 0.082628971238385418 0.054258162839212386 0.084125213810874455 -0.020318851955784707
leaf_weight=139.29587104916573 31.370157282799482 2383.1302619874477 1090.0859483405948 715.53307296335697 119.91641126386821
leaf_count=8081 636 325 3211 241 3457
internal_value=0.0690732 0.0725968 0.0603713 0.066103 -0.00802167
internal_weight=4479.33 4340.04 1956.91 1805.62 151.287
internal_count=15951 7870 7545 3452 4093
is_linear=0
shrinkage=0.04


Tree=15
num_leaves=6
num_cat=0
split_feature=4 0 4 6 4
split_gain=979.611 331.686 433.98 204.4 136.765
threshold=0.10762548262548265 1.0000000180025095e-35 0.35067567567567576 0.095454545454545472 0.61721611721611735
decision_type=2 2 2 2 2
left_child=-1 2 3 -2 -4
right_child=1 -3 4 -5 -6
leaf_value=-0.040610321082764196 -0.021428886135977529 0.079212702474447783 0.055934112483178824 0.03898125670922542 0.07996298664083154
leaf_weight=133.93526924774051 121.89580503292382 2386.3854215890169 805.70528344810009 336.71928543783724 722.52162928879261
leaf_count=8081 2960 325 1454 2890 241
internal_value=0.0658896 0.0691535 0.0570636 0.0229181 0.0673049
internal_weight=4507.16 4373.23 1986.84 458.615 1528.23
internal_count=15951 7870 7545 5850 1695
is_linear=0
shrinkage=0.04


Tree=16
num_leaves=6
num_cat=0
split_feature=4 0 5 6 7
split_gain=890.681 331.524 402.707 223.792 185.378
threshold=0.10762548262548265 1.0000000180025095e-35 0.54671462829736217 0.31009615384615391 0.75000000000000011
decision_type=2 2 2 2 2
left_child=-1 2 4 -4 -2
right_child=1 -3 3 -5 -6
leaf_value=-0.040580043904193348 0.0057285251609368384 0.076190670306795633 0.032133210293435653 0.069196949163723154 0.12492353182049133
leaf_weight=128.77782476879656 309.11261528544128 2381.873531088233 323.60941003262997 1355.9663268588483 22.195309406146407
leaf_count=8081 4297 325 1721 1359 168
internal_value=0.0630468 0.0660869 0.0541117 0.0620616 0.0137903
internal_weight=4521.54 4392.76 2010.88 1679.58 331.308
internal_count=15951 7870 7545 3080 4465
is_linear=0
shrinkage=0.04


Tree=17
num_leaves=6
num_cat=0
split_feature=4 0 4 5 4
split_gain=812.621 333.978 382.421 177.73 132.226
threshold=0.10762548262548265 1.0000000180025095e-35 0.35067567567567576 0.7070237256283769 0.61721611721611735
decision_type=2 2 2 2 2
left_child=-1 2 3 -2 -4
right_child=1 -3 4 -5 -6
leaf_value=-0.040550752691457588 0.013440723491612168 0.07349963801124075 0.050001131004491203 0.11244145876064755 0.073407430406400936
leaf_weight=123.81608685478568 443.72522674314678 2370.5363682359457 829.33838119357824 30.861256027594209 728.63305996358395
leaf_count=8081 5775 325 1454 75 241
internal_value=0.0604501 0.0632924 0.0513809 0.0199274 0.0609571
internal_weight=4526.91 4403.09 2032.56 474.586 1557.97
internal_count=15951 7870 7545 5850 1695
is_linear=0
shrinkage=0.04


Tree=18
num_leaves=7
num_cat=0
split_feature=4 0 4 0 9 4
split_gain=746.429 290.018 306.185 204.64 176.381 36.3293
threshold=0.15075757575757578 1.0000000180025095e-35 0.53137254901960795 1.0000000180025095e-35 0.15476190476190479 0.82085561497326209
decision_type=2 2 2 2 2 2
left_child=3 2 4 -1 -2 -4
right_child=1 -3 5 -5 -6 -7
leaf_value=-0.040594132188238902 0.029339370474708585 0.071084615667347376 0.060399742640386681 0.070917759731498067 0.079395789124914393 0.076511217116825389
leaf_weight=150.66280240193009 927.16692502610385 2321.5211147814989 589.53263211250305 31.698993682861328 128.2023826893419 372.51011773943901
leaf_count=9626 5247 321 418 4 277 58
internal_value=0.0581055 0.0614376 0.0503294 -0.0211432 0.0354358 0.0666549
internal_weight=4521.29 4338.93 2017.41 182.362 1055.37 962.043
internal_count=15951 6321 6000 9630 5524 476
is_linear=0
shrinkage=0.04


Tree=19
num_leaves=6
num_cat=0
split_feature=4 0 4 6 4
split_gain=683.458 339.331 342.2 165.9 124.514
threshold=0.10762548262548265 1.0000000180025095e-35 0.35067567567567576 0.095454545454545472 0.61721611721611735
decision_type=2 2 2 2 2
left_child=-1 2 3 -2 -4
right_child=1 -3 4 -5 -6
leaf_value=-0.040494874744965381 -0.02220708152671436 0.068919084577149889 0.045259171068101893 0.031080624344612048 0.067869299899448843
leaf_weight=114.44335747789592 125.56886359490454 2330.6881004422903 847.02188283205032 363.84746844507754 727.12064528465271
leaf_count=8081 2960 325 1454 2890 241
internal_value=0.0559409 0.0584546 0.0466291 0.0174011 0.0557117
internal_weight=4508.69 4394.25 2063.56 489.416 1574.14
internal_count=15951 7870 7545 5850 1695
is_linear=0
shrinkage=0.04


Tree=20
num_leaves=6
num_cat=0
split_feature=4 0 5 2 6
split_gain=629.689 341.567 327.237 182.112 178.809
threshold=0.10762548262548265 1.0000000180025095e-35 0.5920526315789475 1.0000000180025095e-35 0.46410256410256417
decision_type=2 2 2 2 2
left_child=-1 2 3 -2 -4
right_child=1 -3 4 -5 -6
leaf_value=-0.040468238178305277 -0.022379605219969203 0.066955587698238853 0.031935335582452935 0.031345511205367431 0.062037305927003752
leaf_weight=110.02701501641423 139.02926359511912 2303.6207581013441 440.08393100090325 366.91833154298365 1126.8641454931349
leaf_count=8081 1784 325 1394 3584 783
internal_value=0.0539739 0.0563504 0.0445586 0.0165754 0.0535895
internal_weight=4486.54 4376.52 2072.9 505.948 1566.95
internal_count=15951 7870 7545 5368 2177
is_linear=0
shrinkage=0.04


Tree=21
num_leaves=7
num_cat=0
split_feature=4 0 4 0 9 4
split_gain=583.164 303.742 282.236 175.206 169.257 23.083
threshold=0.15075757575757578 1.0000000180025095e-35 0.56385869565217395 1.0000000180025095e-35 0.15476190476190479 0.82085561497326209
decision_type=2 2 2 2 2 2
left_child=3 2 4 -1 -2 -4
right_child=1 -3 5 -5 -6 -7
leaf_value=-0.040532443872001077 0.025610170420624408 0.065166415637095201 0.055835122649496978 0.065066518206066071 0.068520939897899535 0.069460807221468177
leaf_weight=136.56695163808763 1051.6641265749931 2242.0351566374302 461.57167121767998 30.601127624511719 171.02004137448967 366.48261113464832
leaf_count=9626 5364 321 277 4 301 58
internal_value=0.0521308 0.0549852 0.0438481 -0.0211353 0.0316241 0.0618833
internal_weight=4459.94 4292.77 2050.74 167.168 1222.68 828.054
internal_count=15951 6321 6000 9630 5665 335
is_linear=0
shrinkage=0.04


Tree=22
num_leaves=6
num_cat=0
split_feature=4 0 4 6 4
split_gain=537.564 349.832 312.756 174.823 33.8911
threshold=0.10762548262548265 1.0000000180025095e-35 0.53137254901960795 0.36931818181818188 0.71008403361344552
decision_type=2 2 2 2 2
left_child=-1 2 3 -2 -4
right_child=1 -3 4 -5 -6
leaf_value=-0.040417242408507262 0.0086992956361738177 0.06354479673610107 0.048933178301182635 0.040339453413054213 0.064317442647766773
leaf_weight=101.68449210189283 493.91640492342412 2238.2929650247097 408.45847755670547 644.13586394302547 541.33989332616329
leaf_count=8081 5091 325 343 1978 133
internal_value=0.0504176 0.0525549 0.0407672 0.0266133 0.0577153
internal_weight=4427.83 4326.14 2087.85 1138.05 949.798
internal_count=15951 7870 7545 7069 476
is_linear=0
shrinkage=0.04


Tree=23
num_leaves=7
num_cat=0
split_feature=4 0 4 0 9 4
split_gain=504.172 297.388 251.188 223.194 146.385 22.6463
threshold=0.16441441441441443 1.0000000180025095e-35 0.56385869565217395 1.0000000180025095e-35 0.15476190476190479 0.82085561497326209
decision_type=2 2 2 2 2 2
left_child=3 2 4 -1 -2 -4
right_child=1 -3 5 -5 -6 -7
leaf_value=-0.040613038811449169 0.023748947367714865 0.062048118770512889 0.051982770968227322 0.06209228072348575 0.063348357808450675 0.065576855780861018
leaf_weight=140.15036710258573 1058.8782866261899 2156.668355435133 456.65003798902035 44.414572715759277 173.93445037119091 358.59644313156605
leaf_count=9954 5054 319 277 6 283 58
internal_value=0.0488366 0.0516769 0.0407498 -0.0158463 0.0293469 0.0579794
internal_weight=4389.29 4204.73 2048.06 184.565 1232.81 815.246
internal_count=15951 5991 5672 9960 5337 335
is_linear=0
shrinkage=0.04


Tree=24
num_leaves=7
num_cat=0
split_feature=0 4 4 9 4 5
split_gain=478.181 590.14 180.462 126.551 58.9811 83.8687
threshold=1.0000000180025095e-35 0.24190177638453506 0.56385869565217395 0.15476190476190479 0.16441441441441443 0.42722859664607243
decision_type=2 2 2 2 2 2
left_child=1 4 3 -3 -1 -6
right_child=-2 2 -4 -5 5 -7
leaf_value=-0.040583276771560844 0.060688186572478785 0.02564699456835481 0.056230274984488897 0.063041292356125697 0.040884294984409097 -0.026788314647387349
leaf_weight=134.75190479774028 2161.4624206572771 945.87124829739332 807.16624921560287 171.09220994263887 45.388299040496349 81.804358530789614
leaf_count=9954 325 2916 335 201 563 1657
internal_value=0.0473447 0.0341463 0.0418145 0.031387 -0.0221622 -0.00259758
internal_weight=4347.54 2186.07 1924.13 1116.96 261.945 127.193
internal_count=15951 15626 3452 3117 12174 2220
is_linear=0
shrinkage=0.04


Tree=25
num_leaves=7
num_cat=0
split_feature=0 4 4 9 4 4
split_gain=473.739 542.266 178.355 119.048 57.9325 82.2979
threshold=1.0000000180025095e-35 0.24190177638453506 0.61721611721611735 0.15476190476190479 0.16441441441441443 0.20256410256410259
decision_type=2 2 2 2 2 2
left_child=1 4 3 -3 -1 -6
right_child=-2 2 -4 -5 5 -7
leaf_value=-0.040554464204654909 0.059428673555275618 0.025702211818819782 0.056422499973404899 0.060143020848092817 0.023112566714081503 -0.042887164389881605
leaf_weight=129.55847911536694 2119.8262177705765 1043.2624975815415 690.86110696196556 189.96063732355833 77.602468943223357 49.231678230687976
leaf_count=9954 325 3002 241 209 1304 916
internal_value=0.0459616 0.0328639 0.0401456 0.0310178 -0.0217623 -0.0025172
internal_weight=4300.3 2180.48 1924.08 1233.22 256.393 126.834
internal_count=15951 15626 3452 3211 12174 2220
is_linear=0
shrinkage=0.04


Tree=26
num_leaves=7
num_cat=0
split_feature=0 4 4 9 4 4
split_gain=470.11 498.856 176.795 106.014 56.9055 77.4183
threshold=1.0000000180025095e-35 0.24190177638453506 0.56385869565217395 0.15476190476190479 0.16441441441441443 0.20256410256410259
decision_type=2 2 2 2 2 2
left_child=1 4 3 -3 -1 -6
right_child=-2 2 -4 -5 5 -7
leaf_value=-0.040526550072779027 0.058265432892707879 0.023225601863497355 0.053116562040004187 0.057190055194338736 0.021747684000249529 -0.042753914521577577
leaf_weight=124.56256683450192 2076.5405458807945 960.21648791432381 788.8082767277956 173.75448668003082 79.153552558273077 47.446337748318911
leaf_count=9954 325 2916 335 201 1304 916
internal_value=0.0446523 0.031644 0.0385694 0.0284408 -0.0213537 -0.00243937
internal_weight=4250.48 2173.94 1922.78 1133.97 251.162 126.6
internal_count=15951 15626 3452 3117 12174 2220
is_linear=0
shrinkage=0.04


Tree=27
num_leaves=7
num_cat=0
split_feature=0 4 4 7 4 5
split_gain=466.675 459.513 175.1 103.77 55.8705 75.2128
threshold=1.0000000180025095e-35 0.24190177638453506 0.61721611721611735 1.0000000180025095e-35 0.16441441441441443 0.42722859664607243
decision_type=2 2 2 2 2 2
left_child=1 4 3 -3 -1 -6
right_child=-2 2 -4 -5 5 -7
leaf_value=-0.04049949295205163 0.057188348211313772 -0.050077833829549806 0.053553041808819528 0.029908278244061757 0.037503466687508889 -0.026180452948618607
leaf_weight=119.7568789338693 2031.9299681633711 26.322380341589451 672.10964523255825 1221.3105374649167 47.180995682254434 79.176203114911914
leaf_count=9954 325 197 241 3014 563 1657
internal_value=0.043417 0.0304923 0.0370893 0.0282114 -0.0209462 -0.00236378
internal_weight=4197.79 2165.86 1919.74 1247.63 246.114 126.357
internal_count=15951 15626 3452 3211 12174 2220
is_linear=0
shrinkage=0.04


Tree=28
num_leaves=7
num_cat=0
split_feature=0 4 4 9 4 4
split_gain=463.818 423.495 172.991 97.6121 54.8082 72.569
threshold=1.0000000180025095e-35 0.24190177638453506 0.56385869565217395 0.15476190476190479 0.16441441441441443 0.20256410256410259
decision_type=2 2 2 2 2 2
left_child=1 4 3 -3 -1 -6
right_child=-2 2 -4 -5 5 -7
leaf_value=-0.040473242357167045 0.056188650476107639 0.020882125252873435 0.050380551132340586 0.053341941348792332 0.020462443382644344 -0.042648523122583229
leaf_weight=115.1343943560496 1986.2852875292301 973.15591146796942 767.82057523727417 174.96957954764366 80.61055663228035 45.39694213308394
leaf_count=9954 325 2916 335 201 1304 916
internal_value=0.0422403 0.0293915 0.0356794 0.025839 -0.0205477 -0.00229036
internal_weight=4143.37 2157.09 1915.95 1148.13 241.142 126.007
internal_count=15951 15626 3452 3117 12174 2220
is_linear=0
shrinkage=0.04


Tree=29
num_leaves=7
num_cat=0
split_feature=0 4 6 7 5 4
split_gain=460.964 390.811 173.669 120.48 115.615 53.7637
threshold=1.0000000180025095e-35 0.24190177638453506 0.46410256410256417 0.75000000000000011 0.5920526315789475 0.16441441441441443
decision_type=2 2 2 2 2 2
left_child=1 5 3 -3 -4 -1
right_child=-2 2 4 -5 -6 -7
leaf_value=-0.040447764281630876 0.055258694644152132 0.012326290134605618 0.014964889673939861 0.074672759867451491 0.048242334889289661 -0.002219590609166417
leaf_weight=110.68831189349294 1939.8665981441736 595.30644331127405 198.68184001743793 53.937087133526802 1062.6950556337833 125.76524812355638
leaf_count=9954 325 2121 501 122 708 2220
internal_value=0.0411242 0.0283489 0.0343526 0.0175303 0.0430055 -0.0201424
internal_weight=4086.94 2147.07 1910.62 649.244 1261.38 236.454
internal_count=15951 15626 3452 2243 1209 12174
is_linear=0
shrinkage=0.04


Tree=30
num_leaves=7
num_cat=0
split_feature=0 4 4 9 4 4
split_gain=458.457 360.73 173.936 94.5251 52.7607 68.552
threshold=1.0000000180025095e-35 0.24190177638453506 0.61721611721611735 0.15476190476190479 0.16441441441441443 0.20256410256410259
decision_type=2 2 2 2 2 2
left_child=1 4 3 -3 -1 -6
right_child=-2 2 -4 -5 5 -7
leaf_value=-0.040423014510443778 0.054391803207758986 0.01981238147049592 0.050045294949775977 0.050285257125289001 0.019426406038025031 -0.042517926864473046
leaf_weight=106.41209176834673 1892.9060642123222 1070.662116765976 641.7907941788435 192.21004097163677 81.868734883144498 43.65765624307096
leaf_count=9954 325 3002 241 209 1304 916
internal_value=0.040056 0.0273504 0.033086 0.0244592 -0.0197297 -0.00213508
internal_weight=4029.51 2136.6 1904.66 1262.87 231.938 125.526
internal_count=15951 15626 3452 3211 12174 2220
is_linear=0
shrinkage=0.04


Tree=31
num_leaves=7
num_cat=0
split_feature=0 5 6 4 2 5
split_gain=456.062 335.362 171.573 165.947 134.448 226.527
threshold=1.0000000180025095e-35 0.54671462829736217 0.31009615384615391 0.32071428571428579 1.0000000180025095e-35 0.42722859664607243
decision_type=2 2 2 2 2 2
left_child=1 4 3 -3 -1 -6
right_child=-2 2 -4 -5 5 -7
leaf_value=-0.032437386443161728 0.053582090620383785 -0.045130980255831309 0.041427914471122269 0.023382008855267589 0.059092525291793631 -0.015549961600135909
leaf_weight=169.76885613147169 1845.610381051898 69.201306728646159 1305.1744116973132 305.48533706367016 104.64206945057958 171.18901847023517
leaf_count=7687 325 1029 1394 748 2112 2656
internal_value=0.0390338 0.0263962 0.0345787 0.0107056 -0.00444831 0.0127822
internal_weight=3971.07 2125.46 1679.86 374.687 445.6 275.831
internal_count=15951 15626 3171 1777 12455 4768
is_linear=0
shrinkage=0.04


Tree=32
num_leaves=7
num_cat=0
split_feature=0 4 4 7 4 5
split_gain=453.875 317.622 170.776 90.9275 51.1346 64.2823
threshold=1.0000000180025095e-35 0.24190177638453506 0.61721611721611735 1.0000000180025095e-35 0.16441441441441443 0.42722859664607243
decision_type=2 2 2 2 2 2
left_child=1 4 3 -3 -1 -6
right_child=-2 2 -4 -5 5 -7
leaf_value=-0.040396390419611933 0.052824368485457913 -0.050530899690736812 0.048034399185942378 0.02398770104622705 0.033086287217437046 -0.025370958294686927
leaf_weight=101.12421882338822 1798.1636542528868 26.566611111164093 621.0003260821104 1239.7731989473104 49.694271065294743 75.643077271059155
leaf_count=9954 325 197 241 3014 563 1657
internal_value=0.0380509 0.0254787 0.03085 0.0224151 -0.0192645 -0.00216187
internal_weight=3911.97 2113.8 1887.34 1266.34 226.462 125.337
internal_count=15951 15626 3452 3211 12174 2220
is_linear=0
shrinkage=0.04


Tree=33
num_leaves=7
num_cat=0
split_feature=0 5 2 6 7 4
split_gain=451.567 300.598 179.291 157.314 140.322 137.011
threshold=1.0000000180025095e-35 0.5920526315789475 1.0000000180025095e-35 0.46410256410256417 0.75000000000000011 0.36602870813397131
decision_type=2 2 2 2 2 2
left_child=1 2 -1 5 -4 -3
right_child=-2 3 4 -5 -6 -7
leaf_value=-0.030554233464727309 0.052114033743561911 -0.032679468710649091 0.0088368452395182189 0.043032063785766968 0.092652757733278662 0.024879178819514004
leaf_weight=195.45361512433738 1750.7288063615561 79.884135343134403 384.01385655906051 1027.089689376764 34.677654474973679 380.46278052031994
leaf_count=7866 325 741 5388 788 176 667
internal_value=0.0371084 0.0246032 0.00105593 0.0343228 0.0158245 0.0148768
internal_weight=3852.31 2101.58 614.145 1487.44 418.692 460.347
internal_count=15951 15626 13430 2196 5564 1408
is_linear=0
shrinkage=0.04


Tree=34
num_leaves=7
num_cat=0
split_feature=0 4 6 7 4 5
split_gain=448.994 283.161 132.516 118.703 112.616 109.614
threshold=1.0000000180025095e-35 0.35067567567567576 0.095454545454545472 0.75000000000000011 0.6858552631578948 0.7070237256283769
decision_type=2 2 2 2 2 2
left_child=1 2 3 -1 -3 -4
right_child=-2 4 5 -5 -6 -7
leaf_value=-0.035012442397585684 0.051446991868835446 0.025508781499118553 0.0068685927425855666 0.12844801431937447 0.049046305314255252 0.080928752209711852
leaf_weight=170.14867444615811 1703.450049161911 989.97517895698547 401.00797804165632 7.2195723019540301 485.53785394132137 34.562722213566303
leaf_count=8689 325 1541 5115 93 154 34
internal_value=0.0362056 0.0237692 0.000912916 -0.0282105 0.0332611 0.0127843
internal_weight=3791.9 2088.45 612.939 177.368 1475.51 435.571
internal_count=15951 15626 13931 8782 1695 5149
is_linear=0
shrinkage=0.04


Tree=35
num_leaves=7
num_cat=0
split_feature=0 4 4 6 4 5
split_gain=446.123 270.592 170.31 103.613 40.3884 16.4136
threshold=1.0000000180025095e-35 0.53137254901960795 0.16441441441441443 0.46410256410256417 0.82085561497326209 0.86910324877614609
decision_type=2 2 2 2 2 2
left_child=1 2 -1 -4 5 -3
right_child=-2 4 3 -5 -6 -7
leaf_value=-0.040360862925805291 0.050819583790922607 0.03593649621502247 0.0032545045774304139 0.027097371940139676 0.052914127829687477 0.0040435898924449151
leaf_weight=93.995000580791384 1656.4544401317835 493.15769246220589 565.91287610307336 602.0592320933938 291.94327695667744 27.451696962118149
leaf_count=9954 325 378 3802 1394 58 40
internal_value=0.0353397 0.0229747 0.0113775 0.0155491 0.0409766 0.0342608
internal_weight=3730.97 2074.52 1261.97 1167.97 812.553 520.609
internal_count=15951 15626 15150 5196 476 418
is_linear=0
shrinkage=0.04


Tree=36
num_leaves=7
num_cat=0
split_feature=0 4 4 6 4 5
split_gain=443.158 258.173 160.29 95.1638 40.4711 15.49
threshold=1.0000000180025095e-35 0.53137254901960795 0.16441441441441443 0.46410256410256417 0.82085561497326209 0.86910324877614609
decision_type=2 2 2 2 2 2
left_child=1 2 -1 -4 5 -3
right_child=-2 4 3 -5 -6 -7
leaf_value=-0.04033828963569578 0.050228530389374935 0.034906873146032712 0.0031195846437223119 0.025947107128805269 0.05211972771274697 0.00388931689539797
leaf_weight=90.35903547052294 1609.8535060584545 487.51718610525131 566.76359801366925 603.57589818164706 284.6872641146183 27.407810986042023
leaf_count=9954 325 378 3802 1394 58 40
internal_value=0.0345036 0.0222121 0.0109302 0.0148965 0.0399898 0.0332619
internal_weight=3670.16 2060.31 1260.7 1170.34 799.612 514.925
internal_count=15951 15626 15150 5196 476 418
is_linear=0
shrinkage=0.04


Tree=37
num_leaves=7
num_cat=0
split_feature=0 4 4 6 4 5
split_gain=440.146 246.385 150.967 87.4566 40.5737 14.625
threshold=1.0000000180025095e-35 0.53137254901960795 0.16441441441441443 0.46410256410256417 0.82085561497326209 0.86910324877614609
decision_type=2 2 2 2 2 2
left_child=1 2 -1 -4 5 -3
right_child=-2 4 3 -5 -6 -7
leaf_value=-0.040316264030731623 0.049670884910108674 0.033913245499523237 0.0029904548708069257 0.024854712444088295 0.051372190742308275 0.003740720502057167
leaf_weight=86.862591646146029 1563.7447653859854 481.85087049007416 567.57890243828297 604.88065731525421 277.42655259370804 27.365499928593636
leaf_count=9954 325 378 3802 1394 58 40
internal_value=0.0336936 0.0214774 0.0105016 0.0142744 0.0390387 0.0322978
internal_weight=3609.71 2045.97 1259.32 1172.46 786.643 509.216
internal_count=15951 15626 15150 5196 476 418
is_linear=0
shrinkage=0.04


Tree=38
num_leaves=7
num_cat=0
split_feature=0 4 4 7 4 5
split_gain=437.067 237.218 148.627 81.331 28.7846 14.8285
threshold=1.0000000180025095e-35 0.56385869565217395 0.16441441441441443 1.0000000180025095e-35 0.82085561497326209 0.843764669065874
decision_type=2 2 2 2 2 2
left_child=1 2 -1 -4 5 -3
right_child=-2 4 3 -5 -6 -7
leaf_value=-0.040294749772612111 0.049143993296845698 0.036818196510048883 -0.047992196442573819 0.01630029016202076 0.050667324383508724 0.014521733560024746
leaf_weight=83.500429708044976 1518.2127909064293 325.48329094052315 32.081806087866426 1263.5818584468216 270.18397216498852 56.712081462144852
leaf_count=9954 325 211 388 4949 58 66
internal_value=0.0329075 0.020769 0.0113632 0.0146996 0.0406405 0.0335243
internal_weight=3549.76 2031.54 1379.16 1295.66 652.379 382.195
internal_count=15951 15626 15291 5337 335 277
is_linear=0
shrinkage=0.04


Tree=39
num_leaves=7
num_cat=0
split_feature=0 4 4 9 4 5
split_gain=434.676 227.91 139.904 80.5437 28.9011 14.1473
threshold=1.0000000180025095e-35 0.56385869565217395 0.16441441441441443 0.15476190476190479 0.82085561497326209 0.843764669065874
decision_type=2 2 2 2 2 2
left_child=1 2 -1 -4 5 -3
right_child=-2 4 3 -5 -6 -7
leaf_value=-0.040273712084286858 0.048645447760254798 0.035894968635227363 0.010105319005658774 0.039096535463801929 0.050001378826556933 0.014032947004763881
leaf_weight=80.267498151399195 1473.3309991061687 320.60548207163811 1121.200103353709 177.56477925181389 262.97963331639767 56.354311779141426
leaf_count=9954 325 211 5054 283 58 66
internal_value=0.0321254 0.0200655 0.0109056 0.0140759 0.0397918 0.0326411
internal_weight=3492.3 2018.97 1379.03 1298.76 639.939 376.96
internal_count=15951 15626 15291 5337 335 277
is_linear=0
shrinkage=0.04


Tree=40
num_leaves=7
num_cat=0
split_feature=0 4 4 7 4 5
split_gain=431.94 218.857 131.811 75.5786 29.0278 13.5533
threshold=1.0000000180025095e-35 0.56385869565217395 0.16441441441441443 1.0000000180025095e-35 0.82085561497326209 0.86910324877614609
decision_type=2 2 2 2 2 2
left_child=1 2 -1 -4 5 -3
right_child=-2 4 3 -5 -6 -7
leaf_value=-0.040253119631550441 0.048173072595271746 0.033900412781220156 -0.047742224487788344 0.015003454317079919 0.049370987535902008 0.0041030169159150419
leaf_weight=77.158926822710782 1429.1621026545763 345.25125375390053 31.271482836455107 1269.9997314754874 255.83123400807381 26.511268615722656
leaf_count=9954 325 239 388 4949 58 38
internal_value=0.0313685 0.0193916 0.0104719 0.0134869 0.0389699 0.0317842
internal_weight=3435.19 2006.02 1378.43 1301.27 627.594 371.763
internal_count=15951 15626 15291 5337 335 277
is_linear=0
shrinkage=0.04


Tree=41
num_leaves=7
num_cat=0
split_feature=0 4 4 7 4 6
split_gain=429.202 210.371 128.537 79.8784 19.736 7.38747
threshold=1.0000000180025095e-35 0.61721611721611735 0.16441441441441443 1.0000000180025095e-35 0.82085561497326209 0.58571428571428574
decision_type=2 2 2 2 2 2
left_child=1 2 -1 -4 5 -3
right_child=-2 4 3 -5 -6 -7
leaf_value=-0.040232936468459796 0.047724878061682532 0.036690569039679613 -0.048584757069175914 0.015196019103292966 0.048773124687582992 0.020805431213326012
leaf_weight=74.170022897422314 1385.7596082389355 209.32850198447704 31.951968766748905 1366.7798333279788 248.75423815846443 62.453768625855446
leaf_count=9954 325 124 395 5036 58 59
internal_value=0.030627 0.0187366 0.011007 0.0137309 0.0405916 0.0330656
internal_weight=3379.2 1993.44 1472.9 1398.73 520.537 271.782
internal_count=15951 15626 15385 5431 241 183
is_linear=0
shrinkage=0.04


Tree=42
num_leaves=7
num_cat=0
split_feature=0 4 4 9 4 5
split_gain=426.446 203.175 117.042 74.693 28.9978 13.5289
threshold=1.0000000180025095e-35 0.56385869565217395 0.16441441441441443 0.15476190476190479 0.82085561497326209 0.843764669065874
decision_type=2 2 2 2 2 2
left_child=1 2 -1 -4 5 -3
right_child=-2 4 3 -5 -6 -7
leaf_value=-0.040213132493722034 0.047299062714626527 0.033502210211360531 0.0085538547992590058 0.0365036563438065 0.048205054218522725 0.011784500515088303
leaf_weight=71.296262744348496 1343.168452963233 307.11742305755615 1129.6841876097023 176.87663390859962 241.76211448013783 54.642447829246521
leaf_count=9954 325 211 5054 283 58 66
internal_value=0.0298993 0.0180995 0.00961769 0.0123441 0.0374508 0.0302357
internal_weight=3324.55 1981.38 1377.86 1306.56 603.522 361.76
internal_count=15951 15626 15291 5337 335 277
is_linear=0
shrinkage=0.04


Tree=43
num_leaves=7
num_cat=0
split_feature=0 4 4 7 4 4
split_gain=423.156 196.357 118.352 88.1772 8.98461 7.51885
threshold=1.0000000180025095e-35 0.6858552631578948 0.16441441441441443 1.0000000180025095e-35 0.82085561497326209 0.75595238095238104
decision_type=2 2 2 2 2 2
left_child=1 2 -1 -4 5 -3
right_child=-2 4 3 -5 -6 -7
leaf_value=-0.040193676909804577 0.046893975717275396 0.039108564833604718 -0.050899239426787618 0.014936959968315804 0.047664302296637873 0.015876391422691375
leaf_weight=68.533283723983914 1301.4258883297443 135.35711659491062 33.08279243670404 1469.2147745583206 234.86653585731983 27.512646839022636
leaf_count=9954 325 67 403 5115 58 29
internal_value=0.0291971 0.017493 0.0111315 0.0134792 0.042594 0.0352206
internal_weight=3269.99 1968.57 1570.83 1502.3 397.736 162.87
internal_count=15951 15626 15472 5518 154 96
is_linear=0
shrinkage=0.04


Tree=44
num_leaves=7
num_cat=0
split_feature=0 5 2 5 6 4
split_gain=420.197 190.675 143.986 150.857 129.423 107.291
threshold=1.0000000180025095e-35 0.5920526315789475 1.0000000180025095e-35 0.42722859664607243 0.46410256410256417 0.36602870813397131
decision_type=2 2 2 2 2 2
left_child=1 2 -1 -4 5 -3
right_child=-2 4 3 -5 -6 -7
leaf_value=-0.031699992464278452 0.046508093603710256 -0.03372657949305486 0.051488206289846239 -0.0030465359541823668 0.034012221387425781 0.016915971498905828
leaf_weight=180.26718223001808 1260.562521442771 81.492376500740647 108.94060460291803 316.2581591499038 900.23500294284895 370.10029094666243
leaf_count=7866 325 741 2112 3452 788 667
internal_value=0.028497 0.0168926 -0.00175915 0.0109388 0.025247 0.00776193
internal_weight=3217.86 1957.29 605.466 425.199 1351.83 451.593
internal_count=15951 15626 13430 5564 2196 1408
is_linear=0
shrinkage=0.04


Tree=45
num_leaves=7
num_cat=0
split_feature=0 4 4 7 4 4
split_gain=416.199 186.977 108.45 81.9755 9.36873 7.50015
threshold=1.0000000180025095e-35 0.6858552631578948 0.16441441441441443 1.0000000180025095e-35 0.82085561497326209 0.75595238095238104
decision_type=2 2 2 2 2 2
left_child=1 2 -1 -4 5 -3
right_child=-2 4 3 -5 -6 -7
leaf_value=-0.040174530602777987 0.046140033315871659 0.03781299858243025 -0.050690852474429456 0.013796261983777139 0.04679721937244307 0.014301650638691746
leaf_weight=65.291350256185979 1220.6024911403656 130.47335155308247 32.028615126386285 1465.5421352069825 223.31113128364086 26.786443367600441
leaf_count=9954 325 67 403 5115 58 29
internal_value=0.0278347 0.0163332 0.0102062 0.0124092 0.0414706 0.0338442
internal_weight=3164.04 1943.43 1562.86 1497.57 380.571 157.26
internal_count=15951 15626 15472 5518 154 96
is_linear=0
shrinkage=0.04


Tree=46
num_leaves=7
num_cat=0
split_feature=0 4 4 9 4 6
split_gain=412.752 181.05 98.7006 74.5122 19.9172 7.67768
threshold=1.0000000180025095e-35 0.61721611721611735 0.16441441441441443 0.15476190476190479 0.82085561497326209 0.58571428571428574
decision_type=2 2 2 2 2 2
left_child=1 2 -1 -4 5 -3
right_child=-2 4 3 -5 -6 -7
leaf_value=-0.040155576798376558 0.045788507868942993 0.033512240785438879 0.0073777428347955179 0.03432636337370553 0.046319722920779044 0.016761813640296625
leaf_weight=62.760347748640925 1181.5646903887391 194.47199240326881 1210.4080381412059 189.84223244711757 216.72399272024632 58.04695637524128
leaf_count=9954 325 124 5140 291 58 59
internal_value=0.0271656 0.0157732 0.00883455 0.0110372 0.0373892 0.029686
internal_weight=3113.82 1932.25 1463.01 1400.25 469.243 252.519
internal_count=15951 15626 15385 5431 241 183
is_linear=0
shrinkage=0.04


Tree=47
num_leaves=7
num_cat=0
split_feature=0 4 4 5 2 4
split_gain=408.751 175.048 98.1269 81.1429 39.1773 9.54124
threshold=1.0000000180025095e-35 0.6858552631578948 0.24190177638453506 0.843764669065874 1.0000000180025095e-35 0.82085561497326209
decision_type=2 2 2 2 2 2
left_child=1 2 4 -4 -1 -3
right_child=-2 5 3 -5 -6 -7
leaf_value=-0.041571426477364899 0.045452340062699381 0.032504014207655904 0.01402989314145576 -0.10880829483444611 -0.0040531055472804358 0.045862141839159092
leaf_weight=67.461043741088361 1143.4628083407879 151.84427918493748 1351.4128010496497 8.4579880982637388 130.82602024823427 210.26359029114246
leaf_count=7357 325 96 3260 38 4817 58
internal_value=0.0265194 0.0152408 0.00941446 0.0132485 -0.0168567 0.0402872
internal_weight=3063.73 1920.27 1558.16 1359.87 198.287 362.108
internal_count=15951 15626 15472 3298 12174 154
is_linear=0
shrinkage=0.04


Tree=48
num_leaves=7
num_cat=0
split_feature=0 4 5 2 5 4
split_gain=404.689 168.952 93.8685 119.594 79.8243 9.69388
threshold=1.0000000180025095e-35 0.6858552631578948 0.5920526315789475 1.0000000180025095e-35 0.82904856075587785 0.82085561497326209
decision_type=2 2 2 2 2 2
left_child=1 2 3 -1 -4 -3
right_child=-2 5 4 -5 -6 -7
leaf_value=-0.031414762720198317 0.04513043717172141 0.031806310083537515 0.018488715713817893 0.008087176806546614 -0.058819157590039667 0.04542285595445697
leaf_weight=173.33049604482949 1106.3062282502651 149.03004255890846 943.09056136757135 417.76989606861025 21.663603201508522 203.93514555692673
leaf_count=7866 325 96 1975 5562 69 58
internal_value=0.0258821 0.0147216 0.00904917 -0.00349944 0.0167389 0.0397006
internal_weight=3015.13 1908.82 1555.85 591.1 964.754 352.965
internal_count=15951 15626 15472 13428 2044 154
is_linear=0
shrinkage=0.04


Tree=49
num_leaves=7
num_cat=0
split_feature=0 4 4 9 4 5
split_gain=400.253 163.294 83.9929 64.0088 27.9086 14.5742
threshold=1.0000000180025095e-35 0.56385869565217395 0.16441441441441443 0.15476190476190479 0.82085561497326209 0.843764669065874
decision_type=2 2 2 2 2 2
left_child=1 2 -1 -4 5 -3
right_child=-2 4 3 -5 -6 -7
leaf_value=-0.040123636613892497 0.044821779608491069 0.029471388489112252 0.0055441022016191896 0.03161184518719274 0.04500036931324939 0.0059129988575645507
leaf_weight=57.938976415898651 1070.1004217490554 281.92121934890747 1135.9904095306993 173.66516034863889 197.74294185638428 49.761928379535675
leaf_count=9954 325 211 5054 283 58 66
internal_value=0.0252621 0.014224 0.00691815 0.00900661 0.0330826 0.0259487
internal_weight=2967.12 1897.02 1367.59 1309.66 529.426 331.683
internal_count=15951 15626 15291 5337 335 277
is_linear=0
shrinkage=0.04


Tree=50
num_leaves=7
num_cat=0
split_feature=0 4 4 7 4 4
split_gain=395.501 158.311 85.0762 74.9799 9.74442 7.73183
threshold=1.0000000180025095e-35 0.6858552631578948 0.16441441441441443 1.0000000180025095e-35 0.82085561497326209 0.75595238095238104
decision_type=2 2 2 2 2 2
left_child=1 2 -1 -4 5 -3
right_child=-2 4 3 -5 -6 -7
leaf_value=-0.040105153012836119 0.044525436204283661 0.034877679705068734 -0.050678555215693546 0.011476255627921046 0.0445933260581357 0.010166900878002099
leaf_weight=55.692389518022537 1034.8471850380301 119.37346035242081 31.522366718389094 1461.7857582196593 191.69028450548649 24.931844308972359
leaf_count=9954 325 67 403 5115 58 29
internal_value=0.0246578 0.013746 0.00834295 0.0101563 0.0386293 0.0306422
internal_weight=2919.84 1885 1549 1493.31 335.996 144.305
internal_count=15951 15626 15472 5518 154 96
is_linear=0
shrinkage=0.04


Tree=51
num_leaves=7
num_cat=0
split_feature=0 4 5 2 5 4
split_gain=390.965 152.649 82.4007 109.694 74.3401 9.89412
threshold=1.0000000180025095e-35 0.6858552631578948 0.5920526315789475 1.0000000180025095e-35 0.843764669065874 0.82085561497326209
decision_type=2 2 2 2 2 2
left_child=1 2 3 -1 -4 -3
right_child=-2 5 4 -5 -6 -7
leaf_value=-0.030988858519334223 0.044240524483961846 0.029980570224396739 0.016325709455459195 0.0071815781125495227 -0.099830263972054689 0.044200453465853898
leaf_weight=168.67560106050223 1000.545358762145 141.66028797626495 949.87378692673519 419.88799696555361 8.6972345262765867 185.77968797087669
leaf_count=7866 325 96 2006 5562 38 58
internal_value=0.0240519 0.0132717 0.0080164 -0.00376105 0.0152491 0.0380767
internal_weight=2875.12 1874.57 1547.13 588.564 958.571 327.44
internal_count=15951 15626 15472 13428 2044 154
is_linear=0
shrinkage=0.04


Tree=52
num_leaves=7
num_cat=0
split_feature=0 4 4 7 4 4
split_gain=385.899 147.014 78.3211 70.2369 10.0452 7.62133
threshold=1.0000000180025095e-35 0.6858552631578948 0.16441441441441443 1.0000000180025095e-35 0.82085561497326209 0.75595238095238104
decision_type=2 2 2 2 2 2
left_child=1 2 -1 -4 5 -3
right_child=-2 4 3 -5 -6 -7
leaf_value=-0.040083145488902322 0.043966231112093801 0.033641935176897848 -0.050353147153484872 0.010668425878651005 0.043820572517068702 0.0087983694655924989
leaf_weight=52.770933180581778 967.19096673280001 114.73896144330502 30.611038523726165 1460.5944081358612 180.01298306137323 24.343997031450272
leaf_count=9954 325 67 403 5115 58 29
internal_value=0.0234682 0.0128223 0.00771007 0.00940787 0.0375318 0.0293267
internal_weight=2830.26 1863.07 1543.98 1491.21 319.096 139.083
internal_count=15951 15626 15472 5518 154 96
is_linear=0
shrinkage=0.04


Tree=53
num_leaves=7
num_cat=0
split_feature=0 4 6 7 4 4
split_gain=380.968 141.817 70.7101 85.7181 71.376 26.9335
threshold=1.0000000180025095e-35 0.56385869565217395 0.46410256410256417 0.75000000000000011 0.19782608695652179 0.82085561497326209
decision_type=2 2 2 2 2 2
left_child=1 2 3 -1 -4 -3
right_child=-2 5 4 -5 -6 -7
leaf_value=-0.0076837470671377167 0.043701791177970448 0.023812895641013267 -0.043122533081141293 0.042716168317503349 0.017790207329873735 0.043452601006859937
leaf_weight=625.58140025171451 934.77757722884417 316.40409964323044 32.114783911965787 58.885521793738008 645.65221029520035 174.3913096934557
leaf_count=11307 325 277 2416 308 1260 58
internal_value=0.0228844 0.0123782 0.00573232 -0.00333365 0.0148891 0.0308103
internal_weight=2787.81 1853.03 1362.23 684.467 677.767 490.795
internal_count=15951 15626 15291 11615 3676 335
is_linear=0
shrinkage=0.04


Tree=54
num_leaves=7
num_cat=0
split_feature=0 4 5 2 5 4
split_gain=375.24 136.838 73.1911 101.712 72.162 9.56556
threshold=1.0000000180025095e-35 0.68990384615384626 0.5920526315789475 1.0000000180025095e-35 0.843764669065874 0.82085561497326209
decision_type=2 2 2 2 2 2
left_child=1 2 3 -1 -4 -3
right_child=-2 5 4 -5 -6 -7
leaf_value=-0.030600911497543404 0.043446493695279205 0.028440843196934514 0.015062830677608567 0.0064574734930054056 -0.09802109196803814 0.043095513412440563
leaf_weight=164.64337531011552 903.29663438349962 128.89251661300659 948.00367704406381 421.19191149156541 8.9141859859228116 168.91528084129095
leaf_count=7866 325 91 2010 5562 39 58
internal_value=0.0223331 0.0119666 0.00717068 -0.00396091 0.013987 0.036783
internal_weight=2743.86 1840.56 1542.75 585.835 956.918 297.808
internal_count=15951 15626 15477 13428 2049 149
is_linear=0
shrinkage=0.04


Tree=55
num_leaves=7
num_cat=0
split_feature=0 4 4 7 4 4
split_gain=369.677 131.634 70.4477 68.4821 9.7052 7.91748
threshold=1.0000000180025095e-35 0.68990384615384626 0.16441441441441443 1.0000000180025095e-35 0.82085561497326209 0.75595238095238104
decision_type=2 2 2 2 2 2
left_child=1 2 -1 -4 5 -3
right_child=-2 4 3 -5 -6 -7
leaf_value=-0.040054391580769524 0.04319966344769937 0.032584502355596741 -0.051133043900476668 0.009689867606284706 0.042748366895891843 0.0066621833634073063
leaf_weight=49.279596945270896 872.73775668442249 103.11914590001106 30.026101006194949 1460.1695454418659 163.58495236188173 23.453696921467781
leaf_count=9954 325 62 405 5118 58 29
internal_value=0.0217806 0.011559 0.00689714 0.0084563 0.0362647 0.027815
internal_weight=2702.37 1829.63 1539.48 1490.2 290.158 126.573
internal_count=15951 15626 15477 5523 149 91
is_linear=0
shrinkage=0.04


Tree=56
num_leaves=7
num_cat=0
split_feature=0 4 4 7 4 4
split_gain=364.241 126.703 66.6711 61.4026 10.4275 7.37346
threshold=1.0000000180025095e-35 0.6858552631578948 0.16441441441441443 1.0000000180025095e-35 0.82085561497326209 0.75595238095238104
decision_type=2 2 2 2 2 2
left_child=1 2 -1 -4 5 -3
right_child=-2 4 3 -5 -6 -7
leaf_value=-0.040036237550859131 0.042960675496495841 0.031413662478367764 -0.049758043326976829 0.0092119579316043074 0.042410272129535555 0.0064247816721544251
leaf_weight=47.368444423656911 843.0888936072588 106.52544365823269 28.604906464926898 1455.9276153948158 158.39995120465755 23.356914639472961
leaf_count=9954 325 67 403 5115 58 29
internal_value=0.0212274 0.0111561 0.00657401 0.00806779 0.0354762 0.026952
internal_weight=2663.27 1820.18 1531.9 1484.53 288.282 129.882
internal_count=15951 15626 15472 5518 154 96
is_linear=0
shrinkage=0.04


Tree=57
num_leaves=7
num_cat=0
split_feature=0 6 5 5 9 7
split_gain=358.642 122.628 96.6071 105.298 74.6374 81.7719
threshold=1.0000000180025095e-35 0.46410256410256417 0.51903565561890053 0.44497103738809901 0.15476190476190479 0.75000000000000011
decision_type=2 2 2 2 2 2
left_child=1 4 3 -3 5 -1
right_child=-2 2 -4 -5 -6 -7
leaf_value=-0.0097930886148178339 0.042728934841685072 0.014654519026338709 0.024461061699671049 -0.059826735621731908 0.033456788942356583 0.040155258648958518
leaf_weight=632.94229216477834 814.33664417266846 83.885236337548122 901.9924647922162 47.33294932404533 87.818203557282686 56.970581853529438
leaf_count=11038 325 2076 1278 552 382 300
internal_value=0.020684 0.0107662 0.0197957 -0.0122473 -0.00122879 -0.00565519
internal_weight=2625.28 1810.94 1033.21 131.218 777.731 689.913
internal_count=15951 15626 3906 2628 11720 11338
is_linear=0
shrinkage=0.04


Tree=58
num_leaves=7
num_cat=0
split_feature=0 4 9 6 6 4
split_gain=352.74 120.555 60.601 179.938 73.5214 26.0342
threshold=1.0000000180025095e-35 0.56385869565217395 0.15476190476190479 0.73214285714285732 0.46410256410256417 0.82085561497326209
decision_type=2 2 2 2 2 2
left_child=1 2 4 -4 -1 -3
right_child=-2 5 3 -5 -6 -7
leaf_value=-0.0086099188501626671 0.042503883014990002 0.021458003107473391 0.035442055613113248 -0.16324025267308367 0.011363132038273367 0.041901135444194645
leaf_weight=601.08201873698272 786.46635908633471 299.55510985851288 163.91061946121044 7.4334678202867499 578.4271651210729 150.59575815498829
leaf_count=11239 325 277 554 41 3457 58
internal_value=0.0201569 0.0103936 0.00441608 0.0266306 0.00118337 0.0283172
internal_weight=2587.47 1801 1350.85 171.344 1179.51 450.151
internal_count=15951 15626 15291 595 14696 335
is_linear=0
shrinkage=0.04


Tree=59
num_leaves=7
num_cat=0
split_feature=0 4 4 7 5 4
split_gain=346.424 115.61 61.7255 87.5562 64.8943 10.1963
threshold=1.0000000180025095e-35 0.68990384615384626 0.31414473684210531 0.75000000000000011 0.843764669065874 0.82085561497326209
decision_type=2 2 2 2 2 2
left_child=1 2 3 -1 -4 -3
right_child=-2 5 4 -5 -6 -7
leaf_value=-0.011436361593851283 0.042284990002342752 0.025620072973616077 0.012062005520776353 0.052483362507169763 -0.095138338089315322 0.041582481921126208
leaf_weight=428.67906180908903 759.4624110236764 118.60566419363022 1051.0053029581904 37.06197309307754 8.9117040038108808 145.77877854555845
leaf_count=13221 325 91 1952 265 39 58
internal_value=0.0196509 0.0100431 0.00580761 -0.00632523 0.011141 0.0344539
internal_weight=2549.5 1790.04 1525.66 465.741 1059.92 264.384
internal_count=15951 15626 15477 13486 1991 149
is_linear=0
shrinkage=0.04


Tree=60
num_leaves=7
num_cat=0
split_feature=0 4 9 6 6 4
split_gain=340.185 110.982 60.3057 169.188 75.1782 19.1276
threshold=1.0000000180025095e-35 0.61721611721611735 0.15476190476190479 0.73214285714285732 0.46410256410256417 0.82085561497326209
decision_type=2 2 2 2 2 2
left_child=1 2 4 -4 -1 -3
right_child=-2 5 3 -5 -6 -7
leaf_value=-0.0081353864750680713 0.042071751545036846 0.022135324360331908 0.034557094468095066 -0.14772377696384997 0.011514928024363829 0.041270150784418098
leaf_weight=629.14672121615149 733.30834536999464 209.37409959733486 175.50751510029659 8.3443489968776685 616.5625998864416 141.1028298959136
leaf_count=11289 325 183 560 43 3493 58
internal_value=0.0191468 0.00969776 0.00474886 0.0261216 0.0015892 0.0298639
internal_weight=2513.35 1780.04 1429.56 183.852 1245.71 350.477
internal_count=15951 15626 15385 603 14782 241
is_linear=0
shrinkage=0.04


Tree=61
num_leaves=7
num_cat=0
split_feature=0 4 5 2 5 4
split_gain=333.73 106.719 60.2754 93.5038 61.0208 8.36596
threshold=1.0000000180025095e-35 0.71008403361344552 0.5920526315789475 1.0000000180025095e-35 0.843764669065874 0.82085561497326209
decision_type=2 2 2 2 2 2
left_child=1 2 3 -1 -4 -3
right_child=-2 5 4 -5 -6 -7
leaf_value=-0.030677941755070669 0.041863697696964589 0.025414493052775062 0.012699376489614283 0.005256857919894011 -0.090991998813775482 0.040963479524948367
leaf_weight=159.65707703609951 707.9868945479393 97.298818528652191 946.66498422063887 420.56318144220859 8.9666450321674329 136.56608704477549
leaf_count=7866 325 75 2026 5562 39 58
internal_value=0.0186569 0.00936802 0.00553126 -0.00463491 0.0117055 0.0345302
internal_weight=2477.7 1769.72 1535.85 580.22 955.632 233.865
internal_count=15951 15626 15493 13428 2065 133
is_linear=0
shrinkage=0.04


Tree=62
num_leaves=7
num_cat=0
split_feature=0 4 9 9 4 6
split_gain=327.319 102.464 66.086 72.4875 31.4139 15.6162
threshold=1.0000000180025095e-35 0.53137254901960795 0.38750000000000007 0.15476190476190479 0.82085561497326209 0.76388888888888895
decision_type=2 2 2 2 2 2
left_child=1 2 3 -1 5 -3
right_child=-2 4 -4 -5 -6 -7
leaf_value=-2.1911500219537647e-05 0.041660373319709447 0.021105475578502203 -0.12199768721453928 0.031028587524152967 0.040661829832875078 -0.0028815505849045142
leaf_weight=1089.5304709435441 683.48035926371813 347.41071629524231 6.5604059144388875 135.00667492300272 132.16650952398777 49.408989205956459
leaf_count=14579 325 344 41 530 58 74
internal_value=0.0181707 0.00904425 0.00271473 0.00340432 0.0237644 0.0181138
internal_weight=2443.56 1760.08 1231.1 1224.54 528.986 396.82
internal_count=15951 15626 15150 15109 476 418
is_linear=0
shrinkage=0.04


Tree=63
num_leaves=7
num_cat=0
split_feature=0 4 7 4 4 4
split_gain=321.002 98.957 59.7048 58.6127 8.38386 9.11116
threshold=1.0000000180025095e-35 0.71008403361344552 1.0000000180025095e-35 0.16441441441441443 0.82085561497326209 0.75595238095238104
decision_type=2 2 2 2 2 2
left_child=1 2 -1 -4 5 -3
right_child=-2 4 3 -5 -6 -7
leaf_value=-0.050943677219299377 0.041461350900274328 0.031165814467278816 -0.039997882585263884 0.0075641245528551395 0.04036461094003168 0.0013977314883412786
leaf_weight=29.619643204379827 659.77044402062893 73.142719157040119 42.461939067114145 1457.4443607535213 127.9018534347415 21.416775971651077
leaf_count=714 325 46 9646 5133 58 29
internal_value=0.0176845 0.00872571 0.00509653 0.00621117 0.033642 0.0244619
internal_weight=2411.76 1751.99 1529.53 1499.91 222.461 94.5595
internal_count=15951 15626 15493 14779 133 75
is_linear=0
shrinkage=0.04


Tree=64
num_leaves=7
num_cat=0
split_feature=0 4 7 5 4 4
split_gain=314.635 94.8891 56.6243 55.8553 8.47132 8.7476
threshold=1.0000000180025095e-35 0.71008403361344552 1.0000000180025095e-35 0.5920526315789475 0.82085561497326209 0.75595238095238104
decision_type=2 2 2 2 2 2
left_child=1 2 -1 -4 5 -3
right_child=-2 4 3 -5 -6 -7
leaf_value=-0.050611625979188113 0.041266214281532577 0.030596175143460413 -0.0039428027173568133 0.011981780464719751 0.040071253098927076 0.001343595624249563
leaf_weight=28.642473689513281 636.83864887058735 71.560327403247356 565.99608126701787 932.66572226467542 123.76972609758377 21.396987706422806
leaf_count=714 325 46 12868 1911 58 29
internal_value=0.0172064 0.00841601 0.00489768 0.00596652 0.0331735 0.0239016
internal_weight=2380.87 1744.03 1527.3 1498.66 216.727 92.9573
internal_count=15951 15626 15493 14779 133 75
is_linear=0
shrinkage=0.04


Tree=65
num_leaves=7
num_cat=0
split_feature=0 4 6 7 4 4
split_gain=307.951 90.8866 54.8796 109.784 54.8037 8.55026
threshold=1.0000000180025095e-35 0.71008403361344552 0.095454545454545472 0.75000000000000011 0.17752100840336138 0.82085561497326209
decision_type=2 2 2 2 2 2
left_child=1 2 3 -1 -4 -3
right_child=-2 5 4 -5 -6 -7
leaf_value=-0.015518244405472666 0.041074574259658506 0.023349178905262283 -0.042329346204019867 0.086142928900794655 0.010094112260568409 0.039781227859517092
leaf_weight=306.36571175255813 614.66614485532045 91.401631429791451 32.59585496224463 17.791481846012175 1166.6830033855513 119.76760841161013
leaf_count=9090 325 75 3232 97 3074 58
internal_value=0.01675 0.00812551 0.004713 -0.00988269 0.00866078 0.0327071
internal_weight=2349.27 1734.61 1523.44 324.157 1199.28 211.169
internal_count=15951 15626 15493 9187 6306 133
is_linear=0
shrinkage=0.04


Tree=66
num_leaves=7
num_cat=0
split_feature=0 4 4 5 4 4
split_gain=301.351 87.0176 52.3175 66.9781 10.3837 7.6234
threshold=1.0000000180025095e-35 0.68990384615384626 0.16441441441441443 0.36245805369127521 0.82085561497326209 0.75595238095238104
decision_type=2 2 2 2 2 2
left_child=1 2 -1 -4 5 -3
right_child=-2 4 3 -5 -6 -7
leaf_value=-0.039976071054688513 0.0408860549788434 0.027339984435837489 0.045941890657624607 0.003815425192762162 0.039494019313772548 0.00037912572430802118
leaf_weight=41.167280509136617 593.23392008990049 85.706740602850914 62.927526421844959 1399.4279461754486 115.89287751168013 21.048509895801544
leaf_count=9954 325 62 279 5244 58 29
internal_value=0.0162957 0.00783979 0.00438024 0.0056356 0.0311679 0.0220536
internal_weight=2319.4 1726.17 1503.52 1462.36 222.648 106.755
internal_count=15951 15626 15477 5523 149 91
is_linear=0
shrinkage=0.04


Tree=67
num_leaves=7
num_cat=0
split_feature=0 6 5 5 4 5
split_gain=295.05 84.6151 77.8827 98.1086 58.5284 99.4659
threshold=1.0000000180025095e-35 0.46410256410256417 0.51903565561890053 0.44497103738809901 0.26006441223832533 0.42127011744236625
decision_type=2 2 2 2 2 2
left_child=1 4 3 -3 -1 -6
right_child=-2 2 -4 -5 5 -7
leaf_value=-0.025418832895946545 0.040700295632112714 0.012519317911716716 0.019992980896933809 -0.05980633805652949 0.063017144387417109 -0.0013325529290591834
leaf_weight=143.18814807711169 572.52291659265757 84.082814717432484 827.60749462619424 46.391710761934519 40.963992677628994 578.4820202589035
leaf_count=9728 325 2076 1278 552 99 1893
internal_value=0.0158309 0.00755131 0.0154642 -0.0132338 -0.00238826 0.00293863
internal_weight=2293.24 1720.72 958.082 130.475 762.634 619.446
internal_count=15951 15626 3906 2628 11720 1992
is_linear=0
shrinkage=0.04


Tree=68
num_leaves=7
num_cat=0
split_feature=0 4 9 9 4 5
split_gain=288.273 82.5633 61.1676 66.1524 28.5578 17.772
threshold=1.0000000180025095e-35 0.53137254901960795 0.38750000000000007 0.15476190476190479 0.82085561497326209 0.843764669065874
decision_type=2 2 2 2 2 2
left_child=1 2 3 -1 5 -3
right_child=-2 4 -4 -5 -6 -7
leaf_value=-0.00088378196245670585 0.04051695069257049 0.018904255434474177 -0.11754406779684606 0.02896762004601016 0.039070004927628479 -0.0091490222390495906
leaf_weight=1081.5844277990982 552.51402640342712 339.53319744765759 6.6414782081264994 133.21617759601213 110.33116172999144 40.211182162165642
leaf_count=14579 325 348 41 530 58 70
internal_value=0.0154003 0.00728721 0.00171942 0.00239233 0.0211537 0.0159252
internal_weight=2264.03 1711.52 1221.44 1214.8 490.076 379.744
internal_count=15951 15626 15150 15109 476 418
is_linear=0
shrinkage=0.04


Tree=69
num_leaves=7
num_cat=0
split_feature=0 4 7 5 4 4
split_gain=281.621 79.4572 52.6617 49.4574 8.60792 8.45479
threshold=1.0000000180025095e-35 0.71008403361344552 1.0000000180025095e-35 0.843764669065874 0.82085561497326209 0.75595238095238104
decision_type=2 2 2 2 2 2
left_child=1 2 -1 -4 5 -3
right_child=-2 4 3 -5 -6 -7
leaf_value=-0.050622158959685075 0.040335684746193173 0.028599097895663086 0.0055078928146806609 -0.091701628763604964 0.038787738221509389 -0.0006222831182508251
leaf_weight=27.584956614533439 533.1882177516818 66.217494152486324 1474.8537532626651 8.2202246785163862 106.7623655050993 20.619308061897755
leaf_count=714 325 46 14744 35 58 29
internal_value=0.0149692 0.0070281 0.0039327 0.00495545 0.0311423 0.021652
internal_weight=2237.45 1704.26 1510.66 1483.07 193.599 86.8368
internal_count=15951 15626 15493 14779 133 75
is_linear=0
shrinkage=0.04


Tree=70
num_leaves=7
num_cat=0
split_feature=0 4 5 2 5 5
split_gain=275.168 77.2888 81.7758 146.497 99.2232 53.9584
threshold=1.0000000180025095e-35 0.35067567567567576 0.42722859664607243 1.0000000180025095e-35 0.7070237256283769 0.51903565561890053
decision_type=2 2 2 2 2 2
left_child=1 2 3 -1 -4 -3
right_child=-2 5 4 -5 -6 -7
leaf_value=-0.028883880041369533 0.040156178750814765 -0.027104367233903727 -0.019831025236689094 0.04962051880596733 0.04626504814993225 0.015001321734506775
leaf_weight=61.427026049932465 514.5265195928514 50.851224165409803 397.03812747984193 99.139716803794727 39.794125788845122 1050.7523233518004
leaf_count=6824 325 158 4946 2086 75 1537
internal_value=0.0145336 0.00676901 -0.00481267 0.0195766 -0.0137869 0.0130513
internal_weight=2213.53 1699 597.399 160.567 436.832 1101.6
internal_count=15951 15626 13931 8910 5021 1695
is_linear=0
shrinkage=0.04


Tree=71
num_leaves=7
num_cat=0
split_feature=0 6 5 5 7 4
split_gain=268.5 75.6531 69.1573 90.3438 54.6039 88.8856
threshold=1.0000000180025095e-35 0.46410256410256417 0.51903565561890053 0.44497103738809901 0.75000000000000011 0.31698564593301443
decision_type=2 2 2 2 2 2
left_child=1 4 3 -3 5 -1
right_child=-2 2 -4 -5 -6 -7
leaf_value=-0.02734261384869939 0.039978122504213676 0.01136126764547178 0.018510208740380587 -0.058647389857534565 0.031604425207575691 0.003527581067967956
leaf_weight=217.85155102633871 496.51011402159929 84.781850604107603 804.59200205141678 44.95947342319414 66.795951306354254 472.49160522967577
leaf_count=10230 325 2076 1278 552 312 1178
internal_value=0.0141205 0.00652527 0.0141396 -0.0129365 -0.00286962 -0.00621633
internal_weight=2187.98 1691.47 934.333 129.741 757.139 690.343
internal_count=15951 15626 3906 2628 11720 11408
is_linear=0
shrinkage=0.04


Tree=72
num_leaves=7
num_cat=0
split_feature=0 4 7 4 4 5
split_gain=261.532 73.5618 49.416 46.4858 9.00607 8.36968
threshold=1.0000000180025095e-35 0.71008403361344552 1.0000000180025095e-35 0.16441441441441443 0.82085561497326209 0.75238441275320211
decision_type=2 2 2 2 2 2
left_child=1 2 -1 -4 5 -3
right_child=-2 4 3 -5 -6 -7
leaf_value=-0.050565082324462801 0.039801214129601775 0.038609196090884874 -0.039935812565808797 0.0054882362088465135 0.038266585265793282 0.011446638479072759
leaf_weight=26.494514223420992 479.12034166231751 26.98045439273119 36.769558671629056 1433.7205678410828 100.43588574230671 56.490627035498619
leaf_count=714 325 12 9646 5133 58 63
internal_value=0.0137368 0.00630233 0.00336597 0.00434577 0.0301636 0.0203216
internal_weight=2160.01 1680.89 1496.98 1470.49 183.907 83.4711
internal_count=15951 15626 15493 14779 133 75
is_linear=0
shrinkage=0.04


Tree=73
num_leaves=7
num_cat=0
split_feature=0 4 7 5 4 4
split_gain=254.917 70.1825 46.9613 46.0671 9.03378 8.62428
threshold=1.0000000180025095e-35 0.71008403361344552 1.0000000180025095e-35 0.843764669065874 0.82085561497326209 0.75595238095238104
decision_type=2 2 2 2 2 2
left_child=1 2 -1 -4 5 -3
right_child=-2 4 3 -5 -6 -7
leaf_value=-0.050240547793526845 0.039625164237572168 0.027082645564178554 0.004713794884869069 -0.0889463073570812 0.037986750984204808 -0.0030991216396587047
leaf_weight=25.618037735810503 462.33882523328066 62.47451638430357 1460.9716134781484 8.2494475841522199 97.195772394537926 19.774476304650307
leaf_count=714 325 46 14744 35 58 29
internal_value=0.0133387 0.00607485 0.00323403 0.00417451 0.0296988 0.0198121
internal_weight=2136.62 1674.28 1494.84 1469.22 179.445 82.249
internal_count=15951 15626 15493 14779 133 75
is_linear=0
shrinkage=0.04


Tree=74
num_leaves=7
num_cat=0
split_feature=0 4 9 9 9 4
split_gain=248.453 67.6492 42.8781 75.5795 62.5408 21.3367
threshold=1.0000000180025095e-35 0.56385869565217395 0.38750000000000007 0.15476190476190479 0.73214285714285732 0.82085561497326209
decision_type=2 2 2 2 2 2
left_child=1 2 3 -1 -4 -3
right_child=-2 5 4 -5 -6 -7
leaf_value=-0.0010348299574416495 0.039449692989720085 0.015430333548797436 -0.12476074720196989 0.029122835164375506 0.047258363599899433 0.037707038155722607
leaf_weight=1151.2759771673009 446.14734923094511 259.33773067593575 9.6264757318422181 150.10780353471637 5.0031614303588858 94.064958043396473
leaf_count=14696 325 277 56 538 1 58
internal_value=0.0129396 0.00584982 0.0016743 0.0024461 -0.0659534 0.0213833
internal_weight=2115.56 1669.42 1316.01 1301.38 14.6296 353.403
internal_count=15951 15626 15291 15234 57 335
is_linear=0
shrinkage=0.04


Tree=75
num_leaves=7
num_cat=0
split_feature=0 6 5 7 4 6
split_gain=241.853 65.6982 62.3938 49.7213 81.4496 46.7868
threshold=1.0000000180025095e-35 0.46410256410256417 0.55860888821782684 0.75000000000000011 0.31698564593301443 0.73214285714285732
decision_type=2 2 2 2 2 2
left_child=1 3 5 4 -1 -3
right_child=-2 2 -4 -5 -6 -7
leaf_value=-0.026885652216095634 0.039274527321475322 -0.016224449856310063 0.018279709718762721 0.029631370560876003 0.0029262644968126067 0.035757296439249957
leaf_weight=212.77607352426276 430.52802427113056 160.68688065093011 718.79870227538049 67.260362254688516 470.31539427302778 33.256783400196582
leaf_count=10230 325 2855 988 312 1178 63
internal_value=0.0125605 0.00563996 0.0128476 -0.00312597 -0.00636207 -0.00727285
internal_weight=2093.62 1663.09 912.742 750.352 683.091 193.944
internal_count=15951 15626 3906 11720 11408 2918
is_linear=0
shrinkage=0.04


Tree=76
num_leaves=7
num_cat=0
split_feature=0 4 7 5 4 5
split_gain=235.015 62.5586 44.1645 42.9615 9.15501 8.57884
threshold=1.0000000180025095e-35 0.71008403361344552 1.0000000180025095e-35 0.843764669065874 0.82085561497326209 0.75238441275320211
decision_type=2 2 2 2 2 2
left_child=1 2 -1 -4 5 -3
right_child=-2 4 3 -5 -6 -7
leaf_value=-0.050130965443600461 0.039099398358835004 0.037601267440371122 0.0042455286876432376 -0.086156119310251911 0.037294279240459055 0.0093129163955292943
leaf_weight=24.576781456591561 415.46327687799931 25.32883720099926 1451.0194198004901 8.2585210949182493 89.635674983263016 53.758846826851368
leaf_count=714 325 12 14744 35 58 63
internal_value=0.0122129 0.00544849 0.00282089 0.00372081 0.0285146 0.0184698
internal_weight=2068.04 1652.58 1483.85 1459.28 168.723 79.0877
internal_count=15951 15626 15493 14779 133 75
is_linear=0
shrinkage=0.04


Tree=77
num_leaves=7
num_cat=0
split_feature=0 4 9 9 9 4
split_gain=228.654 59.9432 40.053 70.0617 55.7566 20.5593
threshold=1.0000000180025095e-35 0.56385869565217395 0.38750000000000007 0.15476190476190479 0.73214285714285732 0.82085561497326209
decision_type=2 2 2 2 2 2
left_child=1 2 3 -1 -4 -3
right_child=-2 5 4 -5 -6 -7
leaf_value=-0.0012451889351151537 0.038924053338779449 0.014415258581750738 -0.11742560959079378 0.027939250674903406 0.046542631266069438 0.037013350052744629
leaf_weight=1145.0995982645545 400.93577622622252 253.02934797108173 9.8912654365412873 148.48953970521688 4.7895326614379874 86.7630445510149
leaf_count=14696 325 277 56 538 1 58
internal_value=0.01184 0.00524587 0.00135533 0.00210711 -0.0638909 0.0202097
internal_weight=2049 1648.06 1308.27 1293.59 14.6808 339.792
internal_count=15951 15626 15291 15234 57 335
is_linear=0
shrinkage=0.04


Tree=78
num_leaves=7
num_cat=0
split_feature=0 6 7 4 4 7
split_gain=222.21 58.9168 87.2887 56.2294 50.3811 47.4618
threshold=1.0000000180025095e-35 0.095454545454545472 0.75000000000000011 0.35805860805860812 0.17752100840336138 1.0000000180025095e-35
decision_type=2 2 2 2 2 2
left_child=1 2 3 -1 -3 -6
right_child=-2 4 -4 -5 5 -7
leaf_value=-0.034837599222716203 0.038748236710158541 -0.042412002202456008 0.071500580044387835 0.00013590422089501911 -0.05515563591088584 0.010836091231579501
leaf_weight=135.43965337774716 386.9286040738225 29.889912173617631 19.293318881653249 160.44285622239113 17.473712819628417 1279.5578362699598
leaf_count=8719 325 3232 97 376 209 2993
internal_value=0.0114859 0.00505685 -0.0104819 -0.0158791 0.00875021 0.00993714
internal_weight=2029.03 1642.1 315.176 295.883 1326.92 1297.03
internal_count=15951 15626 9192 9095 6434 3202
is_linear=0
shrinkage=0.04


Tree=79
num_leaves=7
num_cat=0
split_feature=0 4 5 4 4 4
split_gain=215.803 56.3965 40.0862 41.0092 9.16594 8.9232
threshold=1.0000000180025095e-35 0.71008403361344552 0.843764669065874 0.16441441441441443 0.82085561497326209 0.75595238095238104
decision_type=2 2 2 2 2 2
left_child=1 2 3 -1 5 -3
right_child=-2 4 -4 -5 -6 -7
leaf_value=-0.039903872549082772 0.038571704937105461 0.025066429072371374 -0.081318673274305753 0.0039902267302998106 0.036649213319343107 -0.0065853150283931537
leaf_weight=34.680003398563713 373.42516565695405 57.885906890034676 8.8877686709165555 1431.4104258576408 83.197456948459148 18.667786002159119
leaf_count=9954 325 46 39 5500 58 29
internal_value=0.011144 0.00487349 0.0024252 0.00294526 0.0274347 0.017325
internal_weight=2008.15 1634.73 1474.98 1466.09 159.751 76.5537
internal_count=15951 15626 15493 15454 133 75
is_linear=0
shrinkage=0.04


Tree=80
num_leaves=7
num_cat=0
split_feature=0 6 5 5 5 2
split_gain=209.565 54.7112 56.0242 85.3242 54.545 121.076
threshold=1.0000000180025095e-35 0.46410256410256417 0.51903565561890053 0.44497103738809901 0.40954368655725265 1.0000000180025095e-35
decision_type=2 2 2 2 2 2
left_child=1 4 3 -3 5 -1
right_child=-2 2 -4 -5 -6 -7
leaf_value=-0.042801557730203284 0.038394220716311822 0.010438753598849942 0.015501263909630894 -0.058232534930773225 -0.0072441985940056262 0.059474172920547519
leaf_weight=27.028317356365733 360.40918758884072 84.413934829644859 761.13401883631013 43.796551417093724 655.68654800532386 57.737893161131069
leaf_count=5196 325 2076 1278 552 5159 1365
internal_value=0.0108004 0.00469319 0.0113798 -0.0130579 -0.00333622 0.0268153
internal_weight=1990.21 1629.8 889.345 128.21 740.453 84.7662
internal_count=15951 15626 3906 2628 11720 6561
is_linear=0
shrinkage=0.04


Tree=81
num_leaves=7
num_cat=0
split_feature=0 4 9 9 4 6
split_gain=203.4 53.0251 47.1473 50.7601 23.6138 18.5555
threshold=1.0000000180025095e-35 0.53137254901960795 0.38750000000000007 0.15476190476190479 0.82085561497326209 0.76388888888888895
decision_type=2 2 2 2 2 2
left_child=1 2 3 -1 5 -3
right_child=-2 4 -4 -5 -6 -7
leaf_value=-0.0020719855829378761 0.038215547775462967 0.015532469596550573 -0.1022984163307272 0.02453153599687323 0.036250218411894575 -0.012504740950489602
leaf_weight=1060.3269153847359 347.86481703072786 306.43771117180586 6.9388245752779758 128.47089151269756 79.493004847317934 42.841521680355072
leaf_count=14579 325 344 41 530 58 74
internal_value=0.0104654 0.00451793 0.000187976 0.000804962 0.0165827 0.0120826
internal_weight=1972.37 1624.51 1195.74 1188.8 428.772 349.279
internal_count=15951 15626 15150 15109 476 418
is_linear=0
shrinkage=0.04


Tree=82
num_leaves=7
num_cat=0
split_feature=0 4 7 6 4 4
split_gain=197.238 50.5982 42.0164 40.8808 1.61198 1.32325
threshold=1.0000000180025095e-35 0.82085561497326209 1.0000000180025095e-35 0.095454545454545472 0.61721611721611735 0.97368421052631582
decision_type=2 2 2 2 2 2
left_child=1 2 4 -4 -1 -2
right_child=5 -3 3 -5 -6 -7
leaf_value=-0.045406111925319383 0.038440206835628377 0.035963938938451678 -0.0095020070730534017 0.0068793665867002141 -0.080796387877667922 0.020444137280681961
leaf_weight=20.389543793746274 327.8818708024919 76.973373342305422 304.70063602970913 1213.9808232719079 2.8038033843040457 7.894682675600051
leaf_count=703 314 58 8744 6109 12 11
internal_value=0.0101444 0.0043541 0.00277032 0.00359055 -0.0504241 0.0380355
internal_weight=1954.62 1618.85 1541.87 1518.68 23.1933 335.777
internal_count=15951 15626 15568 14853 715 325
is_linear=0
shrinkage=0.04


Tree=83
num_leaves=7
num_cat=0
split_feature=0 4 5 2 5 5
split_gain=191.211 49.283 79.1665 122.007 85.8063 42.9013
threshold=1.0000000180025095e-35 0.35067567567567576 0.42722859664607243 1.0000000180025095e-35 0.7070237256283769 0.51903565561890053
decision_type=2 2 2 2 2 2
left_child=1 2 3 -1 -4 -3
right_child=-2 5 4 -5 -6 -7
leaf_value=-0.02825274181797266 0.037853826219985891 -0.026396831091015534 -0.019874292556637856 0.045136883710018089 0.042091030275488495 0.011295043883784349
leaf_weight=56.041569412103854 324.13597321137786 50.601868275552988 384.65982672281098 101.72638830402866 39.212222051341087 981.55067359283566
leaf_count=6824 325 158 4946 2086 75 1537
internal_value=0.00982753 0.00419311 -0.00511525 0.0190524 -0.01412 0.00944048
internal_weight=1937.93 1613.79 581.64 157.768 423.872 1032.15
internal_count=15951 15626 13931 8910 5021 1695
is_linear=0
shrinkage=0.04


Tree=84
num_leaves=7
num_cat=0
split_feature=0 4 7 4 4 4
split_gain=185.234 48.2323 39.9137 38.1023 1.39763 1.32936
threshold=1.0000000180025095e-35 0.82085561497326209 1.0000000180025095e-35 0.16441441441441443 0.97368421052631582 0.61721611721611735
decision_type=2 2 2 2 2 2
left_child=1 2 5 -4 -2 -1
right_child=4 -3 3 -5 -6 -7
leaf_value=-0.0452561090816661 0.03810254025897028 0.035584077991744838 -0.039876506351950204 0.0042420295093087059 0.019220163289271709 -0.07812818964500548
leaf_weight=19.72455256187823 305.43681406229734 73.793080043047667 31.791889104759321 1479.5449826065451 7.4778293967247 2.8065539300441733
leaf_count=703 314 58 9646 5207 11 12
internal_value=0.00952265 0.00403876 0.0025154 0.00330749 0.0376703 -0.0500901
internal_weight=1920.58 1607.66 1533.87 1511.34 312.915 22.5311
internal_count=15951 15626 15568 14853 325 715
is_linear=0
shrinkage=0.04


Tree=85
num_leaves=7
num_cat=0
split_feature=0 6 4 4 5 2
split_gain=179.412 46.633 52.2744 70.5913 49.6028 99.3045
threshold=1.0000000180025095e-35 0.46410256410256417 0.19782608695652179 0.20761494252873566 0.42127011744236625 1.0000000180025095e-35
decision_type=2 2 2 2 2 2
left_child=1 4 -3 -4 5 -1
right_child=-2 2 3 -5 -6 -7
leaf_value=-0.042782050948897012 0.037484728577763755 -0.043804949041056064 0.088133762918016278 0.010176256841457136 -0.0077000969904128785 0.04619939161743708
leaf_weight=27.226891936268657 302.11162086762488 27.593381371349096 18.82758566364646 822.08709396421909 632.89009159093257 74.603554421104491
leaf_count=5297 325 2416 91 1399 4846 1577
internal_value=0.00921891 0.00388725 0.0101614 0.0119446 -0.0035274 0.0223512
internal_weight=1905.34 1603.23 868.508 840.915 734.721 101.83
internal_count=15951 15626 3906 1490 11720 6874
is_linear=0
shrinkage=0.04


Tree=86
num_leaves=7
num_cat=0
split_feature=0 4 7 4 4 4
split_gain=173.761 46.0412 37.611 35.4304 1.47285 1.05486
threshold=1.0000000180025095e-35 0.82085561497326209 1.0000000180025095e-35 0.16441441441441443 0.97368421052631582 0.61721611721611735
decision_type=2 2 2 2 2 2
left_child=1 2 5 -4 -2 -1
right_child=4 -3 3 -5 -6 -7
leaf_value=-0.045009086418054838 0.037758389806289247 0.035213354316212656 -0.039850712589836197 0.0039077817775635213 0.017971668476311459 -0.075243866617665495
leaf_weight=19.013432911597196 284.60784223861992 70.855661127716303 30.005010664113797 1477.6740957256407 7.0919833108782759 2.8006850928068152
leaf_count=703 314 58 9646 5207 11 12
internal_value=0.00891426 0.00373563 0.00227167 0.00303043 0.0372968 -0.0496301
internal_weight=1892.05 1600.35 1529.49 1507.68 291.7 21.8141
internal_count=15951 15626 15568 14853 325 715
is_linear=0
shrinkage=0.04


Tree=87
num_leaves=7
num_cat=0
split_feature=0 4 9 9 9 4
split_gain=168.124 44.621 36.8952 61.0837 47.476 17.2178
threshold=1.0000000180025095e-35 0.56385869565217395 0.38750000000000007 0.15476190476190479 0.73214285714285732 0.82085561497326209
decision_type=2 2 2 2 2 2
left_child=1 2 3 -1 -4 -3
right_child=-2 5 4 -5 -6 -7
leaf_value=-0.0020844613936036012 0.03710657533631824 0.012169858091338864 -0.1096896089297256 0.025512138643126563 0.045313783020129492 0.034918517753872093
leaf_weight=1128.8584015560336 281.67847829498351 239.50030031055212 10.12856647314038 144.58227225579321 4.4020056724548331 68.642314117401838
leaf_count=14696 325 277 56 538 1 58
internal_value=0.00862642 0.00359504 0.00032125 0.00105071 -0.0626182 0.0172632
internal_weight=1877.79 1596.11 1287.97 1273.44 14.5306 308.143
internal_count=15951 15626 15291 15234 57 335
is_linear=0
shrinkage=0.04


Tree=88
num_leaves=7
num_cat=0
split_feature=0 4 5 6 4 5
split_gain=162.521 43.2746 73.8152 89.8092 88.683 39.9512
threshold=1.0000000180025095e-35 0.35067567567567576 0.40954368655725265 0.24038461538461542 0.26006441223832533 0.51903565561890053
decision_type=2 2 2 2 2 2
left_child=1 2 4 -4 -1 -3
right_child=-2 5 3 -5 -6 -7
leaf_value=-0.0095503160399548256 0.036913515539560286 -0.026195336155066865 -0.037802303981985044 -1.0749427468974887e-05 0.05578661837795492 0.010265157966082144
leaf_weight=71.348277662764303 272.02184839732945 50.394944306463003 153.76034860953223 290.66924777626991 61.880168102681637 962.96034931764007
leaf_count=8245 325 158 3774 1810 102 1537
internal_value=0.00835271 0.00346427 -0.00526989 -0.0131012 0.0208197 0.00844516
internal_weight=1863.04 1591.01 577.658 444.43 133.228 1013.36
internal_count=15951 15626 13931 5584 8347 1695
is_linear=0
shrinkage=0.04


Tree=89
num_leaves=7
num_cat=0
split_feature=0 4 7 4 4 4
split_gain=156.981 41.9372 35.6288 35.0933 1.61229 0.884985
threshold=1.0000000180025095e-35 0.82085561497326209 1.0000000180025095e-35 0.80625000000000013 0.97368421052631582 0.61721611721611735
decision_type=2 2 2 2 2 2
left_child=1 2 5 -4 -2 -1
right_child=4 -3 3 -5 -6 -7
leaf_value=-0.044911399856545409 0.037227726585618591 0.034532213293582643 0.002872968801143573 -0.22944518657096652 0.015815649429813689 -0.073436775712448096
leaf_weight=18.255498824408281 256.21826145239174 65.892236731946468 1495.5755910993321 0.84089778363704581 6.5051966458559027 2.7940523028373709
leaf_count=703 314 58 14846 7 11 12
internal_value=0.00809409 0.00333935 0.00197919 0.00271044 0.0367176 -0.0494474
internal_weight=1846.08 1583.36 1517.47 1496.42 262.723 21.0496
internal_count=15951 15626 15568 14853 325 715
is_linear=0
shrinkage=0.04


Tree=90
num_leaves=7
num_cat=0
split_feature=0 4 7 5 4 9
split_gain=151.707 40.146 33.8734 33.5827 1.62215 0.884811
threshold=1.0000000180025095e-35 0.82085561497326209 1.0000000180025095e-35 0.90611995104039178 0.97368421052631582 0.11805555555555557
decision_type=2 2 2 2 2 2
left_child=1 2 -1 -4 -2 -3
right_child=4 5 3 -5 -6 -7
leaf_value=-0.049035114607095719 0.03704425675145414 0.030283697176973212 0.0028363262995180893 -0.15059866368278638 0.015427770331658054 0.041388634398740874
leaf_weight=20.404057750012726 247.36760848760605 42.016248848289251 1494.4032063650666 2.0854803994297972 6.4090025499463072 21.840909957885742
leaf_count=715 314 42 14841 12 11 16
internal_value=0.00782258 0.00321033 0.00189881 0.00260107 0.0365188 0.0342305
internal_weight=1834.53 1580.75 1516.89 1496.49 253.777 63.8572
internal_count=15951 15626 15568 14853 325 58
is_linear=0
shrinkage=0.04


Tree=91
num_leaves=7
num_cat=0
split_feature=0 6 7 4 6 4
split_gain=146.526 39.6331 71.8514 48.683 45.4071 40.8274
threshold=1.0000000180025095e-35 0.095454545454545472 0.75000000000000011 0.35805860805860812 0.10555555555555557 0.45643939393939398
decision_type=2 2 2 2 2 2
left_child=1 2 3 -1 -3 -6
right_child=-2 4 -4 -5 5 -7
leaf_value=-0.033896789735027903 0.036316797209727615 0.097725777834450092 0.062608740161165771 -0.00047883868449671401 -0.00066820194990386747 0.013840287631432571
leaf_weight=123.90141667611897 245.16304563544691 8.4141430694144201 20.199689652537927 159.55123690515757 722.8257509280229 543.25935316458344
leaf_count=8719 325 62 97 376 5705 667
internal_value=0.00755968 0.00308701 -0.00989275 -0.015107 0.00618211 0.00555681
internal_weight=1823.31 1578.15 303.652 283.453 1274.5 1266.09
internal_count=15951 15626 9192 9095 6434 6372
is_linear=0
shrinkage=0.04


Tree=92
num_leaves=7
num_cat=0
split_feature=0 4 7 4 4 9
split_gain=141.331 37.8974 32.2259 32.0556 1.69704 0.923387
threshold=1.0000000180025095e-35 0.82085561497326209 1.0000000180025095e-35 0.16441441441441443 0.97368421052631582 0.11805555555555557
decision_type=2 2 2 2 2 2
left_child=1 2 -1 -4 -2 -3
right_child=4 5 3 -5 -6 -7
leaf_value=-0.048881661807079244 0.036671393212843788 0.0297279595635167 -0.039818006126288469 0.0032135277875644953 0.01412155003216802 0.04126557101162933
leaf_weight=19.667159179691225 230.76211041398346 40.36037515848875 28.02806411718484 1462.4413818400353 6.1035214737057677 20.766365051269531
leaf_count=715 314 42 9646 5207 11 16
internal_value=0.00732101 0.00297562 0.00172221 0.00239775 0.0361112 0.033802
internal_weight=1808.13 1571.26 1510.14 1490.47 236.866 61.1267
internal_count=15951 15626 15568 14853 325 58
is_linear=0
shrinkage=0.04


Tree=93
num_leaves=7
num_cat=0
split_feature=0 9 6 9 4 6
split_gain=136.338 36.6962 45.9833 81.981 49.1088 36.0363
threshold=1.0000000180025095e-35 0.15476190476190479 0.095454545454545472 0.095454545454545472 0.45643939393939398 0.52272727272727282
decision_type=2 2 2 2 2 2
left_child=1 2 3 -1 -4 -3
right_child=-2 5 4 -5 -6 -7
leaf_value=-0.0044828245846852861 0.03590220856958002 0.02669083160690032 -0.0030023469419577916 -0.064344670262443129 0.014103034735991728 -0.017994034180955076
leaf_weight=218.7401421245886 228.8840859644115 164.75981705193408 646.45096230634954 43.793105080374517 458.93871772289276 34.800376005470753
leaf_count=7971 325 560 5539 919 564 73
internal_value=0.00707757 0.00286327 0.000523043 -0.0145174 0.00409897 0.0188782
internal_weight=1796.37 1567.48 1367.92 262.533 1105.39 199.56
internal_count=15951 15626 14993 8890 6103 633
is_linear=0
shrinkage=0.04


Tree=94
num_leaves=7
num_cat=0
split_feature=0 4 7 4 4 9
split_gain=131.389 36.1346 30.735 30.3231 1.77078 0.988157
threshold=1.0000000180025095e-35 0.82085561497326209 1.0000000180025095e-35 0.16441441441441443 0.97368421052631582 0.11805555555555557
decision_type=2 2 2 2 2 2
left_child=1 2 -1 -4 -2 -3
right_child=4 5 3 -5 -6 -7
leaf_value=-0.048711316379625627 0.036286110298829929 0.029158351523605665 -0.039794875917583322 0.0029825091207872122 0.012802494341153514 0.041195013685431138
leaf_weight=19.013745796633884 215.37531047128141 38.773908086121082 26.800498306634836 1456.4564155293629 5.8212587460875502 20.15194296836853
leaf_count=715 314 42 9646 5207 11 16
internal_value=0.0068509 0.00275964 0.00155083 0.00220297 0.0356892 0.033434
internal_weight=1782.39 1561.2 1502.27 1483.26 221.197 58.9259
internal_count=15951 15626 15568 14853 325 58
is_linear=0
shrinkage=0.04


Tree=95
num_leaves=7
num_cat=0
split_feature=0 4 7 5 4 9
split_gain=126.628 34.5393 29.2894 29.3037 1.77357 1.01073
threshold=1.0000000180025095e-35 0.82085561497326209 1.0000000180025095e-35 0.90611995104039178 0.97368421052631582 0.11805555555555557
decision_type=2 2 2 2 2 2
left_child=1 2 -1 -4 -2 -3
right_child=4 5 3 -5 -6 -7
leaf_value=-0.048421542115375166 0.036086716743961363 0.028769200494176046 0.0023434531798769915 -0.13742160295662953 0.012455688760643102 0.041107555639874463
leaf_weight=18.376503535313532 208.05191681534052 37.749996334314346 1479.8438005858334 2.2036962732672682 5.7510236427187911 19.402554988861084
leaf_count=715 314 42 14841 12 11 16
internal_value=0.0066209 0.00265519 0.00148911 0.00211577 0.0354727 0.0331215
internal_weight=1771.38 1557.58 1500.42 1482.05 213.803 57.1526
internal_count=15951 15626 15568 14853 325 58
is_linear=0
shrinkage=0.04


Tree=96
num_leaves=7
num_cat=0
split_feature=0 5 2 5 6 4
split_gain=122.007 34.105 78.6463 107.151 44.2176 66.089
threshold=1.0000000180025095e-35 0.5920526315789475 1.0000000180025095e-35 0.42722859664607243 0.46410256410256417 0.36602870813397131
decision_type=2 2 2 2 2 2
left_child=1 2 -1 -4 5 -3
right_child=-2 4 3 -5 -6 -7
leaf_value=-0.03118739567399028 0.035252023415301495 -0.035624745103157586 0.035631482925945944 -0.0094249688001031302 0.014029063650649836 0.0047950570809548272
leaf_weight=140.89496966288425 206.68746199086308 80.105454445118085 117.79226655443199 296.81391007290222 586.46543055796064 333.19553914293647
leaf_count=7866 325 741 2112 3452 788 667
internal_value=0.00639323 0.00255271 -0.00539047 0.00338204 0.00696839 -0.00304766
internal_weight=1761.96 1555.27 555.501 414.606 999.766 413.301
internal_count=15951 15626 13430 5564 2196 1408
is_linear=0
shrinkage=0.04


Tree=97
num_leaves=7
num_cat=0
split_feature=0 9 6 9 6 6
split_gain=117.405 33.4408 40.4246 78.0804 43.6345 36.5182
threshold=1.0000000180025095e-35 0.15476190476190479 0.095454545454545472 0.095454545454545472 0.10555555555555557 0.52272727272727282
decision_type=2 2 2 2 2 2
left_child=1 2 3 -1 -4 -3
right_child=-2 5 4 -5 -6 -7
leaf_value=-0.004222566028105809 0.035026858941122507 0.025750199785592075 0.091709338671300988 -0.063421903627225204 0.0028622487300969664 -0.019854242487081508
leaf_weight=216.83353979117237 199.83542347326875 162.46171495737508 8.7192501949612033 42.491904453956522 1083.742407143116 33.754097200930119
leaf_count=7971 325 560 62 919 6041 73
internal_value=0.00618837 0.0024602 0.000217791 -0.0139718 0.00358985 0.0178827
internal_weight=1747.84 1548 1351.79 259.325 1092.46 196.216
internal_count=15951 15626 14993 8890 6103 633
is_linear=0
shrinkage=0.04


Tree=98
num_leaves=7
num_cat=0
split_feature=0 4 4 4 4 9
split_gain=113.013 32.8089 28.8956 28.5123 1.91491 1.07072
threshold=1.0000000180025095e-35 0.82085561497326209 0.80625000000000013 0.16441441441441443 0.97368421052631582 0.11805555555555557
decision_type=2 2 2 2 2 2
left_child=1 2 3 -1 -2 -3
right_child=4 5 -4 -5 -6 -7
leaf_value=-0.039783173921129886 0.035473293550491884 0.028148682505558853 -0.19740366769482354 0.0021446966613241905 0.010119545964581691 0.041018523163838215
leaf_weight=26.215783389285207 187.9260708540678 36.209317315369844 0.97057336568832298 1463.7827013558708 5.3160936310887328 18.638932466506958
leaf_count=9954 314 42 7 5607 11 16
internal_value=0.00597307 0.00236442 0.0012432 0.00140041 0.0347973 0.0326917
internal_weight=1739.06 1545.82 1490.97 1490 193.242 54.8482
internal_count=15951 15626 15568 15561 325 58
is_linear=0
shrinkage=0.04


Tree=99
num_leaves=7
num_cat=0
split_feature=0 4 9 6 9 4
split_gain=108.727 31.7413 28.0348 117.813 41.4028 10.9565
threshold=1.0000000180025095e-35 0.61721611721611735 0.15476190476190479 0.73214285714285732 0.10555555555555557 0.82085561497326209
decision_type=2 2 2 2 2 2
left_child=1 2 4 -4 -1 -3
right_child=-2 5 3 -5 -6 -7
leaf_value=0.00065510855823964749 0.03456367604293966 0.011341580703528956 0.02368973787141854 -0.12163495056718306 -0.022095191371602887 0.032370347017516898
leaf_weight=1020.8328867038945 186.90283216163516 157.71302123367786 156.0536737847724 9.2655123025178892 146.11329392809421 53.224402729421854
leaf_count=13765 325 183 560 43 1017 58
internal_value=0.00576641 0.00227335 -8.75174e-06 0.0153956 -0.00219504 0.0166827
internal_weight=1730.11 1543.2 1332.27 165.319 1166.95 210.937
internal_count=15951 15626 15385 603 14782 241
is_linear=0
shrinkage=0.04


Tree=100
num_leaves=7
num_cat=0
split_feature=0 7 4 5 4 4
split_gain=104.52 31.314 32.4993 27.0396 9.9367 1.98182
threshold=1.0000000180025095e-35 1.0000000180025095e-35 0.61721611721611735 0.36245805369127521 0.82085561497326209 0.97368421052631582
decision_type=2 2 2 2 2 2
left_child=1 -1 3 -3 -4 -2
right_child=5 2 4 -5 -6 -7
leaf_value=-0.050185463608125959 0.03504328799746638 0.023032433172538062 0.0124584842833003 -0.00095680902381440182 0.032799482095289212 0.0087863800086162396
leaf_weight=17.847482634417247 175.70481596142054 79.839014003518969 153.71728491783142 1236.5393901086645 51.579157717525959 5.0943581759929648
leaf_count=716 314 6901 171 7781 57 11
internal_value=0.00557108 0.00218894 0.00281106 0.000499909 0.0176057 0.034325
internal_weight=1720.32 1539.52 1521.67 1316.38 205.296 180.799
internal_count=15951 15626 14910 14682 228 325
is_linear=0
shrinkage=0.04


Tree=101
num_leaves=7
num_cat=0
split_feature=0 5 2 5 6 4
split_gain=100.456 31.0092 73.284 97.2372 39.3668 61.9173
threshold=1.0000000180025095e-35 0.5920526315789475 1.0000000180025095e-35 0.42722859664607243 0.46410256410256417 0.36602870813397131
decision_type=2 2 2 2 2 2
left_child=1 2 -1 -4 5 -3
right_child=-2 4 3 -5 -6 -7
leaf_value=-0.03063963612802665 0.03408203095523088 -0.035057255577247308 0.033349572750908593 -0.0093857927691395528 0.013110963047743469 0.0044568964322279784
leaf_weight=138.50017702230252 174.93134323880076 78.29890946415253 119.5463320617564 294.9129844091367 575.03338892688043 330.56663570553064
leaf_count=7866 325 741 2112 3452 788 667
internal_value=0.00537785 0.00210532 -0.00547058 0.00294608 0.00636532 -0.00311873
internal_weight=1711.79 1536.86 552.959 414.459 983.899 408.866
internal_count=15951 15626 13430 5564 2196 1408
is_linear=0
shrinkage=0.04


Tree=102
num_leaves=7
num_cat=0
split_feature=0 7 4 5 5 4
split_gain=96.4516 29.8201 30.5095 64.007 35.5948 2.04527
threshold=1.0000000180025095e-35 1.0000000180025095e-35 0.35067567567567576 0.40954368655725265 0.51903565561890053 0.97368421052631582
decision_type=2 2 2 2 2 2
left_child=1 -1 3 -3 -4 -2
right_child=5 2 4 -5 -6 -7
leaf_value=-0.050024523456709852 0.034596172624740087 0.019664745926743176 -0.025973174669395385 -0.0123306078797253 0.0087686451360628678 0.0074577183389759787
leaf_weight=17.205518127477262 164.39228607155383 130.51670751988422 49.557323560118675 425.82228668837342 906.82424411922693 4.8899181038141242
leaf_count=716 314 8121 154 5200 1435 11
internal_value=0.00520177 0.0020284 0.0026283 -0.00481656 0.00696127 0.0338338
internal_weight=1699.21 1529.93 1512.72 556.339 956.382 169.282
internal_count=15951 15626 14910 13321 1589 325
is_linear=0
shrinkage=0.04


Tree=103
num_leaves=7
num_cat=0
split_feature=0 4 5 6 5 4
split_gain=92.599 28.5405 41.5092 106.999 57.8573 2.03126
threshold=1.0000000180025095e-35 0.16441441441441443 0.36245805369127521 0.14835164835164838 0.52960654460459688 0.97368421052631582
decision_type=2 2 2 2 2 2
left_child=1 -1 3 -3 -4 -2
right_child=5 2 4 -5 -6 -7
leaf_value=-0.039773614627756915 0.034363264059014909 0.097305643746241274 -0.016506106989768531 -0.0061042480475247511 0.0048666811509178506 0.0072214650656048044
leaf_weight=25.580360733321868 158.99682848341763 25.633560914546251 244.10491276858374 41.955677293241024 1188.1337932830211 4.8551600202918044
leaf_count=9954 314 94 2176 185 3217 11
internal_value=0.00502456 0.00195185 0.00267004 0.0332563 0.0012208 0.033581
internal_weight=1689.26 1525.41 1499.83 67.5892 1432.24 163.852
internal_count=15951 15626 5672 279 5393 325
is_linear=0
shrinkage=0.04


Tree=104
num_leaves=7
num_cat=0
split_feature=0 7 4 7 4 4
split_gain=88.8897 28.3949 28.3673 27.1111 9.968 2.01606
threshold=1.0000000180025095e-35 1.0000000180025095e-35 0.61721611721611735 0.75000000000000011 0.82085561497326209 0.97368421052631582
decision_type=2 2 2 2 2 2
left_child=1 -1 3 -3 -4 -2
right_child=5 2 4 -5 -6 -7
leaf_value=-0.049840901279917554 0.034125529873099601 -0.0011678529829384546 0.011366473816547533 0.022726560758835234 0.032223101474792452 0.0069912268792292976
leaf_weight=16.596535886637866 153.80676741153002 1226.6968764237245 149.79513319581747 80.788417501375079 48.812189511954784 4.8217276707291594
leaf_count=716 314 14349 171 333 57 11
internal_value=0.00484652 0.00187462 0.00245237 0.000310283 0.0165298 0.0333232
internal_weight=1681.32 1522.69 1506.09 1307.49 198.607 158.628
internal_count=15951 15626 14910 14682 228 325
is_linear=0
shrinkage=0.04


Tree=105
num_leaves=7
num_cat=0
split_feature=0 9 6 4 6 9
split_gain=85.2686 28.0709 35.8681 77.9901 35.2503 73.7265
threshold=1.0000000180025095e-35 0.15476190476190479 0.52272727272727282 0.78362573099415223 0.095454545454545472 0.095454545454545472
decision_type=2 2 2 2 2 2
left_child=1 4 -3 -4 5 -1
right_child=-2 2 3 -5 -6 -7
leaf_value=-0.0042088324448386 0.03306025379549915 0.023982789684190021 -0.082458462301800137 0.041576298445655267 0.0029208924674898936 -0.062813148623164311
leaf_weight=214.43276819936 153.60410532355309 158.26774553739233 16.4970822930336 15.575536012649534 1074.0905647664913 40.727808123978321
leaf_count=7971 325 560 60 13 6103 919
internal_value=0.00467798 0.00180373 0.0161623 -0.0222767 -0.000252939 -0.0136127
internal_weight=1673.2 1519.59 190.34 32.0726 1329.25 255.161
internal_count=15951 15626 633 73 14993 8890
is_linear=0
shrinkage=0.04


Tree=106
num_leaves=7
num_cat=0
split_feature=0 7 5 2 6 4
split_gain=81.7569 27.0665 27.4565 69.1659 31.0205 2.07109
threshold=1.0000000180025095e-35 1.0000000180025095e-35 0.5920526315789475 1.0000000180025095e-35 0.46410256410256417 0.97368421052631582
decision_type=2 2 2 2 2 2
left_child=1 -1 3 -3 -4 -2
right_child=5 2 4 -5 -6 -7
leaf_value=-0.049635507145419588 0.033641242107972327 -0.029759718812817124 -0.0022310104950880971 0.003294626149399391 0.012392051006902424 0.0056876322484693846
leaf_weight=16.032016444893088 144.12760171014816 134.40503463213099 394.3658696183702 408.7835114657646 563.05328711355105 4.6402588039636603
leaf_count=716 314 7646 1259 5224 781 11
internal_value=0.00451392 0.00173488 0.00229158 -0.00488851 0.00636744 0.0327916
internal_weight=1665.41 1516.64 1500.61 543.189 957.419 148.768
internal_count=15951 15626 14910 12870 2040 325
is_linear=0
shrinkage=0.04


Tree=107
num_leaves=7
num_cat=0
split_feature=0 4 5 5 5 4
split_gain=78.3381 26.554 38.6644 92.6995 51.2959 2.04966
threshold=1.0000000180025095e-35 0.16441441441441443 0.36245805369127521 0.35985611510791371 0.52960654460459688 0.97368421052631582
decision_type=2 2 2 2 2 2
left_child=1 -1 3 -3 -4 -2
right_child=5 2 4 -5 -6 -7
leaf_value=-0.039745827432098382 0.033388516628173555 0.0083384387984796159 -0.015865857180376218 0.12445241457672712 0.0043731494716782024 0.0054987882139623957
leaf_weight=24.164985264127608 139.50495027936995 55.046951921656728 241.24351298389956 13.573737952858208 1177.2043065542821 4.6150242388248435
leaf_count=9954 314 262 2176 17 3217 11
internal_value=0.00436091 0.0016704 0.00235002 0.0316307 0.000927825 0.0325181
internal_weight=1655.35 1511.23 1487.07 68.6207 1418.45 144.12
internal_count=15951 15626 5672 279 5393 325
is_linear=0
shrinkage=0.04


Tree=108
num_leaves=7
num_cat=0
split_feature=0 9 6 4 9 6
split_gain=75.0526 25.8285 34.0661 70.9139 32.5472 49.2799
threshold=1.0000000180025095e-35 0.15476190476190479 0.52272727272727282 0.78362573099415223 0.10555555555555557 0.095454545454545472
decision_type=2 2 2 2 2 2
left_child=1 4 -3 -4 -1 -6
right_child=-2 2 3 -5 5 -7
leaf_value=0.0021603375673487977 0.032239398325006684 0.023134226285339617 -0.077760566137449777 0.041422350671302115 -0.06396592745233444 -0.0070270513252692571
leaf_weight=1135.7285043105949 139.64985459670424 156.37935399793787 16.916690744459633 14.779273986816404 28.664368826604914 155.72830834065098
leaf_count=13912 325 560 60 13 494 587
internal_value=0.00420645 0.00160551 0.0154657 -0.0222137 -0.000369655 -0.0159489
internal_weight=1647.85 1508.2 188.075 31.696 1320.12 184.393
internal_count=15951 15626 633 73 14993 1081
is_linear=0
shrinkage=0.04


Tree=109
num_leaves=7
num_cat=0
split_feature=0 7 4 5 5 4
split_gain=71.8728 25.7942 25.847 59.9095 31.8064 2.09746
threshold=1.0000000180025095e-35 1.0000000180025095e-35 0.35067567567567576 0.42722859664607243 0.41946762914504859 0.97368421052631582
decision_type=2 2 2 2 2 2
left_child=1 -1 3 -3 -4 -2
right_child=5 2 4 -5 -6 -7
leaf_value=-0.049475158119217974 0.032874495886995363 0.016297211244619882 -0.077104988580346437 -0.013039916994199232 0.0067631893974492456 0.0042217552454289278
leaf_weight=15.48799993196735 130.89673973899335 154.66116402635816 7.0890928059816352 396.18592897348572 933.12483838386834 4.4508838802576056
leaf_count=716 314 8642 31 4679 1558 11
internal_value=0.00405482 0.00154307 0.00208092 -0.00479639 0.00611244 0.0319546
internal_weight=1641.9 1506.55 1491.06 550.847 940.214 135.348
internal_count=15951 15626 14910 13321 1589 325
is_linear=0
shrinkage=0.04


Tree=110
num_leaves=7
num_cat=0
split_feature=0 4 5 6 4 4
split_gain=68.7918 25.5416 33.8032 90.3461 50.3025 2.06969
threshold=1.0000000180025095e-35 0.16441441441441443 0.36245805369127521 0.14835164835164838 0.19782608695652179 0.97368421052631582
decision_type=2 2 2 2 2 2
left_child=1 -1 3 -3 -4 -2
right_child=5 2 4 -5 -6 -7
leaf_value=-0.039729817729599465 0.032606019669624654 0.085223572391166846 -0.04331038131245199 -0.0076156149600381208 0.0020914780249794156 0.004076259064170906
leaf_weight=23.476687389309518 126.78063242509961 27.625096769072115 39.988539373967797 42.057391596958041 1369.8392264177091 4.4328729659318915
leaf_count=9954 314 94 877 185 4516 11
internal_value=0.00391147 0.00148331 0.00214391 0.0292997 0.000796315 0.0316651
internal_weight=1634.2 1502.99 1479.51 69.6825 1409.83 131.214
internal_count=15951 15626 5672 279 5393 325
is_linear=0
shrinkage=0.04


Tree=111
num_leaves=7
num_cat=0
split_feature=0 4 4 4 4 5
split_gain=65.8336 24.8795 26.3745 23.5704 2.04096 1.76
threshold=1.0000000180025095e-35 0.82085561497326209 0.80625000000000013 0.16441441441441443 0.97368421052631582 0.52364972834771506
decision_type=2 2 2 2 2 2
left_child=1 2 3 -1 5 -2
right_child=4 -3 -4 -5 -6 -7
leaf_value=-0.039707056076791349 0.020059972130417297 0.030540745205983159 -0.18451631073939392 0.0013116056464344322 0.0039352682652531541 0.0343607298214453
leaf_weight=22.568938062759116 17.871595948003232 45.328828638419509 1.0315150022506703 1432.4988471854012 4.4155491292476645 104.95083020813763
leaf_count=9954 51 58 7 5607 11 263
internal_value=0.00376706 0.00142265 0.000510756 0.000668639 0.0313701 0.0323321
internal_weight=1628.67 1501.43 1456.1 1455.07 127.238 122.822
internal_count=15951 15626 15568 15561 325 314
is_linear=0
shrinkage=0.04


Tree=112
num_leaves=7
num_cat=0
split_feature=0 7 4 5 4 5
split_gain=62.9664 24.5384 24.2287 24.6578 2.0114 1.77059
threshold=1.0000000180025095e-35 1.0000000180025095e-35 0.82085561497326209 0.90611995104039178 0.97368421052631582 0.52364972834771506
decision_type=2 2 2 2 2 2
left_child=1 -1 3 -3 5 -2
right_child=4 2 -4 -5 -6 -7
leaf_value=-0.049311892385742906 0.019650000434833993 0.0012094600128445276 0.031069190501290884 -0.12347762165228371 0.003798674526396329 0.034132489176585172
leaf_weight=14.929787350469267 17.525936749763787 1438.0866958151455 43.964553486555815 2.3418900147080413 4.3988860398530951 101.49775909632444
leaf_count=716 51 14841 57 12 11 263
internal_value=0.00363089 0.00136694 0.00188458 0.000988238 0.0310702 0.0320533
internal_weight=1622.75 1499.32 1484.39 1440.43 123.423 119.024
internal_count=15951 15626 14910 14853 325 314
is_linear=0
shrinkage=0.04


Tree=113
num_leaves=7
num_cat=0
split_feature=0 9 6 4 9 6
split_gain=60.1977 23.7633 33.7889 83.5312 30.9043 46.2205
threshold=1.0000000180025095e-35 0.15476190476190479 0.73214285714285732 0.78362573099415223 0.10555555555555557 0.095454545454545472
decision_type=2 2 2 2 2 2
left_child=1 4 -3 -4 -1 -6
right_child=-2 2 3 -5 5 -7
leaf_value=0.0018876712277827693 0.030764993076861782 0.021029175262269658 -0.11300667923027982 0.041251851791817236 -0.063005730136764498 -0.0072343557595329578
leaf_weight=1129.8094727623975 119.75369237735868 163.04157140903408 10.396894939243795 11.764064669609068 27.94083599167061 154.60077665024437
leaf_count=13912 325 575 47 11 494 587
internal_value=0.00349884 0.00131332 0.0147185 -0.0313931 -0.000578897 -0.0158416
internal_weight=1617.31 1497.55 185.203 22.161 1312.35 182.542
internal_count=15951 15626 633 58 14993 1081
is_linear=0
shrinkage=0.04


Tree=114
num_leaves=7
num_cat=0
split_feature=0 6 4 4 5 4
split_gain=57.5129 23.4779 39.3027 65.2286 38.3565 71.4906
threshold=1.0000000180025095e-35 0.46410256410256417 0.19782608695652179 0.20761494252873566 0.42127011744236625 0.26975051975051983
decision_type=2 2 2 2 2 2
left_child=1 4 -3 -4 -1 -6
right_child=-2 2 3 -5 5 -7
leaf_value=0.018554482809332015 0.030452842883170482 -0.044042442122742317 0.078180759940113878 0.0056132927554378379 -0.043812927111241066 -0.002615717764999493
leaf_weight=101.92601573944557 116.21583727933466 24.184578044922091 20.162265010178089 753.33282930217683 77.286210780090187 518.90451193600893
leaf_count=6874 325 2416 91 1399 3126 1720
internal_value=0.00337123 0.001262 0.0059505 0.00752717 -0.00409246 -0.00797251
internal_weight=1612.01 1495.8 797.68 773.495 698.117 596.191
internal_count=15951 15626 3906 1490 11720 4846
is_linear=0
shrinkage=0.04


Tree=115
num_leaves=7
num_cat=0
split_feature=0 7 5 2 5 4
split_gain=54.9259 23.3104 23.5506 63.3993 29.0209 2.11298
threshold=1.0000000180025095e-35 1.0000000180025095e-35 0.5920526315789475 1.0000000180025095e-35 0.62755527743012107 0.97368421052631582
decision_type=2 2 2 2 2 2
left_child=1 -1 3 -3 -4 -2
right_child=5 2 4 -5 -6 -7
leaf_value=-0.049141596998246467 0.031201930636792077 -0.029166099621067799 0.01841622877254457 0.0028286510900419806 0.0016932085248444371 0.0014726965235541498
leaf_weight=14.364642519445622 108.6820728359744 130.8546588596073 215.18931131483987 405.88884082820732 726.33392023982015 4.1321653351187697
leaf_count=716 314 7646 535 5224 1505 11
internal_value=0.003248 0.00121074 0.00170796 -0.0049757 0.00552055 0.0301352
internal_weight=1605.45 1492.63 1478.27 536.743 941.523 112.814
internal_count=15951 15626 14910 12870 2040 325
is_linear=0
shrinkage=0.04


Tree=116
num_leaves=7
num_cat=0
split_feature=0 4 5 5 4 4
split_gain=52.4289 22.742 30.303 78.4949 46.0218 2.07252
threshold=1.0000000180025095e-35 0.16441441441441443 0.36245805369127521 0.35985611510791371 0.19782608695652179 0.97368421052631582
decision_type=2 2 2 2 2 2
left_child=1 -1 3 -3 -4 -2
right_child=5 2 4 -5 -6 -7
leaf_value=-0.039674960928079477 0.030900722275012782 0.0056911937752772302 -0.043108663130432982 0.10941852560219656 0.0016744980614090579 0.0014184645249488851
leaf_weight=21.299372527253581 105.41995512135327 56.413906903937459 37.533521485514939 14.542476654052733 1359.9821638381109 4.1263073533773413
leaf_count=9954 314 262 877 17 4516 11
internal_value=0.00313042 0.00116331 0.00176233 0.027226 0.000464315 0.029813
internal_weight=1599.32 1489.77 1468.47 70.9564 1397.52 109.546
internal_count=15951 15626 5672 279 5393 325
is_linear=0
shrinkage=0.04


Tree=117
num_leaves=7
num_cat=0
split_feature=0 9 6 4 9 6
split_gain=50.0287 22.2585 32.0865 59.1102 28.334 45.3654
threshold=1.0000000180025095e-35 0.15476190476190479 0.52272727272727282 0.78362573099415223 0.10555555555555557 0.64583333333333337
decision_type=2 2 2 2 2 2
left_child=1 4 -3 -4 5 -1
right_child=-2 2 3 -5 -6 -7
leaf_value=-0.0014226478423577116 0.029485508914021161 0.021656609094710982 -0.071023583206729163 0.04111393067083232 -0.015388664528383101 0.02264555590016645
leaf_weight=980.44110786204692 106.40428028814495 152.54007729928708 17.422920688986782 12.924342751502989 181.1114830065344 143.44406806095503
leaf_count=13730 325 560 60 13 1081 182
internal_value=0.00301458 0.00111649 0.0141778 -0.0232443 -0.000714336 0.00165094
internal_weight=1594.29 1487.88 182.887 30.3473 1305 1123.89
internal_count=15951 15626 633 73 14993 13912
is_linear=0
shrinkage=0.04


Tree=118
num_leaves=7
num_cat=0
split_feature=0 7 5 4 5 4
split_gain=47.6999 22.1889 22.6298 50.7439 32.043 2.09522
threshold=1.0000000180025095e-35 1.0000000180025095e-35 0.76224734498115809 0.41277890466531447 0.7286924939467313 0.97368421052631582
decision_type=2 2 2 2 2 2
left_child=1 -1 4 -4 -3 -2
right_child=5 2 3 -5 -6 -7
leaf_value=-0.048956941846995818 0.030293105834569498 0.00077414934056309922 0.05319046296593994 0.0048073857085943915 -0.026952618029628794 0.00026423300664671286
leaf_weight=13.846501481748417 99.375990409404039 1114.81787668576 40.212797552347183 245.99774054810405 70.726431012153625 4.0052090585231772
leaf_count=716 314 14328 27 378 177 11
internal_value=0.00290626 0.00107485 0.0015535 0.0116446 -0.000882537 0.0291518
internal_weight=1588.98 1485.6 1471.75 286.211 1185.54 103.381
internal_count=15951 15626 14910 405 14505 325
is_linear=0
shrinkage=0.04


Tree=119
num_leaves=7
num_cat=0
split_feature=0 7 5 4 5 5
split_gain=45.4725 21.9206 45.7103 68.648 52.7745 45.0037
threshold=1.0000000180025095e-35 0.75000000000000011 0.55051025667456976 0.26006441223832533 0.6802061855670104 0.55051025667456976
decision_type=2 2 2 2 2 2
left_child=1 5 3 -3 -4 -1
right_child=-2 2 4 -5 -6 -7
leaf_value=-0.012577677875578282 0.028813756741285917 -0.048517870664156915 -0.075500270658156329 0.074937589941887414 0.021986620327883979 0.0039804018324303379
leaf_weight=349.82156889082398 100.47711854800582 8.9337633640971017 12.988516006851567 34.382777288556099 27.008071955759078 1051.6935066163423
leaf_count=12346 325 179 81 41 36 2943
internal_value=0.00279801 0.00103256 0.0209413 0.0493238 -0.00983972 -0.000152313
internal_weight=1585.31 1484.83 83.3131 43.3165 39.9966 1401.52
internal_count=15951 15626 337 220 117 15289
is_linear=0
shrinkage=0.04


Tree=120
num_leaves=7
num_cat=0
split_feature=0 4 4 7 4 5
split_gain=43.3205 21.5675 22.5052 21.6705 2.10951 2.24633
threshold=1.0000000180025095e-35 0.82085561497326209 0.80625000000000013 0.75000000000000011 0.97368421052631582 0.52364972834771506
decision_type=2 2 2 2 2 2
left_child=1 2 3 -1 5 -2
right_child=4 -3 -4 -5 -6 -7
leaf_value=-0.00089049846246287733 0.014318288725811602 0.029400017296362546 -0.16351598124510219 0.020120436589326076 0 0.032285512178209096
leaf_weight=1356.0488371003303 13.978575004264711 41.361535320058465 1.1426268070936192 83.165859341272153 3.894393987953662 79.810134621337056
leaf_count=15224 51 58 7 337 11 263
internal_value=0.00269605 0.00099195 0.000170822 0.000324868 0.0284697 0.0296651
internal_weight=1579.4 1481.72 1440.36 1439.21 97.6831 93.7887
internal_count=15951 15626 15568 15561 325 314
is_linear=0
shrinkage=0.04


Tree=121
num_leaves=7
num_cat=0
split_feature=0 4 5 6 4 4
split_gain=41.262 21.3002 29.2295 76.7829 43.1047 2.06138
threshold=1.0000000180025095e-35 0.16441441441441443 0.36245805369127521 0.14835164835164838 0.19782608695652179 0.97368421052631582
decision_type=2 2 2 2 2 2
left_child=1 -1 3 -3 -4 -2
right_child=5 2 4 -5 -6 -7
leaf_value=-0.039642574570911568 0.029337673524276596 0.075910327316487419 -0.042949126160136707 -0.0082847600876932003 0.0013875804625540537 0
leaf_weight=20.191914166178321 91.108397135511041 29.307884249836206 35.8175409657415 41.823165746405721 1353.7157841797452 3.894393987953662
leaf_count=9954 314 94 877 185 4516 11
internal_value=0.00259537 0.000952805 0.00152071 0.0264934 0.000237272 0.028122
internal_weight=1575.86 1480.86 1460.66 71.131 1389.53 95.0028
internal_count=15951 15626 5672 279 5393 325
is_linear=0
shrinkage=0.04


Tree=122
num_leaves=7
num_cat=0
split_feature=0 6 7 6 4 5
split_gain=39.2827 21.1143 55.6916 44.2426 39.1139 29.7838
threshold=1.0000000180025095e-35 0.095454545454545472 0.75000000000000011 0.10555555555555557 0.35805860805860812 0.7070237256283769
decision_type=2 2 2 2 2 2
left_child=1 2 4 5 -1 -3
right_child=-2 3 -4 -5 -6 -7
leaf_value=-0.032526198725057749 0.027768485812659987 -0.040917565170953123 0.053944667606000397 0.0025727040897163323 -0.0010965354952790906 0.13154333273567925
leaf_weight=106.76215064132703 92.419379597529769 1.9610198839800412 20.693298225058243 1187.6335531225195 155.7675299718976 6.7071539312601089
leaf_count=8719 325 60 97 6372 376 2
internal_value=0.00249659 0.000913073 -0.00890194 0.00323954 -0.0139006 0.0922587
internal_weight=1571.94 1479.52 283.223 1196.3 262.53 8.66817
internal_count=15951 15626 9192 6434 9095 62
is_linear=0
shrinkage=0.04


Tree=123
num_leaves=7
num_cat=0
split_feature=0 7 4 4 5 4
split_gain=37.3723 21.05 21.6345 54.5799 15.7912 2.06654
threshold=1.0000000180025095e-35 1.0000000180025095e-35 0.52786377708978338 0.50925925925925941 0.5361571791423877 0.97368421052631582
decision_type=2 2 2 2 2 2
left_child=1 -1 3 -3 -4 -2
right_child=5 2 4 -5 -6 -7
leaf_value=-0.048868487117054146 0.028679758642010139 -0.00070663887662875038 -0.090420145589837339 -0.11240089121214408 0.010621741756737461 -0.00093974295303504241
leaf_weight=13.284096365590811 86.145967118442059 1100.8585378137068 2.2902032881975165 6.8451649844646445 353.49861321039498 3.7913312390446654
leaf_count=716 314 14410 10 31 459 11
internal_value=0.0024044 0.000876689 0.00133621 -0.00141884 0.00991529 0.0274096
internal_weight=1566.71 1476.78 1463.49 1107.7 355.789 89.9373
internal_count=15951 15626 14910 14441 469 325
is_linear=0
shrinkage=0.04


Tree=124
num_leaves=7
num_cat=0
split_feature=0 9 6 4 9 6
split_gain=35.5378 20.2205 31.6525 69.4182 27.1028 43.4548
threshold=1.0000000180025095e-35 0.15476190476190479 0.73214285714285732 0.78362573099415223 0.10555555555555557 0.095454545454545472
decision_type=2 2 2 2 2 2
left_child=1 4 -3 -4 -1 -6
right_child=-2 2 3 -5 5 -7
leaf_value=0.0014245962676517686 0.027046600990476004 0.019556635710491974 -0.1026808489744139 0.040930437595851868 -0.062223544873882645 -0.0070495343963646465
leaf_weight=1114.0969910957501 87.549487509764731 158.51749220048077 10.763874962925913 10.399035453796385 26.672410685016075 153.57551536412211
leaf_count=13912 325 575 47 11 494 587
internal_value=0.00231572 0.000842004 0.013409 -0.0322969 -0.000902803 -0.015285
internal_weight=1561.57 1474.03 179.68 21.1629 1294.34 180.248
internal_count=15951 15626 633 58 14993 1081
is_linear=0
shrinkage=0.04


Tree=125
num_leaves=7
num_cat=0
split_feature=0 7 4 5 5 6
split_gain=33.7776 20.1213 20.812 53.6589 29.5663 2.12464
threshold=1.0000000180025095e-35 1.0000000180025095e-35 0.35067567567567576 0.42722859664607243 0.41946762914504859 0.84523809523809534
decision_type=2 2 2 2 2 2
left_child=1 -1 3 -3 -4 -2
right_child=5 2 4 -5 -6 -7
leaf_value=-0.048673786297266888 0.029537568163988934 0.014979691783495683 -0.075355344184862255 -0.012954301641614376 0.0055499674270664302 0.012130089388114407
leaf_weight=12.830059190484461 70.966951427981257 153.70098975469591 7.0824312120676032 385.50428164505865 913.16500071808696 14.289253978058694
leaf_count=716 270 8642 31 4679 1558 55
internal_value=0.00222943 0.000808847 0.00125183 -0.00498538 0.00490889 0.0266786
internal_weight=1557.54 1472.28 1459.45 539.205 920.247 85.2562
internal_count=15951 15626 14910 13321 1589 325
is_linear=0
shrinkage=0.04


Tree=126
num_leaves=7
num_cat=0
split_feature=0 4 5 5 4 5
split_gain=32.0942 20.0732 25.9232 70.1127 40.5026 2.19177
threshold=1.0000000180025095e-35 0.16441441441441443 0.36245805369127521 0.35985611510791371 0.19782608695652179 0.52364972834771506
decision_type=2 2 2 2 2 2
left_child=1 -1 3 -3 -4 -2
right_child=5 2 4 -5 -6 -7
leaf_value=-0.039614225013606161 0.01001882193113556 0.0041989430618776611 -0.04284448502690693 0.10064473414430747 0.0011884230820471871 0.028993923591849016
leaf_weight=19.223373675602488 11.997286925092338 57.032381953671575 34.075405093142763 15.117768909782169 1343.7158462854568 71.060352257452905
leaf_count=9954 51 262 877 17 4516 274
internal_value=0.00214727 0.000776631 0.0013189 0.0246574 9.18936e-05 0.0263077
internal_weight=1552.22 1469.16 1449.94 72.1502 1377.79 83.0576
internal_count=15951 15626 5672 279 5393 325
is_linear=0
shrinkage=0.04


Tree=127
num_leaves=7
num_cat=0
split_feature=0 6 5 4 2 5
split_gain=30.4831 19.8813 34.6589 63.6454 60.5325 33.1261
threshold=1.0000000180025095e-35 0.46410256410256417 0.42127011744236625 0.26975051975051983 1.0000000180025095e-35 0.51903565561890053
decision_type=2 2 2 2 2 2
left_child=1 2 4 -4 -1 -3
right_child=-2 5 3 -5 -6 -7
leaf_value=-0.043057334472916091 0.025932477591623024 -0.014031987640061317 -0.04369589215520582 -0.0030929919630697188 0.033037277986975443 0.0086441670500349479
leaf_weight=20.885705963592045 80.944770728237927 121.89854644640582 70.040731440269155 513.82752702245489 80.665550142526627 660.13079551258124
leaf_count=5297 325 2628 3126 1720 1577 1278
internal_value=0.00206612 0.000744928 -0.004226 -0.00798043 0.0173136 0.00510429
internal_weight=1548.39 1467.45 685.42 583.868 101.551 782.029
internal_count=15951 15626 11720 4846 6874 3906
is_linear=0
shrinkage=0.04


Tree=128
num_leaves=7
num_cat=0
split_feature=0 4 5 7 6 9
split_gain=28.93 19.4454 20.6134 18.8942 2.23258 4.56546
threshold=1.0000000180025095e-35 0.82085561497326209 0.90611995104039178 0.75000000000000011 0.84523809523809534 0.087121212121212141
decision_type=2 2 2 2 2 2
left_child=1 2 3 -1 -2 -6
right_child=4 -3 -4 -5 5 -7
leaf_value=-0.00098710142383415548 0.028612302067747789 0.028566454495488586 -0.1111747530299726 0.018686928580556286 0.0237816580141306 -0.028746911441571547
leaf_weight=1338.2339839455672 65.516399029642344 38.838229844346642 2.4657733663916579 82.740129584912211 10.03342257067561 3.3580627972260109
leaf_count=15219 270 58 12 337 38 17
internal_value=0.00199102 0.000714912 -4.75124e-05 0.000159534 0.0255522 0.0102332
internal_weight=1541.19 1462.28 1423.44 1420.97 78.9079 13.3915
internal_count=15951 15626 15568 15556 325 55
is_linear=0
shrinkage=0.04


Tree=129
num_leaves=7
num_cat=0
split_feature=0 7 4 4 5 5
split_gain=27.4495 19.1194 19.1986 19.7733 2.29635 5.61107
threshold=1.0000000180025095e-35 1.0000000180025095e-35 0.82085561497326209 0.80625000000000013 0.52364972834771506 0.48425772952560781
decision_type=2 2 2 2 2 2
left_child=1 -1 3 -3 5 -2
right_child=4 2 -4 -5 -6 -7
leaf_value=-0.048548839938877202 0.022052334212801204 0.00050938704430072718 0.029205778435698271 -0.14808613375418556 0.028040485021094633 -0.046912505921771049
leaf_weight=12.309585306880761 9.1009105062112194 1410.1908448963659 37.706304820254445 1.234201431274413 65.691178229637444 2.1618609605357042
leaf_count=716 38 14846 57 7 274 13
internal_value=0.00191586 0.000686767 0.00111302 0.00035707 0.0251695 0.00805267
internal_weight=1538.39 1461.44 1449.13 1411.43 76.9539 11.2628
internal_count=15951 15626 14910 14853 325 51
is_linear=0
shrinkage=0.04


Tree=130
num_leaves=7
num_cat=0
split_feature=0 4 5 5 2 6
split_gain=26.0302 18.8535 23.4361 83.4723 57.4772 2.27383
threshold=1.0000000180025095e-35 0.16441441441441443 0.42722859664607243 0.51903565561890053 1.0000000180025095e-35 0.84523809523809534
decision_type=2 2 2 2 2 2
left_child=1 -1 4 -4 -3 -2
right_child=5 2 3 -5 -6 -7
leaf_value=-0.039582257157770646 0.02796742485880457 -0.025998902636441987 -0.032382527805562444 0.0026604214111159226 0.029727682214879297 0.0090863614111773034
leaf_weight=18.190539572184207 62.173752492759377 39.331676915753633 119.75201289961115 1164.9975721074734 117.76572411693633 12.89983986597508
leaf_count=9954 270 393 1446 3424 409 55
internal_value=0.00184338 0.000659273 0.00117377 -0.000608921 0.0157477 0.0247824
internal_weight=1535.11 1460.04 1441.85 1284.75 157.097 75.0736
internal_count=15951 15626 5672 4870 802 325
is_linear=0
shrinkage=0.04


Tree=131
num_leaves=7
num_cat=0
split_feature=0 9 6 4 9 6
split_gain=24.6771 18.6343 31.4047 62.0425 26.1635 23.7317
threshold=1.0000000180025095e-35 0.15476190476190479 0.73214285714285732 0.78362573099415223 0.11805555555555557 0.46410256410256417
decision_type=2 2 2 2 2 2
left_child=1 4 -3 -4 5 -1
right_child=-2 2 3 -5 -6 -7
leaf_value=-0.0061554907028658788 0.024393395234017588 0.018929960203194315 -0.097867414282544168 0.040733778258871103 -0.051475574073544986 0.0048153105474509714
leaf_weight=600.91299927324872 73.270325509831309 156.00448452369892 10.917977616190912 9.4712758064270002 16.052474255498964 663.66838414251106
leaf_count=11205 325 575 47 11 185 3603
internal_value=0.00177392 0.000631875 0.0128136 -0.0336166 -0.00104621 -0.000396442
internal_weight=1530.3 1457.03 176.394 20.3893 1280.63 1264.58
internal_count=15951 15626 633 58 14993 14808
is_linear=0
shrinkage=0.04


Tree=132
num_leaves=7
num_cat=0
split_feature=0 7 4 4 6 5
split_gain=23.3736 18.2167 18.256 27.2402 8.65796 2.38843
threshold=1.0000000180025095e-35 1.0000000180025095e-35 0.61721611721611735 0.60555555555555574 0.58571428571428574 0.52364972834771506
decision_type=2 2 2 2 2 2
left_child=1 -1 3 -3 -4 -2
right_child=5 2 4 -5 -6 -7
leaf_value=-0.048390536108432178 0.0061105546768450902 -0.00040820661904873462 0.01886749302757804 -0.1361115733436109 -0.00034525703073359993 0.027055265601631677
leaf_weight=11.838089142343959 10.618348024319856 1263.1109294466441 123.38223797827959 2.171320214867591 53.59269087202847 60.91356023401022
leaf_count=716 51 14670 131 12 97 274
internal_value=0.00170903 0.000607943 0.00101816 -0.000664139 0.0130443 0.0239998
internal_weight=1525.63 1454.1 1442.26 1265.28 176.975 71.5319
internal_count=15951 15626 14910 14682 228 325
is_linear=0
shrinkage=0.04


Tree=133
num_leaves=7
num_cat=0
split_feature=0 4 5 6 4 6
split_gain=22.1358 17.9696 22.7547 63.9865 37.8394 2.36431
threshold=1.0000000180025095e-35 0.16441441441441443 0.36245805369127521 0.14835164835164838 0.19782608695652179 0.84523809523809534
decision_type=2 2 2 2 2 2
left_child=1 -1 3 -3 -4 -2
right_child=5 2 4 -5 -6 -7
leaf_value=-0.039553764740303782 0.026990888095850187 0.066048646188272747 -0.042798376502494066 -0.009570502760411749 0.000952948149091581 0.0072077567598176576
leaf_weight=17.427631903628935 57.700150003191084 31.115937037393451 32.199115443509072 41.615765515714884 1329.6318435315043 12.166509103495626
leaf_count=9954 270 94 877 185 4516 55
internal_value=0.0016448 0.000583649 0.00107809 0.0228457 -8.61719e-05 0.0236048
internal_weight=1521.86 1451.99 1434.56 72.7317 1361.83 69.8667
internal_count=15951 15626 5672 279 5393 325
is_linear=0
shrinkage=0.04


Tree=134
num_leaves=7
num_cat=0
split_feature=0 9 6 4 9 6
split_gain=20.9577 17.4993 29.2574 56.7977 25.4383 40.2686
threshold=1.0000000180025095e-35 0.15476190476190479 0.73214285714285732 0.78362573099415223 0.10555555555555557 0.64583333333333337
decision_type=2 2 2 2 2 2
left_child=1 4 -3 -4 5 -1
right_child=-2 2 3 -5 -6 -7
leaf_value=-0.0017130739071980795 0.023207790018671709 0.018345594888508062 -0.092984643898801136 0.040625342998767904 -0.015126255549295036 0.021308454090371388
leaf_weight=959.88171819367562 68.265895538963377 154.62693334501819 11.041976168751718 9.1187765598297101 177.11211581337557 138.98134097200818
leaf_count=13730 325 575 47 11 1081 182
internal_value=0.00158078 0.000558677 0.0124217 -0.0326487 -0.00106648 0.00120016
internal_weight=1519.03 1450.76 174.788 20.1608 1275.98 1098.86
internal_count=15951 15626 633 58 14993 13912
is_linear=0
shrinkage=0.04


Tree=135
num_leaves=7
num_cat=0
split_feature=0 7 5 4 5 5
split_gain=19.822 17.3778 17.6953 49.1318 30.6445 2.46574
threshold=1.0000000180025095e-35 1.0000000180025095e-35 0.76224734498115809 0.41277890466531447 0.7286924939467313 0.52364972834771506
decision_type=2 2 2 2 2 2
left_child=1 -1 4 -4 -3 -2
right_child=5 2 3 -5 -6 -7
leaf_value=-0.048216090230784825 0.0042159422079477192 0.00042194804464582334 0.051235394361256258 0.0030999754360990319 -0.026837167480133112 0.026044128303765849
leaf_weight=11.402320793029501 10.055356914643196 1092.6825935061206 39.485751301050186 234.87739972025156 70.018574882298708 56.66706932336092
leaf_count=716 51 14328 27 378 177 274
internal_value=0.00152277 0.000537945 0.000932829 0.0100671 -0.00122223 0.0228068
internal_weight=1515.19 1448.47 1437.06 274.363 1162.7 66.7224
internal_count=15951 15626 14910 405 14505 325
is_linear=0
shrinkage=0.04


Tree=136
num_leaves=7
num_cat=0
split_feature=4 4 9 6 2 6
split_gain=19.5794 49.1813 29.3542 24.9432 12.6646 12.743
threshold=0.52786377708978338 0.50925925925925941 0.41428571428571431 0.46410256410256417 1.0000000180025095e-35 0.76388888888888895
decision_type=2 2 2 2 2 2
left_child=1 2 3 -1 -2 -6
right_child=4 -3 -4 -5 5 -7
leaf_value=-0.0059052379935811694 0.022319702907739325 -0.10298030512391593 -0.08328462354145344 0.0060345737963571266 0.0091998912608040589 -0.012441700481146211
leaf_weight=563.97196566623461 91.066401751711965 7.3410328850150099 6.6091430865635621 555.48130734119331 235.59167501702905 53.139685475733131
leaf_count=11610 114 35 39 3615 401 137
internal_value=0.00146472 -0.00116791 -0.000484227 1.76216e-05 0.00932285 0.00520408
internal_weight=1513.2 1133.4 1126.06 1119.45 379.798 288.731
internal_count=15951 15299 15264 15225 652 538
is_linear=0
shrinkage=0.04


Tree=137
num_leaves=7
num_cat=0
split_feature=7 5 4 5 5 6
split_gain=19.4652 38.8134 54.901 38.239 93.2274 82.1743
threshold=0.75000000000000011 0.55051025667456976 0.26006441223832533 0.55051025667456976 0.44497103738809901 0.73214285714285732
decision_type=2 2 2 2 2 2
left_child=3 2 -2 4 -1 -6
right_child=1 -3 -4 -5 5 -7
leaf_value=0.0086472616494832032 -0.038615074120839525 -0.007178492777360778 0.067610835672037795 0.0040161136494021041 -0.042752826786621095 0.044399854622668759
leaf_weight=181.62558837841789 9.7267942113103327 44.64148037112318 36.306161724030972 1069.1531355234911 148.85390116478084 19.398166481405497
leaf_count=9408 184 145 48 3167 2974 25
internal_value=0.0014091 0.0193563 0.045052 0.000258321 -0.0112147 -0.0326521
internal_weight=1509.71 90.6744 46.033 1419.03 349.878 168.252
internal_count=15951 377 232 15574 12407 2999
is_linear=0
shrinkage=0.04


Tree=138
num_leaves=7
num_cat=0
split_feature=9 9 6 6 6 6
split_gain=18.9425 26.6086 40.1194 77.5614 35.5775 43.5661
threshold=0.15476190476190479 0.10555555555555557 0.095454545454545472 0.10555555555555557 0.64583333333333337 0.58571428571428574
decision_type=2 2 2 2 2 2
left_child=1 4 -3 -4 5 -1
right_child=-2 2 3 -5 -6 -7
leaf_value=-0.00014323458103254362 0.013223661988019799 -0.06110903921612356 0.11967261426243664 -0.013378185385587594 0.019986359653283176 -0.099570151580805483
leaf_weight=983.7024998627021 188.04768186039291 25.388373041379964 7.1666404079878694 144.2473478509346 150.75664569274522 6.9024279816076151
leaf_count=13874 708 494 10 578 248 39
internal_value=0.00135404 -0.0003395 -0.0147712 -0.00691795 0.00189649 -0.000858008
internal_weight=1506.21 1318.16 176.802 151.414 1141.36 990.605
internal_count=15951 15243 1082 588 14161 13913
is_linear=0
shrinkage=0.04


Tree=139
num_leaves=7
num_cat=0
split_feature=0 5 5 5 6 9
split_gain=18.7963 17.341 39.3762 19.4055 2.53751 4.82201
threshold=1.0000000180025095e-35 0.28639781271360226 0.28850937619594341 0.31674917491749183 0.84523809523809534 0.087121212121212141
decision_type=2 2 2 2 2 2
left_child=1 -1 -3 -4 -2 -6
right_child=4 2 3 -5 5 -7
leaf_value=-0.047012858843153281 0.025955453352732291 0.08765183989516602 -0.056773377168749972 0.00063252806462425737 0.020484859028802579 -0.037183767916254162
leaf_weight=12.062523340748156 53.593043715227395 8.0954821252962557 9.2848477676743624 1409.8283856184717 8.3675861628726107 2.9730160483159116
leaf_count=4951 270 64 838 9773 38 17
internal_value=0.00130135 0.000348749 0.000756973 0.000247581 0.0223194 0.00481094
internal_weight=1504.2 1439.27 1427.21 1419.11 64.9336 11.3406
internal_count=15951 15626 10675 10611 325 55
is_linear=0
shrinkage=0.04


Tree=140
num_leaves=7
num_cat=0
split_feature=4 7 5 4 5 5
split_gain=18.2855 20.3758 38.6055 50.305 35.4405 24.8012
threshold=0.61721611721611735 0.75000000000000011 0.55051025667456976 0.26006441223832533 0.6802061855670104 0.5920526315789475
decision_type=2 2 2 2 2 2
left_child=1 5 3 -3 -4 -1
right_child=-2 2 4 -5 -6 -7
leaf_value=-0.0089175289856281512 0.012568905032503977 -0.037960454774362447 -0.059155859504584234 0.064482726782588082 0.019394202674538393 0.0027732577103708905
leaf_weight=475.72077013643866 198.06770016578957 9.5274008963024226 14.808979706838725 36.479012615978718 23.484120290260762 744.05740305484505
leaf_count=13249 354 184 91 48 37 1988
internal_value=0.00125095 -0.000468189 0.0185252 0.0431522 -0.0110808 -0.00178529
internal_weight=1502.15 1304.08 84.2995 46.0064 38.2931 1219.78
internal_count=15951 15597 360 232 128 15237
is_linear=0
shrinkage=0.04


Tree=141
num_leaves=7
num_cat=0
split_feature=0 7 4 5 6 9
split_gain=17.7394 16.5315 16.9181 18.2201 2.52315 4.47159
threshold=1.0000000180025095e-35 1.0000000180025095e-35 0.82085561497326209 0.90611995104039178 0.84523809523809534 0.087121212121212141
decision_type=2 2 2 2 2 2
left_child=1 -1 3 -3 -2 -6
right_child=4 2 -4 -5 5 -7
leaf_value=-0.048230923152391338 0.025569186526815241 0.00017923213277117503 0.028136940625825616 -0.10298746772249259 0.019928251634334284 -0.035329124694225944
leaf_weight=10.948395772968068 52.20378758199513 1386.5550815078896 34.791775278747082 2.5444150492548934 8.1378165758214873 3.0503745260648421
leaf_count=716 270 14841 57 12 38 17
internal_value=0.00120394 0.000286246 0.000667424 -2.30975e-05 0.0218777 0.00433126
internal_weight=1498.23 1434.84 1423.89 1389.1 63.392 11.1882
internal_count=15951 15626 14910 14853 325 55
is_linear=0
shrinkage=0.04


Tree=142
num_leaves=7
num_cat=0
split_feature=9 6 4 9 6 6
split_gain=17.3924 24.9954 45.2405 24.5976 37.9387 68.741
threshold=0.15476190476190479 0.84523809523809534 0.69615384615384623 0.10555555555555557 0.095454545454545472 0.10555555555555557
decision_type=2 2 2 2 2 2
left_child=3 -2 -3 -1 -5 -6
right_child=1 2 -4 4 5 -7
leaf_value=0.0016944993503741114 0.017990863886867679 -0.08393363564171058 0.030061143812192919 -0.060083351664657982 0.10939715188219197 -0.013046696914701551
leaf_weight=1133.8747239153308 163.70406816067407 10.991725715342911 10.901930742897092 24.747253429435659 7.5283609679900101 143.85115498007508
leaf_count=14161 639 48 21 494 10 578
internal_value=0.00115791 0.0126113 -0.0273212 -0.000464934 -0.0143645 -0.00680785
internal_weight=1495.6 185.598 21.8937 1310 176.127 151.38
internal_count=15951 708 69 15243 1082 588
is_linear=0
shrinkage=0.04


Tree=143
num_leaves=7
num_cat=0
split_feature=4 5 4 5 5 5
split_gain=17.1363 40.3583 31.4167 37.0495 31.7065 30.8584
threshold=0.47913043478260875 0.52559423544825024 0.47140522875816998 0.77360164536032594 0.71257183908045996 0.68989800874210794
decision_type=2 2 2 2 2 2
left_child=2 -2 3 4 -1 -3
right_child=1 5 -4 -5 -6 -7
leaf_value=-0.0011984945475836044 -0.082607913792899501 0.022900072586934477 -0.091996714415228761 0.035051071936942554 -0.032588811992574025 0.0015909878665503778
leaf_weight=889.45084136819059 7.6891204202547661 161.56231972714886 5.9591280072927466 42.550998747348785 54.462895764736459 332.49268202204257
leaf_count=14794 34 212 27 55 198 631
internal_value=0.0011123 0.0071362 -0.00193204 -0.00136741 -0.00301832 0.00856983
internal_weight=1494.17 501.744 992.424 986.465 943.914 494.055
internal_count=15951 877 15074 15047 14992 843
is_linear=0
shrinkage=0.04


Tree=144
num_leaves=7
num_cat=0
split_feature=4 5 5 7 2 5
split_gain=16.542 44.0334 58.0247 74.1495 56.7957 47.3611
threshold=0.35067567567567576 0.42722859664607243 0.68541963390831895 0.75000000000000011 1.0000000180025095e-35 0.42524210335776996
decision_type=2 2 2 2 2 2
left_child=1 4 3 -3 -1 -6
right_child=-2 2 -4 -5 5 -7
leaf_value=-0.025832397733852135 0.0042547597447606719 -0.024498547156181862 0.027879684296400181 0.035322629607345273 0.021329246288910055 0.12730613444194608
leaf_weight=42.81432287923235 949.17936785239726 297.35909485275624 51.002214424253907 37.106793593266048 107.06691097695148 7.0273694876814252
leaf_count=6824 1942 4767 134 184 2055 45
internal_value=0.00106971 -0.00450009 -0.0117731 -0.0178387 0.0133465 0.0280855
internal_weight=1491.56 542.377 385.468 334.466 156.909 114.094
internal_count=15951 14009 5085 4951 8924 2100
is_linear=0
shrinkage=0.04


Tree=145
num_leaves=7
num_cat=0
split_feature=0 4 5 5 4 6
split_gain=16.4846 16.1954 21.1527 59.6376 34.4151 2.49011
threshold=1.0000000180025095e-35 0.16441441441441443 0.36245805369127521 0.35985611510791371 0.19782608695652179 0.84523809523809534
decision_type=2 2 2 2 2 2
left_child=1 -1 3 -3 -4 -2
right_child=5 2 4 -5 -6 -7
leaf_value=-0.039502692873405805 0.025041845803421489 0.0023769693449328545 -0.042698245506857462 0.089712538937072941 0.00044150305638092233 0.0037528877048003013
leaf_weight=16.089230908328318 50.417880099732429 57.144916786346585 30.07178207510151 15.838920701295136 1307.2717931367224 11.009494342375545
leaf_count=9954 270 262 877 17 4516 55
internal_value=0.00102824 0.00015171 0.000611048 0.0215512 -0.00053329 0.0212833
internal_weight=1487.84 1426.42 1410.33 72.9838 1337.34 61.4274
internal_count=15951 15626 5672 279 5393 325
is_linear=0
shrinkage=0.04


Tree=146
num_leaves=7
num_cat=0
split_feature=9 6 4 9 6 9
split_gain=16.0528 23.496 41.5796 23.2571 20.219 52.6834
threshold=0.15476190476190479 0.84523809523809534 0.69615384615384623 0.11805555555555557 0.095454545454545472 0.095454545454545472
decision_type=2 2 2 2 2 2
left_child=3 -2 -3 4 5 -1
right_child=1 2 -4 -5 -6 -7
leaf_value=-0.003148532419048397 0.017345093383718591 -0.08047460334350634 0.02960264553379871 -0.04869996854841644 0.002407791163622853 -0.0588071348073433
leaf_weight=205.80642271562829 161.15513937047217 11.054638813249769 10.531531160697339 15.667081679566762 1049.7112788427621 31.17851702158805
leaf_count=7993 639 48 21 185 6249 816
internal_value=0.00098837 0.0120841 -0.0268992 -0.000568616 2.33651e-05 -0.010523
internal_weight=1485.1 182.741 21.5862 1302.36 1286.7 236.985
internal_count=15951 708 69 15243 15058 8809
is_linear=0
shrinkage=0.04


Tree=147
num_leaves=7
num_cat=0
split_feature=4 4 7 5 5 2
split_gain=15.9053 17.3425 16.6112 34.5417 23.7094 8.10377
threshold=0.61721611721611735 0.60555555555555574 0.75000000000000011 0.55051025667456976 0.55051025667456976 1.0000000180025095e-35
decision_type=2 2 2 2 2 2
left_child=1 2 4 -4 -1 -2
right_child=5 -3 3 -5 -6 -7
leaf_value=-0.01056484379405948 0.025520808004590348 -0.096228492975297258 0.040028077908666727 -0.011396679393999146 0.0018986773444777713 0.0067737378063727569
leaf_weight=340.28904786652129 49.949525308795273 2.8304921165108672 45.944472926435992 37.985138582414947 862.93632712317049 142.41758685186505
leaf_count=12400 62 16 232 128 2821 292
internal_value=0.000949569 -0.000649616 -0.000422964 0.0167586 -0.00162569 0.0116734
internal_weight=1482.35 1289.99 1287.15 83.9296 1203.23 192.367
internal_count=15951 15597 15581 360 15221 354
is_linear=0
shrinkage=0.04


Tree=148
num_leaves=7
num_cat=0
split_feature=0 7 5 5 5 5
split_gain=15.3542 15.8198 15.929 35.6276 2.53073 7.56015
threshold=1.0000000180025095e-35 1.0000000180025095e-35 0.28639781271360226 0.28850937619594341 0.52364972834771506 0.48604620976116308
decision_type=2 2 2 2 2 2
left_child=1 -1 -3 -4 5 -2
right_child=4 2 3 -5 -6 -7
leaf_value=-0.048213563037601652 0.018606345031862866 -0.047102140315206986 0.082973261418832073 0.00032900052622859236 0.024266446368839269 -0.071346163914992128
leaf_weight=10.572104527760528 7.6475056014023703 10.98264352683327 8.19696517952252 1389.9199725926155 50.451028081122786 1.6457679453305898
leaf_count=716 39 4888 64 9958 274 12
internal_value=0.000913366 7.46446e-05 0.000445148 0.000826761 0.0207433 0.00129828
internal_weight=1479.42 1419.67 1409.1 1398.12 59.7443 9.29327
internal_count=15951 15626 14910 10022 325 51
is_linear=0
shrinkage=0.04


Tree=149
num_leaves=7
num_cat=0
split_feature=6 5 4 2 7 5
split_gain=15.1732 28.0567 48.6141 47.4999 29.5576 26.6635
threshold=0.46410256410256417 0.42127011744236625 0.26975051975051983 1.0000000180025095e-35 0.75000000000000011 0.51903565561890053
decision_type=2 2 2 2 2 2
left_child=1 3 -3 -1 -4 -2
right_child=5 2 4 -5 -6 -7
leaf_value=-0.042881244119215255 -0.012525456020902315 -0.038918961423206076 -0.0057879442439018707 0.028543546235330758 0.026733971140263713 0.0078019145594306642
leaf_weight=17.903108675629483 121.86793286062311 66.741411771537969 469.95375150605105 83.851317675493192 49.201883398927748 667.95936066412833
leaf_count=5297 2648 3150 1706 1586 103 1461
internal_value=0.000877727 -0.00346436 -0.00683471 0.0158977 -0.00269279 0.00466056
internal_weight=1477.48 687.651 585.897 101.754 519.156 789.827
internal_count=15951 11842 4959 6883 1809 4109
is_linear=0
shrinkage=0.04


Tree=150
num_leaves=7
num_cat=0
split_feature=9 6 4 9 6 6
split_gain=14.8401 22.5956 38.3528 21.6444 33.7695 60.5435
threshold=0.15476190476190479 0.84523809523809534 0.78362573099415223 0.10555555555555557 0.095454545454545472 0.10555555555555557
decision_type=2 2 2 2 2 2
left_child=3 -2 -3 -1 -5 -6
right_child=1 2 -4 4 5 -7
leaf_value=0.0013838179999380183 0.016766595947752174 -0.072408943448918101 0.035834602548375644 -0.058428951282842929 0.099805920613074889 -0.012824819430649561
leaf_weight=1119.086076592459 159.03563545353245 12.270681051537396 8.8391365809366089 23.266079010558315 7.8660533488728097 142.57311894546729
leaf_count=14161 639 54 15 494 10 578
internal_value=0.000843476 0.0115931 -0.0270802 -0.000654459 -0.0137839 -0.0067977
internal_weight=1472.94 180.145 21.1098 1292.79 173.705 150.439
internal_count=15951 708 69 15243 1082 588
is_linear=0
shrinkage=0.04


Tree=151
num_leaves=7
num_cat=0
split_feature=4 5 5 7 2 9
split_gain=14.8569 40.3001 51.7955 64.2222 47.6885 42.6153
threshold=0.35067567567567576 0.42722859664607243 0.68541963390831895 0.75000000000000011 1.0000000180025095e-35 0.23636363636363639
decision_type=2 2 2 2 2 2
left_child=1 4 3 -3 5 -1
right_child=-2 2 -4 -5 -6 -7
leaf_value=-0.046361861881489538 0.0038447584037999282 -0.023749739331649315 0.025970001676852025 0.031818934375927962 0.025746850280790125 0.051534271393674447
leaf_weight=31.650244418124203 937.49886174080893 290.28846354296547 50.714319727907423 37.378587733604945 115.1057875737315 8.96489138677134
leaf_count=6644 1942 4767 134 184 2100 180
internal_value=0.00081029 -0.00451175 -0.0115618 -0.0173891 0.0125989 -0.0245578
internal_weight=1471.6 534.102 378.381 327.667 155.721 40.6151
internal_count=15951 14009 5085 4951 8924 6824
is_linear=0
shrinkage=0.04


Tree=152
num_leaves=7
num_cat=0
split_feature=5 5 7 6 2 9
split_gain=14.6583 62.1608 72.5892 78.6585 54.7808 58.2607
threshold=0.53368237347294956 0.44497103738809901 0.75000000000000011 0.84523809523809534 1.0000000180025095e-35 0.10555555555555557
decision_type=2 2 2 2 2 2
left_child=1 4 3 -3 -1 -6
right_child=-2 2 -4 -5 5 -7
leaf_value=-0.029292042929629648 0.002940944718847436 -0.049532724417789692 0.043258394571427841 0.067390808046164236 0.027024633867228993 -0.067180854270370474
leaf_weight=47.916099779758952 1135.6110385276261 106.19111689933925 19.687023123959079 9.8912560828030092 136.91984509286704 11.174993407214059
leaf_count=6996 3726 2589 88 13 2366 173
internal_value=0.000778737 -0.00661331 -0.0273996 -0.0394538 0.0077876 0.0198215
internal_weight=1467.39 331.78 135.769 116.082 196.011 148.095
internal_count=15951 12225 2690 2602 9535 2539
is_linear=0
shrinkage=0.04


Tree=153
num_leaves=7
num_cat=0
split_feature=6 4 4 5 5 5
split_gain=14.6206 23.9901 54.77 44.9615 36.6896 23.4986
threshold=0.46410256410256417 0.19782608695652179 0.20761494252873566 0.56086163665374988 0.5920526315789475 0.42127011744236625
decision_type=2 2 2 2 2 2
left_child=5 -2 3 -3 -4 -1
right_child=1 2 4 -5 -6 -7
leaf_value=0.014152184837636573 -0.039141835872553592 0.097349637601725325 -0.010718179239489249 -0.047180581221115826 0.0092424606350744593 -0.0066449678920851522
leaf_weight=101.99899785818707 19.454886471386999 17.02567999903113 202.54349133279175 4.154132016003131 538.53344496199861 580.30389500840101
leaf_count=6883 2421 65 705 27 891 4959
internal_value=0.000746643 0.00448176 0.00560775 0.0687323 0.00378291 -0.00352979
internal_weight=1464.01 781.712 762.257 21.1798 741.077 682.303
internal_count=15951 4109 1688 92 1596 11842
is_linear=0
shrinkage=0.04


Tree=154
num_leaves=7
num_cat=0
split_feature=0 7 4 4 4 5
split_gain=14.4945 15.0191 14.8648 18.6854 2.70288 2.86242
threshold=1.0000000180025095e-35 1.0000000180025095e-35 0.82085561497326209 0.80625000000000013 0.97368421052631582 0.52364972834771506
decision_type=2 2 2 2 2 2
left_child=1 -1 3 -3 5 -2
right_child=4 2 -4 -5 -6 -7
leaf_value=-0.048137287266361295 0.0017492900966200337 -0.00022074579126665897 0.027039659690796216 -0.14333639714117019 -0.017796387638558581 0.026224485252268899
leaf_weight=10.135336352235752 9.4026368600316328 1359.9566589575843 32.195077275857329 1.2612905651330937 2.6503930874168864 46.186480111442506
leaf_count=716 51 14846 57 7 11 263
internal_value=0.000716329 -9.49374e-05 0.000259934 -0.000375862 0.0202352 0.0221416
internal_weight=1461.79 1403.55 1393.41 1361.22 58.2395 55.5891
internal_count=15951 15626 14910 14853 325 314
is_linear=0
shrinkage=0.04


Tree=155
num_leaves=7
num_cat=0
split_feature=9 6 4 9 4 6
split_gain=13.7828 22.1014 35.1939 20.9643 17.9315 17.5551
threshold=0.15476190476190479 0.84523809523809534 0.78362573099415223 0.11805555555555557 0.68990384615384626 0.46410256410256417
decision_type=2 2 2 2 2 2
left_child=3 -2 -3 5 -5 -1
right_child=1 2 -4 4 -6 -7
leaf_value=-0.0051492265829068884 0.016268952521363612 -0.070129120878141479 0.035413368135270414 -0.077458779915304921 0.01302191927077908 0.0042789123474281906
leaf_weight=600.54872809516382 156.70714716811199 12.304607792757453 8.2959705181419832 10.135285922035107 5.1726588904857627 666.39546054421226
leaf_count=11301 639 54 15 178 7 3757
internal_value=0.000688445 0.0111356 -0.0275986 -0.000756117 -0.0469821 -0.000188682
internal_weight=1459.56 177.308 20.6006 1282.25 15.3079 1266.94
internal_count=15951 708 69 15243 185 15058
is_linear=0
shrinkage=0.04


Tree=156
num_leaves=7
num_cat=0
split_feature=0 4 5 5 4 4
split_gain=13.6128 14.3964 17.8298 52.4377 31.1446 2.62337
threshold=1.0000000180025095e-35 0.16441441441441443 0.36245805369127521 0.35985611510791371 0.19782608695652179 0.97368421052631582
decision_type=2 2 2 2 2 2
left_child=1 -1 3 -3 -4 -2
right_child=5 2 4 -5 -6 -7
leaf_value=-0.039440812662767888 0.021716475071808575 0.0012251705844289113 -0.042610786997510475 0.082371765061179103 0.00013522652874057125 -0.017572075836417608
leaf_weight=14.540471011176122 54.32309398194775 56.655427644960582 27.661396120092832 16.260589219629765 1284.5163213957567 2.6613358547911039
leaf_count=9954 314 262 877 17 4516 11
internal_value=0.000662039 -0.000118085 0.000298909 0.0195244 -0.000770714 0.0197916
internal_weight=1456.62 1399.63 1385.09 72.916 1312.18 56.9844
internal_count=15951 15626 5672 279 5393 325
is_linear=0
shrinkage=0.04


Tree=157
num_leaves=7
num_cat=0
split_feature=7 4 4 5 6 4
split_gain=13.5891 14.371 16.3002 13.8808 9.24509 14.4209
threshold=1.0000000180025095e-35 0.61721611721611735 0.60555555555555574 0.82904856075587785 0.58571428571428574 0.71008403361344552
decision_type=2 2 2 2 2 2
left_child=-1 2 3 -2 -3 -6
right_child=1 4 -4 -5 5 -7
leaf_value=-0.045242025995006596 9.487369916333439e-05 0.017792528621782489 -0.09370691184915908 -0.041692723782349735 -0.032365268166444958 0.01086728252292897
leaf_weight=10.055501969618488 1246.2128644362965 121.84903432289138 2.7985008060932151 12.648975536227224 16.986075769178569 43.592639226466417
leaf_count=717 14837 172 15 42 61 107
internal_value=0.000635901 0.000962965 -0.000553498 -0.000329973 0.0114508 -0.00128869
internal_weight=1454.14 1444.09 1261.66 1258.86 182.428 60.5787
internal_count=15951 15234 14894 14879 340 168
is_linear=0
shrinkage=0.04


Tree=158
num_leaves=7
num_cat=0
split_feature=5 5 6 2 9 9
split_gain=13.395 56.8046 72.5828 60.4653 59.8144 43.0292
threshold=0.53368237347294956 0.47148664343786301 0.84523809523809534 1.0000000180025095e-35 0.10555555555555557 0.23636363636363639
decision_type=2 2 2 2 2 2
left_child=1 3 -3 5 -5 -1
right_child=-2 2 -4 4 -6 -7
leaf_value=-0.048880332813869665 0.0026852835410585297 -0.042353111142657433 0.075755657033706708 0.023036607747182178 -0.062290739791136314 0.044230042635561219
leaf_weight=44.450252865797665 1124.7526636778202 90.998797398671741 8.9677602387964708 159.59396286433912 14.120763229846487 9.4727524806221464
leaf_count=7011 3726 1856 8 2918 242 190
internal_value=0.000610744 -0.00650289 -0.0316078 0.00453115 0.0160254 -0.0323835
internal_weight=1452.36 327.604 99.9666 227.638 173.715 53.923
internal_count=15951 12225 1864 10361 3160 7201
is_linear=0
shrinkage=0.04


Tree=159
num_leaves=7
num_cat=0
split_feature=9 6 4 9 6 6
split_gain=13.0141 20.9307 32.474 19.9774 31.137 54.2835
threshold=0.15476190476190479 0.84523809523809534 0.69615384615384623 0.10555555555555557 0.095454545454545472 0.10555555555555557
decision_type=2 2 2 2 2 2
left_child=3 -2 -3 -1 -5 -6
right_child=1 2 -4 4 5 -7
leaf_value=0.001148043435856458 0.015807882008118751 -0.072827954556927491 0.02783813459466538 -0.057609418430842121 0.092376807098758867 -0.012784079314292767
leaf_weight=1103.4190458729427 155.07001706538722 11.076973645947875 9.2150319861248118 22.12797407546168 8.1169288720702735 140.31203353230376
leaf_count=14161 639 48 21 494 10 578
internal_value=0.000585003 0.0107957 -0.0271902 -0.000820393 -0.0135533 -0.00690327
internal_weight=1449.34 175.362 20.292 1273.98 170.557 148.429
internal_count=15951 708 69 15243 1082 588
is_linear=0
shrinkage=0.04


Tree=160
num_leaves=7
num_cat=0
split_feature=7 4 5 4 6 5
split_gain=12.9448 13.9906 35.3947 32.8377 78.1164 46.1883
threshold=1.0000000180025095e-35 0.47913043478260875 0.52559423544825024 0.41801075268817212 0.31009615384615391 0.76224734498115809
decision_type=2 2 2 2 2 2
left_child=-1 3 -3 5 -5 -2
right_child=1 2 -4 4 -6 -7
leaf_value=-0.044906253236160626 -0.00096665024258478884 -0.078714084797323877 0.0078731163782219688 -0.070252373373453247 -0.0021711598053097765 0.04337693979346087
leaf_weight=9.7480664375834731 781.23862803366501 7.4746439550071946 469.33220959128812 36.147370365448296 104.77785183209926 39.279256352223456
leaf_count=717 14001 34 801 162 199 37
internal_value=0.000561765 0.000877526 0.00647911 -0.00189915 -0.019723 0.00116375
internal_weight=1448 1438.25 476.807 961.443 140.925 820.518
internal_count=15951 15234 835 14399 361 14038
is_linear=0
shrinkage=0.04


Tree=161
num_leaves=7
num_cat=0
split_feature=0 4 5 6 4 4
split_gain=12.826 13.5848 16.1706 47.0865 29.5548 2.62597
threshold=1.0000000180025095e-35 0.16441441441441443 0.36245805369127521 0.14835164835164838 0.19782608695652179 0.97368421052631582
decision_type=2 2 2 2 2 2
left_child=1 -1 3 -3 -4 -2
right_child=5 2 4 -5 -6 -7
leaf_value=-0.039403554562782543 0.021282746236076955 0.053610135987926973 -0.042514864621255165 -0.010850643085952525 2.7517627677867596e-05 -0.018257516240519363
leaf_weight=13.811056658312735 53.086945950984955 33.078689946327358 26.472159678465687 39.627240340225399 1275.8767908886075 2.6282237526029339
leaf_count=9954 314 94 877 185 4516 11
internal_value=0.000539491 -0.00021526 0.000182566 0.018516 -0.000842079 0.0193231
internal_weight=1444.58 1388.87 1375.05 72.7059 1302.35 55.7152
internal_count=15951 15626 5672 279 5393 325
is_linear=0
shrinkage=0.04


Tree=162
num_leaves=7
num_cat=0
split_feature=4 5 5 7 5 5
split_gain=12.6891 33.8596 42.9619 47.0892 39.6859 25.8376
threshold=0.35067567567567576 0.76224734498115809 0.42722859664607243 0.75000000000000011 0.42524210335776996 0.41946762914504859
decision_type=2 2 2 2 2 2
left_child=1 2 4 -4 -1 -2
right_child=5 -3 3 -5 -6 -7
leaf_value=0.0060892341757787863 -0.069631420971114175 0.046531615737147231 -0.019494494099428515 0.027184988804450191 0.094182452313573944 0.0039605700482918229
leaf_weight=145.76959888523561 7.4955315943807355 19.829323925077915 309.32942662443384 38.71593554597348 8.4780159853980859 912.88293852424249
leaf_count=8862 37 11 4882 192 62 1905
internal_value=0.000517394 -0.00446091 -0.00649567 -0.0142836 0.0110598 0.00334407
internal_weight=1442.5 522.122 502.293 348.045 154.248 920.378
internal_count=15951 14009 13998 5074 8924 1942
is_linear=0
shrinkage=0.04


Tree=163
num_leaves=7
num_cat=0
split_feature=7 5 5 6 2 5
split_gain=12.3408 12.5491 52.1601 68.1513 55.8927 32.6228
threshold=1.0000000180025095e-35 0.53368237347294956 0.47148664343786301 0.84523809523809534 1.0000000180025095e-35 0.5361571791423877
decision_type=2 2 2 2 2 2
left_child=-1 2 4 -4 -2 -3
right_child=1 5 3 -5 -6 -7
leaf_value=-0.04463471665506509 -0.031938389077764973 0.073904604150831998 -0.041482424552223639 0.072749539941923944 0.015320437549540454 0.0021588682372447087
leaf_weight=9.4273816078712098 51.845832842256641 10.037305478152119 87.770893415057799 9.0395885631442052 173.2851296873705 1097.9551645920728
leaf_count=717 7028 54 1748 8 2963 3433
internal_value=0.000497498 0.000802648 -0.0061447 -0.0306675 0.00440955 0.00282384
internal_weight=1439.36 1429.93 321.941 96.8105 225.131 1107.99
internal_count=15951 15234 11747 1756 9991 3487
is_linear=0
shrinkage=0.04


Tree=164
num_leaves=7
num_cat=0
split_feature=0 5 5 5 6 9
split_gain=12.1927 13.0788 27.6137 17.6927 2.65699 3.86669
threshold=1.0000000180025095e-35 0.28639781271360226 0.28850937619594341 0.31674917491749183 0.84523809523809534 0.087121212121212141
decision_type=2 2 2 2 2 2
left_child=1 -1 -3 -4 -2 -6
right_child=4 2 3 -5 5 -7
leaf_value=-0.046886184631758844 0.023102656972183621 0.072150747929271133 -0.056604878245431943 -7.8645501870226055e-06 0.016610414522053928 -0.036164457439479179
leaf_weight=9.3577266088686866 44.756762704346329 8.2508438432123494 8.6959058279608126 1356.0473148580713 6.9820075239986163 3.0153512046672404
leaf_count=4951 270 64 838 9773 38 17
internal_value=0.000476605 -0.000256488 6.66452e-05 -0.000378197 0.0189546 9.95052e-05
internal_weight=1437.11 1382.35 1372.99 1364.74 54.7541 9.99736
internal_count=15951 15626 10675 10611 325 55
is_linear=0
shrinkage=0.04


Tree=165
num_leaves=7
num_cat=0
split_feature=9 6 4 9 4 6
split_gain=12.0969 19.9733 26.3363 19.2386 16.5533 15.4951
threshold=0.15476190476190479 0.52272727272727282 0.69615384615384623 0.11805555555555557 0.68990384615384626 0.46410256410256417
decision_type=2 2 2 2 2 2
left_child=3 -2 -3 5 -5 -1
right_child=1 2 -4 4 -6 -7
leaf_value=-0.005051582491111789 0.016637471470963373 -0.047455414245502585 0.029743222956274722 -0.076261186904762579 0.012129944733088314 0.0038719448076982859
leaf_weight=591.84923614830041 142.54814251858625 19.04053806792945 10.977082946337758 9.6623322507948597 5.0361119955778113 656.39743219508091
leaf_count=11301 606 72 30 178 7 3757
internal_value=0.000457799 0.010386 -0.0191486 -0.000898611 -0.0460853 -0.000357626
internal_weight=1435.51 172.566 30.0176 1262.95 14.6984 1248.25
internal_count=15951 708 102 15243 185 15058
is_linear=0
shrinkage=0.04


Tree=166
num_leaves=7
num_cat=0
split_feature=7 4 5 4 6 5
split_gain=11.7256 12.0468 32.2667 31.5621 72.2967 41.0627
threshold=1.0000000180025095e-35 0.47913043478260875 0.52559423544825024 0.41801075268817212 0.31009615384615391 0.76224734498115809
decision_type=2 2 2 2 2 2
left_child=-1 3 -3 5 -5 -2
right_child=1 2 -4 4 -6 -7
leaf_value=-0.044329709216917985 -0.00083186190381916072 -0.075852275019806875 0.0073076975949815451 -0.06833644173407652 -0.0024944693755373096 0.041508422822199645
leaf_weight=9.0979865110857627 774.74456640239805 7.3849263172596684 463.49863970465958 35.706795563455671 104.20579612860456 38.265382373239845
leaf_count=717 14001 34 801 162 199 37
internal_value=0.000440212 0.000733878 0.00596759 -0.00185096 -0.0193857 0.0011682
internal_weight=1432.9 1423.81 470.884 952.923 139.913 813.01
internal_count=15951 15234 835 14399 361 14038
is_linear=0
shrinkage=0.04


Tree=167
num_leaves=7
num_cat=0
split_feature=5 5 5 5 0 0
split_gain=11.4307 25.2235 16.2597 21.4219 1.54809 0.975266
threshold=0.28639781271360226 0.28850937619594341 0.31674917491749183 0.36245805369127521 1.0000000180025095e-35 1.0000000180025095e-35
decision_type=2 2 2 2 2 2
left_child=4 -2 5 -4 -1 -3
right_child=1 2 3 -5 -6 -7
leaf_value=-0.046606476610142333 0.069672786195286038 -0.055906972071361249 0.02511478342707019 -0.00035044678089641125 0.023074334600069201 0.015013322194279812
leaf_weight=8.997452283816525 8.2375461194314976 8.4482308882725157 54.805971530375245 1348.5910061263567 0.38528403639793474 0.19823281466960985
leaf_count=4951 64 838 1190 8905 2 1
internal_value=0.000422402 0.000717457 0.00030396 0.000646043 -0.0431146 -0.0537523
internal_weight=1429.66 1420.28 1412.04 1403.4 9.38274 8.64646
internal_count=15951 10998 10934 10095 4953 839
is_linear=0
shrinkage=0.04


Tree=168
num_leaves=7
num_cat=0
split_feature=4 5 6 7 5 4
split_gain=11.5892 30.0384 56.3259 53.8825 43.3168 43.0745
threshold=0.35067567567567576 0.40954368655725265 0.24038461538461542 0.75000000000000011 0.7070237256283769 0.26006441223832533
decision_type=2 2 2 2 2 2
left_child=1 5 4 -4 -3 -1
right_child=-2 2 3 -5 -6 -7
leaf_value=-0.010117805749675395 0.003116181067819448 -0.042386255964177763 -0.0061953390380749531 0.051279357031413897 0.033226497597255565 0.035988586628515597
leaf_weight=66.497234923677752 912.75264849467203 101.44412924516655 243.28664186230162 29.031587806297466 13.58398604262038 62.851134572178125
leaf_count=8256 1942 3740 1793 61 55 104
internal_value=0.000405269 -0.0043791 -0.00995449 -2.75404e-05 -0.0333974 0.0122911
internal_weight=1429.45 516.695 387.346 272.318 115.028 129.348
internal_count=15951 14009 5649 1854 3795 8360
is_linear=0
shrinkage=0.04


Tree=169
num_leaves=7
num_cat=0
split_feature=0 4 5 5 4 6
split_gain=11.4335 12.2605 13.4186 44.835 27.4123 2.64146
threshold=1.0000000180025095e-35 0.16441441441441443 0.36245805369127521 0.35985611510791371 0.19782608695652179 0.84523809523809534
decision_type=2 2 2 2 2 2
left_child=1 -1 3 -3 -4 -2
right_child=5 2 4 -5 -6 -7
leaf_value=-0.039331614731497315 0.022686645158186677 -0.00043042299697668965 -0.042408387920048453 0.074142051536068815 -7.3117181279042367e-05 -1.289738999269685e-05
leaf_weight=12.569287208556487 43.701458001509309 55.698118051979691 24.757611141831148 16.566391251981258 1261.8325972221792 9.870084395632146
leaf_count=9954 270 262 877 17 4516 55
internal_value=0.000388688 -0.000319249 4.58749e-05 0.0167949 -0.000895786 0.0184828
internal_weight=1425 1371.42 1358.85 72.2645 1286.59 53.5715
internal_count=15951 15626 5672 279 5393 325
is_linear=0
shrinkage=0.04


Tree=170
num_leaves=7
num_cat=0
split_feature=5 5 7 6 2 9
split_gain=11.3247 47.5385 63.5082 66.6942 40.5413 48.1867
threshold=0.53368237347294956 0.44497103738809901 0.75000000000000011 0.84523809523809534 1.0000000180025095e-35 0.10555555555555557
decision_type=2 2 2 2 2 2
left_child=1 4 3 -3 -1 -6
right_child=-2 2 -4 -5 5 -7
leaf_value=-0.027671089875373762 0.0022847783687196094 -0.047973170283995455 0.040427096755266907 0.059387878652531735 0.022559959148039856 -0.065473719725312338
leaf_weight=43.368785060738446 1105.8578658565675 95.805725635611452 19.577395640080795 10.0600743368268 137.56526863598265 10.52076568600023
leaf_count=6996 3726 2589 88 13 2366 173
internal_value=0.00037297 -0.00628947 -0.0254119 -0.0376594 0.00624276 0.0162123
internal_weight=1422.76 316.898 125.443 105.866 191.455 148.086
internal_count=15951 12225 2690 2602 9535 2539
is_linear=0
shrinkage=0.04


Tree=171
num_leaves=7
num_cat=0
split_feature=9 6 4 9 5 6
split_gain=11.1964 19.5463 28.878 18.167 29.3899 76.1617
threshold=0.15476190476190479 0.84523809523809534 0.78362573099415223 0.10555555555555557 0.67462750409923722 0.76388888888888895
decision_type=2 2 2 2 2 2
left_child=3 -2 -3 -1 -5 -6
right_child=1 2 -4 4 5 -7
leaf_value=0.00094475326468608934 0.014911675392343567 -0.064516605888002204 0.034535004147819869 -0.035353449442418493 0.011419360818319329 -0.095560233899479402
leaf_weight=1082.2469657453767 150.17612976129749 12.286375206895174 7.3715035542845717 60.788870651638717 94.998759327456355 11.788321563974021
leaf_count=14161 639 54 15 852 180 50
internal_value=0.000356546 0.00998779 -0.0272988 -0.000951998 -0.0132001 -0.000528081
internal_weight=1419.66 169.834 19.6579 1249.82 167.576 106.787
internal_count=15951 708 69 15243 1082 230
is_linear=0
shrinkage=0.04


Tree=172
num_leaves=7
num_cat=0
split_feature=7 4 5 4 6 9
split_gain=11.169 11.1611 14.2724 11.8762 3.18198 5.06072
threshold=1.0000000180025095e-35 0.82085561497326209 0.90611995104039178 0.80625000000000013 0.81666666666666676 0.10555555555555557
decision_type=2 2 2 2 2 2
left_child=-1 2 3 -2 -3 -6
right_child=1 4 -4 -5 5 -7
leaf_value=-0.044099262114713385 0.00037874957552030741 0.034037675189490448 -0.087951005450602249 -0.11097381995064548 -0.023630562884193799 0.024853104004441004
leaf_weight=8.7892372929491085 1371.1853435030353 18.949224783107638 2.7414887174963942 1.3341250419616688 4.8730090558528891 10.449567723087965
leaf_count=717 15131 40 13 8 19 23
internal_value=0.000343054 0.000627813 6.28568e-05 0.000252902 0.0231085 0.00919929
internal_weight=1418.32 1409.53 1375.26 1372.52 34.2718 15.3226
internal_count=15951 15234 15152 15139 82 42
is_linear=0
shrinkage=0.04


Tree=173
num_leaves=7
num_cat=0
split_feature=0 4 5 5 4 4
split_gain=10.8806 11.6912 12.1851 40.1511 26.0806 2.53856
threshold=1.0000000180025095e-35 0.16441441441441443 0.36245805369127521 0.35985611510791371 0.19782608695652179 0.97368421052631582
decision_type=2 2 2 2 2 2
left_child=1 -1 3 -3 -4 -2
right_child=5 2 4 -5 -6 -7
leaf_value=-0.039295171518512924 0.020155287629463371 -0.00042079659163414492 -0.042321389663366259 0.070016797177013659 -0.00012186447383195993 -0.018984158839746169
leaf_weight=12.028775199069058 50.115935605019331 55.528851671377197 23.680058360565454 16.662706676870584 1256.7748945232015 2.5939283594489089
leaf_count=9954 314 262 877 17 4516 11
internal_value=0.000328703 -0.000359833 -6.35374e-06 0.015958 -0.000910329 0.0181269
internal_weight=1417.39 1364.68 1352.65 72.1916 1280.45 52.7099
internal_count=15951 15626 5672 279 5393 325
is_linear=0
shrinkage=0.04


Tree=174
num_leaves=7
num_cat=0
split_feature=7 4 5 5 5 5
split_gain=10.6485 10.8117 29.5673 35.111 23.9094 25.6569
threshold=1.0000000180025095e-35 0.35067567567567576 0.76224734498115809 0.62345301757066474 0.41946762914504859 0.70183873144399467
decision_type=2 2 2 2 2 2
left_child=-1 2 3 -2 -3 -6
right_child=1 4 -4 -5 5 -7
leaf_value=-0.043766954683823293 -0.0015626514587041532 -0.068443392574976628 0.044669247303374619 -0.031998236908249163 0.0096674543697468501 -0.0040261829697053044
leaf_weight=8.5125414352078206 415.92810902580095 7.1859555449336758 18.939954981207848 70.838038996560499 511.68476054631174 382.11104455823079
leaf_count=717 12905 35 10 484 988 812
internal_value=0.000315204 0.000589571 -0.00408848 -0.00600731 0.00321783 0.00381139
internal_weight=1415.2 1406.69 505.706 486.766 900.982 893.796
internal_count=15951 15234 13399 13389 1835 1800
is_linear=0
shrinkage=0.04


Tree=175
num_leaves=7
num_cat=0
split_feature=5 5 6 2 9 9
split_gain=10.267 45.0655 61.5334 46.923 49.5679 39.736
threshold=0.53368237347294956 0.47148664343786301 0.84523809523809534 1.0000000180025095e-35 0.10555555555555557 0.23636363636363639
decision_type=2 2 2 2 2 2
left_child=1 3 -3 5 -5 -1
right_child=-2 2 -4 4 -6 -7
leaf_value=-0.048523315103789912 0.0021208049551776397 -0.040536544629865549 0.067866738525820272 0.019683495445090446 -0.060683767067932499 0.042709997895650255
leaf_weight=39.280402460353798 1100.613886007297 82.677937408327125 9.1262764781713468 159.1758192913112 13.100767109543083 9.2830291381105763
leaf_count=7011 3726 1856 8 2918 242 190
internal_value=0.00030224 -0.0060906 -0.0296143 0.00369722 0.0134971 -0.0309392
internal_weight=1413.26 312.644 91.8042 220.84 172.277 48.5634
internal_count=15951 12225 1864 10361 3160 7201
is_linear=0
shrinkage=0.04


Tree=176
num_leaves=7
num_cat=0
split_feature=0 4 9 9 9 6
split_gain=10.3792 11.6908 11.3411 34.048 14.3052 2.50127
threshold=1.0000000180025095e-35 0.88194444444444453 0.41428571428571431 0.65714285714285725 0.15476190476190479 0.84523809523809534
decision_type=2 2 2 2 2 2
left_child=1 2 4 -4 -1 -2
right_child=5 -3 3 -5 -6 -7
leaf_value=-0.0018197010406746027 0.022024585128417318 0.031474957838141991 -0.081207062039608091 0.042298531243559777 0.011935333154635042 -0.00017058892438835533
leaf_weight=1191.1998508962497 42.117485617753118 17.981393899768591 9.3603495470597391 5.5189268589019767 134.43404200026998 9.829542442224918
leaf_count=14973 270 34 54 2 563 55
internal_value=0.000288534 -0.000382203 -0.000815652 -0.0353111 -0.000421689 0.0178019
internal_weight=1410.44 1358.49 1340.51 14.8793 1325.63 51.947
internal_count=15951 15626 15592 56 15536 325
is_linear=0
shrinkage=0.04


Tree=177
num_leaves=7
num_cat=0
split_feature=7 4 4 5 6 4
split_gain=10.147 10.5873 15.7328 12.7202 9.4213 12.8071
threshold=1.0000000180025095e-35 0.61721611721611735 0.60555555555555574 0.82904856075587785 0.58571428571428574 0.71008403361344552
decision_type=2 2 2 2 2 2
left_child=-1 2 3 -2 -3 -6
right_child=1 4 -4 -5 5 -7
leaf_value=-0.043445112275529232 -0.00011958300095607694 0.016339916401271085 -0.092398307627618761 -0.040341726622326657 -0.03254297901515571 0.0086998176411897787
leaf_weight=8.2404185826017038 1210.9887220444944 116.05051898071542 2.7908495664596549 12.513496562838553 16.857172432355583 40.73562090145424
leaf_count=717 14837 172 15 42 61 107
internal_value=0.000278192 0.000543157 -0.00076484 -0.00053912 0.00978217 -0.00340802
internal_weight=1408.18 1399.94 1226.29 1223.5 173.643 57.5928
internal_count=15951 15234 14894 14879 340 168
is_linear=0
shrinkage=0.04


Tree=178
num_leaves=7
num_cat=0
split_feature=6 6 9 4 9 6
split_gain=9.84472 22.7783 19.5384 38.0813 31.1761 30.0957
threshold=0.46410256410256417 0.40833333333333338 0.080128205128205135 0.31414473684210531 0.28636363636363643 0.76388888888888895
decision_type=2 2 2 2 2 2
left_child=1 -1 -2 4 -4 -5
right_child=2 -3 3 5 -6 -7
leaf_value=-0.0024722870306027791 0.011210919939133481 -0.070244937770255977 -0.037555798396938136 0.0085565993085438795 0.047756851210417707 -0.02086015322582865
leaf_weight=649.44158921564667 304.26874815911287 7.8362704795435993 64.426046358101303 305.49237506883219 7.4749397704727008 67.811265533789992
leaf_count=11786 2207 56 1212 484 21 185
internal_value=0.000266659 -0.00330446 0.00340119 -0.0019344 -0.028551 0.00319933
internal_weight=1406.75 657.278 749.473 445.205 71.901 373.304
internal_count=15951 11842 4109 1902 1233 669
is_linear=0
shrinkage=0.04


Tree=179
num_leaves=7
num_cat=0
split_feature=9 9 6 4 4 5
split_gain=9.81723 17.3646 17.071 21.9401 14.7077 13.1158
threshold=0.15476190476190479 0.11805555555555557 0.52272727272727282 0.69615384615384623 0.68990384615384626 0.62345301757066474
decision_type=2 2 2 2 2 2
left_child=1 -1 -2 5 -3 -4
right_child=2 4 3 -5 -6 -7
leaf_value=-0.00045629002503088062 0.015262157099703732 -0.074297561824008429 0.0046512922030166812 0.028724105293855239 0.010862222453448738 -0.066501156261132108
leaf_weight=1224.1118112637923 137.32003892047214 9.1524103988776897 5.9778180774301353 10.046023533679543 4.8406090512871733 12.784336307086049
leaf_count=15058 606 178 13 30 7 59
internal_value=0.000256097 -0.000968058 0.00938158 -0.0184924 -0.0449594 -0.0439158
internal_weight=1404.23 1238.1 166.128 28.8082 13.993 18.7622
internal_count=15951 15243 708 102 185 72
is_linear=0
shrinkage=0.04


Tree=180
num_leaves=7
num_cat=0
split_feature=0 4 4 4 5 4
split_gain=9.72505 11.0126 12.6516 45.6087 27.0612 2.42911
threshold=1.0000000180025095e-35 0.16441441441441443 0.20256410256410259 0.24190177638453506 0.3375811688311689 0.97368421052631582
decision_type=2 2 2 2 2 2
left_child=1 -1 4 -4 -3 -2
right_child=5 2 3 -5 -6 -7
leaf_value=-0.039246626208614729 0.019423713540746294 -0.04940300050419192 -0.044926828192372099 0.00028619448754302785 0.024157453718440615 -0.0188435076571455
leaf_weight=11.376799603029211 48.358235046733171 8.8524451155681145 36.565605976618826 1226.6070095850155 68.542622321750969 2.6005002604797474
leaf_count=9954 314 85 916 3452 1219 11
internal_value=0.000245764 -0.000400533 -6.35665e-05 -0.00102793 0.0156122 0.0173658
internal_weight=1402.9 1351.94 1340.57 1263.17 77.3951 50.9587
internal_count=15951 15626 5672 4368 1304 325
is_linear=0
shrinkage=0.04


Tree=181
num_leaves=7
num_cat=0
split_feature=7 4 5 4 6 9
split_gain=9.64709 9.87661 13.2093 10.9173 3.13008 4.5996
threshold=1.0000000180025095e-35 0.82085561497326209 0.90611995104039178 0.80625000000000013 0.81666666666666676 0.10555555555555557
decision_type=2 2 2 2 2 2
left_child=-1 2 3 -2 -3 -6
right_child=1 4 -4 -5 5 -7
leaf_value=-0.043148341164729091 0.00027417315581057549 0.033511491981818728 -0.084574784478464282 -0.104752263910993 -0.02225420663746807 0.024008592418088181
leaf_weight=7.9526576372918489 1356.33239337329 17.691416453570127 2.7506577968597403 1.3853754103183735 4.9828768093138924 9.9371052235364896
leaf_count=717 15131 40 13 8 19 23
internal_value=0.000234175 0.000489426 -3.21152e-05 0.000150122 0.0221754 0.00833578
internal_weight=1401.03 1393.08 1360.47 1357.72 32.6114 14.92
internal_count=15951 15234 15152 15139 82 42
is_linear=0
shrinkage=0.04


Tree=182
num_leaves=7
num_cat=0
split_feature=5 5 5 5 0 0
split_gain=9.401 22.0218 14.4676 16.6595 1.44199 0.859429
threshold=0.28639781271360226 0.28850937619594341 0.31674917491749183 0.36245805369127521 1.0000000180025095e-35 1.0000000180025095e-35
decision_type=2 2 2 2 2 2
left_child=4 -2 5 -4 -1 -3
right_child=1 2 3 -5 -6 -7
leaf_value=-0.046063564474801436 0.065423477046645057 -0.054909204605562326 0.022102985311162882 -0.00048645635674936358 0.022521677204609639 0.013796888556313912
leaf_weight=7.723619865755607 8.1039963210350816 7.8384578465556825 54.181684580042202 1321.7947572532139 0.36728227138519276 0.18007743358612049
leaf_count=4951 64 838 1190 8905 2 1
internal_value=0.000224099 0.000478374 8.72445e-05 0.000404675 -0.0422408 -0.0528247
internal_weight=1400.19 1392.1 1383.99 1375.98 8.0909 8.01854
internal_count=15951 10998 10934 10095 4953 839
is_linear=0
shrinkage=0.04


Tree=183
num_leaves=7
num_cat=0
split_feature=5 5 6 2 9 9
split_gain=9.19561 42.5706 58.8545 43.806 45.8746 36.253
threshold=0.53368237347294956 0.47148664343786301 0.84523809523809534 1.0000000180025095e-35 0.10555555555555557 0.23636363636363639
decision_type=2 2 2 2 2 2
left_child=1 3 -3 5 -5 -1
right_child=-2 2 -4 4 -6 -7
leaf_value=-0.048362571914559428 0.0019370824279306411 -0.04001116750240135 0.066066804098453835 0.018843939329518299 -0.059512231843003222 0.039857021244946014
leaf_weight=37.115596304040082 1092.253654954271 80.55180571594974 9.1418570093810541 159.03041573816154 12.721862747072008 9.1264571211213461
leaf_count=7011 3726 1856 8 2918 242 190
internal_value=0.000214944 -0.00588922 -0.0290542 0.00365072 0.0129659 -0.0308116
internal_weight=1399.94 307.688 89.6937 217.994 171.752 46.2421
internal_count=15951 12225 1864 10361 3160 7201
is_linear=0
shrinkage=0.04


Tree=184
num_leaves=7
num_cat=0
split_feature=0 4 5 6 5 6
split_gain=9.31012 10.5705 11.241 33.8094 16.2072 2.34908
threshold=1.0000000180025095e-35 0.88194444444444453 0.82904856075587785 0.37980769230769235 0.76224734498115809 0.84523809523809534
decision_type=2 2 2 2 2 2
left_child=1 2 4 -4 -1 -2
right_child=5 -3 3 -5 -6 -7
leaf_value=-0.0018950123839218103 0.021299132521055881 0.030830663543123409 -0.079398672789056449 -0.0022844541684057542 0.011049999933336033 -0.00031616985261757798
leaf_weight=1095.419554236174 40.508897050749511 16.888411330059171 11.342006903141735 43.278930487111211 179.99641804769635 9.7921761726029199
leaf_count=15194 270 34 57 75 266 55
internal_value=0.000204636 -0.000426049 -0.000829016 -0.0185649 -6.50997e-05 0.0170671
internal_weight=1397.23 1346.93 1330.04 54.6209 1275.42 50.3011
internal_count=15951 15626 15592 132 15460 325
is_linear=0
shrinkage=0.04


Tree=185
num_leaves=7
num_cat=0
split_feature=7 4 4 6 5 5
split_gain=9.17847 9.37082 32.0919 66.4066 35.5898 28.6161
threshold=1.0000000180025095e-35 0.47913043478260875 0.41801075268817212 0.31009615384615391 0.76224734498115809 0.52559423544825024
decision_type=2 2 2 2 2 2
left_child=-1 2 4 -4 -2 -3
right_child=1 5 3 -5 -6 -7
leaf_value=-0.042822108357295934 -0.00064757416855637897 -0.073428827016194548 -0.067030519789514964 -0.0033742916126126015 0.039356594324179699 0.0063987905170735564
leaf_weight=7.6895290341126374 754.41012958662759 7.0987788606435052 35.063783627003431 102.64053261885419 37.140073787420988 450.9263388090767
leaf_count=717 14001 34 162 199 37 801
internal_value=0.000197126 0.000443156 -0.0018633 -0.0196713 0.00123639 0.00512569
internal_weight=1394.97 1387.28 929.255 137.704 791.55 458.025
internal_count=15951 15234 14399 361 14038 835
is_linear=0
shrinkage=0.04


Tree=186
num_leaves=7
num_cat=0
split_feature=9 9 9 6 2 6
split_gain=8.8683 17.0524 16.4694 16.3255 22.8398 16.8573
threshold=0.15476190476190479 0.17424242424242428 0.11805555555555557 0.36931818181818188 1.0000000180025095e-35 0.73214285714285732
decision_type=2 2 2 2 2 2
left_child=2 -2 -1 4 -3 -5
right_child=1 3 -4 5 -6 -7
leaf_value=-0.00048196470468419048 0.028600522141442385 0.01603582384300397 -0.044535404965195147 0.017671698958216912 -0.058544197282767739 -0.025402756009897151
leaf_weight=1214.8689686860234 49.102488997334149 11.246977446309756 13.533644193958024 69.977344644605182 15.257520626531914 18.117886148393154
leaf_count=15058 75 163 185 212 189 69
internal_value=0.000188367 0.00892922 -0.000976112 0.000448099 -0.0269388 0.00875277
internal_weight=1392.1 163.702 1228.4 114.6 26.5045 88.0952
internal_count=15951 708 15243 633 352 281
is_linear=0
shrinkage=0.04


Tree=187
num_leaves=7
num_cat=0
split_feature=0 4 4 4 5 6
split_gain=8.77127 10.2917 11.5707 43.2666 24.673 2.28106
threshold=1.0000000180025095e-35 0.16441441441441443 0.20256410256410259 0.24190177638453506 0.56086163665374988 0.84523809523809534
decision_type=2 2 2 2 2 2
left_child=1 -1 4 -4 -3 -2
right_child=5 2 3 -5 -6 -7
leaf_value=-0.03918955654366417 0.020924548522264393 0.023337286345100652 -0.044781688885430902 0.00021901328363430777 -0.044471885826515373 -0.0004383843657006212
leaf_weight=10.671725426556803 39.725474320352077 68.16758723341627 34.96984480379615 1217.983285868424 9.6141124990535882 9.7622081730514747
leaf_count=9954 270 1099 916 3452 205 55
internal_value=0.000181075 -0.000428712 -0.000110527 -0.0010423 0.0148376 0.0166853
internal_weight=1390.89 1341.41 1330.73 1252.95 77.7817 49.4877
internal_count=15951 15626 5672 4368 1304 325
is_linear=0
shrinkage=0.04


Tree=188
num_leaves=7
num_cat=0
split_feature=7 4 5 9 6 9
split_gain=8.73974 8.90858 11.759 10.7324 3.14259 4.42492
threshold=1.0000000180025095e-35 0.82085561497326209 0.90611995104039178 0.41428571428571431 0.81666666666666676 0.17424242424242428
decision_type=2 2 2 2 2 2
left_child=-1 2 3 -2 -3 -6
right_child=1 4 -4 -5 5 -7
leaf_value=-0.042469844602364429 0.00046614462653361464 0.033118708382265376 -0.079689374987378672 -0.034226557983499023 -0.0077950966195708881 0.038432888793480058
leaf_weight=7.4470935572571753 1333.2229739704053 16.836849465966225 2.762207865715026 14.221229147893608 9.7953605353832263 4.7358572483062735
leaf_count=717 15083 40 13 56 29 13
internal_value=0.000172164 0.000409579 -8.00334e-05 9.34808e-05 0.0214148 0.0074525
internal_weight=1389.02 1381.57 1350.21 1347.44 31.3681 14.5312
internal_count=15951 15234 15152 15139 82 42
is_linear=0
shrinkage=0.04


Tree=189
num_leaves=7
num_cat=0
split_feature=7 5 4 5 5 5
split_gain=8.50904 27.238 40.8694 34.1126 22.9656 18.5583
threshold=0.75000000000000011 0.55051025667456976 0.26006441223832533 0.6802061855670104 0.68541963390831895 0.55051025667456976
decision_type=2 2 2 2 2 2
left_child=5 2 -2 -3 -5 -1
right_child=1 3 -4 4 -6 -7
leaf_value=-0.0092223784861295288 -0.041971930016950994 -0.059956617087590834 0.052305044956244225 0.070262151432210637 -0.0088778920936255726 0.0020134563751006401
leaf_weight=307.97557470836546 9.0099474717862886 14.600523710134437 36.622690618038177 8.252156540751459 18.956357852555811 992.80066888933652
leaf_count=12407 184 94 48 2 49 3167
internal_value=0.000165018 0.0122301 0.0335449 -0.0110355 0.0153893 -0.000646244
internal_weight=1388.22 87.4417 45.6326 41.809 27.2085 1300.78
internal_count=15951 377 232 145 51 15574
is_linear=0
shrinkage=0.04


Tree=190
num_leaves=7
num_cat=0
split_feature=6 6 9 4 4 6
split_gain=8.45012 21.154 18.9645 34.1079 30.0486 27.2096
threshold=0.46410256410256417 0.40833333333333338 0.080128205128205135 0.31414473684210531 0.267479674796748 0.76388888888888895
decision_type=2 2 2 2 2 2
left_child=1 -1 -2 4 -4 -5
right_child=2 -3 3 5 -6 -7
leaf_value=-0.0023668217871532626 0.010813485611987906 -0.068552655441787722 -0.011416265053783263 0.0077935638366903341 -0.070055417747443047 -0.020314102247889768
leaf_weight=641.46982391212077 300.87337136568385 7.6240878139506085 50.165625449473737 299.93593754153699 19.303945058956742 67.280445945914835
leaf_count=11786 2207 56 1139 484 94 185
internal_value=0.000158309 -0.00316818 0.00308858 -0.00223175 -0.0278937 0.00263005
internal_weight=1386.65 649.094 737.559 436.686 69.4696 367.216
internal_count=15951 11842 4109 1902 1233 669
is_linear=0
shrinkage=0.04


Tree=191
num_leaves=7
num_cat=0
split_feature=9 6 4 9 6 6
split_gain=8.48559 15.635 19.7498 15.2342 28.5812 45.4362
threshold=0.15476190476190479 0.52272727272727282 0.78362573099415223 0.10555555555555557 0.64583333333333337 0.58571428571428574
decision_type=2 2 2 2 2 2
left_child=3 -2 -3 4 5 -1
right_child=1 2 -4 -5 -6 -7
leaf_value=-0.0010282245584079131 0.014441768323852357 -0.039415527651740383 0.0347583971939322 -0.012358369981006178 0.017693621581915515 -0.1068145467797651
leaf_weight=915.08253354729095 133.80822138207441 20.006912179291252 7.8222255455330005 163.1298950553828 138.50445911096176 6.3433898156508794
leaf_count=13874 606 81 21 1082 248 39
internal_value=0.000151157 0.00875996 -0.0183961 -0.000986178 0.000764188 -0.00178168
internal_weight=1384.7 161.637 27.8291 1223.06 1059.93 921.426
internal_count=15951 708 102 15243 14161 13913
is_linear=0
shrinkage=0.04


Tree=192
num_leaves=7
num_cat=0
split_feature=5 5 5 5 0 0
split_gain=8.32057 20.5685 13.22 15.4181 1.39982 0.794976
threshold=0.28639781271360226 0.28850937619594341 0.31674917491749183 0.36245805369127521 1.0000000180025095e-35 1.0000000180025095e-35
decision_type=2 2 2 2 2 2
left_child=4 -2 5 -4 -1 -3
right_child=1 2 3 -5 -6 -7
leaf_value=-0.045618798253168426 0.063471053515499407 -0.053916217462202994 0.02124266640145241 -0.0005671439589118426 0.022371824816723191 0.013167172951520808
leaf_weight=7.0576931401665197 8.017861206084488 7.4504572196528889 53.802633379105828 1306.3095002322225 0.36256450414657582 0.17130303382873524
leaf_count=4951 64 838 1190 8905 2 1
internal_value=0.000145789 0.000378053 0 0.000297124 -0.0415342 -0.0518547
internal_weight=1383.17 1375.75 1367.73 1360.11 7.42026 7.62176
internal_count=15951 10998 10934 10095 4953 839
is_linear=0
shrinkage=0.04


Tree=193
num_leaves=7
num_cat=0
split_feature=0 4 5 6 5 4
split_gain=8.32295 9.82688 10.7468 30.6201 14.012 2.29738
threshold=1.0000000180025095e-35 0.88194444444444453 0.82904856075587785 0.37980769230769235 0.76224734498115809 0.97368421052631582
decision_type=2 2 2 2 2 2
left_child=1 2 4 -4 -1 -2
right_child=5 -3 3 -5 -6 -7
leaf_value=-0.001789769691258534 0.018434076181837997 0.030362887035307741 -0.076550346271411898 -0.0027017331728463635 0.010335836676465983 -0.01879953414251136
leaf_weight=1086.8686983050357 46.163694539107382 16.150816347450018 11.197108572348951 42.794156190007925 177.15498971566558 2.6025372613221398
leaf_count=15194 314 34 57 75 266 11
internal_value=0.000139785 -0.000453132 -0.000836815 -0.0182799 -8.73978e-05 0.0163375
internal_weight=1382.93 1334.17 1318.01 53.9913 1264.02 48.7662
internal_count=15951 15626 15592 132 15460 325
is_linear=0
shrinkage=0.04


Tree=194
num_leaves=7
num_cat=0
split_feature=7 4 4 6 5 5
split_gain=8.15987 8.19615 30.2507 61.5945 32.3397 26.5453
threshold=1.0000000180025095e-35 0.47913043478260875 0.41801075268817212 0.31009615384615391 0.77360164536032594 0.52559423544825024
decision_type=2 2 2 2 2 2
left_child=-1 2 4 -4 -2 -3
right_child=1 5 3 -5 -6 -7
leaf_value=-0.041688633077900772 -0.00034088247840859137 -0.071483831001274173 -0.065187255745822917 -0.0034845632365308656 0.043293977157688505 0.0060064725792318401
leaf_weight=7.2230217238029573 756.88047298586753 6.9848112948238841 34.516359467059374 102.17016300372779 27.985483088064939 445.0687657832168
leaf_count=717 14012 34 162 199 26 801
internal_value=0.000134572 0.00036199 -0.00180048 -0.0191529 0.00122306 0.00477364
internal_weight=1380.83 1373.61 921.552 136.687 784.866 452.054
internal_count=15951 15234 14399 361 14038 835
is_linear=0
shrinkage=0.04


Tree=195
num_leaves=7
num_cat=0
split_feature=7 5 4 5 5 5
split_gain=8.00823 25.4351 37.9901 31.4476 21.5501 16.8005
threshold=0.75000000000000011 0.55051025667456976 0.26006441223832533 0.6802061855670104 0.68541963390831895 0.55051025667456976
decision_type=2 2 2 2 2 2
left_child=5 2 -2 -3 -5 -1
right_child=1 3 -4 4 -6 -7
leaf_value=-0.0088595689182014627 -0.041194229555115362 -0.057754258894754919 0.050524207576001151 0.06800601366853791 -0.0087732812957089564 0.0018751990895311621
leaf_weight=305.31232297372117 8.811200460244434 14.524832807597702 36.513462081551552 8.2216212600469607 18.918629700085148 985.88001225695189
leaf_count=12407 184 94 48 2 49 3167
internal_value=0.000128168 0.0118623 0.0325474 -0.0106398 0.0147397 -0.000662549
internal_weight=1378.18 86.9897 45.3247 41.6651 27.1403 1291.19
internal_count=15951 377 232 145 51 15574
is_linear=0
shrinkage=0.04


Tree=196
num_leaves=7
num_cat=0
split_feature=0 4 4 4 5 6
split_gain=7.89932 9.51699 11.6686 40.321 24.1622 2.28584
threshold=1.0000000180025095e-35 0.16441441441441443 0.20256410256410259 0.24190177638453506 0.3375811688311689 0.84523809523809534
decision_type=2 2 2 2 2 2
left_child=1 -1 4 -4 -3 -2
right_child=5 2 3 -5 -6 -7
leaf_value=-0.039113920422069619 0.020337293019075293 -0.048752345664972101 -0.044505585683742514 9.728772699881883e-05 0.022655587830986913 -0.0012838866599973373
leaf_weight=9.910736945581446 38.551761009031907 8.3070386576000583 33.120631299098022 1207.9689027683926 69.244302635313943 9.5597107885405403
leaf_count=9954 270 85 916 3452 1219 55
internal_value=0.000122927 -0.000453299 -0.000155326 -0.00109839 0.0148752 0.0160123
internal_weight=1376.66 1328.55 1318.64 1241.09 77.5513 48.1115
internal_count=15951 15626 5672 4368 1304 325
is_linear=0
shrinkage=0.04


Tree=197
num_leaves=7
num_cat=0
split_feature=5 5 9 4 4 6
split_gain=7.87642 36.4261 40.3891 24.8051 28.876 30.8234
threshold=0.36245805369127521 0.35985611510791371 0.080128205128205135 0.19782608695652179 0.20256410256410259 0.46410256410256417
decision_type=2 2 2 2 2 2
left_child=1 2 -1 -2 5 -5
right_child=3 -3 -4 4 -6 -7
leaf_value=-0.050586678645321327 -0.036720655447069907 0.063612712738519567 0.020315614699974522 -0.03961609695875272 -0.00067289740566202729 0.062239024263904534
leaf_weight=18.713287407350435 29.546793698071269 17.118399752202095 39.913163798788446 5.8848047261126366 1242.0054952094215 21.865273918956518
leaf_count=3987 4082 65 2994 217 4519 87
internal_value=0.00011627 0.0126386 -0.00237711 -0.00061403 0.000230235 0.0404387
internal_weight=1375.05 75.7449 58.6265 1299.3 1269.76 27.7501
internal_count=15951 7046 6981 8905 4823 304
is_linear=0
shrinkage=0.04


Tree=198
num_leaves=7
num_cat=0
split_feature=7 9 5 5 5 5
split_gain=7.76363 8.22244 43.906 47.1146 36.9516 26.6858
threshold=1.0000000180025095e-35 0.080128205128205135 0.62755527743012107 0.60476460578559277 0.66147789218655373 0.76224734498115809
decision_type=2 2 2 2 2 2
left_child=-1 2 3 -2 -4 -3
right_child=1 5 4 -5 -6 -7
leaf_value=-0.041324265588246416 0.0038303528556331125 -0.0067646669777935743 -0.050311139043969125 0.036467844263239631 -0.0035725661190541807 0.0099070774149980969
leaf_weight=6.9968054212513371 277.94390729349107 577.87941649106506 31.814139458118007 94.851397100486793 176.133465787163 208.95677330670878
leaf_count=717 7484 6556 196 191 448 359
internal_value=0.000110049 0.000329509 0.00394028 0.0121549 -0.0107742 -0.00233329
internal_weight=1374.58 1367.58 580.743 372.795 207.948 786.836
internal_count=15951 15234 8319 7675 644 6915
is_linear=0
shrinkage=0.04


Tree=199
num_leaves=7
num_cat=0
split_feature=9 9 6 2 9 9
split_gain=7.7428 15.3801 14.896 21.5558 15.4615 14.8253
threshold=0.15476190476190479 0.17424242424242428 0.36931818181818188 1.0000000180025095e-35 0.23636363636363639 0.11805555555555557
decision_type=2 2 2 2 2 2
left_child=5 -2 3 -3 -4 -1
right_child=1 2 4 -5 -6 -7
leaf_value=-0.0005113047470676641 0.027441815199861927 0.015829622006253641 -0.091226987409251864 -0.057131049197245244 0.01120692098197312 -0.042645199237578119
leaf_weight=1200.8497533359732 47.382426431286149 11.128884540390573 2.2237406373023978 14.966141001728829 83.868183754442725 13.314365614423876
leaf_count=15058 75 163 12 189 269 185
internal_value=0.000105705 0.00838495 0.000283924 -0.0260553 0.00833259 -0.000981934
internal_weight=1373.73 159.569 112.187 26.095 86.0919 1214.16
internal_count=15951 708 633 352 281 15243
is_linear=0
shrinkage=0.04


Tree=200
num_leaves=7
num_cat=0
split_feature=7 5 4 5 5 6
split_gain=7.66963 23.6562 34.3653 28.7657 20.1617 16.1127
threshold=0.75000000000000011 0.55051025667456976 0.26006441223832533 0.6802061855670104 0.68541963390831895 0.095454545454545472
decision_type=2 2 2 2 2 2
left_child=5 2 -2 -3 -5 -1
right_child=1 3 -4 4 -6 -7
leaf_value=-0.010284496567058226 -0.039852948383835199 -0.055233394691382963 0.048572054564931674 0.065906312940689993 -0.0084766262816808914 0.0014098950839242716
leaf_weight=229.1922954937254 8.5165454625966941 14.474068753886966 36.444763675332069 8.1751364320516604 18.956793128279969 1056.9318061300946
leaf_count=9117 184 94 48 2 49 6457
internal_value=0.000101161 0.0116129 0.031676 -0.0100682 0.0141808 -0.000673811
internal_weight=1372.69 86.5673 44.9613 41.606 27.1319 1286.12
internal_count=15951 377 232 145 51 15574
is_linear=0
shrinkage=0.04


Tree=201
num_leaves=7
num_cat=0
split_feature=4 5 6 9 5 4
split_gain=7.74089 25.3492 48.7433 44.18 42.4658 32.3534
threshold=0.35067567567567576 0.40954368655725265 0.24038461538461542 0.080128205128205135 0.7070237256283769 0.26006441223832533
decision_type=2 2 2 2 2 2
left_child=1 5 4 -4 -3 -1
right_child=-2 2 3 -5 -6 -7
leaf_value=-0.0086057294719508459 0.0023325091237301689 -0.042070096802900719 0.014161455962278371 -0.019010753596795577 0.033487469637801123 0.032616550511805446
leaf_weight=61.084639592249005 883.29001564579085 91.077806012406654 150.54330970844603 111.74246717643109 13.504313561919842 60.32755958288908
leaf_count=8256 1942 3740 1023 831 55 104
internal_value=9.69845e-05 -0.00394224 -0.0091877 1.76546e-05 -0.0322492 0.0118804
internal_weight=1371.57 488.28 366.868 262.286 104.582 121.412
internal_count=15951 14009 5649 1854 3795 8360
is_linear=0
shrinkage=0.04


Tree=202
num_leaves=7
num_cat=0
split_feature=0 4 5 4 5 6
split_gain=7.78915 9.10045 10.5713 28.3957 11.2863 2.27659
threshold=1.0000000180025095e-35 0.88194444444444453 0.82904856075587785 0.6858552631578948 0.76224734498115809 0.84523809523809534
decision_type=2 2 2 2 2 2
left_child=1 2 4 -4 -1 -2
right_child=5 -3 3 -5 -6 -7
leaf_value=-0.0016316358350980228 0.020237229041295175 0.029852232659800852 -0.061646130277710535 0.0012226424868571225 0.009332117896966273 -0.0013669873931234028
leaf_weight=1076.8720032808924 38.356297764461488 15.432224120944737 16.434915335848927 36.983692321926355 174.37397213093936 9.540777809917925
leaf_count=15194 270 34 69 63 266 55
internal_value=9.16198e-05 -0.000482924 -0.000847797 -0.0182402 -0.000100879 0.0159044
internal_weight=1367.99 1320.1 1304.66 53.4186 1251.25 47.8971
internal_count=15951 15626 15592 132 15460 325
is_linear=0
shrinkage=0.04


Tree=203
num_leaves=7
num_cat=0
split_feature=5 5 5 5 0 0
split_gain=7.52697 18.6217 11.8693 14.1527 1.35948 0.807807
threshold=0.28639781271360226 0.28850937619594341 0.31674917491749183 0.36245805369127521 1.0000000180025095e-35 1.0000000180025095e-35
decision_type=2 2 2 2 2 2
left_child=4 -2 5 -4 -1 -3
right_child=1 2 3 -5 -6 -7
leaf_value=-0.045598493381141879 0.060889040608143832 -0.053193365226863625 0.020417091144261913 -0.00061448940856301173 0.022102162465893086 0.013599739689442674
leaf_weight=6.4530812582415811 7.8689238656079388 6.9228223186364621 53.104686387810943 1291.2289606245249 0.35429762303829182 0.17728690803050984
leaf_count=4951 64 838 1190 8905 2 1
internal_value=8.86995e-05 0.00030328 -5.69671e-05 0.000217739 -0.0412593 -0.0509247
internal_weight=1366.11 1359.3 1351.43 1344.33 6.80738 7.10011
internal_count=15951 10998 10934 10095 4953 839
is_linear=0
shrinkage=0.04


Tree=204
num_leaves=7
num_cat=0
split_feature=7 4 5 4 5 5
split_gain=7.36936 7.6468 24.1108 39.8889 25.011 23.5239
threshold=1.0000000180025095e-35 0.35067567567567576 0.70183873144399467 0.38585607940446659 0.41946762914504859 0.76224734498115809
decision_type=2 2 2 2 2 2
left_child=-1 5 4 -4 -3 -2
right_child=1 2 3 -5 -6 -7
leaf_value=-0.040963523458408022 -0.0054606702682905694 -0.067194968487147594 -0.077933638337040562 -0.0028798262622953185 0.0092090907636591442 0.041595146998123667
leaf_weight=6.7613452988734926 465.59448163864727 6.7466467171907416 11.507276792079209 355.9151510912925 501.90963535243645 17.436057187616825
leaf_count=717 13389 35 58 754 988 10
internal_value=8.50001e-05 0.000296678 0.00252574 -0.00527699 0.00816575 -0.00374144
internal_weight=1365.87 1359.11 876.079 367.422 508.656 483.031
internal_count=15951 15234 1835 812 1023 13399
is_linear=0
shrinkage=0.04


Tree=205
num_leaves=7
num_cat=0
split_feature=0 4 9 9 9 5
split_gain=7.36813 8.69651 10.1105 29.3933 11.9627 2.25783
threshold=1.0000000180025095e-35 0.88194444444444453 0.41428571428571431 0.65714285714285725 0.28636363636363643 0.52364972834771506
decision_type=2 2 2 2 2 2
left_child=1 2 4 -4 -1 -2
right_child=5 -3 3 -5 -6 -7
leaf_value=-0.0011290044179615099 -0.00321494952593033 0.02955685135698197 -0.077855712935340757 0.041644235439650359 0.021767814992758556 0.019571326354384713
leaf_weight=1250.3352804409551 8.2185450471006316 15.044903654605148 8.8433778488979424 4.9967517852783194 37.403036481118761 39.027222744189203
leaf_count=15442 51 34 54 2 94 274
internal_value=8.08369e-05 -0.000475688 -0.000828857 -0.0345911 -0.000459124 0.0155686
internal_weight=1363.87 1316.62 1301.58 13.8401 1287.74 47.2458
internal_count=15951 15626 15592 56 15536 325
is_linear=0
shrinkage=0.04


Tree=206
num_leaves=7
num_cat=0
split_feature=7 5 4 5 5 5
split_gain=7.34995 22.4392 31.467 26.8383 18.6802 15.0989
threshold=0.75000000000000011 0.55051025667456976 0.26006441223832533 0.6802061855670104 0.68541963390831895 0.55051025667456976
decision_type=2 2 2 2 2 2
left_child=5 2 -2 -3 -5 -1
right_child=1 3 -4 4 -6 -7
leaf_value=-0.0085417236826474292 -0.038599775352611929 -0.053855266500095721 0.047020902592258322 0.063642763749901354 -0.0081437026216969136 0.0017234138916914451
leaf_weight=299.3154677414168 8.2705944621993677 14.25176584208384 36.355827391147614 8.0995311588048953 19.01926984032616 976.81384352661553
leaf_count=12407 184 94 48 2 49 3167
internal_value=7.83448e-05 0.0113845 0.0310068 -0.00978131 0.0135324 -0.000683663
internal_weight=1362.13 85.997 44.6264 41.3706 27.1188 1276.13
internal_count=15951 377 232 145 51 15574
is_linear=0
shrinkage=0.04


Tree=207
num_leaves=7
num_cat=0
split_feature=5 5 9 4 4 5
split_gain=7.65465 33.1057 37.4663 22.2062 27.1247 28.0143
threshold=0.36245805369127521 0.35985611510791371 0.080128205128205135 0.19782608695652179 0.20256410256410259 0.56086163665374988
decision_type=2 2 2 2 2 2
left_child=1 2 -1 -2 5 -5
right_child=3 -3 -4 4 -6 -7
leaf_value=-0.049833979161867152 -0.035917204447266288 0.061174090837901832 0.019700567508513948 0.057972182942520788 -0.0007517669653858011 -0.043238994350341953
leaf_weight=17.847355527559557 27.738450303135323 17.021900934108999 39.393370484940533 22.83346180309309 1230.5931976994034 5.2235350171104065
leaf_count=3987 4082 65 2994 236 4519 68
internal_value=7.51189e-05 0.0125455 -0.00204314 -0.000645077 0.000136253 0.0388857
internal_weight=1360.65 74.2626 57.2407 1286.39 1258.65 28.057
internal_count=15951 7046 6981 8905 4823 304
is_linear=0
shrinkage=0.04


Tree=208
num_leaves=7
num_cat=0
split_feature=0 7 4 4 6 9
split_gain=7.09171 8.37795 8.39037 14.9305 2.2697 3.14064
threshold=1.0000000180025095e-35 1.0000000180025095e-35 0.82085561497326209 0.80625000000000013 0.84523809523809534 0.087121212121212141
decision_type=2 2 2 2 2 2
left_child=1 -1 3 -3 -2 -6
right_child=4 2 -4 -5 5 -7
leaf_value=-0.046481416383073092 0.019735033372550843 -0.0005454442243574615 0.022717614903547338 -0.12317660356342054 0.014015563288133526 -0.03381781128744428
leaf_weight=6.1030295642412957 37.416463672183454 1281.2096780260763 24.756454503163695 1.3906863182783116 6.2755034789442998 3.1158437826670706
leaf_count=716 270 14846 57 7 38 17
internal_value=7.06301e-05 -0.000474168 -0.00025079 -0.000699152 0.0153376 -0.00202023
internal_weight=1360.27 1313.46 1307.36 1282.6 46.8078 9.39135
internal_count=15951 15626 14910 14853 325 55
is_linear=0
shrinkage=0.04


Tree=209
num_leaves=7
num_cat=0
split_feature=5 5 9 4 4 6
split_gain=7.11016 30.5832 35.2856 21.147 24.5121 25.8684
threshold=0.36245805369127521 0.35985611510791371 0.080128205128205135 0.19782608695652179 0.20256410256410259 0.46410256410256417
decision_type=2 2 2 2 2 2
left_child=1 2 -1 -2 5 -5
right_child=3 -3 -4 4 -6 -7
leaf_value=-0.049206561453427479 -0.035564607361958711 0.058858444035193747 0.018883388893642068 -0.038980236846289915 -0.00072641375087222721 0.055409193096913043
leaf_weight=17.364262830407824 26.932480677351123 17.000866374641191 39.487756560261914 5.6322098358068642 1229.5468118510908 22.964157918002456
leaf_count=3987 4082 65 2994 217 4519 87
internal_value=6.73107e-05 0.0121208 -0.0019778 -0.00062562 0.000126246 0.0366076
internal_weight=1358.93 73.8529 56.852 1285.08 1258.14 28.5964
internal_count=15951 7046 6981 8905 4823 304
is_linear=0
shrinkage=0.04


Tree=210
num_leaves=7
num_cat=0
split_feature=7 5 5 4 6 2
split_gain=7.07916 21.1802 29.2468 25.3233 21.2078 16.1817
threshold=0.75000000000000011 0.55051025667456976 0.40783086356668374 0.38585607940446659 0.16025641025641027 1.0000000180025095e-35
decision_type=2 2 2 2 2 2
left_child=-1 2 -2 -3 -5 -4
right_child=1 3 5 4 -6 -7
leaf_value=-0.0006847532570322507 -0.054689177899625227 -0.058025567939749223 -0.044854421092947669 0.064761214574182949 -0.010455135379350692 0.050032510184231188
leaf_weight=1272.8857657645494 5.4713671790668732 11.931925832643172 2.949613736534956 8.1230688840150851 21.223233887460083 35.898172350949608
leaf_count=15574 88 86 36 3 56 108
internal_value=6.32696e-05 0.0111858 0.0303385 -0.00937679 0.0105945 0.0425839
internal_weight=1358.48 85.5974 44.3192 41.2782 29.3463 38.8478
internal_count=15951 377 232 145 59 144
is_linear=0
shrinkage=0.04


Tree=211
num_leaves=7
num_cat=0
split_feature=5 5 7 6 5 2
split_gain=7.22178 39.4168 49.1168 62.0623 31.6249 30.2859
threshold=0.53368237347294956 0.44497103738809901 0.75000000000000011 0.84523809523809534 0.5361571791423877 1.0000000180025095e-35
decision_type=2 2 2 2 2 2
left_child=1 5 3 -3 -2 -1
right_child=4 2 -4 -5 -6 -7
leaf_value=-0.02636559594569057 0.071197616125713889 -0.04687633385014172 0.034896075898744099 0.057762575018005718 0.00090486596936222605 0.014464879648569471
leaf_weight=36.266806391926366 10.14234231879527 84.464519397326512 18.720721940859221 9.9698689281940442 1055.9171978387822 142.78107850010565
leaf_count=6996 58 2589 88 13 3668 2539
internal_value=6.01151e-05 -0.00550723 -0.0239695 -0.0357093 0.00158873 0.00616317
internal_weight=1358.26 292.203 113.155 94.4344 1066.06 179.048
internal_count=15951 12225 2690 2602 3726 9535
is_linear=0
shrinkage=0.04


Tree=212
num_leaves=7
num_cat=0
split_feature=4 5 4 4 5 5
split_gain=7.02675 23.4628 36.4495 35.6267 23.1663 22.3906
threshold=0.35067567567567576 0.70183873144399467 0.38585607940446659 0.39009661835748799 0.41946762914504859 0.40954368655725265
decision_type=2 2 2 2 2 2
left_child=5 4 -3 -4 -2 -1
right_child=1 2 3 -5 -6 -7
leaf_value=0.011218629927942533 -0.064938691016424591 -0.074790473826322201 0.076487981435978486 -0.0051959353725466043 0.0087632393254588447 -0.0088115573078109289
leaf_weight=118.49506718905468 6.7141665690578511 11.556971183978019 8.5554883480072004 349.50290423235856 501.49742108560167 359.76106604371671
leaf_count=8360 37 63 5 790 1047 5649
internal_value=5.64946e-05 0.00218313 -0.00548018 -0.00319698 0.00776044 -0.00384199
internal_weight=1356.08 877.827 369.615 358.058 508.212 478.256
internal_count=15951 1942 858 795 1084 14009
is_linear=0
shrinkage=0.04


Tree=213
num_leaves=7
num_cat=0
split_feature=9 5 5 2 5 6
split_gain=7.04719 43.584 43.8957 49.2237 33.3749 40.4038
threshold=0.080128205128205135 0.62755527743012107 0.61341513292433547 1.0000000180025095e-35 0.66147789218655373 0.84523809523809534
decision_type=2 2 2 2 2 2
left_child=1 2 3 -1 5 -3
right_child=-2 4 -4 -5 -6 -7
leaf_value=-0.032006950426564991 -0.002430958211881619 -0.069665339974032375 0.039938030826720677 0.01210081764431695 -0.0043445101063136413 0.046251029280444049
leaf_weight=48.128171821485012 777.50289331193198 26.188559560279831 70.8879767631297 248.8655542238339 177.9562119054026 5.7148657739162436
leaf_count=4341 7090 218 125 3658 513 6
internal_value=5.37161e-05 0.00340064 0.011699 0.00492964 -0.011134 -0.0486801
internal_weight=1355.24 577.741 367.882 296.994 209.86 31.9034
internal_count=15951 8861 8124 7999 737 224
is_linear=0
shrinkage=0.04


Tree=214
num_leaves=7
num_cat=0
split_feature=9 6 4 9 4 5
split_gain=7.08605 15.1712 17.2873 13.5311 13.5363 11.0201
threshold=0.15476190476190479 0.52272727272727282 0.69615384615384623 0.11805555555555557 0.68990384615384626 0.62345301757066474
decision_type=2 2 2 2 2 2
left_child=3 -2 5 -1 -5 -3
right_child=1 2 -4 4 -6 -7
leaf_value=-0.00053770230667018581 0.013756530484504783 0.0041065067890916837 0.02689928517039919 -0.07138983371639554 0.011782673864280058 -0.062409699995251824
leaf_weight=1186.1635128662965 129.08119651074958 5.7289332747459474 8.5843340950086695 8.3244039587152638 4.8098923563957205 12.331554227508603
leaf_count=15058 606 13 30 178 7 59
internal_value=5.13372e-05 0.0080744 -0.0192756 -0.000989944 -0.0410615 -0.0413868
internal_weight=1355.02 155.726 26.6448 1199.3 13.1343 18.0605
internal_count=15951 708 102 15243 185 72
is_linear=0
shrinkage=0.04


Tree=215
num_leaves=7
num_cat=0
split_feature=0 7 4 4 6 4
split_gain=7.06138 7.94686 8.00847 13.2807 2.22657 2.98287
threshold=1.0000000180025095e-35 1.0000000180025095e-35 0.82085561497326209 0.80625000000000013 0.84523809523809534 0.56385869565217395
decision_type=2 2 2 2 2 2
left_child=1 -1 3 -3 -2 -6
right_child=4 2 -4 -5 5 -7
leaf_value=-0.046314754520455054 0.019670438212161714 -0.00057036123013033278 0.02236853615219684 -0.11396231549299515 0.036199573094758471 -0.014705402517248634
leaf_weight=5.829429570487263 37.296281721908599 1275.535818466029 24.297929618507624 1.4550075232982624 2.2496894076466543 7.1779321776703
leaf_count=716 270 14846 57 7 12 43
internal_value=4.89225e-05 -0.000496824 -0.00028295 -0.000718952 0.0152961 -0.00185069
internal_weight=1353.84 1307.12 1301.29 1276.99 46.7239 9.42762
internal_count=15951 15626 14910 14853 325 55
is_linear=0
shrinkage=0.04


Tree=216
num_leaves=7
num_cat=0
split_feature=5 5 7 6 5 2
split_gain=7.00723 36.2651 46.6377 58.4136 28.2314 27.0914
threshold=0.53368237347294956 0.44497103738809901 0.75000000000000011 0.84523809523809534 0.5361571791423877 1.0000000180025095e-35
decision_type=2 2 2 2 2 2
left_child=1 5 3 -3 -2 -1
right_child=4 2 -4 -5 -6 -7
leaf_value=-0.025571442789214496 0.066321799841234222 -0.046327851213228723 0.033909641786649479 0.055281200121464737 0.0008912539451918413 0.013433298720779309
leaf_weight=35.349231536962179 10.459272583728305 81.906342076108558 18.642227975535206 9.9872741661965829 1053.1522251709684 143.04083247332892
leaf_count=6996 58 2589 88 13 3668 2539
internal_value=4.67096e-05 -0.0054736 -0.0234586 -0.0351669 0.00154891 0.00567306
internal_weight=1352.54 288.926 110.536 91.8936 1063.61 178.39
internal_count=15951 12225 2690 2602 3726 9535
is_linear=0
shrinkage=0.04


Tree=217
num_leaves=7
num_cat=0
split_feature=4 5 5 5 5 5
split_gain=6.76296 22.594 28.1719 53.4127 48.4433 21.2158
threshold=0.35067567567567576 0.76224734498115809 0.62345301757066474 0.68541963390831895 0.61060666934511865 0.70183873144399467
decision_type=2 2 2 2 2 2
left_child=1 2 4 -4 -1 -2
right_child=5 -3 3 -5 -6 -7
leaf_value=-0.0067581381907966722 0.0074580604929059789 0.041005874609102433 -0.060294597768424663 0.011167392531248601 0.035372480526693381 -0.0051438155390294438
leaf_weight=340.25306553579503 505.44709854642861 17.144819932058454 38.299633362417808 29.434472078210092 49.888784045397188 369.93342822371051
leaf_count=13329 1084 11 402 123 144 858
internal_value=4.37165e-05 -0.00379656 -0.00549569 -0.0292692 -0.00135026 0.0021303
internal_weight=1350.4 475.021 457.876 67.7341 390.142 875.381
internal_count=15951 14009 13998 525 13473 1942
is_linear=0
shrinkage=0.04


Tree=218
num_leaves=7
num_cat=0
split_feature=0 4 4 4 5 6
split_gain=6.78274 7.83083 11.0441 36.2552 22.2321 2.15755
threshold=1.0000000180025095e-35 0.16441441441441443 0.20256410256410259 0.24190177638453506 0.56086163665374988 0.84523809523809534
decision_type=2 2 2 2 2 2
left_child=1 -1 4 -4 -3 -2
right_child=5 2 3 -5 -6 -7
leaf_value=-0.038907063170031127 0.019414682226034003 0.022481756505323584 -0.044355759888717858 -5.9229240118333445e-05 -0.044628228002655784 -0.0017806177854490315
leaf_weight=8.2362658866295515 36.836548173101619 66.759086415579077 30.119983939628582 1188.1850635019946 8.7498502037487906 9.4431550148874503
leaf_count=9954 270 1099 916 3452 205 55
internal_value=4.17792e-05 -0.000492641 -0.000240578 -0.00116311 0.0145814 0.0150578
internal_weight=1348.33 1302.05 1293.81 1218.31 75.5089 46.2797
internal_count=15951 15626 5672 4368 1304 325
is_linear=0
shrinkage=0.04


Tree=219
num_leaves=7
num_cat=0
split_feature=4 4 6 4 5 6
split_gain=6.55236 29.3102 56.4988 31.0509 28.4038 30.3023
threshold=0.47913043478260875 0.41801075268817212 0.31009615384615391 0.45643939393939398 0.7834192439862544 0.64583333333333337
decision_type=2 2 2 2 2 2
left_child=1 4 -3 -4 5 -1
right_child=-2 2 3 -5 -6 -7
leaf_value=-0.0028396592042580116 0.0039873516649024171 -0.063539174643202467 -0.026488536426486232 0.017668434547951872 0.046070962648803157 0.024667799649814075
leaf_weight=670.52297810025266 448.47879525017925 33.989417888224125 49.962244190275669 51.555051295086741 21.641166672576219 70.642399778385879
leaf_count=14539 877 169 144 70 20 132
internal_value=3.82512e-05 -0.00193154 -0.0190607 -0.00405333 0.00111289 -0.000209207
internal_weight=1346.79 898.313 135.507 101.517 762.807 741.165
internal_count=15951 15074 383 214 14691 14671
is_linear=0
shrinkage=0.04


Tree=220
num_leaves=7
num_cat=0
split_feature=9 5 5 5 5 6
split_gain=6.62752 39.479 39.8671 31.401 30.948 37.291
threshold=0.080128205128205135 0.62755527743012107 0.35985611510791371 0.61341513292433547 0.66147789218655373 0.84523809523809534
decision_type=2 2 2 2 2 2
left_child=1 2 -1 -4 5 -3
right_child=-2 4 3 -5 -6 -7
leaf_value=-0.049062851684335551 -0.0023820396020134758 -0.06756511319772629 0.0080796754989485263 0.038034535526522126 -0.0040904997288091511 0.045752418419081592
leaf_weight=16.531622685848561 771.33825234344113 25.56225006168825 277.7972813044762 70.08298716833815 177.54304667749966 5.4987412840127936
leaf_count=3987 7090 218 4012 125 513 6
internal_value=3.6902e-05 0.00329623 0.0112405 0.0141384 -0.0105695 -0.0472761
internal_weight=1344.35 573.016 364.412 347.88 208.604 31.061
internal_count=15951 8861 8124 4137 737 224
is_linear=0
shrinkage=0.04


Tree=221
num_leaves=7
num_cat=0
split_feature=5 4 5 9 4 4
split_gain=7.04484 26.4865 22.5311 33.2666 19.9809 22.3169
threshold=0.36245805369127521 0.31698564593301443 0.35985611510791371 0.080128205128205135 0.19782608695652179 0.20256410256410259
decision_type=2 2 2 2 2 2
left_child=1 2 3 -1 -2 -6
right_child=4 -3 -4 -5 5 -7
leaf_value=-0.04622098727568906 -0.035384000036948159 -0.06535169711133286 0.059952391520378526 0.026409417062791651 0.034719088728539814 -0.00075810236871415033
leaf_weight=13.798248956474707 25.765604053096467 6.2289275191724292 16.449416011062567 35.898581750476296 28.846458346291911 1217.1646807637007
leaf_count=3975 4082 32 62 2977 304 4519
internal_value=3.50899e-05 0.0121579 0.019662 0.00609918 -0.000655034 6.70669e-05
internal_weight=1344.15 72.3752 66.1462 49.6968 1271.78 1246.01
internal_count=15951 7046 7014 6952 8905 4823
is_linear=0
shrinkage=0.04


Tree=222
num_leaves=7
num_cat=0
split_feature=9 6 4 9 6 6
split_gain=6.76183 14.416 16.0905 12.6267 25.5635 50.3867
threshold=0.15476190476190479 0.52272727272727282 0.78362573099415223 0.10555555555555557 0.095454545454545472 0.10555555555555557
decision_type=2 2 2 2 2 2
left_child=3 -2 -3 -1 -5 -6
right_child=1 2 -4 4 5 -7
leaf_value=0.00063356011990550385 0.013473774276850656 -0.03729436640831265 0.033646339996955328 -0.055201373758245381 0.089699385863959494 -0.011565753764151129
leaf_weight=1030.2734307208702 127.71551925864333 19.522509496659044 6.7057332498952738 18.659070604080625 8.1539874666486849 132.75985222302552
leaf_count=14161 606 81 21 494 10 578
internal_value=3.25195e-05 0.00791676 -0.018964 -0.000987031 -0.0114505 -0.00557304
internal_weight=1343.79 153.944 26.2282 1189.85 159.573 140.914
internal_count=15951 708 102 15243 1082 588
is_linear=0
shrinkage=0.04


Tree=223
num_leaves=7
num_cat=0
split_feature=4 5 5 6 4 5
split_gain=6.92036 21.0671 26.0834 30.6147 26.266 19.2792
threshold=0.35067567567567576 0.76224734498115809 0.42722859664607243 0.095454545454545472 0.31909090909090915 0.70183873144399467
decision_type=2 2 2 2 2 2
left_child=1 2 4 -4 -1 -2
right_child=5 -3 3 -5 -6 -7
leaf_value=0.01212147063835025 0.0072386619497051006 0.04004125550521459 -0.041024012687658672 -0.0065366929345703709 -0.083124169025894909 -0.004787475453060382
leaf_weight=134.98843053239398 502.92044220631942 16.640602687373757 48.636303638795653 265.2665151816509 4.5946438303217283 369.87386126047932
leaf_count=8899 1084 11 2818 2256 25 858
internal_value=3.12077e-05 -0.00387876 -0.00551175 -0.0119093 0.00885752 0.00213999
internal_weight=1342.92 470.126 453.486 313.903 139.583 872.794
internal_count=15951 14009 13998 5074 8924 1942
is_linear=0
shrinkage=0.04


Tree=224
num_leaves=7
num_cat=0
split_feature=5 5 6 2 9 9
split_gain=6.85635 33.4227 51.6262 32.6749 39.0129 30.7162
threshold=0.53368237347294956 0.47148664343786301 0.84523809523809534 1.0000000180025095e-35 0.10555555555555557 0.23636363636363639
decision_type=2 2 2 2 2 2
left_child=1 3 -3 5 -5 -1
right_child=-2 2 -4 4 -6 -7
leaf_value=-0.048244681394615192 0.0015136386613598294 -0.039080455122349575 0.061033762445614793 0.016249346376072726 -0.059367309841976294 0.036423024093630463
leaf_weight=30.755321905402525 1056.7413912863267 70.465367530385265 9.1346099413931352 153.66372205911466 11.54642613128817 8.6188992048337223
leaf_count=7011 3726 1856 8 2918 242 190
internal_value=2.87307e-05 -0.00548306 -0.0274425 0.00306963 0.0108871 -0.0295702
internal_weight=1340.93 284.184 79.6 204.584 165.21 39.3742
internal_count=15951 12225 1864 10361 3160 7201
is_linear=0
shrinkage=0.04


Tree=225
num_leaves=7
num_cat=0
split_feature=0 4 9 9 9 6
split_gain=6.72055 7.66062 8.80972 26.4372 10.8018 2.13219
threshold=1.0000000180025095e-35 0.88194444444444453 0.41428571428571431 0.65714285714285725 0.28636363636363643 0.84523809523809534
decision_type=2 2 2 2 2 2
left_child=1 2 4 -4 -1 -2
right_child=5 -3 3 -5 -6 -7
leaf_value=-0.001132398839904558 0.019339338377496625 0.028699971272823404 -0.075300791458019697 0.041273056179316425 0.020930482426907725 -0.0017289187234424616
leaf_weight=1228.8403070395434 36.700083909323439 14.00449503213167 8.376276665076146 4.7017071247100821 36.357341492082924 9.4537955122068507
leaf_count=15442 270 34 54 2 94 55
internal_value=2.57786e-05 -0.000509427 -0.000835443 -0.0332499 -0.000493601 0.0149919
internal_weight=1338.43 1292.28 1278.28 13.078 1265.2 46.1539
internal_count=15951 15626 15592 56 15536 325
is_linear=0
shrinkage=0.04


Tree=226
num_leaves=7
num_cat=0
split_feature=4 4 5 9 2 6
split_gain=6.4451 42.5893 22.9292 15.6482 14.0116 11.9658
threshold=0.52786377708978338 0.50925925925925941 0.81182294700058255 0.41428571428571431 1.0000000180025095e-35 0.76388888888888895
decision_type=2 2 2 2 2 2
left_child=1 2 3 -1 -2 -6
right_child=4 -3 -4 -5 5 -7
leaf_value=-8.6332015831290596e-05 0.019339460767384405 -0.097760575704179106 -0.088810568662577527 -0.073314970669646456 0.0043220699341526385 -0.018480270810977906
leaf_weight=993.57077144383948 80.777523307595402 7.1093739643692961 4.5196625315584233 4.4913436735369023 201.49458770896308 44.843429078347981
leaf_count=15199 114 35 30 35 401 137
internal_value=2.53705e-05 -0.00155409 -0.00085053 -0.000432492 0.0049047 0.00015139
internal_weight=1336.81 1009.69 1002.58 998.062 327.116 246.338
internal_count=15951 15299 15264 15234 652 538
is_linear=0
shrinkage=0.04


Tree=227
num_leaves=7
num_cat=0
split_feature=9 9 6 2 9 9
split_gain=6.40124 14.2899 13.0518 19.9256 14.0016 12.0615
threshold=0.15476190476190479 0.17424242424242428 0.36931818181818188 1.0000000180025095e-35 0.23636363636363639 0.11805555555555557
decision_type=2 2 2 2 2 2
left_child=5 -2 3 -3 -4 -1
right_child=1 2 4 -5 -6 -7
leaf_value=-0.0005413454184948753 0.026426693876355444 0.015196355600678545 -0.087308076088235598 -0.056183800181371708 0.010416435286634306 -0.039408465377416095
leaf_weight=1171.3381700185309 45.606925453757867 10.847522717886022 2.2154924497008315 14.258401666913414 78.799178633373231 12.718484617100328
leaf_count=15058 75 163 12 189 269 185
internal_value=2.3034e-05 0.00775421 -0.000286379 -0.0253872 0.00751093 -0.000967108
internal_weight=1335.78 151.728 106.121 25.1059 81.0147 1184.06
internal_count=15951 708 633 352 281 15243
is_linear=0
shrinkage=0.04


Tree=228
num_leaves=7
num_cat=0
split_feature=9 5 5 5 6 5
split_gain=6.36065 36.7714 36.489 45.5153 29.2316 43.3486
threshold=0.080128205128205135 0.62755527743012107 0.60476460578559277 0.57185886402753883 0.64583333333333337 0.66147789218655373
decision_type=2 2 2 2 2 2
left_child=1 2 3 -1 5 -3
right_child=-2 4 -4 -5 -6 -7
leaf_value=0.010703743813180774 -0.0023590277495535712 -0.065324043247949229 0.032599108737595472 -0.033898475746705514 0.026359926873021119 -0.0083453980198710826
leaf_weight=225.70182380265396 765.16773004617062 24.657567641654168 92.373627351378673 43.478100557069411 29.806478102691472 153.64345052650606
leaf_count=7553 7090 215 218 353 56 466
internal_value=2.16888e-05 0.00322268 0.0109334 0.00347232 -0.0101615 -0.0163006
internal_weight=1334.83 569.661 361.554 269.18 208.107 178.301
internal_count=15951 8861 8124 7906 737 681
is_linear=0
shrinkage=0.04


Tree=229
num_leaves=7
num_cat=0
split_feature=5 5 6 2 9 9
split_gain=6.68225 31.3113 48.8439 30.7438 35.8712 29.1585
threshold=0.53368237347294956 0.47148664343786301 0.84523809523809534 1.0000000180025095e-35 0.10555555555555557 0.23636363636363639
decision_type=2 2 2 2 2 2
left_child=1 3 -3 5 -5 -1
right_child=-2 2 -4 4 -6 -7
leaf_value=-0.048106358592833284 0.0014867343800062745 -0.038414603754224189 0.059119537589159221 0.015385696847233937 -0.057878004421034669 0.03491566897917122
leaf_weight=29.69555808739824 1053.0156309276281 69.196415751550376 9.1232921890914422 154.06180139462958 11.28478118147177 8.5628546486404939
leaf_count=7011 3726 1856 8 2918 242 190
internal_value=2.07532e-05 -0.00544491 -0.0269059 0.00281889 0.0103095 -0.0293877
internal_weight=1334.94 281.925 78.3197 203.605 165.347 38.2584
internal_count=15951 12225 1864 10361 3160 7201
is_linear=0
shrinkage=0.04


Tree=230
num_leaves=7
num_cat=0
split_feature=0 7 4 4 6 4
split_gain=6.53231 7.47858 7.41881 11.9338 2.12638 2.78758
threshold=1.0000000180025095e-35 1.0000000180025095e-35 0.82085561497326209 0.80625000000000013 0.84523809523809534 0.56385869565217395
decision_type=2 2 2 2 2 2
left_child=1 -1 3 -3 -2 -6
right_child=4 2 -4 -5 5 -7
leaf_value=-0.046198813780064144 0.019186510084831479 -0.00057974968367707216 0.021816555037680496 -0.10647407475581307 0.036005941588519011 -0.013984765786288489
leaf_weight=5.5073428005089218 36.431405044859275 1256.0451844320196 23.600349513813853 1.5053442120552052 2.1395971775054914 7.2744421176612377
leaf_count=716 270 14846 57 7 12 43
internal_value=1.81784e-05 -0.000510012 -0.000304867 -0.000725011 0.0148232 -0.00190231
internal_weight=1332.5 1286.66 1281.15 1257.55 45.8454 9.41404
internal_count=15951 15626 14910 14853 325 55
is_linear=0
shrinkage=0.04


Tree=231
num_leaves=7
num_cat=0
split_feature=5 5 2 9 9 5
split_gain=6.32995 51.6182 28.9269 33.528 27.8978 15.6149
threshold=0.51903565561890053 0.47148664343786301 1.0000000180025095e-35 0.10555555555555557 0.23636363636363639 0.56358613761928689
decision_type=2 2 2 2 2 2
left_child=1 2 4 -4 -1 -2
right_child=5 -3 3 -5 -6 -7
leaf_value=-0.047965492788369035 0.014163585797394292 -0.045205384426962238 0.014760129843232288 -0.056662628950083622 0.033779608773095875 -0.00045966907943150451
leaf_weight=28.598219045303267 132.93796381427819 43.492801340162259 154.29485846152238 11.079663130032712 8.5105020628034236 952.35558485981164
leaf_count=7011 1120 1446 2918 242 190 3024
internal_value=1.71586e-05 -0.00577231 0.00272418 0.00990025 -0.0290839 0.00133198
internal_weight=1331.27 245.976 202.483 165.375 37.1087 1085.29
internal_count=15951 11807 10361 3160 7201 4144
is_linear=0
shrinkage=0.04


Tree=232
num_leaves=7
num_cat=0
split_feature=4 4 6 4 5 5
split_gain=6.28331 27.5509 51.8525 28.5757 27.5772 64.1661
threshold=0.47913043478260875 0.41801075268817212 0.31009615384615391 0.45643939393939398 0.67462750409923722 0.64019704433497548
decision_type=2 2 2 2 2 2
left_child=1 4 -3 -4 5 -1
right_child=-2 2 3 -5 -6 -7
leaf_value=0.00095478290571090465 0.0038946946794024798 -0.061894366651020966 -0.025778303659826234 0.016753026517861338 0.016539906121851362 -0.048673295761053802
leaf_weight=559.140224017523 444.53950698487461 33.126666725147516 49.853108497103676 50.828390585258603 147.49201384096523 44.836226249928586
leaf_count=14022 877 169 144 70 367 302
internal_value=1.41249e-05 -0.00193267 -0.0186417 -0.00429617 0.00104408 -0.00274094
internal_weight=1329.82 885.277 133.808 100.681 751.468 603.976
internal_count=15951 15074 383 214 14691 14324
is_linear=0
shrinkage=0.04


Tree=233
num_leaves=7
num_cat=0
split_feature=0 7 4 4 6 4
split_gain=6.2678 7.17498 7.17773 9.05906 2.07012 2.64613
threshold=1.0000000180025095e-35 1.0000000180025095e-35 0.16441441441441443 0.20256410256410259 0.84523809523809534 0.56385869565217395
decision_type=2 2 2 2 2 2
left_child=1 -1 -3 -4 -2 -6
right_child=4 2 3 -5 5 -7
leaf_value=-0.046070725482155142 0.018935981497527395 -0.038795601752545372 0.013402303459457917 -0.00091915963045714386 0.035849942050847038 -0.01341774660304676
leaf_weight=5.3058240044483673 36.001110220793635 7.5054964803493922 74.909043909865431 1194.8364314017817 2.063075900077818 7.3526096688583493
leaf_count=716 270 9646 1195 4069 12 43
internal_value=1.27272e-05 -0.000503908 -0.00030587 -7.07078e-05 0.0145844 -0.00189356
internal_weight=1327.97 1282.56 1277.25 1269.75 45.4168 9.41569
internal_count=15951 15626 14910 5264 325 55
is_linear=0
shrinkage=0.04


Tree=234
num_leaves=7
num_cat=0
split_feature=4 5 5 5 5 5
split_gain=6.33615 19.4569 23.5928 47.8844 41.0913 18.1467
threshold=0.35067567567567576 0.76224734498115809 0.62345301757066474 0.68541963390831895 0.61060666934511865 0.70183873144399467
decision_type=2 2 2 2 2 2
left_child=1 2 4 -4 -1 -2
right_child=5 -3 3 -5 -6 -7
leaf_value=-0.0065944232491187485 0.007005548638227891 0.039079171630380397 -0.058420613898400781 0.010250501829956009 0.03248805991372606 -0.0047105105888601822
leaf_weight=331.56702437585045 498.22032707952894 16.150216127745807 35.86726845640078 29.392945769068319 49.255438832376967 367.10969087854028
leaf_count=13329 1084 11 402 123 144 858
internal_value=1.17598e-05 -0.00376677 -0.00533928 -0.027524 -0.00151986 0.00203285
internal_weight=1327.56 462.233 446.083 65.2602 380.822 865.33
internal_count=15951 14009 13998 525 13473 1942
is_linear=0
shrinkage=0.04


Tree=235
num_leaves=7
num_cat=0
split_feature=4 4 6 6 4 9
split_gain=6.15844 14.6456 9.78241 13.5833 38.1428 12.7545
threshold=0.61721611721611735 0.60555555555555574 0.58571428571428574 0.69047619047619058 0.71825396825396837 0.080128205128205135
decision_type=2 2 2 2 2 2
left_child=1 -1 -2 4 -4 -5
right_child=2 -3 3 5 -6 -7
leaf_value=-0.00078701209721191464 0.013972118787603412 -0.090570302190504187 -0.15006023278543681 0.03027837560907929 0.014296373666026199 -0.014104258181067626
leaf_weight=1158.2766457145899 111.52972550853156 2.7147813513874999 3.5220428071916086 16.317510090302676 5.6217528283596039 27.559066091198474
leaf_count=15581 185 16 27 36 21 85
internal_value=1.10692e-05 -0.00101424 0.00724978 -0.00685261 -0.050654 0.00241857
internal_weight=1325.54 1160.99 164.55 53.0204 9.1438 43.8766
internal_count=15951 15597 354 169 48 121
is_linear=0
shrinkage=0.04


Tree=236
num_leaves=7
num_cat=0
split_feature=9 9 6 2 6 9
split_gain=6.23794 13.6659 11.3735 17.6888 11.815 11.0109
threshold=0.15476190476190479 0.17424242424242428 0.36931818181818188 1.0000000180025095e-35 0.73214285714285732 0.10555555555555557
decision_type=2 2 2 2 2 2
left_child=5 -2 3 -3 -4 -1
right_child=1 2 4 -5 -6 -7
leaf_value=0.00055243654502200247 0.026057019167645849 0.014459803412817862 0.014836441881144783 -0.052963267788289463 -0.023268706993735941 -0.010811197072812577
leaf_weight=1017.2806732244935 45.07108111330308 10.835316389951913 64.052392531972146 14.105449831869919 16.107890852726996 157.31805285266091
leaf_count=14161 75 163 212 189 69 1082
internal_value=1.09306e-05 0.00768326 -0.000211598 -0.0237103 0.00711562 -0.000969413
internal_weight=1324.77 150.172 105.101 24.9408 80.1603 1174.6
internal_count=15951 708 633 352 281 15243
is_linear=0
shrinkage=0.04


Tree=237
num_leaves=7
num_cat=0
split_feature=0 4 5 6 5 6
split_gain=6.03511 7.33208 8.07195 27.2133 11.2129 2.05978
threshold=1.0000000180025095e-35 0.88194444444444453 0.82904856075587785 0.37980769230769235 0.76224734498115809 0.84523809523809534
decision_type=2 2 2 2 2 2
left_child=1 2 4 -4 -1 -2
right_child=5 -3 3 -5 -6 -7
leaf_value=-0.0017039039791774447 0.018739229731730506 0.028412693923528708 -0.073011017125664712 -0.0016954429767662483 0.0093355795861049876 -0.0020967404231042193
leaf_weight=1040.4634406743899 35.669276415836066 13.681884286925195 10.520616468042133 42.863528890535235 171.26078078523278 9.3691519871354085
leaf_count=15194 270 34 57 75 266 55
internal_value=1.07857e-05 -0.000495561 -0.00081422 -0.0160073 -0.000140689 0.0143705
internal_weight=1323.83 1278.79 1265.11 53.3841 1211.72 45.0384
internal_count=15951 15626 15592 132 15460 325
is_linear=0
shrinkage=0.04


Tree=238
num_leaves=7
num_cat=0
split_feature=7 5 4 4 6 4
split_gain=6.03412 18.4242 26.8114 23.1351 19.5349 13.5964
threshold=0.75000000000000011 0.55051025667456976 0.26006441223832533 0.38585607940446659 0.16025641025641027 0.31414473684210531
decision_type=2 2 2 2 2 2
left_child=5 2 -2 -3 -5 -1
right_child=1 3 -4 4 -6 -7
leaf_value=-0.0081007459350132902 -0.037337557876041476 -0.056703990159155025 0.04313575011492591 0.062516848675528508 -0.010284278843287921 0.0016772387137121217
leaf_weight=300.14179681646056 7.934593895712168 11.440016163163817 35.688908845186234 7.9688325524330166 20.959446849068627 937.92603903706186
leaf_count=13275 184 86 48 3 56 2299
internal_value=1.04991e-05 0.0103741 0.0283494 -0.00904537 0.00999304 -0.000692525
internal_weight=1322.06 83.9918 43.6235 40.3683 28.9283 1238.07
internal_count=15951 377 232 145 59 15574
is_linear=0
shrinkage=0.04


Tree=239
num_leaves=7
num_cat=0
split_feature=5 6 6 5 9 4
split_gain=6.19947 23.4693 21.1287 43.9039 20.8055 18.5149
threshold=0.36245805369127521 0.14835164835164838 0.13809523809523813 0.35985611510791371 0.087121212121212141 0.19782608695652179
decision_type=2 2 2 2 2 2
left_child=1 2 3 -1 -3 -2
right_child=5 4 -4 -5 -6 -7
leaf_value=-0.048979789721048335 -0.034921412513731445 -0.051891794134924556 0.067547328081226252 0.070193394819960689 0.011987073633067209 5.0645693485925566e-05
leaf_weight=10.54370925717194 24.50756446066589 12.837889903028552 16.270726495295094 8.9618835905130254 21.562683681324415 1225.6685391655192
leaf_count=4946 4082 1550 79 40 431 4823
internal_value=9.84888e-06 0.0115627 0.0341734 0.00582977 -0.0119561 -0.000638798
internal_weight=1320.35 70.1769 35.7763 19.5056 34.4006 1250.18
internal_count=15951 7046 5065 4986 1981 8905
is_linear=0
shrinkage=0.04


Tree=240
num_leaves=7
num_cat=0
split_feature=9 5 5 5 5 6
split_gain=5.82031 34.3129 34.2278 67.3555 37.121 26.7072
threshold=0.080128205128205135 0.62755527743012107 0.53368237347294956 0.44497103738809901 0.56358613761928689 0.64583333333333337
decision_type=2 2 2 2 2 2
left_child=1 2 3 -1 -4 -3
right_child=-2 5 4 -5 -6 -7
leaf_value=0.013608283059873221 -0.0022812651740418488 -0.015763374841339158 0.047722791149793338 -0.045545009853186963 0.010382737636743718 0.025601172638725588
leaf_weight=101.05484238577628 756.35961952113757 176.60322393938986 59.020964628354704 44.054164716599189 153.11674667229818 28.866286629810929
leaf_count=5509 7090 681 388 1533 694 56
internal_value=8.78352e-06 0.00309016 0.0105817 -0.00437448 0.0208161 -0.00992313
internal_weight=1319.08 562.716 357.247 145.109 212.138 205.47
internal_count=15951 8861 8124 7042 1082 737
is_linear=0
shrinkage=0.04


Tree=241
num_leaves=7
num_cat=0
split_feature=5 5 5 9 5 9
split_gain=6.35701 61.7381 26.9746 54.4075 28.061 25.5033
threshold=0.5920526315789475 0.57185886402753883 0.54671462829736217 0.080128205128205135 0.53861852433281021 0.28636363636363643
decision_type=2 2 2 2 2 2
left_child=1 2 4 -4 -1 -3
right_child=-2 5 3 -5 -6 -7
leaf_value=-0.0018757121828921303 0.0020273008498877701 -0.057045167803752551 0.04317298444704333 -0.017529529533557499 -0.060114957943047505 0.027012945845970516
leaf_weight=294.14977500004898 863.33875155202986 43.004143103396927 60.300864377713879 38.558242030543624 13.667492644177399 6.510777559131383
leaf_count=12345 2416 396 337 271 179 7
internal_value=7.70844e-06 -0.00380919 0.00132922 0.0194893 -0.00450546 -0.0458878
internal_weight=1319.53 456.191 406.676 98.8591 307.817 49.5149
internal_count=15951 13535 13132 608 12524 403
is_linear=0
shrinkage=0.04


Tree=242
num_leaves=7
num_cat=0
split_feature=9 9 9 4 9 6
split_gain=5.91145 12.7435 10.693 12.6943 10.3934 11.5195
threshold=0.15476190476190479 0.17424242424242428 0.11805555555555557 0.68990384615384626 0.23636363636363639 0.36931818181818188
decision_type=2 2 2 2 2 2
left_child=2 -2 -1 -4 -3 -6
right_child=1 4 3 -5 5 -7
leaf_value=-0.00054441431776436669 0.025466770068365327 -0.069261650462662236 -0.068923428221352875 0.012592211166172009 -0.021957444997606452 0.0097102027407033383
leaf_weight=1157.373937562119 44.202365091827232 3.1667461342876768 7.6570618721525516 4.8548967689275742 23.89078254114429 77.178942621161696
leaf_count=15058 75 22 178 7 342 269
internal_value=5.99798e-06 0.00752153 -0.00094701 -0.0374359 -0.000103347 0.0021763
internal_weight=1318.32 148.439 1169.89 12.512 104.236 101.07
internal_count=15951 708 15243 185 633 611
is_linear=0
shrinkage=0.04


Tree=243
num_leaves=7
num_cat=0
split_feature=5 5 4 9 5 9
split_gain=5.86807 57.5589 24.8653 24.9202 24.662 50.129
threshold=0.5920526315789475 0.57185886402753883 0.64495798319327746 0.31666666666666671 0.54671462829736217 0.080128205128205135
decision_type=2 2 2 2 2 2
left_child=1 4 3 -3 -1 -6
right_child=-2 2 -4 -5 5 -7
leaf_value=-0.0043207920126070529 0.0019464590269323717 -0.064936221647586695 0.035597480347238683 0.032050081566679073 0.041184488053090176 -0.017088279890601705
leaf_weight=307.09643082665752 862.09377129651693 38.989715155541489 5.3458190485835066 4.6031775772571555 60.71671331395919 38.374192757255514
leaf_count=12524 2416 395 4 4 337 271
internal_value=5.19194e-06 -0.00366678 -0.044557 -0.0545497 0.00127438 0.0186085
internal_weight=1317.22 455.126 48.9387 43.5929 406.187 99.0909
internal_count=15951 13535 403 399 13132 608
is_linear=0
shrinkage=0.04


Tree=244
num_leaves=7
num_cat=0
split_feature=0 4 9 9 9 6
split_gain=5.90784 6.8907 8.25016 23.7947 9.85728 2.1219
threshold=1.0000000180025095e-35 0.88194444444444453 0.41428571428571431 0.65714285714285725 0.28636363636363643 0.84523809523809534
decision_type=2 2 2 2 2 2
left_child=1 2 4 -4 -1 -2
right_child=5 -3 3 -5 -6 -7
leaf_value=-0.0010852060507480356 0.018674108423865691 0.027987657900232565 -0.073115852806609025 0.040827547281491142 0.020369323513303495 -0.0025741998978333993
leaf_weight=1210.2128677575602 35.55632946267724 13.23934957757592 8.0685100986229354 4.3593745231628409 35.057984300539829 9.263918250333516
leaf_count=15442 270 34 54 2 94 55
internal_value=4.34232e-06 -0.000498483 -0.000804339 -0.0329755 -0.000476419 0.0142459
internal_weight=1315.76 1270.94 1257.7 12.4279 1245.27 44.8202
internal_count=15951 15626 15592 56 15536 325
is_linear=0
shrinkage=0.04


Tree=245
num_leaves=7
num_cat=0
split_feature=5 4 5 9 4 4
split_gain=5.92942 22.341 18.5988 29.5427 17.3783 18.982
threshold=0.36245805369127521 0.31698564593301443 0.35985611510791371 0.080128205128205135 0.19782608695652179 0.20256410256410259
decision_type=2 2 2 2 2 2
left_child=1 2 3 -1 -2 -6
right_child=4 -3 -4 -5 5 -7
leaf_value=-0.04609127525902855 -0.034424894268411305 -0.06141195510348265 0.055020254717875201 0.024757496635963838 0.031685455447640828 -0.00075401168087706021
leaf_weight=12.707643990086579 23.678142128479521 5.9529515206813803 16.25859979854431 34.576087689089036 29.37733443963225 1191.6887612035207
leaf_count=3975 4082 32 62 2977 304 4519
internal_value=4.71792e-06 0.0113599 0.0183802 0.00556062 -0.000629369 2.98651e-05
internal_weight=1314.24 69.4953 63.5423 47.2837 1244.74 1221.07
internal_count=15951 7046 7014 6952 8905 4823
is_linear=0
shrinkage=0.04


Tree=246
num_leaves=7
num_cat=0
split_feature=5 5 2 9 5 5
split_gain=5.64366 54.2525 24.5033 31.5066 26.0937 23.3794
threshold=0.5920526315789475 0.57185886402753883 1.0000000180025095e-35 0.087121212121212141 0.56876385929823048 0.62345301757066474
decision_type=2 2 2 2 2 2
left_child=1 2 4 -4 -1 -2
right_child=5 -3 3 -5 -6 -7
leaf_value=-0.026383129531960054 0.014489345556650088 -0.043771549360723465 0.01400803768301347 -0.013591816510603259 0.045012342600053372 -0.0015433239127874052
leaf_weight=72.69019614339777 185.22357094056497 47.902587943419348 230.94150432812603 92.481033825752093 9.0259698212030326 675.55666632628709
leaf_count=7796 559 403 3926 1395 15 1857
internal_value=3.48266e-06 -0.00360774 0.00115544 0.0061063 -0.0183821 0.00190684
internal_weight=1313.82 453.041 405.139 323.423 81.7162 860.78
internal_count=15951 13535 13132 5321 7811 2416
is_linear=0
shrinkage=0.04


Tree=247
num_leaves=7
num_cat=0
split_feature=9 9 9 4 9 6
split_gain=5.78815 12.1847 9.99506 11.8932 9.63102 10.4949
threshold=0.15476190476190479 0.17424242424242428 0.11805555555555557 0.68990384615384626 0.23636363636363639 0.36931818181818188
decision_type=2 2 2 2 2 2
left_child=2 -2 -1 -4 -3 -6
right_child=1 4 3 -5 5 -7
leaf_value=-0.00055215480613212352 0.025146152185825027 -0.066147970368563402 -0.067675257723347149 0.012048553184308052 -0.020811379161478016 0.0095047766749458903
leaf_weight=1154.2004777941438 43.653989953454584 3.208616270159836 7.4361773359851195 4.7759918868541718 23.817012720603088 76.009472399193328
leaf_count=15058 75 22 178 7 342 269
internal_value=2.72472e-06 0.00748737 -0.000937959 -0.0366436 -9.16539e-06 0.00222468
internal_weight=1313.1 146.689 1166.41 12.2122 103.035 99.8265
internal_count=15951 708 15243 185 633 611
is_linear=0
shrinkage=0.04


Tree=248
num_leaves=7
num_cat=0
split_feature=5 6 6 5 4 4
split_gain=5.70572 21.0496 19.7221 38.2307 19.6024 20.7009
threshold=0.36245805369127521 0.14835164835164838 0.13809523809523813 0.35985611510791371 0.26393188854489169 0.31698564593301443
decision_type=2 2 2 2 2 2
left_child=1 2 3 -1 -3 -6
right_child=-2 4 -4 -5 5 -7
leaf_value=-0.048189138869083284 -0.00061807617977425327 -0.047874981136578627 0.065078335428031153 0.064000332289351439 0.03607855797300643 -0.059067259340314981
leaf_weight=10.040054227916698 1243.1492318634519 13.698814946874334 16.104666230574367 9.0455761459597852 15.413356099277737 4.5752466320991507
leaf_count=4946 8905 1936 79 40 21 24
internal_value=2.05581e-06 0.0111929 0.0327587 0.00499131 -0.0113363 0.0138319
internal_weight=1312.03 68.8777 35.1903 19.0856 33.6874 19.9886
internal_count=15951 7046 5065 4986 1981 45
is_linear=0
shrinkage=0.04


Tree=249
num_leaves=7
num_cat=0
split_feature=0 7 4 4 6 4
split_gain=5.67801 6.83844 6.57521 10.9993 2.04631 2.77175
threshold=1.0000000180025095e-35 1.0000000180025095e-35 0.82085561497326209 0.80625000000000013 0.84523809523809534 0.56385869565217395
decision_type=2 2 2 2 2 2
left_child=1 -1 3 -3 -2 -6
right_child=4 2 -4 -5 5 -7
leaf_value=-0.045987075974464081 0.018423114178138262 -0.00054980950210118144 0.020976759408702438 -0.10131105452647722 0.035887702599022291 -0.014460125949543766
leaf_weight=5.0646224704505576 35.146783377742395 1237.5563454484145 22.614355999976397 1.536115527153014 2.0843197777867299 7.2093825810588896
leaf_count=716 270 14846 57 7 12 43
internal_value=1.58987e-06 -0.000490896 -0.000299425 -0.000692668 0.014024 -0.00243968
internal_weight=1311.21 1266.77 1261.71 1239.09 44.4405 9.2937
internal_count=15951 15626 14910 14853 325 55
is_linear=0
shrinkage=0.04


Tree=250
num_leaves=7
num_cat=0
split_feature=4 5 5 5 6 6
split_gain=5.57038 18.4109 61.8794 36.4607 17.1945 21.083
threshold=0.35067567567567576 0.68541963390831895 0.62345301757066474 0.61060666934511865 0.095454545454545472 0.10555555555555557
decision_type=2 2 2 2 2 2
left_child=1 2 3 -1 -3 -6
right_child=-2 4 -4 -5 5 -7
leaf_value=-0.0063783959327629496 0.0018949156418365113 -0.044733578611310991 -0.05723079031119202 0.030636331837192509 0.086257310044357216 0.014605560140086933
leaf_weight=323.26874246588886 858.31282934523188 5.4480546268096068 34.677164548840665 48.828080582505208 8.1907078474760038 31.354164343327284
leaf_count=13329 1942 76 402 144 3 55
internal_value=1.1898e-06 -0.00359152 -0.00628349 -0.00150195 0.020622 0.0298561
internal_weight=1310.08 451.767 406.774 372.097 44.9929 39.5449
internal_count=15951 14009 13875 13473 134 58
is_linear=0
shrinkage=0.04


Tree=251
num_leaves=7
num_cat=0
split_feature=5 6 4 4 6 5
split_gain=5.57803 19.6989 18.6665 19.3405 18.2049 35.7852
threshold=0.36245805369127521 0.14835164835164838 0.26393188854489169 0.31698564593301443 0.13809523809523813 0.35985611510791371
decision_type=2 2 2 2 2 2
left_child=1 4 -3 -4 5 -1
right_child=-2 2 3 -5 -6 -7
leaf_value=-0.047671573858232917 -0.00060997911593768141 -0.04729633110009053 0.035225468820508657 -0.056981846167682509 0.063185927322654128 0.061702470006049212
leaf_weight=9.7047158176847006 1239.8269618037211 13.252401614470726 15.283418901264669 4.5545818954706183 16.001047752215527 9.0570472706385772
leaf_count=4946 8905 1936 21 24 79 40
internal_value=4.07958e-07 0.0111519 -0.0108669 0.0135985 0.0321109 0.00511605
internal_weight=1307.68 67.8532 33.0904 19.838 34.7628 18.7618
internal_count=15951 7046 1981 45 5065 4986
is_linear=0
shrinkage=0.04


Tree=252
num_leaves=7
num_cat=0
split_feature=7 5 5 5 5 0
split_gain=5.48691 16.7634 23.1149 21.5295 15.4451 13.2358
threshold=0.75000000000000011 0.55051025667456976 0.40783086356668374 0.6802061855670104 0.68541963390831895 1.0000000180025095e-35
decision_type=2 2 2 2 2 2
left_child=-1 2 -2 5 -5 -3
right_child=1 3 -4 4 -6 -7
leaf_value=-0.00067399298856323929 -0.051295613957289661 -0.06733557340212816 0.037994607840590215 0.058796958612845715 -0.0075083075813815424 0.036102702143935739
leaf_weight=1223.8661023499226 5.0868884057417736 11.161128467356319 37.968926611240022 7.7827634215354946 18.749467696994543 2.2366852685809127
leaf_count=15574 88 81 144 2 49 13
internal_value=4.11936e-08 0.00994238 0.0272107 -0.00867065 0.0121607 -0.0496431
internal_weight=1306.85 82.9859 43.0558 39.93 26.5322 13.3978
internal_count=15951 377 232 145 51 94
is_linear=0
shrinkage=0.04


Tree=253
num_leaves=7
num_cat=0
split_feature=4 5 5 6 4 5
split_gain=5.51066 17.9434 20.5433 30.6629 25.1713 17.1648
threshold=0.35067567567567576 0.76224734498115809 0.40954368655725265 0.095454545454545472 0.26006441223832533 0.70183873144399467
decision_type=2 2 2 2 2 2
left_child=1 2 4 -4 -1 -2
right_child=5 -3 3 -5 -6 -7
leaf_value=-0.0093949417315460845 0.0067356547857914959 0.038269079117610023 -0.040277193515891138 -0.0051517862397957607 0.028675613689106209 -0.0047080978628462342
leaf_weight=55.101609866476792 494.07373804575764 15.599155401811002 46.322893413562269 275.89826061864733 55.594934000633657 363.90449823997915
leaf_count=8256 1084 11 3159 2479 104 858
internal_value=0 -0.00359067 -0.00512058 -0.0102295 0.00972437 0.00187958
internal_weight=1306.5 448.517 432.918 322.221 110.697 857.978
internal_count=15951 14009 13998 5638 8360 1942
is_linear=0
shrinkage=0.04


Tree=254
num_leaves=7
num_cat=0
split_feature=5 5 2 9 9 5
split_gain=5.67593 46.3451 24.847 28.8609 24.6547 12.2959
threshold=0.51903565561890053 0.47148664343786301 1.0000000180025095e-35 0.10555555555555557 0.23636363636363639 0.56358613761928689
decision_type=2 2 2 2 2 2
left_child=1 2 4 -4 -1 -2
right_child=5 -3 3 -5 -6 -7
leaf_value=-0.047933923736240197 0.012644488686659874 -0.044286224647856955 0.013534363467584132 -0.05470528708336702 0.032034963428859024 -0.00037264315311496854
leaf_weight=25.434654611619408 132.29628028126535 40.774184866328142 150.52575999666806 10.409923161365439 7.9367213029836412 936.49716834576611
leaf_count=7011 1120 1446 2918 242 190 3024
internal_value=0 -0.00562367 0.00251635 0.00904553 -0.0287778 0.00123882
internal_weight=1303.87 235.081 194.307 160.936 33.3714 1068.79
internal_count=15951 11807 10361 3160 7201 4144
is_linear=0
shrinkage=0.04


Tree=255
num_leaves=7
num_cat=0
split_feature=4 4 6 6 4 9
split_gain=5.61133 13.3202 10.2682 12.3312 31.1796 12.0199
threshold=0.61721611721611735 0.60555555555555574 0.58571428571428574 0.69047619047619058 0.71825396825396837 0.080128205128205135
decision_type=2 2 2 2 2 2
left_child=1 -1 -2 4 -4 -5
right_child=2 -3 3 5 -6 -7
leaf_value=-0.00077170593450056506 0.013842541190911137 -0.086213199793293643 -0.1328180497912354 0.029397430232734233 0.01330975202120468 -0.014488226920636438
leaf_weight=1137.2080475260645 110.51761139300652 2.7274770475924006 3.8594483286142331 15.47870109323412 5.3768201991915703 27.279479049146175
leaf_count=15581 185 16 27 36 21 85
internal_value=0 -0.00099298 0.00694758 -0.00766666 -0.0490598 0.00141497
internal_weight=1302.45 1139.94 162.512 51.9944 9.23627 42.7582
internal_count=15951 15597 354 169 48 121
is_linear=0
shrinkage=0.04


Tree=256
num_leaves=7
num_cat=0
split_feature=0 7 4 9 6 4
split_gain=5.58417 6.5699 6.34507 7.97371 2.05144 2.66302
threshold=1.0000000180025095e-35 1.0000000180025095e-35 0.88194444444444453 0.41428571428571431 0.84523809523809534 0.56385869565217395
decision_type=2 2 2 2 2 2
left_child=1 -1 3 -3 -2 -6
right_child=4 2 -4 -5 5 -7
leaf_value=-0.045917308544263048 0.018342883014521517 -0.00027810091773483353 0.027514897465793213 -0.032672958110335007 0.03573937355278331 -0.014173195728265482
leaf_weight=4.874684846310628 35.012144176987931 1227.7058080438292 12.775788388215004 12.081020219397031 2.0139306709170324 7.2475486029870808
leaf_count=716 270 14821 34 55 12 43
internal_value=0 -0.000493566 -0.000307889 -0.000600602 0.0139287 -0.00258216
internal_weight=1301.71 1257.44 1252.56 1239.79 44.2736 9.26148
internal_count=15951 15626 14910 14876 325 55
is_linear=0
shrinkage=0.04


Tree=257
num_leaves=7
num_cat=0
split_feature=9 9 4 9 6 5
split_gain=5.5111 14.2389 9.68891 9.45679 22.6612 6.89476
threshold=0.65714285714285725 0.49206349206349215 0.90692640692640702 0.28636363636363643 0.37980769230769235 0.5920526315789475
decision_type=2 2 2 2 2 2
left_child=1 3 -3 5 -5 -1
right_child=-2 2 -4 4 -6 -7
leaf_value=-0.0045359106043318343 0.040694198763699119 -0.070167571317976699 0.034701322275178928 -0.058653085403483206 0.031675767270525089 0.0017250733178957277
leaf_weight=427.91085919418765 5.1027673184871665 7.1377191387509793 1.5869551450014112 4.9238351754611349 33.271814428982907 820.75071813166142
leaf_count=13446 5 46 6 65 53 2330
internal_value=0 -0.000167324 -0.0505184 0.000180291 0.0197344 -0.00041932
internal_weight=1300.68 1295.58 8.72467 1286.86 38.1956 1248.66
internal_count=15951 15946 52 15894 118 15776
is_linear=0
shrinkage=0.04


Tree=258
num_leaves=7
num_cat=0
split_feature=9 9 4 9 6 5
split_gain=5.27974 13.562 11.6729 9.99526 22.0126 6.36028
threshold=0.65714285714285725 0.41428571428571431 0.90692640692640702 0.28636363636363643 0.37980769230769235 0.5920526315789475
decision_type=2 2 2 2 2 2
left_child=1 3 -3 5 -5 -1
right_child=-2 2 -4 4 -6 -7
leaf_value=-0.0043588447522600847 0.04052376411558864 -0.068504750075564974 0.035792303653025347 -0.056516562467190903 0.033194808964335777 0.0016570289038637458
leaf_weight=427.49851484766805 4.9237150251865378 7.7931162629865849 2.0227844566106796 4.8798632401158093 31.413984161685221 820.29374822467798
leaf_count=13446 5 55 8 62 45 2330
internal_value=0 -0.000161018 -0.0465268 0.000199048 0.0208343 -0.000402799
internal_weight=1298.83 1293.9 9.8159 1284.09 36.2938 1247.79
internal_count=15951 15946 63 15883 107 15776
is_linear=0
shrinkage=0.04


Tree=259
num_leaves=7
num_cat=0
split_feature=5 6 9 6 5 4
split_gain=5.39227 18.6148 17.5288 16.3179 33.3599 15.9607
threshold=0.36245805369127521 0.14835164835164838 0.087121212121212141 0.13809523809523813 0.35985611510791371 0.19782608695652179
decision_type=2 2 2 2 2 2
left_child=1 3 -3 4 -1 -2
right_child=5 2 -4 -5 -6 -7
leaf_value=-0.047145839313555767 -0.0338556083052391 -0.049357887685058353 0.011718168959802138 0.0611681947305725 0.059707068014792246 2.3838868346616492e-05
leaf_weight=9.2524428817760054 22.463505367086327 11.686726129148157 20.219561901700217 15.776026931311206 9.0437919646283262 1208.5210408691491
leaf_count=4946 4082 1550 431 79 40 4823
internal_value=0 0.0111226 -0.0107588 0.0316145 0.00563771 -0.000598182
internal_weight=1296.96 65.9785 31.9063 34.0723 18.2962 1230.98
internal_count=15951 7046 1981 5065 4986 8905
is_linear=0
shrinkage=0.04


Tree=260
num_leaves=7
num_cat=0
split_feature=0 7 4 4 6 6
split_gain=5.35762 6.30513 5.78135 10.1043 2.13756 2.01207
threshold=1.0000000180025095e-35 1.0000000180025095e-35 0.82085561497326209 0.80625000000000013 0.81666666666666676 0.84523809523809534
decision_type=2 2 2 2 2 2
left_child=1 -1 3 -3 -4 -2
right_child=5 2 4 -5 -6 -7
leaf_value=-0.045800290338298424 0.01811319398037365 -0.00052927653792572205 0.030577793781920201 -0.096260398492093044 0.0047336006043992001 -0.0026424120429485742
leaf_weight=4.6937913338097124 34.647432732162997 1223.9060417608671 12.667447237297893 1.5669392943382252 8.9843016760423779 9.248142362572251
leaf_count=716 270 14846 29 7 28 55
internal_value=0 -0.000483364 -0.000303886 -0.000669001 0.0200869 0.0137028
internal_weight=1295.71 1251.82 1247.12 1225.47 21.6517 43.8956
internal_count=15951 15626 14910 14853 57 325
is_linear=0
shrinkage=0.04


Tree=261
num_leaves=7
num_cat=0
split_feature=7 5 4 4 6 4
split_gain=5.28171 15.9983 21.1261 20.5074 17.5066 11.9219
threshold=0.75000000000000011 0.55051025667456976 0.26006441223832533 0.38585607940446659 0.16025641025641027 0.31414473684210531
decision_type=2 2 2 2 2 2
left_child=5 2 -2 -3 -5 -1
right_child=1 3 -4 4 -6 -7
leaf_value=-0.0077952128343244899 -0.033492687116904223 -0.054726875397858851 0.039702206248776066 0.060009082468179042 -0.0097764458650614183 0.0015381637098475455
leaf_weight=286.51803427535015 7.4870291698462088 10.884747023985254 35.20935207977891 7.7108979225158718 20.81746855401434 926.01811713539064
leaf_count=13275 184 86 48 3 56 2299
internal_value=0 0.00980429 0.0267242 -0.00851698 0.00930264 -0.000666553
internal_weight=1294.65 82.1095 42.6964 39.4131 28.5284 1212.54
internal_count=15951 377 232 145 59 15574
is_linear=0
shrinkage=0.04


Tree=262
num_leaves=7
num_cat=0
split_feature=4 4 5 5 9 5
split_gain=5.58369 27.0496 16.0507 20.3366 28.2788 8.50232
threshold=0.20256410256410259 0.24190177638453506 0.3375811688311689 0.34028079316833121 0.080128205128205135 0.32068270200201648
decision_type=2 2 2 2 2 2
left_child=2 -2 -1 -4 -5 -3
right_child=1 5 3 4 -6 -7
leaf_value=-0.04052817612776792 -0.039286670367206393 0.028246432200624519 0.075179149933270989 0.023147514250140996 -0.039942235929912251 -0.00016570012965607756
leaf_weight=8.6892480494298052 28.158908365643583 16.897524781874381 8.1455317474392341 49.347990497151841 14.543582727306783 1167.2681323465513
leaf_count=6318 929 38 58 3000 1901 3707
internal_value=0 -0.000680096 0.0101718 0.0164103 0.00867542 0.000242741
internal_weight=1293.05 1212.32 80.7264 72.0371 63.8916 1184.17
internal_count=15951 4674 11277 4959 4901 3745
is_linear=0
shrinkage=0.04


Tree=263
num_leaves=7
num_cat=0
split_feature=4 4 5 5 9 5
split_gain=5.15022 25.6525 15.0336 18.8346 26.3552 7.90052
threshold=0.20256410256410259 0.24190177638453506 0.3375811688311689 0.34028079316833121 0.080128205128205135 0.32068270200201648
decision_type=2 2 2 2 2 2
left_child=2 -2 -1 -4 -5 -3
right_child=1 5 3 4 -6 -7
leaf_value=-0.040013550742301202 -0.038765967952472113 0.027323119593831584 0.072351297158386674 0.022013776994914424 -0.039506780169253707 -0.0001590676872795685
leaf_weight=8.456276669574434 27.413529398996616 16.778993354528211 8.1333386013848195 49.814400293013023 14.126415668037223 1167.3095364789333
leaf_count=6318 929 38 58 3000 1901 3707
internal_value=-5.2961e-07 -0.00065384 0.00978039 0.0157448 0.00831008 0.000233225
internal_weight=1292.03 1211.5 80.5304 72.0742 63.9408 1184.09
internal_count=15951 4674 11277 4959 4901 3745
is_linear=0
shrinkage=0.04


Tree=264
num_leaves=7
num_cat=0
split_feature=9 9 9 4 9 6
split_gain=5.16412 11.8092 9.41796 10.8629 8.50462 7.67596
threshold=0.15476190476190479 0.17424242424242428 0.11805555555555557 0.68990384615384626 0.23636363636363639 0.36931818181818188
decision_type=2 2 2 2 2 2
left_child=2 -2 -1 -4 -3 -6
right_child=1 4 3 -5 5 -7
leaf_value=-0.00051871725663636974 0.024679379056423586 -0.061945674838402215 -0.066550605277307662 0.010969255057304363 -0.01803590249337467 0.0082616817224514666
leaf_weight=1137.4994432662388 42.861134498554748 3.2683057406611615 7.1327417010324989 4.6285875737667084 23.298913091446593 72.345990547670226
leaf_count=15058 75 22 178 7 342 269
internal_value=-1.37343e-06 0.00719428 -0.000891876 -0.0362027 -0.000396706 0.00181051
internal_weight=1291.04 141.774 1149.26 11.7613 98.9132 95.6449
internal_count=15951 708 15243 185 633 611
is_linear=0
shrinkage=0.04


Tree=265
num_leaves=7
num_cat=0
split_feature=0 7 4 9 6 5
split_gain=5.15309 6.03982 5.59647 7.1204 1.96106 2.60245
threshold=1.0000000180025095e-35 1.0000000180025095e-35 0.88194444444444453 0.38750000000000007 0.84523809523809534 0.68989800874210794
decision_type=2 2 2 2 2 2
left_child=1 -1 3 -3 -2 -6
right_child=4 2 -4 -5 5 -7
leaf_value=-0.045659619378277824 0.017885710428166939 -0.00024265507770020943 0.026653258696931848 -0.02880070001726507 -0.036067939307311656 0.010153166616596699
leaf_weight=4.5163623601383724 34.293083530617878 1216.0470055397309 11.998400226235388 13.93432381939783 2.4997319872491044 6.7532884199172258
leaf_count=716 270 14814 34 62 22 33
internal_value=-1.75912e-06 -0.000476802 -0.000303563 -0.000572442 0.0134905 -0.00262095
internal_weight=1290.04 1246.5 1241.98 1229.98 43.5461 9.25302
internal_count=15951 15626 14910 14876 325 55
is_linear=0
shrinkage=0.04


Tree=266
num_leaves=7
num_cat=0
split_feature=9 9 4 9 6 9
split_gain=5.11539 12.8792 10.498 9.37827 20.2684 6.39865
threshold=0.65714285714285725 0.41428571428571431 0.90692640692640702 0.28636363636363643 0.37980769230769235 0.080128205128205135
decision_type=2 2 2 2 2 2
left_child=1 3 -3 5 -5 -1
right_child=-2 2 -4 4 -6 -7
leaf_value=0.0028085321096663167 0.040435951085466673 -0.066886126952617753 0.03540739050487781 -0.054213904380499167 0.032486185329901655 -0.0029723235693647721
leaf_weight=552.48669036779938 4.7855062931776038 7.5812959941722493 1.8585144281387327 4.8162582397344513 30.636464612791315 686.92287545379986
leaf_count=8861 5 55 8 62 45 6915
internal_value=-1.77267e-06 -0.000160279 -0.0462223 0.000186418 0.0204138 -0.000393764
internal_weight=1289.09 1284.3 9.43981 1274.86 35.4527 1239.41
internal_count=15951 15946 63 15883 107 15776
is_linear=0
shrinkage=0.04


Tree=267
num_leaves=7
num_cat=0
split_feature=4 4 6 4 5 6
split_gain=4.96966 27.7802 47.143 26.1102 25.5397 28.5328
threshold=0.47913043478260875 0.41801075268817212 0.31009615384615391 0.45643939393939398 0.7834192439862544 0.64583333333333337
decision_type=2 2 2 2 2 2
left_child=1 4 -3 -4 5 -1
right_child=-2 2 3 -5 -6 -7
leaf_value=-0.0026482503289944528 0.0034819501056120661 -0.060681096097589475 -0.025660782537410078 0.015380988019424757 0.044755461143784155 0.02456419249258222
leaf_weight=634.70360793875443 433.98282549041323 32.093192866072059 49.001252282178029 49.775463254190981 20.804816338699311 68.079405928059714
leaf_count=14539 877 169 144 70 20 132
internal_value=-1.34174e-06 -0.00177326 -0.0187187 -0.00496956 0.00129309 -3.06582e-06
internal_weight=1288.44 854.458 130.87 98.7767 723.588 702.783
internal_count=15951 15074 383 214 14691 14671
is_linear=0
shrinkage=0.04


Tree=268
num_leaves=7
num_cat=0
split_feature=9 6 4 9 4 9
split_gain=4.93011 11.6593 12.8281 8.88843 10.1895 8.87238
threshold=0.15476190476190479 0.52272727272727282 0.69615384615384623 0.11805555555555557 0.68990384615384626 0.17424242424242428
decision_type=2 2 2 2 2 2
left_child=3 5 -3 -1 -5 -2
right_child=1 2 -4 4 -6 -7
leaf_value=-0.00050852790047302583 0.027566499892635987 -0.038745745262950305 0.0248772138330389 -0.065340814671602812 0.01042877447443318 0.0042701192097243188
leaf_weight=1134.7440307993384 39.637265037337784 15.875242452137174 7.2043404728174201 6.9621403567143698 4.5574144124984741 77.208767439493386
leaf_count=15058 60 72 30 178 7 546
internal_value=-1.12412e-06 0.00707987 -0.0187567 -0.000868337 -0.0355275 0.0122236
internal_weight=1286.19 139.926 23.0796 1146.26 11.5196 116.846
internal_count=15951 708 102 15243 185 606
is_linear=0
shrinkage=0.04


Tree=269
num_leaves=7
num_cat=0
split_feature=4 4 2 5 5 7
split_gain=4.87695 24.3679 14.2019 17.086 58.1186 7.39854
threshold=0.20256410256410259 0.24190177638453506 1.0000000180025095e-35 0.56086163665374988 0.55860888821782684 0.75000000000000011
decision_type=2 2 2 2 2 2
left_child=2 -2 -1 4 -4 -3
right_child=1 5 3 -5 -6 -7
leaf_value=-0.044094769393364493 -0.0383669008560295 -0.00061052948406622293 0.0087953763586380972 -0.039919681590220892 0.13341022773754127 0.012327327899419873
leaf_weight=6.9880092895891712 26.582779856238631 1103.0735969212546 58.771374845709943 7.9231067161599631 6.4792355489335014 75.357559398747981
leaf_count=7107 929 3566 3805 346 19 179
internal_value=-9.35278e-07 -0.000638667 0.00953848 0.0147939 0.0215698 0.000217067
internal_weight=1285.18 1205.01 80.1617 73.1737 65.2506 1178.43
internal_count=15951 4674 11277 4170 3824 3745
is_linear=0
shrinkage=0.04


Tree=270
num_leaves=7
num_cat=0
split_feature=5 5 4 2 5 4
split_gain=4.90162 50.4781 22.9259 21.8218 57.9464 84.5973
threshold=0.5920526315789475 0.57185886402753883 0.64495798319327746 1.0000000180025095e-35 0.64019704433497548 0.49242424242424249
decision_type=2 2 2 2 2 2
left_child=1 -1 -3 4 -2 -6
right_child=3 2 -4 -5 5 -7
leaf_value=0.0012393337717018344 0.037917491890454499 -0.052820484535783224 0.035314460594187122 -0.0014732617797925734 -0.081000059129501228 0.012825828273702038
leaf_weight=390.7539878900443 85.110407695494359 41.141408546398452 5.1632067188620558 674.94269924061155 19.665818331763148 67.781607500743121
leaf_count=13132 150 399 4 2048 109 109
internal_value=-2.23332e-06 -0.00344362 -0.0428404 0.00177053 0.0144569 -0.00838829
internal_weight=1284.56 437.059 46.3046 847.501 172.558 87.4474
internal_count=15951 13535 403 2416 368 218
is_linear=0
shrinkage=0.04


Tree=271
num_leaves=7
num_cat=0
split_feature=0 7 4 4 6 4
split_gain=4.91969 5.78758 5.3555 7.78781 1.92603 2.70786
threshold=1.0000000180025095e-35 1.0000000180025095e-35 0.16441441441441443 0.20256410256410259 0.84523809523809534 0.56385869565217395
decision_type=2 2 2 2 2 2
left_child=1 -1 -3 -4 -2 -6
right_child=4 2 3 -5 5 -7
leaf_value=-0.045530749687742005 0.017637504869423285 -0.038378820891037328 0.012738567708180205 -0.00090504688372952463 0.035760529980937802 -0.01449587399759856
leaf_weight=4.3438168811553615 33.915987617801875 5.6815375010883136 70.837902254832443 1159.035283489502 2.0262334793806058 7.2037140363827348
leaf_count=716 270 9646 1195 4069 12 43
internal_value=-2.2148e-06 -0.000466778 -0.000299386 -0.000115636 0.0132425 -0.00272663
internal_weight=1283.04 1239.9 1235.55 1229.87 43.1459 9.22995
internal_count=15951 15626 14910 5264 325 55
is_linear=0
shrinkage=0.04


Tree=272
num_leaves=7
num_cat=0
split_feature=5 5 2 9 9 5
split_gain=5.01404 43.706 21.7805 25.4323 22.2249 11.2616
threshold=0.51903565561890053 0.47304562627143282 1.0000000180025095e-35 0.10555555555555557 0.23636363636363639 0.56358613761928689
decision_type=2 2 2 2 2 2
left_child=1 2 4 -4 -1 -2
right_child=5 -3 3 -5 -6 -7
leaf_value=-0.046756784783125428 0.012119566275826761 -0.044598451334270484 0.012664976688906411 -0.052420589903468207 0.031225488750251804 -0.00039748314609733276
leaf_weight=23.859810730496068 131.11715877607639 37.716241457466822 148.63688158977675 10.063332532910861 7.5374486651489851 923.7825679788948
leaf_count=7024 1120 1386 2963 244 190 3024
internal_value=-2.42746e-06 -0.00538281 0.00242595 0.00846447 -0.0278934 0.00115841
internal_weight=1282.71 227.814 190.097 158.7 31.3973 1054.9
internal_count=15951 11807 10421 3207 7214 4144
is_linear=0
shrinkage=0.04


Tree=273
num_leaves=7
num_cat=0
split_feature=9 9 4 9 6 5
split_gain=4.86981 11.9069 9.63714 9.28468 18.9014 6.15505
threshold=0.65714285714285725 0.41428571428571431 0.90692640692640702 0.28636363636363643 0.37980769230769235 0.5920526315789475
decision_type=2 2 2 2 2 2
left_child=1 3 -3 5 -5 -1
right_child=-2 2 -4 4 -6 -7
leaf_value=-0.0043460781585982732 0.040248551635547115 -0.065357586293411277 0.035126812301421416 -0.051698621188298988 0.032192119778983404 0.0016200954665883136
leaf_weight=418.79402460674828 4.5904792696237555 7.3042607631614356 1.7524954080581663 4.8035149794595773 30.252711916225962 813.90001609172032
leaf_count=13446 5 55 8 62 45 2330
internal_value=-4.2635e-06 -0.000156831 -0.0453588 0.000171617 0.0204124 -0.000405599
internal_weight=1281.4 1276.81 9.05676 1267.75 35.0562 1232.69
internal_count=15951 15946 63 15883 107 15776
is_linear=0
shrinkage=0.04


Tree=274
num_leaves=7
num_cat=0
split_feature=0 7 4 4 6 4
split_gain=4.74097 5.55168 5.10356 7.15385 1.87476 2.54895
threshold=1.0000000180025095e-35 1.0000000180025095e-35 0.16441441441441443 0.20256410256410259 0.84523809523809534 0.56385869565217395
decision_type=2 2 2 2 2 2
left_child=1 -1 -3 -4 -2 -6
right_child=4 2 3 -5 5 -7
leaf_value=-0.045383483285694304 0.01742170031204766 -0.038300521066528294 0.01217962728903246 -0.0008813268531826493 0.035576961518087147 -0.013821690890491508
leaf_weight=4.1863339646615705 33.59182391082868 5.4286378896831584 71.028056832146831 1156.1631799086463 1.9444743245840053 7.2949443864636123
leaf_count=716 270 9646 1195 4069 12 43
internal_value=-3.77979e-06 -0.000459375 -0.00029784 -0.000121887 0.0130466 -0.00268014
internal_weight=1279.64 1236.81 1232.62 1227.19 42.8312 9.23942
internal_count=15951 15626 14910 5264 325 55
is_linear=0
shrinkage=0.04


Tree=275
num_leaves=7
num_cat=0
split_feature=9 9 4 9 6 5
split_gain=4.67075 11.2461 9.12003 8.70551 17.7628 5.84174
threshold=0.65714285714285725 0.41428571428571431 0.90692640692640702 0.28636363636363643 0.37980769230769235 0.5920526315789475
decision_type=2 2 2 2 2 2
left_child=1 3 -3 5 -5 -1
right_child=-2 2 -4 4 -6 -7
leaf_value=-0.0042320285167772352 0.040085296715481472 -0.064200542814070796 0.034960205777019415 -0.049962426054853265 0.031560583545695804 0.0015835935676108163
leaf_weight=418.21653147126108 4.4327729642391196 7.1429321084397071 1.6942803114652631 4.7912174857628989 29.654362750472501 813.37631002441776
leaf_count=13446 5 55 8 62 45 2330
internal_value=-3.92215e-06 -0.000151148 -0.0446151 0.000164638 0.0199404 -0.000389982
internal_weight=1279.31 1274.88 8.83721 1266.04 34.4456 1231.59
internal_count=15951 15946 63 15883 107 15776
is_linear=0
shrinkage=0.04


Tree=276
num_leaves=7
num_cat=0
split_feature=5 4 4 4 6 4
split_gain=4.79053 17.9206 15.2952 15.1515 18.0658 16.2017
threshold=0.36245805369127521 0.31698564593301443 0.19782608695652179 0.20256410256410259 0.46410256410256417 0.24190177638453506
decision_type=2 2 2 2 2 2
left_child=1 -1 -2 4 -4 -5
right_child=2 -3 3 5 -6 -7
leaf_value=0.017467400381373819 -0.033891532288062506 -0.056013083004304215 -0.0372168586004408 -0.035615526557721273 0.042493811710587019 -4.6683306623995075e-05
leaf_weight=57.536296346696872 21.440844285163621 5.643842374905943 5.3792066863970858 20.66641060305119 24.65072039142251 1142.2777059879445
leaf_count=7014 4082 32 217 855 87 3664
internal_value=-3.45247e-06 0.0107158 -0.000564445 3.8434e-05 0.0279975 -0.000686504
internal_weight=1277.6 63.1801 1214.41 1192.97 30.0299 1162.94
internal_count=15951 7046 8905 4823 304 4519
is_linear=0
shrinkage=0.04


Tree=277
num_leaves=7
num_cat=0
split_feature=0 7 4 4 5 6
split_gain=4.58073 5.32208 5.00841 18.4412 15.6642 1.83102
threshold=1.0000000180025095e-35 1.0000000180025095e-35 0.35067567567567576 0.3373983739837399 0.41946762914504859 0.84523809523809534
decision_type=2 2 2 2 2 2
left_child=1 -1 3 -3 -4 -2
right_child=5 2 4 -5 -6 -7
leaf_value=-0.045241986256627273 0.017224657003241304 -0.0026031770762454422 -0.065558456922939448 -0.060747766057716923 0.0019994831949508101 -0.0026533469000287941
leaf_weight=4.030742267182176 33.302290039369836 410.7069689532691 5.3277260810136786 8.722564507275818 805.547019880265 9.2448817151598615
leaf_count=716 270 13258 31 63 1558 55
internal_value=-5.01401e-06 -0.000452323 -0.000296627 -0.00384551 0.00153708 0.0128665
internal_weight=1276.88 1234.34 1230.3 419.43 810.875 42.5472
internal_count=15951 15626 14910 13321 1589 325
is_linear=0
shrinkage=0.04


Tree=278
num_leaves=7
num_cat=0
split_feature=7 5 5 5 5 0
split_gain=4.58677 15.5875 19.583 19.284 13.7881 11.65
threshold=0.75000000000000011 0.55051025667456976 0.40783086356668374 0.6802061855670104 0.68541963390831895 1.0000000180025095e-35
decision_type=2 2 2 2 2 2
left_child=-1 2 -2 5 -5 -3
right_child=1 3 -4 4 -6 -7
leaf_value=-0.0006311458642175422 -0.047667971622568403 -0.065973131306339527 0.036008255948819227 0.055612842186939154 -0.0080118300682927197 0.035654244423002295
leaf_weight=1194.57714872413 4.8908640784939044 10.589001078333238 37.099834533961257 7.4958463460207012 18.414666491560638 2.007172353565692
leaf_count=15574 88 81 144 2 49 13
internal_value=-6.18425e-06 0.00922201 0.0260349 -0.0091002 0.010603 -0.0493186
internal_weight=1275.07 80.4974 41.9907 38.5067 25.9105 12.5962
internal_count=15951 377 232 145 51 94
is_linear=0
shrinkage=0.04


Tree=279
num_leaves=7
num_cat=0
split_feature=5 4 4 4 5 4
split_gain=4.65327 16.3483 14.5222 13.9626 17.5604 15.3646
threshold=0.36245805369127521 0.31698564593301443 0.19782608695652179 0.20256410256410259 0.56086163665374988 0.24190177638453506
decision_type=2 2 2 2 2 2
left_child=1 -1 -2 4 -4 -5
right_child=2 -3 3 5 -6 -7
leaf_value=0.016962429566314715 -0.033510731353274148 -0.05385590294152072 0.040149566916241594 -0.035193992542736668 -0.041317946932148165 -6.3789473170122152e-05
leaf_weight=57.517687965260848 20.828516244897401 5.528879838064312 25.375973857590001 20.075896616399405 4.8808233995223409 1140.4776128484227
leaf_count=7014 4082 32 236 855 68 3664
internal_value=-5.96182e-06 0.0105697 -0.000559562 2.06397e-05 0.0267571 -0.000679173
internal_weight=1274.69 63.0466 1211.64 1190.81 30.2568 1160.55
internal_count=15951 7046 8905 4823 304 4519
is_linear=0
shrinkage=0.04


Tree=280
num_leaves=7
num_cat=0
split_feature=9 9 4 9 6 9
split_gain=4.47092 10.6579 8.62683 8.26997 16.4419 5.84638
threshold=0.65714285714285725 0.41428571428571431 0.90692640692640702 0.28636363636363643 0.37980769230769235 0.080128205128205135
decision_type=2 2 2 2 2 2
left_child=1 3 -3 5 -5 -1
right_child=-2 2 -4 4 -6 -7
leaf_value=0.00268988220888661 0.039914729739982467 -0.063118020496414767 0.034779640298456448 -0.047626228017138311 0.03098960881286179 -0.0028623438786973482
leaf_weight=547.81330609491488 4.2722570002079001 6.9875114981296047 1.6347871422767637 4.7809732662281013 29.051423950470053 679.46959541265096
leaf_count=8861 5 55 8 62 45 6915
internal_value=-7.40143e-06 -0.000149566 -0.0439623 0.000155321 0.0196068 -0.000382373
internal_weight=1274.01 1269.74 8.6223 1261.12 33.8324 1227.28
internal_count=15951 15946 63 15883 107 15776
is_linear=0
shrinkage=0.04


Tree=281
num_leaves=7
num_cat=0
split_feature=5 5 4 6 5 5
split_gain=4.38118 25.0253 24.0406 23.2873 42.1786 18.9307
threshold=0.53368237347294956 0.5361571791423877 0.26138716356107666 0.84523809523809534 0.47148664343786301 0.46952439273321095
decision_type=2 2 2 2 2 2
left_child=3 2 -2 4 5 -1
right_child=1 -3 -4 -5 -6 -7
leaf_value=-0.0014233136218849607 0.092652644067408335 0.00051264283752078092 -0.048269743785964304 0.037124892051226072 -0.036959161364165279 0.056024999332491401
leaf_weight=166.46579598776952 8.3857429792769818 1006.8823404474624 2.3431379140820345 19.466520455665886 60.367117451338345 9.5103192222522903
leaf_count=10262 37 3668 21 48 1856 59
internal_value=-6.7373e-06 0.0011682 0.0613727 -0.00468572 -0.0081664 0.0017301
internal_weight=1273.42 1017.61 10.7289 255.81 236.343 175.976
internal_count=15951 3726 58 12225 12177 10321
is_linear=0
shrinkage=0.04


Tree=282
num_leaves=7
num_cat=0
split_feature=0 4 4 9 4 5
split_gain=4.48678 5.11815 28.3897 20.2385 16.7055 23.288
threshold=1.0000000180025095e-35 0.31414473684210531 0.30217391304347835 0.087121212121212141 0.32426470588235301 0.41946762914504859
decision_type=2 2 2 2 2 2
left_child=1 2 3 -1 -3 -6
right_child=-2 4 -4 -5 5 -7
leaf_value=0.0043501510884033324 0.012757885979772246 0.026749443610344047 -0.057034462083266749 -0.019301999668212656 -0.068293564055016659 0.00052905193948925885
leaf_weight=212.57825348519873 42.375469692982733 38.53511273721233 15.664882168231996 79.289861240474238 7.737813882995396 876.45577924931422
leaf_count=10093 325 111 165 3228 49 1980
internal_value=-6.70172e-06 -0.000449996 -0.00491836 -0.00207724 0.00103782 -8.62796e-05
internal_weight=1272.64 1230.26 307.533 291.868 922.729 884.194
internal_count=15951 15626 13486 13321 2140 2029
is_linear=0
shrinkage=0.04


Tree=283
num_leaves=7
num_cat=0
split_feature=5 5 9 5 5 5
split_gain=4.53084 15.3866 22.0333 13.7208 17.4906 14.3836
threshold=0.36245805369127521 0.35985611510791371 0.080128205128205135 0.39038822340886137 0.39225068017637682 0.51903565561890053
decision_type=2 2 2 2 2 2
left_child=1 2 -1 -2 -5 -6
right_child=3 -3 -4 4 5 -7
leaf_value=-0.045591222142444252 -0.044113819703624664 0.043903392625415254 0.015613530191824961 0.053821143525543506 -0.012637368011936467 0.0010329708059558548
leaf_weight=12.776217715670098 11.260797912711494 16.106771876715356 34.035382253396165 9.3349364630194014 139.32174429481347 1048.3356273674017
leaf_count=3987 762 65 2994 64 3935 4144
internal_value=-7.56912e-06 0.0104384 -0.00117134 -0.000554824 -0.000136068 -0.000570844
internal_weight=1271.17 62.9184 46.8116 1208.25 1196.99 1187.66
internal_count=15951 7046 6981 8905 8143 8079
is_linear=0
shrinkage=0.04


Tree=284
num_leaves=7
num_cat=0
split_feature=9 6 4 9 6 9
split_gain=4.42483 10.8475 11.2884 8.68443 8.18056 8.13632
threshold=0.15476190476190479 0.52272727272727282 0.69615384615384623 0.17424242424242428 0.36931818181818188 0.11805555555555557
decision_type=2 2 2 2 2 2
left_child=5 3 -3 -2 -5 -1
right_child=1 2 -4 4 -6 -7
leaf_value=-0.00048151748328866429 0.027103352624504914 -0.038100539260840949 0.02368580832355676 -0.015439746414405606 0.012836327270525973 -0.034463796488696886
leaf_weight=1123.3787561004801 38.788220040965825 15.001297265291216 6.6667534979060283 23.861995651930556 50.864849179088196 11.190375067177227
leaf_count=15058 60 72 30 352 194 185
internal_value=-7.42226e-06 0.0068262 -0.0189561 0.0117899 0.00376332 -0.000824466
internal_weight=1269.75 135.183 21.6681 113.515 74.7268 1134.57
internal_count=15951 708 102 606 546 15243
is_linear=0
shrinkage=0.04


Tree=285
num_leaves=7
num_cat=0
split_feature=0 7 5 5 6 5
split_gain=4.28716 5.10466 4.81588 10.6891 1.85059 2.66056
threshold=1.0000000180025095e-35 1.0000000180025095e-35 0.28639781271360226 0.28850937619594341 0.84523809523809534 0.68989800874210794
decision_type=2 2 2 2 2 2
left_child=1 -1 -3 -4 -2 -6
right_child=4 2 3 -5 5 -7
leaf_value=-0.045118460851952695 0.016936171411496382 -0.043989333875257712 0.05057281063289637 -0.00042120947959731577 -0.03725436674148673 0.0098104929219112926
leaf_weight=3.8784913099934775 32.884258792735636 3.8218611829433931 6.4125450045539756 1212.6789851800932 2.4578727665357274 6.6754186158068478
leaf_count=716 270 4888 64 9958 22 33
internal_value=-6.80911e-06 -0.000439608 -0.000288919 -0.000143084 0.0125245 -0.00316781
internal_weight=1268.81 1226.79 1222.91 1219.09 42.0176 9.13329
internal_count=15951 15626 14910 10022 325 55
is_linear=0
shrinkage=0.04


Tree=286
num_leaves=7
num_cat=0
split_feature=9 9 4 9 6 9
split_gain=4.21481 10.0619 8.02062 7.86137 14.9373 5.43706
threshold=0.65714285714285725 0.41428571428571431 0.90692640692640702 0.28636363636363643 0.37980769230769235 0.080128205128205135
decision_type=2 2 2 2 2 2
left_child=1 3 -3 5 -5 -1
right_child=-2 2 -4 4 -6 -7
leaf_value=0.0025960286305541504 0.039690445934159387 -0.062279096207047663 0.034476720480857162 -0.044936204699650484 0.030356847801531545 -0.0027686575354359667
leaf_weight=545.81215506343233 4.0646134763956061 6.7245749155827053 1.5425834804773328 4.744110875442856 28.397130656871013 676.66780482670583
leaf_count=8861 5 55 8 62 45 6915
internal_value=-6.71535e-06 -0.000142221 -0.0436011 0.000149223 0.0193139 -0.000371767
internal_weight=1267.95 1263.89 8.26716 1255.62 33.1412 1222.48
internal_count=15951 15946 63 15883 107 15776
is_linear=0
shrinkage=0.04


Tree=287
num_leaves=7
num_cat=0
split_feature=5 6 9 4 4 5
split_gain=4.17913 14.7219 15.0479 13.4534 12.9636 16.3049
threshold=0.36245805369127521 0.14835164835164838 0.087121212121212141 0.19782608695652179 0.20256410256410259 0.56086163665374988
decision_type=2 2 2 2 2 2
left_child=1 -1 -3 -2 5 -5
right_child=3 2 -4 4 -6 -7
leaf_value=0.028809992272567503 -0.032853583560033581 -0.04732586247891353 0.011218567571241449 0.038378927121547668 -0.00065855089346118117 -0.040766433800733727
leaf_weight=32.187216209363214 20.056095277564964 10.810799020766355 19.159421158285113 25.644391298410486 1154.758663403205 4.7713704443303859
leaf_count=5065 4082 1550 431 236 4519 68
internal_value=-6.07812e-06 0.0100897 -0.0100069 -0.000529993 2.07664e-05 0.0257127
internal_weight=1267.39 62.1574 29.9702 1205.23 1185.17 30.4158
internal_count=15951 7046 1981 8905 4823 304
is_linear=0
shrinkage=0.04


Tree=288
num_leaves=7
num_cat=0
split_feature=4 5 5 5 5 5
split_gain=4.29028 17.299 56.0778 31.6865 16.0233 35.1074
threshold=0.35067567567567576 0.68541963390831895 0.62345301757066474 0.61060666934511865 0.70183873144399467 0.72018957345971579
decision_type=2 2 2 2 2 2
left_child=1 2 3 -1 -2 -6
right_child=4 -3 -4 -5 5 -7
leaf_value=-0.006078365060772882 0.0063911425827060699 0.020430087386409938 -0.055911237463964827 0.028988161048990945 -0.04219835332097719 -0.00056255146832844265
leaf_weight=303.21215375593056 483.86902340571396 43.961440034858242 32.729982783475862 47.507714387589658 35.868789406958967 319.95111737400293
leaf_count=13329 1084 134 402 144 125 733
internal_value=-6.79854e-06 -0.00326985 -0.00600143 -0.00130882 0.00165213 -0.00478666
internal_weight=1267.1 427.411 383.45 350.72 839.689 355.82
internal_count=15951 14009 13875 13473 1942 858
is_linear=0
shrinkage=0.04


Tree=289
num_leaves=7
num_cat=0
split_feature=7 5 5 4 4 4
split_gain=4.35867 14.9941 18.1807 17.5322 13.0406 10.8346
threshold=0.75000000000000011 0.55051025667456976 0.6802061855670104 0.26006441223832533 0.39565217391304358 0.31414473684210531
decision_type=2 2 2 2 2 2
left_child=5 3 -3 -2 -4 -1
right_child=1 2 4 -5 -6 -7
leaf_value=-0.0075886384207210526 -0.03138186165637584 -0.048981407260586078 -0.071294650970513115 0.037181368522801531 0.01974516254818454 0.0014776294877348435
leaf_weight=274.11926852857414 7.0050075397302853 12.181600454845464 2.6192761193960932 34.738783501088619 23.102276004152372 911.50314817379694
leaf_count=13275 184 94 16 48 35 2299
internal_value=-7.0688e-06 0.00903735 -0.00911631 0.0255333 0.00991869 -0.000617757
internal_weight=1265.27 79.6469 37.9032 41.7438 25.7216 1185.62
internal_count=15951 377 145 232 51 15574
is_linear=0
shrinkage=0.04


Tree=290
num_leaves=7
num_cat=0
split_feature=5 4 5 5 5 5
split_gain=4.24664 14.1888 12.5795 16.349 13.3764 12.2411
threshold=0.36245805369127521 0.31698564593301443 0.39038822340886137 0.39225068017637682 0.51903565561890053 0.35985611510791371
decision_type=2 2 2 2 2 2
left_child=1 5 -2 -4 -5 -1
right_child=2 -3 3 4 -6 -7
leaf_value=0.0046369132367610599 -0.042930971357715314 -0.050407269701910611 0.052092593904377593 -0.01225642985969203 0.00098550199495081158 0.046314473105465881
leaf_weight=40.998756631181095 10.895242071354003 5.4190485104918471 9.3109145761336531 138.0021249253914 1043.5534487791283 15.452002205325696
leaf_count=6952 762 32 64 3935 4144 62
internal_value=-7.45072e-06 0.0101935 -0.000535895 -0.000139199 -0.000561236 0.0162037
internal_weight=1263.63 61.8698 1201.76 1190.87 1181.56 56.4508
internal_count=15951 7046 8905 8143 8079 7014
is_linear=0
shrinkage=0.04


Tree=291
num_leaves=7
num_cat=0
split_feature=0 7 5 5 6 6
split_gain=4.25943 4.88851 4.79171 40.4049 40.2411 1.84945
threshold=1.0000000180025095e-35 1.0000000180025095e-35 0.75238441275320211 0.7286924939467313 0.76388888888888895 0.84523809523809534
decision_type=2 2 2 2 2 2
left_child=1 -1 3 -3 -4 -2
right_child=5 2 4 -5 -6 -7
leaf_value=-0.044976646844417767 0.016905617200992613 7.8820510713295514e-05 0.0096779592475515503 -0.041806523456005204 -0.044654068545143213 -0.0032010513127279489
leaf_weight=3.7313032798101622 32.836646878393367 922.94770968497323 231.82756762392819 38.177766809239984 23.868349960073829 9.1262966692447645
leaf_count=716 270 14328 359 129 94 55
internal_value=-7.15943e-06 -0.000440459 -0.000294879 -0.00159122 0.0045675 0.0124908
internal_weight=1262.52 1220.55 1216.82 961.125 255.696 41.9629
internal_count=15951 15626 14910 14457 453 325
is_linear=0
shrinkage=0.04


Tree=292
num_leaves=7
num_cat=0
split_feature=7 5 5 5 5 2
split_gain=4.1489 14.2549 16.9674 16.5665 12.9598 11.2449
threshold=0.75000000000000011 0.55051025667456976 0.6802061855670104 0.40783086356668374 0.68541963390831895 1.0000000180025095e-35
decision_type=2 2 2 2 2 2
left_child=-1 3 -3 -2 -4 -5
right_child=1 2 4 5 -6 -7
leaf_value=-0.00060115448870189266 -0.043601524467405985 -0.047620702583681451 0.053905963615447021 -0.042532048992746513 -0.0085694128480065714 0.040391667840668548
leaf_weight=1182.8543553403715 4.7811705500353119 12.074225293850757 7.2813089936971691 2.6493451792630358 18.064784961170517 34.039145738468505
leaf_count=15574 88 94 2 36 49 108
internal_value=-6.6056e-06 0.00886158 -0.00897756 0.0249726 0.00958145 0.0341512
internal_weight=1261.74 78.89 37.4203 41.4697 25.3461 36.6885
internal_count=15951 377 145 232 51 144
is_linear=0
shrinkage=0.04


Tree=293
num_leaves=7
num_cat=0
split_feature=4 4 6 4 6 5
split_gain=4.08958 26.3949 43.4376 25.2261 24.8734 26.3874
threshold=0.47913043478260875 0.41801075268817212 0.31009615384615391 0.45643939393939398 0.64583333333333337 0.7834192439862544
decision_type=2 2 2 2 2 2
left_child=1 4 -3 -4 5 -1
right_child=-2 2 3 -5 -6 -7
leaf_value=-0.0025226526861889119 0.0031738131372904509 -0.059309805578307791 -0.025630639624162326 0.015037823123119184 0.024546556455262523 0.043481326735120382
leaf_weight=618.60744939255528 427.16307175159454 31.093921473016962 48.108100954443216 49.079369241371751 66.986806880115182 20.411786847282201
leaf_count=14539 877 169 144 70 132 20
internal_value=-6.64419e-06 -0.00163784 -0.0183151 -0.00508395 0.00139392 -0.0010369
internal_weight=1261.45 834.287 128.281 97.1875 706.006 639.019
internal_count=15951 15074 383 214 14691 14559
is_linear=0
shrinkage=0.04


Tree=294
num_leaves=7
num_cat=0
split_feature=9 9 9 6 6 6
split_gain=4.16946 9.79189 7.61406 23.525 40.1823 22.0421
threshold=0.15476190476190479 0.17424242424242428 0.10555555555555557 0.095454545454545472 0.10555555555555557 0.64583333333333337
decision_type=2 2 2 2 2 2
left_child=2 -2 5 -4 -5 -1
right_child=1 -3 3 4 -6 -7
leaf_value=-0.0018503429103614536 0.023050762425590926 -0.00049818304736091198 -0.054432399483002637 0.08026683544185087 -0.0092864767287707452 0.015883822340932705
leaf_weight=846.15345423098643 40.448957240878372 92.08820932384333 16.171586386165473 8.3540708100481407 127.01593209174462 129.05624128619093
leaf_count=13913 75 633 494 10 578 248
internal_value=-6.25034e-06 0.00669754 -0.000797626 -0.00913345 -0.00363487 0.000497267
internal_weight=1259.29 132.537 1126.75 151.542 135.37 975.21
internal_count=15951 708 15243 1082 588 14161
is_linear=0
shrinkage=0.04


Tree=295
num_leaves=7
num_cat=0
split_feature=4 4 5 5 9 5
split_gain=4.16776 20.2159 13.0469 16.5831 21.1023 6.90431
threshold=0.20256410256410259 0.24190177638453506 0.3375811688311689 0.34028079316833121 0.080128205128205135 0.32068270200201648
decision_type=2 2 2 2 2 2
left_child=2 -2 -1 -4 -5 -3
right_child=1 5 3 4 -6 -7
leaf_value=-0.039190562413643819 -0.036877146062737162 0.026357014588417996 0.067854473208982719 0.019120485713433031 -0.03859948580109468 -0.00020844368048058447
leaf_weight=7.8720611782991901 23.876258120435523 15.670234068180433 8.0341479387661803 49.434300879729562 12.525709599405671 1140.2908044656942
leaf_count=6318 929 38 58 3000 1901 3707
internal_value=-5.64316e-06 -0.000599388 0.00894371 0.014482 0.00733311 0.000154446
internal_weight=1257.7 1179.84 77.8662 69.9942 61.96 1155.96
internal_count=15951 4674 11277 4959 4901 3745
is_linear=0
shrinkage=0.04


Tree=296
num_leaves=7
num_cat=0
split_feature=5 5 4 2 5 4
split_gain=4.09796 47.9687 21.0442 20.7795 52.8606 76.2169
threshold=0.5920526315789475 0.57185886402753883 0.64495798319327746 1.0000000180025095e-35 0.64019704433497548 0.49242424242424249
decision_type=2 2 2 2 2 2
left_child=1 -1 -3 4 -2 -6
right_child=3 2 -4 -5 5 -7
leaf_value=0.001403973556598735 0.036705721928302612 -0.052171781531260557 0.034675691343781935 -0.001569747743416543 -0.07769804402544328 0.012316063507795776
leaf_weight=377.73842693534607 83.66701652820484 39.464967373904074 4.8623033165931693 665.05351230241649 19.206068296916783 66.809639565646648
leaf_count=13132 150 399 4 2048 109 109
internal_value=-6.07555e-06 -0.00321892 -0.0424875 0.00161641 0.0141031 -0.00789321
internal_weight=1256.8 422.066 44.3273 834.736 169.683 86.0157
internal_count=15951 13535 403 2416 368 218
is_linear=0
shrinkage=0.04


Tree=297
num_leaves=7
num_cat=0
split_feature=0 4 5 4 4 6
split_gain=4.09059 5.06786 7.66158 6.11544 5.54561 1.86825
threshold=1.0000000180025095e-35 0.88194444444444453 0.90611995104039178 0.83974358974358987 0.87083333333333346 0.84523809523809534
decision_type=2 2 2 2 2 2
left_child=1 2 4 -4 -1 -2
right_child=5 -3 3 -5 -6 -7
leaf_value=-0.00039069429595207548 0.016739401622882739 0.025909324490597671 -0.090152011234259199 0.0010405168115627059 -0.081105154738313742 -0.0035471547821947051
leaf_weight=1196.575803043027 32.603350333403796 11.371344649232922 2.5470950100570908 1.9753486700356004 1.163822785951196 9.0531375058926624
leaf_count=15568 270 34 13 5 6 55
internal_value=-5.96367e-06 -0.000431504 -0.000686574 -0.0515396 -0.00048432 0.0122869
internal_weight=1255.29 1213.63 1202.26 4.52244 1197.74 41.6565
internal_count=15951 15626 15592 18 15574 325
is_linear=0
shrinkage=0.04


Tree=298
num_leaves=7
num_cat=0
split_feature=9 9 9 6 4 9
split_gain=4.00423 9.16347 7.00749 13.2691 5.97475 5.09783
threshold=0.65714285714285725 0.49206349206349215 0.28636363636363643 0.37980769230769235 0.90692640692640702 0.080128205128205135
decision_type=2 2 2 2 2 2
left_child=1 2 5 -4 -3 -1
right_child=-2 4 3 -5 -6 -7
leaf_value=0.0025057815635409746 0.039489646372698653 -0.061604458063532562 -0.04261672603824139 0.028288379644366844 0.032766372615805131 -0.0027147640327313516
leaf_weight=540.85062864334304 3.8933600336313239 5.8032924737090061 4.7365378086542469 28.942060020657664 1.1443478614091871 669.2600830327392
leaf_count=8861 5 46 65 53 6 6915
internal_value=-6.21895e-06 -0.000137057 0.000120846 0.0180646 -0.0452989 -0.000379796
internal_weight=1254.63 1250.74 1243.79 33.6786 6.94764 1210.11
internal_count=15951 15946 15894 118 52 15776
is_linear=0
shrinkage=0.04


Tree=299
num_leaves=7
num_cat=0
split_feature=4 4 5 5 6 5
split_gain=4.02343 15.8812 16.9159 51.6443 14.8688 14.7727
threshold=0.35067567567567576 0.3373983739837399 0.68541963390831895 0.62345301757066474 0.095454545454545472 0.70183873144399467
decision_type=2 2 2 2 2 2
left_child=1 2 3 -1 -4 -2
right_child=5 -3 4 -5 -6 -7
leaf_value=-0.00030294880258001198 0.0061728029941627207 -0.056206041424704221 -0.044057388422031246 -0.054492107999045393 0.030145125601128541 -0.0045987893786650557
leaf_weight=339.00641282193556 479.99914766300935 8.6551163935800997 4.6759728998295023 30.494773405931483 37.851654139813036 353.45643165893853
leaf_count=13420 1084 70 73 392 54 858
internal_value=-5.6313e-06 -0.00319529 -0.00205016 -0.00480763 0.0217716 0.00160232
internal_weight=1254.14 420.684 412.029 369.501 42.5276 833.456
internal_count=15951 14009 13939 13812 127 1942
is_linear=0
shrinkage=0.04


Tree=300
num_leaves=7
num_cat=0
split_feature=5 5 4 9 2 5
split_gain=4.01431 45.2757 19.5765 19.8565 19.3848 48.6998
threshold=0.5920526315789475 0.57185886402753883 0.64495798319327746 0.31666666666666671 1.0000000180025095e-35 0.64019704433497548
decision_type=2 2 2 2 2 2
left_child=1 -1 3 -3 5 -2
right_child=4 2 -4 -5 -6 -7
leaf_value=0.0012718277959100036 0.035549609379766846 -0.060638114332633157 0.034162605536275467 0.032063308330777834 -0.0014697953374539425 -0.007450492256014748
leaf_weight=377.3951503661674 82.794891212484799 34.941010915234074 4.6864005401730529 3.9774309424683443 663.6896677549812 85.372519332682714
leaf_count=13132 150 395 4 4 2048 218
internal_value=-6.92512e-06 -0.00319035 -0.0416851 -0.0509975 0.00160217 0.0137252
internal_weight=1252.86 421 43.6048 38.9184 831.857 168.167
internal_count=15951 13535 403 399 2416 368
is_linear=0
shrinkage=0.04


Tree=301
num_leaves=7
num_cat=0
split_feature=5 5 5 7 6 4
split_gain=4.07006 22.8649 22.2135 33.7463 46.7621 21.5374
threshold=0.53368237347294956 0.5361571791423877 0.44497103738809901 0.75000000000000011 0.84523809523809534 0.26138716356107666
decision_type=2 2 2 2 2 2
left_child=2 5 -1 4 -4 -2
right_child=1 -3 3 -5 -6 -7
leaf_value=0.0045669462588731873 0.086708102896397965 0.00048581488641416662 -0.044202279918134753 0.02960657401395439 0.04914701692423476 -0.047585524699387982
leaf_weight=156.50971868591296 8.641785185383922 992.69188436729564 64.769140791333484 17.437125397002092 9.7050541490316373 2.2769615380093446
leaf_count=9535 37 3668 2589 88 13 21
internal_value=-6.36623e-06 0.00112685 -0.0045898 -0.02018 -0.0319117 0.0581708
internal_weight=1252.03 1003.61 248.421 91.9113 74.4742 10.9187
internal_count=15951 3726 12225 2690 2602 58
is_linear=0
shrinkage=0.04


Tree=302
num_leaves=7
num_cat=0
split_feature=0 4 5 4 9 6
split_gain=4.05506 4.81277 7.03641 5.7891 4.85762 1.81484
threshold=1.0000000180025095e-35 0.88194444444444453 0.90611995104039178 0.83974358974358987 0.38750000000000007 0.84523809523809534
decision_type=2 2 2 2 2 2
left_child=1 2 4 -4 -1 -2
right_child=5 -3 3 -5 -6 -7
leaf_value=-0.00022726392042467385 0.016654422954121444 0.025546644107381805 -0.087438335771980694 0.0012769528977819283 -0.02602141233227814 -0.0033032514683547769
leaf_weight=1181.8486736625018 32.482153067132458 11.099732150323687 2.5191101990640155 1.9878543894737957 11.601208730153301 9.1043827822431904
leaf_count=15511 270 34 13 5 63 55
internal_value=-6.75057e-06 -0.00043168 -0.000678277 -0.0494928 -0.000483995 0.0122424
internal_weight=1250.64 1209.06 1197.96 4.50696 1193.45 41.5865
internal_count=15951 15626 15592 18 15574 325
is_linear=0
shrinkage=0.04


Tree=303
num_leaves=7
num_cat=0
split_feature=9 9 9 6 4 5
split_gain=3.92367 8.50425 7.16312 12.8904 6.9464 4.9992
threshold=0.65714285714285725 0.41428571428571431 0.28636363636363643 0.37980769230769235 0.90692640692640702 0.75238441275320211
decision_type=2 2 2 2 2 2
left_child=1 2 5 -4 -3 -1
right_child=-2 4 3 -5 -6 -7
leaf_value=-0.0017137236723563942 0.039430737435222456 -0.059568109391168397 -0.041113028261694946 0.029331091044175018 0.033993418333455566 0.0045643480347081732
leaf_weight=948.51438205915383 3.823072373867034 6.2427283082743079 4.6945104396145316 27.310283267870545 1.4124117791652677 257.90460965456441
leaf_count=15248 5 55 62 45 8 528
internal_value=-6.73033e-06 -0.000135641 0.000125884 0.018745 -0.0416249 -0.000369425
internal_weight=1249.9 1246.08 1238.42 32.0048 7.65514 1206.42
internal_count=15951 15946 15883 107 63 15776
is_linear=0
shrinkage=0.04


Tree=304
num_leaves=7
num_cat=0
split_feature=4 4 5 5 9 5
split_gain=3.8811 18.9888 12.2757 15.4059 19.463 6.47693
threshold=0.20256410256410259 0.24190177638453506 0.3375811688311689 0.34028079316833121 0.080128205128205135 0.40954368655725265
decision_type=2 2 2 2 2 2
left_child=2 -2 -1 -4 -5 -3
right_child=1 5 3 4 -6 -7
leaf_value=-0.038526159551953348 -0.036329010520354199 0.012630308472904252 0.065684747138625738 0.018241607377758685 -0.038025159346365252 -0.00057821353887509478
leaf_weight=7.7127829330029263 23.102220387576381 62.633363194472622 7.9661215573742075 49.548576262346614 12.051248476558611 1085.5037949443795
leaf_count=6318 929 179 58 3000 1901 3566
internal_value=-6.03152e-06 -0.000581089 0.00866275 0.0140187 0.00711391 0.000142672
internal_weight=1248.52 1171.24 77.2787 69.5659 61.5998 1148.14
internal_count=15951 4674 11277 4959 4901 3745
is_linear=0
shrinkage=0.04


Tree=305
num_leaves=7
num_cat=0
split_feature=5 5 2 9 9 5
split_gain=3.92137 37.756 18.4271 22.0544 19.7795 10.024
threshold=0.51903565561890053 0.47699364855328169 1.0000000180025095e-35 0.10555555555555557 0.15476190476190479 0.52116944088775086
decision_type=2 2 2 2 2 2
left_child=1 2 4 -4 -1 -2
right_child=5 -3 3 -5 -6 -7
leaf_value=-0.045401123396891722 0.039875044409570584 -0.046178737431621507 0.011460814150735906 -0.048087738101183899 0.029799064095440083 0.00061506773439180731
leaf_weight=22.437775026188323 10.315279144127997 30.269079677774243 145.19138980492426 10.476216496546838 7.2454669580138207 1021.8125703500264
leaf_count=7045 61 1261 3049 255 197 4083
internal_value=-6.50935e-06 -0.00491163 0.00185931 0.00738389 -0.0269018 0.00101703
internal_weight=1247.75 215.62 185.351 155.668 29.6832 1032.13
internal_count=15951 11807 10546 3304 7242 4144
is_linear=0
shrinkage=0.04


Tree=306
num_leaves=7
num_cat=0
split_feature=0 7 4 4 5 9
split_gain=3.96034 4.6721 4.63153 15.7971 13.4397 1.86495
threshold=1.0000000180025095e-35 1.0000000180025095e-35 0.35067567567567576 0.3373983739837399 0.41946762914504859 0.17424242424242428
decision_type=2 2 2 2 2 2
left_child=1 -1 3 -3 -4 -2
right_child=5 2 4 -5 -6 -7
leaf_value=-0.044840507235548228 0.0077916969196485724 -0.0026353476012362254 -0.062621215566928123 -0.058487402052655728 0.0018927190812867895 0.029344406483867977
leaf_weight=3.5786012725784522 33.408673418685794 393.34278999888738 4.9990458823740473 8.0788344070315343 794.59676413796842 7.9978685826063147
leaf_count=716 274 13258 31 63 1558 51
internal_value=-7.68523e-06 -0.000428295 -0.000286853 -0.00379295 0.00147132 0.0121238
internal_weight=1246 1204.6 1201.02 401.422 799.596 41.4065
internal_count=15951 15626 14910 13321 1589 325
is_linear=0
shrinkage=0.04


Tree=307
num_leaves=7
num_cat=0
split_feature=9 9 9 6 4 9
split_gain=3.75382 8.0822 6.78269 11.8717 6.58691 4.62561
threshold=0.65714285714285725 0.41428571428571431 0.28636363636363643 0.37980769230769235 0.90692640692640702 0.080128205128205135
decision_type=2 2 2 2 2 2
left_child=1 2 5 -4 -3 -1
right_child=-2 4 3 -5 -6 -7
leaf_value=0.0023974366615184426 0.039260442812961385 -0.058673512770817629 -0.038992942407688636 0.028748778806642998 0.033790062266155892 -0.0025924967658595556
leaf_weight=537.32423416192978 3.6824011355638495 6.1005265711100938 4.6884265706321484 26.75323527213186 1.3631074577569959 664.42541055284255
leaf_count=8861 5 55 62 45 8 6915
internal_value=-8.46274e-06 -0.000132938 0.000119913 0.0184016 -0.0410845 -0.000359715
internal_weight=1244.34 1240.65 1233.19 31.4417 7.46363 1201.75
internal_count=15951 15946 15883 107 63 15776
is_linear=0
shrinkage=0.04


Tree=308
num_leaves=7
num_cat=0
split_feature=0 7 5 6 5 9
split_gain=3.71544 4.48644 4.56669 37.5631 35.2092 1.83933
threshold=1.0000000180025095e-35 1.0000000180025095e-35 0.75238441275320211 0.76388888888888895 0.7286924939467313 0.17424242424242428
decision_type=2 2 2 2 2 2
left_child=1 -1 4 -4 -3 -2
right_child=5 2 3 -5 -6 -7
leaf_value=-0.044675555787519909 0.007510689307648216 3.1012157134791541e-05 0.0094479047959726385 -0.043397613030826641 -0.039028586150482887 0.029107129680177372
leaf_weight=3.4534910248012229 33.121947183972225 908.14415755503069 229.45612106472254 23.540304077789187 38.285525429062545 7.8287922125309697
leaf_count=716 274 14328 359 94 129 51
internal_value=-7.73707e-06 -0.000413598 -0.000277061 0.00449255 -0.00155485 0.0118094
internal_weight=1243.83 1202.88 1199.43 252.996 946.43 40.9507
internal_count=15951 15626 14910 453 14457 325
is_linear=0
shrinkage=0.04


Tree=309
num_leaves=7
num_cat=0
split_feature=4 4 6 5 6 6
split_gain=3.63974 14.4696 15.7668 17.4279 10.2155 13.6294
threshold=0.61721611721611735 0.58578431372549034 0.21825396825396828 0.77360164536032594 0.58571428571428574 0.69047619047619058
decision_type=2 2 2 2 2 2
left_child=1 -1 -3 -4 -2 -6
right_child=4 2 3 -5 5 -7
leaf_value=-0.00020172135009434889 0.012777577126326475 0.0038574483596861648 -0.037436422964458968 -0.15915331394594559 -0.054239416973562264 0.00045886636442219099
leaf_weight=1068.574621916262 105.35922244214453 8.9240781962871569 7.978784366976468 2.3805339960381389 8.6341112013906223 41.248659920413047
leaf_count=15539 185 18 24 16 48 121
internal_value=-6.94161e-06 -0.000826504 -0.0349882 -0.0680806 0.00571695 -0.00914761
internal_weight=1243.1 1087.86 19.2834 10.3593 155.242 49.8828
internal_count=15951 15597 58 40 354 169
is_linear=0
shrinkage=0.04


Tree=310
num_leaves=7
num_cat=0
split_feature=9 9 4 9 6 5
split_gain=3.66034 7.34352 6.42825 6.33874 11.2427 4.60199
threshold=0.65714285714285725 0.41428571428571431 0.90692640692640702 0.28636363636363643 0.37980769230769235 0.5920526315789475
decision_type=2 2 2 2 2 2
left_child=1 3 -3 5 -5 -1
right_child=-2 2 -4 4 -6 -7
leaf_value=-0.0038521307310026239 0.039163034317383445 -0.057775071571751851 0.033801852954374489 -0.038016771175372659 0.028147923577236389 0.0013979990179967597
leaf_weight=400.55908714900306 3.6050687134265891 5.8671409343551195 1.3658374547958372 4.661809788245594 26.26667395955883 800.49996205651769
leaf_count=13446 5 55 8 62 45 2330
internal_value=-7.10387e-06 -0.00012897 -0.0397689 0.000108549 0.0179306 -0.00035163
internal_weight=1242.83 1239.22 7.23298 1231.99 30.9285 1201.06
internal_count=15951 15946 63 15883 107 15776
is_linear=0
shrinkage=0.04


Tree=311
num_leaves=7
num_cat=0
split_feature=4 4 2 5 5 5
split_gain=3.69792 17.7965 11.5389 13.4044 41.7006 6.35541
threshold=0.20256410256410259 0.24190177638453506 1.0000000180025095e-35 0.56086163665374988 0.55860888821782684 0.40954368655725265
decision_type=2 2 2 2 2 2
left_child=2 -2 -1 4 -4 -3
right_child=1 5 3 -5 -6 -7
leaf_value=-0.04464709028207129 -0.035704799997607013 0.01255574225553065 0.0069930649269210454 -0.038471105731639053 0.10741495403712584 -0.00058900408589941612
leaf_weight=5.8203163897424011 22.417303830290621 62.038553391641472 56.449791514540266 7.0660510093002804 7.3095714811352073 1080.3078967758629
leaf_count=7107 929 179 3805 346 19 3566
internal_value=-6.47975e-06 -0.000568703 0.00849069 0.0129991 0.0188369 0.000125183
internal_weight=1241.41 1164.76 76.6457 70.8254 63.7594 1142.35
internal_count=15951 4674 11277 4170 3824 3745
is_linear=0
shrinkage=0.04


Tree=312
num_leaves=7
num_cat=0
split_feature=7 5 4 5 6 6
split_gain=3.6485 13.1646 15.6819 15.6779 26.1094 15.0292
threshold=0.75000000000000011 0.55051025667456976 0.38585607940446659 0.46952439273321095 0.060661764705882359 0.16025641025641027
decision_type=2 2 2 2 2 2
left_child=-1 3 -3 4 -2 -4
right_child=1 2 5 -5 -6 -7
leaf_value=-0.00056940309209080309 0.045595954384903659 -0.051730014973301229 0.055775487728043659 0.043728799065467713 -0.055453845673409281 -0.011115366251796262
leaf_weight=1163.3471023100283 7.6806298084557048 9.8038288840471051 7.1442531049251583 24.855612209270475 8.3004167989784019 19.780461702262983
leaf_count=15574 33 86 3 79 120 56
internal_value=-7.16335e-06 0.00837954 -0.00893507 0.0239687 -0.00680154 0.00684022
internal_weight=1240.91 77.5652 36.7285 40.8367 15.981 26.9247
internal_count=15951 377 145 232 153 59
is_linear=0
shrinkage=0.04


Tree=313
num_leaves=7
num_cat=0
split_feature=0 4 5 6 5 6
split_gain=3.63225 4.59936 7.15699 25.5503 9.47863 1.8886
threshold=1.0000000180025095e-35 0.88194444444444453 0.82904856075587785 0.37980769230769235 0.76224734498115809 0.84523809523809534
decision_type=2 2 2 2 2 2
left_child=1 2 4 -4 -1 -2
right_child=5 -3 3 -5 -6 -7
leaf_value=-0.0014821292853626124 0.016233433384976629 0.025246312860981623 -0.071899941485833632 -0.0012993746384741382 0.0089144343901818926 -0.0043554051544663734
leaf_weight=972.8357758661914 31.907172257546335 10.87417162209749 10.005904447752981 42.118268871679902 163.74951626127586 8.8872224017977697
leaf_count=15194 270 34 57 75 266 55
internal_value=-6.63056e-06 -0.000408288 -0.000648863 -0.0151133 1.52644e-05 0.0116999
internal_weight=1240.38 1199.58 1188.71 52.1242 1136.59 40.7944
internal_count=15951 15626 15592 132 15460 325
is_linear=0
shrinkage=0.04


Tree=314
num_leaves=7
num_cat=0
split_feature=5 4 4 4 6 4
split_gain=3.65449 13.5169 12.3031 11.608 15.038 13.5542
threshold=0.36245805369127521 0.31698564593301443 0.19782608695652179 0.20256410256410259 0.46410256410256417 0.31698564593301443
decision_type=2 2 2 2 2 2
left_child=1 -1 -2 4 -4 -5
right_child=2 -3 3 5 -6 -7
leaf_value=0.015598254918996956 -0.032574937425072267 -0.050625221106952258 -0.036183058352410695 -0.0096652843635389434 0.037220211952675969 0.0014878247466154585
leaf_weight=54.484284293934252 18.625505577331751 5.2147175762802354 5.22769718122436 215.13065814984293 25.117218487896025 915.15960295737023
leaf_count=7014 4082 32 217 2208 87 2311
internal_value=-6.29245e-06 0.00963051 -0.000497393 2.1178e-05 0.024355 -0.000634537
internal_weight=1238.96 59.699 1179.26 1160.64 30.3449 1130.29
internal_count=15951 7046 8905 4823 304 4519
is_linear=0
shrinkage=0.04


Tree=315
num_leaves=7
num_cat=0
split_feature=7 5 5 4 5 0
split_gain=3.57234 12.6024 14.9046 14.8446 11.6513 10.7958
threshold=0.75000000000000011 0.55051025667456976 0.6802061855670104 0.26006441223832533 0.68541963390831895 1.0000000180025095e-35
decision_type=2 2 2 2 2 2
left_child=-1 3 5 -2 -4 -3
right_child=1 2 4 -5 -6 -7
leaf_value=-0.00056212522256770647 -0.030486204700902065 -0.063258432644268434 0.051853817313456327 0.03437940777717554 -0.0083363640010869194 0.035623466472763335
leaf_weight=1160.9720784890687 6.5735422673460553 9.5871702875010634 6.9817157387733486 33.827994346618652 17.882768142968416 1.9911101534962661
leaf_count=15574 184 81 2 48 49 13
internal_value=-7.08609e-06 0.00833224 -0.00866232 0.023678 0.00876359 -0.0457678
internal_weight=1237.82 76.8443 36.4428 40.4015 24.8645 11.5783
internal_count=15951 377 145 232 51 94
is_linear=0
shrinkage=0.04


Tree=316
num_leaves=7
num_cat=0
split_feature=5 5 6 5 4 2
split_gain=3.60319 21.3937 20.0656 36.7662 19.5643 13.1284
threshold=0.53368237347294956 0.5361571791423877 0.84523809523809534 0.47699364855328169 0.26138716356107666 1.0000000180025095e-35
decision_type=2 2 2 2 2 2
left_child=2 4 3 5 -2 -1
right_child=1 -3 -4 -5 -6 -7
leaf_value=-0.024817869102982632 0.082334259370736934 0.00042667720094176841 0.034756687724505041 -0.037824982620858864 -0.04676389259067696 0.0057187891081421586
leaf_weight=26.428743404940178 8.8269155381713045 984.70415069129194 19.069908479548758 50.219455192405803 2.2095692749135187 145.8448865448272
leaf_count=7214 37 3668 48 1672 21 3291
internal_value=-6.66331e-06 0.00105506 -0.0043887 -0.00778104 0.0559377 0.000999174
internal_weight=1237.3 995.741 241.563 222.493 11.0365 172.274
internal_count=15951 3726 12225 12177 58 10505
is_linear=0
shrinkage=0.04


Tree=317
num_leaves=7
num_cat=0
split_feature=9 9 6 9 6 4
split_gain=3.66061 9.52863 7.1405 34.7219 23.0895 21.3363
threshold=0.15476190476190479 0.17424242424242428 0.095454545454545472 0.095454545454545472 0.10555555555555557 0.41801075268817212
decision_type=2 2 2 2 2 2
left_child=2 -2 3 5 -4 -1
right_child=1 -3 4 -5 -6 -7
leaf_value=0.0074972282798902792 0.022647246114464274 -0.00095125482082110077 0.062313241697473751 -0.053932439085497795 5.3822589731203697e-05 -0.024351783690220556
leaf_weight=119.58064614992963 39.589374065049924 87.236373932369133 9.4322033794032887 22.762142634052907 911.12234240613907 46.595707343891263
leaf_count=7855 75 633 62 919 6269 138
internal_value=-7.0613e-06 0.00642347 -0.00074496 -0.00782464 0.000707315 -0.00143972
internal_weight=1236.32 126.826 1109.49 188.938 920.555 166.176
internal_count=15951 708 15243 8912 6331 7993
is_linear=0
shrinkage=0.04


Tree=318
num_leaves=7
num_cat=0
split_feature=4 5 5 5 5 4
split_gain=3.58461 14.7934 15.3865 21.916 13.6628 34.2414
threshold=0.35067567567567576 0.76224734498115809 0.71257183908045996 0.7070237256283769 0.70183873144399467 0.38585607940446659
decision_type=2 2 2 2 2 2
left_child=1 2 3 -1 -2 -6
right_child=4 -3 -4 -5 5 -7
leaf_value=-0.0050647365117034151 0.0059342157465906232 0.036313996874829564 -0.067834594511378035 0.05537355504923662 -0.073117445864002012 -0.0021912131582609803
leaf_weight=380.56072362821578 474.68241101934109 14.510712154209612 5.8528471883328157 9.6446045960765314 11.056328957900403 339.3116856473498
leaf_count=13932 1084 11 52 14 63 795
internal_value=-6.98442e-06 -0.00306184 -0.00452714 -0.00353817 0.00151115 -0.00447553
internal_weight=1235.62 410.569 396.058 390.205 825.05 350.368
internal_count=15951 14009 13998 13946 1942 858
is_linear=0
shrinkage=0.04


Tree=319
num_leaves=7
num_cat=0
split_feature=0 4 5 6 5 6
split_gain=3.55846 4.36315 6.37412 23.4514 8.8595 1.87265
threshold=1.0000000180025095e-35 0.88194444444444453 0.82904856075587785 0.37980769230769235 0.76224734498115809 0.84523809523809534
decision_type=2 2 2 2 2 2
left_child=1 2 4 -4 -1 -2
right_child=5 -3 3 -5 -6 -7
leaf_value=-0.001458895204037289 0.016131264408217449 0.024873292959016049 -0.069346613160694903 -0.0011920141355409291 0.0086257563848851498 -0.0043845311634254161
leaf_weight=968.518625104688 31.767874805256724 10.621529081836341 9.8111572209745628 42.200751010328531 162.6070022508502 8.8814956098794919
leaf_count=15194 270 34 57 75 266 55
internal_value=-7.02762e-06 -0.000405827 -0.000638624 -0.0143029 -6.12151e-06 0.0116003
internal_weight=1234.41 1193.76 1183.14 52.0119 1131.13 40.6494
internal_count=15951 15626 15592 132 15460 325
is_linear=0
shrinkage=0.04


Tree=320
num_leaves=7
num_cat=0
split_feature=5 4 4 4 5 4
split_gain=3.52728 12.734 11.41 10.9189 14.3789 12.6724
threshold=0.36245805369127521 0.31698564593301443 0.19782608695652179 0.20256410256410259 0.42524210335776996 0.31698564593301443
decision_type=2 2 2 2 2 2
left_child=1 -1 -2 4 -4 -5
right_child=2 -3 3 5 -6 -7
leaf_value=0.015236935857865081 -0.031798280880118067 -0.049406701864336933 -0.048341874541766472 -0.0094121712883006824 0.03390560163890078 0.0014160757215892217
leaf_weight=54.421318729158884 18.134929998289408 5.1477831350639454 3.696532444155312 213.15807612772915 26.693480587317026 911.77989972784417
leaf_count=7014 4082 32 41 2208 263 2311
internal_value=-6.67373e-06 0.00947053 -0.000491006 4.1053e-06 0.0235853 -0.000635238
internal_weight=1233.03 59.5691 1173.46 1155.33 30.39 1124.94
internal_count=15951 7046 8905 4823 304 4519
is_linear=0
shrinkage=0.04


Tree=321
num_leaves=7
num_cat=0
split_feature=7 5 5 6 5 6
split_gain=3.53105 12.2511 14.5 24.1706 14.1983 13.6506
threshold=0.75000000000000011 0.55051025667456976 0.46952439273321095 0.060661764705882359 0.6802061855670104 0.24038461538461542
decision_type=2 2 2 2 2 2
left_child=-1 2 3 -2 -3 -4
right_child=1 4 5 -5 -6 -7
leaf_value=-0.00055909579525015415 0.044376630037995128 -0.045487352615000594 -0.035671135496167107 -0.054381839927783837 0.0083448449367233835 0.05341820125762383
leaf_weight=1155.9400121206636 7.4504587297124081 11.227352357396738 2.9781728906091329 8.0234459985585982 24.697326415101998 21.707547446945682
leaf_count=15574 33 94 52 120 51 27
internal_value=-7.49904e-06 0.00832612 0.0234687 -0.00674398 -0.00858238 0.0423895
internal_weight=1232.02 76.0843 40.1596 15.4739 35.9247 24.6857
internal_count=15951 377 232 153 145 79
is_linear=0
shrinkage=0.04


Tree=322
num_leaves=7
num_cat=0
split_feature=9 5 4 6 5 5
split_gain=3.50308 32.109 59.4632 25.3798 21.7499 19.5211
threshold=0.080128205128205135 0.7834192439862544 0.64852941176470602 0.84523809523809534 0.62755527743012107 0.76224734498115809
decision_type=2 2 2 2 2 2
left_child=1 3 -3 4 -1 -2
right_child=5 2 -4 -5 -6 -7
leaf_value=0.0082990663071519644 -0.0059725738420966425 -0.11611044929158172 0.0084395016681364007 0.038534683826644524 -0.0098716948663582858 0.0090294872197402322
leaf_weight=317.44175861583426 507.75169973413995 10.012099044863136 15.226081015542148 32.839257482759422 157.48272946423822 190.6904613240622
leaf_count=8099 6725 68 47 41 606 365
internal_value=-7.29712e-06 0.00243275 -0.0414158 0.00463161 0.0022679 -0.0018724
internal_weight=1231.44 533.002 25.2382 507.764 474.924 698.442
internal_count=15951 8861 115 8746 8705 7090
is_linear=0
shrinkage=0.04


Tree=323
num_leaves=7
num_cat=0
split_feature=5 5 2 5 4 4
split_gain=3.66956 43.0467 18.3283 46.5031 69.0949 27.8296
threshold=0.5920526315789475 0.57185886402753883 1.0000000180025095e-35 0.64019704433497548 0.49242424242424249 0.32071428571428579
decision_type=2 2 2 2 2 2
left_child=1 -1 3 -2 -5 -4
right_child=2 -3 5 4 -6 -7
leaf_value=0.0012811759145786134 0.034833179283836196 -0.041444856693384879 -0.028480660824622223 -0.074664701412852683 0.011915564928377483 0.0010350158599145619
leaf_weight=367.17129957388079 81.888761479858658 41.840041092293177 55.665075117874949 18.776863841107115 65.927619640249759 599.65729821636342
leaf_count=13132 150 403 636 109 109 1412
internal_value=-6.03515e-06 -0.00310274 0.00153293 0.0133726 -0.00738423 -0.00147701
internal_weight=1230.93 409.011 821.916 166.593 84.7045 655.322
internal_count=15951 13535 2416 368 218 2048
is_linear=0
shrinkage=0.04


Tree=324
num_leaves=7
num_cat=0
split_feature=5 5 2 9 9 5
split_gain=3.53364 34.4208 15.7321 19.9548 18.9991 9.10136
threshold=0.51903565561890053 0.47699364855328169 1.0000000180025095e-35 0.10555555555555557 0.15476190476190479 0.52116944088775086
decision_type=2 2 2 2 2 2
left_child=1 2 4 -4 -1 -2
right_child=5 -3 3 -5 -6 -7
leaf_value=-0.044990303184494929 0.038163869565981584 -0.045456099393842611 0.010621447298337732 -0.046927499364486307 0.029854814709998134 0.00057902434653076169
leaf_weight=20.834520077175515 10.217927378631428 28.477400721754748 143.12843148355932 10.129336547272031 7.1228313033261648 1009.0261246658574
leaf_count=7045 61 1261 3049 255 197 4083
internal_value=-6.27276e-06 -0.00473416 0.0016972 0.0067486 -0.025774 0.000965188
internal_weight=1228.94 209.693 181.215 153.258 27.9574 1019.24
internal_count=15951 11807 10546 3304 7242 4144
is_linear=0
shrinkage=0.04


Tree=325
num_leaves=7
num_cat=0
split_feature=0 7 4 4 6 9
split_gain=3.56686 4.31315 4.15743 4.92399 1.96643 2.76073
threshold=1.0000000180025095e-35 1.0000000180025095e-35 0.16441441441441443 0.20256410256410259 0.84523809523809534 0.087121212121212141
decision_type=2 2 2 2 2 2
left_child=1 -1 -3 -4 -2 -6
right_child=4 2 3 -5 5 -7
leaf_value=-0.044679940105171519 0.016219913366752804 -0.037932044237755556 0.010357351635976919 -0.00076382343044052974 0.011377025561530217 -0.034280989043681598
leaf_weight=3.3112512237694309 31.880636562360451 4.4729240135111459 67.366728083405178 1111.481539767643 5.6865458302199823 3.0931447194889188
leaf_count=716 270 9646 1195 4069 38 17
internal_value=-7.35469e-06 -0.000409032 -0.000275931 -0.000124945 0.0116109 -0.00489113
internal_weight=1227.29 1186.63 1183.32 1178.85 40.6603 8.77969
internal_count=15951 15626 14910 5264 325 55
is_linear=0
shrinkage=0.04


Tree=326
num_leaves=7
num_cat=0
split_feature=9 6 4 9 9 4
split_gain=3.54465 9.50973 9.45723 7.23246 6.90336 9.39378
threshold=0.15476190476190479 0.52272727272727282 0.69615384615384623 0.17424242424242428 0.11805555555555557 0.68990384615384626
decision_type=2 2 2 2 2 2
left_child=4 3 -3 -2 -1 -6
right_child=1 2 -4 -5 5 -7
leaf_value=-0.00041765047787281623 0.025518127211595937 -0.037738250659380065 0.02227944745930785 0.0035001496452109881 -0.063542613150884053 0.011158289811739566
leaf_weight=1090.5017436107428 36.228327323391568 13.418470655567946 5.8728352878242722 70.240811587790631 6.2142900842190993 4.4852446690201759
leaf_count=15058 60 72 30 546 178 7
internal_value=-7.60724e-06 0.00634722 -0.0193234 0.0110448 -0.000736184 -0.0324144
internal_weight=1226.96 125.76 19.2913 106.469 1101.2 10.6995
internal_count=15951 708 102 606 15243 185
is_linear=0
shrinkage=0.04


Tree=327
num_leaves=7
num_cat=0
split_feature=5 5 5 7 6 9
split_gain=3.4989 19.5139 18.4461 28.8829 40.6295 19.253
threshold=0.53368237347294956 0.5361571791423877 0.44497103738809901 0.75000000000000011 0.84523809523809534 0.080128205128205135
decision_type=2 2 2 2 2 2
left_child=2 -2 -1 4 -4 -5
right_child=1 -3 3 5 -6 -7
leaf_value=0.0040170182860075612 0.05307401612571775 0.00042922930761440752 -0.042978294089361387 -0.035658464142749098 0.045373576496918491 0.055430123851791913
leaf_weight=151.47084028612971 11.198507487482855 977.61100034563242 59.389454474014201 5.1943972067674649 9.4920100327581149 11.758072645025093
leaf_count=9535 58 3668 2589 72 13 16
internal_value=-7.23808e-06 0.00103808 -0.00436853 -0.0191647 -0.0306782 0.0273128
internal_weight=1226.11 988.81 237.305 85.8339 68.8815 16.9525
internal_count=15951 3726 12225 2690 2602 88
is_linear=0
shrinkage=0.04


Tree=328
num_leaves=7
num_cat=0
split_feature=0 7 4 4 4 6
split_gain=3.47777 4.13829 4.1862 24.463 11.9773 1.90191
threshold=1.0000000180025095e-35 1.0000000180025095e-35 0.31414473684210531 0.30217391304347835 0.32426470588235301 0.84523809523809534
decision_type=2 2 2 2 2 2
left_child=1 -1 3 -3 -4 -2
right_child=5 2 4 -5 -6 -7
leaf_value=-0.044502855388078411 0.016058444956161027 -0.001811932988314382 0.023449082183025105 -0.055777500760631454 0.00011014181977748662 -0.0046799597237759116
leaf_weight=3.1955180065588129 31.664363072486594 271.8808556855829 36.493409235030413 13.94660631706938 858.72328028734773 8.8201082595624012
leaf_count=716 270 12741 107 159 1903 55
internal_value=-7.06685e-06 -0.00040368 -0.000275154 -0.00448927 0.00106881 0.0114903
internal_weight=1224.72 1184.24 1181.04 285.827 895.217 40.4845
internal_count=15951 15626 14910 12900 2010 325
is_linear=0
shrinkage=0.04


Tree=329
num_leaves=7
num_cat=0
split_feature=9 9 9 6 4 9
split_gain=3.42092 7.21261 6.10954 10.2405 4.53511 4.51719
threshold=0.65714285714285725 0.49206349206349215 0.28636363636363643 0.37980769230769235 0.90692640692640702 0.080128205128205135
decision_type=2 2 2 2 2 2
left_child=1 2 5 -4 -3 -1
right_child=-2 4 3 -5 -6 -7
leaf_value=0.0023719753628327488 0.038921036017478809 -0.057840596816258943 -0.037097701470850598 0.026818551284357693 0.031369094460708763 -0.0025974916849477881
leaf_weight=530.15758947648465 3.4008633047342292 5.0862240894875859 4.5023147596948574 26.966514926334639 0.93723288178443898 652.51853812543368
leaf_count=8861 5 46 65 53 6 6915
internal_value=-7.55812e-06 -0.00012406 9.44424e-05 0.0174342 -0.0430764 -0.000368116
internal_weight=1223.57 1220.17 1214.14 31.4688 6.02346 1182.68
internal_count=15951 15946 15894 118 52 15776
is_linear=0
shrinkage=0.04


Tree=330
num_leaves=7
num_cat=0
split_feature=5 5 4 9 2 5
split_gain=3.41298 40.236 18.4498 17.5636 17.224 43.1641
threshold=0.5920526315789475 0.57185886402753883 0.64495798319327746 0.31666666666666671 1.0000000180025095e-35 0.64019704433497548
decision_type=2 2 2 2 2 2
left_child=1 -1 3 -3 5 -2
right_child=4 2 -4 -5 -6 -7
leaf_value=0.0012507211997261562 0.033796716844209998 -0.058871538310916023 0.034011686752427703 0.031574983079330321 -0.0014373012325258397 -0.007067824097217703
leaf_weight=363.2793322943885 81.09281543630641 33.185002500526025 4.5846845656633368 3.6737734740599981 653.39486992191996 83.94094603206031
leaf_count=13132 150 395 4 4 2048 218
internal_value=-6.90029e-06 -0.00301234 -0.0402555 -0.0496809 0.00147726 0.0130163
internal_weight=1223.15 404.723 41.4435 36.8588 818.429 165.034
internal_count=15951 13535 403 399 2416 368
is_linear=0
shrinkage=0.04


Tree=331
num_leaves=7
num_cat=0
split_feature=5 5 4 6 5 5
split_gain=3.36436 17.634 17.4329 17.3066 32.1448 11.2842
threshold=0.53368237347294956 0.5361571791423877 0.26138716356107666 0.84523809523809534 0.47699364855328169 0.54671462829736217
decision_type=2 2 2 2 2 2
left_child=3 2 -2 4 -1 -3
right_child=1 5 -4 -5 -6 -7
leaf_value=0.00062245240824806188 0.074179347795744643 -0.027940878127404506 -0.047063561037853696 0.032436358582221263 -0.036641239305601925 0.0010860334295250745
leaf_weight=169.55998903515183 9.1786764712524 21.718624534327319 2.210443537682294 18.659604223052156 47.153579461680238 953.83405448566191
leaf_count=10505 37 241 21 48 1672 3427
internal_value=-6.33295e-06 0.00101702 0.0500694 -0.00430308 -0.00750265 0.000432166
internal_weight=1222.31 986.942 11.3891 235.373 216.714 975.553
internal_count=15951 3726 58 12225 12177 3668
is_linear=0
shrinkage=0.04


Tree=332
num_leaves=7
num_cat=0
split_feature=0 5 5 5 9 4
split_gain=3.41367 4.09682 9.22125 7.53342 1.87978 3.2065
threshold=1.0000000180025095e-35 0.28639781271360226 0.28850937619594341 0.31674917491749183 0.17424242424242428 0.97368421052631582
decision_type=2 2 2 2 2 2
left_child=1 -1 -3 -4 5 -2
right_child=4 2 3 -5 -6 -7
leaf_value=-0.043386407561646509 0.010220760998235942 0.048620867581029528 -0.05019575835742926 -0.00031811528288380292 0.028980045057937876 -0.041669367189889644
leaf_weight=3.3373278961580572 30.805399807868525 5.9395779725527964 4.6661410481710837 1167.0215377958766 7.7304559322074047 1.8224500222131599
leaf_count=4951 265 64 838 9773 51 9
internal_value=-6.61588e-06 -0.000400055 -0.00026919 -0.000526988 0.0114021 0.00702527
internal_weight=1221.32 1180.96 1177.63 1171.69 40.3583 32.6278
internal_count=15951 15626 10675 10611 325 274
is_linear=0
shrinkage=0.04


Tree=333
num_leaves=7
num_cat=0
split_feature=9 9 9 6 4 5
split_gain=3.28212 6.8326 6.14824 10.0437 5.46711 4.25403
threshold=0.65714285714285725 0.41428571428571431 0.28636363636363643 0.37980769230769235 0.90692640692640702 0.67462750409923722
decision_type=2 2 2 2 2 2
left_child=1 2 5 -4 -3 -1
right_child=-2 4 3 -5 -6 -7
leaf_value=-0.0023604299684808752 0.038761371385002755 -0.056370837084085343 -0.036127220936586164 0.027645181070172484 0.032944659500946737 0.002516505184027538
leaf_weight=694.01692963983942 3.2837734669446936 5.5208854836955643 4.4646758459275615 25.562032916233875 1.1859350800514219 486.50260059385982
leaf_count=14632 5 55 62 45 8 1144
internal_value=-6.5392e-06 -0.000119116 0.000105566 0.0179204 -0.0397914 -0.000348822
internal_weight=1220.54 1217.25 1210.55 30.0267 6.70682 1180.52
internal_count=15951 15946 15883 107 63 15776
is_linear=0
shrinkage=0.04


Tree=334
num_leaves=7
num_cat=0
split_feature=0 7 4 4 4 4
split_gain=3.21465 3.97449 4.00413 23.0431 11.3207 1.87967
threshold=1.0000000180025095e-35 1.0000000180025095e-35 0.31414473684210531 0.30217391304347835 0.32426470588235301 0.41801075268817212
decision_type=2 2 2 2 2 2
left_child=1 -1 3 -3 -4 -2
right_child=5 2 4 -5 -6 -7
leaf_value=-0.044339577013319642 0.020435730931137583 -0.0018350578499704729 0.022803698006558695 -0.055192666153624934 0.0001164616524571567 0.0029260537490724062
leaf_weight=3.0831090173419389 18.450551228132099 270.06432197648519 36.508243090473115 13.410009657032786 856.25753250531852 21.517680807737634
leaf_count=716 121 12741 107 159 1903 204
internal_value=-5.88947e-06 -0.000386484 -0.000262058 -0.00440337 0.00105136 0.0111203
internal_weight=1219.29 1179.32 1176.24 283.474 892.766 39.9682
internal_count=15951 15626 14910 12900 2010 325
is_linear=0
shrinkage=0.04


Tree=335
num_leaves=7
num_cat=0
split_feature=9 5 4 6 5 6
split_gain=3.18418 29.7637 53.423 23.0659 20.4349 18.4363
threshold=0.080128205128205135 0.7834192439862544 0.64852941176470602 0.84523809523809534 0.62755527743012107 0.76388888888888895
decision_type=2 2 2 2 2 2
left_child=1 3 -3 4 -1 -2
right_child=5 2 -4 -5 -6 -7
leaf_value=0.0081263911374359864 0.00026757425087879525 -0.1093838573164076 0.0082172976153882665 0.037397784674406895 -0.0095310026316691148 -0.022467057561570476
leaf_weight=314.12961826244373 627.4296275044403 10.238789088558407 15.01939116977155 31.683639274720917 157.11107491587973 62.564665780810174
leaf_count=8099 6867 68 47 41 606 223
internal_value=-6.20658e-06 0.00232907 -0.0398604 0.00446691 0.00223365 -0.00179689
internal_weight=1218.18 528.183 25.2582 502.924 471.241 689.994
internal_count=15951 8861 115 8746 8705 7090
is_linear=0
shrinkage=0.04


Tree=336
num_leaves=7
num_cat=0
split_feature=4 5 5 5 4 5
split_gain=3.38098 14.5463 13.946 19.5435 13.567 17.3657
threshold=0.35067567567567576 0.76224734498115809 0.71257183908045996 0.7070237256283769 0.39009661835748799 0.56876385929823048
decision_type=2 2 2 2 2 2
left_child=1 2 3 -1 5 -2
right_child=4 -3 -4 -5 -6 -7
leaf_value=-0.0050142863398093445 0.029085006001706486 0.03623218352138325 -0.065576846431117039 0.052076700519548463 -0.0012322311104693018 0.0024222043712042759
leaf_weight=371.81563072571134 58.423657217761502 14.355976971797643 5.6930610450581289 9.6439057510578987 640.76879671169445 117.96083731693216
leaf_count=13932 138 11 52 14 1520 284
internal_value=-5.21049e-06 -0.00301166 -0.00448997 -0.00353916 0.00146994 0.011288
internal_weight=1218.66 401.509 387.153 381.46 817.153 176.384
internal_count=15951 14009 13998 13946 1942 422
is_linear=0
shrinkage=0.04


Tree=337
num_leaves=7
num_cat=0
split_feature=4 4 6 4 5 5
split_gain=3.37221 24.4393 38.1822 23.0526 21.8735 46.379
threshold=0.47913043478260875 0.41801075268817212 0.31009615384615391 0.45643939393939398 0.67462750409923722 0.64019704433497548
decision_type=2 2 2 2 2 2
left_child=1 4 -3 -4 5 -1
right_child=-2 2 3 -5 -6 -7
leaf_value=0.0011444353453686552 0.0029137898905937389 -0.057531508819621456 -0.025299901326375815 0.014070667553849423 0.015500147869464995 -0.043325007088093163
leaf_weight=496.8255607890369 416.32106004329398 29.353755705058575 46.907466932665557 47.843202563934028 140.5990184299153 40.384565588032274
leaf_count=14022 877 169 144 70 367 302
internal_value=-4.546e-06 -0.00152247 -0.0178279 -0.00541138 0.00146442 -0.0022097
internal_weight=1218.23 801.914 124.104 94.7507 677.809 537.21
internal_count=15951 15074 383 214 14691 14324
is_linear=0
shrinkage=0.04


Tree=338
num_leaves=7
num_cat=0
split_feature=5 5 4 9 5 4
split_gain=3.35201 38.0375 17.3636 16.3743 28.4984 27.354
threshold=0.5920526315789475 0.57185886402753883 0.64495798319327746 0.087121212121212141 0.53368237347294956 0.46291208791208799
decision_type=2 2 2 2 2 2
left_child=1 3 -3 4 -1 -5
right_child=-2 2 -4 5 -6 -7
leaf_value=-0.0034256024847621573 0.0014664167248580747 -0.048946632622293811 0.033530472337447013 -0.0063944714267295394 0.024635400675550385 -0.087545994147453218
leaf_weight=158.04162668780009 815.17243392424643 35.941466697435317 4.4334965720772734 104.99665875306073 91.071403296728022 6.9065858870744696
leaf_count=9331 2416 399 4 3181 581 39
internal_value=-5.22654e-06 -0.00299816 -0.0397201 0.00112289 0.00683652 -0.0115682
internal_weight=1216.56 401.391 40.375 361.016 249.113 111.903
internal_count=15951 13535 403 13132 9912 3220
is_linear=0
shrinkage=0.04


Tree=339
num_leaves=7
num_cat=0
split_feature=5 5 9 6 5 5
split_gain=3.23327 12.3774 19.0222 11.4694 10.7237 13.4726
threshold=0.36245805369127521 0.35985611510791371 0.080128205128205135 0.17156862745098042 0.39038822340886137 0.39225068017637682
decision_type=2 2 2 2 2 2
left_child=1 2 -1 -4 -2 -6
right_child=4 -3 3 -5 5 -7
leaf_value=-0.045105514207758483 -0.040998988385629938 0.039817214574183579 0.035645200645360822 -0.012588474379833813 0.047820733141287215 -0.00049807462741749463
leaf_weight=11.639443898482567 10.153442768111743 15.302735770837897 17.585181308595114 13.951623662542259 9.1082737335782422 1138.0264599535312
leaf_count=3987 762 65 2256 738 64 8079
internal_value=-5.93221e-06 0.00915252 -0.00180318 0.0142991 -0.000471948 -0.00010441
internal_weight=1215.77 58.479 43.1762 31.5368 1157.29 1147.13
internal_count=15951 7046 6981 2994 8905 8143
is_linear=0
shrinkage=0.04


Tree=340
num_leaves=7
num_cat=0
split_feature=4 5 5 5 5 5
split_gain=3.26137 13.3712 13.9281 34.5675 25.051 12.5894
threshold=0.35067567567567576 0.76224734498115809 0.62345301757066474 0.68541963390831895 0.61060666934511865 0.70183873144399467
decision_type=2 2 2 2 2 2
left_child=1 2 4 -4 -1 -2
right_child=5 -3 3 -5 -6 -7
leaf_value=-0.0056461248458589807 0.0057148877502616159 0.035263879590179736 -0.05261005540219494 0.0092192070582670718 0.026145533948741768 -0.0043338858107943865
leaf_weight=282.05083173755838 469.11508486396633 13.910819915123282 29.464303132106579 28.052497366548778 45.933700143636088 346.58999641076662
leaf_count=13329 1084 11 402 123 144 858
internal_value=-5.65382e-06 -0.00296789 -0.00437024 -0.0224922 -0.00117444 0.00144273
internal_weight=1215.12 399.412 385.501 57.5168 327.985 815.705
internal_count=15951 14009 13998 525 13473 1942
is_linear=0
shrinkage=0.04


Tree=341
num_leaves=7
num_cat=0
split_feature=7 5 4 5 6 6
split_gain=3.28371 11.0493 13.3406 13.0619 22.5262 13.0486
threshold=0.75000000000000011 0.55051025667456976 0.38585607940446659 0.46952439273321095 0.060661764705882359 0.16025641025641027
decision_type=2 2 2 2 2 2
left_child=-1 3 -3 4 -2 -4
right_child=1 2 5 -5 -6 -7
leaf_value=-0.000540423841882888 0.043270583194345624 -0.049500297330413612 0.053517010149347739 0.040799029584317616 -0.053301512950576391 -0.010147700512067632
leaf_weight=1138.9315581156766 7.3031877972680359 9.0140869736496807 6.7464030310511616 24.178337490215199 7.761327941872878 19.664714873535559
leaf_count=15574 33 86 3 79 120 56
internal_value=-5.45012e-06 0.00810758 -0.00802607 0.0226893 -0.00639938 0.00631952
internal_weight=1213.6 74.6681 35.4252 39.2429 15.0645 26.4111
internal_count=15951 377 145 232 153 59
is_linear=0
shrinkage=0.04


Tree=342
num_leaves=7
num_cat=0
split_feature=0 4 5 4 4 9
split_gain=3.28084 4.0146 6.14249 5.25949 4.92072 1.87527
threshold=1.0000000180025095e-35 0.88194444444444453 0.90611995104039178 0.83974358974358987 0.87083333333333346 0.17424242424242428
decision_type=2 2 2 2 2 2
left_child=1 2 4 -4 -1 -2
right_child=5 -3 3 -5 -6 -7
leaf_value=-0.00033813552706422071 0.006841771848422688 0.024295107588300443 -0.084874092510843338 0.00114217797509974 -0.074204712163811803 0.028868203675134159
leaf_weight=1157.1363006248525 32.44770819041878 10.241787831299005 2.3632306251674882 1.9540208503603933 1.2450791746377934 7.6491009453311554
leaf_count=15568 274 34 13 5 6 51
internal_value=-4.96014e-06 -0.000392089 -0.00061541 -0.0471728 -0.000432053 0.0112157
internal_weight=1213.04 1172.94 1162.7 4.31725 1158.38 40.0968
internal_count=15951 15626 15592 18 15574 325
is_linear=0
shrinkage=0.04


Tree=343
num_leaves=7
num_cat=0
split_feature=4 4 6 4 5 5
split_gain=3.26054 22.6717 36.2134 21.0636 20.7876 25.7175
threshold=0.47913043478260875 0.41801075268817212 0.31009615384615391 0.45643939393939398 0.7834192439862544 0.71257183908045996
decision_type=2 2 2 2 2 2
left_child=1 4 -3 -4 5 -1
right_child=-2 2 3 -5 -6 -7
leaf_value=0.0018925410338986942 0.002866244563329515 -0.056406258556532633 -0.024148369136283467 0.013515900322689779 0.041889258326711851 -0.036171620390214286
leaf_weight=624.77185756731751 415.32704661856405 28.756980663398281 47.124956494662911 47.460831271950155 19.478000263683498 29.551319712274562
leaf_count=14533 877 169 144 70 20 138
internal_value=-5.00218e-06 -0.00150383 -0.0172572 -0.00523962 0.0013812 0.000159859
internal_weight=1212.47 797.144 123.343 94.5858 673.801 654.323
internal_count=15951 15074 383 214 14691 14671
is_linear=0
shrinkage=0.04


Tree=344
num_leaves=7
num_cat=0
split_feature=5 5 4 9 2 5
split_gain=3.28448 35.3855 16.0945 16.4503 15.5695 38.7475
threshold=0.5920526315789475 0.57185886402753883 0.64495798319327746 0.31666666666666671 1.0000000180025095e-35 0.64019704433497548
decision_type=2 2 2 2 2 2
left_child=1 -1 3 -3 5 -2
right_child=4 2 -4 -5 -6 -7
leaf_value=0.00098671991311633737 0.032381570782083799 -0.056754244975812294 0.033013068279207122 0.031579698876918853 -0.001325250641522854 -0.0065261897518392366
leaf_weight=359.29546922645204 79.82667018918437 31.833972436472322 4.2900603190064421 3.6119715655222526 648.60227477700755 83.625972273061052
leaf_count=13132 150 395 4 4 2048 218
internal_value=-5.14457e-06 -0.00297755 -0.0386982 -0.0475702 0.00145336 0.0124796
internal_weight=1211.09 399.031 39.736 35.4459 812.055 163.453
internal_count=15951 13535 403 399 2416 368
is_linear=0
shrinkage=0.04


Tree=345
num_leaves=7
num_cat=0
split_feature=5 5 5 5 5 9
split_gain=3.24747 25.8805 17.3427 16.6724 16.6061 50.4926
threshold=0.54671462829736217 0.53861852433281021 0.53368237347294956 0.44497103738809901 0.56358613761928689 0.080128205128205135
decision_type=2 2 2 2 2 2
left_child=1 2 3 -1 5 -2
right_child=4 -3 -4 -5 -6 -7
leaf_value=0.0037185802119802792 0.045317409509518396 -0.059642184956254556 0.0338448058139314 -0.018663847852955179 -0.00034405611903067483 -0.029766029108233765
leaf_weight=149.10812802018472 43.358401437428256 12.498690761965916 20.630679402398528 82.49974927212952 880.97701847037024 21.157639959250446
leaf_count=9535 214 179 120 2690 3024 189
internal_value=-4.62746e-06 -0.00392036 -0.00110629 -0.00425474 0.00109026 0.0206475
internal_weight=1210.23 264.737 252.239 231.608 945.493 64.516
internal_count=15951 12524 12345 12225 3427 403
is_linear=0
shrinkage=0.04


Tree=346
num_leaves=7
num_cat=0
split_feature=4 5 5 5 4 5
split_gain=3.31087 13.0268 12.9226 17.4185 11.7446 15.0727
threshold=0.35067567567567576 0.76224734498115809 0.71257183908045996 0.7070237256283769 0.39009661835748799 0.56876385929823048
decision_type=2 2 2 2 2 2
left_child=1 2 3 -1 5 -2
right_child=4 -3 -4 -5 -6 -7
leaf_value=-0.0048845220819184292 0.027144799956996792 0.03499168562661948 -0.063932619981019748 0.048975896331559847 -0.0010702113526067317 0.002302089284008919
leaf_weight=367.44040272046232 58.527461842284538 13.721566967666147 5.5487428521882967 9.6606775850523245 637.40976725018118 117.52002138481475
leaf_count=13932 138 11 52 14 1520 284
internal_value=-5.31826e-06 -0.00300376 -0.00438904 -0.00347418 0.00145365 0.0105939
internal_weight=1209.83 396.371 382.65 377.101 813.457 176.047
internal_count=15951 14009 13998 13946 1942 422
is_linear=0
shrinkage=0.04


Tree=347
num_leaves=7
num_cat=0
split_feature=0 4 4 4 5 6
split_gain=3.24272 3.83802 4.88218 20.6998 13.164 1.89614
threshold=1.0000000180025095e-35 0.16441441441441443 0.20256410256410259 0.24190177638453506 0.56086163665374988 0.84523809523809534
decision_type=2 2 2 2 2 2
left_child=1 -1 4 -4 -3 -2
right_child=5 2 3 -5 -6 -7
leaf_value=-0.03778312569832841 0.015759221191406037 0.015997469661334147 -0.043081583260717621 -0.00017201150803123762 -0.044309560155815005 -0.0050406592641878672
leaf_weight=4.1761794769226972 31.27399353554938 60.44920327924774 18.09435963055148 1080.4160082978487 6.1958823059685519 8.7473488997202349
leaf_count=9954 270 1099 916 3452 205 55
internal_value=-4.65789e-06 -0.000390361 -0.000248159 -0.00088834 0.0102451 0.0111609
internal_weight=1209.35 1169.33 1165.16 1098.51 66.6451 40.0213
internal_count=15951 15626 5672 4368 1304 325
is_linear=0
shrinkage=0.04


Tree=348
num_leaves=7
num_cat=0
split_feature=5 5 4 9 2 5
split_gain=3.21942 33.0033 15.1659 15.4714 15.0093 21.5115
threshold=0.5920526315789475 0.57185886402753883 0.64495798319327746 0.31666666666666671 1.0000000180025095e-35 0.56876385929823048
decision_type=2 2 2 2 2 2
left_child=1 4 3 -3 5 -1
right_child=-2 2 -4 -5 -6 -7
leaf_value=-0.025097077536592613 0.001436282811706801 -0.055577628465242175 0.032607612906443643 0.030994358422434296 0.0047596014054839325 0.042067079178299958
leaf_weight=57.809167941374199 811.42815115374833 31.13911128248219 4.1809218674898139 3.5330650862306348 291.57786828438566 8.5817804929793038
leaf_count=7796 2416 395 4 4 5321 15
internal_value=-5.92572e-06 -0.00295925 -0.0378766 -0.0465715 0.000844042 -0.016285
internal_weight=1208.25 396.822 38.8531 34.6722 357.969 66.3909
internal_count=15951 13535 403 399 13132 7811
is_linear=0
shrinkage=0.04


Tree=349
num_leaves=7
num_cat=0
split_feature=9 6 4 9 9 6
split_gain=3.15758 8.81299 8.51503 6.68042 6.58547 23.6203
threshold=0.15476190476190479 0.52272727272727282 0.69615384615384623 0.17424242424242428 0.10555555555555557 0.60769230769230786
decision_type=2 2 2 2 2 2
left_child=4 3 -3 -2 -1 -6
right_child=1 2 -4 -5 5 -7
leaf_value=0.00053058826235344574 0.024805860281989802 -0.036745981126075467 0.021578315904701096 0.0033122417728304178 -0.00046134345474314778 -0.040551439920745294
leaf_weight=939.56147190544471 35.087477353023132 12.984376697801055 5.550359481945633 68.198839646373926 115.94819444845052 29.331328127125744
leaf_count=14161 60 72 30 546 977 105
internal_value=-5.79663e-06 0.00609321 -0.0191297 0.010667 -0.000693518 -0.00861374
internal_weight=1206.66 121.821 18.5347 103.286 1084.84 145.28
internal_count=15951 708 102 606 15243 1082
is_linear=0
shrinkage=0.04


end of trees

feature_importances:
model_token_overlap=625
character_similarity=533
numeric_token_agreement=276
specification_overlap=263
exact_mpn_match=209
capacity_agreement=124
brand_match=60

parameters:
[boosting: gbdt]
[objective: binary]
[metric: binary_logloss]
[tree_learner: serial]
[device_type: cpu]
[data_sample_strategy: bagging]
[data: ]
[valid: ]
[num_iterations: 350]
[learning_rate: 0.04]
[num_leaves: 7]
[num_threads: 1]
[seed: 20260722]
[deterministic: 1]
[force_col_wise: 1]
[force_row_wise: 0]
[histogram_pool_size: -1]
[max_depth: 4]
[min_data_in_leaf: 8]
[min_sum_hessian_in_leaf: 0.001]
[bagging_fraction: 1]
[pos_bagging_fraction: 1]
[neg_bagging_fraction: 1]
[bagging_freq: 0]
[bagging_seed: 22340]
[bagging_by_query: 0]
[feature_fraction: 1]
[feature_fraction_bynode: 1]
[feature_fraction_seed: 15416]
[extra_trees: 0]
[extra_seed: 16664]
[early_stopping_round: 0]
[early_stopping_min_delta: 0]
[first_metric_only: 0]
[max_delta_step: 0]
[lambda_l1: 0.05]
[lambda_l2: 0.2]
[linear_lambda: 0]
[min_gain_to_split: 0]
[drop_rate: 0.1]
[max_drop: 50]
[skip_drop: 0.5]
[xgboost_dart_mode: 0]
[uniform_drop: 0]
[drop_seed: 24626]
[top_rate: 0.2]
[other_rate: 0.1]
[min_data_per_group: 100]
[max_cat_threshold: 32]
[cat_l2: 10]
[cat_smooth: 10]
[max_cat_to_onehot: 4]
[top_k: 20]
[monotone_constraints: ]
[monotone_constraints_method: basic]
[monotone_penalty: 0]
[feature_contri: ]
[forcedsplits_filename: ]
[refit_decay_rate: 0.9]
[cegb_tradeoff: 1]
[cegb_penalty_split: 0]
[cegb_penalty_feature_lazy: ]
[cegb_penalty_feature_coupled: ]
[path_smooth: 0]
[interaction_constraints: ]
[verbosity: -1]
[saved_feature_importance_type: 0]
[use_quantized_grad: 0]
[num_grad_quant_bins: 4]
[quant_train_renew_leaf: 0]
[stochastic_rounding: 1]
[linear_tree: 0]
[max_bin: 255]
[max_bin_by_feature: ]
[min_data_in_bin: 3]
[bin_construct_sample_cnt: 200000]
[data_random_seed: 4439]
[is_enable_sparse: 1]
[enable_bundle: 1]
[use_missing: 1]
[zero_as_missing: 0]
[feature_pre_filter: 1]
[pre_partition: 0]
[two_round: 0]
[header: 0]
[label_column: ]
[weight_column: ]
[group_column: ]
[ignore_column: ]
[categorical_feature: ]
[forcedbins_filename: ]
[precise_float_parser: 0]
[parser_config_file: ]
[objective_seed: 28388]
[num_class: 1]
[is_unbalance: 0]
[scale_pos_weight: 32.1622]
[sigmoid: 1]
[boost_from_average: 1]
[reg_sqrt: 0]
[alpha: 0.9]
[fair_c: 1]
[poisson_max_delta_step: 0.7]
[tweedie_variance_power: 1.5]
[lambdarank_truncation_level: 30]
[lambdarank_norm: 1]
[label_gain: ]
[lambdarank_position_bias_regularization: 0]
[eval_at: ]
[multi_error_top_k: 1]
[auc_mu_weights: ]
[num_machines: 1]
[local_listen_port: 12400]
[time_out: 120]
[machine_list_filename: ]
[machines: ]
[gpu_platform_id: -1]
[gpu_device_id: -1]
[gpu_device_id_list: ]
[gpu_use_dp: 0]
[num_gpu: 1]

end of parameters

pandas_categorical:null
