tree
version=v4
num_class=1
num_tree_per_iteration=1
label_index=0
max_feature_idx=4
objective=regression_l1
feature_names=core_count thread_count base_clock_ghz boost_clock_ghz tdp_watts
feature_infos=[4:32] [4:64] [2.1000000000000001:4.7000000000000002] [3.2999999999999998:6] [35:350]
tree_sizes=670 806 802 801 801 802 881 804 772 773 1014 1014 920 919 919 920 915 920 920 921 921 921 921 921 921 921 995 997 995 997 996 997 996 997 996 997 997 999 1019 1015 1022 1017 1017 1002 1104 1103 1103 1103 1003 1104 1103 1103 1105 1105 1004 1115 1118 1117 1118 1121 1117 1017 1119 1137 1215 1220 1220 1221 1030 1217 1225 1117 1123 1123 1196 1195 1240 1243 1241 1326 1397 1205 1264 1372 1324 1287 1290 1294 1300 1302 1302 1207 1227 1227 1404 1395 1314 1212 1212 1295 1213 1212 1211 1210 1212 1206 1209 1215 1217 1247 1230 1229 1403 1231 1231 1403 1230 1230 1230 1402 1227 1378 1409 1325 1411 1405 1406 1408 1407 1406 1248 1313 1405 1325 1415 1390 1409 1312 1422 1230 1277 1293 1312 1315 1391 1385 1388 1388 1199 1231 1198 1385 1315 1298 1301 1384 1385 1284 1389 1280 1384 1247 1392 1297 1188 1409 1427 1293 1427 1303 1254 1387 1291 1254 1237 1325 1419 1384 1390 1411 1507 1220 1388 1311 1312 1408 1310 1305

Tree=0
num_leaves=6
num_cat=0
split_feature=1 2 0 3 3
split_gain=60.5405 4.0697 3.72755 0.940745 0.0895217
threshold=14.000000000000002 3.2500000000000004 9.0000000000000018 4.6500000000000012 4.6500000000000012
decision_type=2 2 2 2 2
left_child=3 2 -2 -1 -3
right_child=1 4 -4 -5 -6
leaf_value=3.5768415898084642 3.5890019297599793 3.5966010630130767 3.6006010502576826 3.5849981546401977 3.6095754325389864
leaf_weight=34 6.0000000000000027 6.9999999999999991 11.999999999999998 8.9999999999999982 27
leaf_count=34 6 7 12 9 27
internal_value=3.593 3.61108 3.60105 3.57119 3.61616
internal_weight=95 52 18 43 34
internal_count=95 52 18 43 34
is_linear=0
shrinkage=1


Tree=1
num_leaves=7
num_cat=0
split_feature=1 2 0 3 4 3
split_gain=55.4218 4.0697 3.72755 1.68283 2.44624 0.0895217
threshold=14.000000000000002 3.2500000000000004 9.0000000000000018 4.3500000000000005 86.000000000000014 4.6500000000000012
decision_type=2 2 2 2 2 2
left_child=3 2 -2 -1 -5 -3
right_child=1 5 -4 4 -6 -7
leaf_value=-0.017755258008837704 -0.0039029368758201621 0.0035062180459499385 0.0074062056094408085 -0.0012517004460096404 -0.0099719050154089949 0.016156228333711619
leaf_weight=25 6.0000000000000027 6.9999999999999991 11.999999999999998 10.000000000000002 7.9999999999999991 27
leaf_count=25 6 7 12 10 8 27
internal_value=0.000772251 0.0180714 0.00804054 -0.0200862 -0.0134459 0.0231522
internal_weight=95 52 18 43 18 34
internal_count=95 52 18 43 18 34
is_linear=0
shrinkage=0.025


Tree=2
num_leaves=7
num_cat=0
split_feature=1 3 4 3 4 0
split_gain=52.6883 3.55833 2.16094 1.68283 2.44624 0.781898
threshold=14.000000000000002 4.4500000000000011 100.00000000000001 4.3500000000000005 86.000000000000014 9.0000000000000018
decision_type=2 2 2 2 2 2
left_child=3 -2 5 -1 -5 -3
right_child=1 2 -4 4 -6 -7
leaf_value=-0.017311376558616764 0.0015121497549116627 0.0050639395285397744 0.015899128865450619 -0.0012204079348594023 -0.0097226073900237697 0.0057800068538636064
leaf_weight=25 8.9999999999999982 7.9999999999999991 27 10.000000000000002 7.9999999999999991 7.9999999999999991
leaf_count=25 9 8 27 10 8 8
internal_value=0.000248691 0.017119 0.0200862 -0.0200862 -0.0134459 0.0120455
internal_weight=95 52 43 43 18 16
internal_count=95 52 43 43 18 16
is_linear=0
shrinkage=0.025


Tree=3
num_leaves=7
num_cat=0
split_feature=1 3 4 3 4 0
split_gain=52.6883 3.55833 2.16094 1.68283 2.44624 0.781898
threshold=14.000000000000002 4.4500000000000011 100.00000000000001 4.3500000000000005 86.000000000000014 9.0000000000000018
decision_type=2 2 2 2 2 2
left_child=3 -2 5 -1 -5 -3
right_child=1 2 -4 4 -6 -7
leaf_value=-0.016878592144651351 0.0014743460110388741 0.0049373410403262818 0.015501650643814358 -0.0011898977364879215 -0.0094795422052731792 0.005635506682517011
leaf_weight=25 8.9999999999999982 7.9999999999999991 27 10.000000000000002 7.9999999999999991 7.9999999999999991
leaf_count=25 9 8 27 10 8 8
internal_value=0.000248691 0.017119 0.0200862 -0.0200862 -0.0134459 0.0120455
internal_weight=95 52 43 43 18 16
internal_count=95 52 43 43 18 16
is_linear=0
shrinkage=0.025


Tree=4
num_leaves=7
num_cat=0
split_feature=1 3 4 3 4 0
split_gain=52.6883 3.55833 2.16094 1.68283 2.44624 0.781898
threshold=14.000000000000002 4.4500000000000011 100.00000000000001 4.3500000000000005 86.000000000000014 9.0000000000000018
decision_type=2 2 2 2 2 2
left_child=3 -2 5 -1 -5 -3
right_child=1 2 -4 4 -6 -7
leaf_value=-0.01645662734103507 0.0014374873607629014 0.0048139075143181281 0.015114109377718999 -0.0011601502930757236 -0.0092425536501413441 0.0054946190154540834
leaf_weight=25 8.9999999999999982 7.9999999999999991 27 10.000000000000002 7.9999999999999991 7.9999999999999991
leaf_count=25 9 8 27 10 8 8
internal_value=0.000248691 0.017119 0.0200862 -0.0200862 -0.0134459 0.0120455
internal_weight=95 52 43 43 18 16
internal_count=95 52 43 43 18 16
is_linear=0
shrinkage=0.025


Tree=5
num_leaves=7
num_cat=0
split_feature=1 3 4 3 4 0
split_gain=52.6883 3.55833 2.16094 1.68283 2.44624 0.781898
threshold=14.000000000000002 4.4500000000000011 100.00000000000001 4.3500000000000005 86.000000000000014 9.0000000000000018
decision_type=2 2 2 2 2 2
left_child=3 -2 5 -1 -5 -3
right_child=1 2 -4 4 -6 -7
leaf_value=-0.016045211657509197 0.0014015501767438267 0.0046935598264601702 0.014736256643276026 -0.0011311465357488283 -0.0090114898088878136 0.0053572535400677303
leaf_weight=25 8.9999999999999982 7.9999999999999991 27 10.000000000000002 7.9999999999999991 7.9999999999999991
leaf_count=25 9 8 27 10 8 8
internal_value=0.000248691 0.017119 0.0200862 -0.0200862 -0.0134459 0.0120455
internal_weight=95 52 43 43 18 16
internal_count=95 52 43 43 18 16
is_linear=0
shrinkage=0.025


Tree=6
num_leaves=8
num_cat=0
split_feature=1 3 1 4 4 2 0
split_gain=49.4847 3.55833 2.56149 2.16094 1.98335 1.87609 0.781898
threshold=14.000000000000002 4.4500000000000011 10.000000000000002 100.00000000000001 93.000000000000014 3.4500000000000006 9.0000000000000018
decision_type=2 2 2 2 2 2 2
left_child=2 -2 -1 6 5 -4 -3
right_child=1 3 4 -5 -6 -7 -8
leaf_value=-0.016707222008869881 0.001366511422325234 0.0045762208307986605 -0.0068110514998528937 0.014367850227194124 -0.0067204017758462414 0.00010078953503632748 0.0052233222015660389
leaf_weight=24 8.9999999999999982 7.9999999999999991 6.0000000000000018 27 5.9999999999999991 7 7.9999999999999991
leaf_count=24 9 8 6 27 6 7 8
internal_value=0.000772251 0.017119 -0.0189368 0.0200862 -0.0114744 -0.00546296 0.0120455
internal_weight=95 52 43 43 19 13 16
internal_count=95 52 43 43 19 13 16
is_linear=0
shrinkage=0.025


Tree=7
num_leaves=7
num_cat=0
split_feature=1 2 0 1 3 4
split_gain=43.884 4.88912 5.15715 3.86865 2.60742 0.613017
threshold=14.000000000000002 3.2500000000000004 11.000000000000002 10.000000000000002 4.3500000000000005 115.00000000000001
decision_type=2 2 2 2 2 2
left_child=3 2 -2 -1 -5 -3
right_child=1 5 -4 4 -6 -7
leaf_value=-0.016289541458648138 -0.0031191447560228514 0.0034165055224125609 0.015548851173695167 -0.0064930838432998746 2.251718910556977e-05 0.013861847731432488
leaf_weight=24 9.0000000000000018 10.999999999999998 8.9999999999999982 9.0000000000000018 9.9999999999999982 23
leaf_count=24 9 11 9 9 10 23
internal_value=0.000772251 0.0161667 0.00533784 -0.0177874 -0.00891026 0.0217029
internal_weight=95 52 18 43 19 34
internal_count=95 52 18 43 19 34
is_linear=0
shrinkage=0.025


Tree=8
num_leaves=7
num_cat=0
split_feature=1 2 0 3 1 4
split_gain=40.9645 4.88912 5.15715 3.30192 2.25135 0.613017
threshold=14.000000000000002 3.2500000000000004 11.000000000000002 4.3500000000000005 10.000000000000002 115.00000000000001
decision_type=2 2 2 2 2 2
left_child=3 2 -2 -1 -5 -3
right_child=1 5 -4 4 -6 -7
leaf_value=-0.014819162279383513 -0.0030411661371222754 0.0033310928843522493 0.015160129894352793 -0.0084754209211337864 2.1954259377926499e-05 0.013515301538146673
leaf_weight=25 9.0000000000000018 10.999999999999998 8.9999999999999982 8 10 23
leaf_count=25 9 11 9 8 10 23
internal_value=0.00129581 0.0161667 0.00533784 -0.0166379 -0.00804054 0.0217029
internal_weight=95 52 18 43 18 34
internal_count=95 52 18 43 18 34
is_linear=0
shrinkage=0.025


Tree=9
num_leaves=7
num_cat=0
split_feature=1 0 3 2 1 2
split_gain=40.9645 4.88912 3.30192 2.97564 2.25135 0.991001
threshold=14.000000000000002 9.0000000000000018 4.3500000000000005 3.5500000000000003 10.000000000000002 3.0500000000000003
decision_type=2 2 2 2 2 2
left_child=2 3 -1 -2 -4 -3
right_child=1 5 4 -5 -6 -7
leaf_value=-0.014448683222398929 -0.0021183651768792613 0.0039299700471743136 -0.0082635353981054434 0.0026114544430648535 2.1405402893476257e-05 0.014503813080808725
leaf_weight=25 8.0000000000000018 8.9999999999999982 8 9.9999999999999982 10 25
leaf_count=25 8 9 8 10 10 25
internal_value=0.00129581 0.0161667 -0.0166379 0.00533784 -0.00804054 0.0217029
internal_weight=95 52 43 18 18 34
internal_count=95 52 43 18 18 34
is_linear=0
shrinkage=0.025


Tree=10
num_leaves=9
num_cat=0
split_feature=1 0 2 1 2 2 3 2
split_gain=35.8839 5.08681 5.02199 4.22534 2.98694 0.178 0.0188776 0.00043672
threshold=14.000000000000002 11.000000000000002 3.2500000000000004 10.000000000000002 3.4500000000000006 3.0500000000000003 4.5500000000000007 3.6500000000000008
decision_type=2 2 2 2 2 2 2 2
left_child=3 2 -2 6 -5 -3 -1 -4
right_child=1 5 7 4 -6 -7 -8 -9
leaf_value=-0.017941126963753631 -0.0030633862348735776 0.010113209818071079 0.0027640912260007535 -0.0060938334387882105 9.6571293205516284e-05 0.017367489667448711 -0.0080018067907997713 0.0055907645677533485
leaf_weight=17.000000000000004 9.0000000000000018 6.0000000000000027 7.9999999999999991 8.0000000000000018 10.999999999999998 21 6.9999999999999991 7.9999999999999991
leaf_count=17 9 6 8 8 11 21 7 8
internal_value=0.00129581 0.0152143 0.00681373 -0.0154885 -0.00634615 0.0226818 -0.022398 0.0150758
internal_weight=95 52 25 43 19 27 24 16
internal_count=95 52 25 43 19 27 24 16
is_linear=0
shrinkage=0.025


Tree=11
num_leaves=9
num_cat=0
split_feature=1 3 1 2 0 2 0 3
split_gain=35.8839 5.60982 4.22534 2.98694 2.1033 1.72345 0.0600207 0.0188776
threshold=14.000000000000002 4.4500000000000011 10.000000000000002 3.4500000000000006 9.0000000000000018 3.5500000000000003 11.000000000000002 4.5500000000000007
decision_type=2 2 2 2 2 2 2 2
left_child=2 -2 7 -4 5 -3 -6 -1
right_child=1 4 3 -5 6 -7 -8 -9
leaf_value=-0.017492598789659787 -0.00014886266367881708 0.0021371226158904966 -0.0059414876028185074 9.4157010875373098e-05 0.0051817493521801213 0.0024417323845663031 0.017840852856948142 -0.0078017616210297796
leaf_weight=17.000000000000004 8.9999999999999982 5.9999999999999991 8.0000000000000018 10.999999999999998 7.0000000000000027 7.9999999999999991 22 6.9999999999999991
leaf_count=17 9 6 8 11 7 8 22 7
internal_value=0.00129581 0.0152143 -0.0154885 -0.00634615 0.0189368 0.0102586 0.022839 -0.022398
internal_weight=95 52 43 19 43 14 29 24
internal_count=95 52 43 19 43 14 29 24
is_linear=0
shrinkage=0.025


Tree=12
num_leaves=8
num_cat=0
split_feature=1 3 1 0 2 2 3
split_gain=33.6912 5.02999 4.22534 3.1184 3.23974 2.98694 0.0188776
threshold=14.000000000000002 4.4500000000000011 10.000000000000002 11.000000000000002 3.5500000000000003 3.4500000000000006 4.5500000000000007
decision_type=2 2 2 2 2 2 2
left_child=2 -2 6 4 -3 -4 -1
right_child=1 3 5 -5 -6 -7 -8
leaf_value=-0.017055283819918287 -0.00014514109708684277 0.0018335313532627851 -0.0057929504127480439 0.017394831535524437 0.0030523836109026315 9.1803085603492382e-05 -0.0076067175805040301
leaf_weight=17.000000000000004 8.9999999999999982 10.000000000000002 8.0000000000000018 22 10.999999999999998 10.999999999999998 6.9999999999999991
leaf_count=17 9 10 8 22 11 11 7
internal_value=0.000772251 0.0142619 -0.0154885 0.0177874 0.010407 -0.00634615 -0.022398
internal_weight=95 52 43 43 21 19 24
internal_count=95 52 43 43 21 19 24
is_linear=0
shrinkage=0.025


Tree=13
num_leaves=8
num_cat=0
split_feature=1 3 1 0 2 2 3
split_gain=33.6912 5.02999 4.22534 3.1184 3.23974 2.98694 0.0188776
threshold=14.000000000000002 4.4500000000000011 10.000000000000002 11.000000000000002 3.5500000000000003 3.4500000000000006 4.5500000000000007
decision_type=2 2 2 2 2 2 2
left_child=2 -2 6 4 -3 -4 -1
right_child=1 3 5 -5 -6 -7 -8
leaf_value=-0.016628901724420331 -0.00014151256965967419 0.0017876930694312176 -0.0056481266524293422 0.016959960747136328 0.002976074020630071 8.9508008463401459e-05 -0.0074165496409914324
leaf_weight=17.000000000000004 8.9999999999999982 10.000000000000002 8.0000000000000018 22 10.999999999999998 10.999999999999998 6.9999999999999991
leaf_count=17 9 10 8 22 11 11 7
internal_value=0.000772251 0.0142619 -0.0154885 0.0177874 0.010407 -0.00634615 -0.022398
internal_weight=95 52 43 43 21 19 24
internal_count=95 52 43 43 21 19 24
is_linear=0
shrinkage=0.025


Tree=14
num_leaves=8
num_cat=0
split_feature=1 3 1 0 2 2 3
split_gain=33.6912 5.02999 4.22534 3.1184 3.23974 2.98694 0.0188776
threshold=14.000000000000002 4.4500000000000011 10.000000000000002 11.000000000000002 3.5500000000000003 3.4500000000000006 4.5500000000000007
decision_type=2 2 2 2 2 2 2
left_child=2 -2 6 4 -3 -4 -1
right_child=1 3 5 -5 -6 -7 -8
leaf_value=-0.016213179181309822 -0.00013797475541817982 0.0017430007426954331 -0.0055069234861186093 0.016535961728457917 0.0029016721701143225 8.7270308251818923e-05 -0.007231135899966646
leaf_weight=17.000000000000004 8.9999999999999982 10.000000000000002 8.0000000000000018 22 10.999999999999998 10.999999999999998 6.9999999999999991
leaf_count=17 9 10 8 22 11 11 7
internal_value=0.000772251 0.0142619 -0.0154885 0.0177874 0.010407 -0.00634615 -0.022398
internal_weight=95 52 43 43 21 19 24
internal_count=95 52 43 43 21 19 24
is_linear=0
shrinkage=0.025


Tree=15
num_leaves=8
num_cat=0
split_feature=1 3 1 0 2 2 3
split_gain=33.6912 5.02999 4.22534 3.1184 3.23974 2.98694 0.0188776
threshold=14.000000000000002 4.4500000000000011 10.000000000000002 11.000000000000002 3.5500000000000003 3.4500000000000006 4.5500000000000007
decision_type=2 2 2 2 2 2 2
left_child=2 -2 6 4 -3 -4 -1
right_child=1 3 5 -5 -6 -7 -8
leaf_value=-0.015807849701777076 -0.00013452538653272451 0.0016994257241280454 -0.0053692503989656417 0.016122562685246467 0.0028291303658614653 8.5088550545520125e-05 -0.0070503575024674749
leaf_weight=17.000000000000004 8.9999999999999982 10.000000000000002 8.0000000000000018 22 10.999999999999998 10.999999999999998 6.9999999999999991
leaf_count=17 9 10 8 22 11 11 7
internal_value=0.000772251 0.0142619 -0.0154885 0.0177874 0.010407 -0.00634615 -0.022398
internal_weight=95 52 43 43 21 19 24
internal_count=95 52 43 43 21 19 24
is_linear=0
shrinkage=0.025


Tree=16
num_leaves=8
num_cat=0
split_feature=1 3 1 0 2 2 3
split_gain=33.6912 5.02999 4.22534 3.1184 3.23974 2.98694 0.0188776
threshold=14.000000000000002 4.4500000000000011 10.000000000000002 11.000000000000002 3.5500000000000003 3.4500000000000006 4.5500000000000007
decision_type=2 2 2 2 2 2 2
left_child=2 -2 6 4 -3 -4 -1
right_child=1 3 5 -5 -6 -7 -8
leaf_value=-0.01541265345923265 -0.00013116225186941 0.0016569400810248491 -0.0052350191389915037 0.015719498618115304 0.0027584021067149304 8.2961336781883787e-05 -0.006874098564905784
leaf_weight=17.000000000000004 8.9999999999999982 10.000000000000002 8.0000000000000018 22 10.999999999999998 10.999999999999998 6.9999999999999991
leaf_count=17 9 10 8 22 11 11 7
internal_value=0.000772251 0.0142619 -0.0154885 0.0177874 0.010407 -0.00634615 -0.022398
internal_weight=95 52 43 43 21 19 24
internal_count=95 52 43 43 21 19 24
is_linear=0
shrinkage=0.025


Tree=17
num_leaves=8
num_cat=0
split_feature=1 3 1 0 2 2 3
split_gain=33.6912 5.02999 4.22534 3.1184 3.23974 2.98694 0.0188776
threshold=14.000000000000002 4.4500000000000011 10.000000000000002 11.000000000000002 3.5500000000000003 3.4500000000000006 4.5500000000000007
decision_type=2 2 2 2 2 2 2
left_child=2 -2 6 4 -3 -4 -1
right_child=1 3 5 -5 -6 -7 -8
leaf_value=-0.015027337122751838 -0.00012788319557267559 0.0016155165789992322 -0.0051041436605167136 0.015326511152662415 0.0026894420540470535 8.0887303362331417e-05 -0.0067022461007831382
leaf_weight=17.000000000000004 8.9999999999999982 10.000000000000002 8.0000000000000018 22 10.999999999999998 10.999999999999998 6.9999999999999991
leaf_count=17 9 10 8 22 11 11 7
internal_value=0.000772251 0.0142619 -0.0154885 0.0177874 0.010407 -0.00634615 -0.022398
internal_weight=95 52 43 43 21 19 24
internal_count=95 52 43 43 21 19 24
is_linear=0
shrinkage=0.025


Tree=18
num_leaves=8
num_cat=0
split_feature=1 2 1 0 2 0 3
split_gain=31.5672 4.84441 4.22534 3.8182 2.98694 1.00229 0.0188776
threshold=14.000000000000002 3.2500000000000004 10.000000000000002 13.000000000000002 3.4500000000000006 9.0000000000000018 4.5500000000000007
decision_type=2 2 2 2 2 2 2
left_child=2 3 6 -2 -4 -3 -1
right_child=1 5 4 -5 -6 -7 -8
leaf_value=-0.014651653694683043 -0.00037010170027524937 0.0019505114667453917 -0.004976540069003799 0.016100547275414847 7.8865120778270914e-05 0.010846343818077765 -0.0065346899482635612
leaf_weight=17.000000000000004 11.000000000000002 11.999999999999998 8.0000000000000018 6.9999999999999991 10.999999999999998 22 6.9999999999999991
leaf_count=17 11 12 8 7 11 22 7
internal_value=0.000248691 0.0133095 -0.0154885 0.00263514 -0.00634615 0.0188043 -0.022398
internal_weight=95 52 43 18 19 34 24
internal_count=95 52 43 18 19 34 24
is_linear=0
shrinkage=0.025


Tree=19
num_leaves=8
num_cat=0
split_feature=1 2 1 0 2 0 3
split_gain=31.5672 4.84441 4.22534 3.8182 2.98694 1.00229 0.0188776
threshold=14.000000000000002 3.2500000000000004 10.000000000000002 13.000000000000002 3.4500000000000006 9.0000000000000018 4.5500000000000007
decision_type=2 2 2 2 2 2 2
left_child=2 3 6 -2 -4 -3 -1
right_child=1 5 4 -5 -6 -7 -8
leaf_value=-0.014285362352315967 -0.00036084915776837259 0.0019017486800767592 -0.0048521265672787032 0.015698033593529472 7.6893492758811643e-05 0.010575185222625816 -0.0063713226995569701
leaf_weight=17.000000000000004 11.000000000000002 11.999999999999998 8.0000000000000018 6.9999999999999991 10.999999999999998 22 6.9999999999999991
leaf_count=17 11 12 8 7 11 22 7
internal_value=0.000248691 0.0133095 -0.0154885 0.00263514 -0.00634615 0.0188043 -0.022398
internal_weight=95 52 43 18 19 34 24
internal_count=95 52 43 18 19 34 24
is_linear=0
shrinkage=0.025


Tree=20
num_leaves=8
num_cat=0
split_feature=1 2 1 0 2 0 3
split_gain=31.5672 4.84441 4.22534 3.8182 2.98694 1.00229 0.0188776
threshold=14.000000000000002 3.2500000000000004 10.000000000000002 13.000000000000002 3.4500000000000006 9.0000000000000018 4.5500000000000007
decision_type=2 2 2 2 2 2 2
left_child=2 3 6 -2 -4 -3 -1
right_child=1 5 4 -5 -6 -7 -8
leaf_value=-0.013928228293508073 -0.00035182792882416659 0.0018542049630748403 -0.0047308234030967403 0.015305582753691239 7.4971155439840237e-05 0.010310805592060169 -0.0062120396320680454
leaf_weight=17.000000000000004 11.000000000000002 11.999999999999998 8.0000000000000018 6.9999999999999991 10.999999999999998 22 6.9999999999999991
leaf_count=17 11 12 8 7 11 22 7
internal_value=0.000248691 0.0133095 -0.0154885 0.00263514 -0.00634615 0.0188043 -0.022398
internal_weight=95 52 43 18 19 34 24
internal_count=95 52 43 18 19 34 24
is_linear=0
shrinkage=0.025


Tree=21
num_leaves=8
num_cat=0
split_feature=1 2 1 0 2 0 3
split_gain=31.5672 4.84441 4.22534 3.8182 2.98694 1.00229 0.0188776
threshold=14.000000000000002 3.2500000000000004 10.000000000000002 13.000000000000002 3.4500000000000006 9.0000000000000018 4.5500000000000007
decision_type=2 2 2 2 2 2 2
left_child=2 3 6 -2 -4 -3 -1
right_child=1 5 4 -5 -6 -7 -8
leaf_value=-0.013580022586170372 -0.00034303223060355714 0.0018078498389979714 -0.0046125528180193222 0.014922943184848958 7.3096876553846454e-05 0.010053035452258663 -0.0060567386412663463
leaf_weight=17.000000000000004 11.000000000000002 11.999999999999998 8.0000000000000018 6.9999999999999991 10.999999999999998 22 6.9999999999999991
leaf_count=17 11 12 8 7 11 22 7
internal_value=0.000248691 0.0133095 -0.0154885 0.00263514 -0.00634615 0.0188043 -0.022398
internal_weight=95 52 43 18 19 34 24
internal_count=95 52 43 18 19 34 24
is_linear=0
shrinkage=0.025


Tree=22
num_leaves=8
num_cat=0
split_feature=1 2 1 0 2 0 3
split_gain=31.5672 4.84441 4.22534 3.8182 2.98694 1.00229 0.0188776
threshold=14.000000000000002 3.2500000000000004 10.000000000000002 13.000000000000002 3.4500000000000006 9.0000000000000018 4.5500000000000007
decision_type=2 2 2 2 2 2 2
left_child=2 3 6 -2 -4 -3 -1
right_child=1 5 4 -5 -6 -7 -8
leaf_value=-0.013240522021516111 -0.00033445642483846964 0.0017626535930230171 -0.0044972389975688424 0.014549869605227739 7.126945463999946e-05 0.0098017095659522005 -0.0059053201752346856
leaf_weight=17.000000000000004 11.000000000000002 11.999999999999998 8.0000000000000018 6.9999999999999991 10.999999999999998 22 6.9999999999999991
leaf_count=17 11 12 8 7 11 22 7
internal_value=0.000248691 0.0133095 -0.0154885 0.00263514 -0.00634615 0.0188043 -0.022398
internal_weight=95 52 43 18 19 34 24
internal_count=95 52 43 18 19 34 24
is_linear=0
shrinkage=0.025


Tree=23
num_leaves=8
num_cat=0
split_feature=1 2 1 0 2 0 3
split_gain=31.5672 4.84441 4.22534 3.8182 2.98694 1.00229 0.0188776
threshold=14.000000000000002 3.2500000000000004 10.000000000000002 13.000000000000002 3.4500000000000006 9.0000000000000018 4.5500000000000007
decision_type=2 2 2 2 2 2 2
left_child=2 3 6 -2 -4 -3 -1
right_child=1 5 4 -5 -6 -7 -8
leaf_value=-0.012909508970978213 -0.00032609501421750899 0.0017185872531974402 -0.0043848080226296165 0.014186122865097052 6.9487718273997254e-05 0.009556666826803395 -0.0057576871708538207
leaf_weight=17.000000000000004 11.000000000000002 11.999999999999998 8.0000000000000018 6.9999999999999991 10.999999999999998 22 6.9999999999999991
leaf_count=17 11 12 8 7 11 22 7
internal_value=0.000248691 0.0133095 -0.0154885 0.00263514 -0.00634615 0.0188043 -0.022398
internal_weight=95 52 43 18 19 34 24
internal_count=95 52 43 18 19 34 24
is_linear=0
shrinkage=0.025


Tree=24
num_leaves=8
num_cat=0
split_feature=1 2 1 0 2 0 3
split_gain=31.5672 4.84441 4.22534 3.8182 2.98694 1.00229 0.0188776
threshold=14.000000000000002 3.2500000000000004 10.000000000000002 13.000000000000002 3.4500000000000006 9.0000000000000018 4.5500000000000007
decision_type=2 2 2 2 2 2 2
left_child=2 3 6 -2 -4 -3 -1
right_child=1 5 4 -5 -6 -7 -8
leaf_value=-0.012586771246703755 -0.00031794263886206767 0.0016756225718675022 -0.004275187822063875 0.013831469793469621 6.7750525317145097e-05 0.0093177501561333091 -0.0056137449915824702
leaf_weight=17.000000000000004 11.000000000000002 11.999999999999998 8.0000000000000018 6.9999999999999991 10.999999999999998 22 6.9999999999999991
leaf_count=17 11 12 8 7 11 22 7
internal_value=0.000248691 0.0133095 -0.0154885 0.00263514 -0.00634615 0.0188043 -0.022398
internal_weight=95 52 43 18 19 34 24
internal_count=95 52 43 18 19 34 24
is_linear=0
shrinkage=0.025


Tree=25
num_leaves=8
num_cat=0
split_feature=1 2 1 0 2 0 3
split_gain=31.5672 4.84441 4.22534 3.8182 2.98694 1.00229 0.0188776
threshold=14.000000000000002 3.2500000000000004 10.000000000000002 13.000000000000002 3.4500000000000006 9.0000000000000018 4.5500000000000007
decision_type=2 2 2 2 2 2 2
left_child=2 3 6 -2 -4 -3 -1
right_child=1 5 4 -5 -6 -7 -8
leaf_value=-0.012272101965536165 -0.00030999407289051818 0.0016337320075708152 -0.0041683081265122771 0.013485683048632881 6.605676218421897e-05 0.0090848064022299724 -0.0054734013667929078
leaf_weight=17.000000000000004 11.000000000000002 11.999999999999998 8.0000000000000018 6.9999999999999991 10.999999999999998 22 6.9999999999999991
leaf_count=17 11 12 8 7 11 22 7
internal_value=0.000248691 0.0133095 -0.0154885 0.00263514 -0.00634615 0.0188043 -0.022398
internal_weight=95 52 43 18 19 34 24
internal_count=95 52 43 18 19 34 24
is_linear=0
shrinkage=0.025


Tree=26
num_leaves=9
num_cat=0
split_feature=3 4 1 0 3 2 2 2
split_gain=29.7179 13.5573 4.60828 1.91858 1.28813 0.892187 0.187185 0.0534815
threshold=4.3500000000000005 100.00000000000001 10.000000000000002 9.0000000000000018 5.0500000000000007 3.5500000000000003 3.6500000000000008 2.9500000000000006
decision_type=2 2 2 2 2 2 2 2
left_child=5 2 -2 -3 6 -1 7 -4
right_child=1 3 4 -5 -6 -7 -8 -9
leaf_value=-0.0084360696562277744 -0.0053917065549761228 0.001314004534941965 0.0011105757322143028 0.010106554381525351 0.0090761131486908342 -0.0061582334526526401 -8.6996707639130932e-05 0.00051658376721438473
leaf_weight=20.000000000000004 7.9999999999999991 6.0000000000000027 6.0000000000000053 24 7.9999999999999991 8.9999999999999982 6.9999999999999991 7
leaf_count=20 8 6 6 24 8 9 7 7
internal_value=-0.000248691 0.00900376 -0.00133562 0.0212705 0.00346491 -0.0211441 0 0.00175926
internal_weight=95 66 36 30 28 29 20 13
internal_count=95 66 36 30 28 29 20 13
is_linear=0
shrinkage=0.025


Tree=27
num_leaves=9
num_cat=0
split_feature=3 4 1 0 3 2 2 2
split_gain=29.7179 13.5573 4.60828 1.91858 1.28813 0.892187 0.187185 0.0534815
threshold=4.3500000000000005 100.00000000000001 10.000000000000002 9.0000000000000018 5.0500000000000007 3.5500000000000003 3.6500000000000008 2.9500000000000006
decision_type=2 2 2 2 2 2 2 2
left_child=5 2 -2 -3 6 -1 7 -4
right_child=1 3 4 -5 -6 -7 -8 -9
leaf_value=-0.0082251679148220846 -0.0052569138911017169 0.0012811544215684146 0.0010828113389089401 0.0098538905219872144 0.0088492103199735665 -0.0060042776163363289 -8.4821789948152931e-05 0.00050366917303402709
leaf_weight=20.000000000000004 7.9999999999999991 6.0000000000000027 6.0000000000000053 24 7.9999999999999991 8.9999999999999982 6.9999999999999991 7
leaf_count=20 8 6 6 24 8 9 7 7
internal_value=-0.000248691 0.00900376 -0.00133562 0.0212705 0.00346491 -0.0211441 0 0.00175926
internal_weight=95 66 36 30 28 29 20 13
internal_count=95 66 36 30 28 29 20 13
is_linear=0
shrinkage=0.025


Tree=28
num_leaves=9
num_cat=0
split_feature=3 4 1 0 3 2 2 2
split_gain=29.7179 13.5573 4.60828 1.91858 1.28813 0.892187 0.187185 0.0534815
threshold=4.3500000000000005 100.00000000000001 10.000000000000002 9.0000000000000018 5.0500000000000007 3.5500000000000003 3.6500000000000008 2.9500000000000006
decision_type=2 2 2 2 2 2 2 2
left_child=5 2 -2 -3 6 -1 7 -4
right_child=1 3 4 -5 -6 -7 -8 -9
leaf_value=-0.008019538716951536 -0.0051254910438241763 0.0012491255610292018 0.0010557410554362212 0.009607543258937529 0.0086279800619742282 -0.0058541706759279166 -8.2701245199445783e-05 0.00049107744370817667
leaf_weight=20.000000000000004 7.9999999999999991 6.0000000000000027 6.0000000000000053 24 7.9999999999999991 8.9999999999999982 6.9999999999999991 7
leaf_count=20 8 6 6 24 8 9 7 7
internal_value=-0.000248691 0.00900376 -0.00133562 0.0212705 0.00346491 -0.0211441 0 0.00175926
internal_weight=95 66 36 30 28 29 20 13
internal_count=95 66 36 30 28 29 20 13
is_linear=0
shrinkage=0.025


Tree=29
num_leaves=9
num_cat=0
split_feature=3 4 1 0 3 2 2 2
split_gain=29.7179 13.5573 4.60828 1.91858 1.28813 0.892187 0.187185 0.0534815
threshold=4.3500000000000005 100.00000000000001 10.000000000000002 9.0000000000000018 5.0500000000000007 3.5500000000000003 3.6500000000000008 2.9500000000000006
decision_type=2 2 2 2 2 2 2 2
left_child=5 2 -2 -3 6 -1 7 -4
right_child=1 3 4 -5 -6 -7 -8 -9
leaf_value=-0.0078190502490277491 -0.0049973537677285686 0.0012178974220034722 0.0010293475290503173 0.0093673546774640966 0.0084122805604248674 -0.0057078164090297208 -8.0633714069455745e-05 0.00047880050761547335
leaf_weight=20.000000000000004 7.9999999999999991 6.0000000000000027 6.0000000000000053 24 7.9999999999999991 8.9999999999999982 6.9999999999999991 7
leaf_count=20 8 6 6 24 8 9 7 7
internal_value=-0.000248691 0.00900376 -0.00133562 0.0212705 0.00346491 -0.0211441 0 0.00175926
internal_weight=95 66 36 30 28 29 20 13
internal_count=95 66 36 30 28 29 20 13
is_linear=0
shrinkage=0.025


Tree=30
num_leaves=9
num_cat=0
split_feature=3 4 1 0 3 2 2 2
split_gain=29.7179 13.5573 4.60828 1.91858 1.28813 0.892187 0.187185 0.0534815
threshold=4.3500000000000005 100.00000000000001 10.000000000000002 9.0000000000000018 5.0500000000000007 3.5500000000000003 3.6500000000000008 2.9500000000000006
decision_type=2 2 2 2 2 2 2 2
left_child=5 2 -2 -3 6 -1 7 -4
right_child=1 3 4 -5 -6 -7 -8 -9
leaf_value=-0.0076235739928020574 -0.0048724199235353595 0.0011874499864533872 0.0010036138408240582 0.009133170810527497 0.0082019735464142433 -0.0055651209988039742 -7.8617871217723245e-05 0.00046683049492508567
leaf_weight=20.000000000000004 7.9999999999999991 6.0000000000000027 6.0000000000000053 24 7.9999999999999991 8.9999999999999982 6.9999999999999991 7
leaf_count=20 8 6 6 24 8 9 7 7
internal_value=-0.000248691 0.00900376 -0.00133562 0.0212705 0.00346491 -0.0211441 0 0.00175926
internal_weight=95 66 36 30 28 29 20 13
internal_count=95 66 36 30 28 29 20 13
is_linear=0
shrinkage=0.025


Tree=31
num_leaves=9
num_cat=0
split_feature=3 4 1 0 3 2 2 2
split_gain=29.7179 13.5573 4.60828 1.91858 1.28813 0.892187 0.187185 0.0534815
threshold=4.3500000000000005 100.00000000000001 10.000000000000002 9.0000000000000018 5.0500000000000007 3.5500000000000003 3.6500000000000008 2.9500000000000006
decision_type=2 2 2 2 2 2 2 2
left_child=5 2 -2 -3 6 -1 7 -4
right_child=1 3 4 -5 -6 -7 -8 -9
leaf_value=-0.0074329846429820106 -0.0047506094254469782 0.0011577637367920558 0.00097852349480345171 0.0089048415402643074 0.007996924207753886 -0.0054259929738338713 -7.6652424437284605e-05 0.00045515973255195742
leaf_weight=20.000000000000004 7.9999999999999991 6.0000000000000027 6.0000000000000053 24 7.9999999999999991 8.9999999999999982 6.9999999999999991 7
leaf_count=20 8 6 6 24 8 9 7 7
internal_value=-0.000248691 0.00900376 -0.00133562 0.0212705 0.00346491 -0.0211441 0 0.00175926
internal_weight=95 66 36 30 28 29 20 13
internal_count=95 66 36 30 28 29 20 13
is_linear=0
shrinkage=0.025


Tree=32
num_leaves=9
num_cat=0
split_feature=3 4 1 0 3 2 2 2
split_gain=29.7179 13.5573 4.60828 1.91858 1.28813 0.892187 0.187185 0.0534815
threshold=4.3500000000000005 100.00000000000001 10.000000000000002 9.0000000000000018 5.0500000000000007 3.5500000000000003 3.6500000000000008 2.9500000000000006
decision_type=2 2 2 2 2 2 2 2
left_child=5 2 -2 -3 6 -1 7 -4
right_child=1 3 4 -5 -6 -7 -8 -9
leaf_value=-0.0072471600269074623 -0.004631844189810802 0.0011288196433722531 0.00095406040743336586 0.0086822205017576988 0.0077970011025600416 -0.0052903431494880195 -7.473611382635692e-05 0.00044378073923815323
leaf_weight=20.000000000000004 7.9999999999999991 6.0000000000000027 6.0000000000000053 24 7.9999999999999991 8.9999999999999982 6.9999999999999991 7
leaf_count=20 8 6 6 24 8 9 7 7
internal_value=-0.000248691 0.00900376 -0.00133562 0.0212705 0.00346491 -0.0211441 0 0.00175926
internal_weight=95 66 36 30 28 29 20 13
internal_count=95 66 36 30 28 29 20 13
is_linear=0
shrinkage=0.025


Tree=33
num_leaves=9
num_cat=0
split_feature=3 4 1 0 3 2 2 2
split_gain=29.7179 13.5573 4.60828 1.91858 1.28813 0.892187 0.187185 0.0534815
threshold=4.3500000000000005 100.00000000000001 10.000000000000002 9.0000000000000018 5.0500000000000007 3.5500000000000003 3.6500000000000008 2.9500000000000006
decision_type=2 2 2 2 2 2 2 2
left_child=5 2 -2 -3 6 -1 7 -4
right_child=1 3 4 -5 -6 -7 -8 -9
leaf_value=-0.0070659810262347807 -0.0045160480850655327 0.0011005991522879456 0.00093020889724753091 0.0084651649892137585 0.0076020760749960451 -0.005158084570750821 -7.2867710980695222e-05 0.00043268622075719469
leaf_weight=20.000000000000004 7.9999999999999991 6.0000000000000027 6.0000000000000053 24 7.9999999999999991 8.9999999999999982 6.9999999999999991 7
leaf_count=20 8 6 6 24 8 9 7 7
internal_value=-0.000248691 0.00900376 -0.00133562 0.0212705 0.00346491 -0.0211441 0 0.00175926
internal_weight=95 66 36 30 28 29 20 13
internal_count=95 66 36 30 28 29 20 13
is_linear=0
shrinkage=0.025


Tree=34
num_leaves=9
num_cat=0
split_feature=3 4 1 0 3 2 2 2
split_gain=29.7179 13.5573 4.60828 1.91858 1.28813 0.892187 0.187185 0.0534815
threshold=4.3500000000000005 100.00000000000001 10.000000000000002 9.0000000000000018 5.0500000000000007 3.5500000000000003 3.6500000000000008 2.9500000000000006
decision_type=2 2 2 2 2 2 2 2
left_child=5 2 -2 -3 6 -1 7 -4
right_child=1 3 4 -5 -6 -7 -8 -9
leaf_value=-0.0068893315005789102 -0.0044031468829388966 0.0010730841734807484 0.00090695367481634652 0.00825353586448342 0.0074120241731211456 -0.0050291324564820557 -7.1046018206177841e-05 0.00042186906523826733
leaf_weight=20.000000000000004 7.9999999999999991 6.0000000000000027 6.0000000000000053 24 7.9999999999999991 8.9999999999999982 6.9999999999999991 7
leaf_count=20 8 6 6 24 8 9 7 7
internal_value=-0.000248691 0.00900376 -0.00133562 0.0212705 0.00346491 -0.0211441 0 0.00175926
internal_weight=95 66 36 30 28 29 20 13
internal_count=95 66 36 30 28 29 20 13
is_linear=0
shrinkage=0.025


Tree=35
num_leaves=9
num_cat=0
split_feature=3 4 1 0 3 2 2 2
split_gain=29.7179 13.5573 4.60828 1.91858 1.28813 0.892187 0.187185 0.0534815
threshold=4.3500000000000005 100.00000000000001 10.000000000000002 9.0000000000000018 5.0500000000000007 3.5500000000000003 3.6500000000000008 2.9500000000000006
decision_type=2 2 2 2 2 2 2 2
left_child=5 2 -2 -3 6 -1 7 -4
right_child=1 3 4 -5 -6 -7 -8 -9
leaf_value=-0.0067170982130644319 -0.0042930682108654195 0.0010462570691437245 0.00088427983294593344 0.0080471974678713361 0.0072267235687931142 -0.0049034041450700012 -6.926986775102062e-05 0.00041132233860731172
leaf_weight=20.000000000000004 7.9999999999999991 6.0000000000000027 6.0000000000000053 24 7.9999999999999991 8.9999999999999982 6.9999999999999991 7
leaf_count=20 8 6 6 24 8 9 7 7
internal_value=-0.000248691 0.00900376 -0.00133562 0.0212705 0.00346491 -0.0211441 0 0.00175926
internal_weight=95 66 36 30 28 29 20 13
internal_count=95 66 36 30 28 29 20 13
is_linear=0
shrinkage=0.025


Tree=36
num_leaves=9
num_cat=0
split_feature=3 4 1 0 3 2 2 2
split_gain=29.7179 13.5573 4.60828 1.91858 1.28813 0.892187 0.187185 0.0534815
threshold=4.3500000000000005 100.00000000000001 10.000000000000002 9.0000000000000018 5.0500000000000007 3.5500000000000003 3.6500000000000008 2.9500000000000006
decision_type=2 2 2 2 2 2 2 2
left_child=5 2 -2 -3 6 -1 7 -4
right_child=1 3 4 -5 -6 -7 -8 -9
leaf_value=-0.0065491707577378213 -0.0041857415055937819 0.0010201006424151282 0.00086217283712228818 0.0078460175311745491 0.0070460554795732881 -0.004780819041443252 -6.7538121057242331e-05 0.00040103928014212364
leaf_weight=20.000000000000004 7.9999999999999991 6.0000000000000027 6.0000000000000053 24 7.9999999999999991 8.9999999999999982 6.9999999999999991 7
leaf_count=20 8 6 6 24 8 9 7 7
internal_value=-0.000248691 0.00900376 -0.00133562 0.0212705 0.00346491 -0.0211441 0 0.00175926
internal_weight=95 66 36 30 28 29 20 13
internal_count=95 66 36 30 28 29 20 13
is_linear=0
shrinkage=0.025


Tree=37
num_leaves=9
num_cat=0
split_feature=3 4 1 0 3 2 2 2
split_gain=29.7179 13.5573 4.60828 1.91858 1.28813 0.892187 0.187185 0.0534815
threshold=4.3500000000000005 100.00000000000001 10.000000000000002 9.0000000000000018 5.0500000000000007 3.5500000000000003 3.6500000000000008 2.9500000000000006
decision_type=2 2 2 2 2 2 2 2
left_child=5 2 -2 -3 6 -1 7 -4
right_child=1 3 4 -5 -6 -7 -8 -9
leaf_value=-0.0063854414887943751 -0.0040810979679539337 0.00099459812635474543 0.00084061851619423591 0.0076498670928951858 0.0068699040925839566 -0.0046612985654071685 -6.5849668030815153e-05 0.00039101329813857612
leaf_weight=20.000000000000004 7.9999999999999991 6.0000000000000027 6.0000000000000053 24 7.9999999999999991 8.9999999999999982 6.9999999999999991 7
leaf_count=20 8 6 6 24 8 9 7 7
internal_value=-0.000248691 0.00900376 -0.00133562 0.0212705 0.00346491 -0.0211441 0 0.00175926
internal_weight=95 66 36 30 28 29 20 13
internal_count=95 66 36 30 28 29 20 13
is_linear=0
shrinkage=0.025


Tree=38
num_leaves=9
num_cat=0
split_feature=1 0 1 2 2 2 3 3
split_gain=29.5139 6.66738 4.22534 2.98694 2.72038 1.84625 0.553938 0.0188776
threshold=14.000000000000002 11.000000000000002 10.000000000000002 3.4500000000000006 3.2500000000000004 3.0500000000000003 4.9500000000000011 4.5500000000000007
decision_type=2 2 2 2 2 2 2 2
left_child=2 4 7 -4 -2 -3 -6 -1
right_child=1 5 3 -5 6 -7 -8 -9
leaf_value=-0.0097550352117445008 -0.002680200879489736 0.0041863360089484164 -0.0018538362186962143 8.7198624438700198e-05 0.00052392867107158296 0.0093992064008041176 0.001261179977009752 -0.0039239302964020452
leaf_weight=17.000000000000004 9.0000000000000018 6.0000000000000027 8.0000000000000018 10.999999999999998 6.9999999999999991 21 8.9999999999999982 6.9999999999999991
leaf_count=17 9 6 8 11 7 21 9 7
internal_value=-0.000248691 0.0123571 -0.0154885 -0.00634615 0.00289216 0.0208636 0.00901515 -0.022398
internal_weight=95 52 43 19 25 27 16 24
internal_count=95 52 43 19 25 27 16 24
is_linear=0
shrinkage=0.025


Tree=39
num_leaves=9
num_cat=0
split_feature=3 0 1 2 2 0 2 3
split_gain=26.8302 11.2486 4.87467 1.78865 1.68615 1.06086 0.892187 0.0479202
threshold=4.3500000000000005 11.000000000000002 10.000000000000002 3.1500000000000008 3.2500000000000004 7.0000000000000009 3.5500000000000003 4.9500000000000011
decision_type=2 2 2 2 2 2 2 2
left_child=6 2 -2 -3 -4 -6 -1 -7
right_child=1 3 4 -5 5 7 -8 -9
leaf_value=-0.0059819295712809084 -0.003880972261345034 0.004081677608724704 -0.0034976441982154053 0.010979327103155301 9.3176334433564558e-06 0.00086689347588958521 -0.0043008902209783822 0.0012296504775845098
leaf_weight=20.000000000000004 7.9999999999999991 6.0000000000000027 9.9999999999999982 19 8.0000000000000018 5.9999999999999991 8.9999999999999982 8.9999999999999982
leaf_count=20 8 6 10 19 8 6 9 9
internal_value=-0.00129581 0.0075 -0.000572289 0.0205392 0.00369403 0.00739362 -0.0211441 0.0112097
internal_weight=95 66 41 25 33 23 29 15
internal_count=95 66 41 25 33 23 29 15
is_linear=0
shrinkage=0.025


Tree=40
num_leaves=9
num_cat=0
split_feature=1 2 1 1 2 2 3 3
split_gain=27.5312 5.73253 5.37483 4.22534 3.25821 2.98694 1.39447 0.0188776
threshold=14.000000000000002 3.1500000000000008 18.000000000000004 10.000000000000002 2.5500000000000003 3.4500000000000006 4.9500000000000011 4.5500000000000007
decision_type=2 2 2 2 2 2 2 2
left_child=3 4 6 7 -2 -5 -3 -1
right_child=1 2 -4 5 -6 -7 -8 -9
leaf_value=-0.0093616110921688651 0.0034516899565484429 -4.9334085361230073e-05 0.0085254752457261662 -0.0016579420739467833 -0.0040280779031818701 8.4785717991642251e-05 0.0016329379480413909 -0.0037288077324583724
leaf_weight=17.000000000000004 8.9999999999999982 6.9999999999999991 22 8.0000000000000018 5.9999999999999991 10.999999999999998 7.9999999999999991 6.9999999999999991
leaf_count=17 9 7 22 8 6 11 8 7
internal_value=-0.000772251 0.0114048 0.0166333 -0.0154885 -0.00153226 -0.00634615 0.00475806 -0.022398
internal_weight=95 52 37 43 15 19 15 24
internal_count=95 52 37 43 15 19 15 24
is_linear=0
shrinkage=0.025


Tree=41
num_leaves=9
num_cat=0
split_feature=3 0 1 2 2 0 2 3
split_gain=26.8302 11.2486 4.87467 1.78865 1.68615 1.06086 0.892187 0.0479202
threshold=4.3500000000000005 11.000000000000002 10.000000000000002 3.1500000000000008 3.2500000000000004 7.0000000000000009 3.5500000000000003 4.9500000000000011
decision_type=2 2 2 2 2 2 2 2
left_child=6 2 -2 -3 -4 -6 -1 -7
right_child=1 3 4 -5 5 7 -8 -9
leaf_value=-0.0055983410546946557 -0.0036907277614999512 0.0038933434195928653 -0.0034029982439270968 0.010491707044433274 6.9650496574757973e-06 0.00084645449112638051 -0.0039593276881496947 0.0011580857669438616
leaf_weight=20.000000000000004 7.9999999999999991 6.0000000000000027 9.9999999999999982 19 8.0000000000000018 5.9999999999999991 8.9999999999999982 8.9999999999999982
leaf_count=20 8 6 10 19 8 6 9 9
internal_value=-0.00129581 0.0075 -0.000572289 0.0205392 0.00369403 0.00739362 -0.0211441 0.0112097
internal_weight=95 66 41 25 33 23 29 15
internal_count=95 66 41 25 33 23 29 15
is_linear=0
shrinkage=0.025


Tree=42
num_leaves=9
num_cat=0
split_feature=3 0 1 2 2 0 2 3
split_gain=26.8302 11.2486 4.87467 1.78865 1.68615 1.06086 0.892187 0.0479202
threshold=4.3500000000000005 11.000000000000002 10.000000000000002 3.1500000000000008 3.2500000000000004 7.0000000000000009 3.5500000000000003 4.9500000000000011
decision_type=2 2 2 2 2 2 2 2
left_child=6 2 -2 -3 -4 -6 -1 -7
right_child=1 3 4 -5 5 7 -8 -9
leaf_value=-0.0054583825283272885 -0.0035984595674624477 0.0037960098341030426 -0.0033179232878289226 0.010229414368322432 6.7909234160390413e-06 0.00082529312884822576 -0.0038603444959459557 0.0011291336227702621
leaf_weight=20.000000000000004 7.9999999999999991 6.0000000000000027 9.9999999999999982 19 8.0000000000000018 5.9999999999999991 8.9999999999999982 8.9999999999999982
leaf_count=20 8 6 10 19 8 6 9 9
internal_value=-0.00129581 0.0075 -0.000572289 0.0205392 0.00369403 0.00739362 -0.0211441 0.0112097
internal_weight=95 66 41 25 33 23 29 15
internal_count=95 66 41 25 33 23 29 15
is_linear=0
shrinkage=0.025


Tree=43
num_leaves=9
num_cat=0
split_feature=1 0 2 2 2 4 4 3
split_gain=25.7945 9.82159 3.575 3.24959 2.25135 2.03572 2.07639 0.0188776
threshold=10.000000000000002 11.000000000000002 3.1500000000000008 3.4500000000000006 3.0500000000000003 93.000000000000014 115.00000000000001 4.5500000000000007
decision_type=2 2 2 2 2 2 2 2
left_child=7 3 -3 4 -2 -5 -7 -1
right_child=1 2 -4 5 -6 6 -8 -9
leaf_value=-0.008851152725289092 -0.00036127414481190723 0.001684865891357601 0.0090661285779287237 0.0022969175798342734 -0.0019748238094284831 -0.00090140956292282808 0.00054313693732185311 -0.0034533578559228454
leaf_weight=17.000000000000004 10.000000000000002 7.0000000000000027 20 10.000000000000002 7.9999999999999991 8.9999999999999982 6.9999999999999991 6.9999999999999991
leaf_count=17 10 7 20 10 8 9 7 7
internal_value=-0.000248691 0.00732517 0.0190455 0 -0.00804054 0.00561321 0 -0.022398
internal_weight=95 71 27 44 18 26 16 24
internal_count=95 71 27 44 18 26 16 24
is_linear=0
shrinkage=0.025


Tree=44
num_leaves=10
num_cat=0
split_feature=1 3 0 4 2 2 0 3 3
split_gain=24.5967 10.0667 6.43213 1.98891 1.78865 1.68615 1.06086 0.0479202 0.0188776
threshold=10.000000000000002 4.3500000000000005 11.000000000000002 93.000000000000014 3.1500000000000008 3.2500000000000004 7.0000000000000009 4.9500000000000011 4.5500000000000007
decision_type=2 2 2 2 2 2 2 2 2
left_child=8 3 5 -2 -4 -3 -7 -8 -1
right_child=1 2 4 -5 -6 6 7 -9 -10
leaf_value=-0.0086298739071568598 -0.00083627074978688272 -0.0032259433520128999 0.0036589879409665241 -0.0019254532141927739 0.0097470257946661535 -1.0822699880752575e-05 0.00080913920844703508 0.0010873268587679563 -0.0033670239095247691
leaf_weight=17.000000000000004 6.9999999999999982 9.9999999999999982 6.0000000000000027 6 19 8.0000000000000018 5.9999999999999991 8.9999999999999982 6.9999999999999991
leaf_count=17 7 10 6 6 19 8 6 9 7
internal_value=-0.000772251 0.00662587 0.0110897 -0.0128704 0.0205392 0.00369403 0.00739362 0.0112097 -0.022398
internal_weight=95 71 58 13 25 33 23 15 24
internal_count=95 71 58 13 25 33 23 15 24
is_linear=0
shrinkage=0.025


Tree=45
num_leaves=10
num_cat=0
split_feature=1 3 0 4 2 2 0 3 3
split_gain=24.5967 10.0667 6.43213 1.98891 1.78865 1.68615 1.06086 0.0479202 0.0188776
threshold=10.000000000000002 4.3500000000000005 11.000000000000002 93.000000000000014 3.1500000000000008 3.2500000000000004 7.0000000000000009 4.9500000000000011 4.5500000000000007
decision_type=2 2 2 2 2 2 2 2 2
left_child=8 3 5 -2 -4 -3 -7 -8 -1
right_child=1 2 4 -5 -6 6 7 -9 -10
leaf_value=-0.0084141270594779386 -0.00081536398104220531 -0.0031452947682125755 0.0035675132424423661 -0.001877316883837954 0.0095033501497995068 -1.0552132383734315e-05 0.00078891072823586428 0.0010601436872987537 -0.0032828483117866461
leaf_weight=17.000000000000004 6.9999999999999982 9.9999999999999982 6.0000000000000027 6 19 8.0000000000000018 5.9999999999999991 8.9999999999999982 6.9999999999999991
leaf_count=17 7 10 6 6 19 8 6 9 7
internal_value=-0.000772251 0.00662587 0.0110897 -0.0128704 0.0205392 0.00369403 0.00739362 0.0112097 -0.022398
internal_weight=95 71 58 13 25 33 23 15 24
internal_count=95 71 58 13 25 33 23 15 24
is_linear=0
shrinkage=0.025


Tree=46
num_leaves=10
num_cat=0
split_feature=1 3 0 4 2 2 0 3 3
split_gain=24.5967 10.0667 6.43213 1.98891 1.78865 1.68615 1.06086 0.0479202 0.0188776
threshold=10.000000000000002 4.3500000000000005 11.000000000000002 93.000000000000014 3.1500000000000008 3.2500000000000004 7.0000000000000009 4.9500000000000011 4.5500000000000007
decision_type=2 2 2 2 2 2 2 2 2
left_child=8 3 5 -2 -4 -3 -7 -8 -1
right_child=1 2 4 -5 -6 6 7 -9 -10
leaf_value=-0.0082037738829909956 -0.00079497988151615577 -0.0030666623990072642 0.0034783254113813057 -0.0018303839617420103 0.0092657663960545207 -1.0288329074137349e-05 0.00076918796002996563 0.0010336400951162839 -0.003200777103991981
leaf_weight=17.000000000000004 6.9999999999999982 9.9999999999999982 6.0000000000000027 6 19 8.0000000000000018 5.9999999999999991 8.9999999999999982 6.9999999999999991
leaf_count=17 7 10 6 6 19 8 6 9 7
internal_value=-0.000772251 0.00662587 0.0110897 -0.0128704 0.0205392 0.00369403 0.00739362 0.0112097 -0.022398
internal_weight=95 71 58 13 25 33 23 15 24
internal_count=95 71 58 13 25 33 23 15 24
is_linear=0
shrinkage=0.025


Tree=47
num_leaves=10
num_cat=0
split_feature=1 3 0 4 2 2 0 3 3
split_gain=24.5967 10.0667 6.43213 1.98891 1.78865 1.68615 1.06086 0.0479202 0.0188776
threshold=10.000000000000002 4.3500000000000005 11.000000000000002 93.000000000000014 3.1500000000000008 3.2500000000000004 7.0000000000000009 4.9500000000000011 4.5500000000000007
decision_type=2 2 2 2 2 2 2 2 2
left_child=8 3 5 -2 -4 -3 -7 -8 -1
right_child=1 2 4 -5 -6 6 7 -9 -10
leaf_value=-0.007998679535916221 -0.00077510538447824742 -0.0029899958390320839 0.0033913672760967684 -0.0017846243626984616 0.0090341222361531633 -1.0031120847286968e-05 0.00074995826102922103 0.0010077990927383818 -0.0031207576763921832
leaf_weight=17.000000000000004 6.9999999999999982 9.9999999999999982 6.0000000000000027 6 19 8.0000000000000018 5.9999999999999991 8.9999999999999982 6.9999999999999991
leaf_count=17 7 10 6 6 19 8 6 9 7
internal_value=-0.000772251 0.00662587 0.0110897 -0.0128704 0.0205392 0.00369403 0.00739362 0.0112097 -0.022398
internal_weight=95 71 58 13 25 33 23 15 24
internal_count=95 71 58 13 25 33 23 15 24
is_linear=0
shrinkage=0.025


Tree=48
num_leaves=9
num_cat=0
split_feature=1 0 2 2 2 4 4 3
split_gain=25.7945 9.82159 3.575 3.24959 2.25135 2.03572 2.07639 0.0188776
threshold=10.000000000000002 11.000000000000002 3.1500000000000008 3.4500000000000006 3.0500000000000003 93.000000000000014 115.00000000000001 4.5500000000000007
decision_type=2 2 2 2 2 2 2 2
left_child=7 3 -3 4 -2 -5 -7 -1
right_child=1 2 -4 5 -6 6 -8 -9
leaf_value=-0.0077987125475183165 -0.00027169929127101032 0.0012903393973014877 0.0079007187490636854 0.0022408011883269462 -0.001740008753630995 -0.00069342986328797547 0.00042483577054077684 -0.0030427387344823757
leaf_weight=17.000000000000004 10.000000000000002 7.0000000000000027 20 10.000000000000002 7.9999999999999991 8.9999999999999982 6.9999999999999991 6.9999999999999991
leaf_count=17 10 7 20 10 8 9 7 7
internal_value=-0.000248691 0.00732517 0.0190455 0 -0.00804054 0.00561321 0 -0.022398
internal_weight=95 71 27 44 18 26 16 24
internal_count=95 71 27 44 18 26 16 24
is_linear=0
shrinkage=0.025


Tree=49
num_leaves=10
num_cat=0
split_feature=1 3 0 4 2 2 0 3 3
split_gain=24.5967 10.0667 6.43213 1.98891 1.78865 1.68615 1.06086 0.0479202 0.0188776
threshold=10.000000000000002 4.3500000000000005 11.000000000000002 93.000000000000014 3.1500000000000008 3.2500000000000004 7.0000000000000009 4.9500000000000011 4.5500000000000007
decision_type=2 2 2 2 2 2 2 2 2
left_child=8 3 5 -2 -4 -3 -7 -8 -1
right_child=1 2 4 -5 -6 6 7 -9 -10
leaf_value=-0.0076037447338303532 -0.00074893526758451623 -0.0029084534607745128 0.0032743246092618197 -0.0016965085347902199 0.008610751211522728 -2.9122484389088044e-05 0.00073456673066283349 0.00097198322115640281 -0.0029666702661203196
leaf_weight=17.000000000000004 6.9999999999999982 9.9999999999999982 6.0000000000000027 6 19 8.0000000000000018 5.9999999999999991 8.9999999999999982 6.9999999999999991
leaf_count=17 7 10 6 6 19 8 6 9 7
internal_value=-0.000772251 0.00662587 0.0110897 -0.0128704 0.0205392 0.00369403 0.00739362 0.0112097 -0.022398
internal_weight=95 71 58 13 25 33 23 15 24
internal_count=95 71 58 13 25 33 23 15 24
is_linear=0
shrinkage=0.025


Tree=50
num_leaves=10
num_cat=0
split_feature=1 3 0 4 2 2 0 3 3
split_gain=24.5967 10.0667 6.43213 1.98891 1.78865 1.68615 1.06086 0.0479202 0.0188776
threshold=10.000000000000002 4.3500000000000005 11.000000000000002 93.000000000000014 3.1500000000000008 3.2500000000000004 7.0000000000000009 4.9500000000000011 4.5500000000000007
decision_type=2 2 2 2 2 2 2 2 2
left_child=8 3 5 -2 -4 -3 -7 -8 -1
right_child=1 2 4 -5 -6 6 7 -9 -10
leaf_value=-0.0074136511154845987 -0.00073021188589490478 -0.0028357421242551531 0.0031924664940302773 -0.001654095821420465 0.0083954824312346688 -2.8394422279365283e-05 0.00071620256239626203 0.00094768364062749468 -0.002892503509467315
leaf_weight=17.000000000000004 6.9999999999999982 9.9999999999999982 6.0000000000000027 6 19 8.0000000000000018 5.9999999999999991 8.9999999999999982 6.9999999999999991
leaf_count=17 7 10 6 6 19 8 6 9 7
internal_value=-0.000772251 0.00662587 0.0110897 -0.0128704 0.0205392 0.00369403 0.00739362 0.0112097 -0.022398
internal_weight=95 71 58 13 25 33 23 15 24
internal_count=95 71 58 13 25 33 23 15 24
is_linear=0
shrinkage=0.025


Tree=51
num_leaves=10
num_cat=0
split_feature=1 3 0 4 2 2 0 3 3
split_gain=24.5967 10.0667 6.43213 1.98891 1.78865 1.68615 1.06086 0.0479202 0.0188776
threshold=10.000000000000002 4.3500000000000005 11.000000000000002 93.000000000000014 3.1500000000000008 3.2500000000000004 7.0000000000000009 4.9500000000000011 4.5500000000000007
decision_type=2 2 2 2 2 2 2 2 2
left_child=8 3 5 -2 -4 -3 -7 -8 -1
right_child=1 2 4 -5 -6 6 7 -9 -10
leaf_value=-0.0072283098375974797 -0.000711956588747531 -0.0027648485711487761 0.0031126548316795181 -0.0016127434258849549 0.0081855953704538017 -2.7684561722385316e-05 0.00069829749833635326 0.00092399154961180234 -0.0028201909217306365
leaf_weight=17.000000000000004 6.9999999999999982 9.9999999999999982 6.0000000000000027 6 19 8.0000000000000018 5.9999999999999991 8.9999999999999982 6.9999999999999991
leaf_count=17 7 10 6 6 19 8 6 9 7
internal_value=-0.000772251 0.00662587 0.0110897 -0.0128704 0.0205392 0.00369403 0.00739362 0.0112097 -0.022398
internal_weight=95 71 58 13 25 33 23 15 24
internal_count=95 71 58 13 25 33 23 15 24
is_linear=0
shrinkage=0.025


Tree=52
num_leaves=10
num_cat=0
split_feature=1 3 0 4 2 2 0 3 3
split_gain=24.5967 10.0667 6.43213 1.98891 1.78865 1.68615 1.06086 0.0479202 0.0188776
threshold=10.000000000000002 4.3500000000000005 11.000000000000002 93.000000000000014 3.1500000000000008 3.2500000000000004 7.0000000000000009 4.9500000000000011 4.5500000000000007
decision_type=2 2 2 2 2 2 2 2 2
left_child=8 3 5 -2 -4 -3 -7 -8 -1
right_child=1 2 4 -5 -6 6 7 -9 -10
leaf_value=-0.0070476020916575462 -0.00069415767402883919 -0.0026957273568700537 0.0030348384608875345 -0.0015724248402378294 0.0079809554861924644 -2.6992447679330403e-05 0.00068084006087794087 0.00090089176087150287 -0.0027496861486873692
leaf_weight=17.000000000000004 6.9999999999999982 9.9999999999999982 6.0000000000000027 6 19 8.0000000000000018 5.9999999999999991 8.9999999999999982 6.9999999999999991
leaf_count=17 7 10 6 6 19 8 6 9 7
internal_value=-0.000772251 0.00662587 0.0110897 -0.0128704 0.0205392 0.00369403 0.00739362 0.0112097 -0.022398
internal_weight=95 71 58 13 25 33 23 15 24
internal_count=95 71 58 13 25 33 23 15 24
is_linear=0
shrinkage=0.025


Tree=53
num_leaves=10
num_cat=0
split_feature=1 3 0 4 2 2 0 3 3
split_gain=24.5967 10.0667 6.43213 1.98891 1.78865 1.68615 1.06086 0.0479202 0.0188776
threshold=10.000000000000002 4.3500000000000005 11.000000000000002 93.000000000000014 3.1500000000000008 3.2500000000000004 7.0000000000000009 4.9500000000000011 4.5500000000000007
decision_type=2 2 2 2 2 2 2 2 2
left_child=8 3 5 -2 -4 -3 -7 -8 -1
right_child=1 2 4 -5 -6 6 7 -9 -10
leaf_value=-0.0068714120393661097 -0.00067680373217812175 -0.0026283341729483045 0.0029589674993653449 -0.0015331142192318793 0.0077814315990376581 -2.6317636487349641e-05 0.00066381905935599674 0.00087836946684971551 -0.0026809439949701864
leaf_weight=17.000000000000004 6.9999999999999982 9.9999999999999982 6.0000000000000027 6 19 8.0000000000000018 5.9999999999999991 8.9999999999999982 6.9999999999999991
leaf_count=17 7 10 6 6 19 8 6 9 7
internal_value=-0.000772251 0.00662587 0.0110897 -0.0128704 0.0205392 0.00369403 0.00739362 0.0112097 -0.022398
internal_weight=95 71 58 13 25 33 23 15 24
internal_count=95 71 58 13 25 33 23 15 24
is_linear=0
shrinkage=0.025


Tree=54
num_leaves=9
num_cat=0
split_feature=1 0 2 2 2 4 4 3
split_gain=25.7945 9.82159 3.575 3.24959 2.25135 2.03572 2.07639 0.0188776
threshold=10.000000000000002 11.000000000000002 3.1500000000000008 3.4500000000000006 3.0500000000000003 93.000000000000014 115.00000000000001 4.5500000000000007
decision_type=2 2 2 2 2 2 2 2
left_child=7 3 -3 4 -2 -5 -7 -1
right_child=1 2 -4 5 -6 6 -8 -9
leaf_value=-0.0066996267383819591 -0.00017585518027839477 0.00086874961498834002 0.006679345377876067 0.0021856353990788282 -0.0014947863637510773 -0.00056137081341104398 0.00029864188529932223 -0.0026139203950959369
leaf_weight=17.000000000000004 10.000000000000002 7.0000000000000027 20 10.000000000000002 7.9999999999999991 8.9999999999999982 6.9999999999999991 6.9999999999999991
leaf_count=17 10 7 20 10 8 9 7 7
internal_value=-0.000248691 0.00732517 0.0190455 0 -0.00804054 0.00561321 0 -0.022398
internal_weight=95 71 27 44 18 26 16 24
internal_count=95 71 27 44 18 26 16 24
is_linear=0
shrinkage=0.025


Tree=55
num_leaves=10
num_cat=0
split_feature=1 3 0 2 4 0 1 2 3
split_gain=23.4271 9.36492 5.50687 2.21742 1.98891 1.35562 0.25261 0.0730981 0.0188776
threshold=10.000000000000002 4.3500000000000005 13.000000000000002 3.2500000000000004 93.000000000000014 7.0000000000000009 18.000000000000004 3.3500000000000001 4.5500000000000007
decision_type=2 2 2 2 2 2 2 2 2
left_child=8 4 3 -3 -2 -5 -7 -4 -1
right_child=1 2 7 5 -6 6 -8 -9 -10
leaf_value=-0.0065321360699224125 -0.0006554872593667161 -0.0017171158215384065 0.011582373806206137 -4.5963002896015628e-05 -0.0014574167046572995 0.0008489441830459854 0.001135306270323888 0.0065123617434291736 -0.0025485723852185396
leaf_weight=17.000000000000004 6.9999999999999982 11.999999999999998 6.0000000000000027 8.0000000000000018 6 13.000000000000002 6.9999999999999991 11.999999999999998 6.9999999999999991
leaf_count=17 7 12 6 8 6 13 7 12 7
internal_value=-0.00129581 0.00592657 0.010235 0.00490741 -0.0128704 0.00872807 0.0121341 0.0215541 -0.022398
internal_weight=95 71 58 40 13 28 20 18 24
internal_count=95 71 58 40 13 28 20 18 24
is_linear=0
shrinkage=0.025


Tree=56
num_leaves=10
num_cat=0
split_feature=1 3 0 2 4 0 1 2 3
split_gain=23.4271 9.36492 5.50687 2.21742 1.98891 1.35562 0.25261 0.0730981 0.0188776
threshold=10.000000000000002 4.3500000000000005 13.000000000000002 3.2500000000000004 93.000000000000014 7.0000000000000009 18.000000000000004 3.3500000000000001 4.5500000000000007
decision_type=2 2 2 2 2 2 2 2 2
left_child=8 4 3 -3 -2 -5 -7 -4 -1
right_child=1 2 7 5 -6 6 -8 -9 -10
leaf_value=-0.0063688326681743514 -0.00063910007788254848 -0.0016741879259999483 0.011292814461050982 -4.4813927823611492e-05 -0.0014209812870408678 0.00082772057846983724 0.0011069236135657912 0.0063495526998434528 -0.0024848580755880813
leaf_weight=17.000000000000004 6.9999999999999982 11.999999999999998 6.0000000000000027 8.0000000000000018 6 13.000000000000002 6.9999999999999991 11.999999999999998 6.9999999999999991
leaf_count=17 7 12 6 8 6 13 7 12 7
internal_value=-0.00129581 0.00592657 0.010235 0.00490741 -0.0128704 0.00872807 0.0121341 0.0215541 -0.022398
internal_weight=95 71 58 40 13 28 20 18 24
internal_count=95 71 58 40 13 28 20 18 24
is_linear=0
shrinkage=0.025


Tree=57
num_leaves=10
num_cat=0
split_feature=1 3 0 2 4 0 1 2 3
split_gain=23.4271 9.36492 5.50687 2.21742 1.98891 1.35562 0.25261 0.0730981 0.0188776
threshold=10.000000000000002 4.3500000000000005 13.000000000000002 3.2500000000000004 93.000000000000014 7.0000000000000009 18.000000000000004 3.3500000000000001 4.5500000000000007
decision_type=2 2 2 2 2 2 2 2 2
left_child=8 4 3 -3 -2 -5 -7 -4 -1
right_child=1 2 7 5 -6 6 -8 -9 -10
leaf_value=-0.0062096118514699877 -0.00062312257593548641 -0.0016323332278499469 0.011010494099524716 -4.369357962801801e-05 -0.0013854567548648444 0.00080702756400808935 0.0010792505232266492 0.0061908138823473687 -0.0024227366236983742
leaf_weight=17.000000000000004 6.9999999999999982 11.999999999999998 6.0000000000000027 8.0000000000000018 6 13.000000000000002 6.9999999999999991 11.999999999999998 6.9999999999999991
leaf_count=17 7 12 6 8 6 13 7 12 7
internal_value=-0.00129581 0.00592657 0.010235 0.00490741 -0.0128704 0.00872807 0.0121341 0.0215541 -0.022398
internal_weight=95 71 58 40 13 28 20 18 24
internal_count=95 71 58 40 13 28 20 18 24
is_linear=0
shrinkage=0.025


Tree=58
num_leaves=10
num_cat=0
split_feature=1 3 0 2 4 0 1 2 3
split_gain=23.4271 9.36492 5.50687 2.21742 1.98891 1.35562 0.25261 0.0730981 0.0188776
threshold=10.000000000000002 4.3500000000000005 13.000000000000002 3.2500000000000004 93.000000000000014 7.0000000000000009 18.000000000000004 3.3500000000000001 4.5500000000000007
decision_type=2 2 2 2 2 2 2 2 2
left_child=8 4 3 -3 -2 -5 -7 -4 -1
right_child=1 2 7 5 -6 6 -8 -9 -10
leaf_value=-0.0060543715551832356 -0.00060754451153709481 -0.0015915248971536955 0.010735231747036601 -4.2601240137313261e-05 -0.0013508203359932193 0.00078685187490789015 0.0010522692601459883 0.0060360435352886828 -0.0023621682081059192
leaf_weight=17.000000000000004 6.9999999999999982 11.999999999999998 6.0000000000000027 8.0000000000000018 6 13.000000000000002 6.9999999999999991 11.999999999999998 6.9999999999999991
leaf_count=17 7 12 6 8 6 13 7 12 7
internal_value=-0.00129581 0.00592657 0.010235 0.00490741 -0.0128704 0.00872807 0.0121341 0.0215541 -0.022398
internal_weight=95 71 58 40 13 28 20 18 24
internal_count=95 71 58 40 13 28 20 18 24
is_linear=0
shrinkage=0.025


Tree=59
num_leaves=10
num_cat=0
split_feature=1 0 2 2 2 4 4 0 3
split_gain=24.5967 8.03586 3.24959 2.77926 2.25135 2.03572 2.07639 0.104052 0.0188776
threshold=10.000000000000002 11.000000000000002 3.4500000000000006 3.1500000000000008 3.0500000000000003 93.000000000000014 115.00000000000001 13.000000000000002 4.5500000000000007
decision_type=2 2 2 2 2 2 2 2 2
left_child=8 2 4 -3 -2 -4 -7 -5 -1
right_child=1 3 5 7 -6 6 -8 -9 -10
leaf_value=-0.0059030122663036536 -0.00010832744015338848 0.0010124099214271821 0.0021216783919054852 0.00091197586460158855 -0.0013170498275933862 -0.00062910014808655881 0.00020941223315604774 0.0069089636586554537 -0.0023031140029032729
leaf_weight=17.000000000000004 10.000000000000002 7.0000000000000027 10.000000000000002 6.0000000000000027 7.9999999999999991 8.9999999999999982 6.9999999999999991 13.999999999999998 6.9999999999999991
leaf_count=17 10 7 10 6 8 9 7 14 7
internal_value=-0.000772251 0.00662587 0 0.0172273 -0.00804054 0.00561321 0 0.0218902 -0.022398
internal_weight=95 71 44 27 18 26 16 20 24
internal_count=95 71 44 27 18 26 16 20 24
is_linear=0
shrinkage=0.025


Tree=60
num_leaves=10
num_cat=0
split_feature=1 3 0 2 4 0 0 1 2
split_gain=20.1721 9.36492 5.50687 2.21742 1.98891 1.35562 1.00892 0.25261 0.0730981
threshold=10.000000000000002 4.3500000000000005 13.000000000000002 3.2500000000000004 93.000000000000014 7.0000000000000009 5.0000000000000009 18.000000000000004 3.3500000000000001
decision_type=2 2 2 2 2 2 2 2 2
left_child=6 4 3 -3 -2 -5 -1 -7 -4
right_child=1 2 8 5 -6 7 -8 -9 -10
leaf_value=-0.0090899766855952416 -0.00058964771274483407 -0.0015630378057407803 0.01036783378360967 -6.0193437181615966e-05 -0.0012841235819035512 0.00076194527220629915 -0.0017313987086745809 0.0010588887743321785 0.0057124183554400744
leaf_weight=16.000000000000004 6.9999999999999982 11.999999999999998 6.0000000000000027 8.0000000000000018 6 13.000000000000002 7.9999999999999991 6.9999999999999991 11.999999999999998
leaf_count=16 7 12 6 8 6 13 8 7 12
internal_value=-0.000772251 0.00592657 0.010235 0.00490741 -0.0128704 0.00872807 -0.0203571 0.0121341 0.0215541
internal_weight=95 71 58 40 13 28 24 20 18
internal_count=95 71 58 40 13 28 24 20 18
is_linear=0
shrinkage=0.025


Tree=61
num_leaves=9
num_cat=0
split_feature=1 0 2 1 2 4 2 3
split_gain=21.2758 5.06668 4.92644 4.20505 3.25821 1.66678 2.59471 1.39447
threshold=14.000000000000002 5.0000000000000009 3.1500000000000008 18.000000000000004 2.5500000000000003 93.000000000000014 3.4500000000000006 4.9500000000000011
decision_type=2 2 2 2 2 2 2 2
left_child=1 -1 4 7 -2 6 -3 -4
right_child=2 5 3 -5 -6 -7 -8 -9
leaf_value=-0.008862727268455356 0.0034794893229280091 -0.0007005315573023474 -0.0002721402050176902 0.0042977896478894606 -0.0035094698956627257 -0.0019999552040399051 0.0017356422697659135 0.0012301920879729811
leaf_weight=15.999999999999998 8.9999999999999982 10.000000000000005 6.9999999999999991 22 5.9999999999999991 9.9999999999999982 6.9999999999999991 7.9999999999999991
leaf_count=16 9 10 7 22 6 10 7 8
internal_value=-0.000248691 -0.0131897 0.0104524 0.0153 -0.00153226 -0.00631818 -0.00135714 0.00475806
internal_weight=95 43 52 37 15 27 17 15
internal_count=95 43 52 37 15 27 17 15
is_linear=0
shrinkage=0.025


Tree=62
num_leaves=10
num_cat=0
split_feature=1 3 0 2 4 0 0 1 2
split_gain=20.1721 9.36492 5.50687 2.21742 1.98891 1.35562 1.00892 0.25261 0.0730981
threshold=10.000000000000002 4.3500000000000005 13.000000000000002 3.2500000000000004 93.000000000000014 7.0000000000000009 5.0000000000000009 18.000000000000004 3.3500000000000001
decision_type=2 2 2 2 2 2 2 2 2
left_child=6 4 3 -3 -2 -5 -1 -7 -4
right_child=1 2 8 5 -6 7 -8 -9 -10
leaf_value=-0.0086411590867439721 -0.00055739323099365248 -0.0015235871034380789 0.010011421951884203 -0.00010043927420869125 -0.0012020216122549665 0.00071214183820181862 -0.0016543576564409413 0.00092497181377663171 0.0054621631553568367
leaf_weight=16.000000000000004 6.9999999999999982 11.999999999999998 6.0000000000000027 8.0000000000000018 6 13.000000000000002 7.9999999999999991 6.9999999999999991 11.999999999999998
leaf_count=16 7 12 6 8 6 13 8 7 12
internal_value=-0.000772251 0.00592657 0.010235 0.00490741 -0.0128704 0.00872807 -0.0203571 0.0121341 0.0215541
internal_weight=95 71 58 40 13 28 24 20 18
internal_count=95 71 58 40 13 28 24 20 18
is_linear=0
shrinkage=0.025


Tree=63
num_leaves=10
num_cat=0
split_feature=3 1 1 3 2 0 3 2 3
split_gain=19.6321 8.10223 2.8237 1.98302 1.85562 1.01036 0.255493 0.0551175 0.0268798
threshold=4.3500000000000005 22.000000000000004 10.000000000000002 4.0500000000000007 3.2500000000000004 7.0000000000000009 5.2500000000000009 3.3500000000000001 4.9500000000000011
decision_type=2 2 2 2 2 2 2 2 2
left_child=3 2 -2 -1 -4 -6 8 -3 -7
right_child=1 7 4 -5 5 6 -8 -9 -10
leaf_value=-0.0050905903836261923 -0.002182276381539078 0.0097611364030870899 -0.0014854974258521282 -0.00038937227990234471 -9.7928292353471891e-05 0.00013461177899444233 0.0012286045207048346 0.0080202672150951233 0.00036011120464017333
leaf_weight=15.000000000000002 7.9999999999999991 6.0000000000000027 11.999999999999998 13.999999999999998 8.0000000000000018 7.0000000000000027 5.9999999999999991 10.999999999999998 7.9999999999999991
leaf_count=15 8 6 12 14 8 7 6 11 8
internal_value=-0.000772251 0.00674812 0.0014899 -0.0177542 0.00418675 0.00758475 0.010407 0.0213571 0.00798387
internal_weight=95 66 49 29 41 29 21 17 15
internal_count=95 66 49 29 41 29 21 17 15
is_linear=0
shrinkage=0.025


Tree=64
num_leaves=11
num_cat=0
split_feature=3 1 3 1 2 0 3 2 2 3
split_gain=17.0087 8.10223 3.32258 2.8237 1.85562 1.01036 0.255493 0.204632 0.0551175 0.0268798
threshold=4.3500000000000005 22.000000000000004 4.0500000000000007 10.000000000000002 3.2500000000000004 7.0000000000000009 5.2500000000000009 3.5500000000000003 3.3500000000000001 4.9500000000000011
decision_type=2 2 2 2 2 2 2 2 2 2
left_child=2 3 -1 -2 -5 -6 9 -4 -3 -7
right_child=1 8 7 4 5 6 -8 -9 -10 -11
leaf_value=-0.0049633256240355422 -0.0021277194720006054 0.0095171079930099108 -0.000533724093221255 -0.001448359990205822 -9.548008504463579e-05 0.000131246484519576 0.0011978894076872138 -0.00022555185258832378 0.0078197605347177356 0.00035110842452417139
leaf_weight=15.000000000000002 7.9999999999999991 6.0000000000000027 6.9999999999999982 11.999999999999998 8.0000000000000018 7.0000000000000027 5.9999999999999991 7 10.999999999999998 7.9999999999999991
leaf_count=15 8 6 7 12 8 7 6 7 11 8
internal_value=-0.000248691 0.00674812 -0.0160593 0.0014899 0.00418675 0.00758475 0.010407 -0.00681034 0.0213571 0.00798387
internal_weight=95 66 29 49 41 29 21 14 17 15
internal_count=95 66 29 49 41 29 21 14 17 15
is_linear=0
shrinkage=0.025


Tree=65
num_leaves=11
num_cat=0
split_feature=3 1 3 1 2 0 3 2 2 3
split_gain=17.0087 8.10223 3.32258 2.8237 1.85562 1.01036 0.255493 0.204632 0.0551175 0.0268798
threshold=4.3500000000000005 22.000000000000004 4.0500000000000007 10.000000000000002 3.2500000000000004 7.0000000000000009 5.2500000000000009 3.5500000000000003 3.3500000000000001 4.9500000000000011
decision_type=2 2 2 2 2 2 2 2 2 2
left_child=2 3 -1 -2 -5 -6 9 -4 -3 -7
right_child=1 8 7 4 5 6 -8 -9 -10 -11
leaf_value=-0.0048392424834346583 -0.0020745264852005951 0.0092791802931846638 -0.00052038099089072307 -0.0014121509904506725 -9.3093082918521697e-05 0.00012796532240658687 0.001167942172495029 -0.00021991305627361291 0.0076242665213497986 0.00034233071391107095
leaf_weight=15.000000000000002 7.9999999999999991 6.0000000000000027 6.9999999999999982 11.999999999999998 8.0000000000000018 7.0000000000000027 5.9999999999999991 7 10.999999999999998 7.9999999999999991
leaf_count=15 8 6 7 12 8 7 6 7 11 8
internal_value=-0.000248691 0.00674812 -0.0160593 0.0014899 0.00418675 0.00758475 0.010407 -0.00681034 0.0213571 0.00798387
internal_weight=95 66 29 49 41 29 21 14 17 15
internal_count=95 66 29 49 41 29 21 14 17 15
is_linear=0
shrinkage=0.025


Tree=66
num_leaves=11
num_cat=0
split_feature=3 1 3 1 2 0 3 2 2 3
split_gain=17.0087 8.10223 3.32258 2.8237 1.85562 1.01036 0.255493 0.204632 0.0551175 0.0268798
threshold=4.3500000000000005 22.000000000000004 4.0500000000000007 10.000000000000002 3.2500000000000004 7.0000000000000009 5.2500000000000009 3.5500000000000003 3.3500000000000001 4.9500000000000011
decision_type=2 2 2 2 2 2 2 2 2 2
left_child=2 3 -1 -2 -5 -6 9 -4 -3 -7
right_child=1 8 7 4 5 6 -8 -9 -10 -11
leaf_value=-0.0047182614213487906 -0.0020226633230705782 0.0090472007858550373 -0.00050737146611845585 -0.0013768472156894087 -9.0765755845562127e-05 0.0001247661893464258 0.0011387436181826472 -0.00021441522986677121 0.0074336598583160558 0.00033377244606329072
leaf_weight=15.000000000000002 7.9999999999999991 6.0000000000000027 6.9999999999999982 11.999999999999998 8.0000000000000018 7.0000000000000027 5.9999999999999991 7 10.999999999999998 7.9999999999999991
leaf_count=15 8 6 7 12 8 7 6 7 11 8
internal_value=-0.000248691 0.00674812 -0.0160593 0.0014899 0.00418675 0.00758475 0.010407 -0.00681034 0.0213571 0.00798387
internal_weight=95 66 29 49 41 29 21 14 17 15
internal_count=95 66 29 49 41 29 21 14 17 15
is_linear=0
shrinkage=0.025


Tree=67
num_leaves=11
num_cat=0
split_feature=3 1 3 1 2 0 3 2 2 3
split_gain=17.0087 8.10223 3.32258 2.8237 1.85562 1.01036 0.255493 0.204632 0.0551175 0.0268798
threshold=4.3500000000000005 22.000000000000004 4.0500000000000007 10.000000000000002 3.2500000000000004 7.0000000000000009 5.2500000000000009 3.5500000000000003 3.3500000000000001 4.9500000000000011
decision_type=2 2 2 2 2 2 2 2 2 2
left_child=2 3 -1 -2 -5 -6 9 -4 -3 -7
right_child=1 8 7 4 5 6 -8 -9 -10 -11
leaf_value=-0.0046003048858150658 -0.0019720967399938171 0.0088210207662086544 -0.00049468717946549168 -0.0013424260352971785 -8.8496611949423495e-05 0.00012164703461277072 0.0011102750277280915 -0.00020905484912010498 0.0072478183618581498 0.00032542813491170941
leaf_weight=15.000000000000002 7.9999999999999991 6.0000000000000027 6.9999999999999982 11.999999999999998 8.0000000000000018 7.0000000000000027 5.9999999999999991 7 10.999999999999998 7.9999999999999991
leaf_count=15 8 6 7 12 8 7 6 7 11 8
internal_value=-0.000248691 0.00674812 -0.0160593 0.0014899 0.00418675 0.00758475 0.010407 -0.00681034 0.0213571 0.00798387
internal_weight=95 66 29 49 41 29 21 14 17 15
internal_count=95 66 29 49 41 29 21 14 17 15
is_linear=0
shrinkage=0.025


Tree=68
num_leaves=9
num_cat=0
split_feature=3 1 4 3 1 4 2 2
split_gain=17.5703 8.31606 2.94272 1.54574 1.29916 1.25733 3.59184 1.39447
threshold=4.0500000000000007 22.000000000000004 115.00000000000001 4.6500000000000012 10.000000000000002 93.000000000000014 3.4500000000000006 2.5500000000000003
decision_type=2 2 2 2 2 2 2 2
left_child=-1 2 4 -3 -2 6 7 -6
right_child=1 3 -4 -5 5 -7 -8 -9
leaf_value=-0.0044852972636696851 -0.0018838968947251567 0.0013700375410656829 0.00010617851650690513 0.0070666229028117037 0.0011539101044851453 -0.00065942723726613033 0.002053980459938526 -0.00084652315303876402
leaf_weight=14.999999999999998 12.999999999999998 6.0000000000000027 13.999999999999998 12.999999999999998 7.0000000000000027 8.9999999999999982 9.9999999999999982 7.9999999999999991
leaf_count=15 13 6 14 13 7 9 10 8
internal_value=0.000248691 0.00495342 0.000386179 0.0191667 -0.00260526 0 0.00289216 -0.00475806
internal_weight=95 80 61 19 47 34 25 15
internal_count=95 80 61 19 47 34 25 15
is_linear=0
shrinkage=0.025


Tree=69
num_leaves=11
num_cat=0
split_feature=3 1 1 3 2 0 3 2 2 3
split_gain=14.5748 8.10223 2.8237 2.15648 1.85562 1.01036 0.255493 0.204632 0.0551175 0.0268798
threshold=4.3500000000000005 22.000000000000004 10.000000000000002 4.0500000000000007 3.2500000000000004 7.0000000000000009 5.2500000000000009 3.5500000000000003 3.3500000000000001 4.9500000000000011
decision_type=2 2 2 2 2 2 2 2 2 2
left_child=3 2 -2 -1 -4 -6 9 -5 -3 -7
right_child=1 8 4 7 5 6 -8 -9 -10 -11
leaf_value=-0.004373164832077947 -0.0018756968991258506 0.0084238296744831419 -0.001312707721307832 -0.00046115692115288325 -0.00013763370814915966 0.0001159513958347791 0.0010798636891222069 -0.00018734279696044356 0.0068899573302414032 0.00031463796862624127
leaf_weight=15.000000000000002 7.9999999999999991 6.0000000000000027 11.999999999999998 6.9999999999999982 8.0000000000000018 7.0000000000000027 5.9999999999999991 7 10.999999999999998 7.9999999999999991
leaf_count=15 8 6 12 7 8 7 6 7 11 8
internal_value=0.000248691 0.00674812 0.0014899 -0.0143644 0.00418675 0.00758475 0.010407 -0.00681034 0.0213571 0.00798387
internal_weight=95 66 49 29 41 29 21 14 17 15
internal_count=95 66 49 29 41 29 21 14 17 15
is_linear=0
shrinkage=0.025


Tree=70
num_leaves=11
num_cat=0
split_feature=1 3 0 2 4 2 3 0 0 0
split_gain=15.3151 6.4237 2.65864 2.47122 2.28236 2.09186 1.85753 0.815455 0.131688 0.0127106
threshold=10.000000000000002 5.2500000000000009 15.000000000000002 3.2500000000000004 93.000000000000014 2.5500000000000003 4.0500000000000007 7.0000000000000009 11.000000000000002 13.000000000000002
decision_type=2 2 2 2 2 2 2 2 2 2
left_child=6 2 3 5 -5 -2 -1 -6 -9 -3
right_child=1 9 -4 4 7 -7 -8 8 -10 -11
leaf_value=-0.011781996054446166 0.0011578800449057126 0.0047237909212207441 0.0031154998271775373 0.0017407961158045439 -0.0015810632938127124 -0.0014357794413711157 -0.0017899070498788806 9.814168653846656e-05 -6.6015510895578451e-07 0.010264149186496164
leaf_weight=11.000000000000002 7.0000000000000027 5.9999999999999991 6.9999999999999991 9.9999999999999982 6.0000000000000027 9.9999999999999982 12.999999999999998 9.9999999999999982 5.9999999999999991 8.9999999999999982
leaf_count=11 7 6 7 10 6 10 13 10 6 9
internal_value=0.000772251 0.00662587 0.00263274 0.000479798 0.00457692 -0.00707143 -0.0162755 0 0.00295455 0.0208871
internal_weight=95 71 56 49 32 17 24 22 16 15
internal_count=95 71 56 49 32 17 24 22 16 15
is_linear=0
shrinkage=0.025


Tree=71
num_leaves=10
num_cat=0
split_feature=1 0 2 4 2 3 0 2 0
split_gain=14.3925 6.25636 3.41852 2.74511 2.09186 1.85753 1.14502 0.38259 0.204632
threshold=10.000000000000002 15.000000000000002 3.2500000000000004 93.000000000000014 2.5500000000000003 4.0500000000000007 7.0000000000000009 3.6500000000000008 11.000000000000002
decision_type=2 2 2 2 2 2 2 2 2
left_child=5 2 4 -4 -2 -1 -5 8 -8
right_child=1 -3 3 6 -6 -7 7 -9 -10
leaf_value=-0.011487446153085014 0.0011289330437830648 0.008045988319950138 0.0019600034380590158 -0.001541536711467395 -0.0013998849553368332 -0.0017451593736319106 0.00063854556485370972 4.371451762313905e-06 1.7221825072200048e-05
leaf_weight=11.000000000000002 7.0000000000000027 13.999999999999998 11.999999999999998 6.0000000000000027 9.9999999999999982 12.999999999999998 7.0000000000000018 7.9999999999999991 7
leaf_count=11 7 14 12 6 10 13 7 8 7
internal_value=0.000248691 0.00592657 0.00215217 0.00614198 -0.00707143 -0.0162755 0.00171053 0.00438889 0.00681034
internal_weight=95 71 57 40 17 24 28 22 14
internal_count=95 71 57 40 17 24 28 22 14
is_linear=0
shrinkage=0.025


Tree=72
num_leaves=10
num_cat=0
split_feature=1 0 2 2 3 3 2 0 4
split_gain=13.5002 6.87389 2.80935 2.09186 1.89963 1.85753 1.4709 0.246628 0.204632
threshold=10.000000000000002 15.000000000000002 3.2500000000000004 2.5500000000000003 4.7500000000000009 4.0500000000000007 3.6500000000000008 11.000000000000002 115.00000000000001
decision_type=2 2 2 2 2 2 2 2 2
left_child=5 2 3 -2 6 -1 -4 8 -6
right_child=1 -3 4 -5 7 -7 -8 -9 -10
leaf_value=-0.011200259999257889 0.0011007097176884862 0.0078448386119513765 0.00010191912452807151 -0.0013648878314534152 0.0016163129647203678 -0.0017015303892911173 -0.00044943355029960499 0.00052989923493409476 6.4813580853217986e-05
leaf_weight=11.000000000000002 7.0000000000000027 13.999999999999998 10.000000000000002 9.9999999999999982 7.0000000000000018 12.999999999999998 6.9999999999999991 8.9999999999999982 7
leaf_count=11 7 14 10 10 7 13 7 9 7
internal_value=-0.000248691 0.00522727 0.00128261 -0.00707143 0.00490741 -0.0162755 -0.00135714 0.00952128 0.00681034
internal_weight=95 71 57 17 40 24 17 23 14
internal_count=95 71 57 17 40 24 17 23 14
is_linear=0
shrinkage=0.025


Tree=73
num_leaves=10
num_cat=0
split_feature=1 0 2 2 3 3 2 0 4
split_gain=13.5002 6.87389 2.80935 2.09186 1.89963 1.85753 1.4709 0.246628 0.204632
threshold=10.000000000000002 15.000000000000002 3.2500000000000004 2.5500000000000003 4.7500000000000009 4.0500000000000007 3.6500000000000008 11.000000000000002 115.00000000000001
decision_type=2 2 2 2 2 2 2 2 2
left_child=5 2 3 -2 6 -1 -4 8 -6
right_child=1 -3 4 -5 7 -7 -8 -9 -10
leaf_value=-0.010920253499276444 0.0010731919747462794 0.0076487176466526032 9.9371146414872774e-05 -0.0013307656356670806 0.0015759051406023629 -0.0016589921295588339 -0.00043819771154210988 0.00051665175406074855 6.3193241331882541e-05
leaf_weight=11.000000000000002 7.0000000000000027 13.999999999999998 10.000000000000002 9.9999999999999982 7.0000000000000018 12.999999999999998 6.9999999999999991 8.9999999999999982 7
leaf_count=11 7 14 10 10 7 13 7 9 7
internal_value=-0.000248691 0.00522727 0.00128261 -0.00707143 0.00490741 -0.0162755 -0.00135714 0.00952128 0.00681034
internal_weight=95 71 57 17 40 24 17 23 14
internal_count=95 71 57 17 40 24 17 23 14
is_linear=0
shrinkage=0.025


Tree=74
num_leaves=11
num_cat=0
split_feature=1 0 2 2 4 3 3 0 4 3
split_gain=12.6381 7.51865 2.25858 2.09186 1.95806 1.85753 0.754 0.416 2.07639 0.153185
threshold=10.000000000000002 15.000000000000002 3.2500000000000004 2.5500000000000003 93.000000000000014 4.0500000000000007 5.2500000000000009 11.000000000000002 115.00000000000001 4.5500000000000007
decision_type=2 2 2 2 2 2 2 2 2 2
left_child=5 2 3 -2 9 -1 7 8 -6 -4
right_child=1 -3 4 -5 6 -7 -8 -9 -10 -11
leaf_value=-0.010647247161794538 0.0010463621753776242 0.0074574997054862816 0.00087807073502447217 -0.0012974964947754021 -0.00062621238814181135 -0.0016175173263198617 0.00076966904688009492 -1.6672212607249381e-05 0.00010728961192676412 0.0063061340671435213
leaf_weight=11.000000000000002 7.0000000000000027 13.999999999999998 5.9999999999999982 9.9999999999999982 9.0000000000000089 12.999999999999998 5.9999999999999991 5.9999999999999991 6.9999999999999991 6
leaf_count=11 7 14 6 10 9 13 6 6 7 6
internal_value=-0.000772251 0.00452797 0.000413043 -0.00707143 0.00367284 -0.0162755 0 -0.00216667 0 0.0119
internal_weight=95 71 57 17 40 24 28 22 16 12
internal_count=95 71 57 17 40 24 28 22 16 12
is_linear=0
shrinkage=0.025


Tree=75
num_leaves=11
num_cat=0
split_feature=1 0 2 2 4 3 3 0 4 3
split_gain=12.6381 7.51865 2.25858 2.09186 1.95806 1.85753 0.754 0.416 2.07639 0.153185
threshold=10.000000000000002 15.000000000000002 3.2500000000000004 2.5500000000000003 93.000000000000014 4.0500000000000007 5.2500000000000009 11.000000000000002 115.00000000000001 4.5500000000000007
decision_type=2 2 2 2 2 2 2 2 2 2
left_child=5 2 3 -2 9 -1 7 8 -6 -4
right_child=1 -3 4 -5 6 -7 -8 -9 -10 -11
leaf_value=-0.010381065982749672 0.0010202031209931796 0.007271062212849122 0.00085611896664885558 -0.0012650590824060115 -0.00061055707843826745 -0.0015770793931618621 0.00075042732070809139 -1.6255407292070644e-05 0.00010460737162859557 0.0061484807154649325
leaf_weight=11.000000000000002 7.0000000000000027 13.999999999999998 5.9999999999999982 9.9999999999999982 9.0000000000000089 12.999999999999998 5.9999999999999991 5.9999999999999991 6.9999999999999991 6
leaf_count=11 7 14 6 10 9 13 6 6 7 6
internal_value=-0.000772251 0.00452797 0.000413043 -0.00707143 0.00367284 -0.0162755 0 -0.00216667 0 0.0119
internal_weight=95 71 57 17 40 24 28 22 16 12
internal_count=95 71 57 17 40 24 28 22 16 12
is_linear=0
shrinkage=0.025


Tree=76
num_leaves=11
num_cat=0
split_feature=0 3 0 2 4 4 2 2 2 2
split_gain=13.1171 8.43166 2.3958 2.35405 3.39791 1.36161 1.11528 0.724855 0.0127106 0.0015368
threshold=15.000000000000002 4.6500000000000012 5.0000000000000009 3.4500000000000006 93.000000000000014 100.00000000000001 3.6500000000000008 3.2500000000000004 3.5500000000000003 3.5500000000000003
decision_type=2 2 2 2 2 2 2 2 2 2
left_child=1 2 8 -3 -5 -6 7 -4 -1 -7
right_child=-2 3 6 4 5 9 -8 -9 -10 -11
leaf_value=-0.010917165973500753 0.0070892856575278888 -0.0015376524083328125 -0.000317313137256986 0.0059947686975783121 -0.0015390265382794423 0.00059970374965967466 -0.00073860813831876375 7.256078418914069e-05 -0.0022172048549967626 7.6914867939709147e-05
leaf_weight=8.9999999999999982 13.999999999999998 10.999999999999998 10.000000000000005 6.0000000000000027 6.0000000000000027 5.9999999999999991 6.9999999999999991 9.9999999999999982 5.9999999999999991 9.9999999999999982
leaf_count=9 14 11 10 6 6 6 7 10 6 10
internal_value=-0.00129581 -0.00519939 -0.0129118 0.00313291 0.00697368 0.00216667 -0.00813636 -0.00481707 -0.0208871 0.00598485
internal_weight=95 81 42 39 28 22 27 20 15 16
internal_count=95 81 42 39 28 22 27 20 15 16
is_linear=0
shrinkage=0.025


Tree=77
num_leaves=11
num_cat=0
split_feature=0 3 0 2 4 4 2 2 2 2
split_gain=13.1171 8.43166 2.3958 2.35405 3.39791 1.36161 1.11528 0.724855 0.0127106 0.0015368
threshold=15.000000000000002 4.6500000000000012 5.0000000000000009 3.4500000000000006 93.000000000000014 100.00000000000001 3.6500000000000008 3.2500000000000004 3.5500000000000003 3.5500000000000003
decision_type=2 2 2 2 2 2 2 2 2 2
left_child=1 2 8 -3 -5 -6 7 -4 -1 -7
right_child=-2 3 6 4 5 9 -8 -9 -10 -11
leaf_value=-0.010644236824163234 0.0069120535160897001 -0.0014992110981244978 -0.00030938030882556315 0.0058448994801388546 -0.0015005508748224595 0.00058471115591818279 -0.00072014293486079024 7.0746764584411764e-05 -0.0021617747336218408 7.4991996241219336e-05
leaf_weight=8.9999999999999982 13.999999999999998 10.999999999999998 10.000000000000005 6.0000000000000027 6.0000000000000027 5.9999999999999991 6.9999999999999991 9.9999999999999982 5.9999999999999991 9.9999999999999982
leaf_count=9 14 11 10 6 6 6 7 10 6 10
internal_value=-0.00129581 -0.00519939 -0.0129118 0.00313291 0.00697368 0.00216667 -0.00813636 -0.00481707 -0.0208871 0.00598485
internal_weight=95 81 42 39 28 22 27 20 15 16
internal_count=95 81 42 39 28 22 27 20 15 16
is_linear=0
shrinkage=0.025


Tree=78
num_leaves=11
num_cat=0
split_feature=0 3 0 2 4 4 2 2 2 2
split_gain=13.1171 8.43166 2.3958 2.35405 3.39791 1.36161 1.11528 0.724855 0.0127106 0.0015368
threshold=15.000000000000002 4.6500000000000012 5.0000000000000009 3.4500000000000006 93.000000000000014 100.00000000000001 3.6500000000000008 3.2500000000000004 3.5500000000000003 3.5500000000000003
decision_type=2 2 2 2 2 2 2 2 2 2
left_child=1 2 8 -3 -5 -6 7 -4 -1 -7
right_child=-2 3 6 4 5 9 -8 -9 -10 -11
leaf_value=-0.010378130903559157 0.0067392521781874494 -0.001461730820671381 -0.00030164580110492726 0.0056987769931353795 -0.001463037102951903 0.00057009337702023104 -0.00070213936148927347 6.8978095469801609e-05 -0.0021077303652812965 7.3117196335187323e-05
leaf_weight=8.9999999999999982 13.999999999999998 10.999999999999998 10.000000000000005 6.0000000000000027 6.0000000000000027 5.9999999999999991 6.9999999999999991 9.9999999999999982 5.9999999999999991 9.9999999999999982
leaf_count=9 14 11 10 6 6 6 7 10 6 10
internal_value=-0.00129581 -0.00519939 -0.0129118 0.00313291 0.00697368 0.00216667 -0.00813636 -0.00481707 -0.0208871 0.00598485
internal_weight=95 81 42 39 28 22 27 20 15 16
internal_count=95 81 42 39 28 22 27 20 15 16
is_linear=0
shrinkage=0.025


Tree=79
num_leaves=12
num_cat=0
split_feature=0 3 2 4 1 4 2 3 2 1 2
split_gain=12.4997 7.24272 2.35405 3.39791 2.21003 1.36161 0.871411 0.801919 0.515704 0.50157 0.0015368
threshold=15.000000000000002 4.6500000000000012 3.4500000000000006 93.000000000000014 5.0000000000000009 100.00000000000001 3.0500000000000003 4.2500000000000009 3.5500000000000003 14.000000000000002 3.5500000000000003
decision_type=2 2 2 2 2 2 2 2 2 2 2
left_child=1 4 -3 -4 -1 -5 -6 8 -8 -9 -7
right_child=-2 2 3 5 6 10 7 9 -10 -11 -12
leaf_value=-0.010359158530780966 0.0065707708737327676 -0.0014251875501545943 0.0055563075683069951 -0.0014264611753781022 0.00020863578606780122 0.00055584104259471807 -0.00036413663123548992 -0.0015614250010037246 -0.00079957451008796367 -5.3272828480155357e-05 7.1289266426810546e-05
leaf_weight=7.9999999999999991 13.999999999999998 10.999999999999998 6.0000000000000027 6.0000000000000027 5.9999999999999991 5.9999999999999991 7.0000000000000018 8.9999999999999982 6 5.9999999999999991 9.9999999999999982
leaf_count=8 14 11 6 6 6 6 7 9 6 6 10
internal_value=-0.000772251 -0.00458589 0.00313291 0.00697368 -0.0117353 0.00216667 -0.00865942 -0.0104825 -0.00546296 -0.0144355 0.00598485
internal_weight=95 81 39 28 42 22 34 28 13 15 16
internal_count=95 81 39 28 42 22 34 28 13 15 16
is_linear=0
shrinkage=0.025


Tree=80
num_leaves=13
num_cat=0
split_feature=3 1 3 0 2 2 0 1 0 4 3 4
split_gain=10.6394 5.27675 1.97846 2.58221 1.51417 2.70453 1.2812 1.11638 0.889982 0.567963 1.87609 0.2808
threshold=5.2500000000000009 7.0000000000000009 4.3500000000000005 15.000000000000002 3.2500000000000004 2.5500000000000003 13.000000000000002 14.000000000000002 9.0000000000000018 93.000000000000014 4.1500000000000012 86.000000000000014
decision_type=2 2 2 2 2 2 2 2 2 2 2 2
left_child=1 -1 9 4 5 -4 -2 11 -9 10 -3 -6
right_child=6 2 3 -5 7 -7 -8 8 -10 -11 -12 -13
leaf_value=-0.0089576918785864608 0.0040662846478322027 -0.00086655554828398156 0.0011427925899004322 0.0029215350392216236 8.2161094914490196e-06 -0.0038266043350027646 0.0083680587387730664 0.00080033404115911755 3.7074389520297403e-05 -0.00039290052388133437 0.00051437688524728074 -0.0011530835405843876
leaf_weight=11.999999999999998 5.9999999999999991 6.0000000000000018 6.9999999999999991 5.9999999999999991 6.0000000000000018 7.9999999999999991 8.9999999999999982 7.9999999999999991 7.9999999999999991 5.9999999999999991 7 6
leaf_count=12 6 6 7 6 6 8 9 8 8 6 7 6
internal_value=-0.00129581 -0.00495342 -0.00217153 0.000479798 -0.0016954 -0.00798387 0.0176613 0.00171053 0.00598485 -0.00891026 -0.00546296 -0.0039
internal_weight=95 80 68 49 43 15 15 28 16 19 13 12
internal_count=95 80 68 49 43 15 15 28 16 19 13 12
is_linear=0
shrinkage=0.025


Tree=81
num_leaves=11
num_cat=0
split_feature=3 1 0 0 3 2 1 1 3 2
split_gain=9.50014 5.87685 1.68257 1.2812 1.12316 2.33409 1.58085 1.21656 1.06871 0.621774
threshold=5.2500000000000009 5.0000000000000009 15.000000000000002 13.000000000000002 4.6500000000000012 3.4500000000000006 18.000000000000004 14.000000000000002 4.2500000000000009 3.0500000000000003
decision_type=2 2 2 2 2 2 2 2 2 2
left_child=1 -1 4 -2 5 9 7 -6 -7 -3
right_child=3 2 -4 -5 6 8 -8 -9 -10 -11
leaf_value=-0.0098762372705467737 0.0039646275316363947 0.00036386187324770618 0.001325087237456879 0.0081588572703037432 -0.00029983794805173993 -0.001356413992406258 -0.00027238675356249241 0.00058666814638630438 -0.00060285153804588991 -0.00033336932674750132
leaf_weight=7.9999999999999991 5.9999999999999991 5.9999999999999991 6.9999999999999991 8.9999999999999982 9 7.0000000000000027 9.0000000000000018 13 11.999999999999998 8.9999999999999982
leaf_count=8 6 6 7 9 9 7 9 13 12 9
internal_value=-0.000248691 -0.00371118 -0.00136207 0.0176613 -0.00265267 -0.00576087 0.000753968 0.00438889 -0.0114744 0.00153226
internal_weight=95 80 72 15 65 34 31 22 19 15
internal_count=95 80 72 15 65 34 31 22 19 15
is_linear=0
shrinkage=0.025


Tree=82
num_leaves=12
num_cat=0
split_feature=3 1 2 2 0 1 4 3 1 0 2
split_gain=10.0619 5.73055 2.01892 3.02905 1.2812 1.10359 1.3972 0.2808 0.240667 0.203549 1.15218
threshold=5.2500000000000009 7.0000000000000009 3.2500000000000004 2.9500000000000006 13.000000000000002 14.000000000000002 74.500000000000014 4.3500000000000005 18.000000000000004 11.000000000000002 3.6500000000000008
decision_type=2 2 2 2 2 2 2 2 2 2 2
left_child=1 -1 3 8 -2 6 7 -4 -3 10 -7
right_child=4 2 5 -5 -6 9 -8 -9 -10 -11 -12
leaf_value=-0.008486843649858123 0.0038655118433454875 0.00071681237265736053 0.00013628442622669603 -0.0038783228262259553 0.0079548858385461562 0.00071348749174633967 -0.0010066949941941906 1.9294325330387885e-05 -0.00022922570006542742 9.5988726097195895e-05 1.3563318305076511e-05
leaf_weight=11.999999999999998 5.9999999999999991 7.0000000000000018 6.0000000000000018 8.9999999999999982 8.9999999999999982 6.0000000000000018 11.999999999999998 6 7 8.9999999999999982 6
leaf_count=12 6 7 6 9 9 6 12 6 7 9 6
internal_value=-0.000772251 -0.0043323 -0.00144161 -0.00739362 0.0176613 0.00162088 -0.0019898 0.0039 0 0.00575581 0.0079
internal_weight=95 80 68 23 15 45 24 12 14 21 12
internal_count=95 80 68 23 15 45 24 12 14 21 12
is_linear=0
shrinkage=0.025


Tree=83
num_leaves=13
num_cat=0
split_feature=3 1 0 4 2 2 0 3 2 3 4 1
split_gain=10.0619 5.50648 1.89496 1.32 1.83713 2.57275 1.2812 0.803808 0.759554 0.638481 0.354545 0.200147
threshold=5.2500000000000009 5.0000000000000009 15.000000000000002 74.500000000000014 3.3500000000000001 2.9500000000000006 13.000000000000002 4.6500000000000012 3.6500000000000008 4.7500000000000009 100.00000000000001 10.000000000000002
decision_type=2 2 2 2 2 2 2 2 2 2 2 2
left_child=1 -1 3 4 5 9 -2 11 -6 -3 -9 -5
right_child=6 2 -4 7 8 -7 -8 10 -10 -11 -12 -13
leaf_value=-0.00941716024753665 0.00376887404726185 0.00045189071738152564 0.0012895603383680232 -0.0016028862802615397 0.00014500703121920756 -0.0014932623733013295 0.0077560136925824974 -0.0013293092339228931 -1.346027237720815e-05 -0.00055803478125053822 3.7523809181427836e-05 -5.220323711411235e-05
leaf_weight=7.9999999999999991 5.9999999999999991 6.0000000000000018 6.9999999999999991 6.0000000000000027 7.9999999999999982 6.9999999999999991 8.9999999999999982 5.9999999999999973 6 7 10 8.9999999999999982
leaf_count=8 6 6 7 6 8 7 9 6 6 7 10 9
internal_value=-0.000772251 -0.0043323 -0.00205172 -0.00341603 0 -0.00481707 0.0176613 -0.00710317 0.00681034 0.00175926 -0.00295455 -0.0112097
internal_weight=95 80 72 65 34 20 15 31 14 13 16 15
internal_count=95 80 72 65 34 20 15 31 14 13 16 15
is_linear=0
shrinkage=0.025


Tree=84
num_leaves=12
num_cat=0
split_feature=1 1 3 4 2 2 3 2 0 0 3
split_gain=9.85486 4.66908 2.73282 2.15931 2.31648 2.57275 0.914578 0.780912 1.06145 1.2107 0.638481
threshold=22.000000000000004 5.0000000000000009 4.6500000000000012 74.500000000000014 3.3500000000000001 2.9500000000000006 4.5500000000000007 3.7500000000000004 7.0000000000000009 11.000000000000002 4.7500000000000009
decision_type=2 2 2 2 2 2 2 2 2 2 2
left_child=1 -1 -2 4 5 10 -6 8 -5 -10 -3
right_child=2 3 -4 7 6 -7 -8 -9 9 -11 -12
leaf_value=-0.0091817312413482351 0.00033393771674326004 0.00044059344944698546 0.0052440831234823911 -0.0016049987601374329 1.4006473417671474e-05 -0.0014559308139687978 0.002924738819669509 -1.4171026304909962e-06 -4.5421846756932286e-06 -0.00013203748394456928 -0.0005440839117192731
leaf_weight=7.9999999999999991 6.0000000000000027 6.0000000000000018 12.999999999999998 8.0000000000000018 8.9999999999999982 6.9999999999999991 5.9999999999999991 5.9999999999999991 13.000000000000002 5.9999999999999991 7
leaf_count=8 6 6 13 8 9 7 6 6 13 6 7
internal_value=-0.00181937 -0.00586601 0.0140385 -0.00363139 0.000669014 -0.00481707 0.00798387 -0.00817164 -0.00995455 -0.00634615 0.00175926
internal_weight=95 76 19 68 35 20 15 33 27 19 13
internal_count=95 76 19 68 35 20 15 33 27 19 13
is_linear=0
shrinkage=0.025


Tree=85
num_leaves=12
num_cat=0
split_feature=0 0 4 2 2 2 0 0 3 1 4
split_gain=10.9575 4.49233 2.47324 3.94811 1.95262 1.19283 0.835147 0.851154 0.638481 0.61648 0.0621075
threshold=15.000000000000002 5.0000000000000009 93.000000000000014 3.5500000000000003 2.9500000000000006 3.3500000000000001 11.000000000000002 7.0000000000000009 4.7500000000000009 7.0000000000000009 115.00000000000001
decision_type=2 2 2 2 2 2 2 2 2 2 2
left_child=1 9 3 4 8 -2 7 -4 -3 -1 -9
right_child=5 2 6 -5 -6 -7 -8 10 -10 -11 -12
leaf_value=-0.0089521879603145279 0.0058060898681125631 0.00042957861321080707 -0.0015717974930335389 0.0024064126316325155 -0.0011157089039869562 0.010506611229899666 -6.5184961570019523e-05 -5.0784601569375809e-05 -0.00053048181392628679 -0.0013211458589965754 3.6699268568785032e-05
leaf_weight=7.9999999999999973 5.9999999999999991 6.0000000000000018 8.0000000000000018 9.9999999999999982 8.9999999999999982 7.9999999999999991 9.9999999999999982 6.9999999999999973 7 8 8
leaf_count=8 6 6 8 10 9 8 10 7 7 8 8
internal_value=-0.00286649 -0.00642638 -0.00341603 0.0015 -0.00438889 0.0171552 -0.00817164 -0.00526596 0.00175926 -0.0181061 -0.00153226
internal_weight=95 81 65 32 22 14 33 23 13 16 15
internal_count=95 81 65 32 22 14 33 23 13 16 15
is_linear=0
shrinkage=0.025


Tree=86
num_leaves=12
num_cat=0
split_feature=0 0 4 2 2 2 0 0 3 1 4
split_gain=10.3952 4.98597 3.32181 5.33722 2.57275 1.19283 0.835147 0.851154 0.638481 0.61648 0.0621075
threshold=15.000000000000002 5.0000000000000009 93.000000000000014 3.3500000000000001 2.9500000000000006 3.3500000000000001 11.000000000000002 7.0000000000000009 4.7500000000000009 7.0000000000000009 115.00000000000001
decision_type=2 2 2 2 2 2 2 2 2 2 2
left_child=1 9 3 4 8 -2 7 -4 -3 -1 -9
right_child=5 2 6 -5 -6 -7 -8 10 -10 -11 -12
leaf_value=-0.0087283832613066614 0.0056609376214097453 0.0004188391478805398 -0.0015325025557076989 0.0018012689335873357 -0.0013916398210198967 0.010243945949152167 -6.3555337530774025e-05 -4.9514986530141419e-05 -0.00051721976857812548 -0.0012881172125216557 3.5781786854560683e-05
leaf_weight=7.9999999999999973 5.9999999999999991 6.0000000000000018 8.0000000000000018 11.999999999999998 6.9999999999999991 7.9999999999999991 9.9999999999999982 6.9999999999999973 7 8 8
leaf_count=8 6 6 8 12 7 8 10 7 7 8 8
internal_value=-0.00234293 -0.00581288 -0.00265267 0.00303846 -0.00481707 0.0171552 -0.00817164 -0.00526596 0.00175926 -0.0181061 -0.00153226
internal_weight=95 81 65 32 20 14 33 23 13 16 15
internal_count=95 81 65 32 20 14 33 23 13 16 15
is_linear=0
shrinkage=0.025


Tree=87
num_leaves=12
num_cat=0
split_feature=0 2 2 2 4 2 0 2 0 3 0
split_gain=10.3952 3.18465 2.39282 2.93067 1.473 1.19283 1.0564 1.75178 1.03235 0.638481 0.621774
threshold=15.000000000000002 3.7500000000000004 2.9500000000000006 3.2500000000000004 74.500000000000014 3.3500000000000001 11.000000000000002 3.6500000000000008 5.0000000000000009 4.7500000000000009 7.0000000000000009
decision_type=2 2 2 2 2 2 2 2 2 2 2
left_child=1 2 9 -4 8 -2 7 10 -5 -1 -6
right_child=5 -3 3 4 6 -7 -8 -9 -10 -11 -12
leaf_value=0.0004083681691835317 0.0055194141808745049 0.00061871885802948783 -0.0071361853953301859 -0.0043106134207642867 -0.0008492944923654544 0.0099878473004233696 -6.1966454092510226e-05 -0.00054390678798339482 0.0017562372102476521 -0.00050428927436366731 0.00055152768843476092
leaf_weight=5.9999999999999982 5.9999999999999991 10.999999999999998 12.999999999999998 5.9999999999999991 6.0000000000000044 7.9999999999999991 7.9999999999999991 6.9999999999999991 7.9999999999999991 7 9
leaf_count=6 6 11 13 6 6 8 8 7 8 7 9
internal_value=-0.00234293 -0.00581288 -0.00778369 -0.00997826 -0.00671348 0.0171552 -0.00979508 -0.00661111 0 0.00175926 -0.00153226
internal_weight=95 81 70 57 44 14 30 22 14 13 15
internal_count=95 81 70 57 44 14 30 22 14 13 15
is_linear=0
shrinkage=0.025


Tree=88
num_leaves=12
num_cat=0
split_feature=3 0 3 1 4 3 3 0 2 2 3
split_gain=7.105 4.70351 2.13351 3.18948 1.69946 1.58256 2.20071 1.07262 0.975338 0.50157 0.0534815
threshold=5.3500000000000005 15.000000000000002 3.9500000000000006 18.000000000000004 74.500000000000014 4.2500000000000009 4.6500000000000012 7.0000000000000009 3.2500000000000004 3.4500000000000006 4.9500000000000011
decision_type=2 2 2 2 2 2 2 2 2 2 2
left_child=1 2 8 4 5 -4 -7 -6 -1 -5 -9
right_child=-2 -3 3 9 7 6 -8 10 -10 -11 -12
leaf_value=-0.009207906659140919 0.0070347816459788159 0.0037565074222843499 0.00028415108781481012 -0.0009997723673986715 -0.0018261445014396195 -0.00058797163209626808 0.00041080420582837455 -3.4679442167306897e-05 -0.00028641883844621744 -8.715108893837532e-05 0.00025885532378431278
leaf_weight=5.9999999999999982 5.9999999999999991 10.999999999999998 8.0000000000000018 5.9999999999999991 9.0000000000000018 10.000000000000002 10.999999999999998 6.9999999999999982 6 8.9999999999999982 6
leaf_count=6 6 11 8 6 9 10 11 7 6 9 6
internal_value=-0.00234293 -0.00417598 -0.0063535 -0.00449248 -0.00143204 0.0025 -0.00110465 -0.00661111 -0.0159 -0.0144355 -0.00175926
internal_weight=95 89 78 66 51 29 21 22 12 15 13
internal_count=95 89 78 66 51 29 21 22 12 15 13
is_linear=0
shrinkage=0.025


Tree=89
num_leaves=12
num_cat=0
split_feature=3 0 3 1 4 3 3 0 2 2 3
split_gain=7.105 4.70351 2.13351 3.18948 1.69946 1.58256 2.20071 1.07262 0.975338 0.50157 0.0534815
threshold=5.3500000000000005 15.000000000000002 3.9500000000000006 18.000000000000004 74.500000000000014 4.2500000000000009 4.6500000000000012 7.0000000000000009 3.2500000000000004 3.4500000000000006 4.9500000000000011
decision_type=2 2 2 2 2 2 2 2 2 2 2
left_child=1 2 8 4 5 -4 -7 -6 -1 -5 -9
right_child=-2 -3 3 9 7 6 -8 10 -10 -11 -12
leaf_value=-0.0089777089926623924 0.0068589121048293405 0.0036625947367272317 0.0002770473106194382 -0.00097477805821370451 -0.0017804908889036298 -0.00057327234129385678 0.00040053410068267018 -3.3812456113124782e-05 -0.00027925836748506349 -8.4972311714914825e-05 0.00025238394068970437
leaf_weight=5.9999999999999982 5.9999999999999991 10.999999999999998 8.0000000000000018 5.9999999999999991 9.0000000000000018 10.000000000000002 10.999999999999998 6.9999999999999982 6 8.9999999999999982 6
leaf_count=6 6 11 8 6 9 10 11 7 6 9 6
internal_value=-0.00234293 -0.00417598 -0.0063535 -0.00449248 -0.00143204 0.0025 -0.00110465 -0.00661111 -0.0159 -0.0144355 -0.00175926
internal_weight=95 89 78 66 51 29 21 22 12 15 13
internal_count=95 89 78 66 51 29 21 22 12 15 13
is_linear=0
shrinkage=0.025


Tree=90
num_leaves=12
num_cat=0
split_feature=3 0 3 1 4 3 3 0 2 2 3
split_gain=7.105 4.70351 2.13351 3.18948 1.69946 1.58256 2.20071 1.07262 0.975338 0.50157 0.0534815
threshold=5.3500000000000005 15.000000000000002 3.9500000000000006 18.000000000000004 74.500000000000014 4.2500000000000009 4.6500000000000012 7.0000000000000009 3.2500000000000004 3.4500000000000006 4.9500000000000011
decision_type=2 2 2 2 2 2 2 2 2 2 2
left_child=1 2 8 4 5 -4 -7 -6 -1 -5 -9
right_child=-2 -3 3 9 7 6 -8 10 -10 -11 -12
leaf_value=-0.008753266267845828 0.0066874393022086087 0.0035710298683090617 0.00027012112785395058 -0.00095040860675836287 -0.0017359786166810443 -0.00055894053276151487 0.00039052074816560146 -3.2967144710294161e-05 -0.00027227690829793595 -8.2848003922042504e-05 0.00024607434217246429
leaf_weight=5.9999999999999982 5.9999999999999991 10.999999999999998 8.0000000000000018 5.9999999999999991 9.0000000000000018 10.000000000000002 10.999999999999998 6.9999999999999982 6 8.9999999999999982 6
leaf_count=6 6 11 8 6 9 10 11 7 6 9 6
internal_value=-0.00234293 -0.00417598 -0.0063535 -0.00449248 -0.00143204 0.0025 -0.00110465 -0.00661111 -0.0159 -0.0144355 -0.00175926
internal_weight=95 89 78 66 51 29 21 22 12 15 13
internal_count=95 89 78 66 51 29 21 22 12 15 13
is_linear=0
shrinkage=0.025


Tree=91
num_leaves=11
num_cat=0
split_feature=3 0 3 3 3 1 2 2 4 4
split_gain=6.81452 4.36137 2.44047 2.28965 1.51362 2.55994 1.06871 0.975338 0.668387 0.638481
threshold=5.3500000000000005 15.000000000000002 3.9500000000000006 4.2500000000000009 4.6500000000000012 18.000000000000004 3.4500000000000006 3.2500000000000004 93.000000000000014 100.00000000000001
decision_type=2 2 2 2 2 2 2 2 2 2
left_child=1 2 7 -4 6 8 -5 -1 -6 -10
right_child=-2 -3 3 4 5 -7 -8 -9 9 -11
leaf_value=-0.0085344346111496782 0.006520253319653402 0.0034817541216013437 0.00013037463083733769 -0.00027989199362340458 0.00038075772946145615 -0.0002044421945210484 -0.00066026788241327914 -0.00026546998559048851 -0.0011679440939346031 9.2149286585141443e-05
leaf_weight=5.9999999999999982 5.9999999999999991 10.999999999999998 10.999999999999998 7.0000000000000027 11.000000000000002 11.999999999999998 11.999999999999998 6 5.9999999999999982 7
leaf_count=6 6 11 11 7 11 12 12 6 6 7
internal_value=-0.00181937 -0.00361732 -0.00571656 -0.0037406 -0.00583333 -0.00270548 -0.0114744 -0.0159 0.0019898 -0.00175926
internal_weight=95 89 78 66 55 36 19 12 24 13
internal_count=95 89 78 66 55 36 19 12 24 13
is_linear=0
shrinkage=0.025


Tree=92
num_leaves=11
num_cat=0
split_feature=3 0 3 3 1 2 1 3 4 2
split_gain=6.81452 3.96736 2.73577 1.9968 1.15675 0.975338 0.817689 1.66583 1.46778 0.498701
threshold=5.3500000000000005 17.000000000000004 3.9500000000000006 4.2500000000000009 10.000000000000002 3.2500000000000004 18.000000000000004 4.6500000000000012 93.000000000000014 3.4500000000000006
decision_type=2 2 2 2 2 2 2 2 2 2
left_child=1 2 5 -4 -5 -1 7 -6 -9 -8
right_child=-2 -3 3 4 6 -7 9 8 -10 -11
leaf_value=-0.0083210737458709327 0.0063572469866620684 0.017581839488511174 0.00012711526506640203 -0.00091418597058198217 -0.00014426548140751284 -0.00025883323595072286 -0.00041344701183227973 0.0046038940083297621 -4.1265420986058567e-05 -7.5665748960962464e-05
leaf_weight=5.9999999999999982 5.9999999999999991 5.9999999999999991 10.999999999999998 8.9999999999999982 12.000000000000002 6 9.0000000000000018 8.0000000000000018 10.999999999999998 10.999999999999998
leaf_count=6 6 6 11 9 12 6 9 8 11 11
internal_value=-0.00181937 -0.00361732 -0.00507485 -0.00312937 -0.00493802 -0.0159 -0.00337379 -0.000753968 0.00378205 -0.0072561
internal_weight=95 89 83 71 60 12 51 31 19 20
internal_count=95 89 83 71 60 12 51 31 19 20
is_linear=0
shrinkage=0.025


Tree=93
num_leaves=11
num_cat=0
split_feature=3 0 3 3 1 2 1 3 4 2
split_gain=6.81452 3.96736 2.73577 1.9968 1.15675 0.975338 0.817689 1.66583 1.46778 0.498701
threshold=5.3500000000000005 17.000000000000004 3.9500000000000006 4.2500000000000009 10.000000000000002 3.2500000000000004 18.000000000000004 4.6500000000000012 93.000000000000014 3.4500000000000006
decision_type=2 2 2 2 2 2 2 2 2 2
left_child=1 2 5 -4 -5 -1 7 -6 -9 -8
right_child=-2 -3 3 4 6 -7 9 8 -10 -11
leaf_value=-0.0081130469022241639 0.0061983158119955258 0.017142293501298391 0.00012393738343974281 -0.00089133132131743455 -0.00014065884437232113 -0.00025236240505195905 -0.00040311083653646887 0.0044887966581215136 -4.0233785461407659e-05 -7.3774105236945611e-05
leaf_weight=5.9999999999999982 5.9999999999999991 5.9999999999999991 10.999999999999998 8.9999999999999982 12.000000000000002 6 9.0000000000000018 8.0000000000000018 10.999999999999998 10.999999999999998
leaf_count=6 6 6 11 9 12 6 9 8 11 11
internal_value=-0.00181937 -0.00361732 -0.00507485 -0.00312937 -0.00493802 -0.0159 -0.00337379 -0.000753968 0.00378205 -0.0072561
internal_weight=95 89 83 71 60 12 51 31 19 20
internal_count=95 89 83 71 60 12 51 31 19 20
is_linear=0
shrinkage=0.025


Tree=94
num_leaves=13
num_cat=0
split_feature=3 0 1 4 3 4 2 3 1 0 3 0
split_gain=6.52966 3.73737 2.54928 2.07872 2.79149 1.2578 1.8257 1.22107 1.29017 1.0417 1.67848 0.673353
threshold=5.3500000000000005 17.000000000000004 5.0000000000000009 74.500000000000014 4.2500000000000009 115.00000000000001 3.7500000000000004 4.6500000000000012 18.000000000000004 13.000000000000002 4.9500000000000011 7.0000000000000009
decision_type=2 2 2 2 2 2 2 2 2 2 2 2
left_child=1 2 -1 4 -4 6 11 -6 -9 10 -7 -5
right_child=-2 -3 3 5 7 9 -8 8 -10 -11 -12 -13
leaf_value=-0.0073002496629164422 0.0060433579166956353 0.016713736163765924 0.00012083894885375202 -0.0018159163571443095 -0.00052609191284750951 1.9711308932890417e-05 0.00011488856727506769 0.00014392151956362786 -0.00077295672950341567 -0.00014556533076153235 -0.00024461131884018217 -8.5131608877020423e-06
leaf_weight=7.9999999999999991 5.9999999999999991 5.9999999999999991 8.9999999999999982 6.0000000000000018 10.000000000000002 7.0000000000000018 5.9999999999999991 11.000000000000002 5.9999999999999991 6.9999999999999991 6 7
leaf_count=8 6 6 9 6 10 7 6 11 6 7 6 7
internal_value=-0.00129581 -0.00305866 -0.00447605 -0.00296358 0.00133562 -0.00693038 -0.0114744 -0.00268182 0.00135714 -0.00237805 0.00175926 -0.0165741
internal_weight=95 89 83 75 36 39 19 27 17 20 13 13
internal_count=95 89 83 75 36 39 19 27 17 20 13 13
is_linear=0
shrinkage=0.025


Tree=95
num_leaves=13
num_cat=0
split_feature=3 0 1 4 3 2 2 4 2 0 3 0
split_gain=6.25041 3.5138 2.79636 2.8232 2.18456 1.72661 1.83083 1.2578 1.8257 1.0417 1.67848 0.673353
threshold=5.3500000000000005 17.000000000000004 5.0000000000000009 74.500000000000014 4.2500000000000009 3.4500000000000006 2.5500000000000003 115.00000000000001 3.7500000000000004 13.000000000000002 4.9500000000000011 7.0000000000000009
decision_type=2 2 2 2 2 2 2 2 2 2 2 2
left_child=1 2 -1 4 -4 6 -6 8 11 10 -9 -5
right_child=-2 -3 3 7 5 -7 -8 9 -10 -11 -12 -13
leaf_value=-0.0071177434213435314 0.0058922739687782503 0.016295892759671783 0.000117817975132406 -0.0017705184482156968 0.0013110887203586774 0.00014011882123426966 -0.00087264607627359771 1.9218526209563436e-05 0.00011201635309318614 -0.00014192619749249237 -0.00023849603586917345 -8.3003318655072718e-06
leaf_weight=7.9999999999999991 5.9999999999999991 5.9999999999999991 8.9999999999999982 6.0000000000000018 9.0000000000000053 8.9999999999999982 8.9999999999999982 7.0000000000000018 5.9999999999999991 6.9999999999999991 6 7
leaf_count=8 6 6 9 6 9 9 9 7 6 7 6 7
internal_value=-0.000772251 -0.0025 -0.00387725 -0.00230132 0.00270548 -0.000863636 -0.00533784 -0.00693038 -0.0114744 -0.00237805 0.00175926 -0.0165741
internal_weight=95 89 83 75 36 27 18 39 19 20 13 13
internal_count=95 89 83 75 36 27 18 39 19 20 13 13
is_linear=0
shrinkage=0.025


Tree=96
num_leaves=12
num_cat=0
split_feature=3 1 0 4 3 2 2 0 2 0 1
split_gain=5.97678 3.63638 2.71385 2.13084 2.18456 1.72661 1.83083 1.12074 0.843879 0.751553 0.153185
threshold=5.3500000000000005 5.0000000000000009 17.000000000000004 74.500000000000014 4.2500000000000009 3.4500000000000006 2.5500000000000003 7.0000000000000009 3.6500000000000008 13.000000000000002 10.000000000000002
decision_type=2 2 2 2 2 2 2 2 2 2 2
left_child=1 -1 3 4 -3 6 -6 10 9 -9 -5
right_child=-2 2 -4 7 5 -7 -8 8 -10 -11 -12
leaf_value=-0.0069397998358099403 0.0057449671195587866 0.00011487252575409501 0.015888495440679985 -0.001306551401046613 0.0012783115023497162 0.00013661585070341432 -0.00085082992436675837 1.3821308600048266e-05 -1.8041822890846327e-05 -0.00010156025347742848 -0.0011630569103717459
leaf_weight=7.9999999999999991 5.9999999999999991 8.9999999999999982 5.9999999999999991 5.9999999999999982 9.0000000000000053 8.9999999999999982 8.9999999999999982 12.000000000000005 6.9999999999999991 7.9999999999999991 6
leaf_count=8 6 9 6 6 9 9 9 12 7 8 6
internal_value=-0.000248691 -0.00194134 -0.000291411 -0.00163907 0.00270548 -0.000863636 -0.00533784 -0.00566456 -0.00268182 0 -0.0119
internal_weight=95 89 81 75 36 27 18 39 27 20 12
internal_count=95 89 81 75 36 27 18 39 27 20 12
is_linear=0
shrinkage=0.025


Tree=97
num_leaves=11
num_cat=0
split_feature=0 1 4 3 2 2 0 0 2 1
split_gain=4.98933 3.35901 2.74026 1.69026 2.94344 1.83083 1.19702 0.621053 0.751553 0.153185
threshold=17.000000000000004 5.0000000000000009 74.500000000000014 4.2500000000000009 3.4500000000000006 2.5500000000000003 7.0000000000000009 13.000000000000002 3.6500000000000008 10.000000000000002
decision_type=2 2 2 2 2 2 2 2 2 2
left_child=1 -1 3 -3 5 -5 9 8 -8 -4
right_child=-2 2 6 4 -6 -7 7 -9 -10 -11
leaf_value=-0.0067663048399146889 0.011958350584323076 0.00011200071261023848 -0.0012738876160204471 0.0012463537147909709 0.00013340511477609731 -0.00082955917625758828 1.3475775885052333e-05 -0.00010443604116234796 -1.2616277657589992e-05 -0.0011339804876124571
leaf_weight=7.9999999999999991 7.9999999999999991 8.9999999999999982 5.9999999999999982 9.0000000000000053 10.999999999999998 8.9999999999999982 12.000000000000005 8.9999999999999982 7.9999999999999991 6
leaf_count=8 8 9 6 9 11 9 12 9 8 6
internal_value=-0.000772251 -0.00255714 -0.000927673 0.00386364 0.000805085 -0.00533784 -0.00539157 -0.0025 0 -0.0119
internal_weight=95 87 79 38 29 18 41 29 20 12
internal_count=95 87 79 38 29 18 41 29 20 12
is_linear=0
shrinkage=0.025


Tree=98
num_leaves=11
num_cat=0
split_feature=0 1 4 3 2 2 0 0 2 1
split_gain=4.98933 3.35901 2.74026 1.69026 2.94344 1.83083 1.19702 0.621053 0.751553 0.153185
threshold=17.000000000000004 5.0000000000000009 74.500000000000014 4.2500000000000009 3.4500000000000006 2.5500000000000003 7.0000000000000009 13.000000000000002 3.6500000000000008 10.000000000000002
decision_type=2 2 2 2 2 2 2 2 2 2
left_child=1 -1 3 -3 5 -5 9 8 -8 -4
right_child=-2 2 6 4 -6 -7 7 -9 -10 -11
leaf_value=-0.0065971472189168268 0.011659391819714994 0.00010920069479498641 -0.0012420404256199336 0.0012151948719211993 0.00013006998690670012 -0.00080882019685114554 1.3138881487922972e-05 -0.00010182514013328259 -1.2300870716153157e-05 -0.0011056309754221506
leaf_weight=7.9999999999999991 7.9999999999999991 8.9999999999999982 5.9999999999999982 9.0000000000000053 10.999999999999998 8.9999999999999982 12.000000000000005 8.9999999999999982 7.9999999999999991 6
leaf_count=8 8 9 6 9 11 9 12 9 8 6
internal_value=-0.000772251 -0.00255714 -0.000927673 0.00386364 0.000805085 -0.00533784 -0.00539157 -0.0025 0 -0.0119
internal_weight=95 87 79 38 29 18 41 29 20 12
internal_count=95 87 79 38 29 18 41 29 20 12
is_linear=0
shrinkage=0.025


Tree=99
num_leaves=12
num_cat=0
split_feature=0 1 4 3 3 2 0 0 2 1 1
split_gain=5.27874 3.10289 2.02723 2.20454 1.90164 5.64489 1.19702 0.621053 0.751553 0.153185 0.0607037
threshold=17.000000000000004 5.0000000000000009 74.500000000000014 4.2500000000000009 4.6500000000000012 3.4500000000000006 7.0000000000000009 13.000000000000002 3.6500000000000008 10.000000000000002 18.000000000000004
decision_type=2 2 2 2 2 2 2 2 2 2 2
left_child=1 -1 3 -3 -5 10 9 8 -8 -4 -6
right_child=-2 2 6 4 5 -7 7 -9 -10 -11 -12
leaf_value=-0.0064322185384439075 0.011367907024222114 0.00010647067742510786 -0.0012109894149794299 -0.00047766904502471454 -0.00078859969192986992 0.004145493998413974 1.2810409450725313e-05 -9.9279511629957187e-05 -1.1993348948252658e-05 -0.0010779902010365995 -0.00077474647921171869
leaf_weight=7.9999999999999991 7.9999999999999991 8.9999999999999982 5.9999999999999982 10.000000000000002 7.0000000000000018 5.9999999999999991 12.000000000000005 8.9999999999999982 7.9999999999999991 6 6
leaf_count=8 8 9 6 10 7 6 12 9 8 6 6
internal_value=-0.00129581 -0.00312857 -0.0015566 0.00256494 -0.000805085 0.00378205 -0.00539157 -0.0025 0 -0.0119 -0.00546296
internal_weight=95 87 79 38 29 19 41 29 20 12 13
internal_count=95 87 79 38 29 19 41 29 20 12 13
is_linear=0
shrinkage=0.025


Tree=100
num_leaves=11
num_cat=0
split_feature=0 1 4 3 2 2 0 0 2 1
split_gain=4.98933 3.35901 2.74026 1.69026 2.94344 1.83083 1.19702 0.621053 0.751553 0.153185
threshold=17.000000000000004 5.0000000000000009 74.500000000000014 4.2500000000000009 3.4500000000000006 2.5500000000000003 7.0000000000000009 13.000000000000002 3.6500000000000008 10.000000000000002
decision_type=2 2 2 2 2 2 2 2 2 2
left_child=1 -1 3 -3 5 -5 9 8 -8 -4
right_child=-2 2 6 4 -6 -7 7 -9 -10 -11
leaf_value=-0.0062714130749828073 0.011083709348616567 0.00010380891048947794 -0.0011807146796049496 0.0012041836621034642 2.3180887273677177e-05 -0.00076888469963162234 1.2490149214461344e-05 -9.6797523839198271e-05 -1.1693515224542317e-05 -0.0010510404460106816
leaf_weight=7.9999999999999991 7.9999999999999991 8.9999999999999982 5.9999999999999982 9.0000000000000053 10.999999999999998 8.9999999999999982 12.000000000000005 8.9999999999999982 7.9999999999999991 6
leaf_count=8 8 9 6 9 11 9 12 9 8 6
internal_value=-0.000772251 -0.00255714 -0.000927673 0.00386364 0.000805085 -0.00533784 -0.00539157 -0.0025 0 -0.0119
internal_weight=95 87 79 38 29 18 41 29 20 12
internal_count=95 87 79 38 29 18 41 29 20 12
is_linear=0
shrinkage=0.025


Tree=101
num_leaves=11
num_cat=0
split_feature=0 1 4 3 2 2 0 0 2 1
split_gain=4.98933 3.35901 2.74026 1.69026 2.94344 1.83083 1.19702 0.621053 0.751553 0.153185
threshold=17.000000000000004 5.0000000000000009 74.500000000000014 4.2500000000000009 3.4500000000000006 2.5500000000000003 7.0000000000000009 13.000000000000002 3.6500000000000008 10.000000000000002
decision_type=2 2 2 2 2 2 2 2 2 2
left_child=1 -1 3 -3 5 -5 9 8 -8 -4
right_child=-2 2 6 4 -6 -7 7 -9 -10 -11
leaf_value=-0.0061146277481082317 0.010806616614901156 0.00010121368772724182 -0.0011511968126148243 0.0011740790705508819 2.2601365091834415e-05 -0.00074966258214083099 1.2177895484100089e-05 -9.4377585743221648e-05 -1.1401177343928205e-05 -0.001024764434860409
leaf_weight=7.9999999999999991 7.9999999999999991 8.9999999999999982 5.9999999999999982 9.0000000000000053 10.999999999999998 8.9999999999999982 12.000000000000005 8.9999999999999982 7.9999999999999991 6
leaf_count=8 8 9 6 9 11 9 12 9 8 6
internal_value=-0.000772251 -0.00255714 -0.000927673 0.00386364 0.000805085 -0.00533784 -0.00539157 -0.0025 0 -0.0119
internal_weight=95 87 79 38 29 18 41 29 20 12
internal_count=95 87 79 38 29 18 41 29 20 12
is_linear=0
shrinkage=0.025


Tree=102
num_leaves=11
num_cat=0
split_feature=0 1 4 3 2 2 0 0 2 1
split_gain=4.98933 3.35901 2.74026 1.69026 2.94344 1.83083 1.19702 0.621053 0.751553 0.153185
threshold=17.000000000000004 5.0000000000000009 74.500000000000014 4.2500000000000009 3.4500000000000006 2.5500000000000003 7.0000000000000009 13.000000000000002 3.6500000000000008 10.000000000000002
decision_type=2 2 2 2 2 2 2 2 2 2
left_child=1 -1 3 -3 5 -5 9 8 -8 -4
right_child=-2 2 6 4 -6 -7 7 -9 -10 -11
leaf_value=-0.0059617620544055233 0.01053645119952863 9.8683345534056341e-05 -0.0011224168922994548 0.0011447270937871123 2.203633096453661e-05 -0.00073092101758730492 1.1873448096999528e-05 -9.2018146099648315e-05 -1.1116147910333885e-05 -0.0009991453239888981
leaf_weight=7.9999999999999991 7.9999999999999991 8.9999999999999982 5.9999999999999982 9.0000000000000053 10.999999999999998 8.9999999999999982 12.000000000000005 8.9999999999999982 7.9999999999999991 6
leaf_count=8 8 9 6 9 11 9 12 9 8 6
internal_value=-0.000772251 -0.00255714 -0.000927673 0.00386364 0.000805085 -0.00533784 -0.00539157 -0.0025 0 -0.0119
internal_weight=95 87 79 38 29 18 41 29 20 12
internal_count=95 87 79 38 29 18 41 29 20 12
is_linear=0
shrinkage=0.025


Tree=103
num_leaves=11
num_cat=0
split_feature=0 1 4 3 2 2 0 0 2 1
split_gain=4.98933 3.35901 2.74026 1.69026 2.94344 1.83083 1.19702 0.621053 0.751553 0.153185
threshold=17.000000000000004 5.0000000000000009 74.500000000000014 4.2500000000000009 3.4500000000000006 2.5500000000000003 7.0000000000000009 13.000000000000002 3.6500000000000008 10.000000000000002
decision_type=2 2 2 2 2 2 2 2 2 2
left_child=1 -1 3 -3 5 -5 9 8 -8 -4
right_child=-2 2 6 4 -6 -7 7 -9 -10 -11
leaf_value=-0.0058127180030453866 0.010273039919540417 9.6216261895709643e-05 -0.0010943564699919695 0.0011161089164424375 2.148542269042597e-05 -0.00071264799214761922 1.1576611894575928e-05 -8.971769244716655e-05 -1.083824421257429e-05 -0.0009741666908891722
leaf_weight=7.9999999999999991 7.9999999999999991 8.9999999999999982 5.9999999999999982 9.0000000000000053 10.999999999999998 8.9999999999999982 12.000000000000005 8.9999999999999982 7.9999999999999991 6
leaf_count=8 8 9 6 9 11 9 12 9 8 6
internal_value=-0.000772251 -0.00255714 -0.000927673 0.00386364 0.000805085 -0.00533784 -0.00539157 -0.0025 0 -0.0119
internal_weight=95 87 79 38 29 18 41 29 20 12
internal_count=95 87 79 38 29 18 41 29 20 12
is_linear=0
shrinkage=0.025


Tree=104
num_leaves=11
num_cat=0
split_feature=0 1 4 3 2 2 0 0 2 1
split_gain=4.98933 3.35901 2.74026 1.69026 2.94344 1.83083 1.19702 0.621053 0.751553 0.153185
threshold=17.000000000000004 5.0000000000000009 74.500000000000014 4.2500000000000009 3.4500000000000006 2.5500000000000003 7.0000000000000009 13.000000000000002 3.6500000000000008 10.000000000000002
decision_type=2 2 2 2 2 2 2 2 2 2
left_child=1 -1 3 -3 5 -5 9 8 -8 -4
right_child=-2 2 6 4 -6 -7 7 -9 -10 -11
leaf_value=-0.005667400052969257 0.010016213921551909 9.3810855348319677e-05 -0.001066997558242172 0.0010882061935313715 2.0948287123168099e-05 -0.00069483179234393073 1.1287196597209448e-05 -8.7474750135996271e-05 -1.0567288107260487e-05 -0.00094981252361693862
leaf_weight=7.9999999999999991 7.9999999999999991 8.9999999999999982 5.9999999999999982 9.0000000000000053 10.999999999999998 8.9999999999999982 12.000000000000005 8.9999999999999982 7.9999999999999991 6
leaf_count=8 8 9 6 9 11 9 12 9 8 6
internal_value=-0.000772251 -0.00255714 -0.000927673 0.00386364 0.000805085 -0.00533784 -0.00539157 -0.0025 0 -0.0119
internal_weight=95 87 79 38 29 18 41 29 20 12
internal_count=95 87 79 38 29 18 41 29 20 12
is_linear=0
shrinkage=0.025


Tree=105
num_leaves=11
num_cat=0
split_feature=0 1 4 3 2 2 0 0 2 1
split_gain=4.98933 3.35901 2.74026 1.69026 2.94344 1.83083 1.19702 0.621053 0.751553 0.153185
threshold=17.000000000000004 5.0000000000000009 74.500000000000014 4.2500000000000009 3.4500000000000006 2.5500000000000003 7.0000000000000009 13.000000000000002 3.6500000000000008 10.000000000000002
decision_type=2 2 2 2 2 2 2 2 2 2
left_child=1 -1 3 -3 5 -5 9 8 -8 -4
right_child=-2 2 6 4 -6 -7 7 -9 -10 -11
leaf_value=-0.0055257150516450255 0.0097658085735131128 9.1465583964611685e-05 -0.0010403226192861215 0.001061001038693088 2.0424579945088619e-05 -0.0006774609975353286 1.10050166822806e-05 -8.52878813826008e-05 -1.0303105904574396e-05 -0.00092606721052651
leaf_weight=7.9999999999999991 7.9999999999999991 8.9999999999999982 5.9999999999999982 9.0000000000000053 10.999999999999998 8.9999999999999982 12.000000000000005 8.9999999999999982 7.9999999999999991 6
leaf_count=8 8 9 6 9 11 9 12 9 8 6
internal_value=-0.000772251 -0.00255714 -0.000927673 0.00386364 0.000805085 -0.00533784 -0.00539157 -0.0025 0 -0.0119
internal_weight=95 87 79 38 29 18 41 29 20 12
internal_count=95 87 79 38 29 18 41 29 20 12
is_linear=0
shrinkage=0.025


Tree=106
num_leaves=11
num_cat=0
split_feature=0 1 4 3 2 2 0 0 2 1
split_gain=4.98933 3.35901 2.74026 1.69026 2.94344 1.83083 1.19702 0.621053 0.751553 0.153185
threshold=17.000000000000004 5.0000000000000009 74.500000000000014 4.2500000000000009 3.4500000000000006 2.5500000000000003 7.0000000000000009 13.000000000000002 3.6500000000000008 10.000000000000002
decision_type=2 2 2 2 2 2 2 2 2 2
left_child=1 -1 3 -3 5 -5 9 8 -8 -4
right_child=-2 2 6 4 -6 -7 7 -9 -10 -11
leaf_value=-0.0053875721753539 0.0095216633591752933 8.9178944365497781e-05 -0.0010143145538039689 0.0010344760127257602 1.9913965446460848e-05 -0.00066052447259694618 1.07298912652265e-05 -8.315568434804633e-05 -1.0045528256963366e-05 -0.00090291553026334301
leaf_weight=7.9999999999999991 7.9999999999999991 8.9999999999999982 5.9999999999999982 9.0000000000000053 10.999999999999998 8.9999999999999982 12.000000000000005 8.9999999999999982 7.9999999999999991 6
leaf_count=8 8 9 6 9 11 9 12 9 8 6
internal_value=-0.000772251 -0.00255714 -0.000927673 0.00386364 0.000805085 -0.00533784 -0.00539157 -0.0025 0 -0.0119
internal_weight=95 87 79 38 29 18 41 29 20 12
internal_count=95 87 79 38 29 18 41 29 20 12
is_linear=0
shrinkage=0.025


Tree=107
num_leaves=11
num_cat=0
split_feature=0 1 4 3 2 2 0 0 2 1
split_gain=4.98933 3.35901 2.74026 1.69026 2.94344 1.83083 1.19702 0.621053 0.751553 0.153185
threshold=17.000000000000004 5.0000000000000009 74.500000000000014 4.2500000000000009 3.4500000000000006 2.5500000000000003 7.0000000000000009 13.000000000000002 3.6500000000000008 10.000000000000002
decision_type=2 2 2 2 2 2 2 2 2 2
left_child=1 -1 3 -3 5 -5 9 8 -8 -4
right_child=-2 2 6 4 -6 -7 7 -9 -10 -11
leaf_value=-0.0052528828709700499 0.0092836217751959167 8.6949470756358954e-05 -0.0009889566899588698 0.0010086141124076131 1.9416116310300158e-05 -0.00064401136078202643 1.0461643983594727e-05 -8.1076792239342943e-05 -9.7943900505381716e-06 -0.00088034264200675396
leaf_weight=7.9999999999999991 7.9999999999999991 8.9999999999999982 5.9999999999999982 9.0000000000000053 10.999999999999998 8.9999999999999982 12.000000000000005 8.9999999999999982 7.9999999999999991 6
leaf_count=8 8 9 6 9 11 9 12 9 8 6
internal_value=-0.000772251 -0.00255714 -0.000927673 0.00386364 0.000805085 -0.00533784 -0.00539157 -0.0025 0 -0.0119
internal_weight=95 87 79 38 29 18 41 29 20 12
internal_count=95 87 79 38 29 18 41 29 20 12
is_linear=0
shrinkage=0.025


Tree=108
num_leaves=11
num_cat=0
split_feature=0 1 4 3 2 2 0 0 2 1
split_gain=4.98933 3.35901 2.74026 1.69026 2.94344 1.83083 1.19702 0.621053 0.751553 0.153185
threshold=17.000000000000004 5.0000000000000009 74.500000000000014 4.2500000000000009 3.4500000000000006 2.5500000000000003 7.0000000000000009 13.000000000000002 3.6500000000000008 10.000000000000002
decision_type=2 2 2 2 2 2 2 2 2 2
left_child=1 -1 3 -3 5 -5 9 8 -8 -4
right_child=-2 2 6 4 -6 -7 7 -9 -10 -11
leaf_value=-0.0051215607991957962 0.0090515312308160241 8.4775733987452198e-05 -0.00096423277270989984 0.00098339875959742025 1.8930713402542932e-05 -0.00062791107676247744 1.0200102884000417e-05 -7.9049872433367704e-05 -9.5495302992798518e-06 -0.00085833407595658497
leaf_weight=7.9999999999999991 7.9999999999999991 8.9999999999999982 5.9999999999999982 9.0000000000000053 10.999999999999998 8.9999999999999982 12.000000000000005 8.9999999999999982 7.9999999999999991 6
leaf_count=8 8 9 6 9 11 9 12 9 8 6
internal_value=-0.000772251 -0.00255714 -0.000927673 0.00386364 0.000805085 -0.00533784 -0.00539157 -0.0025 0 -0.0119
internal_weight=95 87 79 38 29 18 41 29 20 12
internal_count=95 87 79 38 29 18 41 29 20 12
is_linear=0
shrinkage=0.025


Tree=109
num_leaves=11
num_cat=0
split_feature=1 0 4 2 3 1 2 4 2 3
split_gain=5.15178 3.18173 2.66658 2.17429 1.23191 1.06969 1.75394 0.724859 0.380464 0.354545
threshold=10.000000000000002 17.000000000000004 93.000000000000014 3.4500000000000006 4.7500000000000009 5.0000000000000009 3.5500000000000003 132.50000000000003 3.6500000000000008 5.2500000000000009
decision_type=2 2 2 2 2 2 2 2 2 2
left_child=5 2 3 4 -2 -1 -7 8 9 -4
right_child=1 -3 7 -5 -6 6 -8 -9 -10 -11
leaf_value=-0.0049935217792158983 1.8239881410242464e-05 0.0088252429500456208 -1.2999059693830085e-05 0.0018537965372322442 -0.00079972705308531964 1.8252785227212964e-05 -0.0011406410840431036 1.4861854766168304e-05 -0.00022905558728519295 -5.5957334072720415e-05
leaf_weight=8.0000000000000018 9.0000000000000053 7.9999999999999991 10.000000000000005 10.999999999999998 9.9999999999999982 6.9999999999999991 8.9999999999999982 6.9999999999999991 9.9999999999999982 5.9999999999999991
leaf_count=8 9 8 10 11 10 7 9 7 10 6
internal_value=-0.000248691 0.00312937 0.00116142 0.00651639 0.00121795 -0.0101531 -0.00598485 -0.00369403 -0.00561321 -0.00295455
internal_weight=95 71 63 30 19 24 16 33 26 16
internal_count=95 71 63 30 19 24 16 33 26 16
is_linear=0
shrinkage=0.025


Tree=110
num_leaves=11
num_cat=0
split_feature=0 1 3 2 1 1 0 1 4 2
split_gain=5.27874 3.10289 1.79915 2.57275 2.09184 1.11798 0.638481 0.554756 0.469771 0.402668
threshold=17.000000000000004 5.0000000000000009 4.3500000000000005 3.3500000000000001 14.000000000000002 18.000000000000004 5.0000000000000009 22.000000000000004 93.000000000000014 3.6500000000000008
decision_type=2 2 2 2 2 2 2 2 2 2
left_child=1 -1 3 -3 9 8 -5 -7 -6 -4
right_child=-2 2 4 6 5 7 -8 -9 -10 -11
leaf_value=-0.0048686837347354968 0.0086046118762944778 8.2200021007083909e-05 -9.2654223535537652e-05 -0.00087340288394893717 0.0037961927608969773 -0.00010035360613635525 1.3900973013236673e-06 1.0892908067017261e-05 3.4845610410194629e-05 -0.0010299895435899821
leaf_weight=7.9999999999999991 7.9999999999999991 7.0000000000000027 8.0000000000000018 5.9999999999999982 9.0000000000000018 12.000000000000002 7 9.9999999999999982 9.9999999999999982 9.9999999999999982
leaf_count=8 8 7 8 6 9 12 7 10 10 10
internal_value=-0.00129581 -0.00312857 -0.0015566 0.00481707 -0.0037605 -0.000572289 -0.00175926 -0.00438889 0.00378205 -0.0107432
internal_weight=95 87 79 20 59 41 13 22 19 18
internal_count=95 87 79 20 59 41 13 22 19 18
is_linear=0
shrinkage=0.025


Tree=111
num_leaves=11
num_cat=0
split_feature=0 1 3 2 1 1 0 1 4 2
split_gain=5.27874 3.10289 1.79915 2.57275 2.09184 1.11798 0.638481 0.554756 0.469771 0.402668
threshold=17.000000000000004 5.0000000000000009 4.3500000000000005 3.3500000000000001 14.000000000000002 18.000000000000004 5.0000000000000009 22.000000000000004 93.000000000000014 3.6500000000000008
decision_type=2 2 2 2 2 2 2 2 2 2
left_child=1 -1 3 -3 9 8 -5 -7 -6 -4
right_child=-2 2 4 6 5 7 -8 -9 -10 -11
leaf_value=-0.004746966641367107 0.0083894965793871127 8.0145020481903201e-05 -9.0337867947154482e-05 -0.00085156781185021793 0.0037012879418745538 -9.7844765982951784e-05 1.3553448687919634e-06 1.0620585365339608e-05 3.3974470149944479e-05 -0.0010042398050002289
leaf_weight=7.9999999999999991 7.9999999999999991 7.0000000000000027 8.0000000000000018 5.9999999999999982 9.0000000000000018 12.000000000000002 7 9.9999999999999982 9.9999999999999982 9.9999999999999982
leaf_count=8 8 7 8 6 9 12 7 10 10 10
internal_value=-0.00129581 -0.00312857 -0.0015566 0.00481707 -0.0037605 -0.000572289 -0.00175926 -0.00438889 0.00378205 -0.0107432
internal_weight=95 87 79 20 59 41 13 22 19 18
internal_count=95 87 79 20 59 41 13 22 19 18
is_linear=0
shrinkage=0.025


Tree=112
num_leaves=13
num_cat=0
split_feature=0 1 3 2 3 2 2 2 0 3 2 0
split_gain=4.98933 3.35901 1.46344 2.57275 2.30448 2.80564 1.20283 2.14467 0.638481 0.598167 0.598063 0.0434286
threshold=17.000000000000004 5.0000000000000009 4.3500000000000005 3.3500000000000001 4.6500000000000012 3.7500000000000004 2.5500000000000003 3.4500000000000006 5.0000000000000009 5.2500000000000009 3.6500000000000008 9.0000000000000018
decision_type=2 2 2 2 2 2 2 2 2 2 2 2
left_child=1 -1 3 -3 10 6 -6 -8 -5 11 -4 -9
right_child=-2 2 4 8 5 -7 7 9 -10 -11 -12 -13
leaf_value=-0.0046282924753329241 0.0081797591649024459 7.8141394969855063e-05 -0.00023252391349911085 -0.00083027861655395887 0.0020426952342429082 0.0026872310489333417 -0.00060809481718703266 2.2371267883591896e-05 1.321461247072442e-06 -6.5304938945875976e-05 -0.00077503608187264874 6.0577114823212603e-07
leaf_weight=7.9999999999999991 7.9999999999999991 7.0000000000000027 7.9999999999999982 5.9999999999999982 7.9999999999999991 5.9999999999999991 7.0000000000000027 9.0000000000000053 7 5.9999999999999991 7 7.9999999999999991
leaf_count=8 8 7 8 6 8 6 7 9 7 6 7 8
internal_value=-0.000772251 -0.00255714 -0.000927673 0.00481707 -0.00292017 0 -0.00256494 -0.00487705 -0.00175926 -0.00101064 -0.0112097 0.00135714
internal_weight=95 87 79 20 59 44 38 30 13 23 15 17
internal_count=95 87 79 20 59 44 38 30 13 23 15 17
is_linear=0
shrinkage=0.025


Tree=113
num_leaves=11
num_cat=0
split_feature=0 1 3 2 1 1 0 1 4 2
split_gain=5.27874 3.10289 1.79915 2.57275 2.09184 1.11798 0.638481 0.554756 0.469771 0.402668
threshold=17.000000000000004 5.0000000000000009 4.3500000000000005 3.3500000000000001 14.000000000000002 18.000000000000004 5.0000000000000009 22.000000000000004 93.000000000000014 3.6500000000000008
decision_type=2 2 2 2 2 2 2 2 2 2
left_child=1 -1 3 -3 9 8 -5 -7 -6 -4
right_child=-2 2 4 6 5 7 -8 -9 -10 -11
leaf_value=-0.0045125851634495954 0.0079752651857798781 7.6187860095611182e-05 -8.5452513178280179e-05 -0.00080952165114011048 0.0035576883624716116 -8.6981149881715247e-05 1.2884247158950758e-06 1.0339926452518357e-05 3.2837895408294186e-05 -0.00095975790782840695
leaf_weight=7.9999999999999991 7.9999999999999991 7.0000000000000027 8.0000000000000018 5.9999999999999982 9.0000000000000018 12.000000000000002 7 9.9999999999999982 9.9999999999999982 9.9999999999999982
leaf_count=8 8 7 8 6 9 12 7 10 10 10
internal_value=-0.00129581 -0.00312857 -0.0015566 0.00481707 -0.0037605 -0.000572289 -0.00175926 -0.00438889 0.00378205 -0.0107432
internal_weight=95 87 79 20 59 41 13 22 19 18
internal_count=95 87 79 20 59 41 13 22 19 18
is_linear=0
shrinkage=0.025


Tree=114
num_leaves=11
num_cat=0
split_feature=0 1 3 2 1 1 0 1 4 2
split_gain=5.27874 3.10289 1.79915 2.57275 2.09184 1.11798 0.638481 0.554756 0.469771 0.402668
threshold=17.000000000000004 5.0000000000000009 4.3500000000000005 3.3500000000000001 14.000000000000002 18.000000000000004 5.0000000000000009 22.000000000000004 93.000000000000014 3.6500000000000008
decision_type=2 2 2 2 2 2 2 2 2 2
left_child=1 -1 3 -3 9 8 -5 -7 -6 -4
right_child=-2 2 4 6 5 7 -8 -9 -10 -11
leaf_value=-0.0043997705343633512 0.0077758835561353773 7.4283163593225074e-05 -8.3316200348820812e-05 -0.00078928360986161303 0.0034687461534098187 -8.4806621134669863e-05 1.2562140979999194e-06 1.0081428291197626e-05 3.2016948023089189e-05 -0.00093576396013269616
leaf_weight=7.9999999999999991 7.9999999999999991 7.0000000000000027 8.0000000000000018 5.9999999999999982 9.0000000000000018 12.000000000000002 7 9.9999999999999982 9.9999999999999982 9.9999999999999982
leaf_count=8 8 7 8 6 9 12 7 10 10 10
internal_value=-0.00129581 -0.00312857 -0.0015566 0.00481707 -0.0037605 -0.000572289 -0.00175926 -0.00438889 0.00378205 -0.0107432
internal_weight=95 87 79 20 59 41 13 22 19 18
internal_count=95 87 79 20 59 41 13 22 19 18
is_linear=0
shrinkage=0.025


Tree=115
num_leaves=13
num_cat=0
split_feature=0 1 3 2 3 2 2 2 0 3 2 0
split_gain=4.98933 3.35901 1.46344 2.57275 2.30448 2.80564 1.20283 2.14467 0.638481 0.598167 0.598063 0.0434286
threshold=17.000000000000004 5.0000000000000009 4.3500000000000005 3.3500000000000001 4.6500000000000012 3.7500000000000004 2.5500000000000003 3.4500000000000006 5.0000000000000009 5.2500000000000009 3.6500000000000008 9.0000000000000018
decision_type=2 2 2 2 2 2 2 2 2 2 2 2
left_child=1 -1 3 -3 10 6 -6 -8 -5 11 -4 -9
right_child=-2 2 4 8 5 -7 7 9 -10 -11 -12 -13
leaf_value=-0.0042897762710042697 0.0075814864672319911 7.2426084503396387e-05 -0.00022485647367684881 -0.00076955151961507486 0.0019935199335902377 0.0025314091557186004 -0.00058867322891917881 2.6031204024679067e-05 1.2248087455479784e-06 -5.9377621196810006e-05 -0.00070827213312680832 2.482707072937185e-06
leaf_weight=7.9999999999999991 7.9999999999999991 7.0000000000000027 7.9999999999999982 5.9999999999999982 7.9999999999999991 5.9999999999999991 7.0000000000000027 9.0000000000000053 7 5.9999999999999991 7 7.9999999999999991
leaf_count=8 8 7 8 6 8 6 7 9 7 6 7 8
internal_value=-0.000772251 -0.00255714 -0.000927673 0.00481707 -0.00292017 0 -0.00256494 -0.00487705 -0.00175926 -0.00101064 -0.0112097 0.00135714
internal_weight=95 87 79 20 59 44 38 30 13 23 15 17
internal_count=95 87 79 20 59 44 38 30 13 23 15 17
is_linear=0
shrinkage=0.025


Tree=116
num_leaves=11
num_cat=0
split_feature=0 1 3 2 1 1 0 1 4 2
split_gain=5.27874 3.10289 1.79915 2.57275 2.09184 1.11798 0.638481 0.554756 0.469771 0.402668
threshold=17.000000000000004 5.0000000000000009 4.3500000000000005 3.3500000000000001 14.000000000000002 18.000000000000004 5.0000000000000009 22.000000000000004 93.000000000000014 3.6500000000000008
decision_type=2 2 2 2 2 2 2 2 2 2
left_child=1 -1 3 -3 9 8 -5 -7 -6 -4
right_child=-2 2 4 6 5 7 -8 -9 -10 -11
leaf_value=-0.0041825318642291611 0.0073919493055511938 7.061543239080815e-05 -7.8747979469456777e-05 -0.00075031273162470271 0.0033321895012348168 -7.4585819979855478e-05 1.1941885269095565e-06 9.7673249070950874e-06 3.0860100433793836e-05 -0.00089466305780121495
leaf_weight=7.9999999999999991 7.9999999999999991 7.0000000000000027 8.0000000000000018 5.9999999999999982 9.0000000000000018 12.000000000000002 7 9.9999999999999982 9.9999999999999982 9.9999999999999982
leaf_count=8 8 7 8 6 9 12 7 10 10 10
internal_value=-0.00129581 -0.00312857 -0.0015566 0.00481707 -0.0037605 -0.000572289 -0.00175926 -0.00438889 0.00378205 -0.0107432
internal_weight=95 87 79 20 59 41 13 22 19 18
internal_count=95 87 79 20 59 41 13 22 19 18
is_linear=0
shrinkage=0.025


Tree=117
num_leaves=11
num_cat=0
split_feature=0 1 3 2 1 1 0 1 4 2
split_gain=5.27874 3.10289 1.79915 2.57275 2.09184 1.11798 0.638481 0.554756 0.469771 0.402668
threshold=17.000000000000004 5.0000000000000009 4.3500000000000005 3.3500000000000001 14.000000000000002 18.000000000000004 5.0000000000000009 22.000000000000004 93.000000000000014 3.6500000000000008
decision_type=2 2 2 2 2 2 2 2 2 2
left_child=1 -1 3 -3 9 8 -5 -7 -6 -4
right_child=-2 2 4 6 5 7 -8 -9 -10 -11
leaf_value=-0.0040779685676234304 0.0072071505729124248 6.8850046581037103e-05 -7.6779279982724943e-05 -0.00073155491333408711 0.0032488847637039521 -7.2721174480361309e-05 1.1643338137412586e-06 9.5231417844177112e-06 3.008859792295038e-05 -0.00087229648135618294
leaf_weight=7.9999999999999991 7.9999999999999991 7.0000000000000027 8.0000000000000018 5.9999999999999982 9.0000000000000018 12.000000000000002 7 9.9999999999999982 9.9999999999999982 9.9999999999999982
leaf_count=8 8 7 8 6 9 12 7 10 10 10
internal_value=-0.00129581 -0.00312857 -0.0015566 0.00481707 -0.0037605 -0.000572289 -0.00175926 -0.00438889 0.00378205 -0.0107432
internal_weight=95 87 79 20 59 41 13 22 19 18
internal_count=95 87 79 20 59 41 13 22 19 18
is_linear=0
shrinkage=0.025


Tree=118
num_leaves=11
num_cat=0
split_feature=0 1 3 2 1 1 0 1 4 2
split_gain=5.27874 3.10289 1.79915 2.57275 2.09184 1.11798 0.638481 0.554756 0.469771 0.402668
threshold=17.000000000000004 5.0000000000000009 4.3500000000000005 3.3500000000000001 14.000000000000002 18.000000000000004 5.0000000000000009 22.000000000000004 93.000000000000014 3.6500000000000008
decision_type=2 2 2 2 2 2 2 2 2 2
left_child=1 -1 3 -3 9 8 -5 -7 -6 -4
right_child=-2 2 4 6 5 7 -8 -9 -10 -11
leaf_value=-0.0039760193534328419 0.007026971808589611 6.7128795416515624e-05 -7.4859797983156681e-05 -0.00071326604050073747 0.0031676626446113577 -7.0903145118350613e-05 1.1352254683960616e-06 9.2850632398056024e-06 2.9336382974876064e-05 -0.00085048906932227997
leaf_weight=7.9999999999999991 7.9999999999999991 7.0000000000000027 8.0000000000000018 5.9999999999999982 9.0000000000000018 12.000000000000002 7 9.9999999999999982 9.9999999999999982 9.9999999999999982
leaf_count=8 8 7 8 6 9 12 7 10 10 10
internal_value=-0.00129581 -0.00312857 -0.0015566 0.00481707 -0.0037605 -0.000572289 -0.00175926 -0.00438889 0.00378205 -0.0107432
internal_weight=95 87 79 20 59 41 13 22 19 18
internal_count=95 87 79 20 59 41 13 22 19 18
is_linear=0
shrinkage=0.025


Tree=119
num_leaves=13
num_cat=0
split_feature=0 1 3 2 3 2 2 2 0 3 2 0
split_gain=4.98933 3.35901 1.46344 2.57275 2.30448 2.80564 1.20283 2.14467 0.638481 0.598167 0.598063 0.0434286
threshold=17.000000000000004 5.0000000000000009 4.3500000000000005 3.3500000000000001 4.6500000000000012 3.7500000000000004 2.5500000000000003 3.4500000000000006 5.0000000000000009 5.2500000000000009 3.6500000000000008 9.0000000000000018
decision_type=2 2 2 2 2 2 2 2 2 2 2 2
left_child=1 -1 3 -3 10 6 -6 -8 -5 11 -4 -9
right_child=-2 2 4 8 5 -7 7 9 -10 -11 -12 -13
leaf_value=-0.0038766188695970208 0.0068512975133748662 6.5450575531100783e-05 -0.00021671241774113282 -0.00069543438948821423 0.0019460523678710706 0.00234513615193962 -0.00056819672176031675 3.1140100359938753e-05 1.1068448316886581e-06 -5.2437927177417802e-05 -0.00062512911458665341 4.7910720167076985e-06
leaf_weight=7.9999999999999991 7.9999999999999991 7.0000000000000027 7.9999999999999982 5.9999999999999982 7.9999999999999991 5.9999999999999991 7.0000000000000027 9.0000000000000053 7 5.9999999999999991 7 7.9999999999999991
leaf_count=8 8 7 8 6 8 6 7 9 7 6 7 8
internal_value=-0.000772251 -0.00255714 -0.000927673 0.00481707 -0.00292017 0 -0.00256494 -0.00487705 -0.00175926 -0.00101064 -0.0112097 0.00135714
internal_weight=95 87 79 20 59 44 38 30 13 23 15 17
internal_count=95 87 79 20 59 44 38 30 13 23 15 17
is_linear=0
shrinkage=0.025


Tree=120
num_leaves=11
num_cat=0
split_feature=0 1 3 1 0 1 1 4 2 2
split_gain=5.57581 2.85598 0.92417 2.09184 1.47555 1.11798 0.554756 0.469771 0.402668 0.204632
threshold=17.000000000000004 5.0000000000000009 4.3500000000000005 14.000000000000002 5.0000000000000009 18.000000000000004 22.000000000000004 93.000000000000014 3.6500000000000008 3.3500000000000001
decision_type=2 2 2 2 2 2 2 2 2 2
left_child=1 -1 4 8 -3 7 -7 -5 -4 -6
right_child=-2 2 3 5 9 6 -8 -9 -10 -11
leaf_value=-0.0037797033978570985 0.0066800150755404915 -0.00067804852975100749 -7.0668649066313319e-05 0.0030398197692992901 6.3814311142817995e-05 -6.1372633378670158e-05 8.9331598583930472e-06 2.8153833745792058e-05 -0.00081359861472456445 1.0791737108939436e-06
leaf_weight=7.9999999999999991 7.9999999999999991 6.0000000000000027 8.0000000000000018 9.0000000000000018 6.9999999999999982 12.000000000000002 9.9999999999999982 9.9999999999999982 9.9999999999999982 7
leaf_count=8 8 6 8 9 7 12 10 10 10 7
internal_value=-0.00181937 -0.0037 -0.00218553 -0.0037605 0.00237805 -0.000572289 -0.00438889 0.00378205 -0.0107432 0.00681034
internal_weight=95 87 79 59 20 41 22 19 18 14
internal_count=95 87 79 59 20 41 22 19 18 14
is_linear=0
shrinkage=0.025


Tree=121
num_leaves=13
num_cat=0
split_feature=0 1 3 0 3 1 3 0 1 2 2 1
split_gain=5.27874 3.10289 0.689087 1.47555 1.19276 0.931121 0.775767 1.28297 3.67397 0.515704 0.204632 0.204632
threshold=17.000000000000004 5.0000000000000009 4.3500000000000005 5.0000000000000009 4.4500000000000011 14.000000000000002 4.9500000000000011 9.0000000000000018 22.000000000000004 3.5500000000000003 3.3500000000000001 10.000000000000002
decision_type=2 2 2 2 2 2 2 2 2 2 2 2
left_child=1 -1 3 -3 -4 11 9 -8 -9 -7 -5 -6
right_child=-2 2 4 10 5 6 7 8 -10 -11 -12 -13
leaf_value=-0.0036852108129106723 0.0065130146986519871 -0.00066109731650723094 -0.00070472118262515648 6.2218953364245885e-05 -0.00012884402620558789 0.00084548950144431873 0.0011024316827188353 -0.00013928974368202507 0.0021257051468921207 5.3267886353070011e-06 1.0521943681229828e-06 -0.00058916092135388178
leaf_weight=7.9999999999999991 7.9999999999999991 6.0000000000000027 7.9999999999999991 6.9999999999999982 6.9999999999999982 6.9999999999999982 10.000000000000002 7.9999999999999982 6 6 7 7
leaf_count=8 8 6 8 7 7 7 10 8 6 6 7 7
internal_value=-0.00129581 -0.00312857 -0.0015566 0.00237805 -0.00292017 -0.00143204 0.000633333 -0.0019898 -0.00681034 0.00546296 0.00681034 -0.00681034
internal_weight=95 87 79 20 59 51 37 24 14 13 14 14
internal_count=95 87 79 20 59 51 37 24 14 13 14 14
is_linear=0
shrinkage=0.025


Tree=122
num_leaves=13
num_cat=0
split_feature=1 1 3 3 0 2 2 2 3 0 0 2
split_gain=3.91874 2.49685 0.802757 0.731267 1.47555 0.628594 1.70614 2.85986 2.47864 0.2808 0.206143 0.204632
threshold=5.0000000000000009 34.000000000000007 5.3500000000000005 4.3500000000000005 5.0000000000000009 3.6500000000000008 3.2500000000000004 2.5500000000000003 4.9500000000000011 11.000000000000002 7.0000000000000009 3.3500000000000001
decision_type=2 2 2 2 2 2 2 2 2 2 2 2
left_child=-1 2 3 4 -2 6 7 -5 -8 -10 -7 -6
right_child=1 -3 -4 5 11 10 8 -9 9 -11 -12 -13
leaf_value=-0.0035930805425879067 -0.00064456988359454801 0.0098831218015255975 0.0016700320940060576 0.00082435226390821243 6.0663479530143063e-05 -0.00077708512305672004 2.1262386780485089e-05 -0.0032357392844562238 0.00021233048133524336 -4.6110419571454569e-05 -1.0875148941624781e-05 1.0258895089210186e-06
leaf_weight=7.9999999999999991 6.0000000000000027 5.9999999999999991 5.9999999999999991 9.0000000000000018 6.9999999999999982 10.000000000000002 9.0000000000000018 7.9999999999999991 5.9999999999999982 6 6.9999999999999991 7
leaf_count=8 6 6 6 9 7 10 9 8 6 6 7 7
internal_value=-0.00129581 0.000271429 -0.000904908 -0.00163907 0.00237805 -0.00313063 -0.00126623 -0.00707143 0.00343023 -0.0039 -0.00707143 0.00681034
internal_weight=95 87 81 75 20 55 38 17 21 12 17 14
internal_count=95 87 81 75 20 55 38 17 21 12 17 14
is_linear=0
shrinkage=0.025


Tree=123
num_leaves=12
num_cat=0
split_feature=1 2 2 2 4 4 2 3 0 3 3
split_gain=4.17333 2.52819 1.46361 3.6513 1.29058 1.13079 0.759554 0.53768 1.0567 0.430905 0.309727
threshold=5.0000000000000009 3.9500000000000006 2.9500000000000006 3.2500000000000004 74.500000000000014 132.50000000000003 3.6500000000000008 5.2500000000000009 7.0000000000000009 4.9500000000000011 4.7500000000000009
decision_type=2 2 2 2 2 2 2 2 2 2 2
left_child=-1 2 10 -4 6 7 -5 8 -6 -10 -2
right_child=1 -3 3 4 5 -7 -8 -9 9 -11 -12
leaf_value=-0.0035032535290232037 0.00091024161528969756 0.0037132296779762266 -0.00046811050472310716 0.00031397603057753968 -0.00097256624091381918 0.00035075836340900949 0.0013608477557140231 -8.1775448159926442e-05 3.7465430076044638e-06 -7.1861953137708498e-05 5.1109542856320193e-05
leaf_weight=7.9999999999999991 6.9999999999999991 8.9999999999999982 10.999999999999998 7.9999999999999982 7.0000000000000062 5.9999999999999991 6 6.9999999999999991 10.000000000000002 6.9999999999999991 8.9999999999999982
leaf_count=8 7 9 11 8 7 6 6 7 10 7 9
internal_value=-0.000772251 0.000842857 -0.000621019 -0.00238 0.000461165 -0.00196667 0.00681034 -0.00392857 -0.0019898 0.00135714 0.00598485
internal_weight=95 87 78 62 51 37 14 31 24 17 16
internal_count=95 87 78 62 51 37 14 31 24 17 16
is_linear=0
shrinkage=0.025


Tree=124
num_leaves=13
num_cat=0
split_feature=1 1 0 1 3 3 2 3 3 4 3 3
split_gain=4.17333 2.312 2.0317 1.45923 1.29255 1.59299 1.24185 0.705718 0.558462 0.705718 0.322759 0.216898
threshold=5.0000000000000009 34.000000000000007 13.000000000000002 14.000000000000002 4.7500000000000009 5.0500000000000007 3.5500000000000003 5.2500000000000009 4.2500000000000009 93.000000000000014 4.9500000000000011 4.2500000000000009
decision_type=2 2 2 2 2 2 2 2 2 2 2 2
left_child=-1 2 3 6 -5 10 11 -4 -8 -10 -6 -2
right_child=1 -3 7 4 5 -7 8 -9 9 -11 -12 -13
leaf_value=-0.0034156721907976197 5.282180996126207e-05 0.0095852439059701429 -0.00018573748221299981 6.4335185278818768e-06 4.9701148712610889e-06 0.0026450577537740997 0.00018381415911641885 -3.6866351299646995e-05 -0.00073202658719934144 -0.00012624814879514946 -0.00024452993101832797 -2.2973856892155588e-05
leaf_weight=7.9999999999999991 7.9999999999999991 5.9999999999999991 6.9999999999999982 8.9999999999999982 8.0000000000000018 9.9999999999999982 6.0000000000000027 6 5.9999999999999982 7 5.9999999999999991 7.9999999999999991
leaf_count=8 8 6 7 9 8 10 6 6 6 7 6 8
internal_value=-0.000772251 0.000842857 -0.000291411 0.00144161 0.00518657 0.0019898 -0.00207746 -0.00916667 -0.00634615 -0.00916667 -0.00336207 0.00295455
internal_weight=95 87 81 68 33 24 35 13 19 13 14 16
internal_count=95 87 81 68 33 24 35 13 19 13 14 16
is_linear=0
shrinkage=0.025


Tree=125
num_leaves=13
num_cat=0
split_feature=1 1 0 1 3 2 3 1 3 3 4 3
split_gain=3.91874 2.49685 1.76373 0.921048 1.84779 1.24185 0.790541 1.03327 0.705718 0.558462 0.705718 0.216898
threshold=5.0000000000000009 34.000000000000007 13.000000000000002 14.000000000000002 4.7500000000000009 3.5500000000000003 5.2500000000000009 18.000000000000004 5.2500000000000009 4.2500000000000009 93.000000000000014 4.2500000000000009
decision_type=2 2 2 2 2 2 2 2 2 2 2 2
left_child=-1 2 3 5 -5 11 7 -6 -4 -7 -11 -2
right_child=1 -3 8 4 6 9 -8 -9 -10 10 -12 -13
leaf_value=-0.0033302803860276787 5.1501264712233707e-05 0.0093456128083208804 -0.00018109404515767038 6.2726805646895478e-06 9.381366740135455e-05 0.00017921880513850909 0.0025789313099297442 -1.6294639559433222e-05 -3.5944692517153601e-05 -0.00071372592251935931 -0.000123091945075271 -2.2399510469856002e-05
leaf_weight=7.9999999999999991 7.9999999999999991 5.9999999999999991 6.9999999999999982 8.9999999999999982 11.000000000000005 6.0000000000000027 5.9999999999999991 6.9999999999999991 6 5.9999999999999982 7 7.9999999999999991
leaf_count=8 8 6 7 9 11 6 6 7 6 6 7 8
internal_value=-0.00129581 0.000271429 -0.000904908 0.000711679 0.00369403 -0.00207746 0 -0.00263514 -0.00916667 -0.00634615 -0.00916667 0.00295455
internal_weight=95 87 81 68 33 35 24 18 13 19 13 16
internal_count=95 87 81 68 33 35 24 18 13 19 13 16
is_linear=0
shrinkage=0.025


Tree=126
num_leaves=13
num_cat=0
split_feature=1 1 0 1 3 2 3 1 3 3 4 3
split_gain=3.91874 2.49685 1.76373 0.921048 1.84779 1.24185 0.790541 1.03327 0.705718 0.558462 0.705718 0.216898
threshold=5.0000000000000009 34.000000000000007 13.000000000000002 14.000000000000002 4.7500000000000009 3.5500000000000003 5.2500000000000009 18.000000000000004 5.2500000000000009 4.2500000000000009 93.000000000000014 4.2500000000000009
decision_type=2 2 2 2 2 2 2 2 2 2 2 2
left_child=-1 2 3 5 -5 11 7 -6 -4 -7 -11 -2
right_child=1 -3 8 4 6 9 -8 -9 -10 10 -12 -13
leaf_value=-0.0032470233763769842 5.0213733094423012e-05 0.0091119724881128517 -0.00017656669402872361 6.1158635505709217e-06 9.1468325716315138e-05 0.000174738335010044 0.0025144580271815042 -1.5887273570447392e-05 -3.5046075204214766e-05 -0.00069588277445638009 -0.00012001464644838533 -2.1839522708105853e-05
leaf_weight=7.9999999999999991 7.9999999999999991 5.9999999999999991 6.9999999999999982 8.9999999999999982 11.000000000000005 6.0000000000000027 5.9999999999999991 6.9999999999999991 6 5.9999999999999982 7 7.9999999999999991
leaf_count=8 8 6 7 9 11 6 6 7 6 6 7 8
internal_value=-0.00129581 0.000271429 -0.000904908 0.000711679 0.00369403 -0.00207746 0 -0.00263514 -0.00916667 -0.00634615 -0.00916667 0.00295455
internal_weight=95 87 81 68 33 35 24 18 13 19 13 16
internal_count=95 87 81 68 33 35 24 18 13 19 13 16
is_linear=0
shrinkage=0.025


Tree=127
num_leaves=13
num_cat=0
split_feature=1 1 0 1 3 2 3 1 3 3 4 3
split_gain=3.91874 2.49685 1.76373 0.921048 1.84779 1.24185 0.790541 1.03327 0.705718 0.558462 0.705718 0.216898
threshold=5.0000000000000009 34.000000000000007 13.000000000000002 14.000000000000002 4.7500000000000009 3.5500000000000003 5.2500000000000009 18.000000000000004 5.2500000000000009 4.2500000000000009 93.000000000000014 4.2500000000000009
decision_type=2 2 2 2 2 2 2 2 2 2 2 2
left_child=-1 2 3 5 -5 11 7 -6 -4 -7 -11 -2
right_child=1 -3 8 4 6 9 -8 -9 -10 10 -12 -13
leaf_value=-0.0031658477919675634 4.8958389767067567e-05 0.0088841731759100265 -0.00017215252667801551 5.9629669618033178e-06 8.9181617573408373e-05 0.00017036987663479608 0.0024515965765019689 -1.5490091731185096e-05 -3.4169923324101073e-05 -0.00067848570509496673 -0.00011701428028717543 -2.1293534640404178e-05
leaf_weight=7.9999999999999991 7.9999999999999991 5.9999999999999991 6.9999999999999982 8.9999999999999982 11.000000000000005 6.0000000000000027 5.9999999999999991 6.9999999999999991 6 5.9999999999999982 7 7.9999999999999991
leaf_count=8 8 6 7 9 11 6 6 7 6 6 7 8
internal_value=-0.00129581 0.000271429 -0.000904908 0.000711679 0.00369403 -0.00207746 0 -0.00263514 -0.00916667 -0.00634615 -0.00916667 0.00295455
internal_weight=95 87 81 68 33 35 24 18 13 19 13 16
internal_count=95 87 81 68 33 35 24 18 13 19 13 16
is_linear=0
shrinkage=0.025


Tree=128
num_leaves=13
num_cat=0
split_feature=1 1 0 1 3 2 3 1 3 3 4 3
split_gain=3.91874 2.49685 1.76373 0.921048 1.84779 1.24185 0.790541 1.03327 0.705718 0.558462 0.705718 0.216898
threshold=5.0000000000000009 34.000000000000007 13.000000000000002 14.000000000000002 4.7500000000000009 3.5500000000000003 5.2500000000000009 18.000000000000004 5.2500000000000009 4.2500000000000009 93.000000000000014 4.2500000000000009
decision_type=2 2 2 2 2 2 2 2 2 2 2 2
left_child=-1 2 3 5 -5 11 7 -6 -4 -7 -11 -2
right_child=1 -3 8 4 6 9 -8 -9 -10 10 -12 -13
leaf_value=-0.0030867015971683788 4.7734430022888799e-05 0.0086620688465122719 -0.00016784871351105402 5.8138927877537938e-06 8.6952077134072611e-05 0.00016611062971892411 0.0023903066620894198 -1.5102839437908245e-05 -3.331567524100798e-05 -0.00066152356246759194 -0.00011408892327999798 -2.0761196274393656e-05
leaf_weight=7.9999999999999991 7.9999999999999991 5.9999999999999991 6.9999999999999982 8.9999999999999982 11.000000000000005 6.0000000000000027 5.9999999999999991 6.9999999999999991 6 5.9999999999999982 7 7.9999999999999991
leaf_count=8 8 6 7 9 11 6 6 7 6 6 7 8
internal_value=-0.00129581 0.000271429 -0.000904908 0.000711679 0.00369403 -0.00207746 0 -0.00263514 -0.00916667 -0.00634615 -0.00916667 0.00295455
internal_weight=95 87 81 68 33 35 24 18 13 19 13 16
internal_count=95 87 81 68 33 35 24 18 13 19 13 16
is_linear=0
shrinkage=0.025


Tree=129
num_leaves=13
num_cat=0
split_feature=1 1 0 1 3 2 3 1 3 3 4 3
split_gain=3.91874 2.49685 1.76373 0.921048 1.84779 1.24185 0.790541 1.03327 0.705718 0.558462 0.705718 0.216898
threshold=5.0000000000000009 34.000000000000007 13.000000000000002 14.000000000000002 4.7500000000000009 3.5500000000000003 5.2500000000000009 18.000000000000004 5.2500000000000009 4.2500000000000009 93.000000000000014 4.2500000000000009
decision_type=2 2 2 2 2 2 2 2 2 2 2 2
left_child=-1 2 3 5 -5 11 7 -6 -4 -7 -11 -2
right_child=1 -3 8 4 6 9 -8 -9 -10 10 -12 -13
leaf_value=-0.003009534057239166 4.6541069272315606e-05 0.0084455171253494561 -0.00016365249567327212 5.6685454680627247e-06 8.4778275205721351e-05 0.00016195786397595337 0.0023305489955371796 -1.472526845196498e-05 -3.2482783359988332e-05 -0.00064498547340590133 -0.00011123670019800303 -2.0242166367528959e-05
leaf_weight=7.9999999999999991 7.9999999999999991 5.9999999999999991 6.9999999999999982 8.9999999999999982 11.000000000000005 6.0000000000000027 5.9999999999999991 6.9999999999999991 6 5.9999999999999982 7 7.9999999999999991
leaf_count=8 8 6 7 9 11 6 6 7 6 6 7 8
internal_value=-0.00129581 0.000271429 -0.000904908 0.000711679 0.00369403 -0.00207746 0 -0.00263514 -0.00916667 -0.00634615 -0.00916667 0.00295455
internal_weight=95 87 81 68 33 35 24 18 13 19 13 16
internal_count=95 87 81 68 33 35 24 18 13 19 13 16
is_linear=0
shrinkage=0.025


Tree=130
num_leaves=11
num_cat=0
split_feature=1 2 4 3 2 2 3 3 4 3
split_gain=3.91874 2.76765 1.71583 2.18456 1.72661 1.83083 1.35187 2.17343 0.594159 0.0783566
threshold=5.0000000000000009 3.9500000000000006 74.500000000000014 4.2500000000000009 3.4500000000000006 2.5500000000000003 5.2500000000000009 4.2500000000000009 132.50000000000003 4.9500000000000011
decision_type=2 2 2 2 2 2 2 2 2 2
left_child=-1 2 3 -2 5 -5 7 -4 9 -9
right_child=1 -3 6 4 -6 -7 -8 8 -10 -11
leaf_value=-0.0029342957058081823 6.1808500342119829e-05 0.0035431176431066969 -0.00067351045077017617 0.00080427896868608963 3.0206198982596356e-05 -0.00045316999742121003 -6.0102129333849953e-05 1.1225152741128896e-05 0.0004622204496834315 -7.5107005109564814e-05
leaf_weight=7.9999999999999991 8.9999999999999982 8.9999999999999982 5.9999999999999991 9.0000000000000053 8.9999999999999982 8.9999999999999982 8.9999999999999982 14.000000000000005 5.9999999999999991 6.9999999999999991
leaf_count=8 9 9 6 9 9 9 9 14 6 7
internal_value=-0.00129581 0.000271429 -0.00125796 0.00270548 -0.000863636 -0.00533784 -0.00467647 -0.00220149 0.000863636 -0.00110465
internal_weight=95 87 78 36 27 18 42 33 27 21
internal_count=95 87 78 36 27 18 42 33 27 21
is_linear=0
shrinkage=0.025


Tree=131
num_leaves=12
num_cat=0
split_feature=1 1 4 3 2 2 3 3 0 2 3
split_gain=3.66953 2.69071 1.94605 2.20454 1.56952 1.83083 1.26703 0.63396 0.638481 0.153185 0.0458216
threshold=5.0000000000000009 34.000000000000007 74.500000000000014 4.2500000000000009 3.4500000000000006 2.5500000000000003 4.4500000000000011 4.9500000000000011 9.0000000000000018 3.5500000000000003 5.0500000000000007
decision_type=2 2 2 2 2 2 2 2 2 2 2
left_child=-1 2 3 -2 5 -5 9 8 -8 -4 -9
right_child=1 -3 6 4 -6 -7 7 10 -10 -11 -12
leaf_value=-0.0028609383131629807 6.0263287833561831e-05 0.0081843124710558445 -0.00025801915189933026 0.00078417199446894075 2.9451044008033112e-05 -0.00044184074748567783 -0.00010873641151157854 -0.0002411476807436308 2.7232317473036005e-05 -0.00047880015109031396 -3.0168160542642931e-05
leaf_weight=7.9999999999999991 8.9999999999999982 5.9999999999999991 5.9999999999999982 9.0000000000000053 10.999999999999998 8.9999999999999982 7.0000000000000018 6.0000000000000027 6 6 11.999999999999998
leaf_count=8 9 6 6 9 11 9 7 6 6 6 12
internal_value=-0.00181937 -0.000271429 -0.0015184 0.00256494 -0.000805085 -0.00533784 -0.00514368 -0.00234127 0.00175926 -0.0119 -0.00533784
internal_weight=95 87 81 38 29 18 43 31 13 12 18
internal_count=95 87 81 38 29 18 43 31 13 12 18
is_linear=0
shrinkage=0.025


Tree=132
num_leaves=13
num_cat=0
split_feature=1 1 4 3 3 2 1 0 3 0 2 2
split_gain=4.17333 2.312 2.01887 1.69026 2.20976 0.741506 1.16409 1.56542 1.41825 0.2808 0.239862 0.0607037
threshold=5.0000000000000009 34.000000000000007 74.500000000000014 4.2500000000000009 5.0500000000000007 3.7500000000000004 22.000000000000004 7.0000000000000009 4.9500000000000011 9.0000000000000018 2.9500000000000006 3.5500000000000003
decision_type=2 2 2 2 2 2 2 2 2 2 2 2
left_child=-1 2 3 -2 10 6 7 -4 -9 -10 -5 -12
right_child=1 -3 5 4 -6 -7 -8 8 9 -11 11 -13
leaf_value=-0.0027894148553339105 5.8756705637719179e-05 0.0079797046592794407 -0.00064746244821355385 0.00037197788223572448 0.0028652373136661136 0.00075737370509070261 -9.845120601670311e-06 2.14889767274018e-05 0.00021168353447633683 -0.00011460398566274233 -0.00043079472879853364 -0.00028256830887764538
leaf_weight=7.9999999999999991 8.9999999999999982 5.9999999999999991 8.0000000000000018 8.0000000000000053 7.9999999999999991 6.9999999999999991 8.9999999999999982 7.0000000000000027 5.9999999999999982 6 6.9999999999999982 6
leaf_count=8 9 6 8 8 8 7 9 7 6 6 7 6
internal_value=-0.000772251 0.000842857 -0.000291411 0.00386364 0.000805085 -0.00399425 -0.00544521 -0.00268182 0.00121795 -0.0039 -0.00343023 -0.00546296
internal_weight=95 87 81 38 29 43 36 27 19 12 21 13
internal_count=95 87 81 38 29 43 36 27 19 12 21 13
is_linear=0
shrinkage=0.025


Tree=133
num_leaves=12
num_cat=0
split_feature=1 1 4 3 2 2 2 1 0 3 0
split_gain=3.91874 2.49685 1.40888 2.20454 1.56952 1.83083 0.741506 1.16409 1.56542 1.41825 0.2808
threshold=5.0000000000000009 34.000000000000007 74.500000000000014 4.2500000000000009 3.4500000000000006 2.5500000000000003 3.7500000000000004 22.000000000000004 7.0000000000000009 4.9500000000000011 9.0000000000000018
decision_type=2 2 2 2 2 2 2 2 2 2 2
left_child=-1 2 3 -2 5 -5 7 8 -4 -10 -11
right_child=1 -3 6 4 -6 -7 -8 -9 9 10 -12
leaf_value=-0.0027196794839505602 5.7287787996773703e-05 0.0077802120427974634 -0.00063127588700822028 0.00075526824755133286 3.9484636127795625e-05 -0.00042002486057857169 0.00073843936246343895 -9.5989925866346588e-06 2.0951752309206206e-05 0.00020639144611442895 -0.00011173888602118432
leaf_weight=7.9999999999999991 8.9999999999999982 5.9999999999999991 8.0000000000000018 9.0000000000000053 10.999999999999998 8.9999999999999982 6.9999999999999991 8.9999999999999982 7.0000000000000027 5.9999999999999982 6
leaf_count=8 9 6 8 9 11 9 7 9 7 6 6
internal_value=-0.00129581 0.000271429 -0.000904908 0.00256494 -0.000805085 -0.00533784 -0.00399425 -0.00544521 -0.00268182 0.00121795 -0.0039
internal_weight=95 87 81 38 29 18 43 36 27 19 12
internal_count=95 87 81 38 29 18 43 36 27 19 12
is_linear=0
shrinkage=0.025


Tree=134
num_leaves=13
num_cat=0
split_feature=1 1 4 2 0 2 2 2 1 0 3 0
split_gain=3.66953 2.69071 0.908524 1.13247 2.34166 3.96073 1.32435 0.741506 1.16409 1.56542 1.41825 0.2808
threshold=5.0000000000000009 34.000000000000007 74.500000000000014 3.4500000000000006 7.0000000000000009 2.5500000000000003 3.6500000000000008 3.7500000000000004 22.000000000000004 7.0000000000000009 4.9500000000000011 9.0000000000000018
decision_type=2 2 2 2 2 2 2 2 2 2 2 2
left_child=-1 2 3 4 -2 -6 -5 8 9 -4 -11 -12
right_child=1 -3 7 6 5 -7 -8 -9 -10 10 11 -13
leaf_value=-0.0026516874968518012 5.5855593296849637e-05 0.0075857067417275164 -0.00061549398983301584 0.00045748683640545185 0.00073638654136255483 -0.001733641359889404 0.001362044621739983 0.00071997837840185328 -9.3590177719704574e-06 2.0427958501478829e-05 0.0002012316599615649 -0.0001089454138706536
leaf_weight=7.9999999999999991 9.0000000000000018 5.9999999999999991 8.0000000000000018 5.9999999999999991 8.9999999999999982 5.9999999999999991 7.9999999999999991 6.9999999999999991 8.9999999999999982 7.0000000000000027 5.9999999999999982 6
leaf_count=8 9 6 8 6 9 6 8 7 9 7 6 6
internal_value=-0.00181937 -0.000271429 -0.0015184 0.00126623 -0.0019898 -0.00798387 0.00681034 -0.00399425 -0.00544521 -0.00268182 0.00121795 -0.0039
internal_weight=95 87 81 38 24 15 14 43 36 27 19 12
internal_count=95 87 81 38 24 15 14 43 36 27 19 12
is_linear=0
shrinkage=0.025


Tree=135
num_leaves=13
num_cat=0
split_feature=1 1 3 2 2 2 4 0 2 3 2 0
split_gain=4.17333 2.312 1.14844 2.57275 2.16811 3.63723 1.51348 0.638481 0.573912 0.60557 0.515704 0.0534815
threshold=5.0000000000000009 34.000000000000007 4.3500000000000005 3.3500000000000001 3.2500000000000004 2.5500000000000003 86.000000000000014 5.0000000000000009 3.6500000000000008 4.9500000000000011 3.7500000000000004 13.000000000000002
decision_type=2 2 2 2 2 2 2 2 2 2 2 2
left_child=-1 2 3 -2 5 -4 -6 -5 9 -8 -10 -11
right_child=1 -3 4 7 6 -7 8 -9 10 11 -12 -13
leaf_value=-0.0025853953094305106 5.4459203464429788e-05 0.0073960640731843387 0.00071797687782848563 -0.00054046624825809797 0.00044604966549531837 -0.001690300325892169 2.6125690078981911e-05 3.9853414546264788e-08 -0.0004583665383770197 -8.268330397704916e-05 8.3854875356487179e-05 -2.7078670968738727e-05
leaf_weight=7.9999999999999991 7.0000000000000027 5.9999999999999991 9.0000000000000018 5.9999999999999982 9.9999999999999982 9.9999999999999982 6.0000000000000027 7 6.9999999999999982 6.9999999999999982 6 6
leaf_count=8 7 6 9 6 10 10 6 7 7 7 6 6
internal_value=-0.000772251 0.000842857 -0.000291411 0.00481707 -0.0020122 -0.00891026 0.00114706 -0.00175926 -0.0015 0.00121795 -0.00546296 -0.00175926
internal_weight=95 87 81 20 61 19 42 13 32 19 13 13
internal_count=95 87 81 20 61 19 42 13 32 19 13 13
is_linear=0
shrinkage=0.025


Tree=136
num_leaves=13
num_cat=0
split_feature=1 2 1 3 4 0 3 2 3 4 2 2
split_gain=5.46698 2.67992 2.09883 1.81866 2.15835 1.71978 0.755516 2.41639 0.601249 0.315257 0.406186 0.0621075
threshold=14.000000000000002 3.6500000000000008 5.0000000000000009 4.2500000000000009 74.500000000000014 11.000000000000002 4.9500000000000011 3.1500000000000008 5.0500000000000007 93.000000000000014 3.5500000000000003 3.3500000000000001
decision_type=2 2 2 2 2 2 2 2 2 2 2 2
left_child=2 6 -1 4 -4 -3 7 -2 -8 10 -5 -10
right_child=1 5 3 9 -6 -7 8 -9 11 -11 -12 -13
leaf_value=-0.0025207604266947515 -0.0020009510616495695 5.0850690637804788e-05 0.00031855031030662563 -1.6475371279989216e-05 -0.00019745753503994101 0.0071017417342228439 -0.00023660213556309095 3.1680978367054637e-05 3.2486362699368776e-05 -0.00010824286066420941 -0.00064583911176905326 -2.6401704194523037e-05
leaf_weight=7.9999999999999991 8.9999999999999982 7.9999999999999982 7.9999999999999982 8.0000000000000018 6 7 6.0000000000000027 6.9999999999999991 6.9999999999999991 6.9999999999999991 5.9999999999999991 7.9999999999999991
leaf_count=8 9 8 8 8 6 7 6 7 7 7 6 8
internal_value=0.000248691 0.00569048 -0.0062931 -0.00348592 0.00336207 0.0144355 0.00196667 0.00598485 -0.00110465 -0.0080814 -0.0102586 0.00153226
internal_weight=95 52 43 35 14 15 37 16 21 21 14 15
internal_count=95 52 43 35 14 15 37 16 21 21 14 15
is_linear=0
shrinkage=0.025


Tree=137
num_leaves=12
num_cat=0
split_feature=1 1 3 3 4 4 1 0 3 4 2
split_gain=4.17333 2.312 1.14844 1.52223 2.60276 1.07449 0.922827 1.11111 1.02488 0.315257 0.406186
threshold=5.0000000000000009 34.000000000000007 5.0500000000000007 4.2500000000000009 74.500000000000014 115.00000000000001 14.000000000000002 11.000000000000002 4.7500000000000009 93.000000000000014 3.5500000000000003
decision_type=2 2 2 2 2 2 2 2 2 2 2
left_child=-1 2 3 4 -2 -4 9 8 -8 10 -5
right_child=1 -3 5 6 -6 -7 7 -9 -10 -11 -12
leaf_value=-0.0024577414160273873 4.5133965620147714e-05 0.0070336189279991638 0.0026537133972366123 -1.6063486997985878e-05 -0.00019252109666393903 -2.3019086225040122e-06 0.00069861127979194972 -0.00017520942222382097 -7.4701167988555644e-05 -0.0001055367891476089 -0.00062969313397482913
leaf_weight=7.9999999999999991 8.9999999999999982 5.9999999999999991 8 8.0000000000000018 5.9999999999999991 12 7.0000000000000062 8.9999999999999982 8.9999999999999982 6.9999999999999991 5.9999999999999991
leaf_count=8 9 6 8 8 6 12 7 9 9 7 6
internal_value=-0.000772251 0.000842857 -0.000291411 -0.0020122 0.00475806 0.00481707 -0.00427419 -0.000931373 0.00295455 -0.0080814 -0.0102586
internal_weight=95 87 81 61 15 20 46 25 16 21 14
internal_count=95 87 81 61 15 20 46 25 16 21 14
is_linear=0
shrinkage=0.025


Tree=138
num_leaves=13
num_cat=0
split_feature=1 1 3 4 1 2 4 2 1 4 2 0
split_gain=3.91874 2.49685 0.987041 2.60276 1.73409 1.10487 1.92031 0.652893 0.515704 0.315257 0.406186 0.241812
threshold=5.0000000000000009 34.000000000000007 4.2500000000000009 74.500000000000014 14.000000000000002 3.1500000000000008 100.00000000000001 3.6500000000000008 18.000000000000004 93.000000000000014 3.5500000000000003 13.000000000000002
decision_type=2 2 2 2 2 2 2 2 2 2 2 2
left_child=-1 2 3 -2 9 8 -7 11 -6 10 -4 -8
right_child=1 -3 4 -5 5 6 7 -9 -10 -11 -12 -13
leaf_value=-0.0023962978806267021 4.4005616479647627e-05 0.0068577784547991794 -1.5661899823038449e-05 -0.00018770806924734429 -0.00096096202851820309 0.0020794777846044389 1.3239698279499113e-05 -8.9724591247275501e-05 -0.0018999718729094007 -0.0001028983694189134 -0.00061395080562546287 -2.2443609069333625e-06
leaf_weight=7.9999999999999991 8.9999999999999982 5.9999999999999991 8.0000000000000018 5.9999999999999991 5.9999999999999982 5.9999999999999991 8.0000000000000053 7.9999999999999991 7 6.9999999999999991 5.9999999999999991 9.9999999999999982
leaf_count=8 9 6 8 6 6 6 8 8 7 7 6 10
internal_value=-0.00129581 0.000271429 -0.000904908 0.00475806 -0.00223684 0.000521978 0.00303846 0 -0.00546296 -0.0080814 -0.0102586 0.00263514
internal_weight=95 87 81 15 66 45 32 26 13 21 14 18
internal_count=95 87 81 15 66 45 32 26 13 21 14 18
is_linear=0
shrinkage=0.025


Tree=139
num_leaves=11
num_cat=0
split_feature=1 3 2 3 4 3 0 4 2 2
split_gain=3.91874 2.59399 3.44268 0.984723 3.50909 1.24862 1.68918 0.611907 0.348128 0.805931
threshold=5.0000000000000009 5.0500000000000007 3.7500000000000004 4.2500000000000009 74.500000000000014 4.4500000000000011 9.0000000000000018 115.00000000000001 3.4500000000000006 3.6500000000000008
decision_type=2 2 2 2 2 2 2 2 2 2
left_child=-1 3 7 4 -2 -5 8 -3 -7 -10
right_child=1 2 -4 5 -6 6 -8 -9 9 -11
leaf_value=-0.0023363904336110297 4.2905476067656159e-05 0.0012337760551375478 0.007232852989927885 -3.8746789081328671e-05 -0.00027426570298618726 -0.0047246224919207935 3.5325298486155177e-05 -1.5566287994861482e-05 1.7114126629602656e-05 -0.00047923983366056079
leaf_weight=7.9999999999999991 8.9999999999999982 6.0000000000000044 5.9999999999999991 13.999999999999998 6.9999999999999991 7.0000000000000027 10.999999999999998 11 6.9999999999999991 8.9999999999999982
leaf_count=8 9 6 6 14 7 7 11 11 7 9
internal_value=-0.00129581 0.000271429 0.00739362 -0.0023062 0.00295455 -0.00409794 -0.00141304 0.00135714 -0.00526596 -0.00295455
internal_weight=95 87 23 64 16 48 34 17 23 16
internal_count=95 87 23 64 16 48 34 17 23 16
is_linear=0
shrinkage=0.025


Tree=140
num_leaves=12
num_cat=0
split_feature=1 3 2 3 2 2 0 1 3 2 0
split_gain=3.66953 2.0588 1.68619 0.885073 1.25713 2.90457 1.19195 0.975338 0.545734 0.404822 0.240667
threshold=5.0000000000000009 5.2500000000000009 3.6500000000000008 4.1500000000000012 3.2500000000000004 2.5500000000000003 7.0000000000000009 14.000000000000002 4.7500000000000009 3.6500000000000008 9.0000000000000018
decision_type=2 2 2 2 2 2 2 2 2 2 2
left_child=-1 3 -3 -2 5 -5 9 -7 -8 -6 -10
right_child=1 2 -4 4 6 7 8 -9 10 -11 -12
leaf_value=-0.0022779806727707577 2.3215625673050913e-05 -1.7990946843959854e-06 0.0063960919315491083 0.00080104763234021279 4.0389225898329604e-06 -0.0001123000262928553 3.4442166023995746e-05 -0.0031000956446138651 0.0004841758604675839 -0.00075156419908940515 -0.000146707273684088
leaf_weight=7.9999999999999991 9.9999999999999982 7.9999999999999982 7 9.0000000000000018 6.0000000000000027 5.9999999999999982 9.0000000000000018 6 6.9999999999999982 11.999999999999998 7
leaf_count=8 10 8 7 9 6 6 9 6 7 12 7
internal_value=-0.00181937 -0.000271429 0.00798387 -0.00205172 -0.00318 -0.0080814 -0.000572289 -0.0159 0.0031383 -0.00533784 0
internal_weight=95 87 15 72 62 21 41 12 23 18 14
internal_count=95 87 15 72 62 21 41 12 23 18 14
is_linear=0
shrinkage=0.025


Tree=141
num_leaves=12
num_cat=0
split_feature=1 1 3 2 4 3 1 2 4 3 2
split_gain=4.17333 2.312 1.14844 1.53598 1.07449 0.79632 0.882372 2.3113 1.35238 3.9526 0.0196567
threshold=5.0000000000000009 34.000000000000007 5.0500000000000007 3.6500000000000008 115.00000000000001 4.9500000000000011 14.000000000000002 3.1500000000000008 74.500000000000014 4.2500000000000009 3.7500000000000004
decision_type=2 2 2 2 2 2 2 2 2 2 2
left_child=-1 2 3 5 -4 6 8 -8 9 -2 -5
right_child=1 -3 4 10 -6 -7 7 -9 -10 -11 -12
leaf_value=-0.0022210311559514861 0.00057215762238176375 0.0065151000886043533 0.0024643180924824541 -0.00030354248566488717 -1.7541173172763715e-06 -0.00023276804240209838 -0.0019199570760006447 3.358111187339308e-05 -0.00011285815986087356 -1.7187436259358259e-05 -0.00029032104716660289
leaf_weight=7.9999999999999991 7.0000000000000062 5.9999999999999991 8 10.000000000000002 12 5.9999999999999991 6.9999999999999982 7 6.9999999999999991 8.9999999999999982 7.9999999999999991
leaf_count=8 7 6 8 10 12 6 7 7 7 9 8
internal_value=-0.000772251 0.000842857 -0.000291411 -0.0020122 0.00481707 0.000545977 0.00196667 0.00681034 -0.00101064 0.00295455 -0.00804054
internal_weight=95 87 81 61 20 43 37 14 23 16 18
internal_count=95 87 81 61 20 43 37 14 23 16 18
is_linear=0
shrinkage=0.025


Tree=142
num_leaves=12
num_cat=0
split_feature=1 2 2 2 3 1 3 4 4 2 0
split_gain=4.02378 4.10387 3.96073 1.79819 3.37638 1.6704 0.885994 1.03235 0.315257 0.406186 0.0530233
threshold=14.000000000000002 3.1500000000000008 2.5500000000000003 3.7500000000000004 4.7500000000000009 5.0000000000000009 4.2500000000000009 74.500000000000014 93.000000000000014 3.5500000000000003 11.000000000000002
decision_type=2 2 2 2 2 2 2 2 2 2 2
left_child=5 2 -2 4 -3 -1 7 -7 9 -8 -6
right_child=1 3 -4 -5 10 6 8 -9 -10 -11 -12
leaf_value=-0.0021655053770526958 0.00082902036843172109 3.4390996710625954e-05 -0.0030293977662045391 0.0053096784474357065 -7.9877679863205048e-05 0.0002924010948934075 -1.251873289765948e-05 -0.00017391766158680324 -0.000110036705864347 -0.00057877401272025681 -1.7102643843469601e-06
leaf_weight=7.9999999999999991 8.9999999999999982 8.0000000000000018 5.9999999999999991 7.9999999999999991 9.0000000000000018 7.9999999999999982 8.0000000000000018 6 6.9999999999999991 5.9999999999999991 11.999999999999998
leaf_count=8 9 8 6 8 9 8 8 6 7 6 12
internal_value=-0.00181937 0.00283333 -0.00798387 0.0073 0.00419492 -0.00744253 -0.00489437 0 -0.0080814 -0.0102586 -0.00110465
internal_weight=95 52 15 37 29 43 35 14 21 14 21
internal_count=95 52 15 37 29 43 35 14 21 14 21
is_linear=0
shrinkage=0.025


Tree=143
num_leaves=12
num_cat=0
split_feature=1 2 1 2 3 2 3 4 4 2 0
split_gain=4.80252 3.04659 1.6704 1.3066 3.37638 1.93393 0.885994 1.03235 0.315257 0.406186 0.0530233
threshold=14.000000000000002 3.7500000000000004 5.0000000000000009 3.1500000000000008 4.7500000000000009 2.5500000000000003 4.2500000000000009 74.500000000000014 93.000000000000014 3.5500000000000003 11.000000000000002
decision_type=2 2 2 2 2 2 2 2 2 2 2
left_child=2 3 -1 5 -5 -2 7 -4 9 -8 -6
right_child=1 -3 6 4 10 -7 8 -9 -10 -11 -12
leaf_value=-0.0021113677426263743 0.00080829485922092605 0.0051769364862498174 0.00028509106752107604 3.3531221792859613e-05 -7.78807378666202e-05 -0.0029536628220494243 -1.220576457521272e-05 -0.00016956972004713024 -0.00010728578821773694 -0.0005643046624022541 -1.6675077747385638e-06
leaf_weight=7.9999999999999991 8.9999999999999982 7.9999999999999991 7.9999999999999982 8.0000000000000018 9.0000000000000018 5.9999999999999991 8.0000000000000018 6 6.9999999999999991 5.9999999999999991 11.999999999999998
leaf_count=8 9 8 8 8 9 6 8 6 7 6 12
internal_value=-0.00129581 0.00378571 -0.00744253 0.00109551 0.00419492 -0.00475806 -0.00489437 0 -0.0080814 -0.0102586 -0.00110465
internal_weight=95 52 43 44 29 15 35 14 21 14 21
internal_count=95 52 43 44 29 15 35 14 21 14 21
is_linear=0
shrinkage=0.025


Tree=144
num_leaves=13
num_cat=0
split_feature=1 2 1 3 4 3 0 4 2 3 4 3
split_gain=4.80252 3.04659 1.6704 0.885994 1.03235 0.587831 0.515704 0.315257 0.406186 0.285162 0.611907 0.322759
threshold=14.000000000000002 3.7500000000000004 5.0000000000000009 4.2500000000000009 74.500000000000014 4.7500000000000009 13.000000000000002 93.000000000000014 3.5500000000000003 5.0500000000000007 115.00000000000001 4.9500000000000011
decision_type=2 2 2 2 2 2 2 2 2 2 2 2
left_child=2 5 -1 4 -4 6 -2 8 -5 11 -11 -7
right_child=1 -3 3 7 -6 9 -8 -9 -10 10 -12 -13
leaf_value=-0.0020585835490607163 3.4342353882110821e-05 0.0050475130740935681 0.00027796379083305236 -1.1900620460836287e-05 -0.00016533047704594961 -6.6788857124011616e-05 -0.00018638791016031277 -0.00010460364351229102 -0.00055019704584219895 0.0011749542273655157 -1.5003856190975996e-05 -0.00022493463896843815
leaf_weight=7.9999999999999991 6.9999999999999982 7.9999999999999991 7.9999999999999982 8.0000000000000018 6 8.0000000000000018 6 6.9999999999999991 5.9999999999999991 6.0000000000000009 11 5.9999999999999991
leaf_count=8 7 8 8 8 6 8 6 7 6 6 11 6
internal_value=-0.00129581 0.00378571 -0.00744253 -0.00489437 0 0.00109551 0.00546296 -0.0080814 -0.0102586 -0.000753968 0.00135714 -0.00336207
internal_weight=95 52 43 35 14 44 13 21 14 31 17 14
internal_count=95 52 43 35 14 44 13 21 14 31 17 14
is_linear=0
shrinkage=0.025


Tree=145
num_leaves=13
num_cat=0
split_feature=1 4 2 1 4 2 2 3 0 0 2 1
split_gain=4.62535 2.93099 2.65039 1.07471 0.592681 1.28813 0.847241 0.480822 0.616353 0.278353 0.240667 0.185112
threshold=10.000000000000002 86.000000000000014 3.9500000000000006 5.0000000000000009 93.000000000000014 3.5500000000000003 3.0500000000000003 4.3500000000000005 15.000000000000002 11.000000000000002 3.6500000000000008 18.000000000000004
decision_type=2 2 2 2 2 2 2 2 2 2 2 2
left_child=1 3 4 -1 5 6 11 -6 9 10 -9 -2
right_child=2 -3 -4 -5 7 -7 -8 8 -10 -11 -12 -13
leaf_value=-0.002032804608021477 0.0018941297475936537 0.00019707108706077392 0.0041576915636316603 -0.00022644992587335101 -3.5592098643250083e-05 0.0019409686183504582 -6.1797624655762776e-05 0.00048745799143340429 2.4501512968322372e-05 -0.00010202223196040806 -0.00042808120480970492 -0.00089656897319653208
leaf_weight=7.0000000000000044 8.0000000000000053 6.9999999999999991 6.9999999999999991 10 5.9999999999999991 7.9999999999999991 5.9999999999999991 7.0000000000000053 7.9999999999999991 7.9999999999999991 7 5.9999999999999991
leaf_count=7 8 7 7 10 6 8 6 7 8 8 7 6
internal_value=-0.000772251 -0.0101531 0.00243007 -0.0156429 0.000755814 0.00346491 0 -0.00133562 0 -0.00216667 0 0.00336207
internal_weight=95 24 71 17 64 28 20 36 30 22 14 14
internal_count=95 24 71 17 64 28 20 36 30 22 14 14
is_linear=0
shrinkage=0.025


Tree=146
num_leaves=13
num_cat=0
split_feature=1 2 1 3 4 3 0 4 2 3 4 3
split_gain=4.80252 3.04659 1.6704 0.885994 1.03235 0.587831 0.515704 0.315257 0.406186 0.285162 0.611907 0.322759
threshold=14.000000000000002 3.7500000000000004 5.0000000000000009 4.2500000000000009 74.500000000000014 4.7500000000000009 13.000000000000002 93.000000000000014 3.5500000000000003 5.0500000000000007 115.00000000000001 4.9500000000000011
decision_type=2 2 2 2 2 2 2 2 2 2 2 2
left_child=2 5 -1 4 -4 6 -2 8 -5 11 -11 -7
right_child=1 -3 3 7 -6 9 -8 -9 -10 10 -12 -13
leaf_value=-0.0019562988451336696 3.5028735651454478e-05 0.0048173829581504403 0.00027461779044384292 -3.4507256486043802e-05 -0.000157921689813334 -6.256857989690445e-05 -0.00018234075023052521 -0.00010691532960099837 -0.00055787360335209926 0.0011325253761169608 -1.5241297610413263e-05 -0.00022412921998764547
leaf_weight=7.9999999999999991 6.9999999999999982 7.9999999999999991 7.9999999999999982 8.0000000000000018 6 8.0000000000000018 6 6.9999999999999991 5.9999999999999991 6.0000000000000009 11 5.9999999999999991
leaf_count=8 7 8 8 8 6 8 6 7 6 6 11 6
internal_value=-0.00129581 0.00378571 -0.00744253 -0.00489437 0 0.00109551 0.00546296 -0.0080814 -0.0102586 -0.000753968 0.00135714 -0.00336207
internal_weight=95 52 43 35 14 44 13 21 14 31 17 14
internal_count=95 52 43 35 14 44 13 21 14 31 17 14
is_linear=0
shrinkage=0.025


Tree=147
num_leaves=13
num_cat=0
split_feature=1 2 1 3 4 3 0 4 2 3 4 3
split_gain=4.80252 3.04659 1.6704 0.885994 1.03235 0.587831 0.515704 0.315257 0.406186 0.285162 0.611907 0.322759
threshold=14.000000000000002 3.7500000000000004 5.0000000000000009 4.2500000000000009 74.500000000000014 4.7500000000000009 13.000000000000002 93.000000000000014 3.5500000000000003 5.0500000000000007 115.00000000000001 4.9500000000000011
decision_type=2 2 2 2 2 2 2 2 2 2 2 2
left_child=2 5 -1 4 -4 6 -2 8 -5 11 -11 -7
right_child=1 -3 3 7 -6 9 -8 -9 -10 10 -12 -13
leaf_value=-0.0019073913740053239 3.4153017260163401e-05 0.0046969483841966756 0.000267752345682748 -3.3644575073893404e-05 -0.00015397364756799539 -6.1004365399486284e-05 -0.00017778223147476571 -0.00010424244636096925 -0.00054392676326829874 0.0011042122417140366 -1.4860265170146825e-05 -0.0002185259894879499
leaf_weight=7.9999999999999991 6.9999999999999982 7.9999999999999991 7.9999999999999982 8.0000000000000018 6 8.0000000000000018 6 6.9999999999999991 5.9999999999999991 6.0000000000000009 11 5.9999999999999991
leaf_count=8 7 8 8 8 6 8 6 7 6 6 11 6
internal_value=-0.00129581 0.00378571 -0.00744253 -0.00489437 0 0.00109551 0.00546296 -0.0080814 -0.0102586 -0.000753968 0.00135714 -0.00336207
internal_weight=95 52 43 35 14 44 13 21 14 31 17 14
internal_count=95 52 43 35 14 44 13 21 14 31 17 14
is_linear=0
shrinkage=0.025


Tree=148
num_leaves=11
num_cat=0
split_feature=1 2 3 3 3 2 3 3 4 2
split_gain=4.97355 3.49067 1.45162 1.16119 1.04146 0.975338 0.713215 0.598167 0.611907 0.015725
threshold=14.000000000000002 3.7500000000000004 3.9500000000000006 4.4500000000000011 4.9500000000000011 3.2500000000000004 4.2500000000000009 5.0500000000000007 115.00000000000001 3.5500000000000003
decision_type=2 2 2 2 2 2 2 2 2 2
left_child=2 3 5 -2 -5 -1 -4 -6 -9 -8
right_child=1 -3 6 4 7 -7 9 8 -10 -11
leaf_value=-0.00246967765640731 -2.07705899343269e-06 0.0045795246745917511 0.00024668573300429264 8.4148057394062289e-05 -0.00021306283975075502 -9.475258417666611e-05 -3.2803460697045099e-05 0.0010766069356711871 -1.4488758540887049e-05 -0.00041952848396932253
leaf_weight=5.9999999999999982 8.9999999999999982 7.9999999999999991 10.000000000000002 11.999999999999998 6.0000000000000027 6 8.0000000000000018 6.0000000000000009 11 12.999999999999998
leaf_count=6 9 8 10 12 6 6 8 6 11 13
internal_value=-0.00234293 0.00283333 -0.00859195 0 0.00207746 -0.0159 -0.00551587 -0.00101064 0.00135714 -0.0080814
internal_weight=95 52 43 44 35 12 31 23 17 21
internal_count=95 52 43 44 35 12 31 23 17 21
is_linear=0
shrinkage=0.025


Tree=149
num_leaves=11
num_cat=0
split_feature=3 2 1 2 4 4 3 3 2 2
split_gain=4.72566 3.44268 2.19092 1.13339 0.611907 0.605226 2.97271 2.29748 0.418767 0.115276
threshold=5.0500000000000007 3.7500000000000004 5.0000000000000009 3.6500000000000008 115.00000000000001 74.500000000000014 4.4500000000000011 4.2500000000000009 2.9500000000000006 3.7500000000000004
decision_type=2 2 2 2 2 2 2 2 2 2
left_child=2 4 -1 5 -2 7 -7 -4 -9 -5
right_child=1 -3 3 9 -6 6 -8 8 -10 -11
leaf_value=-0.0018276512116478906 0.0010496917622794088 0.0059629537867346488 0.00028884593608322073 -0.00015292261663684138 -1.4126539577374865e-05 -0.00030246693279603609 3.5873381444828659e-05 0.00037624278595401741 -0.00019226717070361943 -0.00049480315107279797
leaf_weight=7.9999999999999991 6.0000000000000044 5.9999999999999991 8.0000000000000018 11.000000000000002 11 10.000000000000002 9.9999999999999982 8.0000000000000018 8.9999999999999982 7.9999999999999991
leaf_count=8 6 6 8 11 11 10 10 8 9 8
internal_value=-0.00234293 0.00739362 -0.0055 -0.00385659 0.00135714 -0.00162088 -0.00481707 0.000931373 -0.00421429 -0.00891026
internal_weight=95 23 72 64 17 45 20 25 17 19
internal_count=95 23 72 64 17 45 20 25 17 19
is_linear=0
shrinkage=0.025


Tree=150
num_leaves=11
num_cat=0
split_feature=1 4 1 4 1 2 2 4 0 0
split_gain=4.62535 2.93099 1.85769 1.27302 1.07471 1.0162 0.649809 0.642574 0.611907 0.0740513
threshold=10.000000000000002 86.000000000000014 34.000000000000007 93.000000000000014 5.0000000000000009 3.4500000000000006 3.5500000000000003 115.00000000000001 13.000000000000002 9.0000000000000018
decision_type=2 2 2 2 2 2 2 2 2 2
left_child=1 4 3 5 -1 9 8 -8 -5 -2
right_child=2 -3 -4 6 -6 -7 7 -9 -10 -11
leaf_value=-0.0018373321424468569 -2.1973791767693209e-05 0.00021173453179846869 0.0058619004906961484 0.00040107250821165287 -0.00020825946126007966 0.0016333880947198233 -0.00069272390154660475 -1.907040991752096e-05 -1.3773376087944379e-05 3.1421678406140519e-05
leaf_weight=7.0000000000000044 12.000000000000005 6.9999999999999991 5.9999999999999991 6.0000000000000027 10 10.999999999999998 10 8 10.999999999999998 6.9999999999999991
leaf_count=7 12 7 6 6 10 11 10 8 11 7
internal_value=-0.000772251 -0.0101531 0.00243007 0.00112595 -0.0156429 0.00487705 -0.00207746 -0.00533784 0.00135714 0.00121795
internal_weight=95 24 71 65 17 30 35 18 17 19
internal_count=95 24 71 65 17 30 35 18 17 19
is_linear=0
shrinkage=0.025


Tree=151
num_leaves=13
num_cat=0
split_feature=3 2 1 4 1 3 3 4 4 3 4 2
split_gain=4.23381 3.44268 2.46071 1.68721 1.46424 2.47113 0.885994 1.03235 0.611907 0.322759 0.315257 0.406186
threshold=5.0500000000000007 3.7500000000000004 5.0000000000000009 152.50000000000003 14.000000000000002 4.7500000000000009 4.2500000000000009 74.500000000000014 115.00000000000001 4.9500000000000011 93.000000000000014 3.5500000000000003
decision_type=2 2 2 2 2 2 2 2 2 2 2 2
left_child=2 8 -1 4 6 -6 7 -4 -2 -7 11 -8
right_child=1 -3 3 -5 5 9 10 -9 -10 -11 -12 -13
leaf_value=-0.0017360266277955229 0.0010026393460583428 0.0057201888347485855 0.0002845027033439862 -0.0002388256648257703 2.6679314695599034e-05 -5.1222413366147638e-05 -5.4425748157155289e-05 -0.00014260398154137267 -1.3429041685752985e-05 -0.00020815634304516828 -9.7338370933797169e-05 -0.00053333961766384723
leaf_weight=7.9999999999999991 6.0000000000000044 5.9999999999999991 7.9999999999999982 5.9999999999999991 9.0000000000000018 7.9999999999999982 8.0000000000000018 6 11 6 6.9999999999999991 5.9999999999999991
leaf_count=8 6 6 8 6 9 8 8 6 11 6 7 6
internal_value=-0.00181937 0.00739362 -0.00481034 -0.0030814 -0.00168803 0.0031383 -0.00489437 0 0.00135714 -0.00336207 -0.0080814 -0.0102586
internal_weight=95 23 72 64 58 23 35 14 17 14 21 14
internal_count=95 23 72 64 58 23 35 14 17 14 21 14
is_linear=0
shrinkage=0.025


Tree=152
num_leaves=12
num_cat=0
split_feature=1 2 1 2 3 2 3 4 4 2 0
split_gain=4.80252 3.04659 1.6704 1.3066 3.37638 1.93393 0.885994 1.03235 0.315257 0.406186 0.0530233
threshold=14.000000000000002 3.7500000000000004 5.0000000000000009 3.1500000000000008 4.7500000000000009 2.5500000000000003 4.2500000000000009 74.500000000000014 93.000000000000014 3.5500000000000003 11.000000000000002
decision_type=2 2 2 2 2 2 2 2 2 2 2
left_child=2 3 -1 5 -5 -2 7 -4 9 -8 -6
right_child=1 -3 6 4 10 -7 8 -9 -10 -11 -12
leaf_value=-0.0016926259621006302 0.00080424600442111647 0.0040999226161801518 0.00027739013576038587 3.3391455239212279e-05 -6.1320017712973574e-05 -0.0029356938319717754 -5.306510445322599e-05 -0.00013903888200283431 -9.49049116604539e-05 -0.00052000612722225557 1.8662672786051715e-06
leaf_weight=7.9999999999999991 8.9999999999999982 7.9999999999999991 7.9999999999999982 8.0000000000000018 9.0000000000000018 5.9999999999999991 8.0000000000000018 6 6.9999999999999991 5.9999999999999991 11.999999999999998
leaf_count=8 9 8 8 8 9 6 8 6 7 6 12
internal_value=-0.00129581 0.00378571 -0.00744253 0.00109551 0.00419492 -0.00475806 -0.00489437 0 -0.0080814 -0.0102586 -0.00110465
internal_weight=95 52 43 44 29 15 35 14 21 14 21
internal_count=95 52 43 44 29 15 35 14 21 14 21
is_linear=0
shrinkage=0.025


Tree=153
num_leaves=12
num_cat=0
split_feature=3 2 1 2 2 1 3 2 4 3 4
split_gain=4.23381 3.44268 2.46071 1.13186 1.14684 2.07074 2.85986 1.07872 0.792508 1.17 0.611907
threshold=5.0500000000000007 3.7500000000000004 5.0000000000000009 3.7500000000000004 3.1500000000000008 14.000000000000002 4.7500000000000009 2.9500000000000006 74.500000000000014 4.2500000000000009 115.00000000000001
decision_type=2 2 2 2 2 2 2 2 2 2 2
left_child=2 10 -1 4 7 8 -7 -4 9 -6 -2
right_child=1 -3 3 -5 5 6 -8 -9 -10 -11 -12
leaf_value=-0.0016503103130481147 0.0010142462069655468 0.0054746860484753638 -3.7880588765659696e-05 -0.00050134054749635399 0.00027045538236638022 3.2556668858235716e-05 -5.9787017270152012e-05 -0.0043973148272014656 -0.0001546715809164767 -0.0002281771407782296 -1.313997232557096e-05
leaf_weight=7.9999999999999991 6.0000000000000044 5.9999999999999991 11.000000000000002 7.9999999999999991 6.0000000000000018 8.0000000000000018 8.9999999999999982 5.9999999999999991 9.9999999999999982 6 11
leaf_count=8 6 6 11 8 6 8 9 6 10 6 11
internal_value=-0.00181937 0.00739362 -0.00481034 -0.0030814 -0.00174779 0.000601266 0.00707143 -0.00707143 -0.00438889 0 0.00135714
internal_weight=95 23 72 64 56 39 17 17 22 12 17
internal_count=95 23 72 64 56 39 17 17 22 12 17
is_linear=0
shrinkage=0.025


Tree=154
num_leaves=12
num_cat=0
split_feature=3 2 1 2 2 1 3 2 4 3 4
split_gain=4.23381 3.44268 2.46071 1.13186 1.14684 2.07074 2.85986 1.07872 0.792508 1.17 0.611907
threshold=5.0500000000000007 3.7500000000000004 5.0000000000000009 3.7500000000000004 3.1500000000000008 14.000000000000002 4.7500000000000009 2.9500000000000006 74.500000000000014 4.2500000000000009 115.00000000000001
decision_type=2 2 2 2 2 2 2 2 2 2 2
left_child=2 10 -1 4 7 8 -7 -4 9 -6 -2
right_child=1 -3 3 -5 5 6 -8 -9 -10 -11 -12
leaf_value=-0.0016090525552219072 0.00098889005179140783 0.0053378188972634799 -3.693357404652709e-05 -0.00048880703380894681 0.00026369399780721837 3.1742752136776352e-05 -5.8292341838395159e-05 -0.0042873819565214244 -0.00015080479139356617 -0.00022247271225876998 -1.2811473017437791e-05
leaf_weight=7.9999999999999991 6.0000000000000044 5.9999999999999991 11.000000000000002 7.9999999999999991 6.0000000000000018 8.0000000000000018 8.9999999999999982 5.9999999999999991 9.9999999999999982 6 11
leaf_count=8 6 6 11 8 6 8 9 6 10 6 11
internal_value=-0.00181937 0.00739362 -0.00481034 -0.0030814 -0.00174779 0.000601266 0.00707143 -0.00707143 -0.00438889 0 0.00135714
internal_weight=95 23 72 64 56 39 17 17 22 12 17
internal_count=95 23 72 64 56 39 17 17 22 12 17
is_linear=0
shrinkage=0.025


Tree=155
num_leaves=13
num_cat=0
split_feature=1 3 2 2 3 3 1 0 4 4 1 3
split_gain=3.91874 2.59399 3.44268 1.35401 0.646145 1.81161 1.80496 0.678349 0.611907 0.515704 0.378251 0.2808
threshold=5.0000000000000009 5.0500000000000007 3.7500000000000004 3.7500000000000004 4.4500000000000011 4.3500000000000005 10.000000000000002 9.0000000000000018 115.00000000000001 93.000000000000014 10.000000000000002 4.9500000000000011
decision_type=2 2 2 2 2 2 2 2 2 2 2 2
left_child=-1 3 8 4 5 6 -2 10 -3 -8 -6 -12
right_child=1 2 -4 -5 7 -7 9 -9 -10 -11 11 -13
leaf_value=-0.0015688262413413646 -0.00020917396365626175 0.00096416780049661814 0.0052043734248318875 -0.00047658685796372338 3.7550686003806621e-05 -0.00019644480922327291 2.3570059922362055e-05 3.8328306744350728e-05 -1.2491186191998517e-05 -2.3197536498825724e-05 -0.00080751959091756036 0.0002220491391471402
leaf_weight=7.9999999999999991 7.0000000000000062 6.0000000000000044 5.9999999999999991 7.9999999999999991 7.0000000000000062 5.9999999999999991 6.9999999999999982 10.999999999999998 11 6 5.9999999999999982 6
leaf_count=8 7 6 6 8 7 6 7 11 11 6 6 6
internal_value=-0.00129581 0.000271429 0.00739362 -0.0023062 -0.000862832 -0.00372642 0 0.00159836 0.00135714 0.00546296 -0.00121795 -0.0039
internal_weight=95 87 23 64 56 26 20 30 17 13 19 12
internal_count=95 87 23 64 56 26 20 30 17 13 19 12
is_linear=0
shrinkage=0.025


Tree=156
num_leaves=13
num_cat=0
split_feature=1 3 2 2 3 3 1 0 4 4 1 3
split_gain=3.91874 2.59399 3.44268 1.35401 0.646145 1.81161 1.80496 0.678349 0.611907 0.515704 0.378251 0.2808
threshold=5.0000000000000009 5.0500000000000007 3.7500000000000004 3.7500000000000004 4.4500000000000011 4.3500000000000005 10.000000000000002 9.0000000000000018 115.00000000000001 93.000000000000014 10.000000000000002 4.9500000000000011
decision_type=2 2 2 2 2 2 2 2 2 2 2 2
left_child=-1 3 8 4 5 6 -2 10 -3 -8 -6 -12
right_child=1 2 -4 -5 7 -7 9 -9 -10 -11 11 -13
leaf_value=-0.0015296055853078307 -0.00020394461456485491 0.00094006360548419825 0.0050742640892111005 -0.00046467218651462532 3.6611918853712842e-05 -0.00019153368899269552 2.2980808424299949e-05 3.7370099075739742e-05 -1.2178906537196888e-05 -2.2617598086355219e-05 -0.00078733160114462524 0.00021649791066846724
leaf_weight=7.9999999999999991 7.0000000000000062 6.0000000000000044 5.9999999999999991 7.9999999999999991 7.0000000000000062 5.9999999999999991 6.9999999999999982 10.999999999999998 11 6 5.9999999999999982 6
leaf_count=8 7 6 6 8 7 6 7 11 11 6 6 6
internal_value=-0.00129581 0.000271429 0.00739362 -0.0023062 -0.000862832 -0.00372642 0 0.00159836 0.00135714 0.00546296 -0.00121795 -0.0039
internal_weight=95 87 23 64 56 26 20 30 17 13 19 12
internal_count=95 87 23 64 56 26 20 30 17 13 19 12
is_linear=0
shrinkage=0.025


Tree=157
num_leaves=12
num_cat=0
split_feature=1 3 2 2 2 1 1 3 4 3 3
split_gain=3.66953 2.0588 1.68619 0.56479 0.578144 1.95262 1.92824 2.98694 0.792508 1.17 0.0534815
threshold=5.0000000000000009 5.2500000000000009 3.6500000000000008 3.7500000000000004 3.1500000000000008 18.000000000000004 14.000000000000002 4.7500000000000009 74.500000000000014 4.2500000000000009 4.6500000000000012
decision_type=2 2 2 2 2 2 2 2 2 2 2
left_child=-1 3 -3 4 5 10 8 -8 9 -6 -2
right_child=1 2 -4 -5 6 -7 7 -9 -10 -11 -12
leaf_value=-0.0014913654456751358 0.00038031874200031849 3.0851490484540278e-06 0.0041602675366329894 -5.3422196361108123e-05 0.00026168374423546917 -0.0019168607692969576 2.9421067406271152e-05 -6.7798709537814086e-05 -0.00014279772194167873 -0.00019212552332383283 3.5696620882375019e-05
leaf_weight=7.9999999999999991 6.0000000000000018 7.9999999999999982 7 8.9999999999999982 6.0000000000000018 8.9999999999999982 8.0000000000000018 10.999999999999998 9.9999999999999982 6 7
leaf_count=8 6 8 7 9 6 9 8 11 10 6 7
internal_value=-0.00181937 -0.000271429 0.00798387 -0.00205172 -0.00116142 -0.00438889 0.000572289 0.00634615 -0.00438889 0 0.00175926
internal_weight=95 87 15 72 63 22 41 19 22 12 13
internal_count=95 87 15 72 63 22 41 19 22 12 13
is_linear=0
shrinkage=0.025


Tree=158
num_leaves=13
num_cat=0
split_feature=1 1 3 2 4 3 3 3 4 3 0 3
split_gain=4.17333 2.312 1.14844 1.53598 1.07449 0.918551 0.79632 1.51774 1.92883 2.15835 0.914578 0.153185
threshold=5.0000000000000009 34.000000000000007 5.0500000000000007 3.6500000000000008 115.00000000000001 4.4500000000000011 4.9500000000000011 4.4500000000000011 74.500000000000014 4.2500000000000009 9.0000000000000018 4.7500000000000009
decision_type=2 2 2 2 2 2 2 2 2 2 2 2
left_child=-1 2 3 6 -4 -5 7 8 9 -2 -9 -7
right_child=1 -3 4 5 -6 11 -8 10 -10 -11 -12 -13
leaf_value=-0.0014540813095332561 0.00025922152471762885 0.0052774091517790002 0.0014518455526591702 -0.00041746819254558369 3.0080203222482286e-06 -0.00076346177055018898 -0.0002039903790678921 3.480420536031703e-05 -0.00027159575206656686 -4.3254746503867961e-05 0.00043386979369074987 -6.7762763964696049e-05
leaf_weight=7.9999999999999991 8.0000000000000018 5.9999999999999991 8 6.0000000000000027 12 5.9999999999999982 5.9999999999999991 8.9999999999999982 7.9999999999999991 5.9999999999999991 5.9999999999999991 6
leaf_count=8 8 6 8 6 12 6 6 9 8 6 6 6
internal_value=-0.000772251 0.000842857 -0.000291411 -0.0020122 0.00481707 -0.00804054 0.000545977 0.00196667 -0.00216667 0.00336207 0.00798387 -0.0119
internal_weight=95 87 81 61 20 18 43 37 22 14 15 12
internal_count=95 87 81 61 20 18 43 37 22 14 15 12
is_linear=0
shrinkage=0.025


Tree=159
num_leaves=12
num_cat=0
split_feature=1 3 2 2 2 1 1 3 4 3 3
split_gain=3.66953 2.0588 1.68619 0.56479 0.578144 1.95262 1.92824 2.98694 0.792508 1.17 0.0534815
threshold=5.0000000000000009 5.2500000000000009 3.6500000000000008 3.7500000000000004 3.1500000000000008 18.000000000000004 14.000000000000002 4.7500000000000009 74.500000000000014 4.2500000000000009 4.6500000000000012
decision_type=2 2 2 2 2 2 2 2 2 2 2
left_child=-1 3 -3 4 5 10 8 -8 9 -6 -2
right_child=1 2 -4 -5 6 -7 7 -9 -10 -11 -12
leaf_value=-0.0014177292767949268 0.00036433023533237745 2.932819814183141e-06 0.0039243256194227086 -3.30000971883182e-05 0.00024866111251164449 -0.001879785994906802 2.5853453613644552e-05 -6.1003982322671568e-05 -0.00013626788455931016 -0.00017723842877755971 3.3934100226307164e-05
leaf_weight=7.9999999999999991 6.0000000000000018 7.9999999999999982 7 8.9999999999999982 6.0000000000000018 8.9999999999999982 8.0000000000000018 10.999999999999998 9.9999999999999982 6 7
leaf_count=8 6 8 7 9 6 9 8 11 10 6 7
internal_value=-0.00181937 -0.000271429 0.00798387 -0.00205172 -0.00116142 -0.00438889 0.000572289 0.00634615 -0.00438889 0 0.00175926
internal_weight=95 87 15 72 63 22 41 19 22 12 13
internal_count=95 87 15 72 63 22 41 19 22 12 13
is_linear=0
shrinkage=0.025


Tree=160
num_leaves=13
num_cat=0
split_feature=1 3 2 2 3 3 1 0 4 4 1 3
split_gain=3.91874 2.59399 3.44268 1.35401 0.646145 1.81161 1.80496 0.678349 0.611907 0.515704 0.378251 0.2808
threshold=5.0000000000000009 5.0500000000000007 3.7500000000000004 3.7500000000000004 4.4500000000000011 4.3500000000000005 10.000000000000002 9.0000000000000018 115.00000000000001 93.000000000000014 10.000000000000002 4.9500000000000011
decision_type=2 2 2 2 2 2 2 2 2 2 2 2
left_child=-1 3 8 4 5 6 -2 10 -3 -8 -6 -12
right_child=1 2 -4 -5 7 -7 9 -9 -10 -11 11 -13
leaf_value=-0.001382286044875053 -0.00018507946523654839 0.00082666654663245966 0.0046611769742739622 -0.00043613319997432568 3.3085747720651426e-05 -0.00020255086122447088 1.4543887070261885e-05 2.4207238731088765e-05 -1.2100083603394652e-05 -1.2464875764017781e-05 -0.00074045639736972091 0.00021940528967496765
leaf_weight=7.9999999999999991 7.0000000000000062 6.0000000000000044 5.9999999999999991 7.9999999999999991 7.0000000000000062 5.9999999999999991 6.9999999999999982 10.999999999999998 11 6 5.9999999999999982 6
leaf_count=8 7 6 6 8 7 6 7 11 11 6 6 6
internal_value=-0.00129581 0.000271429 0.00739362 -0.0023062 -0.000862832 -0.00372642 0 0.00159836 0.00135714 0.00546296 -0.00121795 -0.0039
internal_weight=95 87 23 64 56 26 20 30 17 13 19 12
internal_count=95 87 23 64 56 26 20 30 17 13 19 12
is_linear=0
shrinkage=0.025


Tree=161
num_leaves=11
num_cat=0
split_feature=1 2 4 3 3 3 3 2 1 0
split_gain=4.17333 2.52819 1.21203 1.67156 1.01896 2.35572 0.315575 2.10539 0.206143 0.0487179
threshold=5.0000000000000009 3.9500000000000006 74.500000000000014 4.2500000000000009 4.6500000000000012 4.2500000000000009 4.6500000000000012 3.6500000000000008 18.000000000000004 13.000000000000002
decision_type=2 2 2 2 2 2 2 2 2 2
left_child=-1 2 4 -4 5 -2 -5 9 -6 -8
right_child=1 -3 3 6 8 -7 7 -9 -10 -11
leaf_value=-0.0013477288937531807 1.4180289893506171e-05 0.0013141574896626486 -0.00048260757094116817 7.1479956710085449e-06 0.0013060868992358699 -0.00020289074699259558 -2.0782909543082264e-05 -0.00026454537878100036 1.9231673598152367e-05 1.8121584331121099e-05
leaf_weight=7.9999999999999991 9.0000000000000018 8.9999999999999982 5.9999999999999991 10.999999999999998 10.000000000000002 9.9999999999999982 10.000000000000005 5.9999999999999991 6.9999999999999991 8.9999999999999982
leaf_count=8 9 9 6 11 10 10 10 6 7 9
internal_value=-0.000772251 0.000842857 -0.000621019 -0.0035 0.00270548 -0.00121795 -0.00133562 -0.00289216 0.00707143 0.00121795
internal_weight=95 87 78 42 36 19 36 25 17 19
internal_count=95 87 78 42 36 19 36 25 17 19
is_linear=0
shrinkage=0.025


Tree=162
num_leaves=13
num_cat=0
split_feature=1 4 3 2 2 2 3 3 1 4 0 4
split_gain=4.12704 2.93099 1.79114 3.44268 2.41145 1.38575 2.54794 1.87609 1.07471 0.611907 0.598063 0.322759
threshold=10.000000000000002 86.000000000000014 5.0500000000000007 3.7500000000000004 3.7500000000000004 3.1500000000000008 4.5500000000000007 4.5500000000000007 5.0000000000000009 115.00000000000001 7.0000000000000009 100.00000000000001
decision_type=2 2 2 2 2 2 2 2 2 2 2 2
left_child=1 8 4 9 5 7 10 -2 -1 -4 -7 -8
right_child=2 -3 3 -5 -6 6 11 -9 -10 -11 -12 -13
leaf_value=-0.0013694078824995071 -0.0012722358461567662 0.00024208743559617218 0.00080551909112669406 0.0045118944950558798 -0.00064243127850251993 2.4385215465272395e-06 -0.0007161020358633142 0.00086710119968999024 -0.00011722009593667648 -1.2250621121578932e-05 2.6339917817852501e-05 -2.0647712056681702e-05
leaf_weight=7.0000000000000044 5.9999999999999982 6.9999999999999991 6.0000000000000044 5.9999999999999991 5.9999999999999991 8.0000000000000018 5.9999999999999991 7 10 11 6.9999999999999991 7.9999999999999991
leaf_count=7 6 7 6 6 6 8 6 7 10 11 7 8
internal_value=-0.00129581 -0.0101531 0.00173077 0.00739362 -0.00100515 0.00114706 0.00419492 -0.00546296 -0.0156429 0.00135714 0.0112097 -0.00336207
internal_weight=95 24 71 23 48 42 29 13 17 17 15 14
internal_count=95 24 71 23 48 42 29 13 17 17 15 14
is_linear=0
shrinkage=0.025


Tree=163
num_leaves=12
num_cat=0
split_feature=1 3 2 2 1 1 3 2 3 4 3
split_gain=4.17333 1.5338 1.68619 0.716293 2.0456 1.95262 1.79822 0.804082 0.558462 0.705718 0.0534815
threshold=5.0000000000000009 5.2500000000000009 3.6500000000000008 3.1500000000000008 14.000000000000002 18.000000000000004 4.7500000000000009 3.5500000000000003 4.2500000000000009 93.000000000000014 4.6500000000000012
decision_type=2 2 2 2 2 2 2 2 2 2 2
left_child=-1 3 -3 5 7 10 -6 -5 -9 -10 -2
right_child=1 2 -4 4 6 -7 -8 8 9 -11 -12
leaf_value=-0.0012798004743468595 0.00037040883976026119 3.0152273286843115e-06 0.0035640367549623301 3.487995896556129e-08 1.8416247828340062e-05 -0.0018555548478346063 -1.9747144003096075e-05 0.00025274219746320716 -0.00042426405671663892 -8.7002666498448017e-05 2.5369339451519759e-06
leaf_weight=7.9999999999999991 6.0000000000000018 7.9999999999999982 7 9.0000000000000018 10.000000000000002 8.9999999999999982 11.999999999999998 6.0000000000000027 5.9999999999999982 7 7
leaf_count=8 6 8 7 9 10 9 12 6 6 7 7
internal_value=-0.000772251 0.000842857 0.00798387 -0.000672414 0.000965347 -0.00438889 0.00661111 -0.00346491 -0.00634615 -0.00916667 0.00175926
internal_weight=95 87 15 72 50 22 22 28 19 13 13
internal_count=95 87 15 72 50 22 22 28 19 13 13
is_linear=0
shrinkage=0.025


Tree=164
num_leaves=11
num_cat=0
split_feature=0 2 1 3 3 4 2 3 2 2
split_gain=4.82858 1.97823 1.72617 0.757835 0.966246 1.07449 0.89111 0.99589 1.46778 0.204632
threshold=5.0000000000000009 3.3500000000000001 34.000000000000007 4.3500000000000005 5.0500000000000007 115.00000000000001 3.6500000000000008 4.9500000000000011 3.2500000000000004 3.3500000000000001
decision_type=2 2 2 2 2 2 2 2 2 2
left_child=1 -1 3 9 6 -6 7 8 -5 -2
right_child=2 -3 -4 4 5 -7 -8 -9 -10 -11
leaf_value=-0.001883462176927575 1.2706878505008846e-05 -0.0003523026522237072 0.004919504470646552 -0.0018091659766387381 0.0011708711462983911 2.9398466454777506e-06 -0.00020286141499109567 -0.00019888123249814927 2.4066222410312755e-05 5.85039163807366e-06
leaf_weight=5.9999999999999991 6.9999999999999982 9.9999999999999982 5.9999999999999991 11.000000000000005 8 12 13.999999999999998 5.9999999999999991 7.9999999999999991 7
leaf_count=6 7 10 6 11 8 12 14 6 8 7
internal_value=0.000248691 -0.0120455 0.00281447 0.00168367 0.00039916 0.00481707 -0.00186709 0.000931373 0.00378205 0.00681034
internal_weight=95 16 79 73 59 20 39 25 19 14
internal_count=95 16 79 73 59 20 39 25 19 14
is_linear=0
shrinkage=0.025


Tree=165
num_leaves=13
num_cat=0
split_feature=3 2 2 4 2 3 2 3 0 0 2 1
split_gain=5.94358 1.9158 1.19469 0.837371 0.407436 1.06848 1.13397 0.601249 0.490782 0.153185 0.0621075 0.0621075
threshold=4.0500000000000007 3.9500000000000006 3.2500000000000004 152.50000000000003 3.6500000000000008 4.9500000000000011 3.2500000000000004 5.0500000000000007 7.0000000000000009 7.0000000000000009 3.3500000000000001 14.000000000000002
decision_type=2 2 2 2 2 2 2 2 2 2 2 2
left_child=2 3 -1 4 5 6 11 -7 -6 -8 -9 -2
right_child=1 -3 -4 -5 8 7 9 10 -10 -11 -12 -13
leaf_value=-0.0017810034114142282 -4.5149380142939236e-06 0.0012777403779001941 -0.00015665009262707532 -0.00022092249164451516 -0.00068673711555176107 -0.00019390920168569915 1.9483973361617005e-05 1.5729997018443243e-05 6.0137808518989646e-06 0.00036657814242794243 -1.8991855676198101e-05 1.2389206542384735e-05
leaf_weight=5.9999999999999991 7.9999999999999991 8.9999999999999982 8.9999999999999982 5.9999999999999991 8.0000000000000018 6.0000000000000027 6 6.9999999999999991 8.9999999999999982 6 7.9999999999999991 7.0000000000000009
leaf_count=6 8 9 9 6 8 6 6 7 9 6 8 7
internal_value=-0.000248691 0.00246894 -0.0144355 0.00103147 0.00188931 0.00306701 0.00631818 -0.00110465 -0.00135714 0.0119 0.00153226 0.00153226
internal_weight=95 80 15 71 65 48 27 21 17 12 15 15
internal_count=95 80 15 71 65 48 27 21 17 12 15 15
is_linear=0
shrinkage=0.025


Tree=166
num_leaves=13
num_cat=0
split_feature=1 3 2 3 0 2 0 4 2 4 3 0
split_gain=4.43558 1.83435 3.44268 0.87336 0.744547 1.4118 1.50765 2.16656 1.42223 0.611907 0.406186 0.354601
threshold=5.0000000000000009 5.0500000000000007 3.7500000000000004 4.9500000000000011 13.000000000000002 3.6500000000000008 9.0000000000000018 74.500000000000014 2.9500000000000006 115.00000000000001 4.2500000000000009 7.0000000000000009
decision_type=2 2 2 2 2 2 2 2 2 2 2 2
left_child=-1 3 9 4 5 6 7 8 -2 -3 -10 -7
right_child=1 2 -4 -5 -6 11 -8 -9 10 -11 -12 -13
leaf_value=-0.0012045442728993495 -5.6619662590728928e-05 0.00073448151412859879 0.0042178195916092063 -5.3614810011815006e-05 -0.00021539942935340229 -0.00088062344004614663 0.0004205726286390266 -9.4593708956947084e-05 0.00027412128583150229 -1.2486482368334607e-05 1.8996874027571444e-05 -5.3385468857714004e-05
leaf_weight=7.9999999999999991 7.0000000000000062 6.0000000000000044 5.9999999999999991 8.9999999999999982 5.9999999999999991 8.9999999999999982 5.9999999999999991 6.9999999999999991 5.9999999999999991 11 7.9999999999999991 5.9999999999999991
leaf_count=8 7 6 6 9 6 9 6 7 6 11 8 6
internal_value=-0.000248691 0.00141429 0.00739362 -0.000755814 0.000427928 0.0014899 0.00431159 0.00171053 0.00575581 0.00135714 0.0102586 -0.00475806
internal_weight=95 87 23 64 55 49 34 28 21 17 14 15
internal_count=95 87 23 64 55 49 34 28 21 17 14 15
is_linear=0
shrinkage=0.025


Tree=167
num_leaves=12
num_cat=0
split_feature=1 3 2 2 1 1 3 2 3 4 3
split_gain=4.17333 1.5338 1.68619 0.716293 2.0456 1.95262 1.79822 0.804082 0.558462 0.705718 0.0534815
threshold=5.0000000000000009 5.2500000000000009 3.6500000000000008 3.1500000000000008 14.000000000000002 18.000000000000004 4.7500000000000009 3.5500000000000003 4.2500000000000009 93.000000000000014 4.6500000000000012
decision_type=2 2 2 2 2 2 2 2 2 2 2
left_child=-1 3 -3 5 7 10 -6 -5 -9 -10 -2
right_child=1 2 -4 4 6 -7 -8 8 9 -11 -12
leaf_value=-0.0011744306660768701 0.00036235931181874962 3.2192857717716631e-06 0.003214559225084357 3.15568831279478e-06 1.301087721258809e-05 -0.001774760873102299 -2.3813612269041331e-05 0.00025340779462884047 -0.00038760690810593081 -9.2228866233023962e-05 4.7340611612156636e-05
leaf_weight=7.9999999999999991 6.0000000000000018 7.9999999999999982 7 9.0000000000000018 10.000000000000002 8.9999999999999982 11.999999999999998 6.0000000000000027 5.9999999999999982 7 7
leaf_count=8 6 8 7 9 10 9 12 6 6 7 7
internal_value=-0.000772251 0.000842857 0.00798387 -0.000672414 0.000965347 -0.00438889 0.00661111 -0.00346491 -0.00634615 -0.00916667 0.00175926
internal_weight=95 87 15 72 50 22 22 28 19 13 13
internal_count=95 87 15 72 50 22 22 28 19 13 13
is_linear=0
shrinkage=0.025


Tree=168
num_leaves=13
num_cat=0
split_feature=1 3 2 3 0 2 0 4 2 4 3 0
split_gain=4.43558 1.83435 3.44268 0.87336 0.744547 1.4118 1.50765 2.16656 1.42223 0.611907 0.406186 0.354601
threshold=5.0000000000000009 5.0500000000000007 3.7500000000000004 4.9500000000000011 13.000000000000002 3.6500000000000008 9.0000000000000018 74.500000000000014 2.9500000000000006 115.00000000000001 4.2500000000000009 7.0000000000000009
decision_type=2 2 2 2 2 2 2 2 2 2 2 2
left_child=-1 3 9 4 5 6 7 8 -2 -3 -10 -7
right_child=1 2 -4 -5 -6 11 -8 -9 10 -11 -12 -13
leaf_value=-0.0011450698994249497 -6.4263153821431115e-05 0.00069812199687560583 0.0040320101211918534 -5.1679099454793323e-05 -0.00018799256867094716 -0.00084891768134234271 0.00041019334711125954 -8.9923144577197531e-05 0.00026718936147788753 -1.2254802453437464e-05 1.8443059969058818e-05 -5.191579794806556e-05
leaf_weight=7.9999999999999991 7.0000000000000062 6.0000000000000044 5.9999999999999991 8.9999999999999982 5.9999999999999991 8.9999999999999982 5.9999999999999991 6.9999999999999991 5.9999999999999991 11 7.9999999999999991 5.9999999999999991
leaf_count=8 7 6 6 9 6 9 6 7 6 11 8 6
internal_value=-0.000248691 0.00141429 0.00739362 -0.000755814 0.000427928 0.0014899 0.00431159 0.00171053 0.00575581 0.00135714 0.0102586 -0.00475806
internal_weight=95 87 23 64 55 49 34 28 21 17 14 15
internal_count=95 87 23 64 55 49 34 28 21 17 14 15
is_linear=0
shrinkage=0.025


Tree=169
num_leaves=12
num_cat=0
split_feature=3 2 1 0 4 2 4 2 1 4 0
split_gain=4.23381 3.44268 2.46071 1.92474 0.656832 0.881082 1.53065 2.08164 0.611907 0.611907 0.153185
threshold=5.0500000000000007 3.7500000000000004 5.0000000000000009 11.000000000000002 100.00000000000001 3.6500000000000008 74.500000000000014 3.4500000000000006 14.000000000000002 115.00000000000001 13.000000000000002
decision_type=2 2 2 2 2 2 2 2 2 2 2
left_child=2 9 -1 4 5 6 7 8 -4 -2 -5
right_child=1 -3 3 10 -6 -7 -8 -9 -10 -11 -12
leaf_value=-0.0011164431519393226 0.00068066894695371645 0.0039312098681620672 3.0629762892153693e-05 -5.9636864627499178e-05 1.7701182587348543e-05 -0.00052034667019527079 -0.00014819981118087134 0.0003658764119243874 -0.0023218094157285152 -1.1948432392094866e-05 -0.00018329275445416737
leaf_weight=7.9999999999999991 6.0000000000000044 5.9999999999999991 11.000000000000009 5.9999999999999982 9.9999999999999982 11.999999999999998 6.9999999999999991 5.9999999999999991 5.9999999999999991 11 6
leaf_count=8 6 6 11 6 10 12 7 6 6 11 6
internal_value=-0.00181937 0.00739362 -0.00481034 -0.0030814 -0.000928571 -0.00232353 0 0.0031383 -0.00135714 0.00135714 -0.0119
internal_weight=95 23 72 64 52 42 30 23 17 17 12
internal_count=95 23 72 64 52 42 30 23 17 17 12
is_linear=0
shrinkage=0.025


Tree=170
num_leaves=12
num_cat=0
split_feature=3 2 1 0 1 2 3 4 4 3 0
split_gain=4.23381 3.44268 2.46071 1.92474 1.11507 1.56615 1.4333 0.611907 0.224984 0.2808 0.153185
threshold=5.0500000000000007 3.7500000000000004 5.0000000000000009 11.000000000000002 14.000000000000002 3.3500000000000001 4.7500000000000009 115.00000000000001 74.500000000000014 4.3500000000000005 13.000000000000002
decision_type=2 2 2 2 2 2 2 2 2 2 2
left_child=2 7 -1 4 5 -4 -6 -2 9 -7 -5
right_child=1 -3 3 10 6 8 -8 -9 -10 -11 -12
leaf_value=-0.001088532073140841 0.00066365222327987032 0.0038329296214580258 3.7397147285084256e-05 -5.814594301181697e-05 4.1527906599281295e-05 0.00014894197409132115 -5.0829651533101929e-05 -1.164972158229638e-05 -0.00014449481590135261 -4.2842996868963647e-06 -0.00017871043559281041
leaf_weight=7.9999999999999991 6.0000000000000044 5.9999999999999991 9.9999999999999982 5.9999999999999982 8.0000000000000018 6 8.9999999999999982 11 13 6 6
leaf_count=8 6 6 10 6 8 6 9 11 13 6 6
internal_value=-0.00181937 0.00739362 -0.00481034 -0.0030814 -0.000928571 -0.00348592 0.00421429 0.00135714 -0.00681373 -0.0039 -0.0119
internal_weight=95 23 72 64 52 35 17 17 25 12 12
internal_count=95 23 72 64 52 35 17 17 25 12 12
is_linear=0
shrinkage=0.025


Tree=171
num_leaves=13
num_cat=0
split_feature=1 3 4 2 2 3 0 0 2 4 3 4
split_gain=3.42569 2.35311 1.76325 1.68619 0.75358 1.28297 1.26871 1.18335 0.759554 0.379427 0.2808 0.0607037
threshold=5.0000000000000009 5.2500000000000009 152.50000000000003 3.6500000000000008 3.3500000000000001 4.7500000000000009 7.0000000000000009 11.000000000000002 2.9500000000000006 74.500000000000014 4.3500000000000005 100.00000000000001
decision_type=2 2 2 2 2 2 2 2 2 2 2 2
left_child=-1 2 4 -3 5 8 9 11 -2 10 -6 -8
right_child=1 3 -4 -5 6 -7 7 -9 -10 -11 -12 -13
leaf_value=-0.0010613187713123197 0.00035320623511437833 4.0351275381600438e-06 -0.00017424267470298461 0.0028392915041869585 0.00014521842473903536 -0.00087370973143596211 0.00054297208947340911 -5.4264819917426713e-05 4.9611911531094457e-05 -0.00075776661577040558 -4.1771921947209028e-06 6.6899688407673356e-06
leaf_weight=7.9999999999999991 6.0000000000000027 7.9999999999999982 5.9999999999999991 7 6.0000000000000018 9.9999999999999982 6.0000000000000018 5.9999999999999991 7.9999999999999991 10.999999999999998 6 7
leaf_count=8 6 8 6 7 6 10 6 6 8 11 6 7
internal_value=-0.00234293 -0.000842857 -0.00274138 0.00798387 -0.00148496 0.0019898 -0.0035 0.00121795 0.00681034 -0.00739362 -0.0039 0.00546296
internal_weight=95 87 72 15 66 24 42 19 14 23 12 13
internal_count=95 87 72 15 66 24 42 19 14 23 12 13
is_linear=0
shrinkage=0.025


Tree=172
num_leaves=12
num_cat=0
split_feature=1 3 2 0 4 2 4 3 3 4 0
split_gain=3.91874 2.59399 3.44268 2.28332 1.85307 0.881082 1.53065 1.52349 0.621774 0.611907 0.153185
threshold=5.0000000000000009 5.0500000000000007 3.7500000000000004 11.000000000000002 100.00000000000001 3.6500000000000008 74.500000000000014 4.2500000000000009 4.5500000000000007 115.00000000000001 13.000000000000002
decision_type=2 2 2 2 2 2 2 2 2 2 2
left_child=-1 3 9 4 5 6 7 -2 -9 -3 -5
right_child=1 2 -4 10 -6 -7 -8 8 -10 -11 -12
leaf_value=-0.0010347858020295087 0.0002681289580761859 0.00062249114553848412 0.0036661240933169026 -5.3835950753766686e-05 1.8275285680496858e-05 -0.00049595396689597337 -0.00012193828010955699 -3.9753528501751406e-05 2.4412874332857548e-05 -1.1459356731191583e-05 -0.00016988660783541222
leaf_weight=7.9999999999999991 8.0000000000000053 6.0000000000000044 5.9999999999999991 5.9999999999999982 9.9999999999999982 11.999999999999998 6.9999999999999991 5.9999999999999991 8.9999999999999982 11 6
leaf_count=8 8 6 6 6 10 12 7 6 9 11 6
internal_value=-0.00129581 0.000271429 0.00739362 -0.0023062 0 -0.00232353 0 0.0031383 -0.00153226 0.00135714 -0.0119
internal_weight=95 87 23 64 52 42 30 23 15 17 12
internal_count=95 87 23 64 52 42 30 23 15 17 12
is_linear=0
shrinkage=0.025


Tree=173
num_leaves=11
num_cat=0
split_feature=1 2 4 0 3 0 3 1 0 2
split_gain=4.17333 2.52819 2.40439 0.767176 1.59725 0.366021 1.00552 0.39429 0.469771 0.0367742
threshold=5.0000000000000009 3.9500000000000006 152.50000000000003 5.0000000000000009 4.3500000000000005 7.0000000000000009 4.7500000000000009 18.000000000000004 13.000000000000002 3.5500000000000003
decision_type=2 2 2 2 2 2 2 2 2 2
left_child=-1 2 3 -2 -5 -6 -7 9 -9 -8
right_child=1 -3 -4 4 5 6 7 8 -10 -11
leaf_value=-0.001008916156978773 -0.00032823495467680376 0.0013306642533407521 -0.00016563944263952026 2.5126810511577616e-05 -9.6352681520101016e-05 3.7852089104606359e-05 -0.00069543491700393425 -0.00010375941261142607 4.2207332679899958e-06 0.00015055716502927475
leaf_weight=7.9999999999999991 5.9999999999999991 8.9999999999999982 5.9999999999999991 12.999999999999998 9.9999999999999982 8.9999999999999982 5.9999999999999991 9.0000000000000018 9.9999999999999982 8.9999999999999982
leaf_count=8 6 9 6 13 10 9 6 9 10 9
internal_value=-0.000772251 0.000842857 -0.000621019 0.000672414 0.00148496 -0.000443925 0.000545977 -0.00141304 -0.00378205 0.00153226
internal_weight=95 87 78 72 66 53 43 34 19 15
internal_count=95 87 78 72 66 53 43 34 19 15
is_linear=0
shrinkage=0.025


Tree=174
num_leaves=11
num_cat=0
split_feature=1 4 3 0 3 2 1 0 4 3
split_gain=4.17333 1.76658 3.75187 0.970817 1.32011 0.991358 0.651314 0.469771 0.354545 0.208382
threshold=5.0000000000000009 132.50000000000003 4.4500000000000011 7.0000000000000009 4.7500000000000009 3.4500000000000006 18.000000000000004 13.000000000000002 93.000000000000014 4.2500000000000009
decision_type=2 2 2 2 2 2 2 2 2 2
left_child=-1 3 -3 5 -5 -2 8 -8 -6 -7
right_child=1 2 -4 4 6 9 7 -9 -10 -11
leaf_value=-0.00098369325305430202 2.0357398134751572e-05 -2.1466422756954986e-05 0.0044607759447732763 3.0702213562888712e-05 0.0013430901942613205 -0.00011068394923989811 -0.00010116542729614597 4.1152149362955196e-06 4.6423132585005081e-05 -0.00018497073081943374
leaf_weight=7.9999999999999991 9.0000000000000018 6.9999999999999982 6 9.9999999999999982 5.9999999999999991 7.0000000000000027 9.0000000000000018 9.9999999999999982 9.9999999999999982 12.999999999999998
leaf_count=8 9 7 6 10 6 7 9 10 10 13
internal_value=-0.000772251 0.000842857 0.00916667 -0.000654362 0.00162088 -0.00419492 -0.000669014 -0.00378205 0.00295455 -0.0072561
internal_weight=95 87 13 74 45 29 35 19 16 20
internal_count=95 87 13 74 45 29 35 19 16 20
is_linear=0
shrinkage=0.025


Tree=175
num_leaves=12
num_cat=0
split_feature=0 2 2 4 3 3 0 4 2 1 3
split_gain=4.82858 1.97823 1.24668 4.11724 2.05162 1.92883 1.86483 1.06889 0.601249 0.185112 0.0621075
threshold=5.0000000000000009 3.3500000000000001 3.1500000000000008 132.50000000000003 4.4500000000000011 4.5500000000000007 7.0000000000000009 100.00000000000001 3.6500000000000008 18.000000000000004 5.2500000000000009
decision_type=2 2 2 2 2 2 2 2 2 2 2
left_child=1 -1 5 4 -4 -2 -6 -8 10 -7 -9
right_child=2 -3 3 -5 6 9 7 8 -10 -11 -12
leaf_value=-0.0015667116025324668 -8.516308022321617e-05 -0.00031633339730914871 2.3731084909717204e-05 0.0011193046427692033 -0.00057650757466883311 0.0012169016520146181 0.0012224177382606839 5.7579323077927576e-06 -0.0002457479183918143 -0.00085385205708719001 4.0123345628972911e-06
leaf_weight=5.9999999999999991 8.0000000000000018 9.9999999999999982 10.999999999999998 9.9999999999999982 7.9999999999999991 7.9999999999999982 7.0000000000000027 7.0000000000000027 5.9999999999999991 6 7.9999999999999991
leaf_count=6 8 10 11 10 8 8 7 7 6 6 8
internal_value=0.000248691 -0.0120455 0.00281447 0.00476087 0.00155263 -0.00216667 -0.00133562 0.00171053 -0.00110465 0.00336207 0.00153226
internal_weight=95 16 79 57 47 22 36 28 21 14 15
internal_count=95 16 79 57 47 22 36 28 21 14 15
is_linear=0
shrinkage=0.025


Tree=176
num_leaves=13
num_cat=0
split_feature=1 3 2 4 2 3 0 4 2 4 3 3
split_gain=4.17333 2.19787 3.44268 2.15849 1.22863 1.22591 1.50765 2.16656 1.42223 0.611907 0.406186 0.404822
threshold=5.0000000000000009 5.0500000000000007 3.7500000000000004 152.50000000000003 3.6500000000000008 4.9500000000000011 9.0000000000000018 74.500000000000014 2.9500000000000006 115.00000000000001 4.2500000000000009 4.4500000000000011
decision_type=2 2 2 2 2 2 2 2 2 2 2 2
left_child=-1 3 9 4 5 6 7 8 -2 -3 -10 -6
right_child=1 2 -4 -5 11 -7 -8 -9 10 -11 -12 -13
leaf_value=-0.00093556285922992703 -7.1201593606207156e-05 0.00060744491688304318 0.0034541358667535605 -0.00017675105334158392 -0.00038866344146651913 -0.00018295284022001868 0.00034862868208433988 -0.00010000851557617763 0.0002682338696851139 -1.1481579882088867e-05 5.561160778760899e-06 -0.00012921318341809762
leaf_weight=7.9999999999999991 7.0000000000000062 6.0000000000000044 5.9999999999999991 5.9999999999999991 6.0000000000000027 5.9999999999999991 5.9999999999999991 6.9999999999999991 5.9999999999999991 11 7.9999999999999991 11.999999999999998
leaf_count=8 7 6 6 6 6 6 6 7 6 11 8 12
internal_value=-0.000772251 0.000842857 0.00739362 -0.00153101 0 0.00243827 0.00431159 0.00171053 0.00575581 0.00135714 0.0102586 -0.00533784
internal_weight=95 87 23 64 58 40 34 28 21 17 14 18
internal_count=95 87 23 64 58 40 34 28 21 17 14 18
is_linear=0
shrinkage=0.025


Tree=177
num_leaves=13
num_cat=0
split_feature=1 3 2 0 1 3 2 4 3 4 3 0
split_gain=3.91874 2.59399 3.44268 2.28332 0.742427 1.4333 1.24185 0.611907 0.558462 0.705718 0.354545 0.153185
threshold=5.0000000000000009 5.0500000000000007 3.7500000000000004 11.000000000000002 14.000000000000002 4.7500000000000009 3.5500000000000003 115.00000000000001 4.2500000000000009 93.000000000000014 4.3500000000000005 13.000000000000002
decision_type=2 2 2 2 2 2 2 2 2 2 2 2
left_child=-1 3 7 4 6 -6 10 -3 -8 -10 -2 -5
right_child=1 2 -4 11 5 -7 8 -9 9 -11 -12 -13
leaf_value=-0.0009121737877491765 -1.2572884958872434e-06 0.0005922587939609647 0.0033677824700847126 -5.4684574263857977e-05 3.5722249305364385e-05 -5.0677676350352477e-05 0.00030169859687713131 -1.1194540385028874e-05 -0.00033984204089645422 -0.0001238682835272953 5.4221317592972889e-06 -0.00016946978920289181
leaf_weight=7.9999999999999991 9.9999999999999982 6.0000000000000044 5.9999999999999991 5.9999999999999982 8.0000000000000018 8.9999999999999982 6.0000000000000027 11 5.9999999999999982 7 5.9999999999999991 6
leaf_count=8 10 6 6 6 8 9 6 11 6 7 6 6
internal_value=-0.00129581 0.000271429 0.00739362 -0.0023062 0 0.00421429 -0.00207746 0.00135714 -0.00634615 -0.00916667 0.00295455 -0.0119
internal_weight=95 87 23 64 52 17 35 17 19 13 16 12
internal_count=95 87 23 64 52 17 35 17 19 13 16 12
is_linear=0
shrinkage=0.025


Tree=178
num_leaves=13
num_cat=0
split_feature=1 2 4 4 2 2 0 2 0 1 2 3
split_gain=3.91874 2.76765 2.20163 0.854932 1.01896 0.770411 1.31896 0.730509 0.621774 0.60557 0.0621075 0.0534815
threshold=5.0000000000000009 3.9500000000000006 152.50000000000003 74.500000000000014 3.1500000000000008 3.5500000000000003 9.0000000000000018 3.6500000000000008 7.0000000000000009 18.000000000000004 3.4500000000000006 4.6500000000000012
decision_type=2 2 2 2 2 2 2 2 2 2 2 2
left_child=-1 2 3 4 9 10 8 -6 -7 11 -5 -2
right_child=1 -3 -4 5 7 6 -8 -9 -10 -11 -12 -13
leaf_value=-0.00088936944305544887 0.0003443248302088309 0.0012078705839889904 -0.00016953034746470809 4.5948154240327278e-05 3.7697048554452554e-05 -0.00083693194931182551 -0.00019630419871701223 0.00050382865472935472 1.2832951223673561e-05 -0.00085117635339331259 -1.6945253791345041e-05 9.7337462411029043e-06
leaf_weight=7.9999999999999991 6.0000000000000018 8.9999999999999982 5.9999999999999991 6.9999999999999973 11.000000000000002 6.0000000000000009 5.9999999999999991 5.9999999999999991 9 5.9999999999999991 8 7
leaf_count=8 6 9 6 7 11 6 6 6 9 6 8 7
internal_value=-0.00129581 0.000271429 -0.00125796 0 0.00270548 -0.00270548 -0.00575581 0.00707143 -0.00153226 -0.00121795 0.00153226 0.00175926
internal_weight=95 87 78 72 36 36 21 17 15 19 15 13
internal_count=95 87 78 72 36 36 21 17 15 19 15 13
is_linear=0
shrinkage=0.025


Tree=179
num_leaves=13
num_cat=0
split_feature=1 3 4 2 2 4 0 4 3 3 3 0
split_gain=3.66953 2.43223 1.8263 1.6069 1.2045 1.2107 0.853522 0.898799 1.92883 0.638481 0.322759 0.0534815
threshold=5.0000000000000009 5.1500000000000012 152.50000000000003 3.6500000000000008 3.6500000000000008 86.000000000000014 9.0000000000000018 74.500000000000014 4.2500000000000009 4.6500000000000012 4.5500000000000007 15.000000000000002
decision_type=2 2 2 2 2 2 2 2 2 2 2 2
left_child=-1 2 4 11 6 -6 7 8 -2 -7 -10 -3
right_child=1 3 -4 -5 5 9 -8 -9 10 -11 -12 -13
leaf_value=-0.00086713520697905835 0.00026015478471901331 1.4319355025638192e-05 -0.00016529208877808511 0.002303142770206601 -9.4465081921379929e-05 3.1640513810415881e-05 3.1938942252973669e-05 -4.9731558222187999e-05 -3.9050628916592613e-05 -0.00023014925774597075 -0.0022978058770837528 1.636803482645277e-05
leaf_weight=7.9999999999999991 8.0000000000000018 7.0000000000000018 5.9999999999999991 6.9999999999999991 6.0000000000000027 6.9999999999999982 8.9999999999999982 10.999999999999998 5.9999999999999991 6 7.9999999999999991 6
leaf_count=8 8 7 6 7 6 7 9 11 6 6 8 6
internal_value=-0.00181937 -0.000271429 -0.00257407 0.0072561 -0.00119919 -0.00634615 0.00114706 -0.000708955 0.00216667 -0.00175926 -0.00336207 0.00175926
internal_weight=95 87 67 20 61 19 42 33 22 13 14 13
internal_count=95 87 67 20 61 19 42 33 22 13 14 13
is_linear=0
shrinkage=0.025


Tree=180
num_leaves=14
num_cat=0
split_feature=1 3 4 2 2 4 3 0 4 2 3 3 0
split_gain=3.91874 2.07964 2.05206 1.60898 1.6069 1.2107 1.10639 1.50765 2.16656 1.42223 0.638481 0.406186 0.0534815
threshold=5.0000000000000009 5.1500000000000012 152.50000000000003 3.6500000000000008 3.6500000000000008 86.000000000000014 4.9500000000000011 9.0000000000000018 74.500000000000014 2.9500000000000006 4.6500000000000012 4.2500000000000009 15.000000000000002
decision_type=2 2 2 2 2 2 2 2 2 2 2 2 2
left_child=-1 2 3 6 12 -5 7 8 9 -2 -7 -11 -3
right_child=1 4 -4 5 -6 10 -8 -9 -10 11 -12 -13 -14
leaf_value=-0.00084545682680458591 -7.7021976585944796e-05 1.3961371149995295e-05 -0.00016115978655863452 -9.2103454873349039e-05 0.0022455642009514333 3.0849500965157706e-05 -8.8812414915956372e-05 0.00034042379946901406 -9.5809950174041705e-05 0.00025365091510103354 -0.0002243955263023234 3.3904399855383409e-05 1.5958833955798114e-05
leaf_weight=7.9999999999999991 7.0000000000000062 7.0000000000000018 5.9999999999999991 6.0000000000000027 6.9999999999999991 6.9999999999999982 7.9999999999999991 5.9999999999999991 6.9999999999999991 5.9999999999999991 6 7.9999999999999991 6
leaf_count=8 7 7 6 6 7 7 8 6 7 6 6 8 6
internal_value=-0.00129581 0.000271429 -0.00183333 -0.000386179 0.0072561 -0.00634615 0.00232353 0.00431159 0.00171053 0.00575581 -0.00175926 0.0102586 0.00175926
internal_weight=95 87 67 61 20 19 42 34 28 21 13 14 13
internal_count=95 87 67 61 20 19 42 34 28 21 13 14 13
is_linear=0
shrinkage=0.025


Tree=181
num_leaves=11
num_cat=0
split_feature=3 1 2 3 0 2 4 3 4 2
split_gain=4.70935 2.40419 1.19469 0.872376 1.70452 1.39083 1.55701 0.804082 0.663048 0.657528
threshold=4.0500000000000007 34.000000000000007 3.2500000000000004 5.1500000000000012 11.000000000000002 3.6500000000000008 86.000000000000014 4.7500000000000009 115.00000000000001 3.2500000000000004
decision_type=2 2 2 2 2 2 2 2 2 2
left_child=2 3 -1 4 5 7 -7 9 -5 -2
right_child=1 -3 -4 8 -6 6 -8 -9 -10 -11
leaf_value=-0.001340624731798712 2.3909479845085627e-05 0.0041745702697517321 -9.3414701419691776e-05 0.0010355513113859073 -7.1623925142794148e-05 -8.9800868501510592e-05 -0.0001710358020512226 -4.6267958893730921e-05 3.3587980129312635e-06 0.0003705590466013653
leaf_weight=5.9999999999999991 11.000000000000005 5.9999999999999991 8.9999999999999982 7.0000000000000009 10.999999999999998 6.0000000000000027 11.999999999999998 8.9999999999999982 10 7.9999999999999991
leaf_count=6 11 6 9 7 11 6 12 9 10 8
internal_value=-0.00181937 0.00060559 -0.0144355 -0.000654362 -0.00215217 0 -0.00533784 0.00346491 0.00421429 0.00634615
internal_weight=95 80 15 74 57 46 18 28 17 19
internal_count=95 80 15 74 57 46 18 28 17 19
is_linear=0
shrinkage=0.025


Tree=182
num_leaves=13
num_cat=0
split_feature=1 3 4 2 2 3 0 0 2 4 3 4
split_gain=3.42569 2.35311 1.76325 1.68619 0.75358 1.28297 1.26871 1.18335 0.759554 0.379427 0.2808 0.0607037
threshold=5.0000000000000009 5.2500000000000009 152.50000000000003 3.6500000000000008 3.3500000000000001 4.7500000000000009 7.0000000000000009 11.000000000000002 2.9500000000000006 74.500000000000014 4.3500000000000005 100.00000000000001
decision_type=2 2 2 2 2 2 2 2 2 2 2 2
left_child=-1 2 4 -3 5 8 9 11 -2 10 -6 -8
right_child=1 3 -4 -5 6 -7 7 -9 -10 -11 -12 -13
leaf_value=-0.00082198503859898806 0.00033428071992461228 3.2748280626049288e-06 -0.00020412031821038791 0.0020850608391838723 0.00012369557021873478 -0.00084695408023524046 0.00033173977561202773 -3.7089405578094597e-05 4.8899511817090961e-05 -0.00069503773389709709 -1.2228077865283905e-05 2.8151642095564092e-05
leaf_weight=7.9999999999999991 6.0000000000000027 7.9999999999999982 5.9999999999999991 7 6.0000000000000018 9.9999999999999982 6.0000000000000018 5.9999999999999991 7.9999999999999991 10.999999999999998 6 7
leaf_count=8 6 8 6 7 6 10 6 6 8 11 6 7
internal_value=-0.00234293 -0.000842857 -0.00274138 0.00798387 -0.00148496 0.0019898 -0.0035 0.00121795 0.00681034 -0.00739362 -0.0039 0.00546296
internal_weight=95 87 72 15 66 24 42 19 14 23 12 13
internal_count=95 87 72 15 66 24 42 19 14 23 12 13
is_linear=0
shrinkage=0.025


Tree=183
num_leaves=12
num_cat=0
split_feature=1 3 2 3 1 3 2 3 0 0 0
split_gain=3.91874 2.07964 1.6069 1.40096 1.85759 1.45208 1.90283 1.39447 0.148341 0.118548 0.0534815
threshold=5.0000000000000009 5.1500000000000012 3.6500000000000008 4.3500000000000005 10.000000000000002 4.4500000000000011 3.5500000000000003 4.7500000000000009 7.0000000000000009 9.0000000000000018 15.000000000000002
decision_type=2 2 2 2 2 2 2 2 2 2 2
left_child=-1 3 10 4 -2 -5 7 -7 -8 -10 -3
right_child=1 2 -4 5 -6 6 8 -9 9 -11 -12
leaf_value=-0.00080143541263401623 -9.4449763633025496e-05 8.8974060924895692e-06 0.0020329343182042825 -0.00030102776317293413 2.208925505353676e-05 7.7615499226962878e-05 -0.00015958817186356722 -0.00012419841692437039 -7.0359810998565919e-06 -3.6162170438647222e-05 1.539402245500643e-05
leaf_weight=7.9999999999999991 8.0000000000000018 7.0000000000000018 6.9999999999999991 8.9999999999999982 12.999999999999998 7.9999999999999982 7.0000000000000027 7 8.9999999999999982 5.9999999999999991 6
leaf_count=8 8 7 7 9 13 8 7 7 9 6 6
internal_value=-0.00129581 0.000271429 0.0072561 -0.00183333 0.00343023 -0.00427419 -0.00196667 0.00475806 -0.00661111 -0.00475806 0.00175926
internal_weight=95 87 20 67 21 46 37 15 22 15 13
internal_count=95 87 20 67 21 46 37 15 22 15 13
is_linear=0
shrinkage=0.025


Tree=184
num_leaves=12
num_cat=0
split_feature=1 3 2 3 1 3 2 3 0 0 0
split_gain=3.91874 2.07964 1.6069 1.40096 1.85759 1.45208 1.90283 1.39447 0.148341 0.118548 0.0534815
threshold=5.0000000000000009 5.1500000000000012 3.6500000000000008 4.3500000000000005 10.000000000000002 4.4500000000000011 3.5500000000000003 4.7500000000000009 7.0000000000000009 9.0000000000000018 15.000000000000002
decision_type=2 2 2 2 2 2 2 2 2 2 2
left_child=-1 3 10 4 -2 -5 7 -7 -8 -10 -3
right_child=1 2 -4 5 -6 6 8 -9 9 -11 -12
leaf_value=-0.00078139952731816624 -9.2088519542204983e-05 8.6749709401812151e-06 0.001982110960249184 -0.00029350206909362075 2.1537023677198342e-05 7.5675111746292825e-05 -0.00015559846756697527 -0.00012109345650126447 -6.8600815723574016e-06 -3.5258116177683264e-05 1.5009171893631824e-05
leaf_weight=7.9999999999999991 8.0000000000000018 7.0000000000000018 6.9999999999999991 8.9999999999999982 12.999999999999998 7.9999999999999982 7.0000000000000027 7 8.9999999999999982 5.9999999999999991 6
leaf_count=8 8 7 7 9 13 8 7 7 9 6 6
internal_value=-0.00129581 0.000271429 0.0072561 -0.00183333 0.00343023 -0.00427419 -0.00196667 0.00475806 -0.00661111 -0.00475806 0.00175926
internal_weight=95 87 20 67 21 46 37 15 22 15 13
internal_count=95 87 20 67 21 46 37 15 22 15 13
is_linear=0
shrinkage=0.025


Tree=185
num_leaves=13
num_cat=0
split_feature=1 3 0 4 2 4 2 2 4 3 0 0
split_gain=3.91874 2.07964 2.09542 1.66914 1.73961 2.07832 1.6069 1.4093 0.705718 0.611907 0.406186 0.0534815
threshold=5.0000000000000009 5.1500000000000012 11.000000000000002 100.00000000000001 3.6500000000000008 74.500000000000014 3.6500000000000008 3.4500000000000006 86.000000000000014 4.2500000000000009 13.000000000000002 15.000000000000002
decision_type=2 2 2 2 2 2 2 2 2 2 2 2
left_child=-1 2 3 4 5 7 11 9 -6 -2 -4 -3
right_child=1 6 10 -5 8 -7 -8 -9 -10 -11 -12 -13
leaf_value=-0.00076186453913520968 2.5497137218039035e-05 8.4580966666747421e-06 -3.4376663273238962e-05 3.0177481540810681e-05 -7.9370478856577445e-05 -0.00012424325636095634 0.001932558186242961 0.00037796140390266024 -0.000777495984424681 -8.5141839133806579e-05 -0.00010010486580969147 1.4633942596287143e-05
leaf_weight=7.9999999999999991 6.0000000000000098 7.0000000000000018 5.9999999999999991 9.9999999999999982 5.9999999999999982 6.9999999999999991 6.9999999999999991 5.9999999999999991 7 10.999999999999998 7.9999999999999991 6
leaf_count=8 6 7 6 10 6 7 7 6 7 11 8 6
internal_value=-0.00129581 0.000271429 -0.00183333 0.000443925 -0.0016954 0.00159836 0.0072561 0.00526596 -0.00916667 0.00135714 -0.0102586 0.00175926
internal_weight=95 87 67 53 43 30 20 23 13 17 14 13
internal_count=95 87 67 53 43 30 20 23 13 17 14 13
is_linear=0
shrinkage=0.025


Tree=186
num_leaves=12
num_cat=0
split_feature=1 3 2 3 1 3 2 3 0 0 0
split_gain=3.91874 2.07964 1.6069 1.40096 1.85759 1.45208 1.90283 1.39447 0.148341 0.118548 0.0534815
threshold=5.0000000000000009 5.1500000000000012 3.6500000000000008 4.3500000000000005 10.000000000000002 4.4500000000000011 3.5500000000000003 4.7500000000000009 7.0000000000000009 9.0000000000000018 15.000000000000002
decision_type=2 2 2 2 2 2 2 2 2 2 2
left_child=-1 3 10 4 -2 -5 7 -7 -8 -10 -3
right_child=1 2 -4 5 -6 6 8 -9 9 -11 -12
leaf_value=-0.00074281792565683016 -8.855198006436083e-05 8.2466442500095386e-06 0.0018842442315868846 -0.00028366189572102133 2.0361169654814493e-05 7.012298939302331e-05 -0.00014972424390639061 -0.0001155634984434828 -4.7043175616323656e-06 -3.3517246691405765e-05 1.4268094031377743e-05
leaf_weight=7.9999999999999991 8.0000000000000018 7.0000000000000018 6.9999999999999991 8.9999999999999982 12.999999999999998 7.9999999999999982 7.0000000000000027 7 8.9999999999999982 5.9999999999999991 6
leaf_count=8 8 7 7 9 13 8 7 7 9 6 6
internal_value=-0.00129581 0.000271429 0.0072561 -0.00183333 0.00343023 -0.00427419 -0.00196667 0.00475806 -0.00661111 -0.00475806 0.00175926
internal_weight=95 87 20 67 21 46 37 15 22 15 13
internal_count=95 87 20 67 21 46 37 15 22 15 13
is_linear=0
shrinkage=0.025


Tree=187
num_leaves=12
num_cat=0
split_feature=1 3 4 2 2 3 1 2 4 3 0
split_gain=4.17333 1.75642 2.28613 2.07486 1.6069 1.44631 1.65514 1.75929 1.2107 0.638481 0.0534815
threshold=5.0000000000000009 5.1500000000000012 152.50000000000003 3.6500000000000008 3.6500000000000008 4.9500000000000011 10.000000000000002 2.9500000000000006 86.000000000000014 4.6500000000000012 15.000000000000002
decision_type=2 2 2 2 2 2 2 2 2 2 2
left_child=-1 2 3 5 10 6 -2 -8 -5 -10 -3
right_child=1 4 -4 8 -6 -7 7 -9 9 -11 -12
leaf_value=-0.0007242474775154107 -6.3720052546767386e-05 8.0404781437559688e-06 -0.0001745598954101868 -7.5283923715663289e-05 0.0018371381257972219 -7.9389444744426557e-05 0.00040050613619844192 2.2264988614062456e-05 3.1296244191747484e-05 -0.00021296474140696799 1.3911391680587748e-05
leaf_weight=7.9999999999999991 10.999999999999998 7.0000000000000018 5.9999999999999991 6.0000000000000027 6.9999999999999991 7.9999999999999991 8.0000000000000018 14.999999999999998 6.9999999999999982 6 6
leaf_count=8 11 7 6 6 7 8 8 15 7 6 6
internal_value=-0.000772251 0.000842857 -0.00109259 0.000386179 0.0072561 0.0035 0.00576087 0.00952128 -0.00634615 -0.00175926 0.00175926
internal_weight=95 87 67 61 20 42 34 23 19 13 13
internal_count=95 87 67 61 20 42 34 23 19 13 13
is_linear=0
shrinkage=0.025


end of trees

feature_importances:
base_clock_ghz=486
boost_clock_ghz=464
thread_count=349
core_count=317
tdp_watts=231

parameters:
[boosting: gbdt]
[objective: regression_l1]
[metric: l1]
[tree_learner: serial]
[device_type: cpu]
[data_sample_strategy: bagging]
[data: ]
[valid: ]
[num_iterations: 700]
[learning_rate: 0.025]
[num_leaves: 16]
[num_threads: 1]
[seed: 20260722]
[deterministic: 1]
[force_col_wise: 1]
[force_row_wise: 0]
[histogram_pool_size: -1]
[max_depth: -1]
[min_data_in_leaf: 6]
[min_sum_hessian_in_leaf: 0.001]
[bagging_fraction: 1]
[pos_bagging_fraction: 1]
[neg_bagging_fraction: 1]
[bagging_freq: 0]
[bagging_seed: 20260722]
[bagging_by_query: 0]
[feature_fraction: 1]
[feature_fraction_bynode: 1]
[feature_fraction_seed: 20260722]
[extra_trees: 0]
[extra_seed: 20260722]
[early_stopping_round: 0]
[early_stopping_min_delta: 0]
[first_metric_only: 0]
[max_delta_step: 0]
[lambda_l1: 0.05]
[lambda_l2: 0.5]
[linear_lambda: 0]
[min_gain_to_split: 0]
[drop_rate: 0.1]
[max_drop: 50]
[skip_drop: 0.5]
[xgboost_dart_mode: 0]
[uniform_drop: 0]
[drop_seed: 20260722]
[top_rate: 0.2]
[other_rate: 0.1]
[min_data_per_group: 100]
[max_cat_threshold: 32]
[cat_l2: 10]
[cat_smooth: 10]
[max_cat_to_onehot: 4]
[top_k: 20]
[monotone_constraints: ]
[monotone_constraints_method: basic]
[monotone_penalty: 0]
[feature_contri: ]
[forcedsplits_filename: ]
[refit_decay_rate: 0.9]
[cegb_tradeoff: 1]
[cegb_penalty_split: 0]
[cegb_penalty_feature_lazy: ]
[cegb_penalty_feature_coupled: ]
[path_smooth: 0]
[interaction_constraints: ]
[verbosity: -1]
[saved_feature_importance_type: 0]
[use_quantized_grad: 0]
[num_grad_quant_bins: 4]
[quant_train_renew_leaf: 0]
[stochastic_rounding: 1]
[linear_tree: 0]
[max_bin: 255]
[max_bin_by_feature: ]
[min_data_in_bin: 3]
[bin_construct_sample_cnt: 200000]
[data_random_seed: 20260722]
[is_enable_sparse: 1]
[enable_bundle: 1]
[use_missing: 1]
[zero_as_missing: 0]
[feature_pre_filter: 1]
[pre_partition: 0]
[two_round: 0]
[header: 0]
[label_column: ]
[weight_column: ]
[group_column: ]
[ignore_column: ]
[categorical_feature: ]
[forcedbins_filename: ]
[precise_float_parser: 0]
[parser_config_file: ]
[objective_seed: 28388]
[num_class: 1]
[is_unbalance: 0]
[scale_pos_weight: 1]
[sigmoid: 1]
[boost_from_average: 1]
[reg_sqrt: 0]
[alpha: 0.9]
[fair_c: 1]
[poisson_max_delta_step: 0.7]
[tweedie_variance_power: 1.5]
[lambdarank_truncation_level: 30]
[lambdarank_norm: 1]
[label_gain: ]
[lambdarank_position_bias_regularization: 0]
[eval_at: ]
[multi_error_top_k: 1]
[auc_mu_weights: ]
[num_machines: 1]
[local_listen_port: 12400]
[time_out: 120]
[machine_list_filename: ]
[machines: ]
[gpu_platform_id: -1]
[gpu_device_id: -1]
[gpu_device_id_list: ]
[gpu_use_dp: 0]
[num_gpu: 1]

end of parameters

pandas_categorical:[]
