tree
version=v4
num_class=1
num_tree_per_iteration=1
label_index=0
max_feature_idx=22
objective=binary sigmoid:1
feature_names=exact_mpn_match exact_gtin_match brand_match category_match model_token_overlap character_similarity numeric_token_agreement capacity_agreement form_factor_agreement specification_overlap embedding_cosine_similarity relative_price_difference price_missing numeric_conflict mpn_mismatch gtin_mismatch brand_mismatch numeric_conflict_count numeric_conflict_severity capacity_conflict module_count_conflict power_conflict radiator_conflict
feature_infos=[0:1] none [0:1] none [0:1] [0:1] [0:1] [0:1] none [0.076923076923076927:0.75] [-0.053894204336721867:0.99395001100445368] none none none [0:1] none [0:1] none none none none none none
tree_sizes=871 880 883 885 889 887 874 891 887 886 891 887 893 890 892 892 892 891 885 892 884 885 890 888 779 882 892 890 896 894 891 892 888 894 889 899 784 888 884 882 881 898 883 883 886 884 895 885 884 888 895 889 886 889 887 899 883 883 899 896 886 896 891 895 894 895 887 898 891 886 893 888 897 893 892 894 896 896 896 892 888 894 892 885 899 892 896 890 896 896 893 889 893 900 894 886 903 889 889 894 895 898 894 887 896 893 893 900 893 891 893 894 896 905 897 892 891 890 894 902 894 896 893 896 899 892 898 895 903 894 894 892 895 891 892 898 898 898 897 900 890 896 899 887 901 899 895 891 901 893 894 897 899 901 890 899 898 901 894 902 903 889 900 903 905 900 901 900 899 898 890 905 903 898 889 891 899 900 901 896 898 887 890 903 911 888 890 900 903 900 894 897 909 901 892 903 891 900 890 898 885 909 896 902 890 895 902 894 902 896 902 894 898 885 906 900 882 900 897 896 899 901 883 885 901 902 897 893 903 905 905 892 900 893 904 902 898 898 883 902 899 905 887 891 898 905 895 899 902 898 901 898 885 894 899 901 899 897 900 909 899 883 903 889 884 891 896 895 906 897 898 897 906 900 902 903 902 896 905 887 905 891 900 896 903 905 904 896 891 898 903 905 892 891 899 897 891 897 896 900 898 906 904 893 910 898 897 890 900 900 892 905 894 890 889 903 900 901 896 907 885 889 898 905 886 899 905 884 904 903 905 902 886 904 900 896 889 892 902 909 887 899 890 904 899 891 900 881 896 900

Tree=0
num_leaves=7
num_cat=0
split_feature=4 0 0 4 6 4
split_gain=141497 37486.4 12727.9 12207.9 3509.47 1790.28
threshold=0.28102564102564109 1.0000000180025095e-35 1.0000000180025095e-35 0.45643939393939398 0.46410256410256417 0.24190177638453506
decision_type=2 2 2 2 2 2
left_child=1 5 3 4 -2 -1
right_child=2 -3 -4 -5 -6 -7
leaf_value=-3.497706852001282 -3.1557457026783498 -2.1555663138436576 -2.1495468832982212 -2.3368681879156386 -2.6532240882774607 -3.1817510228089105
leaf_weight=359.68055835738778 50.368715092539787 37.740966953337193 241.52464118041098 144.30932343937457 40.252921484410763 30.979715961962938
leaf_count=12174 1286 44 281 821 535 810
internal_value=-2.82831 -3.35594 -2.35416 -2.56546 -2.9312 -3.47251
internal_weight=904.857 428.401 476.456 234.931 90.6216 390.66
internal_count=15951 13028 2923 2642 1821 12984
is_linear=0
shrinkage=1


Tree=1
num_leaves=7
num_cat=0
split_feature=10 6 0 0 4 4
split_gain=23183.4 1855.68 2020.02 1680.83 1653.98 1422.19
threshold=0.68365838686588087 0.19375000000000003 1.0000000180025095e-35 1.0000000180025095e-35 0.35805860805860812 0.41042780748663105
decision_type=2 2 2 2 2 2
left_child=3 2 4 5 -2 -1
right_child=1 -3 -4 -5 -6 -7
leaf_value=-0.033302790856860533 0.028516603269289575 0.38426504029600778 0.38228889980757252 0.3796009796606209 0.32202860046186099 0.34800392109343981
leaf_weight=323.256467923522 73.487431101500988 1230.8875492885709 117.33375332504511 18.010469913482666 52.655888359993696 16.246114317327738
leaf_count=10896 2175 2357 42 6 403 72
internal_value=0.294196 0.36426 0.262882 0.00521094 0.151369 -0.0148562
internal_weight=1831.88 1474.36 243.477 357.513 126.143 339.503
internal_count=15951 4977 2620 10974 2578 10968
is_linear=0
shrinkage=0.04


Tree=2
num_leaves=7
num_cat=0
split_feature=10 4 7 0 0 6
split_gain=12930.2 1294.43 877.16 802.358 671.985 469.909
threshold=0.64808824567023537 0.15504807692307696 1.0000000180025095e-35 1.0000000180025095e-35 1.0000000180025095e-35 0.095454545454545472
decision_type=2 2 2 2 2 2
left_child=4 3 -3 -2 -1 -4
right_child=1 2 5 -5 -6 -7
leaf_value=-0.032558565622014826 -0.041036566764640243 0.013981703448444847 0.20796968217700126 0.2727705297073672 0.2706089965271426 0.27361246885731322
leaf_weight=294.02793237566948 36.778145331889391 22.231515791267157 198.2080412954092 19.951956272125244 11.982446908950804 1734.0747786946595
leaf_count=10089 1218 380 1595 5 3 2661
internal_value=0.221707 0.25856 0.264028 0.0698647 -0.0205119 0.266902
internal_weight=2317.25 2011.24 1954.51 56.7301 306.01 1932.28
internal_count=15951 5859 4636 1223 10092 4256
is_linear=0
shrinkage=0.04


Tree=3
num_leaves=7
num_cat=0
split_feature=10 4 0 4 0 7
split_gain=8501.64 800.88 1469.76 564.761 387.245 360.288
threshold=0.64808824567023537 0.24190177638453506 1.0000000180025095e-35 0.41042780748663105 1.0000000180025095e-35 1.0000000180025095e-35
decision_type=2 2 2 2 2 2
left_child=3 2 -2 4 -1 -3
right_child=1 5 -4 -5 -6 -7
leaf_value=-0.041150554206449648 0.012999998353957532 0.03006809192276752 0.21910098985938647 0.22587090623315637 0.21499113218604263 0.21461758585968621
leaf_weight=275.97471573576331 94.195198586210608 17.155113391578197 134.2496003061533 14.020161978900431 9.5794534683227521 2170.7524208277464
leaf_count=10046 2600 208 31 44 2 3020
internal_value=0.180805 0.205722 0.134213 -0.0201696 -0.0324063 0.213174
internal_weight=2715.93 2416.35 228.445 299.574 285.554 2187.91
internal_count=15951 5859 2631 10092 10048 3228
is_linear=0
shrinkage=0.04


Tree=4
num_leaves=7
num_cat=0
split_feature=10 14 4 5 7 0
split_gain=6127.15 600.591 1026.28 465.28 334.644 329.895
threshold=0.64808824567023537 1.0000000180025095e-35 0.24190177638453506 0.65682536223989552 1.0000000180025095e-35 1.0000000180025095e-35
decision_type=2 2 2 2 2 2
left_child=3 -2 -3 5 -4 -1
right_child=1 2 4 -5 -6 -7
leaf_value=-0.041135305231310343 0.18190272643462332 0.0050778376252617356 -0.042927150495570436 0.18569262655806057 0.16360355142300173 0.18141663669665181
leaf_weight=265.52756855450571 2204.5154291205108 82.632966183125973 12.814490806311367 16.418315654620528 457.60233436524868 10.903920173645018
leaf_count=10005 1694 2286 199 85 1680 2
internal_value=0.15406 0.172533 0.135129 -0.0198821 0.157957 -0.0322246
internal_weight=3050.42 2757.57 553.05 292.85 470.417 276.431
internal_count=15951 5859 4165 10092 1879 10007
is_linear=0
shrinkage=0.04


Tree=5
num_leaves=7
num_cat=0
split_feature=10 14 4 4 0 9
split_gain=4675.67 468.347 768.331 401.808 288.971 273.196
threshold=0.64808824567023537 1.0000000180025095e-35 0.24190177638453506 0.41042780748663105 1.0000000180025095e-35 0.10555555555555557
decision_type=2 2 2 2 2 2
left_child=3 -2 -3 4 -1 -4
right_child=1 2 5 -5 -6 -7
leaf_value=-0.041059741739677635 0.15734071312702749 0.0048519869793229543 0.12117846766677534 0.16116858884135238 0.15808486215086079 0.19336951762156576
leaf_weight=255.86146832816303 2441.2602751888335 83.021360531449318 417.78867556527257 18.210959877818823 12.016582012176512 106.00349974259734
leaf_count=10046 1694 2286 1725 44 2 154
internal_value=0.134996 0.149507 0.117947 -0.0196001 -0.0320077 0.13586
internal_weight=3334.16 3048.07 606.814 286.089 267.878 523.792
internal_count=15951 5859 4165 10092 10048 1879
is_linear=0
shrinkage=0.04


Tree=6
num_leaves=7
num_cat=0
split_feature=10 4 0 6 0 4
split_gain=3713.48 476.798 339.892 293.558 614.842 138.191
threshold=0.61912518801869088 0.15075757575757578 1.0000000180025095e-35 0.31009615384615391 1.0000000180025095e-35 0.49242424242424249
decision_type=2 2 2 2 2 2
left_child=5 2 -2 4 -3 -1
right_child=1 3 -4 -5 -6 -7
leaf_value=-0.035950700528172695 -0.041030292792549085 0.06887377976579756 0.14145418528883633 0.14006879879909481 0.14443538891411237 0.15197666539130061
leaf_weight=234.80041576176882 43.26793397590518 312.24077917635441 25.961790084838867 2566.5716797057539 386.45868434011936 6.2340286523103705
leaf_count=9326 1504 2980 4 2060 67 10
internal_value=0.12063 0.13159 0.0275846 0.133792 0.1107 -0.03096
internal_weight=3575.54 3334.5 69.2297 3265.27 698.699 241.034
internal_count=15951 6615 1508 5107 3047 9336
is_linear=0
shrinkage=0.04


Tree=7
num_leaves=7
num_cat=0
split_feature=10 14 4 7 0 4
split_gain=3057.17 431.682 621.366 214.088 126.465 129.473
threshold=0.61912518801869088 1.0000000180025095e-35 0.24190177638453506 1.0000000180025095e-35 1.0000000180025095e-35 0.49242424242424249
decision_type=2 2 2 2 2 2
left_child=4 -2 -3 -4 5 -1
right_child=1 2 3 -5 -6 -7
leaf_value=-0.040988991810297963 0.12564964375450072 -0.0024509034913176449 -0.043821990989567759 0.10939267905660051 0.14251244588861769 0.13340467795722186
leaf_weight=220.67739574611187 2830.8896850012243 98.549204241484404 14.835404716432093 601.83117811009288 6.3618950843811026 6.8320690542459479
leaf_count=9325 1887 2786 199 1743 1 10
internal_value=0.109387 0.118625 0.0907904 0.10569 -0.0306585 -0.0356306
internal_weight=3779.98 3546.11 715.216 616.667 233.871 227.509
internal_count=15951 6615 4728 1942 9336 9335
is_linear=0
shrinkage=0.04


Tree=8
num_leaves=7
num_cat=0
split_feature=10 14 6 4 4 0
split_gain=2566.15 382.832 526.227 341.895 196.641 113.976
threshold=0.61912518801869088 1.0000000180025095e-35 0.24038461538461542 0.35805860805860812 0.19782608695652179 1.0000000180025095e-35
decision_type=2 2 2 2 2 2
left_child=5 -2 3 -3 -4 -1
right_child=1 2 4 -5 -6 -7
leaf_value=-0.035470415190362141 0.11469544578784514 -0.012425451628510591 -0.041059203240818798 0.097669801200667927 0.10653716691277076 0.12894465042668535
leaf_weight=219.60106209479272 2974.0480810217559 127.52029114216566 14.720674229785798 69.599807865917683 540.97342847660184 6.7621397972106925
leaf_count=9335 1887 2815 410 250 1253 1
internal_value=0.100294 0.108237 0.0826954 0.0264968 0.10261 -0.0304405
internal_weight=3953.23 3726.86 752.814 197.12 555.694 226.363
internal_count=15951 6615 4728 3065 1663 9336
is_linear=0
shrinkage=0.04


Tree=9
num_leaves=7
num_cat=0
split_feature=10 10 0 6 7 0
split_gain=2204 372.038 529.994 609.042 191.444 111.241
threshold=0.60390955103716515 0.80716956988452304 1.0000000180025095e-35 0.37980769230769235 1.0000000180025095e-35 1.0000000180025095e-35
decision_type=2 2 2 2 2 2
left_child=5 2 3 -2 -3 -1
right_child=1 4 -4 -5 -6 -7
leaf_value=-0.040942264434622205 0.0012918912028483779 -0.043923543384665267 0.11025680582451976 0.08602586875634799 0.10773436300309014 0.11818267958910088
leaf_weight=197.00901020877063 222.22366914153099 13.262414921075104 476.01357728242874 348.69558662176132 2833.4793374184519 7.0936536788940421
leaf_count=8957 3628 198 70 1216 1881 1
internal_value=0.0928 0.0995164 0.0790837 0.0530597 0.107024 -0.0352918
internal_weight=4097.78 3893.67 1046.93 570.919 2846.74 204.103
internal_count=15951 6993 4914 4844 2079 8958
is_linear=0
shrinkage=0.04


Tree=10
num_leaves=7
num_cat=0
split_feature=10 14 4 9 0 10
split_gain=1912.56 363.509 426.548 163.741 102.686 94.1995
threshold=0.60390955103716515 1.0000000180025095e-35 0.24190177638453506 0.15476190476190479 1.0000000180025095e-35 0.75719956848640035
decision_type=2 2 2 2 2 2
left_child=4 5 -3 -4 -1 -2
right_child=1 2 3 -5 -6 -7
leaf_value=-0.04090125138013672 0.080839271909662058 -0.0056515760135754231 0.070480068780715444 0.1189637918340288 0.10943546158691668 0.10131217814215751
leaf_weight=189.47035248018801 420.34321879222989 107.10163708217442 578.73107539489865 138.86500588059425 7.364241123199462 2773.3741539940238
leaf_count=8957 1013 3050 1830 138 1 962
internal_value=0.0865406 0.0925039 0.0687847 0.0798957 -0.0351611 0.0986235
internal_weight=4215.25 4018.42 824.698 717.596 196.835 3193.72
internal_count=15951 6993 5018 1968 8958 1975
is_linear=0
shrinkage=0.04


Tree=11
num_leaves=7
num_cat=0
split_feature=4 0 0 6 10 5
split_gain=1676.74 320.061 293.399 504.245 425.422 205.406
threshold=0.15075757575757578 1.0000000180025095e-35 1.0000000180025095e-35 0.46410256410256417 0.78660960562442483 0.55860888821782684
decision_type=2 2 2 2 2 2
left_child=1 -1 3 4 -2 -5
right_child=2 -3 -4 5 -6 -7
leaf_value=-0.040879093753486265 -0.0046291582815580299 0.0963402295896197 0.096675557909040033 0.041012149065836112 0.06794972210823734 0.095567130591273738
leaf_weight=204.2177726123482 189.18487264961004 31.171745777130127 2281.0006777644157 123.6635353025049 406.94443552941084 1076.8918203003705
leaf_count=9626 2801 4 321 830 1434 935
internal_value=0.081147 -0.0226328 0.0871392 0.0750216 0.0449192 0.0899571
internal_weight=4313.07 235.39 4077.69 1796.68 596.129 1200.56
internal_count=15951 9630 6321 6000 4235 1765
is_linear=0
shrinkage=0.04


Tree=12
num_leaves=7
num_cat=0
split_feature=10 0 4 6 4 0
split_gain=1498.27 324.183 565.508 323.897 175.92 89.3954
threshold=0.60390955103716515 1.0000000180025095e-35 0.35067567567567576 0.095454545454545472 0.61721611721611735 1.0000000180025095e-35
decision_type=2 2 2 2 2 2
left_child=5 2 3 -2 -4 -1
right_child=1 -3 4 -5 -6 -7
leaf_value=-0.040846624253114965 -0.023537402718644334 0.091395454916685478 0.067494390968380891 0.051912915597916144 0.095562717492852944 0.096393204458683157
leaf_weight=176.68412127904594 132.29915339685977 2338.8942736834288 750.47205625101924 290.77945649437606 689.13742761313915 7.7407979965209952
leaf_count=8957 2896 324 1406 2127 240 1
internal_value=0.0765707 0.0814689 0.068995 0.0283145 0.0809434 -0.0349773
internal_weight=4386.01 4201.58 1862.69 423.079 1439.61 184.425
internal_count=15951 6993 6669 5023 1646 8958
is_linear=0
shrinkage=0.04


Tree=13
num_leaves=7
num_cat=0
split_feature=10 0 4 6 4 0
split_gain=1336.95 318.242 505.147 229.21 192.64 83.7535
threshold=0.60390955103716515 1.0000000180025095e-35 0.31414473684210531 0.13809523809523813 0.61721611721611735 1.0000000180025095e-35
decision_type=2 2 2 2 2 2
left_child=5 2 3 -2 -4 -1
right_child=1 -3 4 -5 -6 -7
leaf_value=-0.040809130469148816 -0.022419740841944744 0.086869910370309625 0.061657917522819156 0.046122495510747215 0.089881431205480034 0.091136672171627409
leaf_weight=169.90923517197371 126.52882814221084 2361.8059511631727 868.7570875454694 203.06913818046451 703.09514507651329 7.8684945106506339
leaf_count=8957 2937 324 1810 1682 240 1
internal_value=0.0725721 0.077054 0.0648528 0.0198062 0.0742935 -0.0348621
internal_weight=4441.03 4263.26 1901.45 329.598 1571.85 177.778
internal_count=15951 6993 6669 4619 2050 8958
is_linear=0
shrinkage=0.04


Tree=14
num_leaves=7
num_cat=0
split_feature=10 0 4 6 4 0
split_gain=1200.48 314.723 458.204 260.584 150.196 78.7282
threshold=0.60390955103716515 1.0000000180025095e-35 0.35067567567567576 0.46410256410256417 0.61721611721611735 1.0000000180025095e-35
decision_type=2 2 2 2 2 2
left_child=5 2 3 -2 -4 -1
right_child=1 -3 4 -5 -6 -7
leaf_value=-0.040772932530137522 -0.0024161013811280561 0.082933701868774592 0.059558227399956837 0.059750381088518996 0.084987510697083019 0.086601237811174347
leaf_weight=163.38918696343899 243.54421988502145 2374.6555442810059 783.92557942122221 193.37212366610765 713.61856713891029 7.9578404426574698
leaf_count=8957 4028 324 1406 995 240 1
internal_value=0.0690389 0.0731679 0.0611714 0.025108 0.071687 -0.0347516
internal_weight=4480.46 4309.12 1934.46 436.916 1497.54 171.347
internal_count=15951 6993 6669 5023 1646 8958
is_linear=0
shrinkage=0.04


Tree=15
num_leaves=7
num_cat=0
split_feature=4 0 6 10 0 5
split_gain=1088.61 276.582 355.942 301.181 247.389 161.667
threshold=0.15075757575757578 1.0000000180025095e-35 0.46410256410256417 0.76519692767719005 1.0000000180025095e-35 0.55860888821782684
decision_type=2 2 2 2 2 2
left_child=4 2 3 -2 -1 -4
right_child=1 -3 5 -5 -6 -7
leaf_value=-0.040790192414406359 -0.013281428031636873 0.079493336982269083 0.029736791875526442 0.050327694970834454 0.079326309028508735 0.075935191127472795
leaf_weight=180.02489722706378 157.93349592760205 2354.4736795723438 135.86006840132177 482.69700673036277 32.161500930786133 1162.2122327629477
leaf_count=9626 2502 321 830 1733 4 935
internal_value=0.0659002 0.0702714 0.0590637 0.0346439 -0.0225169 0.0711068
internal_weight=4505.36 4293.18 1938.7 640.631 212.186 1298.07
internal_count=15951 6321 6000 4235 9630 1765
is_linear=0
shrinkage=0.04


Tree=16
num_leaves=7
num_cat=0
split_feature=10 0 4 6 4 0
split_gain=991.435 309.899 384.688 228.686 141.114 70.3075
threshold=0.60390955103716515 1.0000000180025095e-35 0.35067567567567576 0.095454545454545472 0.61721611721611735 1.0000000180025095e-35
decision_type=2 2 2 2 2 2
left_child=5 2 3 -2 -4 -1
right_child=1 -3 4 -5 -6 -7
leaf_value=-0.040724634774546679 -0.022846762164899892 0.076426617546717493 0.052985831851867289 0.040399642443463904 0.077334437837087586 0.079303832820445092
leaf_weight=152.18365732207894 127.78897914476693 2374.7599704712629 809.51073502376676 320.43145824223757 725.41020709276199 8.0377235412597638
leaf_count=8957 2896 324 1406 2127 240 1
internal_value=0.0630784 0.0666715 0.0549825 0.0223613 0.064503 -0.0345994
internal_weight=4518.12 4357.9 1983.14 448.22 1534.92 160.221
internal_count=15951 6993 6669 5023 1646 8958
is_linear=0
shrinkage=0.04


Tree=17
num_leaves=7
num_cat=0
split_feature=10 0 6 10 5 0
split_gain=902.995 310.133 356.374 236.189 181.609 66.5525
threshold=0.60390955103716515 1.0000000180025095e-35 0.36931818181818188 0.80716956988452304 0.52960654460459688 1.0000000180025095e-35
decision_type=2 2 2 2 2 2
left_child=5 2 3 -2 -4 -1
right_child=1 -3 4 -5 -6 -7
leaf_value=-0.040691370224483693 -0.004199400648792863 0.073709390769337524 0.01436323615955841 0.047064146386746282 0.067531111773013144 0.07621454240143051
leaf_weight=146.33373394049704 240.87155031226575 2364.0176846385002 111.91320694796741 356.27205560728908 1292.3619902897626 8.0370187759399396
leaf_count=8957 3626 324 765 1168 1110 1
internal_value=0.0605303 0.0638927 0.0522903 0.026388 0.063298 -0.0345012
internal_weight=4519.81 4365.44 2001.42 597.144 1404.28 154.371
internal_count=15951 6993 6669 4794 1875 8958
is_linear=0
shrinkage=0.04


Tree=18
num_leaves=7
num_cat=0
split_feature=4 0 4 0 5 4
split_gain=830.981 278.956 311.514 209.187 173.213 25.4522
threshold=0.15075757575757578 1.0000000180025095e-35 0.56385869565217395 1.0000000180025095e-35 0.36245805369127521 0.82085561497326209
decision_type=2 2 2 2 2 2
left_child=3 2 4 -1 -2 -4
right_child=1 -3 5 -5 -6 -7
leaf_value=-0.040729603378579553 0.12229166160314067 0.071285572576030493 0.063103595752676198 0.071192976940437788 0.034573828792112536 0.077352549632276349
leaf_weight=163.52468065731227 37.074783116579056 2323.5279292911291 463.77213482558727 31.73099946975708 1119.8405009582639 372.56037516891956
leaf_count=9626 331 321 277 4 5334 58
internal_value=0.0582097 0.0618607 0.050867 -0.0224766 0.0374072 0.0694704
internal_weight=4512.03 4316.78 1993.25 195.256 1156.92 836.333
internal_count=15951 6321 6000 9630 5665 335
is_linear=0
shrinkage=0.04


Tree=19
num_leaves=7
num_cat=0
split_feature=10 0 4 5 10 0
split_gain=770.386 273.59 292.477 159.75 149.71 114.184
threshold=0.64808824567023537 1.0000000180025095e-35 0.56385869565217395 0.65682536223989552 0.80716956988452304 1.0000000180025095e-35
decision_type=2 2 2 2 2 2
left_child=3 2 4 5 -2 -1
right_child=1 -3 -4 -5 -6 -7
leaf_value=-0.041061784641893702 0.019065172184179965 0.069082144010404314 0.066780341953521088 0.071665356733689109 0.048305372864304939 0.070574879379410163
leaf_weight=169.98855838179588 495.80273315124214 2309.4717004001141 835.38448256254196 27.395745206624269 646.06434153020382 15.847832202911375
leaf_count=10005 3658 322 334 85 1545 2
internal_value=0.0560341 0.0597254 0.0487896 -0.018151 0.0356165 -0.0314652
internal_weight=4499.96 4286.72 1977.25 213.232 1141.87 185.836
internal_count=15951 5859 5537 10092 5203 10007
is_linear=0
shrinkage=0.04


Tree=20
num_leaves=7
num_cat=0
split_feature=10 0 6 10 5 0
split_gain=706.046 316.755 322.066 242 147.381 57.1588
threshold=0.60390955103716515 1.0000000180025095e-35 0.46410256410256417 0.78660960562442483 0.55860888821782684 1.0000000180025095e-35
decision_type=2 2 2 2 2 2
left_child=5 2 3 -2 -4 -1
right_child=1 -3 4 -5 -6 -7
leaf_value=-0.040635207374479169 -0.011370792253167313 0.06710672338737099 0.019453695979149546 0.03930612996534541 0.061645403248985417 0.068849314230137154
leaf_weight=131.95113957487047 219.25803301297128 2298.5943137705326 149.4999941624701 481.57604420557618 1188.7121373601258 7.906233310699462
leaf_count=8957 3381 324 850 1576 862 1
internal_value=0.0540682 0.0569207 0.0454318 0.0234501 0.056937 -0.0343422
internal_weight=4477.5 4337.64 2039.05 700.834 1338.21 139.857
internal_count=15951 6993 6669 4957 1712 8958
is_linear=0
shrinkage=0.04


Tree=21
num_leaves=7
num_cat=0
split_feature=4 0 4 0 5 4
split_gain=653.955 289.839 279.289 179.334 148.835 25.2987
threshold=0.15075757575757578 1.0000000180025095e-35 0.56385869565217395 1.0000000180025095e-35 0.36245805369127521 0.82085561497326209
decision_type=2 2 2 2 2 2
left_child=3 2 4 -1 -2 -4
right_child=1 -3 5 -5 -6 -7
leaf_value=-0.040677825407885948 0.10757973941440271 0.065314362193791317 0.055927930254076774 0.065275806612999032 0.029363460657873267 0.070166768943053279
leaf_weight=148.76000175438821 40.143319923430681 2245.2001379579306 461.7842120975256 30.654972553253174 1152.9602648224682 367.36241281032562
leaf_count=9626 331 321 277 4 5334 58
internal_value=0.0522702 0.0554156 0.0444191 -0.0225108 0.0320144 0.0622544
internal_weight=4446.87 4267.45 2022.25 179.415 1193.1 829.147
internal_count=15951 6321 6000 9630 5665 335
is_linear=0
shrinkage=0.04


Tree=22
num_leaves=7
num_cat=0
split_feature=10 0 4 5 9 0
split_gain=611.67 285.63 265.165 137.451 132.809 98.7581
threshold=0.64808824567023537 1.0000000180025095e-35 0.56385869565217395 0.65682536223989552 0.15476190476190479 1.0000000180025095e-35
decision_type=2 2 2 2 2 2
left_child=3 2 4 5 -2 -1
right_child=1 -3 -4 -5 -6 -7
leaf_value=-0.041058074688565246 0.02497038189013218 0.063664395037266897 0.060202240241907637 0.063840440678045424 0.062922911633318104 0.064792954535078079
leaf_weight=155.44514616765082 1000.8640544228256 2218.9385783523321 823.40345032513142 27.990031681954861 173.11842591688037 15.315637588500975
leaf_count=10005 4924 322 334 85 279 2
internal_value=0.0505491 0.0537816 0.0427964 -0.018002 0.0305784 -0.0314878
internal_weight=4415.08 4216.32 1997.39 198.751 1173.98 170.761
internal_count=15951 5859 5537 10092 5203 10007
is_linear=0
shrinkage=0.04


Tree=23
num_leaves=7
num_cat=0
split_feature=10 0 6 10 5 0
split_gain=564.617 326.57 294.759 208.642 137.036 49.564
threshold=0.60390955103716515 1.0000000180025095e-35 0.46410256410256417 0.76519692767719005 0.5920526315789475 1.0000000180025095e-35
decision_type=2 2 2 2 2 2
left_child=5 2 3 -2 -4 -1
right_child=1 -3 4 -5 -6 -7
leaf_value=-0.04058761264145528 -0.017871821158781935 0.062168501224139909 0.02231080380757779 0.031788269014903538 0.05681320519860289 0.063356793699514691
leaf_weight=118.98697273619473 180.64211509563029 2197.2028285562992 221.40193971246481 538.06566362455487 1112.4044921286404 7.6316604614257804
leaf_count=8957 3001 324 998 1956 714 1
internal_value=0.0489669 0.0514472 0.0399643 0.0193023 0.0510918 -0.0342168
internal_weight=4376.34 4249.72 2052.51 718.708 1333.81 126.619
internal_count=15951 6993 6669 4957 1712 8958
is_linear=0
shrinkage=0.04


Tree=24
num_leaves=6
num_cat=0
split_feature=4 0 4 10 4
split_gain=526.894 340.763 289.132 146.795 25.5734
threshold=0.10762548262548265 1.0000000180025095e-35 0.56385869565217395 0.80716956988452304 0.82085561497326209
decision_type=2 2 2 2 2
left_child=-1 2 3 -2 -4
right_child=1 -3 4 -5 -6
leaf_value=-0.040521599913674919 0.011201359401802844 0.060801433987278525 0.05030173789915119 0.03870297613600078 0.064769975050368023
leaf_weight=105.95842869672924 578.08263883553445 2165.416325494647 453.53823199868202 671.98764560557902 356.2322273850441
leaf_count=8081 5707 325 277 1503 58
internal_value=0.0475087 0.0497186 0.0380619 0.0259906 0.0566835
internal_weight=4331.22 4225.26 2059.84 1250.07 809.77
internal_count=15951 7870 7545 7210 335
is_linear=0
shrinkage=0.04


Tree=25
num_leaves=7
num_cat=0
split_feature=4 0 4 0 5 4
split_gain=493.929 306.259 247.974 148.26 128.764 25.1544
threshold=0.15075757575757578 1.0000000180025095e-35 0.56385869565217395 1.0000000180025095e-35 0.36245805369127521 0.82085561497326209
decision_type=2 2 2 2 2 2
left_child=3 2 4 -1 -2 -4
right_child=1 -3 5 -5 -6 -7
leaf_value=-0.040622115736636218 0.094061266881592442 0.059525865612636404 0.048684144012461406 0.059542889408252385 0.023915047919317197 0.063112149768357537
leaf_weight=131.8576707104221 43.257784830406308 2095.3445511460304 449.94249863922596 28.601536273956299 1184.53575700894 351.07509018480778
leaf_count=9626 331 321 277 4 5334 58
internal_value=0.046117 0.0487961 0.0377086 -0.0227036 0.026403 0.0550244
internal_weight=4284.61 4124.16 2028.81 160.459 1227.79 801.018
internal_count=15951 6321 6000 9630 5665 335
is_linear=0
shrinkage=0.04


Tree=26
num_leaves=7
num_cat=0
split_feature=0 4 4 9 4 5
split_gain=471.06 511.117 188.456 112.496 67.7564 191.226
threshold=1.0000000180025095e-35 0.24190177638453506 0.61721611721611735 0.15476190476190479 0.16441441441441443 0.36245805369127521
decision_type=2 2 2 2 2 2
left_child=1 4 3 -3 -1 -6
right_child=-2 2 -4 -5 5 -7
leaf_value=-0.040705863418003897 0.058361258485585391 0.024085826108339981 0.055563042458917009 0.057602658736587618 0.13860817023421509 -0.018298531244434695
leaf_weight=137.29670719429851 2080.7988711595535 1028.1937051862478 685.04548999667168 189.95645710639656 13.952998265624045 101.72432756796479
leaf_count=9954 325 3002 241 209 201 2019
internal_value=0.0447825 0.0316733 0.0387736 0.0293226 -0.0217252 0.000816861
internal_weight=4236.97 2156.17 1903.2 1218.15 252.974 115.677
internal_count=15951 15626 3452 3211 12174 2220
is_linear=0
shrinkage=0.04


Tree=27
num_leaves=7
num_cat=0
split_feature=0 4 4 10 4 5
split_gain=466.914 471.23 185.111 105.228 66.2531 159.31
threshold=1.0000000180025095e-35 0.24190177638453506 0.61721611721611735 0.80716956988452304 0.16441441441441443 0.36245805369127521
decision_type=2 2 2 2 2 2
left_child=1 4 3 -3 -1 -6
right_child=-2 2 -4 -5 5 -7
leaf_value=-0.04067272865139783 0.057276765354260142 0.013338680484762508 0.054115482725639978 0.037396958994041898 0.118631659187869 -0.017845131840532963
leaf_weight=132.01868896186352 2036.2931626737118 477.63749542273581 675.43511584401131 746.32947770506144 15.645182114094494 100.17348593380302
leaf_count=9954 325 1959 241 1252 201 2019
internal_value=0.0435526 0.0305326 0.0373015 0.0280139 -0.0213239 0.000746105
internal_weight=4183.53 2147.24 1899.4 1223.97 247.837 115.819
internal_count=15951 15626 3452 3211 12174 2220
is_linear=0
shrinkage=0.04


Tree=28
num_leaves=7
num_cat=0
split_feature=0 4 10 5 4 7
split_gain=462.732 440.862 160.761 192.05 130.64 84.7257
threshold=1.0000000180025095e-35 0.31414473684210531 0.6584774398233042 0.42722859664607243 0.6858552631578948 1.0000000180025095e-35
decision_type=2 2 2 2 2 2
left_child=1 2 -1 -4 5 -3
right_child=-2 4 3 -5 -6 -7
leaf_value=-0.041034945076510343 0.056270414863093372 -0.052379814160596505 0.065465783721181586 -0.0055747733362314636 0.055397341931472568 0.032881027410953632
leaf_weight=135.22880665957928 1990.7274349927902 18.78340333327651 78.149450970813632 272.89481255039573 543.13766357302666 1088.3616518191993
leaf_count=10126 325 125 896 2464 154 1861
internal_value=0.0423934 0.0294585 -0.00400957 0.0102628 0.0393207 0.0314235
internal_weight=4127.28 2136.56 486.273 351.044 1650.28 1107.15
internal_count=15951 15626 13486 3360 2140 1986
is_linear=0
shrinkage=0.04


Tree=29
num_leaves=7
num_cat=0
split_feature=0 4 6 10 5 4
split_gain=459.185 409.311 180.821 186.843 107.374 63.5508
threshold=1.0000000180025095e-35 0.24190177638453506 0.46410256410256417 0.76519692767719005 0.5920526315789475 0.16441441441441443
decision_type=2 2 2 2 2 2
left_child=1 5 3 -3 -4 -1
right_child=-2 2 4 -5 -6 -7
leaf_value=-0.04064347514313818 0.055334472331276918 -0.027987988147680661 0.015461132808866605 0.027682594553590591 0.048477428134943129 0.00050324014058083849
leaf_weight=123.92170272395015 1944.3644781261683 118.15988171473145 185.60423943400383 521.02324278280139 1060.5689601711929 116.16760353092104
leaf_count=9954 325 994 501 1249 708 2220
internal_value=0.0412853 0.0284281 0.0346923 0.0173826 0.0435649 -0.0207424
internal_weight=4069.81 2125.45 1885.36 639.183 1246.17 240.089
internal_count=15951 15626 3452 2243 1209 12174
is_linear=0
shrinkage=0.04


Tree=30
num_leaves=7
num_cat=0
split_feature=0 4 10 5 4 5
split_gain=454.59 381.424 148.121 174.946 130.663 83.4921
threshold=1.0000000180025095e-35 0.31414473684210531 0.6584774398233042 0.36245805369127521 0.6858552631578948 0.843764669065874
decision_type=2 2 2 2 2 2
left_child=1 2 -1 -4 5 -3
right_child=-2 4 3 -5 -6 -7
leaf_value=-0.041000582158069725 0.054462173059217911 0.029886314857557102 0.09278714915999256 -6.7001044209458866e-05 0.053129597063859592 -0.09091526998191142
leaf_weight=126.38101033121347 1897.4389946609735 1097.0215854309499 35.957247836515307 317.54469850100577 525.31443499028683 9.0347815155982953
leaf_count=10126 325 1948 349 3011 154 38
internal_value=0.040252 0.0274761 -0.00386653 0.00941934 0.0366964 0.0288815
internal_weight=4008.69 2111.25 479.883 353.502 1631.37 1106.06
internal_count=15951 15626 13486 3360 2140 1986
is_linear=0
shrinkage=0.04


Tree=31
num_leaves=7
num_cat=0
split_feature=0 4 4 9 4 5
split_gain=451.902 356.367 175.296 102.56 61.0257 121.358
threshold=1.0000000180025095e-35 0.24190177638453506 0.61721611721611735 0.15476190476190479 0.16441441441441443 0.42722859664607243
decision_type=2 2 2 2 2 2
left_child=1 4 3 -3 -1 -6
right_child=-2 2 -4 -5 5 -7
leaf_value=-0.040616636107940515 0.053647564395906552 0.018603489430726268 0.049431406943950276 0.05055676470108561 0.060374957166881349 -0.027354694478821131
leaf_weight=116.23139991052449 1850.1601477265358 1042.4555065426975 634.33792454004288 190.08837631158531 36.667258579283953 79.715625186450779
leaf_count=9954 325 3002 241 209 563 1657
internal_value=0.0392332 0.0265259 0.0323433 0.0235405 -0.0201416 0.000324161
internal_weight=3949.66 2099.5 1866.88 1232.54 232.614 116.383
internal_count=15951 15626 3452 3211 12174 2220
is_linear=0
shrinkage=0.04


Tree=32
num_leaves=7
num_cat=0
split_feature=0 4 10 5 4 5
split_gain=448.979 337.317 171.501 184.354 109.887 78.86
threshold=1.0000000180025095e-35 0.35067567567567576 0.6584774398233042 0.42722859664607243 0.6858552631578948 0.843764669065874
decision_type=2 2 2 2 2 2
left_child=1 2 -1 -4 5 -3
right_child=-2 4 3 -5 -6 -7
leaf_value=-0.041301380840083918 0.05288539720814197 0.029129701502602415 0.058761299680806477 -0.0017418818657069135 0.051005782055367002 -0.088068515742055112
leaf_weight=125.06363013014197 1802.7139474749565 970.5099508240819 102.50511845014989 373.69766903668642 505.72200176119804 9.0772690922021848
leaf_count=10220 325 1503 918 2793 154 38
internal_value=0.0382627 0.0256245 0.000342895 0.0112967 0.035856 0.0280239
internal_weight=3889.29 2086.58 601.266 476.203 1485.31 979.587
internal_count=15951 15626 13931 3711 1695 1541
is_linear=0
shrinkage=0.04


Tree=33
num_leaves=7
num_cat=0
split_feature=0 5 2 6 10 5
split_gain=446.363 319.582 183.008 164.06 159.505 137.174
threshold=1.0000000180025095e-35 0.5920526315789475 1.0000000180025095e-35 0.46410256410256417 0.76519692767719005 0.42722859664607243
decision_type=2 2 2 2 2 2
left_child=1 2 -1 4 -3 -4
right_child=-2 3 5 -5 -6 -7
leaf_value=-0.032945607759734236 0.052171022141362287 -0.051280235010570545 0.053999412005847257 0.043652873533161128 0.023241336036034378 0.0013258603807711888
leaf_weight=184.98523828014731 1755.2652283757925 51.675148806534708 106.37103361822665 1021.0429290952161 402.24769370257854 307.3110617576167
leaf_count=7866 325 504 2112 788 904 3452
internal_value=0.0373256 0.0247546 0.00010261 0.0347577 0.0147345 0.0148943
internal_weight=3828.9 2073.63 598.667 1474.97 453.923 413.682
internal_count=15951 15626 13430 2196 1408 5564
is_linear=0
shrinkage=0.04


Tree=34
num_leaves=7
num_cat=0
split_feature=0 4 10 5 4 5
split_gain=444.061 303.541 157.81 155.397 109.164 73.019
threshold=1.0000000180025095e-35 0.35067567567567576 0.6584774398233042 0.42722859664607243 0.6858552631578948 0.843764669065874
decision_type=2 2 2 2 2 2
left_child=1 2 -1 -4 5 -3
right_child=-2 4 3 -5 -6 -7
leaf_value=-0.041257382181520939 0.051500295000484995 0.027077434383835256 0.052424698935629066 -0.0020583949406731538 0.049223182616409372 -0.085551124824895339
leaf_weight=118.94902953784913 1707.9599722027779 965.10831312276423 107.76937255635858 373.2257682448253 486.76105953752995 9.101214870810507
leaf_count=10220 325 1503 918 2793 154 38
internal_value=0.0364171 0.0239123 -4.02785e-05 0.0101614 0.0337484 0.0260058
internal_weight=3768.87 2060.91 599.944 480.995 1460.97 974.21
internal_count=15951 15626 13931 3711 1695 1541
is_linear=0
shrinkage=0.04


Tree=35
num_leaves=7
num_cat=0
split_feature=0 5 10 6 10 2
split_gain=441.363 288.745 177.774 155.429 147.257 138.749
threshold=1.0000000180025095e-35 0.5920526315789475 0.88679982189991269 0.46410256410256417 0.76519692767719005 1.0000000180025095e-35
decision_type=2 2 2 2 2 2
left_child=1 2 5 4 -3 -1
right_child=-2 3 -4 -5 -6 -7
leaf_value=-0.037865502050657203 0.050869520932756103 -0.051051155761391465 0.060366722730703072 0.041574914484794771 0.021378034037585474 0.0059656066900403608
leaf_weight=170.19371361006051 1660.9267926216125 50.348918033763766 68.239431979134679 997.30817778222263 402.31981432624161 358.74083795491606
leaf_count=7858 325 504 87 788 904 5485
internal_value=0.0355478 0.0231121 -0.000293417 0.0327517 0.0132986 -0.008143
internal_weight=3708.08 2047.15 597.174 1449.98 452.669 528.935
internal_count=15951 15626 13430 2196 1408 13343
is_linear=0
shrinkage=0.04


Tree=36
num_leaves=6
num_cat=0
split_feature=0 4 6 10 5
split_gain=438.027 272.775 195.696 114.797 81.9412
threshold=1.0000000180025095e-35 0.16441441441441443 0.46410256410256417 0.91252157229295239 0.55860888821782684
decision_type=2 2 2 2 2
left_child=1 -1 3 -3 -4
right_child=-2 2 4 -5 -6
leaf_value=-0.040609126930477357 0.0502753917690675 0.001237448273420725 0.0083300296632558765 0.04068527913967647 0.039644049684038347
leaf_weight=104.22962889447808 1614.2784690409899 575.80162542033941 153.54270664043725 148.30982312560081 1049.9329650904983
leaf_count=9954 325 3820 778 148 926
internal_value=0.0347204 0.0223573 0.0257669 0.00932877 0.0356526
internal_weight=3646.1 2031.82 1927.59 724.111 1203.48
internal_count=15951 15626 5672 3968 1704
is_linear=0
shrinkage=0.04


Tree=37
num_leaves=7
num_cat=0
split_feature=0 4 4 10 4 5
split_gain=434.373 260.069 183.964 90.1219 27.9085 15.1929
threshold=1.0000000180025095e-35 0.56385869565217395 0.16441441441441443 0.91252157229295239 0.82085561497326209 0.86910324877614609
decision_type=2 2 2 2 2 2
left_child=1 2 -1 -4 5 -3
right_child=-2 4 3 -5 -6 -7
leaf_value=-0.040578209001356509 0.049714927763025558 0.037163603555994004 0.011914475025505397 0.046315872357865974 0.051676443385297519 0.0056283952570953481
leaf_weight=100.21764300158247 1568.1140089333057 362.60604874789715 1109.4479037281126 136.79065771400928 280.20234343409538 26.455588221549988
leaf_count=9954 325 239 5216 121 58 38
internal_value=0.0339257 0.0216379 0.0115033 0.0156989 0.0420148 0.0350284
internal_weight=3583.83 2015.72 1346.46 1246.24 669.264 389.062
internal_count=15951 15626 15291 5337 335 277
is_linear=0
shrinkage=0.04


Tree=38
num_leaves=7
num_cat=0
split_feature=0 4 4 6 4 5
split_gain=431.428 249.273 173.146 91.1818 28.0143 14.4417
threshold=1.0000000180025095e-35 0.56385869565217395 0.16441441441441443 0.46410256410256417 0.82085561497326209 0.86910324877614609
decision_type=2 2 2 2 2 2
left_child=1 2 -1 -4 5 -3
right_child=-2 4 3 -5 -6 -7
leaf_value=-0.040548162823032349 0.049185451111056655 0.036212084957739282 0.0040024042498557006 0.025632775304138981 0.050954803616094398 0.005417270931229826
leaf_weight=96.358113573398441 1522.519096031785 357.36110344529152 611.17802098859102 637.1314919386059 272.95343095064163 26.396189048886299
leaf_count=9954 325 239 3863 1474 58 38
internal_value=0.0331383 0.0209259 0.0110556 0.0150464 0.0411237 0.034103
internal_weight=3523.9 2001.38 1344.67 1248.31 656.711 383.757
internal_count=15951 15626 15291 5337 335 277
is_linear=0
shrinkage=0.04


Tree=39
num_leaves=7
num_cat=0
split_feature=0 4 4 9 4 5
split_gain=427.89 238.723 163.15 89.5357 28.1365 13.7332
threshold=1.0000000180025095e-35 0.56385869565217395 0.16441441441441443 0.15476190476190479 0.82085561497326209 0.86910324877614609
decision_type=2 2 2 2 2 2
left_child=1 2 -1 -4 5 -3
right_child=-2 4 3 -5 -6 -7
leaf_value=-0.040518944679333604 0.048684531902405584 0.035290780816419821 0.010118019908246676 0.041019401217861129 0.05027352090378754 0.0052136848570380383
leaf_weight=92.645417911466211 1477.5680526047945 352.13489040732384 1074.5682708602399 174.30327609460801 265.7351004332304 26.338849022984505
leaf_count=9954 325 239 5054 283 58 38
internal_value=0.0323849 0.0202518 0.010636 0.0144384 0.0402633 0.0332068
internal_weight=3463.29 1985.73 1341.52 1248.87 644.209 378.474
internal_count=15951 15626 15291 5337 335 277
is_linear=0
shrinkage=0.04


Tree=40
num_leaves=7
num_cat=0
split_feature=0 4 4 10 4 5
split_gain=424.851 228.896 153.747 85.0487 28.2707 13.0635
threshold=1.0000000180025095e-35 0.56385869565217395 0.16441441441441443 0.91252157229295239 0.82085561497326209 0.843764669065874
decision_type=2 2 2 2 2 2
left_child=1 2 -1 -4 5 -3
right_child=-2 4 3 -5 -6 -7
leaf_value=-0.040490510261709023 0.04820997248106975 0.035477591201269323 0.010202935462284528 0.043786274131980718 0.049629085675376459 0.01434060518748354
leaf_weight=89.074128854554147 1433.3246335536242 317.51869541406631 1115.4983067335561 135.18773307651281 258.56596581637859 55.706102386116982
leaf_count=9954 325 211 5216 121 58 66
internal_value=0.0316383 0.019586 0.0102218 0.013841 0.0394309 0.0323375
internal_weight=3404.88 1971.55 1339.76 1250.69 631.791 373.225
internal_count=15951 15626 15291 5337 335 277
is_linear=0
shrinkage=0.04


Tree=41
num_leaves=7
num_cat=0
split_feature=0 6 10 4 5 10
split_gain=421.616 223.534 145.514 139.696 116.316 101.761
threshold=1.0000000180025095e-35 0.46410256410256417 0.76519692767719005 0.31698564593301443 0.55860888821782684 0.71035767932496041
decision_type=2 2 2 2 2 2
left_child=1 2 -1 -4 5 -3
right_child=-2 4 3 -5 -6 -7
leaf_value=-0.024062532745156649 0.047759772742770289 -0.047837591555648505 -0.026218080250802016 0.023629397431260954 0.035399311422686541 0.019371764887824789
leaf_weight=232.30362356919795 1389.8431829959154 50.342172825708985 112.43093273974955 446.39301442354918 990.31637560809031 125.45949242636561
leaf_count=9764 325 2550 1145 811 988 368
internal_value=0.0309126 0.0189447 0.00252883 0.0135911 0.0300776 8.19897e-05
internal_weight=3347.09 1957.25 791.128 558.824 1166.12 175.802
internal_count=15951 15626 11720 1956 3906 2918
is_linear=0
shrinkage=0.04


Tree=42
num_leaves=7
num_cat=0
split_feature=0 4 4 9 4 6
split_gain=416.55 214.087 143.44 84.9382 19.4468 7.64193
threshold=1.0000000180025095e-35 0.61721611721611735 0.16441441441441443 0.15476190476190479 0.82085561497326209 0.58571428571428574
decision_type=2 2 2 2 2 2
left_child=1 2 -1 -4 5 -3
right_child=-2 4 3 -5 -6 -7
leaf_value=-0.040451277312484248 0.047332108701774053 0.03663367584445508 0.0094602232737896613 0.038489184964587045 0.048601368910503429 0.020403704896602749
leaf_weight=83.467386939562857 1347.1694150418043 207.6268248707056 1151.2815052364022 187.48384490702301 246.42564840614796 61.778263166546822
leaf_count=9954 325 124 5140 291 58 59
internal_value=0.0302483 0.0183685 0.0103573 0.0135321 0.0404402 0.0329372
internal_weight=3285.23 1938.06 1422.23 1338.77 515.831 269.405
internal_count=15951 15626 15385 5431 241 183
is_linear=0
shrinkage=0.04


Tree=43
num_leaves=7
num_cat=0
split_feature=0 4 4 6 4 6
split_gain=413.291 205.919 135.304 81.879 19.5996 7.34024
threshold=1.0000000180025095e-35 0.61721611721611735 0.16441441441441443 0.46410256410256417 0.82085561497326209 0.58571428571428574
decision_type=2 2 2 2 2 2
left_child=1 2 -1 -4 5 -3
right_child=-2 4 3 -5 -6 -7
leaf_value=-0.0404245115703964 0.046925311787831755 0.035806679221538504 0.0028713459087136048 0.022657613640133897 0.048041919882078621 0.01980287649025118
leaf_weight=80.246746108867228 1305.3413252383471 204.00393569469452 655.2433306965977 684.38455210719258 239.46664313971996 61.126037284731865
leaf_count=9954 325 124 3916 1515 58 59
internal_value=0.0295517 0.0177627 0.00995795 0.0129831 0.0397078 0.0321422
internal_weight=3229.81 1924.47 1419.87 1339.63 504.597 265.13
internal_count=15951 15626 15385 5431 241 183
is_linear=0
shrinkage=0.04


Tree=44
num_leaves=7
num_cat=0
split_feature=0 4 4 7 4 6
split_gain=409.381 197.844 127.762 79.7613 19.7562 7.05485
threshold=1.0000000180025095e-35 0.61721611721611735 0.16441441441441443 1.0000000180025095e-35 0.82085561497326209 0.58571428571428574
decision_type=2 2 2 2 2 2
left_child=1 2 -1 -4 5 -3
right_child=-2 4 3 -5 -6 -7
leaf_value=-0.040398386187587683 0.046537862853128775 0.035001224469821846 -0.048948553269946064 0.01402212274956023 0.047509049518812345 0.019216434675282307
leaf_weight=77.14921056618914 1264.3899033218622 200.42822812497616 32.79165107011795 1306.0928029948846 232.60749632120132 60.49099063873291
leaf_count=9954 325 124 395 5036 58 59
internal_value=0.0288838 0.0171897 0.0095841 0.0124713 0.0389952 0.0313669
internal_weight=3173.95 1909.56 1416.03 1338.88 493.527 260.919
internal_count=15951 15626 15385 5431 241 183
is_linear=0
shrinkage=0.04


Tree=45
num_leaves=7
num_cat=0
split_feature=0 4 4 9 4 6
split_gain=405.884 190.264 120.641 79.2184 19.9143 6.7839
threshold=1.0000000180025095e-35 0.61721611721611735 0.16441441441441443 0.15476190476190479 0.82085561497326209 0.58571428571428574
decision_type=2 2 2 2 2 2
left_child=1 2 -1 -4 5 -3
right_child=-2 4 3 -5 -6 -7
leaf_value=-0.040372866822077434 0.046168349498469291 0.034215668159485312 0.0080551158607488609 0.036189672511603349 0.047000576451187895 0.018644031853884812
leaf_weight=74.170184479095042 1224.3401882350445 196.90524174273014 1153.700471223332 185.85921927634627 225.85774675011635 59.873112678527832
leaf_count=9954 325 124 5140 291 58 59
internal_value=0.0282154 0.0166198 0.0092124 0.011965 0.0383007 0.0306099
internal_weight=3120.71 1896.37 1413.73 1339.56 482.636 256.778
internal_count=15951 15626 15385 5431 241 183
is_linear=0
shrinkage=0.04


Tree=46
num_leaves=7
num_cat=0
split_feature=0 6 10 4 5 5
split_gain=402.138 184.385 119.431 122.608 108.381 101.188
threshold=1.0000000180025095e-35 0.46410256410256417 0.76519692767719005 0.31698564593301443 0.36245805369127521 0.55860888821782684
decision_type=2 2 2 2 2 2
left_child=1 2 4 -4 -1 -3
right_child=-2 5 3 -5 -6 -7
leaf_value=0.024468751256621808 0.045815487148448304 -0.0014743337120411714 -0.026275552822313666 0.020570162218694527 -0.039653723669023207 0.031781230082468595
leaf_weight=56.167430045083165 1185.2112463489175 173.4975747698918 111.82784528564662 441.99910859018564 167.36246602470055 932.38215012103319
leaf_count=5481 325 2918 1145 811 4283 988
internal_value=0.0275626 0.0160705 0.00113854 0.0111015 -0.023525 0.0265628
internal_weight=3068.45 1883.24 777.357 553.827 223.53 1105.88
internal_count=15951 15626 11720 1956 9764 3906
is_linear=0
shrinkage=0.04


Tree=47
num_leaves=7
num_cat=0
split_feature=0 4 4 7 4 4
split_gain=397.13 178.727 116.18 85.0499 9.9993 8.24435
threshold=1.0000000180025095e-35 0.6858552631578948 0.16441441441441443 1.0000000180025095e-35 0.82085561497326209 0.75595238095238104
decision_type=2 2 2 2 2 2
left_child=1 2 -1 -4 5 -3
right_child=-2 4 3 -5 -6 -7
leaf_value=-0.040342620023655407 0.045478083495759672 0.036791154848775633 -0.050699321259798646 0.013450180287092956 0.046198219047867126 0.011656397273701781
leaf_weight=71.224804600235075 1147.0174296498299 126.48496370017529 33.666036816313863 1394.6498443474993 214.80689561367035 25.581343814730644
leaf_count=9954 325 67 403 5115 58 29
internal_value=0.0269556 0.0155677 0.00944065 0.0119299 0.0405868 0.0325969
internal_weight=3013.43 1866.41 1499.54 1428.32 366.873 152.066
internal_count=15951 15626 15472 5518 154 96
is_linear=0
shrinkage=0.04


Tree=48
num_leaves=7
num_cat=0
split_feature=0 4 4 5 4 5
split_gain=393.249 172.807 105.784 79.8026 20.4586 6.94647
threshold=1.0000000180025095e-35 0.61721611721611735 0.16441441441441443 0.42722859664607243 0.82085561497326209 0.843764669065874
decision_type=2 2 2 2 2 2
left_child=1 2 -1 -4 5 -3
right_child=-2 4 3 -5 -6 -7
leaf_value=-0.040318385269388156 0.045155038678339539 0.031839070389528365 0.041133262006435307 0.0074458025031088563 0.045745681584291403 0.014386416866534635
leaf_weight=68.472465279046446 1109.7684121653438 199.47648124396801 123.93499714136124 1208.0388257885352 208.38646046817303 45.82089863717556
leaf_count=9954 325 133 801 4630 58 50
internal_value=0.0263229 0.0150465 0.00809171 0.0105875 0.0364973 0.0286015
internal_weight=2963.9 1854.13 1400.45 1331.97 453.684 245.297
internal_count=15951 15626 15385 5431 241 183
is_linear=0
shrinkage=0.04


Tree=49
num_leaves=7
num_cat=0
split_feature=0 4 10 5 9 4
split_gain=389.698 167.218 107.792 120.172 76.8527 10.1213
threshold=1.0000000180025095e-35 0.6858552631578948 0.80716956988452304 0.82904856075587785 0.28636363636363643 0.82085561497326209
decision_type=2 2 2 2 2 2
left_child=1 2 4 -4 -1 -3
right_child=-2 5 3 -5 -6 -7
leaf_value=-0.0065437391624598787 0.044845331316849361 0.031324485829724573 0.020186326274574871 -0.10280822039331561 0.05453447550405513 0.045311011420563263
leaf_weight=627.80676530487835 1073.4700190648437 146.92542742192745 819.81642885599285 12.709843620657919 34.583966365084052 202.0992230027914
leaf_count=13687 325 96 1638 56 91 58
internal_value=0.0256859 0.0145272 0.00870253 0.018282 -0.00333628 0.0394503
internal_weight=2917.41 1843.94 1494.92 832.526 662.391 349.025
internal_count=15951 15626 15472 1694 13778 154
is_linear=0
shrinkage=0.04


Tree=50
num_leaves=7
num_cat=0
split_feature=0 6 10 4 5 5
split_gain=385.299 161.98 101.809 111.42 106.681 90.973
threshold=1.0000000180025095e-35 0.46410256410256417 0.76519692767719005 0.31698564593301443 0.36245805369127521 0.52960654460459688
decision_type=2 2 2 2 2 2
left_child=1 2 4 -4 -1 -3
right_child=-2 5 3 -5 -6 -7
leaf_value=0.024734891314860216 0.044548016243771776 -0.0071765807103351519 -0.02641839983685423 0.018296937487927555 -0.039372197227864614 0.028526923119379093
leaf_weight=55.54504831880331 1038.1243574470282 129.92824407992885 111.64745807927102 439.1174318343401 162.76069529401138 932.85697152279317
leaf_count=5481 325 2717 1145 811 4283 1189
internal_value=0.0250802 0.0140429 5.72748e-05 0.00922261 -0.0230441 0.0241597
internal_weight=2869.98 1831.86 769.071 550.765 218.306 1062.79
internal_count=15951 15626 11720 1956 9764 3906
is_linear=0
shrinkage=0.04


Tree=51
num_leaves=7
num_cat=0
split_feature=0 4 4 7 4 4
split_gain=379.786 158.326 99.9901 78.1555 10.5808 8.41895
threshold=1.0000000180025095e-35 0.6858552631578948 0.16441441441441443 1.0000000180025095e-35 0.82085561497326209 0.75595238095238104
decision_type=2 2 2 2 2 2
left_child=1 2 -1 -4 5 -3
right_child=-2 4 3 -5 -6 -7
leaf_value=-0.040288004547040027 0.044262210291342592 0.034468488826634371 -0.050605346279615597 0.011674312446651354 0.044638125986689807 0.0083436955657907163
leaf_weight=65.398927397094667 1003.7305863052607 117.69487787783146 32.802917932160199 1383.7641326896846 192.15116359293461 24.142839953303337
leaf_count=9954 325 67 403 5115 58 29
internal_value=0.0245177 0.0135995 0.00798821 0.0102238 0.0384721 0.0300538
internal_weight=2819.69 1815.95 1481.97 1416.57 333.989 141.838
internal_count=15951 15626 15472 5518 154 96
is_linear=0
shrinkage=0.04


Tree=52
num_leaves=7
num_cat=0
split_feature=0 4 4 7 4 4
split_gain=375.135 152.487 94.67 73.6417 10.7108 8.12047
threshold=1.0000000180025095e-35 0.6858552631578948 0.16441441441441443 1.0000000180025095e-35 0.82085561497326209 0.75595238095238104
decision_type=2 2 2 2 2 2
left_child=1 2 -1 -4 5 -3
right_child=-2 4 3 -5 -6 -7
leaf_value=-0.040264882367521911 0.043987092615255963 0.033811642943493592 -0.050196950597565959 0.011203926354144479 0.044243751201822244 0.0080538256484153602
leaf_weight=62.870071003213525 970.28490380197763 115.23608657717705 31.769527795724571 1384.1851989235729 186.23091523349285 24.021029725670815
leaf_count=9954 325 67 403 5115 58 29
internal_value=0.0239317 0.013142 0.00768227 0.00981798 0.0379214 0.0294008
internal_weight=2774.6 1804.31 1478.82 1415.95 325.488 139.257
internal_count=15951 15626 15472 5518 154 96
is_linear=0
shrinkage=0.04


Tree=53
num_leaves=7
num_cat=0
split_feature=0 4 10 5 9 4
split_gain=370.323 146.809 91.7982 110.426 68.7149 10.8374
threshold=1.0000000180025095e-35 0.6858552631578948 0.80716956988452304 0.82904856075587785 0.28636363636363643 0.82085561497326209
decision_type=2 2 2 2 2 2
left_child=1 2 4 -4 -1 -3
right_child=-2 5 3 -5 -6 -7
leaf_value=-0.0068527223205832955 0.043721895039788142 0.028759102891369296 0.018139984942272615 -0.099480150580362331 0.051159141071957751 0.043862485029960298
leaf_weight=619.62845808826387 937.78110986948013 136.73781600594521 809.06598866917193 12.774964988231657 34.2827079272829 180.4543035775423
leaf_count=13687 325 96 1638 56 91 58
internal_value=0.0233556 0.0126984 0.00738772 0.0162855 -0.00379355 0.0373801
internal_weight=2730.73 1792.94 1475.75 821.841 653.911 317.192
internal_count=15951 15626 15472 1694 13778 154
is_linear=0
shrinkage=0.04


Tree=54
num_leaves=7
num_cat=0
split_feature=0 4 10 9 5 4
split_gain=365.21 141.434 84.6984 116.437 57.365 28.0091
threshold=1.0000000180025095e-35 0.56385869565217395 0.91252157229295239 0.38750000000000007 0.68989800874210794 0.82085561497326209
decision_type=2 2 2 2 2 2
left_child=1 2 3 -1 -4 -3
right_child=-2 5 4 -5 -6 -7
leaf_value=0.0030641686729836197 0.043465900434096753 0.023429707244708088 0.052661614326524421 -0.14454054940333108 -0.0074147661558398113 0.043493218994348173
leaf_weight=1158.8928684061393 906.2108618915081 311.60814024507999 92.855324171483517 8.4141247565858048 34.856024220585823 174.82255551218987
leaf_count=15115 325 277 53 55 68 58
internal_value=0.0227939 0.0122734 0.00536209 0.00197392 0.0362635 0.0306595
internal_weight=2687.66 1781.45 1295.02 1167.31 127.711 486.431
internal_count=15951 15626 15291 15170 121 335
is_linear=0
shrinkage=0.04


Tree=55
num_leaves=7
num_cat=0
split_feature=0 6 10 9 5 10
split_gain=360.349 138.944 85.7901 88.2978 81.605 125.648
threshold=1.0000000180025095e-35 0.46410256410256417 0.91252157229295239 0.15476190476190479 0.5920526315789475 0.71035767932496041
decision_type=2 2 2 2 2 2
left_child=1 2 3 -1 5 -3
right_child=-2 4 -4 -5 -6 -7
leaf_value=-0.012750819111208206 0.043218431579538141 -0.051661627283101551 0.028027464410645807 0.034186449835672511 0.027742895504030689 0.017178663447374266
leaf_weight=552.94302290771157 875.56389828771353 55.482597682159394 133.16187488287687 72.324258828768507 780.25014085276052 177.92261891439557
leaf_count=11200 325 2655 148 372 788 463
internal_value=0.0222265 0.0118499 -0.00109656 -0.00730922 0.0215368 0.000775903
internal_weight=2647.65 1772.08 758.429 625.267 1013.66 233.405
internal_count=15951 15626 11720 11572 3906 3118
is_linear=0
shrinkage=0.04


Tree=56
num_leaves=7
num_cat=0
split_feature=0 4 4 5 4 4
split_gain=354.045 133.333 84.6507 75.2785 11.28 8.29386
threshold=1.0000000180025095e-35 0.6858552631578948 0.16441441441441443 0.42722859664607243 0.82085561497326209 0.75595238095238104
decision_type=2 2 2 2 2 2
left_child=1 2 -1 -4 5 -3
right_child=-2 4 3 -5 -6 -7
leaf_value=-0.040235321188622629 0.042978856515035593 0.031659458565485618 0.038062049266827297 0.0055871313143772069 0.042910104659910457 0.0049155679254402271
leaf_weight=59.243435156531632 845.82832305133343 107.29671102762222 125.2858246602118 1276.2079505594447 165.88888441771269 22.743762955069542
leaf_count=9954 325 67 802 4716 58 29
internal_value=0.0217191 0.0114778 0.00651361 0.00849665 0.0359537 0.0270121
internal_weight=2602.49 1756.67 1460.74 1401.49 295.929 130.04
internal_count=15951 15626 15472 5518 154 96
is_linear=0
shrinkage=0.04


Tree=57
num_leaves=7
num_cat=0
split_feature=0 4 4 5 4 4
split_gain=349.133 128.248 80.2756 68.2445 11.3886 7.97614
threshold=1.0000000180025095e-35 0.6858552631578948 0.16441441441441443 0.40954368655725265 0.82085561497326209 0.75595238095238104
decision_type=2 2 2 2 2 2
left_child=1 2 -1 -4 5 -3
right_child=-2 4 3 -5 -6 -7
leaf_value=-0.040212984256281711 0.042746581590137306 0.031044677018165736 0.039949315507673902 0.0056964797948968705 0.042567808000973664 0.004735590324719114
leaf_weight=56.951557070016861 816.9908089786768 105.09361146390438 100.06834920123219 1303.1865364164114 160.64165343344212 22.6728904992342
leaf_count=9954 325 67 585 4933 58 29
internal_value=0.0211614 0.0110715 0.00625314 0.00814587 0.0354384 0.0264063
internal_weight=2565.61 1748.61 1460.21 1403.25 288.408 127.767
internal_count=15951 15626 15472 5518 154 96
is_linear=0
shrinkage=0.04


Tree=58
num_leaves=7
num_cat=0
split_feature=0 6 10 5 4 5
split_gain=344.007 125.452 80.1949 107.875 97.0564 76.5301
threshold=1.0000000180025095e-35 0.46410256410256417 0.76519692767719005 0.36245805369127521 0.31698564593301443 0.5920526315789475
decision_type=2 2 2 2 2 2
left_child=1 2 3 -1 -4 -3
right_child=-2 5 4 -5 -6 -7
leaf_value=0.026539369712136988 0.042521042455453371 -7.1021092934351102e-05 -0.026714722875246091 -0.039142023494035276 0.015118768564990885 0.026233045943436353
leaf_weight=53.393119347281754 789.03684954345226 230.92604295955971 111.44123924896121 157.68468493456021 432.04518174752593 755.12647078838199
leaf_count=5481 325 3118 1145 4283 811 788
internal_value=0.0206147 0.0106795 -0.00159394 -0.0225087 0.00653051 0.020072
internal_weight=2529.65 1740.62 754.564 211.078 543.486 986.053
internal_count=15951 15626 11720 9764 1956 3906
is_linear=0
shrinkage=0.04


Tree=59
num_leaves=7
num_cat=0
split_feature=0 10 6 9 5 6
split_gain=337.49 122.006 109.808 80.2971 62.5183 26.5366
threshold=1.0000000180025095e-35 0.91252157229295239 0.46410256410256417 0.15476190476190479 0.55860888821782684 0.16025641025641027
decision_type=2 2 2 2 2 2
left_child=1 2 3 -1 -4 -3
right_child=-2 5 4 -5 -6 -7
leaf_value=-0.012619137897788981 0.042301705029136015 -0.0039614814897024342 -0.0069008249242521885 0.032286585933327894 0.020967051189972583 0.035926601824940618
leaf_weight=546.64562059706077 761.95091240853071 29.176739521324635 162.42440734244883 71.901139712892473 618.64413272310048 297.21924969553947
leaf_count=11200 325 67 2915 372 885 187
internal_value=0.0201311 0.0103389 0.00519945 -0.00738722 0.015169 0.0323546
internal_weight=2487.96 1726.01 1399.62 618.547 781.069 326.396
internal_count=15951 15626 15372 11572 3800 254
is_linear=0
shrinkage=0.04


Tree=60
num_leaves=7
num_cat=0
split_feature=0 4 4 5 4 4
split_gain=330.928 116.846 73.8177 66.7124 11.9997 8.07068
threshold=1.0000000180025095e-35 0.6858552631578948 0.16441441441441443 0.42722859664607243 0.82085561497326209 0.75595238095238104
decision_type=2 2 2 2 2 2
left_child=1 2 -1 -4 5 -3
right_child=-2 4 3 -5 -6 -7
leaf_value=-0.040184057070753218 0.042088068903419908 0.029514048846188193 0.034791994882056143 0.0044767740462271057 0.041789140512684154 0.0025389590628100839
leaf_weight=54.289251667913049 735.71651787310839 99.705513395369053 127.79318442661315 1259.6888180281967 148.7607080489397 21.828770011663437
leaf_count=9954 325 67 802 4716 58 29
internal_value=0.0196548 0.0100097 0.00548123 0.00727499 0.0341355 0.0246976
internal_weight=2447.78 1712.07 1441.77 1387.48 270.295 121.534
internal_count=15951 15626 15472 5518 154 96
is_linear=0
shrinkage=0.04


Tree=61
num_leaves=7
num_cat=0
split_feature=0 10 6 9 5 6
split_gain=325.442 113.681 100.548 74.236 58.8829 25.1414
threshold=1.0000000180025095e-35 0.91252157229295239 0.46410256410256417 0.15476190476190479 0.53368237347294956 0.16025641025641027
decision_type=2 2 2 2 2 2
left_child=1 2 3 -1 -4 -3
right_child=-2 5 4 -5 -6 -7
leaf_value=-0.012377152091676167 0.041879657650944042 -0.0039878374331936564 -0.010157491096481331 0.030827675117062581 0.019306865770734788 0.03490044253469822
leaf_weight=544.25482496200129 710.31652898341417 29.173651061952114 130.34856507950462 71.839193900115788 642.31776484427974 286.76035517454147
leaf_count=11200 325 67 2748 372 1052 187
internal_value=0.019135 0.00965272 0.00472221 -0.00732767 0.0143323 0.0313029
internal_weight=2415.01 1704.69 1388.76 616.094 772.666 315.934
internal_count=15951 15626 15372 11572 3800 254
is_linear=0
shrinkage=0.04


Tree=62
num_leaves=7
num_cat=0
split_feature=0 4 10 7 4 4
split_gain=318.8 108.728 70.6046 72.1697 9.63912 9.15695
threshold=1.0000000180025095e-35 0.71008403361344552 0.60390955103716515 1.0000000180025095e-35 0.82085561497326209 0.75595238095238104
decision_type=2 2 2 2 2 2
left_child=1 2 -1 -4 5 -3
right_child=-2 4 3 -5 -6 -7
leaf_value=-0.040942244812711109 0.04167601180141807 0.031252679109788455 -0.051126982843894622 0.0083549747430202298 0.041242990566011113 0.0014215589558552542
leaf_weight=50.855465838685632 685.73326302319765 73.427047155797482 33.226349459029734 1371.9385630497709 140.55760837346315 21.414432495832443
leaf_count=8957 325 46 596 5940 58 29
internal_value=0.0186732 0.00934247 0.00526079 0.00693997 0.0345546 0.0245553
internal_weight=2377.15 1691.42 1456.02 1405.16 235.399 94.8415
internal_count=15951 15626 15493 6536 133 75
is_linear=0
shrinkage=0.04


Tree=63
num_leaves=7
num_cat=0
split_feature=0 10 6 9 5 6
split_gain=312.753 105.662 91.1285 68.1085 54.41 23.8493
threshold=1.0000000180025095e-35 0.91252157229295239 0.46410256410256417 0.15476190476190479 0.55860888821782684 0.16025641025641027
decision_type=2 2 2 2 2 2
left_child=1 2 3 -1 -4 -3
right_child=-2 5 4 -5 -6 -7
leaf_value=-0.012066247184648913 0.041476701637518945 -0.0040626489242093725 -0.0070944331480635647 0.029372768034870548 0.019031216769727969 0.033901895962358701
leaf_weight=540.62349256663583 661.94852086156607 29.12692041695118 161.54500720649958 71.682919923216105 602.44329326692969 276.70840828865767
leaf_count=11200 325 67 2915 372 885 187
internal_value=0.0181888 0.00901952 0.00429005 -0.0072037 0.0135039 0.0302794
internal_weight=2344.08 1682.13 1376.29 612.306 763.988 305.835
internal_count=15951 15626 15372 11572 3800 254
is_linear=0
shrinkage=0.04


Tree=64
num_leaves=7
num_cat=0
split_feature=0 4 10 7 4 4
split_gain=306.021 101.239 66.0679 67.5247 9.89312 9.01938
threshold=1.0000000180025095e-35 0.71008403361344552 0.60390955103716515 1.0000000180025095e-35 0.82085561497326209 0.75595238095238104
decision_type=2 2 2 2 2 2
left_child=1 2 -1 -4 5 -3
right_child=-2 4 3 -5 -6 -7
leaf_value=-0.040922561668740719 0.041281314856051951 0.030282288499618355 -0.050837718924017533 0.0077909293044090338 0.040717255768665334 0.00035335996581567204
leaf_weight=48.562892654445022 638.94371654093266 70.724904716014862 31.967201985418797 1364.105593574699 132.82232221215963 21.027677431702614
leaf_count=8957 325 46 596 5940 58 29
internal_value=0.0177437 0.00872881 0.00484096 0.00643993 0.0337029 0.0234607
internal_weight=2308.15 1669.21 1444.64 1396.07 224.575 91.7526
internal_count=15951 15626 15493 6536 133 75
is_linear=0
shrinkage=0.04


Tree=65
num_leaves=7
num_cat=0
split_feature=0 10 6 9 5 6
split_gain=299.86 98.1029 82.5911 62.5091 49.8982 22.5985
threshold=1.0000000180025095e-35 0.91252157229295239 0.46410256410256417 0.15476190476190479 0.53368237347294956 0.16025641025641027
decision_type=2 2 2 2 2 2
left_child=1 2 3 -1 -4 -3
right_child=-2 5 4 -5 -6 -7
leaf_value=-0.011754073808210457 0.041089458686997531 -0.004115914298690319 -0.0098757484385000958 0.02800400831353719 0.017395807127808173 0.032926361006640426
leaf_weight=537.09089378314093 616.70006572455168 29.081429123878479 129.30972954723984 71.502856898587197 626.20372908795252 267.15572203695774
leaf_count=11200 325 67 2748 372 1052 187
internal_value=0.0172757 0.00842551 0.00389092 -0.007072 0.0127241 0.0292829
internal_weight=2277.04 1660.34 1364.11 608.594 755.513 296.237
internal_count=15951 15626 15372 11572 3800 254
is_linear=0
shrinkage=0.04


Tree=66
num_leaves=7
num_cat=0
split_feature=0 4 4 5 4 5
split_gain=293.127 94.3207 60.0377 75.4401 20.3501 10.5721
threshold=1.0000000180025095e-35 0.61721611721611735 0.16441441441441443 0.42722859664607243 0.82085561497326209 0.843764669065874
decision_type=2 2 2 2 2 2
left_child=1 2 -1 -4 5 -3
right_child=-2 4 3 -5 -6 -7
leaf_value=-0.040147429407313737 0.040900753722847565 0.023842392587280232 0.034305640375794359 0.0018789837920024986 0.040211232168104794 -0.00040473827283758995
leaf_weight=48.473900948651135 595.19861884787679 159.349679261446 127.32008720561862 1152.5021306108683 125.57423762232065 34.895964868366718
leaf_count=9954 325 133 801 4630 58 50
internal_value=0.0168441 0.00815124 0.00345235 0.00511129 0.0276463 0.0194802
internal_weight=2243.31 1648.12 1328.3 1279.82 319.82 194.246
internal_count=15951 15626 15385 5431 241 183
is_linear=0
shrinkage=0.04


Tree=67
num_leaves=7
num_cat=0
split_feature=0 10 6 5 5 6
split_gain=287.094 90.8945 75.7918 58.6032 47.4093 21.2674
threshold=1.0000000180025095e-35 0.91252157229295239 0.46410256410256417 0.40954368655725265 0.55860888821782684 0.16025641025641027
decision_type=2 2 2 2 2 2
left_child=1 2 3 -1 -4 -3
right_child=-2 5 4 -5 -6 -7
leaf_value=0.022975549529373925 0.040714838397890134 -0.0040481114882390109 -0.0072067707325549407 -0.012153707633474954 0.017297727408392801 0.031949293838888164
leaf_weight=88.845184638397768 574.42024831846356 29.077661119401455 160.64142004796304 516.98547095013782 587.77821009000763 258.00983256101608
leaf_count=6560 325 67 2915 5012 885 187
internal_value=0.0163804 0.00785896 0.00352149 -0.00699281 0.0120349 0.0282961
internal_weight=2215.76 1641.34 1354.25 605.831 748.42 287.087
internal_count=15951 15626 15372 11572 3800 254
is_linear=0
shrinkage=0.04


Tree=68
num_leaves=7
num_cat=0
split_feature=0 4 10 7 4 4
split_gain=280.595 88.1905 60.2314 62.6287 10.1604 9.20733
threshold=1.0000000180025095e-35 0.71008403361344552 0.60390955103716515 1.0000000180025095e-35 0.82085561497326209 0.75595238095238104
decision_type=2 2 2 2 2 2
left_child=1 2 -1 -4 5 -3
right_child=-2 4 3 -5 -6 -7
leaf_value=-0.040939743897527255 0.04053136506079999 0.028693066955452963 -0.05073541634917849 0.0068509630570253305 0.039718762230872395 -0.002073874067778622
leaf_weight=45.847501342650503 554.34587372094393 66.480767160654068 30.704033888410777 1349.6612339271232 118.75073333084583 20.112504348158836
leaf_count=8957 325 46 596 5940 58 29
internal_value=0.0159494 0.00759211 0.00405966 0.00556143 0.0320891 0.0215357
internal_weight=2185.9 1631.56 1426.21 1380.37 205.344 86.5933
internal_count=15951 15626 15493 6536 133 75
is_linear=0
shrinkage=0.04


Tree=69
num_leaves=7
num_cat=0
split_feature=0 4 4 5 4 4
split_gain=274.28 84.3416 57.8093 61.6161 10.1938 8.79957
threshold=1.0000000180025095e-35 0.71008403361344552 0.16441441441441443 0.42722859664607243 0.82085561497326209 0.75595238095238104
decision_type=2 2 2 2 2 2
left_child=1 2 -1 -4 5 -3
right_child=-2 4 3 -5 -6 -7
leaf_value=-0.04012611658065194 0.040349999282413472 0.028145051105137431 0.031613157044419068 0.0026488349826630916 0.039431819474772693 -0.001988877591529224
leaf_weight=45.957948247203603 534.95645611360669 65.096392460167408 129.56929185707122 1247.7332177273929 114.90944301337004 20.141089886426926
leaf_count=9954 325 46 802 4737 58 29
internal_value=0.0155148 0.00732575 0.00390306 0.00537929 0.0316266 0.0210132
internal_weight=2158.36 1623.41 1423.26 1377.3 200.147 85.2375
internal_count=15951 15626 15493 5539 133 75
is_linear=0
shrinkage=0.04


Tree=70
num_leaves=7
num_cat=0
split_feature=0 10 6 9 9 6
split_gain=268.207 82.9228 67.7873 58.1899 48.0737 19.8942
threshold=1.0000000180025095e-35 0.91252157229295239 0.46410256410256417 0.15476190476190479 0.41428571428571431 0.16025641025641027
decision_type=2 2 2 2 2 2
left_child=1 2 3 -1 -4 -3
right_child=-2 5 4 -5 -6 -7
leaf_value=-0.011515368507199721 0.04017041967047006 -0.0041789728702079851 0.01255787436868268 0.026891259845869514 -0.059829427793031846 0.030745669600347646
leaf_weight=533.28764377813786 516.23297898098826 29.027629226446152 723.25431784498505 71.372175986412913 14.779312432976438 246.15123216062784
leaf_count=11200 325 67 3754 372 46 187
internal_value=0.0150717 0.00705796 0.00295497 -0.00697127 0.0110898 0.027054
internal_weight=2134.11 1617.87 1342.69 604.66 738.034 275.179
internal_count=15951 15626 15372 11572 3800 254
is_linear=0
shrinkage=0.04


Tree=71
num_leaves=7
num_cat=0
split_feature=0 4 5 10 4 5
split_gain=261.693 78.6993 57.5132 61.4891 10.3453 8.77182
threshold=1.0000000180025095e-35 0.71008403361344552 0.843764669065874 0.80716956988452304 0.82085561497326209 0.75238441275320211
decision_type=2 2 2 2 2 2
left_child=1 2 3 -1 5 -3
right_child=-2 4 -4 -5 -6 -7
leaf_value=-0.0050781019328572635 0.039992316548226464 0.038700722331602558 -0.097522989375030691 0.011726900456550466 0.038976173285464405 0.01088174205287298
leaf_weight=630.62861747806892 498.15660491585732 27.079602733254433 8.7483412921428663 777.59848537063226 108.96459045261145 55.789920665323734
leaf_count=13778 325 12 39 1676 58 63
internal_value=0.0146639 0.00681594 0.00355714 0.00420026 0.0308478 0.0200676
internal_weight=2106.97 1608.81 1416.98 1408.23 191.834 82.8695
internal_count=15951 15626 15493 15454 133 75
is_linear=0
shrinkage=0.04


Tree=72
num_leaves=7
num_cat=0
split_feature=0 10 6 5 4 6
split_gain=255.348 75.9372 62.0942 55.7409 44.2497 18.4732
threshold=1.0000000180025095e-35 0.91252157229295239 0.46410256410256417 0.40954368655725265 0.19782608695652179 0.16025641025641027
decision_type=2 2 2 2 2 2
left_child=1 2 3 -1 -4 -3
right_child=-2 5 4 -5 -6 -7
leaf_value=0.022374822445777633 0.039815385649923429 -0.0039950963297846753 -0.04338876885175217 -0.011917330148913012 0.012281287754884736 0.029722975288910408
leaf_weight=88.782808090560138 480.70871456339955 29.020541716367006 23.397265225416049 512.62150598503649 709.89298670180142 237.81268022209406
leaf_count=6560 325 67 2416 5012 1384 187
internal_value=0.0142534 0.00657554 0.00267775 -0.00684584 0.0104909 0.0260481
internal_weight=2082.24 1601.53 1334.69 601.404 733.29 266.833
internal_count=15951 15626 15372 11572 3800 254
is_linear=0
shrinkage=0.04


Tree=73
num_leaves=7
num_cat=0
split_feature=0 4 7 10 4 4
split_gain=248.911 73.1159 55.704 56.8299 10.4688 9.12442
threshold=1.0000000180025095e-35 0.71008403361344552 1.0000000180025095e-35 0.60390955103716515 0.82085561497326209 0.75595238095238104
decision_type=2 2 2 2 2 2
left_child=1 2 -1 -4 5 -3
right_child=-2 4 3 -5 -6 -7
leaf_value=-0.050459488419392823 0.039639337702795041 0.026641684220173604 -0.040952269588229111 0.0058786745736437952 0.038516086099607827 -0.0047983549055673029
leaf_weight=30.031472815666348 463.8708033002913 61.441289305686951 42.580522442003712 1336.6084940349683 103.23955050110817 19.217156819999218
leaf_count=714 325 46 8839 5940 58 29
internal_value=0.0138586 0.00634674 0.0032476 0.00442566 0.0300554 0.0191329
internal_weight=2056.99 1593.12 1409.22 1379.19 183.898 80.6584
internal_count=15951 15626 15493 14779 133 75
is_linear=0
shrinkage=0.04


Tree=74
num_leaves=7
num_cat=0
split_feature=0 10 6 9 9 6
split_gain=242.589 70.2139 56.0883 53.4766 44.6559 17.6445
threshold=1.0000000180025095e-35 0.91252157229295239 0.46410256410256417 0.15476190476190479 0.41428571428571431 0.27922077922077926
decision_type=2 2 2 2 2 2
left_child=1 2 3 -1 -4 -3
right_child=-2 5 4 -5 -6 -7
leaf_value=-0.011038083250776281 0.039463890922692507 0.0041437598946743774 0.011316880189219485 0.025855996897087733 -0.058014069458908732 0.0303470962888251
leaf_weight=528.70292852493003 447.62470213696361 51.565311964601278 711.69472711044364 71.120965891517699 14.976932214340193 207.73022582381964
leaf_count=11200 325 95 3754 372 46 159
internal_value=0.0134654 0.00612143 0.0023969 -0.00665307 0.00986963 0.025151
internal_weight=2033.42 1585.79 1326.5 599.824 726.672 259.296
internal_count=15951 15626 15372 11572 3800 254
is_linear=0
shrinkage=0.04


Tree=75
num_leaves=7
num_cat=0
split_feature=0 4 7 5 5 4
split_gain=236.174 68.1926 49.4526 62.6245 51.5038 18.8396
threshold=1.0000000180025095e-35 0.61721611721611735 0.75000000000000011 0.5920526315789475 0.55051025667456976 0.82085561497326209
decision_type=2 2 2 2 2 2
left_child=1 2 3 -1 -4 -3
right_child=-2 5 4 -5 -6 -7
leaf_value=-0.011222105576566107 0.039288773394445163 0.016163745286396553 0.065862457594210985 0.0073295200611058868 -0.00017031198516936753 0.038069911909243241
leaf_weight=474.95834087510593 431.95245811715722 177.77187085151672 38.328545292839408 751.54282135050744 36.974549791309983 97.930283933877945
leaf_count=13167 325 183 220 1885 113 58
internal_value=0.0130889 0.00590946 0.00207902 0.000143178 0.0334987 0.0239741
internal_weight=2009.46 1577.51 1301.8 1226.5 75.3031 275.702
internal_count=15951 15626 15385 15052 333 241
is_linear=0
shrinkage=0.04


Tree=76
num_leaves=7
num_cat=0
split_feature=0 4 7 10 4 4
split_gain=229.888 65.0468 55.4198 54.6118 1.45399 0.986633
threshold=1.0000000180025095e-35 0.82085561497326209 1.0000000180025095e-35 0.60390955103716515 0.45993589743589752 0.97368421052631582
decision_type=2 2 2 2 2 2
left_child=1 2 4 -4 -1 -2
right_child=5 -3 3 -5 -6 -7
leaf_value=-0.043010863217870877 0.039438843411474953 0.037789611972736135 -0.04093748875120351 0.0060588998625296575 -0.064329482915923095 0.025061779814522504
leaf_weight=18.96537318779156 406.91774179413915 94.775730516761541 40.500269927782938 1406.0182084701955 10.087386116385458 9.9187080264091474
leaf_count=666 314 58 8839 6014 49 11
internal_value=0.0127136 0.00570054 0.00363326 0.00473621 -0.0508705 0.0391137
internal_weight=1987.18 1570.35 1475.57 1446.52 29.0528 416.836
internal_count=15951 15626 15568 14853 715 325
is_linear=0
shrinkage=0.04


Tree=77
num_leaves=7
num_cat=0
split_feature=0 10 6 5 9 6
split_gain=223.748 62.8438 50.5947 55.4969 41.4275 16.5868
threshold=1.0000000180025095e-35 0.91252157229295239 0.46410256410256417 0.40954368655725265 0.41428571428571431 0.16025641025641027
decision_type=2 2 2 2 2 2
left_child=1 2 3 -1 -4 -3
right_child=-2 5 4 -5 -6 -7
leaf_value=0.022693537500588744 0.038938543142567242 -0.0045009878786503145 0.010564241040683271 -0.011694178548359767 -0.055653410667116737 0.027647019550288671
leaf_weight=87.885009591234848 402.26643340662122 28.888737574219704 703.98466293211095 508.10074901627377 15.243740421254186 220.17000820487738
leaf_count=6560 325 67 3754 5012 46 187
internal_value=0.012339 0.0054933 0.00200126 -0.00661404 0.00914292 0.0239095
internal_weight=1966.54 1564.27 1315.21 595.986 719.228 249.059
internal_count=15951 15626 15372 11572 3800 254
is_linear=0
shrinkage=0.04


Tree=78
num_leaves=7
num_cat=0
split_feature=0 4 7 10 4 4
split_gain=217.624 61.5515 52.2235 52.2099 1.25439 1.05344
threshold=1.0000000180025095e-35 0.82085561497326209 1.0000000180025095e-35 0.60390955103716515 0.45993589743589752 0.97368421052631582
decision_type=2 2 2 2 2 2
left_child=1 2 4 -4 -1 -2
right_child=5 -3 3 -5 -6 -7
leaf_value=-0.042847702268416103 0.039110416144735781 0.037357587208793439 -0.040902881117437152 0.0056609161560025982 -0.063260454079413969 0.02395554471883287
leaf_weight=18.224474192829806 378.85471330210567 90.063467442989349 39.410790912806988 1400.8335911892354 9.8730520009994489 9.3563236296176893
leaf_count=666 314 58 8839 6014 49 11
internal_value=0.0119735 0.00529466 0.00332184 0.00437986 -0.0504875 0.0387628
internal_weight=1946.62 1558.41 1468.34 1440.24 28.0975 388.211
internal_count=15951 15626 15568 14853 715 325
is_linear=0
shrinkage=0.04


Tree=79
num_leaves=7
num_cat=0
split_feature=0 4 9 6 10 4
split_gain=211.568 59.2206 48.9643 172.964 44.1816 17.3783
threshold=1.0000000180025095e-35 0.61721611721611735 0.15476190476190479 0.73214285714285732 0.80716956988452304 0.82085561497326209
decision_type=2 2 2 2 2 2
left_child=1 2 4 -4 -1 -3
right_child=-2 5 3 -5 -6 -7
leaf_value=-0.0096640869513183788 0.038586544676198334 0.015118808894067654 0.03065787613597366 -0.15796942749540746 0.0062124985058937257 0.037076096075308172
leaf_weight=540.74811384314671 374.66775615140796 172.92451476305723 161.69982130639255 7.970706418156623 582.06590607669204 87.177311468869448
leaf_count=13296 325 183 560 43 1486 58
internal_value=0.0116154 0.0051014 0.00159385 0.0216093 -0.00143226 0.0225087
internal_weight=1927.25 1552.59 1292.48 169.671 1122.81 260.102
internal_count=15951 15626 15385 603 14782 241
is_linear=0
shrinkage=0.04


Tree=80
num_leaves=7
num_cat=0
split_feature=0 4 7 4 4 4
split_gain=205.413 56.8 49.5181 49.2864 1.12219 1.08837
threshold=1.0000000180025095e-35 0.82085561497326209 1.0000000180025095e-35 0.16441441441441443 0.97368421052631582 0.61721611721611735
decision_type=2 2 2 2 2 2
left_child=1 2 5 -4 -2 -1
right_child=4 -3 3 -5 -6 -7
leaf_value=-0.046456568514578897 0.03878078952642821 0.036793638278570129 -0.040080858962277172 0.0053413146406800982 0.022820695822864147 -0.076859510850429427
leaf_weight=24.489678295329217 352.7717008702457 84.390646778047085 39.092132366262376 1394.5106735895388 8.834714546799658 2.7551484853029242
leaf_count=703 314 58 9646 5207 11 12
internal_value=0.011278 0.00492352 0.00307628 0.00409591 0.0384092 -0.0501417
internal_weight=1906.84 1545.24 1460.85 1433.6 361.606 27.2448
internal_count=15951 15626 15568 14853 325 715
is_linear=0
shrinkage=0.04


Tree=81
num_leaves=7
num_cat=0
split_feature=0 4 7 10 4 4
split_gain=199.477 54.5486 47.0149 47.7521 1.14068 0.901762
threshold=1.0000000180025095e-35 0.82085561497326209 1.0000000180025095e-35 0.60390955103716515 0.97368421052631582 0.45993589743589752
decision_type=2 2 2 2 2 2
left_child=1 2 5 -4 -2 -1
right_child=4 -3 3 -5 -6 -7
leaf_value=-0.04254596146550494 0.038614133598222661 0.036509911845867993 -0.040881457965027471 0.0051278569782080485 0.022392576637337402 -0.061085645703179585
leaf_weight=16.869782890193168 340.37372002378106 81.700628906488419 36.8452205916401 1394.6833230687771 8.6510578989982587 9.5353163033723813
leaf_count=666 314 58 8839 6014 11 49
internal_value=0.0109361 0.00474307 0.00295677 0.00393671 0.0382308 -0.049725
internal_weight=1888.66 1539.63 1457.93 1431.53 349.025 26.4051
internal_count=15951 15626 15568 14853 325 715
is_linear=0
shrinkage=0.04


Tree=82
num_leaves=7
num_cat=0
split_feature=0 10 4 4 6 5
split_gain=193.614 53.5443 44.9801 67.1409 21.9397 17.7406
threshold=1.0000000180025095e-35 0.91252157229295239 0.53137254901960795 0.50925925925925941 0.76388888888888895 0.68989800874210794
decision_type=2 2 2 2 2 2
left_child=1 2 3 -1 -4 -3
right_child=-2 5 4 -5 -6 -7
leaf_value=-0.0014463712192650418 0.038051097020207945 0.03722862062154729 0.020215293231962233 -0.10105528315435841 -0.011089930633075838 0.014072715294556339
leaf_weight=1007.6161024442408 336.90029193460941 81.487592913210392 239.48158043250442 10.745805412530897 41.893412824720144 153.05555575340986
leaf_count=15003 325 66 248 49 72 188
internal_value=0.0106015 0.00456862 0.00139131 -0.00251905 0.0155426 0.0221512
internal_weight=1871.18 1534.28 1299.74 1018.36 281.375 234.543
internal_count=15951 15626 15372 15052 320 254
is_linear=0
shrinkage=0.04


Tree=83
num_leaves=7
num_cat=0
split_feature=0 4 4 5 4 9
split_gain=187.801 51.9674 45.0467 55.2354 1.21139 0.589874
threshold=1.0000000180025095e-35 0.82085561497326209 0.16441441441441443 0.42722859664607243 0.97368421052631582 0.11805555555555557
decision_type=2 2 2 2 2 2
left_child=1 2 -1 -4 -2 -3
right_child=4 5 3 -5 -6 -7
leaf_value=-0.04006296048523246 0.038279279711972591 0.033082093960298584 0.028652753149415271 0.0013250193525539034 0.021220361204121279 0.041871819134618127
leaf_weight=38.18966145045124 317.03029784560204 52.257743652909994 130.19554661307484 1282.6341217341833 8.1813192516565305 25.948587775230408
leaf_count=9954 314 42 802 4812 11 16
internal_value=0.0102756 0.00440183 0.002686 0.00384845 0.0378696 0.0361234
internal_weight=1854.44 1529.23 1451.02 1412.83 325.212 78.2063
internal_count=15951 15626 15568 5614 325 58
is_linear=0
shrinkage=0.04


Tree=84
num_leaves=7
num_cat=0
split_feature=0 4 7 10 4 4
split_gain=182.185 49.8778 44.3848 44.1192 1.22857 0.783976
threshold=1.0000000180025095e-35 0.82085561497326209 1.0000000180025095e-35 0.60390955103716515 0.97368421052631582 0.55277777777777792
decision_type=2 2 2 2 2 2
left_child=1 2 5 -4 -2 -1
right_child=4 -3 3 -5 -6 -7
leaf_value=-0.044702485242276525 0.038108912083397346 0.035837123731076892 -0.040867253603023304 0.0046367064244938559 0.020795124967695415 -0.066458094662847328
leaf_weight=20.723339290125299 305.93471147865057 75.740699093788862 34.742785620270297 1390.2406702821609 8.0220236927270872 4.8805382847785941
leaf_count=692 314 58 8839 6014 11 23
internal_value=0.00994576 0.00423417 0.00257797 0.00352028 0.0376864 -0.0494099
internal_weight=1840.28 1526.33 1450.59 1424.98 313.957 25.6039
internal_count=15951 15626 15568 14853 325 715
is_linear=0
shrinkage=0.04


Tree=85
num_leaves=7
num_cat=0
split_feature=0 10 4 5 5 10
split_gain=176.543 48.8051 62.4796 91.433 50.827 49.5456
threshold=1.0000000180025095e-35 0.80716956988452304 0.41042780748663105 0.39225068017637682 0.5361571791423877 0.81002040965753086
decision_type=2 2 2 2 2 2
left_child=1 2 3 -1 -4 -3
right_child=-2 5 4 -5 -6 -7
leaf_value=0.021696598442682048 0.037501209349913391 0.056069244068158566 -0.073562358069362524 -0.022712861029241034 0.018092803553781518 0.0082276618721514837
leaf_weight=94.795675868284889 303.11470110714436 35.946777626872063 9.9727659225463849 338.0873483303003 198.99658291041851 843.52484069857746
leaf_count=7808 325 59 45 5634 314 1766
internal_value=0.0096351 0.00407743 -0.00430603 -0.0129776 0.013643 0.0101977
internal_weight=1824.44 1521.32 641.852 432.883 208.969 879.472
internal_count=15951 15626 13801 13442 359 1825
is_linear=0
shrinkage=0.04


Tree=86
num_leaves=7
num_cat=0
split_feature=0 10 6 5 5 5
split_gain=170.963 47.6413 43.2665 54.5712 38.2075 17.5088
threshold=1.0000000180025095e-35 0.91252157229295239 0.46410256410256417 0.40954368655725265 0.53368237347294956 0.68989800874210794
decision_type=2 2 2 2 2 2
left_child=1 2 3 -1 -4 -3
right_child=-2 5 4 -5 -6 -7
leaf_value=0.022146026339975859 0.037313552905057418 0.035909117665459289 -0.012240168802747553 -0.012121019542837277 0.01204518459317098 0.012586794525594405
leaf_weight=87.077024422818795 292.66572651080787 79.799417857080698 126.20911138306838 501.45076020841952 574.58204356883653 146.87738163769245
leaf_count=6560 325 66 2748 5012 1052 188
internal_value=0.00933416 0.00392716 0.000951058 -0.00704176 0.00766641 0.0208304
internal_weight=1808.66 1516 1289.32 588.528 700.791 226.677
internal_count=15951 15626 15372 11572 3800 254
is_linear=0
shrinkage=0.04


Tree=87
num_leaves=7
num_cat=0
split_feature=0 4 4 5 4 9
split_gain=165.422 47.2122 41.9564 48.8178 1.35719 0.667798
threshold=1.0000000180025095e-35 0.82085561497326209 0.16441441441441443 0.42722859664607243 0.97368421052631582 0.11805555555555557
decision_type=2 2 2 2 2 2
left_child=1 2 -1 -4 -2 -3
right_child=4 5 3 -5 -6 -7
leaf_value=-0.040040697776705041 0.037591127946055132 0.032081352776167534 0.026439624619845802 0.00089546071270059867 0.018785030027525781 0.041624226123815243
leaf_weight=36.457921984372661 275.26322551630437 48.177106779068708 131.99402414634824 1269.5724860336632 7.3391062021255484 23.753671169281006
leaf_count=9954 314 42 802 4812 11 16
internal_value=0.00904642 0.00378599 0.0022002 0.00330597 0.0371234 0.0353671
internal_weight=1792.56 1509.96 1438.02 1401.57 282.602 71.9308
internal_count=15951 15626 15568 5614 325 58
is_linear=0
shrinkage=0.04


Tree=88
num_leaves=7
num_cat=0
split_feature=0 7 10 5 5 4
split_gain=160.12 46.5763 48.1211 40.9049 16.3869 1.55765
threshold=1.0000000180025095e-35 1.0000000180025095e-35 0.91252157229295239 0.76224734498115809 0.68989800874210794 0.61721611721611735
decision_type=2 2 2 2 2 2
left_child=1 5 3 -3 -4 -1
right_child=-2 2 4 -5 -6 -7
leaf_value=-0.045751136844204704 0.036930904449171298 -0.0017642497785681371 0.036744027665220308 0.017110864379380891 0.013743638289299753 -0.080375968378180146
leaf_weight=22.089438605820764 272.91695737838745 1041.6547971959226 77.028075493872166 222.80401447787881 140.88352273404598 2.8272783830761901
leaf_count=703 325 14409 56 273 172 13
internal_value=0.00874955 0.00364135 0.0045572 0.00156224 0.0219093 -0.0503683
internal_weight=1780.2 1507.29 1482.37 1264.46 217.912 24.9167
internal_count=15951 15626 14910 14682 228 716
is_linear=0
shrinkage=0.04


Tree=89
num_leaves=7
num_cat=0
split_feature=0 9 10 9 6 6
split_gain=154.795 45.7751 47.4996 128.437 87.9591 41.772
threshold=1.0000000180025095e-35 0.15476190476190479 0.83720701538115549 0.10555555555555557 0.16025641025641027 0.52272727272727282
decision_type=2 2 2 2 2 2
left_child=1 2 3 -1 -4 -3
right_child=-2 5 4 -5 -6 -7
leaf_value=-0.00035259899961623048 0.036735286083123292 0.029761209973175547 -0.026160194302040786 -0.055650988200241058 0.01577031396263286 -0.018352053539624595
leaf_weight=630.85624737129547 263.58516656979918 164.63356604857836 95.023583527188748 75.025291566271335 501.56788123399019 34.806571669876575
leaf_count=12877 325 560 462 964 690 73
internal_value=0.008474 0.00350859 0.000773101 -0.00624697 0.00908185 0.0213444
internal_weight=1765.5 1501.91 1302.47 705.882 596.591 199.44
internal_count=15951 15626 14993 13841 1152 633
is_linear=0
shrinkage=0.04


Tree=90
num_leaves=7
num_cat=0
split_feature=0 4 7 10 4 9
split_gain=149.544 44.6582 39.6945 40.3636 1.49047 0.736027
threshold=1.0000000180025095e-35 0.82085561497326209 1.0000000180025095e-35 0.60390955103716515 0.97368421052631582 0.11805555555555557
decision_type=2 2 2 2 2 2
left_child=1 2 -1 -4 -2 -3
right_child=4 5 3 -5 -6 -7
leaf_value=-0.048879474339407314 0.037053747852354005 0.031406292653498445 -0.040851278054418544 0.0037989081090099856 0.016683565939973524 0.041504830209305989
leaf_weight=24.042157039395534 247.86998656392097 45.683403063565493 32.973193388897926 1370.2322711693123 6.7303360700607291 22.741465449333191
leaf_count=715 314 42 8839 6014 11 16
internal_value=0.00820966 0.00338214 0.00186489 0.0027426 0.0365366 0.0349029
internal_weight=1750.27 1495.67 1427.25 1403.21 254.6 68.4249
internal_count=15951 15626 15568 14853 325 58
is_linear=0
shrinkage=0.04


Tree=91
num_leaves=7
num_cat=0
split_feature=0 4 4 5 4 9
split_gain=144.459 42.7543 38.4762 46.2159 1.50128 0.758283
threshold=1.0000000180025095e-35 0.82085561497326209 0.16441441441441443 0.42722859664607243 0.97368421052631582 0.11805555555555557
decision_type=2 2 2 2 2 2
left_child=1 2 -1 -4 -2 -3
right_child=4 5 3 -5 -6 -7
leaf_value=-0.040013265698778409 0.036867632303883201 0.031036175837250699 0.025299529662289037 0.00045836069385114797 0.016286620077803737 0.041408770917086217
leaf_weight=34.170578374294564 239.3300503436476 44.407384004443884 132.26626051869243 1258.3259271564893 6.6256210282444945 21.899881839752197
leaf_count=9954 314 42 802 4812 11 16
internal_value=0.00794517 0.00325661 0.00179157 0.00282587 0.036335 0.0346063
internal_weight=1737.03 1491.07 1424.76 1390.59 245.956 66.3073
internal_count=15951 15626 15568 5614 325 58
is_linear=0
shrinkage=0.04


Tree=92
num_leaves=7
num_cat=0
split_feature=0 7 4 7 4 4
split_gain=139.539 42.0285 42.903 38.7586 12.3129 1.51118
threshold=1.0000000180025095e-35 1.0000000180025095e-35 0.61721611721611735 0.75000000000000011 0.82085561497326209 0.97368421052631582
decision_type=2 2 2 2 2 2
left_child=1 -1 3 -3 -4 -2
right_child=5 2 4 -5 -6 -7
leaf_value=-0.049855344992009124 0.036678495143386468 -0.00071855077345216168 0.014100276474424175 0.028859185338929547 0.034909137718811885 0.015893670422791398
leaf_weight=23.367449501762167 231.10883582383394 1166.4223162555136 159.47063743323088 75.266057667555287 64.157240238040686 6.5248675048351279
leaf_count=716 314 14349 171 333 57 11
internal_value=0.00767884 0.00313168 0.00398472 0.00107708 0.020105 0.03613
internal_weight=1726.32 1488.68 1465.32 1241.69 223.628 237.634
internal_count=15951 15626 14910 14682 228 325
is_linear=0
shrinkage=0.04


Tree=93
num_leaves=7
num_cat=0
split_feature=0 9 10 9 10 6
split_gain=134.661 41.4916 42.5675 145.028 51.5094 42.4333
threshold=1.0000000180025095e-35 0.15476190476190479 0.80716956988452304 0.10555555555555557 0.81002040965753086 0.52272727272727282
decision_type=2 2 2 2 2 2
left_child=1 2 3 -1 -4 -3
right_child=-2 5 4 -5 -6 -7
leaf_value=-0.00091860984232617487 0.035921523556514699 0.028629685451178562 0.058496879009893352 -0.067378937863210572 0.0046059384805965976 -0.020712105787341215
leaf_weight=504.10665832471568 229.62303385511041 162.21417177689727 29.395336374640465 58.456234910874628 696.94024289259687 33.467855401337147
leaf_count=12410 325 560 55 923 1605 73
internal_value=0.00742818 0.00301546 0.000407078 -0.00784959 0.0068052 0.0201679
internal_weight=1714.2 1484.58 1288.9 562.563 726.336 195.682
internal_count=15951 15626 14993 13333 1660 633
is_linear=0
shrinkage=0.04


Tree=94
num_leaves=7
num_cat=0
split_feature=0 7 10 5 5 4
split_gain=129.922 39.9719 41.0944 35.4595 16.7932 1.5825
threshold=1.0000000180025095e-35 1.0000000180025095e-35 0.91252157229295239 0.76224734498115809 0.68989800874210794 0.97368421052631582
decision_type=2 2 2 2 2 2
left_child=1 -1 3 -3 -4 -2
right_child=5 2 4 -5 -6 -7
leaf_value=-0.049620537742713897 0.036293499183066361 -0.0020942078286287596 0.035321107756721634 0.015707444157204566 0.011595150697924668 0.014606689343590225
leaf_weight=22.623985823127441 215.69392244704068 1034.7650777726667 74.93744020909071 216.2631676979363 132.85021390393376 6.2137862071394911
leaf_count=716 314 14409 56 273 172 11
internal_value=0.00717915 0.00290002 0.0037226 0.000983554 0.0201871 0.0357089
internal_weight=1703.35 1481.44 1458.82 1251.03 207.788 221.908
internal_count=15951 15626 14910 14682 228 325
is_linear=0
shrinkage=0.04


Tree=95
num_leaves=7
num_cat=0
split_feature=0 4 4 4 4 5
split_gain=125.234 38.9983 39.7314 36.3615 1.58864 0.91112
threshold=1.0000000180025095e-35 0.82085561497326209 0.80625000000000013 0.16441441441441443 0.97368421052631582 0.52364972834771506
decision_type=2 2 2 2 2 2
left_child=1 2 3 -1 5 -2
right_child=4 -3 -4 -5 -6 -7
leaf_value=-0.039987657012427923 0.028845079651683619 0.033894509575585346 -0.25757086855235417 0.00259794473776214 0.014233484726493575 0.037288281956034709
leaf_weight=32.639206867665052 30.41330630145967 61.615735556930304 0.74690955132245918 1381.5328430854715 6.1286401078104964 177.9451054148376
leaf_count=9954 51 58 7 5607 11 263
internal_value=0.00694626 0.00279388 0.00143352 0.00160814 0.0354928 0.0360943
internal_weight=1691.02 1476.53 1414.92 1414.17 214.487 208.358
internal_count=15951 15626 15568 15561 325 314
is_linear=0
shrinkage=0.04


Tree=96
num_leaves=7
num_cat=0
split_feature=0 7 5 2 2 4
split_gain=120.712 37.9587 38.7986 109.92 30.4474 1.59375
threshold=1.0000000180025095e-35 1.0000000180025095e-35 0.5920526315789475 1.0000000180025095e-35 1.0000000180025095e-35 0.97368421052631582
decision_type=2 2 2 2 2 2
left_child=1 -1 3 -3 -4 -2
right_child=5 2 4 -5 -6 -7
leaf_value=-0.049397209829149989 0.035891624243604252 -0.037145875878411817 0.022338918194244498 0.0055169203392150517 0.0045964232690916306 0.013865292488204839
leaf_weight=21.848759917193092 201.30700649879873 129.95094422774855 194.88708568480797 374.80506813712418 751.79389477812219 6.04672598093748
leaf_count=716 314 7646 312 5224 1728 11
internal_value=0.00671254 0.00268728 0.0034794 -0.00547315 0.00825501 0.0352729
internal_weight=1680.64 1473.29 1451.44 504.756 946.681 207.354
internal_count=15951 15626 14910 12870 2040 325
is_linear=0
shrinkage=0.04


Tree=97
num_leaves=7
num_cat=0
split_feature=0 9 6 4 6 10
split_gain=116.263 37.785 41.2658 106.48 40.0915 71.2348
threshold=1.0000000180025095e-35 0.15476190476190479 0.52272727272727282 0.78362573099415223 0.46410256410256417 0.83720701538115549
decision_type=2 2 2 2 2 2
left_child=1 4 -3 -4 -1 -6
right_child=-2 2 3 -5 5 -7
leaf_value=-0.0073790969756718497 0.035048597807633752 0.027502540350377084 -0.10170604660717759 0.042049181695003837 -0.005725024903255254 0.020341929122863093
leaf_weight=604.54995702195447 200.48104237578809 159.72192059725057 14.560282379388807 18.475759863853455 348.28679207595997 323.10392815247178
leaf_count=11338 325 560 60 13 3306 349
internal_value=0.00649041 0.00258654 0.0190837 -0.02148 9.01323e-05 0.00681893
internal_weight=1669.18 1468.7 192.758 33.036 1275.94 671.391
internal_count=15951 15626 633 73 14993 3655
is_linear=0
shrinkage=0.04


Tree=98
num_leaves=7
num_cat=0
split_feature=0 4 5 10 4 5
split_gain=111.866 36.0577 37.8484 34.3891 1.66127 1.0206
threshold=1.0000000180025095e-35 0.82085561497326209 0.90611995104039178 0.60390955103716515 0.97368421052631582 0.52364972834771506
decision_type=2 2 2 2 2 2
left_child=1 2 3 -1 5 -2
right_child=4 -3 -4 -5 -6 -7
leaf_value=-0.040846922127746065 0.027554543398599654 0.033313219478293001 -0.16422981635008538 0.0024037467165658184 0.012565118618612092 0.036794601440793884
leaf_weight=29.854930709581822 27.645116271451116 58.129753980785608 2.0087274909019461 1372.8767738980241 5.7730151861906043 160.44525819644332
leaf_count=8957 51 58 12 6599 11 263
internal_value=0.00628298 0.00249564 0.00121438 0.00147611 0.0348195 0.0354779
internal_weight=1656.73 1462.87 1404.74 1402.73 193.863 188.09
internal_count=15951 15626 15568 15556 325 314
is_linear=0
shrinkage=0.04


Tree=99
num_leaves=7
num_cat=0
split_feature=0 7 10 9 5 4
split_gain=107.673 35.8478 35.9055 34.3668 17.1189 1.66189
threshold=1.0000000180025095e-35 1.0000000180025095e-35 0.91252157229295239 0.41428571428571431 0.68989800874210794 0.97368421052631582
decision_type=2 2 2 2 2 2
left_child=1 -1 3 -3 -4 -2
right_child=5 2 4 -5 -6 -7
leaf_value=-0.049188758756772678 0.035263258312013643 0.0013583843813865684 0.034222580716680655 -0.059472177723293086 0.009920552926363433 0.012222192433374572
leaf_weight=21.033687047311105 181.80373950488865 1223.6753781354055 73.443354025483131 14.841855252394451 126.89082640036941 5.7046141400933257
leaf_count=716 314 14627 56 55 172 11
internal_value=0.0060687 0.00240023 0.0031625 0.000618318 0.018865 0.0345867
internal_weight=1647.39 1459.89 1438.85 1238.52 200.334 187.508
internal_count=15951 15626 14910 14682 228 325
is_linear=0
shrinkage=0.04


Tree=100
num_leaves=7
num_cat=0
split_feature=0 9 6 4 6 10
split_gain=103.588 35.3448 38.8636 91.9609 36.7239 65.5989
threshold=1.0000000180025095e-35 0.15476190476190479 0.52272727272727282 0.78362573099415223 0.46410256410256417 0.83720701538115549
decision_type=2 2 2 2 2 2
left_child=1 4 -3 -4 -1 -6
right_child=-2 2 3 -5 5 -7
leaf_value=-0.0072669007130962381 0.034348996062097327 0.026563339594426791 -0.091876999976012258 0.041879257751663755 -0.0056272871516807451 0.019513517199016905
leaf_weight=601.84775334852748 181.38593322038651 158.01592000212986 15.365981472656129 17.238301277160645 347.7459542438155 317.36112411692739
leaf_count=11338 325 560 60 13 3306 349
internal_value=0.00585904 0.00230805 0.018357 -0.0212732 -0.000107547 0.0063681
internal_weight=1638.96 1457.58 190.62 32.6043 1266.95 665.107
internal_count=15951 15626 633 73 14993 3655
is_linear=0
shrinkage=0.04


Tree=101
num_leaves=7
num_cat=0
split_feature=0 4 5 5 2 4
split_gain=99.5334 34.1966 42.1147 113.467 100.502 1.72557
threshold=1.0000000180025095e-35 0.16441441441441443 0.42722859664607243 0.52960654460459688 1.0000000180025095e-35 0.97368421052631582
decision_type=2 2 2 2 2 2
left_child=1 -1 4 -4 -3 -2
right_child=5 2 3 -5 -6 -7
leaf_value=-0.039950774218215822 0.034824884525045494 -0.033200307663051036 -0.032380271837079699 0.0051448449742964829 0.045737753515930908 0.01091819616412544
leaf_weight=29.913194494438358 170.03389938548207 35.017222022637725 145.07221993105486 1145.4951281463727 96.421510236337781 5.4577175825834265
leaf_count=9954 314 393 1653 3217 409 11
internal_value=0.00566941 0.00222671 0.00312085 0.000920747 0.0246738 0.0341061
internal_weight=1627.41 1451.92 1422.01 1290.57 131.439 175.492
internal_count=15951 15626 5672 4870 802 325
is_linear=0
shrinkage=0.04


Tree=102
num_leaves=7
num_cat=0
split_feature=0 7 10 5 4 5
split_gain=95.6586 33.8796 33.9637 35.8265 1.72114 1.18452
threshold=1.0000000180025095e-35 1.0000000180025095e-35 0.60390955103716515 0.36245805369127521 0.97368421052631582 0.52364972834771506
decision_type=2 2 2 2 2 2
left_child=1 -1 -3 -4 5 -2
right_child=4 2 3 -5 -6 -7
leaf_value=-0.04901951608996185 0.025667204296895139 -0.040825203804624038 0.033594621165505427 0.0023710604039855749 0.010604804404699322 0.036096071314800228
leaf_weight=20.215138781350106 24.351671310141683 27.696043319418095 61.318105140002444 1338.7845764926169 5.4013170078396788 140.07219526171684
leaf_count=716 51 8839 597 5474 11 263
internal_value=0.00547498 0.00214049 0.00287299 0.00374454 0.0338588 0.0345967
internal_weight=1617.84 1448.01 1427.8 1400.1 169.825 164.424
internal_count=15951 15626 14910 6071 325 314
is_linear=0
shrinkage=0.04


Tree=103
num_leaves=7
num_cat=0
split_feature=0 4 5 7 4 5
split_gain=91.924 33.4062 32.9288 31.7845 1.71555 1.20504
threshold=1.0000000180025095e-35 0.82085561497326209 0.90611995104039178 0.75000000000000011 0.97368421052631582 0.52364972834771506
decision_type=2 2 2 2 2 2
left_child=1 2 3 -1 5 -2
right_child=4 -3 -4 -5 -6 -7
leaf_value=-0.00037300845335744168 0.025274000962092095 0.03267675036393284 -0.14870852031445464 0.025890899446463066 0.010297552656658764 0.035906194458165439
leaf_weight=1311.6959558089729 23.756551692262292 54.645764905959368 2.1513680294156066 77.908328898367472 5.3470643013715735 135.27837441116571
leaf_count=15219 51 58 12 337 11 263
internal_value=0.00528036 0.00205548 0.00084721 0.00110156 0.033607 0.0343643
internal_weight=1610.78 1446.4 1391.76 1389.6 164.382 159.035
internal_count=15951 15626 15568 15556 325 314
is_linear=0
shrinkage=0.04


Tree=104
num_leaves=7
num_cat=0
split_feature=0 9 6 4 6 10
split_gain=88.2848 32.5466 37.5381 107.365 33.9413 60.7096
threshold=1.0000000180025095e-35 0.15476190476190479 0.73214285714285732 0.78362573099415223 0.46410256410256417 0.83720701538115549
decision_type=2 2 2 2 2 2
left_child=1 4 -3 -4 -1 -6
right_child=-2 2 3 -5 5 -7
leaf_value=-0.0072326809951582735 0.033350276526071546 0.024316008907183769 -0.12911179356521468 0.041759371598975241 -0.005600138385473118 0.018724099928780106
leaf_weight=599.19099228247069 159.14592821151018 164.09369013179094 9.8475938439369202 14.007678389549255 346.21373966766987 311.76343022473156
leaf_count=11338 325 575 47 11 3306 349
internal_value=0.00509286 0.0019754 0.0174915 -0.0291811 -0.000345113 0.00592435
internal_weight=1604.26 1445.12 187.949 23.8553 1257.17 657.977
internal_count=15951 15626 633 58 14993 3655
is_linear=0
shrinkage=0.04


Tree=105
num_leaves=7
num_cat=0
split_feature=0 7 4 7 4 4
split_gain=84.673 31.9939 32.221 31.9327 10.549 1.77255
threshold=1.0000000180025095e-35 1.0000000180025095e-35 0.61721611721611735 0.75000000000000011 0.82085561497326209 0.97368421052631582
decision_type=2 2 2 2 2 2
left_child=1 -1 3 -3 -4 -2
right_child=5 2 4 -5 -6 -7
leaf_value=-0.048807602843947619 0.033889992281975881 -0.0015053701467574521 0.011956248121010676 0.025544829076057957 0.032898183393753166 0.0090027527503785416
leaf_weight=19.429299597162753 148.9689724277705 1143.0467873712769 150.91351716965437 74.166934407199733 51.96966851875186 5.1291655153036109
leaf_count=716 314 14349 171 333 57 11
internal_value=0.00492587 0.00190568 0.00260771 0.000145128 0.0173576 0.0330873
internal_weight=1593.62 1439.53 1420.1 1217.21 202.883 154.098
internal_count=15951 15626 14910 14682 228 325
is_linear=0
shrinkage=0.04


Tree=106
num_leaves=7
num_cat=0
split_feature=0 4 5 10 5 4
split_gain=81.2126 31.4825 37.9805 96.5205 52.6478 1.76141
threshold=1.0000000180025095e-35 0.16441441441441443 0.36245805369127521 0.7157646855220946 0.53368237347294956 0.97368421052631582
decision_type=2 2 2 2 2 2
left_child=1 -1 3 -3 -4 -2
right_child=5 2 4 -5 -6 -7
leaf_value=-0.039925621733798704 0.033642455501594358 0.071593343645739577 -0.016296013220679317 -0.033253272896904308 0.0048359219187318302 0.0087295206029685875
leaf_weight=28.11051189887803 144.16131504904479 38.562530343420804 226.57011646358296 21.854793820530176 1121.1276242504828 5.0852843448519698
leaf_count=9954 314 199 2249 80 3144 11
internal_value=0.00475599 0.00183416 0.00267479 0.0336495 0.00127992 0.0328198
internal_weight=1585.47 1436.23 1408.12 60.4173 1347.7 149.247
internal_count=15951 15626 5672 279 5393 325
is_linear=0
shrinkage=0.04


Tree=107
num_leaves=7
num_cat=0
split_feature=0 10 5 5 2 4
split_gain=77.8766 30.5255 32.2616 103.692 84.0695 1.74907
threshold=1.0000000180025095e-35 0.60390955103716515 0.42722859664607243 0.53368237347294956 1.0000000180025095e-35 0.97368421052631582
decision_type=2 2 2 2 2 2
left_child=1 -1 4 -4 -3 -2
right_child=5 2 3 -5 -6 -7
leaf_value=-0.040799210858207376 0.033389782580867909 -0.032631527442030087 -0.030005148330369619 0.0048454478730832499 0.039370104855471273 0.0084625303351478047
leaf_weight=26.259638047311455 139.53732861857861 34.615887152147479 155.45258378051221 1115.4858608345967 101.65893576061353 5.0430758595466605
leaf_count=8957 314 596 2088 3050 935 11
internal_value=0.00458758 0.00176204 0.00256337 0.000577135 0.0210449 0.032547
internal_weight=1578.05 1433.47 1407.21 1270.94 136.275 144.58
internal_count=15951 15626 6669 5138 1531 325
is_linear=0
shrinkage=0.04


Tree=108
num_leaves=7
num_cat=0
split_feature=0 7 10 5 4 5
split_gain=74.6354 30.4361 29.9061 30.3186 1.73553 1.4354
threshold=1.0000000180025095e-35 1.0000000180025095e-35 0.60390955103716515 0.42722859664607243 0.97368421052631582 0.52364972834771506
decision_type=2 2 2 2 2 2
left_child=1 -1 -3 -4 5 -2
right_child=4 2 3 -5 -6 -7
leaf_value=-0.04866893340171817 0.022615599675728015 -0.040758438431234778 0.021180955582120631 0.0012137594322976387 0.0082017616550504636 0.034938089635022762
leaf_weight=18.742377511807717 20.359894801862538 25.058346267323941 134.62024990422651 1251.42070192541 5.0024771913886061 114.73030023928732
leaf_count=716 51 8839 1354 4717 11 263
internal_value=0.00442668 0.00169323 0.00237037 0.00315731 0.0322689 0.0331319
internal_weight=1569.93 1429.84 1411.1 1386.04 140.093 135.09
internal_count=15951 15626 14910 6071 325 314
is_linear=0
shrinkage=0.04


Tree=109
num_leaves=7
num_cat=0
split_feature=0 9 6 4 5 6
split_gain=71.5227 30.4158 36.2513 94.6789 32.2096 31.0497
threshold=1.0000000180025095e-35 0.15476190476190479 0.73214285714285732 0.78362573099415223 0.52960654460459688 0.46410256410256417
decision_type=2 2 2 2 2 2
left_child=1 5 4 -4 -3 -1
right_child=-2 2 3 -5 -6 -7
leaf_value=-0.0072258102334585806 0.031985981933942302 -0.024264468077316411 -0.11953188618185367 0.04155524871291031 0.030120626763060297 0.005423702360568535
leaf_weight=594.92463627853431 135.78418382722884 19.662585453130305 10.252603709697725 13.034113109111784 142.07892949716188 648.86103494488634
leaf_count=11338 325 382 47 11 193 3655
internal_value=0.00426493 0.00162501 0.0167475 -0.0296965 0.023475 -0.000625364
internal_weight=1564.6 1428.81 185.028 23.2867 161.742 1243.79
internal_count=15951 15626 633 58 575 14993
is_linear=0
shrinkage=0.04


Tree=110
num_leaves=7
num_cat=0
split_feature=0 4 4 7 4 5
split_gain=68.4542 28.8924 32.9404 27.9066 1.78221 1.50563
threshold=1.0000000180025095e-35 0.82085561497326209 0.80625000000000013 0.75000000000000011 0.97368421052631582 0.52364972834771506
decision_type=2 2 2 2 2 2
left_child=1 2 3 -1 5 -2
right_child=4 -3 -4 -5 -6 -7
leaf_value=-0.00073739321815322252 0.021613590816816131 0.031568701734928463 -0.22136360861430049 0.023928527215016974 0.0069368219785185901 0.034520316984975014
leaf_weight=1296.8056888963329 19.309217509813607 49.369640119373798 0.87000464648008247 77.586126542184502 4.8138899877667418 107.50718411058187
leaf_count=15224 51 58 7 337 11 263
internal_value=0.00411923 0.00156572 0.000482779 0.000656853 0.0316963 0.032608
internal_weight=1556.26 1424.63 1375.26 1374.39 131.63 126.816
internal_count=15951 15626 15568 15561 325 314
is_linear=0
shrinkage=0.04


Tree=111
num_leaves=7
num_cat=0
split_feature=0 7 4 5 4 5
split_gain=65.5297 28.7583 28.7343 33.1978 1.763 1.51869
threshold=1.0000000180025095e-35 1.0000000180025095e-35 0.16441441441441443 0.42722859664607243 0.97368421052631582 0.52364972834771506
decision_type=2 2 2 2 2 2
left_child=1 -1 -3 -4 5 -2
right_child=4 2 3 -5 -6 -7
leaf_value=-0.048458662959459796 0.021202871301300427 -0.039892081228613673 0.022012315697347771 0.00091240939186177294 0.0067139603233118926 0.034295689591088481
leaf_weight=17.994060950470157 18.908006326295435 25.33024502749322 131.74814912676811 1248.4873510859907 4.7820318117737761 103.95605658739805
leaf_count=716 51 9646 732 4532 11 263
internal_value=0.00396955 0.00150425 0.0021521 0.00293081 0.0314026 0.0323348
internal_weight=1551.21 1423.56 1405.57 1380.24 127.646 122.864
internal_count=15951 15626 14910 5264 325 314
is_linear=0
shrinkage=0.04


Tree=112
num_leaves=7
num_cat=0
split_feature=0 9 6 4 6 10
split_gain=62.7078 28.2431 34.7147 67.9113 28.741 55.8877
threshold=1.0000000180025095e-35 0.15476190476190479 0.52272727272727282 0.78362573099415223 0.46410256410256417 0.83720701538115549
decision_type=2 2 2 2 2 2
left_child=1 4 -3 -4 -1 -6
right_child=-2 2 3 -5 5 -7
leaf_value=-0.0070733915675004356 0.031103476247727413 0.023972559555964876 -0.077273899657113954 0.041389225606327525 -0.0059404152773583265 0.017615623120688019
leaf_weight=593.56683757412247 123.81477663479745 151.80724970262963 16.512867845594887 14.138606965541838 343.0781025707256 303.44212551787496
leaf_count=11338 325 560 60 13 3306 349
internal_value=0.00382331 0.00144346 0.0161284 -0.0225598 -0.000717829 0.00511447
internal_weight=1546.36 1422.55 182.459 30.6515 1240.09 646.52
internal_count=15951 15626 633 73 14993 3655
is_linear=0
shrinkage=0.04


Tree=113
num_leaves=7
num_cat=0
split_feature=0 5 2 5 10 2
split_gain=59.9237 27.3124 90.4034 84.1941 45.436 30.3168
threshold=1.0000000180025095e-35 0.5920526315789475 1.0000000180025095e-35 0.42722859664607243 0.89138942002025401 1.0000000180025095e-35
decision_type=2 2 2 2 2 2
left_child=1 2 4 -4 -1 -3
right_child=-2 5 3 -5 -6 -7
leaf_value=-0.042771181118524515 0.030797335073087479 0.019714441858587815 0.033703738960297998 -0.0083591152285489561 0.049122251722141366 0.0017692075259744004
leaf_weight=113.93851559294853 120.12070882413536 189.5924318068428 106.31683872482972 266.68478518817574 9.1270254850387555 731.77686994202668
leaf_count=7859 325 340 2112 3452 7 1856
internal_value=0.00369476 0.00139252 -0.00617123 0.00363636 -0.0358711 0.00546749
internal_weight=1537.56 1417.44 496.067 373.002 123.066 921.369
internal_count=15951 15626 13430 5564 7866 2196
is_linear=0
shrinkage=0.04


Tree=114
num_leaves=7
num_cat=0
split_feature=0 7 10 5 5 4
split_gain=57.2605 27.28 27.9929 27.6598 18.723 1.86358
threshold=1.0000000180025095e-35 1.0000000180025095e-35 0.91252157229295239 0.76224734498115809 0.68989800874210794 0.97368421052631582
decision_type=2 2 2 2 2 2
left_child=1 -1 3 -3 -4 -2
right_child=5 2 4 -5 -6 -7
leaf_value=-0.04829468043106927 0.031498753595377273 -0.0029833786390821562 0.032562351384255624 0.013170459438630561 0.0064244272434231496 0.0044353417133524307
leaf_weight=17.295906097453553 112.09120767656714 1006.5233047650545 70.774776920676231 203.75000974256545 115.7276268992573 4.4775724261999121
leaf_count=716 314 14409 56 273 172 11
internal_value=0.00356365 0.00133892 0.00196178 -0.000260494 0.0163783 0.0304857
internal_weight=1530.64 1414.07 1396.78 1210.27 186.502 116.569
internal_count=15951 15626 14910 14682 228 325
is_linear=0
shrinkage=0.04


Tree=115
num_leaves=7
num_cat=0
split_feature=0 4 5 10 5 4
split_gain=54.6865 26.5538 30.493 82.8629 45.2679 1.83456
threshold=1.0000000180025095e-35 0.16441441441441443 0.36245805369127521 0.7157646855220946 0.53368237347294956 0.97368421052631582
decision_type=2 2 2 2 2 2
left_child=1 -1 3 -3 -4 -2
right_child=5 2 4 -5 -6 -7
leaf_value=-0.039865429928824407 0.031203147752000886 0.063585381344722386 -0.015782810347390364 -0.032676773274208183 0.004046502680530163 0.0042832995817756797
leaf_weight=24.442291368788574 108.69773461017758 40.015144855715334 220.9168661434669 22.023511026054621 1102.8996910545975 4.4585436359047881
leaf_count=9954 314 199 2249 80 3144 11
internal_value=0.00343929 0.00128917 0.00202211 0.0293853 0.000734017 0.0301695
internal_weight=1523.45 1410.3 1385.86 62.0387 1323.82 113.156
internal_count=15951 15626 5672 279 5393 325
is_linear=0
shrinkage=0.04


Tree=116
num_leaves=7
num_cat=0
split_feature=0 9 6 4 5 9
split_gain=52.2195 26.5073 33.4694 77.9828 28.5025 27.4245
threshold=1.0000000180025095e-35 0.15476190476190479 0.73214285714285732 0.78362573099415223 0.52960654460459688 0.10555555555555557
decision_type=2 2 2 2 2 2
left_child=1 5 4 -4 -3 -1
right_child=-2 2 3 -5 -6 -7
leaf_value=0.001447113371698899 0.029847961676325276 -0.022846527132094611 -0.10655290814652052 0.041280436147443408 0.028479294036751947 -0.016313118998409683
leaf_weight=1067.8120457673795 109.87524098716676 19.591568092349917 10.788383558392526 11.694954395294188 138.16331983578857 159.72998395247851
leaf_count=13912 325 382 47 11 193 1081
internal_value=0.00331428 0.001238 0.0155538 -0.0298816 0.0220716 -0.000864532
internal_weight=1517.66 1407.78 180.238 22.4833 157.755 1227.54
internal_count=15951 15626 633 58 575 14993
is_linear=0
shrinkage=0.04


Tree=117
num_leaves=7
num_cat=0
split_feature=0 4 5 7 4 5
split_gain=49.8317 26.0974 27.9195 25.4354 1.86344 1.82354
threshold=1.0000000180025095e-35 0.82085561497326209 0.90611995104039178 0.75000000000000011 0.97368421052631582 0.52364972834771506
decision_type=2 2 2 2 2 2
left_child=1 2 3 -1 5 -2
right_child=4 -3 -4 -5 -6 -7
leaf_value=-0.00090867849981026447 0.017541995088047116 0.030754033187918934 -0.13299077324977529 0.022741930724436542 0.0030933778512348725 0.032944119197385859
leaf_weight=1281.0298564473051 15.934443466365336 46.00718236528337 2.3139553144574156 76.93383510725107 4.3146818056702605 86.469099356792867
leaf_count=15219 51 58 12 337 11 263
internal_value=0.00319382 0.00119068 0.000184945 0.000432898 0.0295201 0.0306058
internal_weight=1513 1406.28 1360.28 1357.96 106.718 102.404
internal_count=15951 15626 15568 15556 325 314
is_linear=0
shrinkage=0.04


Tree=118
num_leaves=7
num_cat=0
split_feature=0 7 10 5 4 5
split_gain=47.5458 25.9333 26.2665 25.8961 1.8288 1.82424
threshold=1.0000000180025095e-35 1.0000000180025095e-35 0.60390955103716515 0.42722859664607243 0.97368421052631582 0.52364972834771506
decision_type=2 2 2 2 2 2
left_child=1 -1 -3 -4 5 -2
right_child=4 2 3 -5 -6 -7
leaf_value=-0.048151573848014557 0.017142443970471783 -0.040771511072590257 0.01901717134546985 0.00062352592505506162 0.0029837698076254594 0.032684623148007255
leaf_weight=16.667479657975491 15.663821287453173 22.662730234093033 135.84497749945149 1230.1338756771293 4.3018659949302664 83.72655201330781
leaf_count=716 51 8839 1354 4717 11 263
internal_value=0.00307612 0.00114406 0.00174403 0.00245673 0.0291888 0.0302946
internal_weight=1509 1405.31 1388.64 1365.98 103.692 99.3904
internal_count=15951 15626 14910 6071 325 314
is_linear=0
shrinkage=0.04


Tree=119
num_leaves=7
num_cat=0
split_feature=0 6 7 4 10 4
split_gain=45.3497 25.1097 41.5138 66.5895 50.5892 28.7621
threshold=1.0000000180025095e-35 0.46410256410256417 0.75000000000000011 0.31698564593301443 0.69262900570849106 0.19782608695652179
decision_type=2 2 2 2 2 2
left_child=1 2 3 -1 -4 -3
right_child=-2 5 4 -5 -6 -7
leaf_value=-0.027619517997565349 0.028852296677374357 -0.044225313046488433 0.12349247252934803 0.0011461250408874065 0.012992128275100948 0.0073901693167749763
leaf_weight=186.82377854769584 100.78297626320273 17.489065060974099 7.3352568570990107 412.86521883495152 56.309187218546867 723.62184878066182
leaf_count=10230 325 2416 88 1178 224 1490
internal_value=0.00296068 0.00109743 -0.00455344 -0.00781825 0.026106 0.00615782
internal_weight=1505.23 1404.44 663.333 599.689 63.6444 741.111
internal_count=15951 15626 11720 11408 312 3906
is_linear=0
shrinkage=0.04


Tree=120
num_leaves=7
num_cat=0
split_feature=0 4 4 10 6 9
split_gain=43.2058 24.6421 27.5158 23.2104 1.8533 3.80893
threshold=1.0000000180025095e-35 0.82085561497326209 0.80625000000000013 0.60390955103716515 0.84523809523809534 0.087121212121212141
decision_type=2 2 2 2 2 2
left_child=1 2 3 -1 -2 -6
right_child=4 -3 -4 -5 5 -7
leaf_value=-0.040735812137384406 0.031007578272711826 0.030317131739280277 -0.19179747699572824 0.00093216697586178201 0.026790453633583854 -0.016887504430843178
leaf_weight=21.537784267158713 81.672612034715712 44.380053732544184 0.99456813931465049 1332.0061077548889 12.216607697308065 4.0879931552335611
leaf_count=8957 270 58 7 6604 38 17
internal_value=0.00285731 0.00105549 9.09527e-05 0.000261742 0.0285087 0.0156461
internal_weight=1496.9 1398.92 1354.54 1353.54 97.9772 16.3046
internal_count=15951 15626 15568 15561 325 55
is_linear=0
shrinkage=0.04


Tree=121
num_leaves=7
num_cat=0
split_feature=0 7 4 4 4 4
split_gain=41.16 24.5953 24.6885 26.2756 8.69089 1.85323
threshold=1.0000000180025095e-35 1.0000000180025095e-35 0.61721611721611735 0.60555555555555574 0.82085561497326209 0.97368421052631582
decision_type=2 2 2 2 2 2
left_child=1 -1 3 -3 -4 -2
right_child=5 2 4 -5 -6 -7
leaf_value=-0.048025558680899964 0.029345397046235445 -0.00025750714659645283 0.010325265811998474 -0.12976954048034448 0.030840098052085707 0.0013260591371880312
leaf_weight=15.971843247825744 91.169274237938225 1190.7759662915487 144.80113424360752 2.3118234872817984 43.012598402798176 4.1163312830030909
leaf_count=716 314 14670 171 12 57 11
internal_value=0.00275238 0.00101394 0.00158947 -0.000531844 0.015062 0.0281612
internal_weight=1492.16 1396.87 1380.9 1193.09 187.814 95.2856
internal_count=15951 15626 14910 14682 228 325
is_linear=0
shrinkage=0.04


Tree=122
num_leaves=7
num_cat=0
split_feature=0 9 6 4 9 10
split_gain=39.1869 24.2182 33.445 55.8798 26.0333 135.214
threshold=1.0000000180025095e-35 0.15476190476190479 0.52272727272727282 0.78362573099415223 0.10555555555555557 0.80716956988452304
decision_type=2 2 2 2 2 2
left_child=1 4 -3 -4 -1 -6
right_child=-2 2 3 -5 5 -7
leaf_value=0.0012295020231270939 0.027808746641794238 0.022556534437267867 -0.070840316203150899 0.041057392076539773 -0.067353723033493476 0.010475846829706687
leaf_weight=1059.4816940068849 92.694583506323397 147.31874123890884 16.93726018071175 12.045837283134459 54.076681803097017 104.21849651634693
leaf_count=13912 325 560 60 13 923 158
internal_value=0.00265276 0.000974914 0.014823 -0.0243027 -0.00103038 -0.0161511
internal_weight=1486.77 1394.08 176.302 28.9831 1217.78 158.295
internal_count=15951 15626 633 73 14993 1081
is_linear=0
shrinkage=0.04


Tree=123
num_leaves=7
num_cat=0
split_feature=0 4 5 5 2 6
split_gain=37.2857 23.5425 29.0593 83.8351 73.2381 1.92614
threshold=1.0000000180025095e-35 0.16441441441441443 0.42722859664607243 0.53368237347294956 1.0000000180025095e-35 0.84523809523809534
decision_type=2 2 2 2 2 2
left_child=1 -1 4 -4 -3 -2
right_child=5 2 3 -5 -6 -7
leaf_value=-0.039815258839229387 0.0301258851768888 -0.031488045032798326 -0.028694176151064735 0.0035095426513223238 0.036470945857878162 0.013995337920832514
leaf_weight=22.113497040700167 74.909768878482282 33.76469001127407 146.57971718441695 1088.3166983861011 100.08738695457578 15.292118386365471
leaf_count=9954 270 393 1726 3144 409 55
internal_value=0.00255708 0.000937521 0.0016031 -0.000315382 0.0192917 0.0274504
internal_weight=1481.06 1390.86 1368.75 1234.9 133.852 90.2019
internal_count=15951 15626 5672 4870 802 325
is_linear=0
shrinkage=0.04


Tree=124
num_leaves=7
num_cat=0
split_feature=0 7 10 10 5 6
split_gain=35.4704 23.4854 22.8764 27.0394 19.077 1.90811
threshold=1.0000000180025095e-35 1.0000000180025095e-35 0.91252157229295239 0.89650068494268631 0.68989800874210794 0.84523809523809534
decision_type=2 2 2 2 2 2
left_child=1 -1 3 -3 -4 -2
right_child=5 2 4 -5 -6 -7
leaf_value=-0.047867693385720549 0.02980783412487301 0.00077520980219793374 0.031233731997844325 -0.027986853961601318 0.0043994754124199835 0.013629236663945856
leaf_weight=15.419935188197995 72.727163512259722 1138.5574307919014 69.041550785303116 54.611620597541332 110.05524163134396 15.084417442791162
leaf_count=716 270 14538 56 144 172 55
internal_value=0.0024632 0.000899799 0.00145614 -0.00054403 0.0147785 0.0270887
internal_weight=1475.5 1387.69 1372.27 1193.17 179.097 87.8116
internal_count=15951 15626 14910 14682 228 325
is_linear=0
shrinkage=0.04


Tree=125
num_leaves=7
num_cat=0
split_feature=0 9 6 4 5 6
split_gain=33.7268 22.6187 32.1206 63.5622 25.8897 24.2986
threshold=1.0000000180025095e-35 0.15476190476190479 0.73214285714285732 0.78362573099415223 0.52960654460459688 0.095454545454545472
decision_type=2 2 2 2 2 2
left_child=1 5 4 -4 -3 -1
right_child=-2 2 3 -5 -6 -7
leaf_value=-0.012274029169065351 0.026722518023004675 -0.022396650113454417 -0.096561996047142107 0.0409363117689822 0.026947897489952483 0.0017885928162938739
leaf_weight=246.64146057137987 85.513853001408279 19.282148964121006 11.158936709165575 10.032314002513884 134.08022524265107 965.05627655237913
leaf_count=8890 325 382 47 11 193 6103
internal_value=0.00237198 0.000864782 0.0143188 -0.0316002 0.0207097 -0.00107376
internal_weight=1471.77 1386.25 174.554 21.1913 153.362 1211.7
internal_count=15951 15626 633 58 575 14993
is_linear=0
shrinkage=0.04


Tree=126
num_leaves=7
num_cat=0
split_feature=0 7 10 5 6 9
split_gain=32.0416 22.4126 22.6531 24.7503 1.94501 3.95736
threshold=1.0000000180025095e-35 1.0000000180025095e-35 0.60390955103716515 0.36245805369127521 0.84523809523809534 0.087121212121212141
decision_type=2 2 2 2 2 2
left_child=1 -1 -3 -4 -2 -6
right_child=4 2 3 -5 5 -7
leaf_value=-0.047690025891708364 0.029186499124783816 -0.040703788853457691 0.026298078803979656 0.00078835020982993462 0.024890222812698194 -0.021715291439492482
leaf_weight=14.862774359527974 68.798715377226472 19.970866142946761 63.695084861945361 1284.3131252622698 10.743306024000047 3.757566586136817
leaf_count=716 270 8839 597 5474 38 17
internal_value=0.00228723 0.00083265 0.00136819 0.00199892 0.0263507 0.0125463
internal_weight=1466.14 1382.84 1367.98 1348.01 83.2996 14.5009
internal_count=15951 15626 14910 6071 325 55
is_linear=0
shrinkage=0.04


Tree=127
num_leaves=7
num_cat=0
split_feature=0 4 5 5 2 5
split_gain=30.4416 21.9646 26.0189 77.8498 66.9533 1.96797
threshold=1.0000000180025095e-35 0.16441441441441443 0.42722859664607243 0.53368237347294956 1.0000000180025095e-35 0.52364972834771506
decision_type=2 2 2 2 2 2
left_child=1 -1 4 -4 -3 -2
right_child=5 2 3 -5 -6 -7
leaf_value=-0.039783800317409551 0.010731350995657559 -0.030818984009212388 -0.0279951760429346 0.0032749189197625395 0.034395855226724094 0.028627302858512949
leaf_weight=20.811108160880394 12.286904112435876 33.357780841877684 144.16565922484733 1082.6978434766643 100.76838304148987 68.88874667044729
leaf_count=9954 51 393 1726 3144 409 274
internal_value=0.00220032 0.000798578 0.00142635 -0.000401886 0.01814 0.0259761
internal_weight=1462.98 1381.8 1360.99 1226.86 134.126 81.1757
internal_count=15951 15626 5672 4870 802 325
is_linear=0
shrinkage=0.04


Tree=128
num_leaves=7
num_cat=0
split_feature=0 6 7 4 5 10
split_gain=28.9045 22.0251 37.3639 60.1859 46.0573 26.0351
threshold=1.0000000180025095e-35 0.46410256410256417 0.75000000000000011 0.31698564593301443 0.55051025667456976 0.83720701538115549
decision_type=2 2 2 2 2 2
left_child=1 2 3 -1 -4 -3
right_child=-2 5 4 -5 -6 -7
leaf_value=-0.027053826197006716 0.025597480938636154 -0.0015602999296099509 0.05656533359051702 0.00074061784252228095 -0.011226480977406939 0.01359631845390709
leaf_weight=179.15108146180864 79.13572349306196 386.08246240537846 33.572777012945153 408.25303996866569 30.346884560771286 341.32056774012744
leaf_count=10230 325 3469 210 1178 102 437
internal_value=0.00211878 0.000766186 -0.00457419 -0.00773927 0.0244143 0.0055507
internal_weight=1457.86 1378.73 651.324 587.404 63.9197 727.403
internal_count=15951 15626 11720 11408 312 3906
is_linear=0
shrinkage=0.04


Tree=129
num_leaves=7
num_cat=0
split_feature=0 7 4 5 6 9
split_gain=27.4209 21.3043 21.4853 24.7682 2.04438 3.9047
threshold=1.0000000180025095e-35 1.0000000180025095e-35 0.82085561497326209 0.90611995104039178 0.84523809523809534 0.087121212121212141
decision_type=2 2 2 2 2 2
left_child=1 -1 3 -3 -2 -6
right_child=4 2 -4 -5 5 -7
leaf_value=-0.047587012237412872 0.02824616293806375 0.00061710224251101953 0.030015100663700469 -0.12233587465702543 0.023647411821851174 -0.023629356296713613
leaf_weight=14.241562382318078 63.576610343065113 1316.8905207032803 40.120071051642299 2.4265495389699927 9.9523263424634916 3.6402325229719272
leaf_count=716 270 14841 57 12 38 17
internal_value=0.0020435 0.00073692 0.00125156 0.000370937 0.0252139 0.0106821
internal_weight=1450.85 1373.68 1359.44 1319.32 77.1692 13.5926
internal_count=15951 15626 14910 14853 325 55
is_linear=0
shrinkage=0.04


Tree=130
num_leaves=7
num_cat=0
split_feature=0 9 6 4 9 10
split_gain=26.0112 20.9669 31.2814 47.6021 24.716 126.473
threshold=1.0000000180025095e-35 0.15476190476190479 0.52272727272727282 0.78362573099415223 0.10555555555555557 0.80716956988452304
decision_type=2 2 2 2 2 2
left_child=1 4 -3 -4 -1 -6
right_child=-2 2 3 -5 5 -7
leaf_value=0.0010442986394418475 0.024828308971877572 0.021318421748479959 -0.065841061334437664 0.040776721256768136 -0.066800703760845931 0.009680364284808984
leaf_weight=1046.1104767657816 75.282838110346347 143.60924148745835 17.177612903527919 10.710127890110014 51.959480008634273 102.51197249442339
leaf_count=13912 325 560 60 13 923 158
internal_value=0.00196695 0.000707702 0.013783 -0.0248251 -0.00116036 -0.0160857
internal_weight=1447.36 1372.08 171.497 27.8877 1200.58 154.471
internal_count=15951 15626 633 73 14993 1081
is_linear=0
shrinkage=0.04


Tree=131
num_leaves=7
num_cat=0
split_feature=0 4 5 10 5 5
split_gain=24.6551 20.5943 25.973 74.464 35.435 2.11895
threshold=1.0000000180025095e-35 0.16441441441441443 0.36245805369127521 0.7157646855220946 0.53368237347294956 0.52364972834771506
decision_type=2 2 2 2 2 2
left_child=1 -1 3 -3 -4 -2
right_child=5 2 4 -5 -6 -7
leaf_value=-0.039746389361533081 0.0080352481506249171 0.058494277739164116 -0.014864017572665294 -0.032552530788621296 0.003004446761077141 0.027338692027996114
leaf_weight=19.666442687128438 11.256609817966817 40.526537741068751 212.53049113485031 22.020764470100403 1074.2464842812624 62.209511058870703
leaf_count=9954 51 199 2249 80 3144 274
internal_value=0.00189487 0.000680253 0.00127676 0.0264064 4.97969e-05 0.024438
internal_weight=1442.46 1368.99 1349.32 62.5473 1286.78 73.4661
internal_count=15951 15626 5672 279 5393 325
is_linear=0
shrinkage=0.04


Tree=132
num_leaves=7
num_cat=0
split_feature=0 7 10 5 6 9
split_gain=23.3666 20.342 20.4321 21.6583 2.135 3.82727
threshold=1.0000000180025095e-35 1.0000000180025095e-35 0.60390955103716515 0.42722859664607243 0.84523809523809534 0.087121212121212141
decision_type=2 2 2 2 2 2
left_child=1 -1 -3 -4 -2 -6
right_child=4 2 3 -5 5 -7
leaf_value=-0.047432971506902927 0.027275231931519952 -0.040680973853543627 0.016882679363412836 1.3175018706914361e-05 0.02237281274632668 -0.025354803842302771
leaf_weight=13.730944962997453 58.93609619140625 18.225693222542759 135.35663833841681 1199.6157309955452 9.2493041222915036 3.5402260329574338
leaf_count=716 270 8839 1354 4717 38 17
internal_value=0.00182335 0.000652466 0.00114881 0.00172739 0.024046 0.00882055
internal_weight=1438.65 1366.93 1353.2 1334.97 71.7256 12.7895
internal_count=15951 15626 14910 6071 325 55
is_linear=0
shrinkage=0.04


Tree=133
num_leaves=7
num_cat=0
split_feature=4 7 5 4 10 6
split_gain=23.398 23.7016 42.2479 59.4898 34.953 28.7696
threshold=0.61721611721611735 0.75000000000000011 0.55051025667456976 0.26006441223832533 0.91993804237829468 0.46410256410256417
decision_type=2 2 2 2 2 2
left_child=1 5 3 -3 -4 -1
right_child=-2 2 4 -5 -6 -7
leaf_value=-0.0083236921654957705 0.01418754080519702 -0.037327882807587122 -0.03987535789946535 0.073030592254873961 0.040036213579429027 0.0043383362370338257
leaf_weight=558.43637249642052 207.00246112374589 10.030346963088958 23.658293685643002 33.291715545579791 13.628757801372556 590.32048322021728
leaf_count=11444 354 184 114 48 14 3793
internal_value=0.00175278 -0.000341344 0.0205959 0.0473792 -0.0105558 -0.0018156
internal_weight=1436.37 1229.37 80.6091 43.3221 37.2871 1148.76
internal_count=15951 15597 360 232 128 15237
is_linear=0
shrinkage=0.04


Tree=134
num_leaves=7
num_cat=0
split_feature=9 6 4 9 10 6
split_gain=22.5405 28.0032 49.9155 25.9978 119.728 64.1939
threshold=0.15476190476190479 0.84523809523809534 0.69615384615384623 0.10555555555555557 0.80716956988452304 0.095454545454545472
decision_type=2 2 2 2 2 2
left_child=3 -2 -3 -1 -5 -6
right_child=1 2 -4 4 5 -7
leaf_value=0.0019011346782386931 0.020478577584096543 -0.085765108611556007 0.031128972365804031 -0.066057085007876826 -0.090765006009222216 0.019289917367833184
leaf_weight=1093.9928142390272 163.40661152353277 11.301089898683133 11.694690164178608 50.355160443024943 9.1309597268700582 92.585302747786045
leaf_count=14161 639 48 21 923 42 117
internal_value=0.00168768 0.0146531 -0.0264756 -0.000252292 -0.0157392 0.00923205
internal_weight=1432.47 186.402 22.9958 1246.06 152.071 101.716
internal_count=15951 708 69 15243 1082 159
is_linear=0
shrinkage=0.04


Tree=135
num_leaves=7
num_cat=0
split_feature=0 7 4 5 4 5
split_gain=21.8381 19.3501 19.3368 22.8793 2.1614 2.61203
threshold=1.0000000180025095e-35 1.0000000180025095e-35 0.16441441441441443 0.42722859664607243 0.97368421052631582 0.52364972834771506
decision_type=2 2 2 2 2 2
left_child=1 -1 -3 -4 5 -2
right_child=4 2 3 -5 -6 -7
leaf_value=-0.047316362327804125 0.00666594556550277 -0.039707075174995103 0.017289258477303945 -0.0002027436336075398 -0.0074614249361747995 0.028572744407044347
leaf_weight=13.204060087475225 10.795168044976888 18.229272389813559 132.72843359177932 1194.9101745875087 3.2571890763938418 55.310920977499336
leaf_count=716 51 9646 732 4532 11 263
internal_value=0.0016236 0.000503158 0.000980753 0.00154682 0.0234836 0.0250564
internal_weight=1428.44 1359.07 1345.87 1327.64 69.3633 66.1061
internal_count=15951 15626 14910 5264 325 314
is_linear=0
shrinkage=0.04


Tree=136
num_leaves=7
num_cat=0
split_feature=4 5 9 5 5 2
split_gain=21.6809 37.3578 31.2672 27.4335 20.3982 16.4059
threshold=0.53137254901960795 0.81182294700058255 0.41428571428571431 0.76224734498115809 0.44192470769626113 1.0000000180025095e-35
decision_type=2 2 2 2 2 2
left_child=1 2 3 -1 -2 -6
right_child=4 -3 -4 -5 5 -7
leaf_value=-0.0019128099559183509 -0.18152505082299125 -0.08663928449230969 -0.095167115991899615 0.024131320111184681 0.025209653311035064 0.0055525541895747044
leaf_weight=974.47123297062353 0.68797178100794454 7.9546510078944257 5.3748606836306854 69.112189592327923 89.887085317634046 278.75428635906428
leaf_count=15147 5 39 35 101 109 515
internal_value=0.0015605 -0.00135352 -0.000688466 -0.000181806 0.0099012 0.0103621
internal_weight=1426.24 1056.91 1048.96 1043.58 369.329 368.641
internal_count=15951 15322 15283 15248 629 624
is_linear=0
shrinkage=0.04


Tree=137
num_leaves=7
num_cat=0
split_feature=9 6 4 9 10 14
split_gain=21.3604 25.5843 44.4955 24.6437 112.45 60.7948
threshold=0.15476190476190479 0.84523809523809534 0.69615384615384623 0.10555555555555557 0.80716956988452304 1.0000000180025095e-35
decision_type=2 2 2 2 2 2
left_child=3 -2 -3 5 -5 -1
right_child=1 2 -4 4 -6 -7
leaf_value=0.013735445088751037 0.019800303821526907 -0.080545134117188222 0.030650881308427334 -0.065183304625389654 0.0086533715253637351 -0.0057108548775799493
leaf_weight=415.3683261621336 161.44585209066281 11.390044497326018 11.250838220119475 48.960499511566013 100.17844098806381 674.76447798786103
leaf_count=3012 639 48 21 923 159 11149
internal_value=0.00150022 0.0142066 -0.0254169 -0.000387617 -0.0156278 0.00169801
internal_weight=1423.36 184.087 22.6409 1239.27 149.139 1090.13
internal_count=15951 708 69 15243 1082 14161
is_linear=0
shrinkage=0.04


Tree=138
num_leaves=7
num_cat=0
split_feature=10 10 9 5 5 10
split_gain=20.4032 24.5489 42.1695 33.9635 23.4274 75.9996
threshold=0.91252157229295239 0.89650068494268631 0.087121212121212141 0.71257183908045996 0.5920526315789475 0.88679982189991269
decision_type=2 2 2 2 2 2
left_child=1 4 -3 -4 5 -1
right_child=-2 2 3 -5 -6 -7
leaf_value=-0.010508458297717301 0.013291229304732442 -0.063169152250285146 0.03075256991395035 -0.055962847140674114 0.0053954358829496124 0.055900085664074506
leaf_weight=428.59692629726487 199.65753864683211 26.292198040988296 23.447045732522383 10.203522154595701 700.47831857003621 29.26337404048536
leaf_count=13423 378 130 25 34 1923 38
internal_value=0.00144509 -0.000496534 -0.0254144 0.00422435 0.000795377 -0.00623715
internal_weight=1417.94 1218.28 59.9428 33.6506 1158.34 457.86
internal_count=15951 15573 189 59 15384 13461
is_linear=0
shrinkage=0.04


Tree=139
num_leaves=7
num_cat=0
split_feature=0 10 5 10 4 6
split_gain=19.9808 18.3276 20.6949 69.9525 39.2534 2.21061
threshold=1.0000000180025095e-35 0.60390955103716515 0.36245805369127521 0.71270754575590545 0.19782608695652179 0.84523809523809534
decision_type=2 2 2 2 2 2
left_child=1 -1 3 -3 -4 -2
right_child=5 2 4 -5 -6 -7
leaf_value=-0.040636022083066922 0.026193037367095391 0.053746456874314452 -0.04306956574026681 -0.033190012507259316 0.00089696603907168449 0.0068823890286245568
leaf_weight=17.046034177474212 54.483351760078222 41.572808665863704 33.168742522539105 22.746126117184758 1233.1712593589909 12.045725788455455
leaf_count=8957 270 486 2025 173 3985 55
internal_value=0.0013917 0.000332266 0.000864609 0.0229632 -0.000259672 0.0227577
internal_weight=1414.23 1347.7 1330.66 64.3189 1266.34 66.5291
internal_count=15951 15626 6669 659 6010 325
is_linear=0
shrinkage=0.04


Tree=140
num_leaves=7
num_cat=0
split_feature=9 6 4 9 10 6
split_gain=19.8082 24.1253 40.7775 23.2735 105.847 58.8557
threshold=0.15476190476190479 0.84523809523809534 0.69615384615384623 0.10555555555555557 0.80716956988452304 0.095454545454545472
decision_type=2 2 2 2 2 2
left_child=3 -2 -3 -1 -5 -6
right_child=1 2 -4 4 5 -7
leaf_value=0.0015443323683034793 0.019130844927528378 -0.077144184462153528 0.03020217359796851 -0.064450172084678778 -0.087533383577900012 0.017889254267089955
leaf_weight=1082.8678904045082 159.21158359269612 11.459036871790888 10.815794758498667 47.435667041951092 9.1452810391783697 90.386843502521515
leaf_count=14161 639 48 21 923 42 117
internal_value=0.00133753 0.0136661 -0.025127 -0.000482102 -0.0154084 0.00802657
internal_weight=1411.32 181.486 22.2748 1229.84 146.968 99.5321
internal_count=15951 708 69 15243 1082 159
is_linear=0
shrinkage=0.04


Tree=141
num_leaves=7
num_cat=0
split_feature=6 7 4 5 10 10
split_gain=19.5709 32.864 51.8277 116.684 93.5093 41.5389
threshold=0.46410256410256417 0.75000000000000011 0.31698564593301443 0.36245805369127521 0.76519692767719005 0.69262900570849106
decision_type=2 2 2 2 2 2
left_child=1 2 3 -1 -4 -3
right_child=-2 5 4 -5 -6 -7
leaf_value=0.030759824488770088 0.0057148254064170066 0.10630318411044273 -0.049566802415492196 -0.043533307011077819 0.0082048829346566925 0.010809057521616252
leaf_weight=45.066139907139586 748.10468670295086 8.0877261888817866 51.000269785057753 133.68686747885658 359.88160830037668 61.66876001493074
leaf_count=5479 4109 88 421 4790 813 251
internal_value=0.00128623 -0.00373536 -0.00681134 -0.0247783 0.00100854 0.0221817
internal_weight=1407.5 659.391 589.635 178.753 410.882 69.7565
internal_count=15951 11842 11503 10269 1234 339
is_linear=0
shrinkage=0.04


Tree=142
num_leaves=7
num_cat=0
split_feature=0 7 4 4 4 5
split_gain=18.8173 18.1803 18.0306 25.3233 2.23038 2.60835
threshold=1.0000000180025095e-35 1.0000000180025095e-35 0.82085561497326209 0.80625000000000013 0.97368421052631582 0.52364972834771506
decision_type=2 2 2 2 2 2
left_child=1 -1 3 -3 5 -2
right_child=4 2 -4 -5 -6 -7
leaf_value=-0.047323267943172466 0.0052720693582432093 6.6458709274135172e-05 0.028576250297233621 -0.18014106056407334 -0.009897140273561306 0.027635686562428236
leaf_weight=12.548628527903928 10.361682204995303 1287.2229769186233 35.843445837497711 1.0488496422767628 3.0923601472750297 51.278161507565528
leaf_count=716 51 14846 57 7 11 263
internal_value=0.00123645 0.000213388 0.000672482 -0.000106645 0.0222652 0.0239379
internal_weight=1401.4 1336.66 1324.12 1288.27 64.7322 61.6398
internal_count=15951 15626 14910 14853 325 314
is_linear=0
shrinkage=0.04


Tree=143
num_leaves=7
num_cat=0
split_feature=9 6 4 9 10 4
split_gain=18.2464 23.089 37.2377 21.917 99.3368 57.896
threshold=0.15476190476190479 0.84523809523809534 0.69615384615384623 0.10555555555555557 0.80716956988452304 0.38585607940446659
decision_type=2 2 2 2 2 2
left_child=3 -2 -3 -1 -5 -6
right_child=1 2 -4 4 5 -7
leaf_value=0.0014004613448963224 0.018489504490532271 -0.074265528188494523 0.029568779266073965 -0.063852246277986829 0.052958591707817186 -0.013196683307918995
leaf_weight=1076.2783678001724 156.87278162676375 11.484247805550696 10.293899481184779 45.619798632484162 30.567993275821209 67.579384338110685
leaf_count=14161 639 48 21 923 25 134
internal_value=0.00118921 0.0131213 -0.0252726 -0.000558219 -0.0152169 0.00745283
internal_weight=1398.7 178.651 21.7781 1220.05 143.767 98.1474
internal_count=15951 708 69 15243 1082 159
is_linear=0
shrinkage=0.04


Tree=144
num_leaves=7
num_cat=0
split_feature=6 5 2 4 4 10
split_gain=17.8641 30.1972 68.2442 61.9907 39.6874 39.246
threshold=0.46410256410256417 0.40954368655725265 1.0000000180025095e-35 0.26975051975051983 0.31909090909090915 0.76519692767719005
decision_type=2 2 2 2 2 2
left_child=1 2 -1 -3 -4 -5
right_child=-2 3 4 5 -6 -7
leaf_value=-0.047498025843405949 0.005385181519258376 -0.040081660085448244 0.045726549897197696 -0.029105762884965442 -0.083690728652388607 0.0029452170852718178
leaf_weight=19.17043966561323 743.09259468011442 78.014262451266404 61.915608694544062 71.362823514500633 3.8469073027372351 418.68443794781342
leaf_count=5196 4109 3444 1355 695 19 1133
internal_value=0.00114318 -0.00368123 0.0185309 -0.00701111 0.0378949 -0.00172808
internal_weight=1396.09 652.994 84.933 568.062 65.7625 490.047
internal_count=15951 11842 6570 5272 1374 1828
is_linear=0
shrinkage=0.04


Tree=145
num_leaves=7
num_cat=0
split_feature=0 7 10 5 6 9
split_gain=17.6684 17.326 17.3899 17.8606 2.19705 3.7556
threshold=1.0000000180025095e-35 1.0000000180025095e-35 0.60390955103716515 0.42722859664607243 0.84523809523809534 0.087121212121212141
decision_type=2 2 2 2 2 2
left_child=1 -1 -3 -4 -2 -6
right_child=4 2 3 -5 5 -7
leaf_value=-0.04719632120509467 0.025322358671362979 -0.040589196273445614 0.014810383492698687 -0.00052726398045063944 0.020271010619871053 -0.028591730246870374
leaf_weight=12.070506637537617 51.350866162683815 16.03079155299929 135.39883300103247 1164.7781029562466 8.2752776155248267 3.3659130115993312
leaf_count=716 270 8839 1354 4717 38 17
internal_value=0.00109764 0.000112988 0.00055547 0.00107047 0.0217628 0.00572973
internal_weight=1391.27 1328.28 1316.21 1300.18 62.9921 11.6412
internal_count=15951 15626 14910 6071 325 55
is_linear=0
shrinkage=0.04


Tree=146
num_leaves=7
num_cat=0
split_feature=4 5 10 10 5 5
split_gain=17.2397 31.4053 42.5455 22.5359 24.0888 23.1444
threshold=0.66091954022988519 0.82904856075587785 0.73157831710885934 0.91252157229295239 0.76224734498115809 0.68989800874210794
decision_type=2 2 2 2 2 2
left_child=1 3 -3 4 -1 -5
right_child=-2 2 -4 5 -6 -7
leaf_value=-0.0036858593900844449 0.013574287067215753 0.040581946449124849 -0.09305426991332072 0.031142261661883688 0.015254158397587803 -0.0037939049847459877
leaf_weight=971.20199368998874 156.00796999130398 5.2954138070344952 12.450740147382019 71.611217953730375 120.58283223956823 52.307312299031764
leaf_count=15224 283 2 61 92 184 105
internal_value=0.00105448 -0.000529361 -0.0530582 0.000244382 -0.00158978 0.0163969
internal_weight=1389.46 1233.45 17.7462 1215.7 1091.78 123.919
internal_count=15951 15668 63 15605 15408 197
is_linear=0
shrinkage=0.04


Tree=147
num_leaves=7
num_cat=0
split_feature=9 6 4 9 10 4
split_gain=16.6517 21.7721 34.1616 19.9632 93.8051 54.2446
threshold=0.15476190476190479 0.84523809523809534 0.69615384615384623 0.10555555555555557 0.80716956988452304 0.38585607940446659
decision_type=2 2 2 2 2 2
left_child=3 -2 -3 -1 -5 -6
right_child=1 2 -4 4 5 -7
leaf_value=0.0012172441220447958 0.017777378931291422 -0.071327821590775192 0.029013859839944076 -0.063194404886925459 0.051372915274089444 -0.012866886042415605
leaf_weight=1068.3583938325755 154.25592214660719 11.540074006654324 9.9067239174619299 43.896088207169669 30.273764006793499 67.629444822669029
leaf_count=14161 639 48 21 923 25 134
internal_value=0.00101619 0.0125164 -0.0250457 -0.000653656 -0.0147455 0.00704128
internal_weight=1385.86 175.703 21.4468 1210.16 141.799 97.9032
internal_count=15951 708 69 15243 1082 159
is_linear=0
shrinkage=0.04


Tree=148
num_leaves=7
num_cat=0
split_feature=0 4 4 10 4 4
split_gain=16.4405 16.891 20.4906 69.0245 61.9414 2.24333
threshold=1.0000000180025095e-35 0.16441441441441443 0.20256410256410259 0.75201996512861913 0.24190177638453506 0.97368421052631582
decision_type=2 2 2 2 2 2
left_child=1 -1 3 -3 -4 -2
right_child=5 2 4 -5 -6 -7
leaf_value=-0.039653781471448178 0.022962005940903304 0.043815198273166038 -0.047426989426822587 -0.045946333310643066 0.0010550820712827936 -0.011499220975945934
leaf_weight=16.735329473332968 58.197351884096861 54.176805365714245 43.511590939364396 18.127827604766935 1189.594456724124 2.9921054402366272
leaf_count=9954 314 1009 916 295 3452 11
internal_value=0.000976715 3.56229e-05 0.000551968 0.0212184 -0.000661457 0.0212123
internal_weight=1383.34 1322.15 1305.41 72.3046 1233.11 61.1895
internal_count=15951 15626 5672 1304 4368 325
is_linear=0
shrinkage=0.04


Tree=149
num_leaves=7
num_cat=0
split_feature=7 5 4 5 5 6
split_gain=16.4147 36.1444 51.9575 34.4148 81.0141 66.2786
threshold=0.75000000000000011 0.55051025667456976 0.26006441223832533 0.55051025667456976 0.44497103738809901 0.73214285714285732
decision_type=2 2 2 2 2 2
left_child=3 2 -2 4 -1 -6
right_child=1 -3 -4 -5 5 -7
leaf_value=0.0083451106972912623 -0.03782358873886988 -0.0083859493324611976 0.06721761499492028 0.0034183879082993265 -0.043254922618497268 0.036347581516302963
leaf_weight=153.920869436668 9.5494607924483699 41.957511576125398 33.327451255638152 993.10059860194451 129.69377278283355 19.028499686624855
leaf_count=9408 184 145 48 3167 2974 25
internal_value=0.000936683 0.0179615 0.0437096 -0.000179015 -0.0119847 -0.0330215
internal_weight=1380.58 84.8344 42.8769 1295.74 302.643 148.722
internal_count=15951 377 232 15574 12407 2999
is_linear=0
shrinkage=0.04


Tree=150
num_leaves=7
num_cat=0
split_feature=7 10 10 9 9 5
split_gain=16.179 17.4174 23.9531 38.7269 20.964 18.4832
threshold=1.0000000180025095e-35 0.91252157229295239 0.89650068494268631 0.087121212121212141 0.41428571428571431 0.68541963390831895
decision_type=2 2 2 2 2 2
left_child=-1 2 4 -4 -2 -3
right_child=1 5 3 -5 -6 -7
leaf_value=-0.04517386223684066 0.0014036811320074268 0.029376274450410387 -0.062915341490933474 0.0029650783433422001 -0.049492365156785269 0.0031588304375479589
leaf_weight=11.885368095361626 1108.2973964134289 67.368368281517178 24.948445860296488 32.85818774998188 12.900509002560282 119.1611977154389
leaf_count=717 14660 93 112 57 53 259
internal_value=0.000899671 0.00130871 -0.000487279 -0.0255523 0.000807565 0.0126597
internal_weight=1377.42 1365.53 1179 57.8066 1121.2 186.53
internal_count=15951 15234 14882 169 14713 352
is_linear=0
shrinkage=0.04


Tree=151
num_leaves=7
num_cat=0
split_feature=6 7 4 5 10 5
split_gain=16.224 27.7449 46.3782 104.51 82.6994 35.1291
threshold=0.46410256410256417 0.75000000000000011 0.31698564593301443 0.36245805369127521 0.76519692767719005 0.55051025667456976
decision_type=2 2 2 2 2 2
left_child=1 2 3 -1 -4 -3
right_child=-2 5 4 -5 -6 -7
leaf_value=0.02749996255667848 0.0049316469684629457 0.04634151479108365 -0.048591023227231411 -0.043142564176195296 0.0073739584311456633 -0.01045787972305658
leaf_weight=45.628459353858489 733.23909942465252 37.358926948858425 47.743984447093681 124.49402167584049 355.23139016516507 32.295309129403904
leaf_count=5479 4109 220 421 4790 813 119
internal_value=0.000864501 -0.0037722 -0.00667376 -0.0241738 0.000717527 0.0200232
internal_weight=1375.99 642.752 573.098 170.122 402.975 69.6542
internal_count=15951 11842 11503 10269 1234 339
is_linear=0
shrinkage=0.04


Tree=152
num_leaves=7
num_cat=0
split_feature=10 7 4 5 6 0
split_gain=16.0658 15.5876 15.7636 20.2983 7.60044 1.15062
threshold=0.60390955103716515 1.0000000180025095e-35 0.61721611721611735 0.42722859664607243 0.58571428571428574 1.0000000180025095e-35
decision_type=2 2 2 2 2 2
left_child=-1 5 3 -3 -4 -2
right_child=1 2 4 -5 -6 -7
leaf_value=-0.039419721202291542 -0.047091884505041412 0.014272897265229494 0.018231900658073345 -0.0020079041580313923 0.001171144553824371 0.01954985645820817
leaf_weight=15.482819945638765 11.077738875843348 139.09781670302618 123.62000454729423 1017.3702245784225 63.490084871649742 0.28400036692619401
leaf_count=8958 598 1370 172 4685 167 1
internal_value=0.000829713 0.00129687 0.00169601 -4.58213e-05 0.012461 -0.0449437
internal_weight=1370.42 1354.94 1343.58 1156.47 187.11 11.3617
internal_count=15951 6993 6394 6055 339 599
is_linear=0
shrinkage=0.04


Tree=153
num_leaves=7
num_cat=0
split_feature=0 4 4 10 4 6
split_gain=15.6964 15.9111 19.0501 61.7411 58.2033 2.20947
threshold=1.0000000180025095e-35 0.16441441441441443 0.20256410256410259 0.75201996512861913 0.24190177638453506 0.84523809523809534
decision_type=2 2 2 2 2 2
left_child=1 -1 3 -3 -4 -2
right_child=5 2 4 -5 -6 -7
leaf_value=-0.039620796849001799 0.024481164578710364 0.040756901543690889 -0.047390429260683514 -0.045792838420245785 0.00082497588689710408 0.0044852581617198344
leaf_weight=15.915055661578661 48.639700837898999 55.419851326500066 41.2662336116191 17.086277783615515 1178.6797161942814 11.23276186455041
leaf_count=9954 270 1009 916 295 3452 55
internal_value=0.000797397 -0.000119017 0.00037191 0.0202638 -0.000811833 0.0207904
internal_weight=1368.24 1308.37 1292.45 72.5061 1219.95 59.8725
internal_count=15951 15626 5672 1304 4368 325
is_linear=0
shrinkage=0.04


Tree=154
num_leaves=7
num_cat=0
split_feature=9 6 4 9 10 6
split_gain=15.4784 20.0462 31.2609 19.1065 87.4425 51.8192
threshold=0.15476190476190479 0.84523809523809534 0.78362573099415223 0.10555555555555557 0.80716956988452304 0.095454545454545472
decision_type=2 2 2 2 2 2
left_child=3 -2 -3 -1 -5 -6
right_child=1 2 -4 4 5 -7
leaf_value=0.00098752817599209557 0.017084030882534441 -0.063572257417802702 0.035387157524241528 -0.062789780235970358 -0.083552544961679895 0.015587617696548673
leaf_weight=1054.5438377466926 150.894919065875 12.689354551024737 8.265713985078035 42.079731253921636 9.1253791805356723 88.011720692738891
leaf_count=14161 639 54 15 923 42 117
internal_value=0.000764519 0.0119819 -0.0244777 -0.000850358 -0.0147678 0.00610098
internal_weight=1365.61 171.85 20.9551 1193.76 139.217 97.1371
internal_count=15951 708 69 15243 1082 159
is_linear=0
shrinkage=0.04


Tree=155
num_leaves=7
num_cat=0
split_feature=5 5 2 10 9 9
split_gain=15.1079 68.6471 84.9108 50.9182 48.4207 34.3173
threshold=0.53368237347294956 0.47148664343786301 1.0000000180025095e-35 0.89138942002025401 0.10555555555555557 0.23636363636363639
decision_type=2 2 2 2 2 2
left_child=1 2 5 -3 -4 -1
right_child=-2 3 4 -5 -6 -7
leaf_value=-0.054019488044659905 0.0029276106967815107 -0.04906679081362466 0.027063217461042368 0.031877882702348231 -0.064048267184475288 0.034169798585066781
leaf_weight=41.60566476713575 1072.0435201279324 76.71063729452726 139.08738333926885 14.657083426602183 9.8034203947754559 8.3223592971917224
leaf_count=7011 3726 1842 2918 22 242 190
internal_value=0.000734508 -0.00735708 0.00582734 -0.0360187 0.0209729 -0.0392019
internal_weight=1362.23 290.187 198.819 91.3677 148.891 49.928
internal_count=15951 12225 10361 1864 3160 7201
is_linear=0
shrinkage=0.04


Tree=156
num_leaves=7
num_cat=0
split_feature=0 7 4 4 5 5
split_gain=14.852 15.0569 15.7365 22.7014 2.21924 7.21316
threshold=1.0000000180025095e-35 1.0000000180025095e-35 0.82085561497326209 0.80625000000000013 0.52364972834771506 0.48604620976116308
decision_type=2 2 2 2 2 2
left_child=1 -1 3 -3 5 -2
right_child=4 2 -4 -5 -6 -7
leaf_value=-0.046913287724293193 0.019199416194745082 -0.00032898927168298217 0.027410588653529633 -0.16617776606412535 0.023801059498163343 -0.067043778576480459
leaf_weight=10.740062585595295 7.864328646566717 1255.3997172701784 32.96103566326201 1.1219974905252446 49.022195605095476 1.7195119834505019
leaf_count=716 39 14846 57 7 274 12
internal_value=0.000703917 -0.000183814 0.000211058 -0.000505096 0.0203666 0.00246724
internal_weight=1358.83 1300.22 1289.48 1256.52 58.606 9.58384
internal_count=15951 15626 14910 14853 325 51
is_linear=0
shrinkage=0.04


Tree=157
num_leaves=7
num_cat=0
split_feature=10 7 4 5 6 0
split_gain=14.6981 14.1832 13.6346 19.8032 7.65482 1.05613
threshold=0.60390955103716515 1.0000000180025095e-35 0.61721611721611735 0.843764669065874 0.58571428571428574 1.0000000180025095e-35
decision_type=2 2 2 2 2 2
left_child=-1 5 3 -3 -4 -2
right_child=1 2 4 -5 -6 -7
leaf_value=-0.039245824871375699 -0.046764463490302256 0.00024600637811319885 0.017497796637195279 -0.073278358510245653 0.00016369130197475677 0.018669724597059487
leaf_weight=14.394125088627332 10.295469788863553 1143.4893227108987 120.54861171124503 5.6913684308528891 61.893198472913355 0.26466432213783342
leaf_count=8958 598 6031 172 24 167 1
internal_value=0.000676416 0.00111183 0.00148266 -0.000129074 0.0116348 -0.0446221
internal_weight=1356.58 1342.18 1331.62 1149.18 182.442 10.5601
internal_count=15951 6993 6394 6055 339 599
is_linear=0
shrinkage=0.04


Tree=158
num_leaves=7
num_cat=0
split_feature=9 6 4 14 6 5
split_gain=14.3525 19.1477 28.6687 18.8125 61.2056 58.3242
threshold=0.15476190476190479 0.84523809523809534 0.78362573099415223 1.0000000180025095e-35 0.84523809523809534 0.59498901558740458
decision_type=2 2 2 2 2 2
left_child=3 -2 -3 5 -5 -1
right_child=1 2 -4 4 -6 -7
leaf_value=-0.02084797401738819 0.016530251210191898 -0.061309330757901098 0.03501623167529986 -0.0081930474472076339 0.046754526347180358 0.01178474935982185
leaf_weight=111.3190795112896 148.99143339140574 12.69269975833595 7.8242494612932196 630.59187088489125 33.98744369763881 408.61637038586196
leaf_count=3024 639 54 15 11192 24 1003
internal_value=0.000649723 0.0115298 -0.0244951 -0.000907255 -0.00536673 0.00478885
internal_weight=1354.02 169.508 20.5169 1184.51 664.579 519.935
internal_count=15951 708 69 15243 11216 4027
is_linear=0
shrinkage=0.04


Tree=159
num_leaves=7
num_cat=0
split_feature=10 7 5 5 4 0
split_gain=13.9342 13.4571 12.8765 58.8453 58.1996 1.01646
threshold=0.60390955103716515 1.0000000180025095e-35 0.42722859664607243 0.51903565561890053 0.31909090909090915 1.0000000180025095e-35
decision_type=2 2 2 2 2 2
left_child=-1 5 4 -4 -3 -2
right_child=1 2 3 -5 -6 -7
leaf_value=-0.03906588714208397 -0.046567236128015027 0.021888773874262184 -0.028814745291911369 0.0028000455106937743 -0.062018400826022113 0.018293672788857233
leaf_weight=13.801220801222369 9.8818548613635322 123.73777298966888 102.96147255128017 1084.1772667876212 14.603279234841464 0.25685346126556474
leaf_count=8958 598 1314 1666 3356 58 1
internal_value=0.000627145 0.00104459 0.00140042 5.19937e-05 0.0129404 -0.0444085
internal_weight=1349.42 1335.62 1325.48 1187.14 138.341 10.1387
internal_count=15951 6993 6394 5022 1372 599
is_linear=0
shrinkage=0.04


Tree=160
num_leaves=7
num_cat=0
split_feature=0 4 4 10 4 4
split_gain=13.9857 14.4162 18.3332 56.6776 54.3649 2.3584
threshold=1.0000000180025095e-35 0.16441441441441443 0.20256410256410259 0.75201996512861913 0.24190177638453506 0.97368421052631582
decision_type=2 2 2 2 2 2
left_child=1 -1 3 -3 -4 -2
right_child=5 2 4 -5 -6 -7
leaf_value=-0.039565891363902934 0.021771128704820591 0.038772597169095362 -0.047216672797575694 -0.045599106840440405 0.00058116729786557352 -0.014557155146209822
leaf_weight=14.557782990901613 54.469932152424008 56.129300159052946 39.158991585834883 16.261728852987289 1163.9134044809034 2.8166313869878641
leaf_count=9954 314 1009 916 295 3452 11
internal_value=0.000601069 -0.000257605 0.000195614 0.0197186 -0.000980539 0.0199057
internal_weight=1347.31 1290.02 1275.46 72.391 1203.07 57.2866
internal_count=15951 15626 5672 1304 4368 325
is_linear=0
shrinkage=0.04


Tree=161
num_leaves=7
num_cat=0
split_feature=7 5 4 10 4 5
split_gain=13.7986 31.4352 45.7327 32.4806 27.8768 26.8947
threshold=0.75000000000000011 0.55051025667456976 0.26006441223832533 0.91993804237829468 0.27386363636363642 0.55051025667456976
decision_type=2 2 2 2 2 2
left_child=5 2 -2 -3 -4 -1
right_child=1 3 4 -5 -6 -7
leaf_value=-0.011143662785549692 -0.037547493516185922 -0.039295255694623922 0.10092295659135968 0.031956602178892533 0.027351608057158142 0.002725082646858772
leaf_weight=290.53736390087579 9.2955283218761888 23.547048231586814 15.537819850258527 17.780475771520287 17.939776849001646 970.24793366814265
leaf_count=12407 184 118 13 27 35 3167
internal_value=0.000575462 0.0162439 0.0402095 -0.00858591 0.0619539 -0.000470528
internal_weight=1344.89 84.1006 42.7731 41.3275 33.4776 1260.79
internal_count=15951 377 232 145 48 15574
is_linear=0
shrinkage=0.04


Tree=162
num_leaves=7
num_cat=0
split_feature=6 7 4 5 10 10
split_gain=13.7226 23.8081 40.8242 96.9224 76.2046 31.018
threshold=0.46410256410256417 0.75000000000000011 0.31698564593301443 0.36245805369127521 0.76519692767719005 0.69262900570849106
decision_type=2 2 2 2 2 2
left_child=1 2 3 -1 -4 -3
right_child=-2 5 4 -5 -6 -7
leaf_value=0.026200038558947626 0.0043345262900411153 0.086300482805868647 -0.048159364006192862 -0.042741052478081361 0.0067328332358116754 0.0077329253998573181
leaf_weight=45.116997162418556 716.5610711123154 9.1033455711440165 45.546256941510364 116.36742528554169 350.2727255676873 60.246923367260024
leaf_count=5479 4109 88 421 4790 813 251
internal_value=0.000552913 -0.00376807 -0.00652255 -0.0234587 0.000390294 0.0182935
internal_weight=1343.21 626.654 557.303 161.484 395.819 69.3503
internal_count=15951 11842 11503 10269 1234 339
is_linear=0
shrinkage=0.04


Tree=163
num_leaves=7
num_cat=0
split_feature=0 4 4 10 4 4
split_gain=13.3545 13.6733 17.6674 51.6677 50.8962 2.31756
threshold=1.0000000180025095e-35 0.16441441441441443 0.20256410256410259 0.75201996512861913 0.24190177638453506 0.97368421052631582
decision_type=2 2 2 2 2 2
left_child=1 -1 3 -3 -4 -2
right_child=5 2 4 -5 -6 -7
leaf_value=-0.039522863325488697 0.021438612820714385 0.036862769912147819 -0.046993869712414836 -0.045338872559591674 0.00044463911083764823 -0.01459574086627601
leaf_weight=13.870454919393522 53.512371893506497 56.964385504834354 37.151047702122014 15.364937162026761 1158.3343750364147 2.8145413920283309
leaf_count=9954 314 1009 916 295 3452 11
internal_value=0.000529673 -0.000307909 0.000125709 0.0192962 -0.00103551 0.0195574
internal_weight=1338.01 1281.69 1267.81 72.3293 1195.49 56.3269
internal_count=15951 15626 5672 1304 4368 325
is_linear=0
shrinkage=0.04


Tree=164
num_leaves=7
num_cat=0
split_feature=9 9 10 4 14 9
split_gain=13.0328 19.5036 79.7459 51.2123 47.3722 56.503
threshold=0.15476190476190479 0.10555555555555557 0.80716956988452304 0.38585607940446659 1.0000000180025095e-35 0.087121212121212141
decision_type=2 2 2 2 2 2
left_child=1 4 -3 -4 -1 -6
right_child=-2 2 3 -5 5 -7
leaf_value=0.011937329196920914 0.010979517388017682 -0.062627609029570513 0.048370419315623477 -0.015061470051204518 -0.0017643854512627117 -0.04088846928159727
leaf_weight=387.55965920946619 166.26832053251565 39.836162225430598 29.387604124844074 65.094654966145754 582.00700452753517 65.55308135584346
leaf_count=3012 708 923 25 134 9910 1239
internal_value=0.000506876 -0.000982016 -0.0153112 0.00470765 0.000878023 -0.00573944
internal_weight=1335.71 1169.44 134.318 94.4823 1035.12 647.56
internal_count=15951 15243 1082 159 14161 11149
is_linear=0
shrinkage=0.04


Tree=165
num_leaves=7
num_cat=0
split_feature=10 10 10 2 5 4
split_gain=12.8536 13.2062 62.75 48.4734 50.0272 37.1505
threshold=0.60390955103716515 0.71841686686076722 0.7346014413985178 1.0000000180025095e-35 0.36245805369127521 0.39565217391304358
decision_type=2 2 2 2 2 2
left_child=-1 3 -3 5 -5 -2
right_child=1 2 -4 4 -6 -7
leaf_value=-0.038956046272121479 -0.051771376495778697 -0.059739353188712693 0.00048694468244774448 0.059883379652954018 0.0086325446126169301 0.013596625002677918
leaf_weight=12.887183211380032 32.534611701310496 28.248144270502962 1022.8905309334805 36.765518765547313 174.96358217776287 24.004749663174152
leaf_count=8958 895 378 3717 219 1737 47
internal_value=0.00048706 0.000879678 -0.00114072 0.00879848 0.0175895 -0.0240329
internal_weight=1332.29 1319.41 1051.14 268.268 211.729 56.5394
internal_count=15951 6993 4095 2898 1956 942
is_linear=0
shrinkage=0.04


Tree=166
num_leaves=7
num_cat=0
split_feature=7 10 10 9 5 6
split_gain=12.5406 12.7325 24.2263 35.2935 19.1685 64.1452
threshold=1.0000000180025095e-35 0.91252157229295239 0.89650068494268631 0.087121212121212141 0.68541963390831895 0.16025641025641027
decision_type=2 2 2 2 2 2
left_child=-1 2 -2 -4 -3 -6
right_child=1 4 3 -5 5 -7
leaf_value=-0.04438149006574111 0.00058915872811302246 0.028092791219577699 -0.061933740643165529 0.0015042042892597933 -0.090746189103044203 0.010720095921759397
leaf_weight=9.7003598208975728 1086.5784277012281 64.674907620064914 24.673655983060598 32.034846837166697 10.850423748604952 101.61123125674203
leaf_count=717 14713 93 112 57 50 209
internal_value=0.000466068 0.000803722 -0.000741369 -0.0261829 0.010777 0.000769049
internal_weight=1330.12 1320.42 1143.29 56.7085 177.137 112.462
internal_count=15951 15234 14882 169 352 259
is_linear=0
shrinkage=0.04


Tree=167
num_leaves=7
num_cat=0
split_feature=10 10 10 2 5 4
split_gain=12.2801 12.2062 59.4874 45.0032 45.7482 35.4886
threshold=0.60390955103716515 0.71841686686076722 0.7346014413985178 1.0000000180025095e-35 0.36245805369127521 0.39565217391304358
decision_type=2 2 2 2 2 2
left_child=-1 3 -3 5 -5 -2
right_child=1 2 -4 4 -6 -7
leaf_value=-0.038785590051045975 -0.051282397579488208 -0.05895354246858342 0.00044931419489626631 0.057171538376672111 0.008267505050556366 0.013102483587570886
leaf_weight=12.441106071040847 31.560478450162918 27.503568313753931 1021.0257013791124 36.961342205991969 174.97713818159536 23.896960914134979
leaf_count=8958 895 378 3717 219 1737 47
internal_value=0.000447972 0.000826254 -0.0011179 0.00845239 0.0168515 -0.0235552
internal_weight=1328.37 1315.93 1048.53 267.396 211.938 55.4574
internal_count=15951 6993 4095 2898 1956 942
is_linear=0
shrinkage=0.04


Tree=168
num_leaves=7
num_cat=0
split_feature=6 7 4 5 10 5
split_gain=12.217 21.9599 39.4773 85.5613 70.388 29.9372
threshold=0.46410256410256417 0.75000000000000011 0.31698564593301443 0.36245805369127521 0.76519692767719005 0.55051025667456976
decision_type=2 2 2 2 2 2
left_child=1 2 3 -1 -4 -3
right_child=-2 5 4 -5 -6 -7
leaf_value=0.022885087728643332 0.0040076215780739475 0.041284975648804123 -0.047508572056296272 -0.042349341285076135 0.006394839946911317 -0.011385171162922581
leaf_weight=45.156442442850675 709.7080467124033 37.974665102898143 43.411863507004455 110.49040546480683 348.17502771597356 31.314817048609257
leaf_count=5479 4109 220 421 4790 813 119
internal_value=0.000428569 -0.00368816 -0.00637852 -0.0234055 0.000392727 0.0174881
internal_weight=1326.23 616.523 547.234 155.647 391.587 69.2895
internal_count=15951 11842 11503 10269 1234 339
is_linear=0
shrinkage=0.04


Tree=169
num_leaves=7
num_cat=0
split_feature=0 4 5 4 6 9
split_gain=12.2783 13.0779 20.1177 18.7515 2.31083 3.46475
threshold=1.0000000180025095e-35 0.82085561497326209 0.90611995104039178 0.80625000000000013 0.84523809523809534 0.087121212121212141
decision_type=2 2 2 2 2 2
left_child=1 2 3 -1 -2 -6
right_child=4 -3 -4 -5 5 -7
leaf_value=-0.00064142297491677144 0.022911430281749471 0.025223216243526587 -0.10931477695497663 -0.16090543631205653 0.017299669326297572 -0.031304744484834508
leaf_weight=1232.1833657566895 44.259729998651892 30.903539601713419 2.5397112295031539 0.96934804320335288 7.1937257479876262 3.2316366136074066
leaf_count=15550 270 58 12 6 38 17
internal_value=0.000409787 -0.000391218 -0.00103741 -0.000795096 0.0189326 0.00173947
internal_weight=1321.28 1266.6 1235.69 1233.15 54.6851 10.4254
internal_count=15951 15626 15568 15556 325 55
is_linear=0
shrinkage=0.04


Tree=170
num_leaves=7
num_cat=0
split_feature=9 6 10 6 10 9
split_gain=11.9726 19.0038 25.3565 18.0134 32.1816 17.7409
threshold=0.15476190476190479 0.52272727272727282 0.91252157229295239 0.36931818181818188 0.81002040965753086 0.10555555555555557
decision_type=2 2 2 2 2 2
left_child=5 3 -3 4 -2 -1
right_child=1 2 -4 -5 -6 -7
leaf_value=0.00073993701728608909 -0.055309307103458369 -0.05196021039583542 0.023094783926824847 0.028329574112344585 0.016648080296285825 -0.01481668980158988
leaf_weight=1023.5839787198056 13.136818655766545 16.10407479386777 12.697934236377476 83.120128124020994 38.876306124962866 132.24612472564331
leaf_count=14161 316 66 36 213 77 1082
internal_value=0.000393308 0.0105037 -0.0188707 0.0167979 -0.00162995 -0.00104052
internal_weight=1319.77 163.935 28.802 135.133 52.0131 1155.83
internal_count=15951 708 102 606 393 15243
is_linear=0
shrinkage=0.04


Tree=171
num_leaves=7
num_cat=0
split_feature=7 5 5 2 10 5
split_gain=11.9278 11.8858 60.6289 70.0795 44.1312 29.0496
threshold=1.0000000180025095e-35 0.53368237347294956 0.47148664343786301 1.0000000180025095e-35 0.89138942002025401 0.5361571791423877
decision_type=2 2 2 2 2 2
left_child=-1 2 3 -2 -4 -3
right_child=1 5 4 -5 -6 -7
leaf_value=-0.044212985173701931 -0.038200507037342728 0.069918097985100472 -0.047872032962738065 0.019104346142130496 0.029754493456452709 0.0020004058457274653
leaf_weight=9.3272252408642071 44.286533900434733 9.9789423490146856 70.081014771698392 146.59167652211909 13.887313537299631 1024.0337076177238
leaf_count=717 7028 54 1735 2963 21 3433
internal_value=0.000378466 0.000704469 -0.0066839 0.00577225 -0.0349696 0.00267119
internal_weight=1318.19 1308.86 274.847 190.878 83.9683 1034.01
internal_count=15951 15234 11747 9991 1756 3487
is_linear=0
shrinkage=0.04


Tree=172
num_leaves=7
num_cat=0
split_feature=0 4 4 4 10 4
split_gain=11.5866 12.5163 15.501 47.1497 46.3746 2.30361
threshold=1.0000000180025095e-35 0.16441441441441443 0.20256410256410259 0.24190177638453506 0.75201996512861913 0.97368421052631582
decision_type=2 2 2 2 2 2
left_child=1 -1 4 -4 -3 -2
right_child=5 2 3 -5 -6 -7
leaf_value=-0.039471242048798622 0.020478858868811404 0.034228505400784044 -0.046954126025642778 0.00028791038196767434 -0.045234564727533448 -0.015861499423938757
leaf_weight=12.791366187069796 50.925005444791168 57.274342722899746 34.630098077410366 1142.7027635726263 14.56901647755876 2.7474287962540975
leaf_count=9954 314 1009 916 3452 295 11
internal_value=0.000361954 -0.000411956 -4.14001e-06 -0.00110771 0.0180057 0.0185295
internal_weight=1315.64 1261.97 1249.18 1177.33 71.8434 53.6724
internal_count=15951 15626 5672 4368 1304 325
is_linear=0
shrinkage=0.04


Tree=173
num_leaves=7
num_cat=0
split_feature=10 10 10 2 5 4
split_gain=11.379 11.624 54.569 40.0044 37.7648 33.9426
threshold=0.60390955103716515 0.71841686686076722 0.7346014413985178 1.0000000180025095e-35 0.36245805369127521 0.45643939393939398
decision_type=2 2 2 2 2 2
left_child=-1 3 -3 5 -5 -2
right_child=1 2 -4 4 -6 -7
leaf_value=-0.03857835212978461 -0.041760428864822501 -0.058039807900242803 0.00027646949501131709 0.052475684369314851 0.0081401519939842248 0.030425487707160009
leaf_weight=11.706107008038087 39.227036530704936 26.140432196873007 1011.8064557205944 37.24226161983097 173.37561677239137 13.971573952585457
leaf_count=8958 927 378 3717 219 1737 15
internal_value=0.000345676 0.000703109 -0.00120118 0.00819808 0.0160316 -0.0227218
internal_weight=1313.47 1301.76 1037.95 263.816 210.618 53.1986
internal_count=15951 6993 4095 2898 1956 942
is_linear=0
shrinkage=0.04


Tree=174
num_leaves=7
num_cat=0
split_feature=9 6 4 6 10 9
split_gain=11.4387 18.0991 23.9521 16.9175 29.7593 16.285
threshold=0.15476190476190479 0.52272727272727282 0.69615384615384623 0.36931818181818188 0.81002040965753086 0.10555555555555557
decision_type=2 2 2 2 2 2
left_child=5 3 -3 4 -2 -1
right_child=1 2 -4 -5 -6 -7
leaf_value=0.00064671020289762784 -0.053928048237270182 -0.046059265433305331 0.029492124440349415 0.02778067005071545 0.016070418757952922 -0.014262820967847692
leaf_weight=1017.7920406738704 12.775439176475627 18.15517359785736 10.383715972304342 81.723048297746573 38.488135282881558 132.24302296413225
leaf_count=14161 316 72 30 213 77 1082
internal_value=0.00033079 0.0102926 -0.0184868 0.0165022 -0.00147688 -0.00106819
internal_weight=1311.56 161.526 28.5389 132.987 51.2636 1150.04
internal_count=15951 708 102 606 393 15243
is_linear=0
shrinkage=0.04


Tree=175
num_leaves=7
num_cat=0
split_feature=7 4 5 4 6 9
split_gain=11.3641 11.413 16.5907 12.3434 3.52864 4.44285
threshold=1.0000000180025095e-35 0.82085561497326209 0.90611995104039178 0.80625000000000013 0.81666666666666676 0.17424242424242428
decision_type=2 2 2 2 2 2
left_child=-1 2 3 -2 -3 -6
right_child=1 4 -4 -5 5 -7
leaf_value=-0.043952876035918235 0.00037258236006246117 0.034332577677887464 -0.09445047386718175 -0.11443658093870537 -0.007095522514006837 0.038527586385001006
leaf_weight=9.010561783827141 1262.4584865726647 19.662656430155039 2.7678112387657157 1.3000217601656903 9.9360406240448338 4.9294326007366172
leaf_count=717 15131 40 13 8 29 13
internal_value=0.000318474 0.000633324 1.14277e-05 0.000234807 0.0232561 0.0082111
internal_weight=1310.07 1301.05 1266.53 1263.76 34.5281 14.8655
internal_count=15951 15234 15152 15139 82 42
is_linear=0
shrinkage=0.04


Tree=176
num_leaves=7
num_cat=0
split_feature=5 5 5 9 0 10
split_gain=10.9115 27.6616 18.8299 12.7091 1.62237 1.86841
threshold=0.28639781271360226 0.28850937619594341 0.31674917491749183 0.15476190476190479 1.0000000180025095e-35 0.88328460549950438
decision_type=2 2 2 2 2 2
left_child=4 -2 -3 -4 5 -1
right_child=1 2 3 -5 -6 -7
leaf_value=-0.044833804853355662 0.073320260007921786 -0.061625746215505421 -0.00099286546100298416 0.011128857004392031 0.022076089324428651 -0.13659033202923801
leaf_weight=6.5702913773275204 8.111753773497183 7.6556217308243495 1128.6282741872856 157.51063217935734 0.35345280170440663 0.27415641397237767
leaf_count=4949 64 839 9551 544 2 2
internal_value=0.000305193 0.000581885 0.000113027 0.0004916 -0.0481333 -0.0525667
internal_weight=1309.1 1301.91 1293.79 1286.14 7.1979 6.84445
internal_count=15951 10998 10934 10095 4953 4951
is_linear=0
shrinkage=0.04


Tree=177
num_leaves=7
num_cat=0
split_feature=0 4 4 4 10 4
split_gain=10.8333 11.6385 14.0163 44.5216 42.5716 2.25306
threshold=1.0000000180025095e-35 0.16441441441441443 0.20256410256410259 0.24190177638453506 0.75201996512861913 0.97368421052631582
decision_type=2 2 2 2 2 2
left_child=1 -1 4 -4 -3 -2
right_child=5 2 3 -5 -6 -7
leaf_value=-0.039414433388077076 0.020024640237400131 0.032173462383273697 -0.046669589963960069 0.00020712822284308608 -0.044952544748794843 -0.01595705317618816
leaf_weight=11.948212548668378 49.78631352679804 58.016455819422845 33.165226781420643 1138.3464412334142 14.0520263381768 2.7425022888928643
leaf_count=9954 314 1009 916 3452 295 11
internal_value=0.00029217 -0.000452145 -6.99129e-05 -0.00112597 0.0170249 0.0180547
internal_weight=1308.06 1255.53 1243.58 1171.51 72.0685 52.5288
internal_count=15951 15626 5672 4368 1304 325
is_linear=0
shrinkage=0.04


Tree=178
num_leaves=7
num_cat=0
split_feature=7 5 5 2 10 5
split_gain=10.8143 10.9725 56.4517 61.4907 41.6487 26.3576
threshold=1.0000000180025095e-35 0.53368237347294956 0.47148664343786301 1.0000000180025095e-35 0.89138942002025401 0.5361571791423877
decision_type=2 2 2 2 2 2
left_child=-1 2 3 -2 -4 -3
right_child=1 5 4 -5 -6 -7
leaf_value=-0.043660020313445076 -0.037136611379631847 0.065863516606427419 -0.047235029248652027 0.017715134673913967 0.02896552004961582 0.0018164562025386288
leaf_weight=8.7001361999646161 41.911742080592376 10.188451849986448 67.711132002274098 146.00783834479807 13.634816894307731 1017.8121631407412
leaf_count=717 7028 54 1735 2963 21 3433
internal_value=0.000278653 0.000581554 -0.00660139 0.00544443 -0.0343984 0.00246586
internal_weight=1305.97 1297.27 269.266 187.92 81.3459 1028
internal_count=15951 15234 11747 9991 1756 3487
is_linear=0
shrinkage=0.04


Tree=179
num_leaves=7
num_cat=0
split_feature=6 10 10 4 4 5
split_gain=10.5911 20.4779 63.2686 32.9255 23.4488 29.5073
threshold=0.46410256410256417 0.83720701538115549 0.83023734044111597 0.25320512820512825 0.39565217391304358 0.56612389075557867
decision_type=2 2 2 2 2 2
left_child=-1 2 3 -2 -3 -6
right_child=1 4 -4 -5 5 -7
leaf_value=-0.0036147854092444805 0.022657931022425363 0.027066296066940613 -0.13600498165646527 -0.0069900199624802041 -0.081732247464745583 0.0062228382535375673
leaf_weight=603.51111929031322 75.510967966518365 99.366992156021297 5.4245508778840295 287.29808885464445 6.070015722885727 226.36307864403352
leaf_count=11842 2769 117 31 719 32 441
internal_value=0.000266077 0.00361477 -0.00287468 -0.000804838 0.0108202 0.00384899
internal_weight=1303.54 700.034 368.234 362.809 331.8 232.433
internal_count=15951 4109 3519 3488 590 473
is_linear=0
shrinkage=0.04


Tree=180
num_leaves=7
num_cat=0
split_feature=14 6 9 6 4 4
split_gain=10.5838 52.3377 33.9408 67.0267 62.5008 53.836
threshold=1.0000000180025095e-35 0.84523809523809534 0.10555555555555557 0.76388888888888895 0.90692640692640702 0.38585607940446659
decision_type=2 2 2 2 2 2
left_child=2 -2 5 -4 -5 -1
right_child=1 -3 3 4 -6 -7
leaf_value=-0.014417027199460721 -0.0052201801426068244 0.044796509764544884 0.0016319654878686354 -0.094349890326073604 0.030448410476816356 0.020157418563271762
leaf_weight=96.786057140809135 710.23201737186173 34.92462667831569 148.52513418262242 24.074046069217729 8.5902416231110674 279.903029600624
leaf_count=2498 11690 26 1063 140 20 514
internal_value=0.000255434 -0.00286188 0.00442234 -0.00979048 -0.0614833 0.0112657
internal_weight=1303.04 745.157 557.879 181.189 32.6643 376.689
internal_count=15951 11716 4235 1223 160 3012
is_linear=0
shrinkage=0.04


Tree=181
num_leaves=7
num_cat=0
split_feature=7 5 4 5 10 5
split_gain=10.8096 26.6177 38.732 30.0625 24.5849 21.786
threshold=0.75000000000000011 0.55051025667456976 0.26006441223832533 0.6802061855670104 0.87092996695210745 0.55051025667456976
decision_type=2 2 2 2 2 2
left_child=5 2 -2 -3 -5 -1
right_child=1 3 -4 4 -6 -7
leaf_value=-0.010632541959879322 -0.038073520574377205 -0.055888213669020137 0.05556526078411067 -0.083117700197343783 0.031033710947535497 0.0021797020270168223
leaf_weight=273.83397519950086 8.7418583833496069 14.042259255889801 33.826213650638238 3.2702841502614346 22.944053509738296 942.79049182136077
leaf_count=12407 184 94 48 19 32 3167
internal_value=0.000247619 0.0142133 0.0362005 -0.00905095 0.0161959 -0.000703667
internal_weight=1299.45 82.8247 42.5681 40.2566 26.2143 1216.62
internal_count=15951 377 232 145 51 15574
is_linear=0
shrinkage=0.04


Tree=182
num_leaves=7
num_cat=0
split_feature=9 6 10 6 10 9
split_gain=10.5759 16.4188 20.8886 15.537 27.6883 14.9607
threshold=0.15476190476190479 0.52272727272727282 0.91252157229295239 0.36931818181818188 0.81002040965753086 0.11805555555555557
decision_type=2 2 2 2 2 2
left_child=5 3 -3 4 -2 -1
right_child=1 2 -4 -5 -6 -7
leaf_value=-0.00067125697241009143 -0.052804937664318603 -0.04776311254118585 0.021933770615158828 0.026880408544507187 0.015493297778683563 -0.049692024248677871
leaf_weight=1129.9911778079768 12.43253610137617 15.830422044266017 11.84878966026008 79.630260911944788 38.047112585511059 9.8517740488823602
leaf_count=15058 316 66 36 213 77 185
internal_value=0.000237207 0.00993737 -0.0179125 0.0158958 -0.00143029 -0.00110535
internal_weight=1297.63 157.789 27.6792 130.11 50.4796 1139.84
internal_count=15951 708 102 606 393 15243
is_linear=0
shrinkage=0.04


Tree=183
num_leaves=7
num_cat=0
split_feature=0 5 5 5 4 5
split_gain=10.371 11.0206 26.3267 17.9668 2.35945 2.49412
threshold=1.0000000180025095e-35 0.28639781271360226 0.28850937619594341 0.31674917491749183 0.97368421052631582 0.52364972834771506
decision_type=2 2 2 2 2 2
left_child=1 -1 -3 -4 5 -2
right_child=4 2 3 -5 -6 -7
leaf_value=-0.052497659459853116 0.00064317959776542517 0.070867448635808836 -0.063089435563882731 -0.00033114252011947595 -0.017569255109174696 0.024042218938218396
leaf_weight=6.2883871918311334 9.133337006904183 8.0774818604841112 7.1433352121384805 1222.7366118391947 2.6614540843293062 39.981951954076067
leaf_count=4951 51 64 838 9773 11 263
internal_value=0.000227984 -0.000501648 -0.000227474 -0.000707477 0.0177347 0.0197518
internal_weight=1296.02 1244.25 1237.96 1229.88 51.7767 49.1153
internal_count=15951 15626 10675 10611 325 314
is_linear=0
shrinkage=0.04


Tree=184
num_leaves=7
num_cat=0
split_feature=7 10 10 10 2 0
split_gain=10.2443 10.1961 10.9314 50.3291 34.8479 0.981929
threshold=1.0000000180025095e-35 0.60390955103716515 0.71841686686076722 0.7346014413985178 1.0000000180025095e-35 1.0000000180025095e-35
decision_type=2 2 2 2 2 2
left_child=5 -2 4 -4 -3 -1
right_child=1 2 3 -5 -6 -7
leaf_value=-0.045979808587105236 -0.038260052047099195 -0.021513744136114465 -0.056983001542215743 0.00038233448826398259 0.015383237518958728 0.018144645491231865
leaf_weight=8.0962822430010384 10.560205999441676 50.704616594593972 24.888353243935853 991.23762787261512 208.98287501960294 0.25382837653160173
leaf_count=716 8840 853 345 3357 1839 1
internal_value=0.000218777 0.00051029 0.000838715 -0.00103171 0.0081603 -0.0434178
internal_weight=1294.72 1286.37 1275.81 1016.13 259.687 8.35011
internal_count=15951 15234 6394 3702 2692 717
is_linear=0
shrinkage=0.04


Tree=185
num_leaves=7
num_cat=0
split_feature=7 5 4 5 10 5
split_gain=9.94341 24.6893 35.4787 27.8995 22.9231 19.7943
threshold=0.75000000000000011 0.55051025667456976 0.26006441223832533 0.6802061855670104 0.87092996695210745 0.55051025667456976
decision_type=2 2 2 2 2 2
left_child=5 2 -2 -3 -5 -1
right_child=1 3 -4 4 -6 -7
leaf_value=-0.010214013001472113 -0.03714327235054575 -0.054139392893252848 0.053178185382455272 -0.080220773619377184 0.030219064736471679 0.0020433050617808669
leaf_weight=271.5370372213365 8.5641497495234926 13.948350102175025 33.869307618122548 3.2642511944286552 22.521311378572136 939.44543361898104
leaf_count=12407 184 94 48 19 32 3167
internal_value=0.000208296 0.0136576 0.0348134 -0.00894656 0.0156515 -0.000704719
internal_weight=1293.15 82.1674 42.4335 39.7339 25.7856 1210.98
internal_count=15951 377 232 145 51 15574
is_linear=0
shrinkage=0.04


Tree=186
num_leaves=7
num_cat=0
split_feature=9 6 4 9 10 4
split_gain=9.85536 15.5052 19.5909 14.5675 72.9742 45.6503
threshold=0.15476190476190479 0.52272727272727282 0.69615384615384623 0.10555555555555557 0.80716956988452304 0.38585607940446659
decision_type=2 2 2 2 2 2
left_child=3 -2 -3 -1 -5 -6
right_child=1 2 -4 4 5 -7
leaf_value=0.00054773124066600837 0.015492763549510289 -0.041989009621999973 0.028526280629326828 -0.061122697134548404 0.046913533327827654 -0.013292834136016937
leaf_weight=1004.2212522666741 128.02573132494581 17.940297457389537 9.4571457384154183 36.937594682814961 28.74549276381731 66.06949207931757
leaf_count=14161 606 72 30 923 25 134
internal_value=0.000199435 0.00964098 -0.0175455 -0.00109206 -0.0135876 0.00499948
internal_weight=1291.4 155.423 27.3974 1135.97 131.753 94.815
internal_count=15951 708 102 15243 1082 159
is_linear=0
shrinkage=0.04


Tree=187
num_leaves=7
num_cat=0
split_feature=14 6 6 9 6 4
split_gain=10.3731 49.3896 31.1485 30.2645 59.6836 54.1752
threshold=1.0000000180025095e-35 0.84523809523809534 0.69047619047619058 0.10555555555555557 0.76388888888888895 0.90692640692640702
decision_type=2 2 2 2 2 2
left_child=3 2 -2 -1 -5 -6
right_child=1 -3 -4 4 5 -7
leaf_value=0.010847769533216197 -0.0045164144227325944 0.04397418038969967 -0.11138248068533861 0.0016882091563372754 -0.088319670255891172 0.029933084132640179
leaf_weight=371.99747582031705 700.44699312409648 34.083754757244606 4.1935866177082053 146.53787838534481 24.065669573101331 8.1825996991246921
leaf_count=3012 11669 26 21 1063 140 20
internal_value=0.00019139 -0.00290447 -0.00518668 0.0043468 -0.00916548 -0.0582533
internal_weight=1289.51 738.724 704.641 550.784 178.786 32.2483
internal_count=15951 11716 11690 4235 1223 160
is_linear=0
shrinkage=0.04


Tree=188
num_leaves=7
num_cat=0
split_feature=9 14 5 10 5 9
split_gain=9.85566 13.4811 61.557 67.0494 48.3121 39.6533
threshold=0.15476190476190479 1.0000000180025095e-35 0.62755527743012107 0.68565848958040432 0.59498901558740458 0.10555555555555557
decision_type=2 2 2 2 2 2
left_child=1 4 3 -3 -1 -6
right_child=-2 2 -4 -5 5 -7
leaf_value=-0.02066525594357262 0.0096621768308056515 -0.047889004809879281 -0.021523043957744816 0.0093197381213230273 0.018044085842591599 -0.010582852170493529
leaf_weight=101.64365992852254 154.32665495856781 35.706733533355873 229.43781991032301 375.50636239167943 284.57068723125849 106.07979928488203
leaf_count=3024 708 7866 791 2559 667 336
internal_value=0.00018452 -0.00110621 -0.00493181 0.00432642 0.00386818 0.010264
internal_weight=1287.27 1132.95 640.651 411.213 492.294 390.65
internal_count=15951 15243 11216 10425 4027 1003
is_linear=0
shrinkage=0.04


Tree=189
num_leaves=7
num_cat=0
split_feature=6 10 10 4 5 10
split_gain=9.71507 21.5551 76.4962 56.9847 34.6135 31.177
threshold=0.46410256410256417 0.8202257272973591 0.80716956988452304 0.32071428571428579 0.39225068017637682 0.88679982189991269
decision_type=2 2 2 2 2 2
left_child=1 2 4 -4 -1 -3
right_child=-2 5 3 -5 -6 -7
leaf_value=0.019587726701229827 0.0034115964433374273 -0.023670142179785296 -0.047231520022572471 0.059684993595308218 -0.015838228296847581 0.0017960990489421533
leaf_weight=59.742224863162846 689.23402125957364 153.54486906784587 9.2181546037318167 52.666840621270239 166.87444467648311 153.60264410678064
leaf_count=6131 4109 773 130 56 4377 375
internal_value=0.000177144 -0.00356202 0.00428294 0.0436261 -0.00648114 -0.0109352
internal_weight=1284.88 595.649 288.502 61.885 226.617 307.148
internal_count=15951 11842 10694 186 10508 1148
is_linear=0
shrinkage=0.04


Tree=190
num_leaves=7
num_cat=0
split_feature=7 6 6 5 5 5
split_gain=9.81759 24.4897 37.6164 31.4961 18.0566 57.4521
threshold=0.75000000000000011 0.057189542483660136 0.24038461538461542 0.5558265582655828 0.55051025667456976 0.44497103738809901
decision_type=2 2 2 2 2 2
left_child=4 -2 -3 -4 5 -1
right_child=1 2 3 -5 -6 -7
leaf_value=0.0076401070335940773 0.051727194081061988 -0.059861767455632028 0.047861721821200361 -0.016204999219977551 0.0018892163896278727 -0.029377898593780795
leaf_weight=141.53737924911547 20.06022392353043 12.664845459745264 25.255856825504452 23.506608822150156 932.82385874501779 127.10281337091874
leaf_count=9408 84 148 67 78 3167 2999
internal_value=0.000169716 0.0135894 0.000974944 0.0169966 -0.000740903 -0.00987576
internal_weight=1282.95 81.4875 61.4273 48.7625 1201.46 268.64
internal_count=15951 377 293 145 15574 12407
is_linear=0
shrinkage=0.04


Tree=191
num_leaves=7
num_cat=0
split_feature=0 4 5 6 5 4
split_gain=9.67878 10.439 16.1997 43.1213 11.0288 2.45995
threshold=1.0000000180025095e-35 0.82085561497326209 0.82904856075587785 0.36931818181818188 0.76224734498115809 0.97368421052631582
decision_type=2 2 2 2 2 2
left_child=1 2 4 -4 -1 -2
right_child=5 -3 3 -5 -6 -7
leaf_value=-0.0017929400775039527 0.019330782701994054 0.023531424387798896 -0.093101022702366837 -0.0027105714322399623 0.0092506198375805638 -0.019331609270952139
leaf_weight=986.72082510651671 48.116792287677526 27.952216932550073 10.886080130934713 35.69998275488615 169.33473452040926 2.577766857109963
leaf_count=15193 314 58 55 57 263 11
internal_value=0.000162421 -0.00054287 -0.0011079 -0.0241832 -0.00017227 0.0172573
internal_weight=1281.29 1230.59 1202.64 46.5861 1156.06 50.6946
internal_count=15951 15626 15568 112 15456 325
is_linear=0
shrinkage=0.04


Tree=192
num_leaves=7
num_cat=0
split_feature=7 10 10 10 2 0
split_gain=9.66433 9.39452 11.0886 46.751 31.3571 0.968378
threshold=1.0000000180025095e-35 0.60390955103716515 0.71841686686076722 0.7346014413985178 1.0000000180025095e-35 1.0000000180025095e-35
decision_type=2 2 2 2 2 2
left_child=-1 5 4 -4 -3 -2
right_child=1 2 3 -5 -6 -7
leaf_value=-0.04334440460633994 -0.040267102251419128 -0.020308270903529907 -0.056244372610404846 0.00020206290400694317 0.015046811701087084 0.019795818663677019
leaf_weight=7.9187276879383708 9.6245831623164086 49.597255175409373 23.850476434861775 981.52661349065602 206.30894089589128 0.2896861135959633
leaf_count=717 8839 853 345 3357 1839 1
internal_value=0.000156221 0.00043555 0.000744894 -0.00114594 0.00817632 -0.0379576
internal_weight=1279.12 1271.2 1261.28 1005.38 255.906 9.91427
internal_count=15951 15234 6394 3702 2692 8840
is_linear=0
shrinkage=0.04


Tree=193
num_leaves=7
num_cat=0
split_feature=7 5 5 5 0 10
split_gain=9.21289 9.19552 22.654 16.282 1.57294 1.56759
threshold=1.0000000180025095e-35 0.28639781271360226 0.28850937619594341 0.31674917491749183 1.0000000180025095e-35 0.88328460549950438
decision_type=2 2 2 2 2 2
left_child=-1 4 -3 -4 5 -2
right_child=1 2 3 -5 -6 -7
leaf_value=-0.042991246871743022 -0.04423663732045191 0.06704167704769412 -0.059691837147967053 0.00057156702441238513 0.021669355435196117 -0.1291332259665513
leaf_weight=7.6710897605444179 5.3966767467209129 7.9720345156383692 7.0145041787909568 1248.9581649339452 0.34141482412815083 0.29209493845701207
leaf_count=717 4886 64 813 9467 2 2
internal_value=0.000148232 0.000417112 0.000657518 0.000223959 -0.048055 -0.0531731
internal_weight=1277.65 1269.97 1263.94 1255.97 6.03019 5.68877
internal_count=15951 15234 10344 10280 4890 4888
is_linear=0
shrinkage=0.04


Tree=194
num_leaves=7
num_cat=0
split_feature=9 6 10 6 4 9
split_gain=9.2287 13.8207 17.5356 14.1309 25.8344 12.6439
threshold=0.15476190476190479 0.52272727272727282 0.91252157229295239 0.36931818181818188 0.35067567567567576 0.11805555555555557
decision_type=2 2 2 2 2 2
left_child=5 3 -3 4 -2 -1
right_child=1 2 -4 -5 -6 -7
leaf_value=-0.00070874200693898221 -0.044897528868398665 -0.044019974388791301 0.021056437560011236 0.025608768088579221 0.017482853376951404 -0.045913183963183342
leaf_weight=1114.1894593599136 15.173499607044503 15.508140373509379 11.249531305395065 76.818743831885513 34.154142524348572 9.7911334252057696
leaf_count=15058 342 66 36 213 51 185
internal_value=0.000140794 0.00935537 -0.0166329 0.0149013 -0.00176919 -0.0011124
internal_weight=1276.88 152.904 26.7577 126.146 49.3276 1123.98
internal_count=15951 708 102 606 393 15243
is_linear=0
shrinkage=0.04


Tree=195
num_leaves=7
num_cat=0
split_feature=0 4 4 4 10 4
split_gain=9.15204 9.91647 15.1231 40.0684 39.5958 2.34759
threshold=1.0000000180025095e-35 0.16441441441441443 0.20256410256410259 0.24190177638453506 0.75201996512861913 0.97368421052631582
decision_type=2 2 2 2 2 2
left_child=1 -1 4 -4 -3 -2
right_child=5 2 3 -5 -6 -7
leaf_value=-0.039282464965278562 0.018965324086738237 0.032064518145297365 -0.046418594359416324 -7.836802755279878e-05 -0.044663132127001445 -0.018595858101324109
leaf_weight=10.285164234548573 47.292376170167699 57.388617618591525 30.478672653436661 1114.3077486229595 13.032283971086143 2.6120750950649372
leaf_count=9954 314 1009 916 3452 295 11
internal_value=0.000135376 -0.000548041 -0.000212148 -0.00132176 0.0177505 0.016893
internal_weight=1275.4 1225.49 1215.21 1144.79 70.4209 49.9045
internal_count=15951 15626 5672 4368 1304 325
is_linear=0
shrinkage=0.04


Tree=196
num_leaves=7
num_cat=0
split_feature=7 6 6 5 5 5
split_gain=9.15223 22.9115 35.0685 29.1826 16.4466 73.1986
threshold=0.75000000000000011 0.057189542483660136 0.24038461538461542 0.5558265582655828 0.53368237347294956 0.44497103738809901
decision_type=2 2 2 2 2 2
left_child=4 -2 -3 -4 5 -1
right_child=1 2 3 -5 -6 -7
leaf_value=0.0074352785099358921 0.050165666758093752 -0.058840057301476838 0.045945337347696007 -0.015713915974701689 0.001521835517720513 -0.039234252175454579
leaf_weight=140.20036583655747 19.903874779964099 12.310689339370581 25.226284184667747 23.543821341125295 965.50030525889451 86.925140948311309
leaf_count=9408 84 148 67 78 3564 2602
internal_value=0.000127781 0.0131245 0.0008972 0.0161958 -0.000755129 -0.010436
internal_weight=1273.61 80.9847 61.0808 48.7701 1192.63 227.126
internal_count=15951 377 293 145 15574 12010
is_linear=0
shrinkage=0.04


Tree=197
num_leaves=7
num_cat=0
split_feature=6 10 10 4 5 10
split_gain=8.89736 20.4372 70.973 51.4001 30.2619 28.4017
threshold=0.46410256410256417 0.8202257272973591 0.80716956988452304 0.32071428571428579 0.39225068017637682 0.88679982189991269
decision_type=2 2 2 2 2 2
left_child=1 2 4 -4 -1 -3
right_child=-2 5 3 -5 -6 -7
leaf_value=0.018133377894010472 0.0032298989153993476 -0.02288774241477258 -0.046242076224565408 0.057193210580384152 -0.015152562495266962 0.0015156869477919758
leaf_weight=59.388479640496371 682.91551137628267 152.19606124598067 8.8193717719695979 52.638795740902424 163.49250365051557 152.49746502639027
leaf_count=6131 4109 773 130 56 4377 375
internal_value=0.000121809 -0.00347814 0.00422833 0.0422158 -0.00626598 -0.0106744
internal_weight=1271.95 589.033 284.339 61.4582 222.881 304.694
internal_count=15951 11842 10694 186 10508 1148
is_linear=0
shrinkage=0.04


Tree=198
num_leaves=7
num_cat=0
split_feature=7 6 6 5 5 5
split_gain=8.82503 21.4559 32.7659 27.0435 15.4066 67.4593
threshold=0.75000000000000011 0.057189542483660136 0.24038461538461542 0.5558265582655828 0.53368237347294956 0.44497103738809901
decision_type=2 2 2 2 2 2
left_child=4 -2 -3 -4 5 -1
right_child=1 2 3 -5 -6 -7
leaf_value=0.0068850056053414797 0.048831258563195395 -0.05755392497583188 0.044360601763988504 -0.014932117189146082 0.0014508408856477926 -0.038163758175277084
leaf_weight=140.39051789116638 19.815966704656603 12.009015923715195 25.209209724504035 23.65550768817775 963.66500403038663 85.3239330085853
leaf_count=9408 84 148 67 78 3564 2602
internal_value=0.000116628 0.0129025 0.00105246 0.0156723 -0.000751134 -0.0101541
internal_weight=1270.07 80.6897 60.8737 48.8647 1189.38 225.714
internal_count=15951 377 293 145 15574 12010
is_linear=0
shrinkage=0.04


Tree=199
num_leaves=7
num_cat=0
split_feature=0 5 5 5 6 4
split_gain=8.9661 9.8685 21.0744 16.2577 2.23417 3.59425
threshold=1.0000000180025095e-35 0.28639781271360226 0.28850937619594341 0.31674917491749183 0.84523809523809534 0.56385869565217395
decision_type=2 2 2 2 2 2
left_child=1 -1 -3 -4 -2 -6
right_child=4 2 3 -5 5 -7
leaf_value=-0.052785868521887762 0.020953469788862731 0.064179386936767419 -0.06193832292646495 -0.00039502263749850589 0.036961713677364727 -0.015391101296218247
leaf_weight=5.563555249667842 39.759862404782325 7.851491710622212 6.708177092819823 1198.7518337006259 2.7459687590599042 7.0873227678239346
leaf_count=4951 270 64 838 9773 12 43
internal_value=0.00011117 -0.000566814 -0.000317059 -0.000749377 0.0167498 -0.000126765
internal_weight=1268.47 1218.88 1213.31 1205.46 49.5932 9.83329
internal_count=15951 15626 10675 10611 325 55
is_linear=0
shrinkage=0.04


Tree=200
num_leaves=7
num_cat=0
split_feature=9 6 4 6 9 10
split_gain=8.76986 13.3017 16.4518 12.7652 43.0431 63.1661
threshold=0.15476190476190479 0.52272727272727282 0.69615384615384623 0.64583333333333337 0.10555555555555557 0.89138942002025401
decision_type=2 2 2 2 2 2
left_child=3 -2 -3 -1 -5 -6
right_child=1 2 -4 4 5 -7
leaf_value=-0.0028575537988865998 0.014668539404842655 -0.038646534473023735 0.027693508893931736 0.018582049499696003 -0.10746798629219276 0.0174263648916878
leaf_weight=957.86849955713842 123.98546208368498 17.644413391826678 8.7905970001593214 133.03167832858162 11.352390036074214 14.59729923121631
leaf_count=14891 606 72 30 248 81 23
internal_value=0.000106758 0.00916858 -0.0164687 -0.00111335 0.00937339 -0.0375396
internal_weight=1267.27 150.42 26.435 1116.85 158.981 25.9497
internal_count=15951 708 102 15243 352 104
is_linear=0
shrinkage=0.04


Tree=201
num_leaves=7
num_cat=0
split_feature=7 10 10 10 4 0
split_gain=8.74857 8.63827 9.68133 43.8268 30.9581 0.982457
threshold=1.0000000180025095e-35 0.60390955103716515 0.71841686686076722 0.7346014413985178 0.49242424242424249 1.0000000180025095e-35
decision_type=2 2 2 2 2 2
left_child=-1 5 4 -4 -3 -2
right_child=1 2 3 -5 -6 -7
leaf_value=-0.04278822395070319 -0.040214557023588594 0.00072313364562272915 -0.055666393549570377 0.00016722062602023198 0.035972798878051333 0.020007773208725283
leaf_weight=7.3625880501494967 8.969289982982442 203.64085471647559 22.825095610693097 972.64102445787285 49.408185265958309 0.29469069838523942
leaf_count=717 8839 2652 345 3357 40 1
internal_value=0.000103113 0.000362536 0.000652594 -0.00112191 0.00763655 -0.0377052
internal_weight=1265.14 1257.78 1248.52 995.466 253.049 9.26398
internal_count=15951 15234 6394 3702 2692 8840
is_linear=0
shrinkage=0.04


Tree=202
num_leaves=7
num_cat=0
split_feature=7 4 5 4 6 9
split_gain=8.33749 8.52565 14.4096 11.1953 4.06469 4.14802
threshold=1.0000000180025095e-35 0.82085561497326209 0.90611995104039178 0.80625000000000013 0.81666666666666676 0.17424242424242428
decision_type=2 2 2 2 2 2
left_child=-1 2 3 -2 -3 -6
right_child=1 4 -4 -5 5 -7
leaf_value=-0.042418531259771033 0.00017661198419750224 0.033519998541648353 -0.087692361625221565 -0.10769798681187957 -0.010402438645735968 0.037899343585012145
leaf_weight=7.1360245468094936 1220.9818507515811 17.645569991320372 2.8027270585298529 1.3412046208977688 9.2946900539100188 3.8503961339592925
leaf_count=717 15131 40 13 8 29 13
internal_value=9.82496e-05 0.000348134 -0.000174342 3.90101e-05 0.0210684 0.00395197
internal_weight=1263.05 1255.92 1225.13 1222.32 30.7907 13.1451
internal_count=15951 15234 15152 15139 82 42
is_linear=0
shrinkage=0.04


Tree=203
num_leaves=7
num_cat=0
split_feature=0 5 5 5 6 4
split_gain=8.32449 9.41042 19.7604 15.3407 2.21332 3.51745
threshold=1.0000000180025095e-35 0.28639781271360226 0.28850937619594341 0.31674917491749183 0.84523809523809534 0.56385869565217395
decision_type=2 2 2 2 2 2
left_child=1 -1 -3 -4 -2 -6
right_child=4 2 3 -5 5 -7
leaf_value=-0.052879950641958912 0.02053362316049287 0.062502899823048227 -0.061091422733538299 -0.00039501921904931756 0.036849929072295645 -0.015543705635756178
leaf_weight=5.2752862511406411 38.916085000382736 7.758025038521736 6.5007440624904111 1194.1355186392902 2.6539872139692289 7.0672783809714019
leaf_count=4951 270 64 838 9773 12 43
internal_value=9.35655e-05 -0.000556301 -0.000317513 -0.00073544 0.0162868 -0.000583717
internal_weight=1262.31 1213.67 1208.39 1200.64 48.6374 9.72127
internal_count=15951 15626 10675 10611 325 55
is_linear=0
shrinkage=0.04


Tree=204
num_leaves=7
num_cat=0
split_feature=9 6 4 5 14 6
split_gain=8.15883 12.8417 16.6732 11.6424 23.7549 11.6114
threshold=0.15476190476190479 0.84523809523809534 0.69615384615384623 0.55051025667456976 1.0000000180025095e-35 0.64583333333333337
decision_type=2 2 2 2 2 2
left_child=5 3 -3 4 -2 -1
right_child=1 2 -4 -5 -6 -7
leaf_value=-0.0027465623159976579 0.030945324765673285 -0.054190917697653954 0.02448048159101501 0.018667400391771852 -0.049879460616030297 0.0089809793322461647
leaf_weight=955.01626734741149 10.615159327717265 10.628014113754036 6.966723294928669 108.45766885316698 12.378924523538444 157.08826236352616
leaf_count=14891 57 48 21 214 368 352
internal_value=8.98333e-05 0.00887304 -0.0230032 0.0131833 -0.0125356 -0.0010869
internal_weight=1261.15 149.046 17.5947 131.452 22.9941 1112.1
internal_count=15951 708 69 639 425 15243
is_linear=0
shrinkage=0.04


Tree=205
num_leaves=7
num_cat=0
split_feature=7 6 6 5 5 5
split_gain=8.24332 20.0779 30.7035 25.6182 14.0797 47.0116
threshold=0.75000000000000011 0.057189542483660136 0.24038461538461542 0.5558265582655828 0.55051025667456976 0.44497103738809901
decision_type=2 2 2 2 2 2
left_child=4 -2 -3 -4 5 -1
right_child=1 2 3 -5 -6 -7
leaf_value=0.0068886339091637095 0.047376965404059661 -0.056575687942598096 0.042867332835665815 -0.014892636798084896 0.0015631260358347227 -0.027226619623975004
leaf_weight=138.64509834268392 19.66523815819528 11.711804479782584 25.259274796349928 23.528224154608324 919.62565672307392 120.65019526895776
leaf_count=9408 84 148 67 78 3167 2999
internal_value=8.66728e-05 0.0124835 0.000989745 0.0150241 -0.000756569 -0.00898625
internal_weight=1259.09 80.1645 60.4993 48.7875 1178.92 259.295
internal_count=15951 377 293 145 15574 12407
is_linear=0
shrinkage=0.04


Tree=206
num_leaves=7
num_cat=0
split_feature=10 4 4 10 10 10
split_gain=8.03575 9.69313 31.6974 28.9783 63.2579 15.8036
threshold=0.60390955103716515 0.20256410256410259 0.24190177638453506 0.75201996512861913 0.7346014413985178 0.71841686686076722
decision_type=2 2 2 2 2 2
left_child=-1 3 -3 4 -2 -4
right_child=1 2 5 -5 -6 -7
leaf_value=-0.037535655218276585 0.00068232782961675598 -0.040630385104287396 0.010724818887336996 -0.032510122241322027 0.090345274732647834 -0.0016429712603930489
leaf_weight=8.8193164578187844 43.28733187893522 30.542597332620062 200.33170726557728 16.583397715978208 17.580908996576909 940.44326659583021
leaf_count=8958 1988 721 784 664 170 2666
internal_value=8.27248e-05 0.000355971 -0.000549601 0.014043 0.026824 0.000528685
internal_weight=1257.59 1248.77 1171.32 77.4516 60.8682 1140.77
internal_count=15951 6993 4171 2822 2158 3450
is_linear=0
shrinkage=0.04


Tree=207
num_leaves=7
num_cat=0
split_feature=0 4 5 4 9 4
split_gain=7.98979 8.97264 12.6281 30.152 9.73306 2.14158
threshold=1.0000000180025095e-35 0.88194444444444453 0.843764669065874 0.71008403361344552 0.38750000000000007 0.97368421052631582
decision_type=2 2 2 2 2 2
left_child=1 2 4 -4 -1 -2
right_child=5 -3 3 -5 -6 -7
leaf_value=0.00019951580328269247 0.01810626082362541 0.029731665581253539 -0.093622341512616447 -0.004840682934133627 -0.031795002897826365 -0.01747306085011335
leaf_weight=1142.89855775256 45.450202719774097 15.243741394951938 7.6500382814556351 28.148109728470445 15.217419118067481 2.6660524243488899
leaf_count=15438 314 34 39 53 62 11
internal_value=7.74172e-05 -0.000558251 -0.000951579 -0.0242836 -0.000224577 0.0160293
internal_weight=1257.27 1209.16 1193.91 35.7981 1158.12 48.1163
internal_count=15951 15626 15592 92 15500 325
is_linear=0
shrinkage=0.04


Tree=208
num_leaves=7
num_cat=0
split_feature=7 4 5 10 10 6
split_gain=7.91006 7.89168 25.4371 34.0433 12.8125 10.0694
threshold=1.0000000180025095e-35 0.66091954022988519 0.82904856075587785 0.73157831710885934 0.91252157229295239 0.58571428571428574
decision_type=2 2 2 2 2 2
left_child=-1 2 4 -4 -2 -3
right_child=1 5 3 -5 -6 -7
leaf_value=-0.042130788622041358 -0.0014702239226651462 0.017901224889747717 0.03812722169210539 -0.087307612279302657 0.012945493164756657 -0.0051181078685917777
leaf_weight=6.8645245193256406 992.62302059587091 83.888769583776593 4.7687889635562923 11.425077505409716 109.32811774732545 47.332032453268766
leaf_count=717 14724 126 2 57 177 148
internal_value=7.40953e-05 0.000314293 -0.000773722 -0.0502329 -3.609e-05 0.00958766
internal_weight=1256.23 1249.37 1118.15 16.1939 1101.95 131.221
internal_count=15951 15234 14960 59 14901 274
is_linear=0
shrinkage=0.04


Tree=209
num_leaves=7
num_cat=0
split_feature=14 6 5 4 9 6
split_gain=7.87068 45.8967 28.6461 47.5691 41.9214 26.5835
threshold=1.0000000180025095e-35 0.84523809523809534 0.62345301757066474 0.54772727272727284 0.15476190476190479 0.76388888888888895
decision_type=2 2 2 2 2 2
left_child=5 2 3 -2 -4 -1
right_child=1 -3 4 -5 -6 -7
leaf_value=0.0070771346241872025 0.0029053329632331678 0.043320454339546219 -0.02202465648798831 -0.16307444664853257 0.019165415976563772 -0.020259686401269086
leaf_weight=468.60375331441901 410.63449524878524 32.943117559188977 227.23706850258168 2.5811676606535903 47.63856489257887 64.559856798587134
leaf_count=3986 10792 26 823 16 59 249
internal_value=7.1145e-05 -0.00265174 -0.00486757 0.00178531 -0.01487 0.00375686
internal_weight=1254.2 721.034 688.091 413.216 274.876 533.164
internal_count=15951 11716 11690 10808 882 4235
is_linear=0
shrinkage=0.04


Tree=210
num_leaves=7
num_cat=0
split_feature=5 5 5 4 0 10
split_gain=7.86905 17.8428 13.7056 10.887 1.39554 1.1474
threshold=0.28639781271360226 0.28850937619594341 0.31674917491749183 0.20256410256410259 1.0000000180025095e-35 0.88328460549950438
decision_type=2 2 2 2 2 2
left_child=4 -2 -3 -4 5 -1
right_child=1 2 3 -5 -6 -7
leaf_value=-0.043311622789531178 0.060510833834349027 -0.057119011428293898 0.014797846697320757 -0.00075377566553788298 0.020463683019477933 -0.11711871458776887
leaf_weight=4.692259209274197 7.6206853491021311 6.5078992496637502 76.596527402303764 1157.8434250690916 0.30873392522335041 0.32313887774944294
leaf_count=4949 64 839 5485 4610 2 2
internal_value=6.92576e-05 0.000281562 -9.63868e-05 0.000211817 -0.0475641 -0.0527594
internal_weight=1253.89 1248.57 1240.95 1234.44 5.32413 5.0154
internal_count=15951 10998 10934 10095 4953 4951
is_linear=0
shrinkage=0.04


Tree=211
num_leaves=7
num_cat=0
split_feature=7 6 6 9 5 5
split_gain=7.82099 18.7162 28.7085 23.7667 14.2971 60.855
threshold=0.75000000000000011 0.057189542483660136 0.24038461538461542 0.080128205128205135 0.53368237347294956 0.44497103738809901
decision_type=2 2 2 2 2 2
left_child=4 -2 -3 -4 5 -1
right_child=1 2 3 -5 -6 -7
leaf_value=0.0062578330743782275 0.045948315858387073 -0.055381563583112643 -0.0050464410495331888 0.053961845288919036 0.0013617193837393766 -0.037168876238319132
leaf_weight=138.20833505847986 19.561697830155026 11.443346621672388 32.834873382234946 16.104166619479656 953.98470076426747 82.121191403050034
leaf_count=9408 84 148 112 33 3564 2602
internal_value=6.534e-05 0.0121567 0.00106083 0.0144711 -0.000758031 -0.00993812
internal_weight=1254.26 79.9441 60.3824 48.939 1174.31 220.33
internal_count=15951 377 293 145 15574 12010
is_linear=0
shrinkage=0.04


Tree=212
num_leaves=7
num_cat=0
split_feature=6 10 10 4 4 4
split_gain=7.70621 19.3158 66.401 46.4231 29.5896 28.8747
threshold=0.46410256410256417 0.8202257272973591 0.80716956988452304 0.32071428571428579 0.41042780748663105 0.47913043478260875
decision_type=2 2 2 2 2 2
left_child=1 2 4 -4 -1 -3
right_child=-2 5 3 -5 -6 -7
leaf_value=-0.014604094148659194 0.0029740992787140896 -0.021743370954207978 -0.045319774783594384 0.055135153144567975 0.019272642219135022 0.0031254985401887999
leaf_weight=163.15711196244229 673.13958604774962 162.84353555779671 8.3808373122883477 52.421224642544985 54.964010605588555 137.55628434941173
leaf_count=10324 4109 903 130 56 184 245
internal_value=6.21804e-05 -0.00331771 0.00425572 0.0411527 -0.00604855 -0.0103545
internal_weight=1252.46 579.323 278.923 60.8021 218.121 300.4
internal_count=15951 11842 10694 186 10508 1148
is_linear=0
shrinkage=0.04


Tree=213
num_leaves=7
num_cat=0
split_feature=7 5 5 10 5 2
split_gain=7.96575 18.3024 28.2352 23.0752 19.18 18.5455
threshold=0.75000000000000011 0.55051025667456976 0.40783086356668374 0.87092996695210745 0.6802061855670104 1.0000000180025095e-35
decision_type=2 2 2 2 2 2
left_child=-1 2 -2 -3 -5 -4
right_child=1 3 5 4 -6 -7
leaf_value=-0.00077184888880545729 -0.055352356068190868 -0.061940377046180578 -0.05202724860857532 -0.045669891702495427 0.028479873122845653 0.051976998189840952
leaf_weight=1170.6276223169298 5.1133202236960633 9.2172659111674857 2.8128428295603944 7.2369229882024255 22.113161208573729 32.972329292242648
leaf_count=15574 88 71 36 42 32 108
internal_value=5.9318e-05 0.0122997 0.0308854 -0.00741543 0.00994354 0.0435026
internal_weight=1250.09 79.4658 40.8985 38.5674 29.3501 35.7852
internal_count=15951 377 232 145 74 144
is_linear=0
shrinkage=0.04


Tree=214
num_leaves=7
num_cat=0
split_feature=0 4 4 4 10 6
split_gain=7.75677 8.85399 13.5539 35.2287 33.5264 2.0043
threshold=1.0000000180025095e-35 0.16441441441441443 0.20256410256410259 0.24190177638453506 0.75201996512861913 0.84523809523809534
decision_type=2 2 2 2 2 2
left_child=1 -1 4 -4 -3 -2
right_child=5 2 3 -5 -6 -7
leaf_value=-0.039175748707446639 0.019998040335929487 0.029269617066025523 -0.045973219966584294 -0.00020549510347005841 -0.044261397817935526 -4.1810848247082398e-05
leaf_weight=9.2320566654452687 37.878952436614782 58.174515119404532 27.389386459282832 1095.4657683630649 11.749789439549202 9.8516154605895263
leaf_count=9954 270 1009 916 3452 295 55
internal_value=5.57904e-05 -0.000571738 -0.00026475 -0.00133166 0.0167943 0.0158372
internal_weight=1249.74 1202.01 1192.78 1122.86 69.9243 47.7306
internal_count=15951 15626 5672 4368 1304 325
is_linear=0
shrinkage=0.04


Tree=215
num_leaves=7
num_cat=0
split_feature=10 10 10 4 10 4
split_gain=7.5302 8.38101 40.5162 29.3341 51.1925 24.764
threshold=0.60390955103716515 0.71841686686076722 0.7346014413985178 0.49242424242424249 0.68565848958040432 0.41801075268817212
decision_type=2 2 2 2 2 2
left_child=-1 3 -3 4 -2 -4
right_child=1 2 5 -5 -6 -7
leaf_value=-0.037302712662677519 -0.02360868512185553 -0.054877931790020151 0.0062810990109301535 0.034825823142381626 0.01718152183789191 -0.0065141502260276278
leaf_weight=8.3745046190633712 84.317831210668373 21.912107284733793 483.75787916332774 48.183163594454527 117.6988922659657 483.89368251501583
leaf_count=8958 2063 378 2597 42 793 1120
internal_value=5.15248e-05 0.000311439 -0.00134086 0.00685029 0.000140085 -0.000115381
internal_weight=1248.14 1239.76 989.564 250.2 202.017 967.652
internal_count=15951 6993 4095 2898 2856 3717
is_linear=0
shrinkage=0.04


Tree=216
num_leaves=7
num_cat=0
split_feature=9 10 10 4 6 4
split_gain=7.56868 12.8028 31.178 35.5372 17.305 16.8748
threshold=0.15476190476190479 0.84737201290367392 0.90128164442295045 0.26393188854489169 0.52272727272727282 0.36602870813397131
decision_type=2 2 2 2 2 2
left_child=-1 4 3 -3 5 -2
right_child=1 2 -4 -5 -6 -7
leaf_value=-0.0010826862940954117 0.00034104240469297174 0.040901487142654167 0.019023499587876882 -0.069199037462513935 -0.065765610118648163 0.036597104594386067
leaf_weight=1101.916079211649 34.855878606016631 6.1673030215315547 32.958181156078354 17.8121434438508 3.5695428561884901 50.217514254152775
leaf_count=15243 472 11 84 85 20 36
internal_value=4.86754e-05 0.00861554 -0.00614667 -0.0406953 0.0181127 0.0218015
internal_weight=1247.5 145.581 56.9376 23.9794 88.6429 85.0734
internal_count=15951 708 180 96 528 508
is_linear=0
shrinkage=0.04


Tree=217
num_leaves=7
num_cat=0
split_feature=0 4 5 4 4 4
split_gain=7.40542 8.68181 11.6493 26.2222 9.14904 1.94869
threshold=1.0000000180025095e-35 0.88194444444444453 0.843764669065874 0.71008403361344552 0.56385869565217395 0.97368421052631582
decision_type=2 2 2 2 2 2
left_child=1 2 4 -4 -1 -2
right_child=5 -3 3 -5 -6 -7
leaf_value=-0.0016973943821009319 0.017608687062686507 0.029514010623380948 -0.088718927190511165 -0.0052963985055279952 0.0085599782682892651 -0.015913058211942929
leaf_weight=986.88307356738733 44.444734004093334 14.956713465973733 7.5250711785629383 27.869335817173123 161.74639290198684 2.7445216374471775
leaf_count=15282 314 34 39 53 218 11
internal_value=4.76393e-05 -0.000563637 -0.00095019 -0.0234876 -0.000250004 0.0155579
internal_weight=1246.17 1198.98 1184.02 35.3944 1148.63 47.1893
internal_count=15951 15626 15592 92 15500 325
is_linear=0
shrinkage=0.04


Tree=218
num_leaves=7
num_cat=0
split_feature=7 4 5 4 6 9
split_gain=7.37754 7.38581 12.8074 10.2817 4.00129 3.81216
threshold=1.0000000180025095e-35 0.82085561497326209 0.90611995104039178 0.80625000000000013 0.81666666666666676 0.17424242424242428
decision_type=2 2 2 2 2 2
left_child=-1 2 3 -2 -3 -6
right_child=1 4 -4 -5 5 -7
leaf_value=-0.041745184596719331 0.00013179782576771271 0.032970913263353892 -0.082991613501470121 -0.10197600867183504 -0.010231741039841124 0.037621360192452914
leaf_weight=6.5216218191999351 1204.1841678129385 16.489070376381278 2.7826694697141638 1.3799297958612431 9.3282694527879375 3.4883947744965544
leaf_count=717 15131 40 13 8 29 13
internal_value=4.58173e-05 0.000274354 -0.000206791 -3.14921e-07 0.0200478 0.00301703
internal_weight=1244.17 1237.65 1208.35 1205.56 29.3057 12.8167
internal_count=15951 15234 15152 15139 82 42
is_linear=0
shrinkage=0.04


Tree=219
num_leaves=7
num_cat=0
split_feature=7 6 6 5 6 4
split_gain=7.32314 17.0476 26.1141 22.0093 12.6955 30.5645
threshold=0.75000000000000011 0.057189542483660136 0.24038461538461542 0.5558265582655828 0.46410256410256417 0.31698564593301443
decision_type=2 2 2 2 2 2
left_child=4 -2 -3 -4 5 -1
right_child=1 2 3 -5 -6 -7
leaf_value=-0.021937624096623011 0.044310968084954779 -0.053695880026064326 0.039833516951711098 -0.013981963839700559 0.0029213767423204272 0.00034267191793772232
leaf_weight=133.26672076489558 19.283858515904285 11.06015324067266 25.025032901379745 23.253528998699039 656.10634449846111 375.49907383386744
leaf_count=10269 84 148 67 78 4071 1234
internal_value=4.31915e-05 0.0118443 0.00114634 0.0139211 -0.000753501 -0.00549585
internal_weight=1243.49 78.6226 59.3387 48.2786 1164.87 508.766
internal_count=15951 377 293 145 15574 11503
is_linear=0
shrinkage=0.04


Tree=220
num_leaves=7
num_cat=0
split_feature=5 5 5 4 0 0
split_gain=7.1583 17.0918 12.5671 10.949 1.28761 1.055
threshold=0.28639781271360226 0.28850937619594341 0.31674917491749183 0.20256410256410259 1.0000000180025095e-35 1.0000000180025095e-35
decision_type=2 2 2 2 2 2
left_child=4 -2 5 -4 -1 -3
right_child=1 2 3 -5 -6 -7
leaf_value=-0.052296749669349676 0.059525018146028785 -0.059164557432343605 0.01484751617348919 -0.00081582560996973689 0.019690002461284155 0.01516679768002948
leaf_weight=4.6466862928718902 7.531754255280247 5.9976453496055901 75.943360962817678 1146.4754864172864 0.28971391916275013 0.20064491033554066
leaf_count=4951 64 838 5485 4610 2 1
internal_value=4.09716e-05 0.000238348 -0.000133097 0.000157901 -0.0470803 -0.0560469
internal_weight=1241.09 1236.15 1228.62 1222.42 4.9364 6.19829
internal_count=15951 10998 10934 10095 4953 839
is_linear=0
shrinkage=0.04


Tree=221
num_leaves=7
num_cat=0
split_feature=10 4 4 10 10 10
split_gain=7.07558 8.31807 27.4484 25.1879 50.6279 13.3728
threshold=0.60390955103716515 0.20256410256410259 0.24190177638453506 0.75201996512861913 0.7346014413985178 0.71841686686076722
decision_type=2 2 2 2 2 2
left_child=-1 3 -3 4 -2 -4
right_child=1 2 5 -5 -6 -7
leaf_value=-0.037084826452894112 0.00043291124149016989 -0.039497128788281141 0.0098612792276035668 -0.03215048223011973 0.078907432385107487 -0.0015948521318703088
leaf_weight=7.959616239899332 43.15979598985723 28.065626914991299 197.43643174890894 15.591190698309218 18.754364558262751 930.43777436099481
leaf_count=8958 1988 721 784 664 170 2666
internal_value=3.90029e-05 0.000286163 -0.00056368 0.0129556 0.0244133 0.000410184
internal_weight=1241.4 1233.45 1155.94 77.5054 61.9142 1127.87
internal_count=15951 6993 4171 2822 2158 3450
is_linear=0
shrinkage=0.04


Tree=222
num_leaves=7
num_cat=0
split_feature=0 4 4 4 10 6
split_gain=7.15932 8.12154 11.8256 31.9019 29.7837 1.85688
threshold=1.0000000180025095e-35 0.16441441441441443 0.20256410256410259 0.24190177638453506 0.75201996512861913 0.84523809523809534
decision_type=2 2 2 2 2 2
left_child=1 -1 4 -4 -3 -2
right_child=5 2 3 -5 -6 -7
leaf_value=-0.039084315915392923 0.019458714410356969 0.026893737946852927 -0.045537288872543706 -0.00025118384014489439 -0.043928783651464284 0
leaf_weight=8.4950093435108993 36.895738268038258 59.262800261756638 25.273116610114812 1090.1397088268131 11.103475486161186 9.89934432832524
leaf_count=9954 270 1009 916 3452 295 55
internal_value=3.5749e-05 -0.000565154 -0.000280969 -0.00128705 0.0155971 0.0153513
internal_weight=1241.07 1194.27 1185.78 1115.41 70.3663 46.7951
internal_count=15951 15626 5672 4368 1304 325
is_linear=0
shrinkage=0.04


Tree=223
num_leaves=7
num_cat=0
split_feature=9 10 10 4 6 4
split_gain=7.09325 12.2719 28.4289 32.8415 16.2375 15.822
threshold=0.15476190476190479 0.84737201290367392 0.90128164442295045 0.26393188854489169 0.52272727272727282 0.36602870813397131
decision_type=2 2 2 2 2 2
left_child=-1 4 3 -3 5 -2
right_child=1 2 -4 -5 -6 -7
leaf_value=-0.0010603157194280302 0.00060869811864539328 0.040733089831414694 0.018362562674556958 -0.065991121977609229 -0.063749258075203305 0.035955886412240241
leaf_weight=1096.2835079423749 34.628392776998226 6.0104135796427753 32.090102056972682 17.936485210200772 3.5428600464947513 49.059370752424002
leaf_count=15243 472 11 84 85 20 36
internal_value=3.24197e-05 0.00839779 -0.0061694 -0.0390062 0.0177713 0.0213901
internal_weight=1239.55 143.268 56.037 23.9469 87.2306 83.6878
internal_count=15951 708 180 96 528 508
is_linear=0
shrinkage=0.04


Tree=224
num_leaves=7
num_cat=0
split_feature=7 10 4 10 5 9
split_gain=6.99622 7.06531 54.3883 51.7321 23.3461 22.0709
threshold=1.0000000180025095e-35 0.68565848958040432 0.49242424242424249 0.69262900570849106 0.47148664343786301 0.28636363636363643
decision_type=2 2 2 2 2 2
left_child=-1 2 5 4 -3 -2
right_child=1 3 -4 -5 -6 -7
leaf_value=-0.041416742965722744 -0.030543873820577241 0.077825310787963661 0.039966463103295082 -0.00055407991058577255 0.019401478516909359 0.036158499272986144
leaf_weight=6.2810318069932682 81.546313556103996 18.109350122336764 27.499920818954706 1068.2516522396472 27.985212036175653 8.5959311422193405
leaf_count=717 10686 80 21 4285 95 67
internal_value=3.1976e-05 0.000251605 -0.00906071 0.00123795 0.0426349 -0.0240951
internal_weight=1238.27 1231.99 117.642 1114.35 46.0946 90.1422
internal_count=15951 15234 10774 4460 175 10753
is_linear=0
shrinkage=0.04


Tree=225
num_leaves=7
num_cat=0
split_feature=14 6 5 4 9 9
split_gain=7.11531 44.1327 28.3036 44.7673 36.0646 24.6614
threshold=1.0000000180025095e-35 0.84523809523809534 0.62755527743012107 0.54772727272727284 0.15476190476190479 0.10555555555555557
decision_type=2 2 2 2 2 2
left_child=5 2 3 -2 -4 -1
right_child=1 -3 4 -5 -6 -7
leaf_value=0.0095814939662464578 0.0028819796915187444 0.042877483152925028 -0.021711489430460168 -0.14955793675371809 0.017672558665531173 -0.0088860863381309118
leaf_weight=354.57622606402583 412.21425961034402 32.40171780413948 218.59304521468584 2.9052955582737914 44.608662993647158 171.40769094682764
leaf_count=3012 10829 26 786 17 58 1223
internal_value=3.06845e-05 -0.00257751 -0.00476373 0.00173878 -0.0150206 0.00355839
internal_weight=1236.71 710.723 678.321 415.12 263.202 525.984
internal_count=15951 11716 11690 10846 844 4235
is_linear=0
shrinkage=0.04


Tree=226
num_leaves=7
num_cat=0
split_feature=7 6 6 9 5 5
split_gain=6.84137 16.364 23.9614 19.2897 12.2491 44.8882
threshold=0.75000000000000011 0.057189542483660136 0.24038461538461542 0.080128205128205135 0.5920526315789475 0.57185886402753883
decision_type=2 2 2 2 2 2
left_child=4 -2 -3 -4 5 -1
right_child=1 2 3 -5 -6 -7
leaf_value=-0.0015770245976294622 0.043377279243504992 -0.052431788574842257 -0.0045524954188928763 0.048939534618919291 0.002072832613706698 -0.04434675304998998
leaf_weight=325.13147408285658 19.163238714972977 10.756440517914596 32.598849657573737 15.857233378803356 788.05611298407166 44.476849318423774
leaf_count=12873 84 148 112 33 2311 390
internal_value=3.03904e-05 0.0114536 0.000977086 0.0130409 -0.000743097 -0.00675033
internal_weight=1236.04 78.3758 59.2125 48.4561 1157.66 369.608
internal_count=15951 377 293 145 15574 13263
is_linear=0
shrinkage=0.04


Tree=227
num_leaves=7
num_cat=0
split_feature=4 4 9 5 5 5
split_gain=6.67085 45.6889 35.4127 34.623 49.7586 36.65
threshold=0.41801075268817212 0.45643939393939398 0.28636363636363643 0.76224734498115809 0.71257183908045996 0.67462750409923722
decision_type=2 2 2 2 2 2
left_child=3 2 -2 4 5 -1
right_child=1 -3 -4 -5 -6 -7
leaf_value=-0.0015297489076575475 -0.046743263736743368 0.0010581470066865235 0.030995074256027096 0.04067733723483688 -0.069756697921806901 0.02662426649792398
leaf_weight=543.65152237053917 56.635935907252133 486.48782373592257 11.050458684563635 36.128734963014722 15.517289603711104 85.413857778155943
leaf_count=14324 249 1002 9 39 119 209
internal_value=2.90011e-05 -0.00322706 -0.0339683 0.0026829 0.000538265 0.00229704
internal_weight=1234.89 554.174 67.6864 680.711 644.583 629.065
internal_count=15951 1260 258 14691 14652 14533
is_linear=0
shrinkage=0.04


Tree=228
num_leaves=7
num_cat=0
split_feature=0 4 5 6 5 4
split_gain=6.76832 7.99097 10.7577 31.6038 9.41368 1.87092
threshold=1.0000000180025095e-35 0.88194444444444453 0.82904856075587785 0.37980769230769235 0.76224734498115809 0.97368421052631582
decision_type=2 2 2 2 2 2
left_child=1 2 4 -4 -1 -2
right_child=5 -3 3 -5 -6 -7
leaf_value=-0.0016148206406224664 0.017079496265300143 0.028968970368599058 -0.077956900978369242 -0.0025191944430851191 0.0086989742274719995 -0.015733105083137366
leaf_weight=953.54273473694047 43.425258403643966 14.284365553408859 11.071135231293736 42.339088590815663 166.07488630036823 2.7537103146314612
leaf_count=15194 314 34 57 75 266 11
internal_value=2.81221e-05 -0.000555727 -0.000921841 -0.0184261 -8.18906e-05 0.0150203
internal_weight=1233.49 1187.31 1173.03 53.4102 1119.62 46.179
internal_count=15951 15626 15592 132 15460 325
is_linear=0
shrinkage=0.04


Tree=229
num_leaves=7
num_cat=0
split_feature=7 4 4 4 6 4
split_gain=6.57077 6.70288 16.0581 13.4578 12.4551 12.7278
threshold=1.0000000180025095e-35 0.61721611721611735 0.60555555555555574 0.41801075268817212 0.58571428571428574 0.71008403361344552
decision_type=2 2 2 2 2 2
left_child=-1 2 3 -2 -3 -6
right_child=1 4 -4 -5 5 -7
leaf_value=-0.041030366822870257 0.0027325118402215841 0.015435192002732233 -0.096901575720666461 -0.0066323676334791807 -0.038630181969723724 0.0046083371356084226
leaf_weight=6.0047103188699102 677.13149237362813 109.83443606365472 2.5815543979406348 384.85090104746632 15.355293445754794 36.02316357800737
leaf_count=717 14038 172 15 841 61 107
internal_value=2.70508e-05 0.000236471 -0.000913367 -0.000659946 0.0078335 -0.00837511
internal_weight=1231.78 1225.78 1064.56 1061.98 161.213 51.3785
internal_count=15951 15234 14894 14879 340 168
is_linear=0
shrinkage=0.04


Tree=230
num_leaves=7
num_cat=0
split_feature=5 5 5 4 0 0
split_gain=6.57723 15.9511 11.6208 8.82528 1.20753 1.02466
threshold=0.28639781271360226 0.28850937619594341 0.31674917491749183 0.20256410256410259 1.0000000180025095e-35 1.0000000180025095e-35
decision_type=2 2 2 2 2 2
left_child=4 -2 5 -4 -1 -3
right_child=1 2 3 -5 -6 -7
leaf_value=-0.052142281216295834 0.058043103347621916 -0.058308193694653836 0.013270937262741455 -0.00075596964018297651 0.019017053763895619 0.015070446574331398
leaf_weight=4.2986785961547858 7.3834659695712608 5.7265661854107739 76.395632717252738 1137.579519093837 0.27427599579095829 0.19912728667259205
leaf_count=4951 64 838 5485 4610 2 1
internal_value=2.55123e-05 0.000209359 -0.000148499 0.000127139 -0.0468372 -0.0551043
internal_weight=1231.86 1227.28 1219.9 1213.98 4.57295 5.92569
internal_count=15951 10998 10934 10095 4953 839
is_linear=0
shrinkage=0.04


Tree=231
num_leaves=7
num_cat=0
split_feature=10 10 10 5 4 4
split_gain=6.4887 6.93154 7.97044 30.1453 11.9925 4.55482
threshold=0.60390955103716515 0.606228201491543 0.6503268396358497 0.68989800874210794 0.20256410256410259 0.49242424242424249
decision_type=2 2 2 2 2 2
left_child=-1 5 3 -3 -4 -2
right_child=1 2 4 -5 -6 -7
leaf_value=-0.03678680438270767 -0.034622754804928532 -0.047639630117119455 0.016380044450306191 0.043426473186061181 -0.00049774915038638739 0.051833525743704922
leaf_weight=7.4135798358438469 0.97910857223905523 19.702221856634427 71.467422258217994 8.0184540292248112 1118.3724650341901 6.1436905860900879
leaf_count=8958 62 1121 1966 13 3830 1
internal_value=2.42017e-05 0.000254639 1.96353e-05 -0.0211039 0.000516913 0.039055
internal_weight=1232.1 1224.68 1217.56 27.7207 1189.84 7.1228
internal_count=15951 6993 6930 1134 5796 63
is_linear=0
shrinkage=0.04


Tree=232
num_leaves=7
num_cat=0
split_feature=0 4 4 4 10 5
split_gain=6.39691 7.62256 9.76351 30.1903 27.5805 1.8478
threshold=1.0000000180025095e-35 0.16441441441441443 0.20256410256410259 0.24190177638453506 0.75201996512861913 0.52364972834771506
decision_type=2 2 2 2 2 2
left_child=1 -1 4 -4 -3 -2
right_child=5 2 3 -5 -6 -7
leaf_value=-0.039014746161059106 -0.0019161238802434027 0.024751915718082829 -0.045304972914390805 -0.00020685303891293367 -0.043819171529218742 0.018528175644868659
leaf_weight=7.9837412840715833 8.4708625627681595 60.051900285878219 24.085434602326131 1082.9697733961802 10.91174150269944 37.119750320678577
leaf_count=9954 51 1009 916 3452 295 274
internal_value=2.2488e-05 -0.000542194 -0.00027318 -0.00119783 0.0140864 0.0146941
internal_weight=1231.59 1186 1178.02 1107.06 70.9636 45.5906
internal_count=15951 15626 5672 4368 1304 325
is_linear=0
shrinkage=0.04


Tree=233
num_leaves=7
num_cat=0
split_feature=10 4 10 9 5 5
split_gain=6.40079 51.0569 45.4372 20.8872 20.5662 18.9738
threshold=0.68565848958040432 0.49242424242424249 0.69262900570849106 0.28636363636363643 0.34028079316833121 0.47148664343786301
decision_type=2 2 2 2 2 2
left_child=1 3 5 4 -1 -2
right_child=2 -3 -4 -5 -6 -7
leaf_value=0.012670112941549771 0.070659382627572778 0.039149363204603417 -0.0007346457972606965 0.03519683541024269 -0.039754766870795856 0.018293993631083232
leaf_weight=14.508412095361562 18.660283824254293 26.790346749126911 1069.1917597156353 8.4901520160201454 64.82248768192585 27.636102442251286
leaf_count=6254 93 21 4725 69 4693 96
internal_value=1.96614e-05 -0.0089719 0.000946739 -0.0237299 -0.0301342 0.0396566
internal_weight=1230.1 114.611 1115.49 87.8211 79.3309 46.2964
internal_count=15951 11037 4914 11016 10947 189
is_linear=0
shrinkage=0.04


Tree=234
num_leaves=7
num_cat=0
split_feature=7 10 10 9 5 6
split_gain=6.24967 6.77848 22.2811 30.8865 18.0334 48.8395
threshold=1.0000000180025095e-35 0.91252157229295239 0.89650068494268631 0.087121212121212141 0.68541963390831895 0.16025641025641027
decision_type=2 2 2 2 2 2
left_child=-1 2 -2 -4 -3 -6
right_child=1 4 3 -5 5 -7
leaf_value=-0.040659693023665663 0.00041292290777057927 0.025279717693728374 -0.059740918854751635 0.00073911329750459074 -0.084039825853690339 0.0070320691438583863
leaf_weight=5.8127235941065001 1007.999936517168 59.62838089838624 23.842649701051414 30.682939288439229 10.314941918943076 90.309968852670863
leaf_count=717 14713 93 112 57 50 209
internal_value=1.91834e-05 0.000220812 -0.000934574 -0.0257924 0.00788543 -0.00243195
internal_weight=1228.59 1222.78 1062.53 54.5256 160.253 100.625
internal_count=15951 15234 14882 169 352 259
is_linear=0
shrinkage=0.04


Tree=235
num_leaves=7
num_cat=0
split_feature=4 4 6 5 5 16
split_gain=6.26749 27.7176 48.3792 31.8987 46.0608 29.9544
threshold=0.53137254901960795 0.41801075268817212 0.16025641025641027 0.76224734498115809 0.71257183908045996 1.0000000180025095e-35
decision_type=2 2 2 2 2 2
left_child=1 3 5 4 -1 -3
right_child=-2 2 -4 -5 -6 -7
leaf_value=0.0021544277413956532 0.0049448767985368685 -0.071655165281977157 -0.005462463552474448 0.039348950979658487 -0.067684065575366797 0.017136721558961749
leaf_weight=625.51088915768196 309.06066896626726 30.872011797502637 203.71560173970647 35.440973735880107 15.283434668614062 7.4306749720126382
leaf_count=14533 629 158 460 39 119 13
internal_value=1.80617e-05 -0.00163872 -0.0132508 0.00251687 0.000465007 -0.0543782
internal_weight=1227.31 918.254 242.018 676.235 640.794 38.3027
internal_count=15951 15322 631 14691 14652 171
is_linear=0
shrinkage=0.04


Tree=236
num_leaves=7
num_cat=0
split_feature=5 5 2 6 9 9
split_gain=6.32357 39.7365 43.4358 37.394 35.4734 29.7133
threshold=0.53368237347294956 0.47148664343786301 1.0000000180025095e-35 0.84523809523809534 0.10555555555555557 0.23636363636363639
decision_type=2 2 2 2 2 2
left_child=1 2 5 -3 -4 -1
right_child=-2 3 4 -5 -6 -7
leaf_value=-0.053658585050826754 0.0014494267902724217 -0.04186618572098972 0.019474564265966401 0.050940009844571775 -0.06554364845906932 0.037100963605540993
leaf_weight=28.058705215920781 982.15566064614541 61.267010064708302 131.46346408249156 7.6421588181983671 8.1478299749687704 7.0731914022617266
leaf_count=7011 3726 1856 2918 8 242 190
internal_value=1.66431e-05 -0.00574712 0.00439264 -0.0314272 0.0144119 -0.0352226
internal_weight=1225.81 243.652 174.743 68.9092 139.611 35.1319
internal_count=15951 12225 10361 1864 3160 7201
is_linear=0
shrinkage=0.04


Tree=237
num_leaves=7
num_cat=0
split_feature=0 4 5 4 9 4
split_gain=6.17445 7.36041 10.5082 22.6116 8.22866 1.89424
threshold=1.0000000180025095e-35 0.88194444444444453 0.843764669065874 0.71008403361344552 0.38750000000000007 0.97368421052631582
decision_type=2 2 2 2 2 2
left_child=1 2 4 -4 -1 -2
right_child=5 -3 3 -5 -6 -7
leaf_value=0.00016698435861077886 0.016586826947041489 0.028419470843848924 -0.084896782431865603 -0.0057102851030201209 -0.030102140350781841 -0.016713074930885651
leaf_weight=1115.6776973346532 42.518957843305543 13.67117548920214 7.1476645097136489 27.338351916521788 14.356229947617974 2.7035611784085622
leaf_count=15438 314 34 39 53 62 11
internal_value=1.41969e-05 -0.000541987 -0.000888526 -0.0225752 -0.000221051 0.0144872
internal_weight=1223.41 1178.19 1164.52 34.486 1130.03 45.2225
internal_count=15951 15626 15592 92 15500 325
is_linear=0
shrinkage=0.04


Tree=238
num_leaves=7
num_cat=0
split_feature=9 10 10 4 6 4
split_gain=6.0801 12.0023 26.341 28.1058 14.7209 14.8025
threshold=0.15476190476190479 0.84737201290367392 0.90128164442295045 0.26393188854489169 0.52272727272727282 0.36602870813397131
decision_type=2 2 2 2 2 2
left_child=-1 4 3 -3 5 -2
right_child=1 2 -4 -5 -6 -7
leaf_value=-0.00099882897678020425 0.0006003149161047936 0.039245432316819227 0.017390652317048751 -0.062721020600846028 -0.060914062452663703 0.035115035423547721
leaf_weight=1082.7942611800609 34.287571749518975 5.5009710080921677 30.909978401381522 17.959201725898311 3.4925756591837844 47.537711996585131
leaf_count=15243 472 11 84 85 20 36
internal_value=1.3213e-05 0.00786258 -0.006784 -0.0385976 0.0172138 0.0207133
internal_weight=1222.48 139.688 54.3702 23.4602 85.3179 81.8253
internal_count=15951 708 180 96 528 508
is_linear=0
shrinkage=0.04


Tree=239
num_leaves=7
num_cat=0
split_feature=14 6 5 4 4 6
split_gain=6.15758 40.824 26.6612 39.5217 33.7432 23.3169
threshold=1.0000000180025095e-35 0.84523809523809534 0.62755527743012107 0.54772727272727284 0.39565217391304358 0.76388888888888895
decision_type=2 2 2 2 2 2
left_child=5 2 3 -2 -4 -1
right_child=1 -3 4 -5 -6 -7
leaf_value=0.0064876573867690404 0.0029274221355651427 0.041946500627682105 -0.039335294726903197 -0.13765760062615778 -0.0061581703124756896 -0.019489904101147509
leaf_weight=454.54446189905502 408.7125338614278 31.484976627005381 65.432723009886104 3.0243583843111983 195.34827405866235 62.712920136895264
leaf_count=3986 10829 26 415 17 429 249
internal_value=1.34539e-05 -0.00241923 -0.0045111 0.00182359 -0.0145141 0.00332793
internal_weight=1221.26 704.003 672.518 411.737 260.781 517.257
internal_count=15951 11716 11690 10846 844 4235
is_linear=0
shrinkage=0.04


Tree=240
num_leaves=7
num_cat=0
split_feature=5 4 5 2 6 5
split_gain=6.35305 38.2177 28.9723 39.213 32.3633 27.8592
threshold=0.53368237347294956 0.37797619047619052 0.47148664343786301 1.0000000180025095e-35 0.84523809523809534 0.5361571791423877
decision_type=2 2 2 2 2 2
left_child=1 2 3 -1 -4 -2
right_child=5 -3 4 -5 -6 -7
leaf_value=-0.031630456549070887 0.067204143687253262 -0.051469445622369998 -0.037492561235716468 0.017935541752875223 0.054568674918341074 0.00075273424241472839
leaf_weight=31.555542875175888 10.002031746000283 25.94077563972678 46.977396483714983 130.02017279064967 6.8231036835350087 969.38175243385558
leaf_count=7184 58 137 1775 3125 4 3668
internal_value=1.27545e-05 -0.00579621 -0.000243222 0.00821586 -0.0256212 0.001447
internal_weight=1220.7 241.317 215.376 161.576 53.8005 979.384
internal_count=15951 12225 12088 10309 1779 3726
is_linear=0
shrinkage=0.04


Tree=241
num_leaves=7
num_cat=0
split_feature=0 4 4 4 10 4
split_gain=5.99677 7.24277 8.27923 28.8695 25.1794 1.73334
threshold=1.0000000180025095e-35 0.16441441441441443 0.20256410256410259 0.24190177638453506 0.75201996512861913 0.97368421052631582
decision_type=2 2 2 2 2 2
left_child=1 -1 4 -4 -3 -2
right_child=5 2 3 -5 -6 -7
leaf_value=-0.038955495699492242 0.016375929578098993 0.022967371267005959 -0.045227205864001079 -0.00017873506774312295 -0.043646509303634833 -0.015044306731872856
leaf_weight=7.5997642227557654 42.136778240092099 60.207298183435341 23.056926602912426 1073.3458599512815 10.479124704259446 2.7899514781311145
leaf_count=9954 314 1009 916 3452 295 11
internal_value=1.15123e-05 -0.000536459 -0.000277939 -0.00113599 0.0129685 0.0143224
internal_weight=1219.62 1174.69 1167.09 1096.4 70.6864 44.9267
internal_count=15951 15626 5672 4368 1304 325
is_linear=0
shrinkage=0.04


Tree=242
num_leaves=7
num_cat=0
split_feature=9 10 10 4 6 4
split_gain=5.97502 11.1267 23.9956 26.4478 13.7956 13.9092
threshold=0.15476190476190479 0.84737201290367392 0.90128164442295045 0.26393188854489169 0.52272727272727282 0.36602870813397131
decision_type=2 2 2 2 2 2
left_child=-1 4 3 -3 5 -2
right_child=1 2 -4 -5 -6 -7
leaf_value=-0.00099236395889648133 0.00088353981910482739 0.039251831848031771 0.016991198131989588 -0.059828511724678374 -0.059104581211649285 0.034507491412238689
leaf_weight=1079.8198684362324 34.226659165607998 5.4666888928040889 30.566724948119372 18.027199577307329 3.4547531348653129 46.564542416483164
leaf_count=15243 472 11 84 85 20 36
internal_value=9.06501e-06 0.00783224 -0.00629029 -0.0365528 0.0169118 0.020325
internal_weight=1218.13 138.307 54.0606 23.4939 84.246 80.7912
internal_count=15951 708 180 96 528 508
is_linear=0
shrinkage=0.04


Tree=243
num_leaves=7
num_cat=0
split_feature=7 6 6 5 4 4
split_gain=5.99003 14.6929 21.9568 18.2323 12.709 33.2684
threshold=0.75000000000000011 0.057189542483660136 0.24038461538461542 0.5558265582655828 0.31414473684210531 0.267479674796748
decision_type=2 2 2 2 2 2
left_child=4 -2 -3 -4 5 -1
right_child=1 2 3 -5 -6 -7
leaf_value=0.0013956575784640169 0.041341322330776489 -0.051442459643226759 0.035826594153949787 -0.013251661981737916 0.0016349035763955045 -0.028564882285991577
leaf_weight=183.16499958763961 18.794439479097491 10.348492333927423 24.991971166542498 23.095124629093334 869.14606789313257 87.396017079183366
leaf_count=12567 84 148 67 78 2299 708
internal_value=9.44848e-06 0.0107769 0.000805023 0.0122568 -0.000720197 -0.00828869
internal_weight=1216.94 77.23 58.4356 48.0871 1139.71 270.561
internal_count=15951 377 293 145 15574 13275
is_linear=0
shrinkage=0.04


Tree=244
num_leaves=7
num_cat=0
split_feature=6 10 10 4 4 10
split_gain=5.98251 19.1812 53.2005 32.5803 19.4441 23.0297
threshold=0.46410256410256417 0.83720701538115549 0.83023734044111597 0.25320512820512825 0.39565217391304358 0.84737201290367392
decision_type=2 2 2 2 2 2
left_child=-1 2 3 -2 -3 -6
right_child=1 4 -4 -5 5 -7
leaf_value=-0.0030308553433676202 0.021971895167347263 0.025104315444843033 -0.12607636601757338 -0.0082782222684546596 0.031518305024498185 -0.002702239615065606
leaf_weight=558.94655036285258 72.087868963797519 92.961803806014359 5.4086268967948845 268.41527785663493 37.897074507549405 180.25403718394227
leaf_count=11842 2769 117 31 719 31 442
internal_value=8.81897e-06 0.00259792 -0.00387872 -0.00185897 0.00980328 0.0032568
internal_weight=1215.97 657.025 345.912 340.503 311.113 218.151
internal_count=15951 4109 3519 3488 590 473
is_linear=0
shrinkage=0.04


Tree=245
num_leaves=7
num_cat=0
split_feature=14 6 6 5 9 6
split_gain=6.26483 37.9348 25.2185 24.6193 21.521 48.0776
threshold=1.0000000180025095e-35 0.84523809523809534 0.69047619047619058 0.62755527743012107 0.10555555555555557 0.76388888888888895
decision_type=2 2 2 2 2 2
left_child=4 2 3 -2 -1 -6
right_child=1 -3 -4 -5 5 -7
leaf_value=0.0090407384250476962 0.0023226053053622664 0.040941764620157958 -0.099885002709934986 -0.013450297835225682 0.00143885145710544 -0.054838473732760865
leaf_weight=347.54643300907264 406.39415304626891 30.606524050439475 4.2032035663723937 258.98114199313568 138.97748711249733 29.213841693665017
leaf_count=3012 10831 26 21 838 1063 160
internal_value=8.94953e-06 -0.00245329 -0.0044515 -0.00381581 0.00335531 -0.00837783
internal_weight=1215.92 700.185 669.578 665.375 515.738 168.191
internal_count=15951 11716 11690 11669 4235 1223
is_linear=0
shrinkage=0.04


Tree=246
num_leaves=7
num_cat=0
split_feature=5 5 2 9 6 9
split_gain=6.46074 35.5947 37.2104 32.2489 30.9867 28.8323
threshold=0.53368237347294956 0.47148664343786301 1.0000000180025095e-35 0.10555555555555557 0.84523809523809534 0.23636363636363639
decision_type=2 2 2 2 2 2
left_child=1 2 5 -4 -3 -1
right_child=-2 4 3 -5 -6 -7
leaf_value=-0.053141510944294056 0.0014527095065727015 -0.040354555662401252 0.017574253069361685 -0.064152966016328611 0.047363589413482308 0.036896495626544693
leaf_weight=26.476606852724217 976.76101575860594 58.903789051953936 131.257235842706 8.004248555578668 7.0427418786566696 7.0523842710972522
leaf_count=7011 3726 1856 2918 242 8 190
internal_value=9.10085e-06 -0.00588514 0.00365273 0.0127773 -0.0308416 -0.0340374
internal_weight=1215.5 238.737 172.79 139.261 65.9465 33.529
internal_count=15951 12225 10361 3160 1864 7201
is_linear=0
shrinkage=0.04


Tree=247
num_leaves=7
num_cat=0
split_feature=9 9 6 9 6 4
split_gain=6.24938 10.4843 11.2685 31.9375 30.7979 10.7889
threshold=0.15476190476190479 0.11805555555555557 0.64583333333333337 0.10555555555555557 0.58571428571428574 0.68990384615384626
decision_type=2 2 2 2 2 2
left_child=1 2 4 -4 -1 -3
right_child=-2 5 3 -5 -6 -7
leaf_value=-0.0015656403257780331 0.0080450435070454542 -0.079284499706500242 0.017312785415796676 -0.034286219871798605 -0.075528445214668477 0.0057134695986217924
leaf_weight=908.28399385512239 137.10659705041326 5.2998169388592924 127.07874047101359 22.390447092860995 8.8998154786531796 4.107025109231472
leaf_count=14673 708 178 248 91 46 7
internal_value=7.04632e-06 -0.00101656 -0.000639868 0.00953442 -0.00230182 -0.0426199
internal_weight=1213.17 1076.06 1066.65 149.469 917.184 9.40684
internal_count=15951 15243 15058 339 14719 185
is_linear=0
shrinkage=0.04


Tree=248
num_leaves=7
num_cat=0
split_feature=5 5 10 2 9 2
split_gain=6.02474 50.3374 36.5364 39.0824 27.923 24.5434
threshold=0.5920526315789475 0.57185886402753883 0.88679982189991269 1.0000000180025095e-35 0.28636363636363643 1.0000000180025095e-35
decision_type=2 2 2 2 2 2
left_child=1 2 3 -1 -3 -2
right_child=5 4 -4 -5 -6 -7
leaf_value=-0.03148639130367091 0.015698571431930045 -0.056493878497583055 0.031626224207945787 0.0032416322286928818 0.030273523955086791 -0.0015431471275302545
leaf_weight=65.917303576639824 166.10754436816205 38.890143554126553 53.115415992331691 239.82418790129304 6.8337796181440345 641.39508246262994
leaf_count=7802 368 396 87 5243 7 2048
internal_value=6.38372e-06 -0.00397493 0.00106512 -0.00425482 -0.0434069 0.0020041
internal_weight=1212.08 404.581 358.857 305.741 45.7239 807.503
internal_count=15951 13535 13132 13045 403 2416
is_linear=0
shrinkage=0.04


Tree=249
num_leaves=7
num_cat=0
split_feature=5 4 5 2 6 5
split_gain=5.93753 34.3843 25.674 31.5423 27.5816 24.5442
threshold=0.53368237347294956 0.37797619047619052 0.47148664343786301 1.0000000180025095e-35 0.84523809523809534 0.5361571791423877
decision_type=2 2 2 2 2 2
left_child=1 2 3 -1 -4 -2
right_child=5 -3 4 -5 -6 -7
leaf_value=-0.029530770549968603 0.062393856449170317 -0.049384106012206871 -0.036034949989346698 0.016100580439184983 0.051776197862897257 0.000723668382978211
leaf_weight=29.589960048473586 10.23904117385973 25.47550660581328 44.846214523691742 129.57788064896158 6.3603432078380129 963.84786661188991
leaf_count=7184 58 137 1775 3125 4 3668
internal_value=5.97563e-06 -0.00568419 -0.000340923 0.00757856 -0.0249301 0.00138664
internal_weight=1209.94 235.85 210.374 159.168 51.2066 974.087
internal_count=15951 12225 12088 10309 1779 3726
is_linear=0
shrinkage=0.04


Tree=250
num_leaves=7
num_cat=0
split_feature=14 6 5 4 10 6
split_gain=6.1123 33.7427 23.4021 34.8361 32.2422 19.4848
threshold=1.0000000180025095e-35 0.84523809523809534 0.62755527743012107 0.54772727272727284 0.76735069047186444 0.76388888888888895
decision_type=2 2 2 2 2 2
left_child=5 2 3 -2 -4 -1
right_child=1 -3 4 -5 -6 -7
leaf_value=0.0062382937530962466 0.0027779159364239247 0.039508854408780381 0.015049452370099406 -0.12730082818759564 -0.020524764334475046 -0.017504625152415593
leaf_weight=449.96906742435749 403.25841496070279 29.186415980700986 50.337838301842567 3.120836302638053 210.20473881045473 62.822657383265323
leaf_count=3986 10829 26 181 17 663 249
internal_value=5.13603e-06 -0.00243411 -0.00428394 0.00171191 -0.0136377 0.00331993
internal_weight=1208.9 696.108 666.922 406.379 260.543 512.792
internal_count=15951 11716 11690 10846 844 4235
is_linear=0
shrinkage=0.04


Tree=251
num_leaves=7
num_cat=0
split_feature=4 5 4 6 5 2
split_gain=6.10886 25.0894 18.7703 43.0429 35.946 17.368
threshold=0.53137254901960795 0.81182294700058255 0.41801075268817212 0.16025641025641027 0.76224734498115809 1.0000000180025095e-35
decision_type=2 2 2 2 2 2
left_child=1 2 4 -4 -1 -2
right_child=5 -3 3 -5 -6 -7
leaf_value=0.00019749057750114766 0.021205832391360379 -0.079250848996287496 -0.052172058380615595 -0.00368967122528863 0.042363702520543604 -0.00066564769707194011
leaf_weight=628.30951340562024 77.656328175682575 6.4175759495701632 34.139866035431623 200.71334264753386 33.909372162539512 228.15242001367733
leaf_count=14652 110 39 152 446 33 519
internal_value=5.61869e-06 -0.00164682 -0.00107187 -0.0107843 0.0023718 0.00489204
internal_weight=1209.3 903.49 897.072 234.853 662.219 305.809
internal_count=15951 15322 15283 598 14685 629
is_linear=0
shrinkage=0.04


Tree=252
num_leaves=7
num_cat=0
split_feature=9 10 10 4 6 4
split_gain=6.06968 10.2411 21.8396 23.1412 12.3231 13.1335
threshold=0.15476190476190479 0.84737201290367392 0.90128164442295045 0.26393188854489169 0.52272727272727282 0.36602870813397131
decision_type=2 2 2 2 2 2
left_child=-1 4 3 -3 5 -2
right_child=1 2 -4 -5 -6 -7
leaf_value=-0.0010060527693907084 0.0010514645638136548 0.03823639963066839 0.016605543962099418 -0.056105459628359673 -0.056035767463311723 0.033922317880440478
leaf_weight=1071.3465745416033 34.004617950151442 5.2099835383705821 30.352428809506819 18.020297513343394 3.3645500921411431 45.678797774016857
leaf_count=15243 472 11 84 85 20 36
internal_value=5.33467e-06 0.00794031 -0.00565349 -0.0347158 0.0167276 0.0199576
internal_weight=1207.98 136.631 53.5827 23.2303 83.048 79.6834
internal_count=15951 708 180 96 528 508
is_linear=0
shrinkage=0.04


Tree=253
num_leaves=7
num_cat=0
split_feature=0 4 5 4 4 4
split_gain=6.05303 7.394 9.6327 20.9033 7.92267 1.64635
threshold=1.0000000180025095e-35 0.88194444444444453 0.843764669065874 0.71008403361344552 0.56385869565217395 0.97368421052631582
decision_type=2 2 2 2 2 2
left_child=1 2 4 -4 -1 -2
right_child=5 -3 3 -5 -6 -7
leaf_value=-0.0016300031367359178 0.01639007027052158 0.028454307962746343 -0.082286936535892807 -0.005594264248160531 0.008035037520080222 -0.013945335044241468
leaf_weight=955.87951326040275 42.136829503113404 13.689766905270515 7.0159981772303572 27.317883079871535 157.93340151757002 2.8498206492513409
leaf_count=15282 314 34 39 53 218 11
internal_value=5.85495e-06 -0.00055102 -0.000903498 -0.0217098 -0.000256554 0.0143709
internal_weight=1206.82 1161.84 1148.15 34.3339 1113.81 44.9867
internal_count=15951 15626 15592 92 15500 325
is_linear=0
shrinkage=0.04


Tree=254
num_leaves=7
num_cat=0
split_feature=5 5 2 9 9 6
split_gain=5.77096 31.6533 29.7575 29.7476 27.3219 27.1836
threshold=0.53368237347294956 0.47304562627143282 1.0000000180025095e-35 0.10555555555555557 0.23636363636363639 0.84523809523809534
decision_type=2 2 2 2 2 2
left_child=1 2 4 -4 -1 -3
right_child=-2 5 3 -5 -6 -7
leaf_value=-0.050821361561245254 0.0013674992904689476 -0.039138844910573532 0.015776812270685822 -0.063310210725075006 0.037209582947194751 0.045447936393193063
leaf_weight=25.123775875690626 970.68856801613583 55.718210751598235 131.92229187597331 7.8711159444719661 7.0727974091132628 6.6307848806027314
leaf_count=7024 3726 1796 2963 244 190 8
internal_value=5.53743e-06 -0.00562387 0.00322384 0.0112254 -0.0313111 -0.0299946
internal_weight=1205.03 234.339 171.99 139.793 32.1966 62.349
internal_count=15951 12225 10421 3207 7214 1804
is_linear=0
shrinkage=0.04


Tree=255
num_leaves=7
num_cat=0
split_feature=0 4 5 4 4 4
split_gain=5.82452 6.99689 8.93854 19.6775 7.27161 1.57072
threshold=1.0000000180025095e-35 0.88194444444444453 0.843764669065874 0.71008403361344552 0.56385869565217395 0.97368421052631582
decision_type=2 2 2 2 2 2
left_child=1 2 4 -4 -1 -2
right_child=5 -3 3 -5 -6 -7
leaf_value=-0.0015709031543892646 0.016156959798082675 0.028081322807177074 -0.080169349471623533 -0.0054085175254238935 0.0077160431008610614 -0.013318873259627327
leaf_weight=953.73417353118748 41.727219776017591 13.301019940525292 6.9251381056383243 27.407578425481915 156.89983110316098 2.8849577996879807
leaf_count=15282 314 34 39 53 218 11
internal_value=3.80012e-06 -0.000541885 -0.000880992 -0.0209232 -0.000255978 0.0141553
internal_weight=1202.88 1158.27 1144.97 34.3327 1110.63 44.6122
internal_count=15951 15626 15592 92 15500 325
is_linear=0
shrinkage=0.04


Tree=256
num_leaves=7
num_cat=0
split_feature=7 10 10 10 5 6
split_gain=5.72756 6.30588 19.6336 26.9909 17.18 41.3894
threshold=1.0000000180025095e-35 0.91252157229295239 0.89650068494268631 0.90128164442295045 0.68541963390831895 0.16025641025641027
decision_type=2 2 2 2 2 2
left_child=-1 2 -2 -4 -3 -6
right_child=1 4 3 -5 5 -7
leaf_value=-0.040212716559042926 0.00035541128183808187 0.0247747196450613 -0.079550393356160418 -0.0098164063970485032 -0.078918658166085634 0.006238201156844805
leaf_weight=5.4390541398934138 985.06660192157142 58.582417383324355 11.054604326374827 42.918617124203593 9.9839929905720037 88.096197451930493
leaf_count=717 14713 93 55 114 50 209
internal_value=3.54221e-06 0.000194846 -0.000931838 -0.024377 0.00767181 -0.00255288
internal_weight=1201.14 1195.7 1039.04 53.9732 156.663 98.0802
internal_count=15951 15234 14882 169 352 259
is_linear=0
shrinkage=0.04


Tree=257
num_leaves=7
num_cat=0
split_feature=9 9 10 4 6 6
split_gain=5.57728 10.1001 59.0197 32.8112 23.4987 40.5461
threshold=0.15476190476190479 0.10555555555555557 0.80716956988452304 0.38585607940446659 0.64583333333333337 0.58571428571428574
decision_type=2 2 2 2 2 2
left_child=1 4 -3 -4 5 -1
right_child=-2 2 3 -5 -6 -7
leaf_value=-0.0012582879997569904 0.0076751684353123708 -0.058228674079933457 0.041534183836157652 -0.010791808553645133 0.016624887864447335 -0.1067599830267959
leaf_weight=811.5801378755732 134.43991784262471 32.070918688197708 26.994823185727 64.747522482648492 124.45772767235758 5.6713683866255442
leaf_count=13874 708 923 25 134 248 39
internal_value=2.53728e-06 -0.000964922 -0.0116962 0.00464001 0.000446052 -0.00201881
internal_weight=1199.96 1065.52 123.813 91.7423 941.709 817.252
internal_count=15951 15243 1082 159 14161 13913
is_linear=0
shrinkage=0.04


Tree=258
num_leaves=7
num_cat=0
split_feature=14 6 6 5 6 9
split_gain=5.5946 30.3659 23.119 22.5817 18.849 39.0161
threshold=1.0000000180025095e-35 0.84523809523809534 0.69047619047619058 0.62755527743012107 0.76388888888888895 0.095454545454545472
decision_type=2 2 2 2 2 2
left_child=4 2 3 -2 -1 -6
right_child=1 -3 -4 -5 5 -7
leaf_value=0.006081504472164094 0.0024806675217706694 0.038327310087799348 -0.096150041868254363 -0.012674945319950299 0.015897520933083411 -0.047554687150142549
leaf_weight=444.36221291581751 401.26462087710206 27.980730689800112 4.1354791074991217 258.30438573427091 29.308625620586099 32.462329708705511
leaf_count=3986 10831 26 21 838 80 169
internal_value=1.73671e-06 -0.00233477 -0.00406306 -0.00345368 0.00319844 -0.0174619
internal_weight=1197.82 691.685 663.704 659.569 506.133 61.771
internal_count=15951 11716 11690 11669 4235 249
is_linear=0
shrinkage=0.04


Tree=259
num_leaves=7
num_cat=0
split_feature=5 5 10 2 14 2
split_gain=5.89835 47.2711 32.2441 32.8092 26.7233 20.626
threshold=0.5920526315789475 0.57185886402753883 0.88679982189991269 1.0000000180025095e-35 1.0000000180025095e-35 1.0000000180025095e-35
decision_type=2 2 2 2 2 2
left_child=1 2 3 -1 -3 -2
right_child=5 4 -4 -5 -6 -7
leaf_value=-0.029608356963676981 0.01467911884501775 -0.011033641167256482 0.030079745796980136 0.0027472533519194114 -0.072865073995416502 -0.0012632017954119521
leaf_weight=63.301999941786562 162.84750164883735 22.185138574204757 51.674279521394055 237.8898599426866 22.710455603213632 636.79794227441744
leaf_count=7802 368 136 87 5243 267 2048
internal_value=2.20732e-06 -0.00397549 0.000946759 -0.00406148 -0.0425399 0.0019838
internal_weight=1197.41 397.762 352.866 301.192 44.8956 799.645
internal_count=15951 13535 13132 13045 403 2416
is_linear=0
shrinkage=0.04


Tree=260
num_leaves=7
num_cat=0
split_feature=5 4 5 2 6 5
split_gain=5.7472 31.109 23.7913 25.8941 22.154 22.1262
threshold=0.53368237347294956 0.37797619047619052 0.47148664343786301 1.0000000180025095e-35 0.84523809523809534 0.5361571791423877
decision_type=2 2 2 2 2 2
left_child=1 2 3 -1 -4 -2
right_child=5 -3 4 -5 -6 -7
leaf_value=-0.027772954850888227 0.058782234189696803 -0.047810733282565694 -0.034750796630911726 0.014572354987189656 0.048359895405336834 0.00071798951888575201
leaf_weight=27.90713874501489 10.419020487432133 24.791434736456722 43.018219813058749 129.31518985704679 5.6276559433899811 954.29837336673518
leaf_count=7184 58 137 1775 3125 4 3668
internal_value=1.13004e-06 -0.00566655 -0.000540208 0.00701758 -0.0249364 0.00135921
internal_weight=1195.38 230.66 205.868 157.222 48.6459 964.717
internal_count=15951 12225 12088 10309 1779 3726
is_linear=0
shrinkage=0.04


Tree=261
num_leaves=7
num_cat=0
split_feature=9 10 10 4 6 4
split_gain=5.69888 9.84928 19.3322 21.2989 11.3301 12.083
threshold=0.15476190476190479 0.84737201290367392 0.90128164442295045 0.26393188854489169 0.52272727272727282 0.36602870813397131
decision_type=2 2 2 2 2 2
left_child=-1 4 3 -3 5 -2
right_child=1 2 -4 -5 -6 -7
leaf_value=-0.00098128834114860142 0.0014654163477679136 0.037855084696910721 0.015666693931747175 -0.05340379466490916 -0.054109854169954161 0.033220778676082745
leaf_weight=1060.1940476445143 33.846081513547688 5.0976634081453112 29.506417012074962 17.977324726991355 3.285714807920157 44.492830287665129
leaf_count=15243 472 11 84 85 20 36
internal_value=5.56835e-07 0.00776169 -0.00569885 -0.0330052 0.0164499 0.0195651
internal_weight=1194.4 134.206 52.5814 23.075 81.6246 78.3389
internal_count=15951 708 180 96 528 508
is_linear=0
shrinkage=0.04


Tree=262
num_leaves=7
num_cat=0
split_feature=0 4 10 10 4 4
split_gain=5.56727 6.83336 7.05131 36.8526 26.5264 1.58776
threshold=1.0000000180025095e-35 0.16441441441441443 0.71841686686076722 0.7346014413985178 0.39565217391304358 0.97368421052631582
decision_type=2 2 2 2 2 2
left_child=1 -1 4 -4 -3 -2
right_child=5 2 3 -5 -6 -7
leaf_value=-0.038896779114088557 0.015928473512018381 -0.0045989789872606006 -0.056305849518017967 -0.00068792947770315177 0.02309673417841393 -0.013849035746023626
leaf_weight=7.182077736595601 41.320727567188442 145.76626758391649 19.282382108533056 888.03579731137143 88.854705751175061 2.8552974034100762
leaf_count=9954 314 2285 265 2956 166 11
internal_value=1.23272e-06 -0.000533861 -0.000284062 -0.00188428 0.00589205 0.013905
internal_weight=1193.3 1149.12 1141.94 907.318 234.621 44.176
internal_count=15951 15626 5672 3221 2451 325
is_linear=0
shrinkage=0.04


Tree=263
num_leaves=7
num_cat=0
split_feature=7 5 5 5 2 4
split_gain=5.48333 13.765 20.9673 19.8995 13.0244 12.2407
threshold=0.75000000000000011 0.40783086356668374 0.55051025667456976 0.6802061855670104 1.0000000180025095e-35 0.31414473684210531
decision_type=2 2 2 2 2 2
left_child=5 -2 4 -4 -3 -1
right_child=1 2 3 -5 -6 -7
leaf_value=-0.0082646231126110685 -0.054483044270820229 -0.047792671318631429 -0.046808783320168239 0.01476909054166994 0.04404602804489887 0.0016139004598592541
leaf_weight=262.22105287432169 4.6991193474968886 2.4933306273887856 12.489587369142098 24.58210108615458 32.046068948431639 852.57021600409644
leaf_count=13275 88 36 94 51 108 2299
internal_value=1.43498e-07 0.0103607 0.0147834 -0.00606291 0.0371218 -0.000708996
internal_weight=1191.1 76.3102 71.6111 37.0717 34.5394 1114.79
internal_count=15951 377 289 145 144 15574
is_linear=0
shrinkage=0.04


Tree=264
num_leaves=7
num_cat=0
split_feature=7 4 4 5 6 9
split_gain=5.32694 5.75355 10.5864 9.43764 3.7907 3.437
threshold=1.0000000180025095e-35 0.82085561497326209 0.80625000000000013 0.90611995104039178 0.81666666666666676 0.17424242424242428
decision_type=2 2 2 2 2 2
left_child=-1 2 3 -2 -3 -6
right_child=1 4 -4 -5 5 -7
leaf_value=-0.039422206226137749 8.2181641608298166e-05 0.031969324117153225 -0.096296409697221932 -0.07538460393781285 -0.010194909000444901 0.037251063576349004
leaf_weight=5.2588098432697725 1153.2019509653728 14.672138284891844 1.6330351904034603 2.4574234262108794 9.3348008533939701 3.0788670629262933
leaf_count=717 15131 40 9 12 29 13
internal_value=0 0.000182624 -0.000243678 -8.95787e-05 0.0183387 0.00181825
internal_weight=1189.64 1184.38 1157.29 1155.66 27.0858 12.4137
internal_count=15951 15234 15152 15143 82 42
is_linear=0
shrinkage=0.04


Tree=265
num_leaves=7
num_cat=0
split_feature=9 9 10 6 6 6
split_gain=5.27859 9.72758 54.8732 31.2905 20.8766 36.2414
threshold=0.15476190476190479 0.10555555555555557 0.80716956988452304 0.095454545454545472 0.64583333333333337 0.58571428571428574
decision_type=2 2 2 2 2 2
left_child=1 4 -3 -4 5 -1
right_child=-2 2 3 -5 -6 -7
leaf_value=-0.0011389558300441199 0.0075223454296367781 -0.057405633398663974 -0.06952845134590234 0.011505913410315203 0.015869146085898001 -0.099626026169859633
leaf_weight=806.81669086763759 132.42000974428083 30.935491615671708 8.1906760698184353 83.024496421217918 121.86112781935662 5.823622707364847
leaf_count=13874 708 923 42 117 248 39
internal_value=0 -0.000943774 -0.0115502 0.00407135 0.000442644 -0.00187154
internal_weight=1189.07 1056.65 122.151 91.2152 934.501 812.64
internal_count=15951 15243 1082 159 14161 13913
is_linear=0
shrinkage=0.04


Tree=266
num_leaves=7
num_cat=0
split_feature=0 4 4 4 10 6
split_gain=5.21978 6.49615 7.70991 27.1057 23.4538 1.58721
threshold=1.0000000180025095e-35 0.16441441441441443 0.20256410256410259 0.24190177638453506 0.75201996512861913 0.84523809523809534
decision_type=2 2 2 2 2 2
left_child=1 -1 4 -4 -3 -2
right_child=5 2 3 -5 -6 -7
leaf_value=-0.038819753803277172 0.017621251758836207 0.022178551730109457 -0.045290951275734813 -0.00020202779689373012 -0.043585293445252624 -0.00049432572014555527
leaf_weight=6.8431054614429732 33.869358106516302 59.413782713992987 21.579400669688766 1044.906968231764 9.9489333288511244 9.7235337623860669
leaf_count=9954 270 1009 916 3452 295 55
internal_value=0 -0.000520748 -0.000281456 -0.00112456 0.0126189 0.013551
internal_weight=1186.29 1142.69 1135.85 1066.49 69.3627 43.5929
internal_count=15951 15626 5672 4368 1304 325
is_linear=0
shrinkage=0.04


Tree=267
num_leaves=7
num_cat=0
split_feature=10 10 4 4 5 4
split_gain=5.19453 6.25919 6.70768 36.5789 28.0343 3.87033
threshold=0.60390955103716515 0.606228201491543 0.41801075268817212 0.45643939393939398 0.76224734498115809 0.49242424242424249
decision_type=2 2 2 2 2 2
left_child=-1 5 4 -4 -3 -2
right_child=1 2 3 -5 -6 -7
leaf_value=-0.035508386691911392 -0.033443742121725982 0.00073536499578054804 -0.031380137814515048 0.00057988701696984172 0.03799881806353448 0.050188861263310222
leaf_weight=6.3565181558478789 0.86616700873128039 609.24929078690184 65.160234303213656 463.56283270404674 33.920988965313882 5.7781133651733398
leaf_count=8958 62 5649 250 995 36 1
internal_value=-1.51168e-06 0.000194293 -2.6754e-05 -0.00336549 0.00271496 0.0383354
internal_weight=1184.89 1178.54 1171.89 528.723 643.17 6.64428
internal_count=15951 6993 6930 1245 5685 63
is_linear=0
shrinkage=0.04


Tree=268
num_leaves=7
num_cat=0
split_feature=10 4 10 9 10 4
split_gain=5.17115 45.9083 36.7633 18.8891 18.2572 17.6576
threshold=0.68565848958040432 0.49242424242424249 0.69262900570849106 0.28636363636363643 0.66096118837823059 0.19782608695652179
decision_type=2 2 2 2 2 2
left_child=1 3 -2 4 -1 -4
right_child=2 -3 5 -5 -6 -7
leaf_value=-0.013603806492536702 0.036056135086843494 0.03817674781005536 -0.037953410687809719 0.03393523129461247 -0.054701451307775761 1.6899493756338047e-05
leaf_weight=45.347152320035093 45.211678248240787 25.572707489132881 19.780767847900279 8.1756496492453135 28.132634191701072 1011.8875828971504
leaf_count=10328 189 21 1152 69 619 3573
internal_value=-9.86237e-07 -0.00837121 0.000832004 -0.0230311 -0.0294715 -0.000716404
internal_weight=1184.11 107.228 1076.88 81.6554 73.4798 1031.67
internal_count=15951 11037 4914 11016 10947 4725
is_linear=0
shrinkage=0.04


Tree=269
num_leaves=7
num_cat=0
split_feature=9 9 10 9 6 10
split_gain=5.05132 13.6358 13.3091 11.9115 27.6036 8.48442
threshold=0.65714285714285725 0.41428571428571431 0.90128164442295045 0.28636363636363643 0.37980769230769235 0.68365838686588087
decision_type=2 2 2 2 2 2
left_child=1 3 -3 5 -5 -1
right_child=-2 2 -4 4 -6 -7
leaf_value=-0.012358264892720128 0.040524144056971349 -0.076303960066126553 0.035909725119478896 -0.067336644439626558 0.036372499294007724 0.00049622841461864989
leaf_weight=88.958134811882701 4.7003579288721076 6.697286011913091 2.0799255445599556 4.5255895322770803 31.204672788706375 1043.7169611199424
leaf_count=10906 5 54 9 62 45 4870
internal_value=-1.34797e-06 -0.000171717 -0.0492824 0.000203869 0.0228794 -0.000513577
internal_weight=1181.88 1177.18 8.77721 1168.41 35.7303 1132.68
internal_count=15951 15946 63 15883 107 15776
is_linear=0
shrinkage=0.04


Tree=270
num_leaves=7
num_cat=0
split_feature=7 6 6 5 4 4
split_gain=5.03746 13.4151 19.9992 16.7326 10.7403 31.6172
threshold=0.75000000000000011 0.057189542483660136 0.24038461538461542 0.46384282085761247 0.31414473684210531 0.267479674796748
decision_type=2 2 2 2 2 2
left_child=4 -2 -3 -4 5 -1
right_child=1 2 3 -5 -6 -7
leaf_value=0.0017575733127314554 0.039497572000078578 -0.050766981096093733 -0.063285907939913455 0.018789628051927975 0.0014907492951888362 -0.028215527092867329
leaf_weight=175.88608772957195 18.387051730882376 9.8892210018420865 4.1731531028053714 43.022287685889751 846.55629861861235 82.535671650359291
leaf_count=12567 84 148 39 106 2299 708
internal_value=-1.12578e-06 0.00998148 0.000334687 0.0112537 -0.000686446 -0.00782203
internal_weight=1180.45 75.4717 57.0847 47.1954 1104.98 258.422
internal_count=15951 377 293 145 15574 13275
is_linear=0
shrinkage=0.04


Tree=271
num_leaves=7
num_cat=0
split_feature=4 4 10 4 6 10
split_gain=5.1228 35.0748 30.8513 27.1735 56.0296 40.3125
threshold=0.41801075268817212 0.45643939393939398 0.84737201290367392 0.41042780748663105 0.13809523809523813 0.80716956988452304
decision_type=2 2 2 2 2 2
left_child=3 2 -2 5 -5 -1
right_child=1 -3 -4 4 -6 -7
leaf_value=-0.009871399626113591 -0.01361335002706204 0.00092791793393680745 -0.075787889345294554 0.08771561592731103 -0.0020824297764126783 0.010893020183826249
leaf_weight=311.78160963774644 47.945575394667685 467.76473487634212 17.324630732182413 17.565280826762319 29.573736697435379 287.20706931150198
leaf_count=13484 162 1002 96 28 77 1102
internal_value=-1.71091e-06 -0.00290556 -0.030328 0.00239093 0.0315657 8.18371e-05
internal_weight=1179.16 533.035 65.2702 646.128 47.139 598.989
internal_count=15951 1260 258 14691 105 14586
is_linear=0
shrinkage=0.04


Tree=272
num_leaves=7
num_cat=0
split_feature=0 4 5 10 5 6
split_gain=4.97377 6.32032 8.45126 26.2813 7.51175 1.57926
threshold=1.0000000180025095e-35 0.88194444444444453 0.82904856075587785 0.83023734044111597 0.75238441275320211 0.84523809523809534
decision_type=2 2 2 2 2 2
left_child=1 2 4 -4 -1 -2
right_child=5 -3 3 -5 -6 -7
leaf_value=-0.0015959642990317369 0.017379605913300053 0.027403491475140034 0.016563753474099191 -0.041224643410764754 0.0072894606016131579 -0.00075410373296808813
leaf_weight=888.00967345183381 33.508305054856464 12.62621457595378 21.692719550803304 29.420089991297573 183.51418859767728 9.6623441341798735
leaf_count=15144 270 34 31 101 316 55
internal_value=-2.49674e-06 -0.000511987 -0.000832557 -0.0166908 -7.12624e-05 0.0132901
internal_weight=1178.43 1135.26 1122.64 51.1128 1071.52 43.1706
internal_count=15951 15626 15592 132 15460 325
is_linear=0
shrinkage=0.04


Tree=273
num_leaves=7
num_cat=0
split_feature=10 10 4 6 5 10
split_gain=4.97449 32.6771 24.7223 40.0455 39.5022 28.6332
threshold=0.71841686686076722 0.7346014413985178 0.39565217391304358 0.46410256410256417 0.36245805369127521 0.69059652921082948
decision_type=2 2 2 2 2 2
left_child=2 -2 4 -4 -1 -6
right_child=1 -3 3 -5 5 -7
leaf_value=0.028997256181667288 -0.05275326797084863 -0.00022455507572434323 -0.051758326456552518 0.031927793020547622 -0.037296567585317783 0.0036649266369850348
leaf_weight=40.336335933197915 19.148053965931467 921.6589712181667 10.177368069998918 77.172723859548569 55.529184760507633 53.312013203372771
leaf_count=6875 378 3717 96 76 4271 538
internal_value=-1.1917e-06 -0.00130677 0.00518012 0.0220585 -0.00470584 -0.0172448
internal_weight=1177.33 940.807 236.528 87.3501 149.178 108.841
internal_count=15951 4095 11856 172 11684 4809
is_linear=0
shrinkage=0.04


Tree=274
num_leaves=7
num_cat=0
split_feature=4 4 10 5 5 5
split_gain=5.14467 32.2149 28.6401 25.5636 41.4283 32.0169
threshold=0.41801075268817212 0.45643939393939398 0.84737201290367392 0.76224734498115809 0.71257183908045996 0.67462750409923722
decision_type=2 2 2 2 2 2
left_child=3 2 -2 4 5 -1
right_child=1 -3 -4 -5 -6 -7
leaf_value=-0.0015627801819545939 -0.013115153715534591 0.00076551008591460286 -0.073120878485272919 0.036431888042234344 -0.06538933114602713 0.025136307311192933
leaf_weight=511.98858245491465 47.846844202373177 466.00916402600706 17.259820497594774 33.282344398321584 14.68062081064272 83.376948890829226
leaf_count=14324 162 1002 96 39 119 209
internal_value=-2.35174e-06 -0.00291716 -0.0292286 0.00240109 0.000529858 0.00218008
internal_weight=1174.44 531.116 65.1067 643.328 610.046 595.366
internal_count=15951 1260 258 14691 14652 14533
is_linear=0
shrinkage=0.04


Tree=275
num_leaves=7
num_cat=0
split_feature=7 10 10 9 5 6
split_gain=4.92299 5.23512 17.8611 25.0082 15.6677 36.658
threshold=1.0000000180025095e-35 0.91252157229295239 0.89650068494268631 0.087121212121212141 0.68541963390831895 0.16025641025641027
decision_type=2 2 2 2 2 2
left_child=-1 2 -2 -4 -3 -6
right_child=1 4 3 -5 5 -7
leaf_value=-0.03854651085939062 0.00038537624831429604 0.023643191704126907 -0.053846025153228706 0.00092363011540722072 -0.075265820617629015 0.0055874634994907317
leaf_weight=5.078621404752993 961.29516577582945 56.989648033399135 23.663378156721592 30.071048349607736 9.8074623614083958 86.383185537764803
leaf_count=717 14713 93 112 57 50 209
internal_value=-2.74184e-06 0.000169679 -0.000869214 -0.0232688 0.00705897 -0.00277454
internal_weight=1173.29 1168.21 1015.03 53.7344 153.18 96.1906
internal_count=15951 15234 14882 169 352 259
is_linear=0
shrinkage=0.04


Tree=276
num_leaves=7
num_cat=0
split_feature=0 4 5 6 5 4
split_gain=4.85234 5.93641 7.91272 25.0863 6.79306 1.5858
threshold=1.0000000180025095e-35 0.88194444444444453 0.82904856075587785 0.37980769230769235 0.75238441275320211 0.97368421052631582
decision_type=2 2 2 2 2 2
left_child=1 2 4 -4 -1 -2
right_child=5 -3 3 -5 -6 -7
leaf_value=-0.0015276647342756531 0.015223097016584624 0.026969262158573218 -0.073461783082146501 -0.002433308841342163 0.0069504130497224604 -0.014798086184596262
leaf_weight=883.6492343517948 40.155961578246206 12.238029873929916 9.6744843767955881 41.366839727386832 182.21746544726193 2.8032534774392834
leaf_count=15144 314 34 57 75 316 11
internal_value=-3.02477e-06 -0.000507768 -0.000815401 -0.0161694 -7.53692e-05 0.0131583
internal_weight=1172.11 1129.15 1116.91 51.0413 1065.87 42.9592
internal_count=15951 15626 15592 132 15460 325
is_linear=0
shrinkage=0.04


Tree=277
num_leaves=7
num_cat=0
split_feature=4 4 10 10 4 10
split_gain=4.83296 29.4805 26.5481 25.4006 24.1287 51.4822
threshold=0.41801075268817212 0.45643939393939398 0.84737201290367392 0.71841686686076722 0.41042780748663105 0.77240113293018187
decision_type=2 2 2 2 2 2
left_child=4 2 -2 -3 -1 -6
right_child=1 3 -4 -5 5 -7
leaf_value=0.00012939483933236686 -0.012546388306544545 0.027334226013713169 -0.070446528257082683 -0.0025803810965874651 0.068229957024026802 -0.015011714227768452
leaf_weight=594.09375003262176 47.907131921267137 50.81510497443378 17.148605652851984 413.25260004913434 25.459001451730728 21.97801729850471
leaf_count=14586 162 62 96 940 38 67
internal_value=-2.94281e-06 -0.00283405 -0.0280086 0.000701305 0.00232914 0.0297202
internal_weight=1170.65 529.123 65.0557 464.068 641.531 47.437
internal_count=15951 1260 258 1002 14691 105
is_linear=0
shrinkage=0.04


Tree=278
num_leaves=7
num_cat=0
split_feature=5 5 5 5 0 0
split_gain=4.80255 13.4971 10.1083 8.59272 1.04801 0.759312
threshold=0.28639781271360226 0.28850937619594341 0.31674917491749183 0.31852770418803905 1.0000000180025095e-35 1.0000000180025095e-35
decision_type=2 2 2 2 2 2
left_child=4 -2 5 -4 -1 -3
right_child=1 2 3 -5 -6 -7
leaf_value=-0.050902554024189348 0.054927272675711764 -0.057075864215165827 0.045401545974368365 -0.0001994188735072259 0.017865175377113362 0.011815161731404081
leaf_weight=3.3482961474255712 6.9511303062463403 5.1346081649389808 6.4496865945147865 1148.5714084121446 0.24995127320289601 0.1537475287914275
leaf_count=4951 64 838 64 10031 2 1
internal_value=-2.78827e-06 0.000141601 -0.000194293 6.13037e-05 -0.0449099 -0.054351
internal_weight=1170.86 1167.26 1160.31 1155.02 3.59825 5.28836
internal_count=15951 10998 10934 10095 4953 839
is_linear=0
shrinkage=0.04


Tree=279
num_leaves=7
num_cat=0
split_feature=9 10 10 4 6 4
split_gain=4.73731 10.0429 17.0957 18.1893 10.6744 11.3983
threshold=0.15476190476190479 0.84737201290367392 0.90128164442295045 0.26393188854489169 0.52272727272727282 0.43614130434782611
decision_type=2 2 2 2 2 2
left_child=-1 4 3 -3 5 -2
right_child=1 2 -4 -5 -6 -7
leaf_value=-0.00090307825330038477 0.0063950091956622547 0.036503284635871415 0.014110539984336784 -0.050835470806574828 -0.053042994270615769 0.038038436555295117
leaf_weight=1040.650998789064 45.627328027061594 4.6541718882508603 27.929515848169103 17.858857488259673 3.2213826002553096 30.440086361020803
leaf_count=15243 490 11 84 85 20 18
internal_value=-2.39006e-06 0.00719743 -0.00671204 -0.0325292 0.0160662 0.0191506
internal_weight=1170.38 129.731 50.4425 22.513 79.2888 76.0674
internal_count=15951 708 180 96 528 508
is_linear=0
shrinkage=0.04


Tree=280
num_leaves=7
num_cat=0
split_feature=0 4 4 4 10 4
split_gain=4.74076 5.8574 8.62686 25.3393 22.4006 1.51101
threshold=1.0000000180025095e-35 0.16441441441441443 0.20256410256410259 0.24190177638453506 0.75201996512861913 0.97368421052631582
decision_type=2 2 2 2 2 2
left_child=1 -1 4 -4 -3 -2
right_child=5 2 3 -5 -6 -7
leaf_value=-0.038662457160165691 0.015077539066661193 0.022740962037968607 -0.045066928429155023 -0.00029554513377494211 -0.043234849764982694 -0.014042004629058363
leaf_weight=6.1994037125277819 39.919392799725756 58.56289288935659 20.432989598084532 1032.0272456564271 9.3702975628839322 2.8444417119026175
leaf_count=9954 314 1009 916 3452 295 11
internal_value=-1.40728e-06 -0.000500356 -0.000280549 -0.00117506 0.0135111 0.0130377
internal_weight=1169.36 1126.59 1120.39 1052.46 67.9332 42.7638
internal_count=15951 15626 5672 4368 1304 325
is_linear=0
shrinkage=0.04


Tree=281
num_leaves=7
num_cat=0
split_feature=7 5 4 10 5 4
split_gain=4.76419 12.0153 19.2387 18.7167 14.3513 9.28524
threshold=0.75000000000000011 0.55051025667456976 0.26006441223832533 0.87092996695210745 0.6802061855670104 0.31414473684210531
decision_type=2 2 2 2 2 2
left_child=5 2 -2 -3 -5 -1
right_child=1 3 -4 4 -6 -7
leaf_value=-0.0073656090777806773 -0.036870874172118109 -0.05803350880960615 0.038117885472841465 -0.040550033010185303 0.025734886898267195 0.0013553587640681333
leaf_weight=254.29081481037611 6.4101400649269626 8.4705618121661228 31.810107350349426 6.7468923784326789 20.82500756974332 839.53704465529881
leaf_count=13275 184 71 48 42 32 2299
internal_value=-3.16923e-06 0.0097852 0.0253626 -0.00672702 0.00926762 -0.000671221
internal_weight=1168.09 74.2627 38.2202 36.0425 27.5719 1093.83
internal_count=15951 377 232 145 74 15574
is_linear=0
shrinkage=0.04


Tree=282
num_leaves=7
num_cat=0
split_feature=4 4 10 10 5 5
split_gain=4.68559 27.4112 24.2645 23.8786 23.5693 38.5324
threshold=0.41801075268817212 0.45643939393939398 0.84737201290367392 0.71841686686076722 0.76224734498115809 0.71257183908045996
decision_type=2 2 2 2 2 2
left_child=4 2 -2 -3 5 -1
right_child=1 3 -4 -5 -6 -7
leaf_value=0.0020943827136299165 -0.012306051387647681 0.026644980146219927 -0.067774141230171309 -0.0025477244656918843 0.035293056677468709 -0.063594081790079054
leaf_weight=591.915970391683 47.745434026699513 50.088720317464322 17.078400047495961 412.65252427035011 32.660019385162741 14.440699284561559
leaf_count=14533 162 62 96 940 39 119
internal_value=-3.56028e-06 -0.00279469 -0.0271139 0.000618021 0.00229779 0.000506227
internal_weight=1166.58 527.565 64.8238 462.741 639.017 606.357
internal_count=15951 1260 258 1002 14691 14652
is_linear=0
shrinkage=0.04


Tree=283
num_leaves=7
num_cat=0
split_feature=10 4 4 5 5 10
split_gain=4.65849 5.58807 18.9223 18.0956 39.9847 9.7
threshold=0.60390955103716515 0.20256410256410259 0.24190177638453506 0.56086163665374988 0.55860888821782684 0.71841686686076722
decision_type=2 2 2 2 2 2
left_child=-1 3 -3 4 -2 -4
right_child=1 2 5 -5 -6 -7
leaf_value=-0.034929854449114485 0.0066761902960818268 -0.037367827882147292 0.0086820073274509503 -0.041912657090967621 0.10401810070159728 -0.0015068546890627463
leaf_weight=5.8790257250166169 57.045239601789945 21.677433190103329 179.65574061521329 8.9133740115939855 7.4734224404965053 885.28391926246695
leaf_count=8958 2534 721 784 274 14 2666
internal_value=-3.64382e-06 0.000177626 -0.000543145 0.010843 0.0182691 0.00021144
internal_weight=1165.93 1160.05 1086.62 73.432 64.5187 1064.94
internal_count=15951 6993 4171 2822 2548 3450
is_linear=0
shrinkage=0.04


Tree=284
num_leaves=7
num_cat=0
split_feature=10 4 10 9 5 4
split_gain=4.76975 38.4913 32.2911 17.9556 17.9581 16.2598
threshold=0.68565848958040432 0.49242424242424249 0.69262900570849106 0.28636363636363643 0.34028079316833121 0.19782608695652179
decision_type=2 2 2 2 2 2
left_child=1 3 -2 4 -1 -4
right_child=2 -3 5 -5 -6 -7
leaf_value=0.01374579407869893 0.034168433772937643 0.035953951201778127 -0.037404879666962591 0.033885326782933045 -0.038159434645359418 2.5198392103316174e-05
leaf_weight=12.94797256919446 44.227279961436579 23.849394967779517 18.718160680004075 8.0614991138572787 56.775798567476158 1001.0246983332036
leaf_count=6254 189 21 1152 69 4693 3573
internal_value=-4.47096e-06 -0.00827636 0.000785221 -0.0219207 -0.0284801 -0.000667098
internal_weight=1165.6 101.635 1063.97 77.7853 69.7238 1019.74
internal_count=15951 11037 4914 11016 10947 4725
is_linear=0
shrinkage=0.04


Tree=285
num_leaves=7
num_cat=0
split_feature=0 4 5 6 10 6
split_gain=4.74298 5.66088 7.67645 23.2087 7.23503 1.52214
threshold=1.0000000180025095e-35 0.88194444444444453 0.82904856075587785 0.76388888888888895 0.80716956988452304 0.84523809523809534
decision_type=2 2 2 2 2 2
left_child=1 2 4 -4 -1 -2
right_child=5 -3 3 -5 -6 -7
leaf_value=-0.0039821417830441944 0.017097455733181961 0.02663848065839226 -0.0089649180989488635 -0.12132478074053596 0.0027237516970552733 -0.00072329166334826557
leaf_weight=441.7014583330274 33.09267693432048 11.955186838284133 47.660101860295981 2.9442701432853928 616.39350504842878 9.6674840988125634
leaf_count=13773 270 34 116 16 1687 55
internal_value=-4.23484e-06 -0.000505874 -0.000805128 -0.0159935 -7.39554e-05 0.0130373
internal_weight=1163.41 1120.65 1108.7 50.6044 1058.09 42.7602
internal_count=15951 15626 15592 132 15460 325
is_linear=0
shrinkage=0.04


Tree=286
num_leaves=7
num_cat=0
split_feature=7 10 10 10 5 6
split_gain=4.65148 4.91955 15.6881 22.9433 14.6917 33.3368
threshold=1.0000000180025095e-35 0.91252157229295239 0.89650068494268631 0.90128164442295045 0.68541963390831895 0.16025641025641027
decision_type=2 2 2 2 2 2
left_child=-1 2 -2 -4 -3 -6
right_child=1 4 3 -5 5 -7
leaf_value=-0.038181298500425169 0.00033803010237032333 0.023082263665891598 -0.072566820773137947 -0.0083133721641713808 -0.072463283780659499 0.0053056446131263639
leaf_weight=4.8843267481843204 952.3540585407809 56.114492454333231 11.092569948174058 42.614882382797077 9.6276486846618337 85.604241975583136
leaf_count=717 14713 93 55 114 50 209
internal_value=-3.92873e-06 0.000162023 -0.0008481 -0.0218412 0.00688218 -0.00267098
internal_weight=1162.29 1157.41 1006.06 53.7075 151.346 95.2319
internal_count=15951 15234 14882 169 352 259
is_linear=0
shrinkage=0.04


Tree=287
num_leaves=7
num_cat=0
split_feature=9 9 9 6 10 10
split_gain=4.55544 12.5384 11.5432 25.8825 11.1714 7.70553
threshold=0.65714285714285725 0.41428571428571431 0.28636363636363643 0.37980769230769235 0.90128164442295045 0.68365838686588087
decision_type=2 2 2 2 2 2
left_child=1 2 5 -4 -3 -1
right_child=-2 4 3 -5 -6 -7
leaf_value=-0.012155475650647398 0.040138168421568164 -0.072868184513074738 -0.065432922828610407 0.036009434598902823 0.035306803807841909 0.00043250065534631546
leaf_weight=83.948781780713034 4.3051566183567038 6.4677900511887838 4.4332963168853885 30.485694657836575 1.8205363899469373 1029.7322410467787
leaf_count=10906 5 54 62 45 9 4870
internal_value=-4.58074e-06 -0.000162605 0.000193578 0.0227741 -0.0485998 -0.000516592
internal_weight=1161.19 1156.89 1148.6 34.919 8.28833 1113.68
internal_count=15951 15946 15883 107 63 15776
is_linear=0
shrinkage=0.04


Tree=288
num_leaves=7
num_cat=0
split_feature=4 4 9 4 10 6
split_gain=4.60864 25.3778 23.1604 22.5504 47.6246 38.0815
threshold=0.41801075268817212 0.45643939393939398 0.28636363636363643 0.41042780748663105 0.77240113293018187 0.19375000000000003
decision_type=2 2 2 2 2 2
left_child=3 2 -2 -1 5 -5
right_child=1 -3 -4 4 -6 -7
leaf_value=0.00013000612693959488 -0.036537559239159204 0.00051342346183328011 0.029021466277206854 0.10513365429917018 -0.014471958448258406 0.0059564675842852625
leaf_weight=587.20127206274992 54.453833087580279 460.43739788443781 10.047454252839087 15.316123437136413 21.96711668651551 10.427076663821934
leaf_count=14586 249 1002 9 11 67 27
internal_value=-4.21421e-06 -0.00277835 -0.0262363 0.00228642 0.0286737 0.0653954
internal_weight=1159.85 524.939 64.5013 634.912 47.7103 25.7432
internal_count=15951 1260 258 14691 105 38
is_linear=0
shrinkage=0.04


Tree=289
num_leaves=7
num_cat=0
split_feature=4 4 4 10 10 5
split_gain=4.51475 18.0406 16.9185 37.4042 31.2391 29.8258
threshold=0.20256410256410259 0.24190177638453506 0.19782608695652179 0.7346014413985178 0.75201996512861913 0.36245805369127521
decision_type=2 2 2 2 2 2
left_child=2 -2 5 -4 -5 -1
right_child=1 -3 3 4 -6 -7
leaf_value=0.025717360528093341 -0.036875105541589959 6.707690484123363e-05 -0.053309151867165908 0.082990707406683933 -0.041775372541534572 -0.036351548387175837
leaf_weight=25.245143869906315 21.378165487836668 1062.889448002883 5.8060304216051035 17.022529013920579 3.7928790298756203 23.923336621404815
leaf_count=6869 929 3745 206 18 102 4082
internal_value=-3.96258e-06 -0.000666123 0.00941955 0.0349843 0.0599801 -0.0044672
internal_weight=1160.06 1084.27 75.7899 26.6214 20.8154 49.1685
internal_count=15951 4674 11277 326 120 10951
is_linear=0
shrinkage=0.04


Tree=290
num_leaves=7
num_cat=0
split_feature=0 7 4 4 6 6
split_gain=4.60674 5.34354 5.79246 11.897 2.59142 1.53771
threshold=1.0000000180025095e-35 1.0000000180025095e-35 0.82085561497326209 0.80625000000000013 0.81666666666666676 0.84523809523809534
decision_type=2 2 2 2 2 2
left_child=1 -1 3 -3 -4 -2
right_child=5 2 4 -5 -6 -7
leaf_value=-0.043545478393484827 0.016974816559043038 -0.00056636681307996295 0.031020523662506964 -0.10830473234137648 0.0023581770009299735 -0.00099213034760729725
leaf_weight=4.3959816945443881 32.914712105877697 1089.0838829265085 13.204319017007949 1.442624807357787 8.4059069827198964 9.6045636986382288
leaf_count=716 270 14846 29 7 28 55
internal_value=-5.59024e-06 -0.00050045 -0.000320708 -0.000730557 0.0200871 0.0128839
internal_weight=1159.05 1116.53 1112.14 1090.53 21.6102 42.5193
internal_count=15951 15626 14910 14853 57 325
is_linear=0
shrinkage=0.04


Tree=291
num_leaves=7
num_cat=0
split_feature=5 5 5 5 0 0
split_gain=4.44843 12.7654 9.47513 8.11645 0.981076 0.737631
threshold=0.28639781271360226 0.28850937619594341 0.31674917491749183 0.31852770418803905 1.0000000180025095e-35 1.0000000180025095e-35
decision_type=2 2 2 2 2 2
left_child=4 -2 5 -4 -1 -3
right_child=1 2 3 -5 -6 -7
leaf_value=-0.050425256412518195 0.053947366797839152 -0.056564442921491632 0.044628998533255852 -0.00020442574663792222 0.017249524639544416 0.011632185955798185
leaf_weight=3.1575130430537679 6.8096345957019357 4.9052019986957012 6.2975681341122245 1136.5245456180128 0.2379515916109084 0.15149636566638935
leaf_count=4951 64 838 64 10031 2 1
internal_value=-5.76518e-06 0.00013081 -0.000196049 4.86466e-05 -0.0444307 -0.053776
internal_weight=1158.08 1154.69 1147.88 1142.82 3.39546 5.0567
internal_count=15951 10998 10934 10095 4953 839
is_linear=0
shrinkage=0.04


Tree=292
num_leaves=7
num_cat=0
split_feature=7 6 6 5 4 4
split_gain=4.40125 11.557 18.1139 14.1502 8.52676 29.8868
threshold=0.75000000000000011 0.057189542483660136 0.21825396825396828 0.5558265582655828 0.31414473684210531 0.267479674796748
decision_type=2 2 2 2 2 2
left_child=4 -2 -3 -4 5 -1
right_child=1 2 3 -5 -6 -7
leaf_value=0.0024181135722757315 0.037445353935959012 -0.051372912017503575 0.031482583220171403 -0.012423219238385713 0.0012912767098841333 -0.027126412924778354
leaf_weight=169.26288026873408 17.67788635843317 8.8417436657364288 24.312611528876005 22.309790896484628 834.50874426052906 80.706868132416275
leaf_count=12567 84 138 76 79 2299 708
internal_value=-5.24547e-06 0.00947641 0.000423532 0.0104667 -0.000648204 -0.00712689
internal_weight=1157.62 73.142 55.4641 46.6224 1084.48 249.97
internal_count=15951 377 293 155 15574 13275
is_linear=0
shrinkage=0.04


Tree=293
num_leaves=7
num_cat=0
split_feature=4 10 4 6 5 5
split_gain=4.35929 23.7883 45.2324 25.0004 22.0167 35.7207
threshold=0.41801075268817212 0.71841686686076722 0.43614130434782611 0.46410256410256417 0.76224734498115809 0.71257183908045996
decision_type=2 2 2 2 2 2
left_child=4 3 -3 -2 5 -1
right_child=1 2 -4 -5 -6 -7
leaf_value=0.0020225480021978993 -0.052145467688352286 -0.073519565414033053 -0.003519450995872182 0.02921787159008116 0.034394770743622634 -0.06179937718315473
leaf_weight=586.65852656581774 6.5751032810658208 15.081339654978363 446.4923600750044 55.694502936676145 32.107393357437104 14.1745579037306
leaf_count=14533 58 82 1065 55 39 119
internal_value=-5.13891e-06 -0.00270543 -0.0058418 0.0204552 0.0022267 0.000493502
internal_weight=1156.78 523.843 461.574 62.2696 632.94 600.833
internal_count=15951 1260 1147 113 14691 14652
is_linear=0
shrinkage=0.04


Tree=294
num_leaves=7
num_cat=0
split_feature=0 4 4 4 5 5
split_gain=4.42807 5.30017 7.83243 22.2335 20.0265 1.51195
threshold=1.0000000180025095e-35 0.16441441441441443 0.20256410256410259 0.24190177638453506 0.56086163665374988 0.52364972834771506
decision_type=2 2 2 2 2 2
left_child=1 -1 4 -4 -3 -2
right_child=5 2 3 -5 -6 -7
leaf_value=-0.038500488403977455 -0.0022710912143259362 0.021057432354354911 -0.044501838339273833 -0.00035149328548751989 -0.046223677544917192 0.016439079247821814
leaf_weight=5.639650099878053 8.3888861201703531 58.734463057015091 18.383782472494204 1023.1042364605091 7.839501211536116 33.81380299362354
leaf_count=9954 51 1099 916 3452 205 274
internal_value=-5.60833e-06 -0.000490289 -0.000288112 -0.00114113 0.01299 0.0126796
internal_weight=1155.9 1113.7 1108.06 1041.49 66.574 42.2027
internal_count=15951 15626 5672 4368 1304 325
is_linear=0
shrinkage=0.04


Tree=295
num_leaves=7
num_cat=0
split_feature=9 9 9 6 10 10
split_gain=4.37144 12.0232 10.6825 24.1136 10.5179 7.32122
threshold=0.65714285714285725 0.41428571428571431 0.28636363636363643 0.37980769230769235 0.90128164442295045 0.68565848958040432
decision_type=2 2 2 2 2 2
left_child=1 2 5 -4 -3 -1
right_child=-2 4 3 -5 -6 -7
leaf_value=-0.011383129283530703 0.039978024807175785 -0.071988242425952337 -0.063272930940305047 0.035250186706785563 0.035075765271618813 0.00047561099412931604
leaf_weight=90.501081352483197 4.1578139811754218 6.2980156162229814 4.3867812119715373 29.642039049766026 1.7356697320938108 1018.0619506626535
leaf_count=10968 5 54 62 45 9 4808
internal_value=-7.02697e-06 -0.000160174 0.000185119 0.0221953 -0.0483241 -0.00049259
internal_weight=1154.78 1150.63 1142.59 34.0288 8.03369 1108.56
internal_count=15951 15946 15883 107 63 15776
is_linear=0
shrinkage=0.04


Tree=296
num_leaves=7
num_cat=0
split_feature=9 9 9 6 10 10
split_gain=4.18904 11.4033 10.0356 22.5722 9.9802 6.76139
threshold=0.65714285714285725 0.41428571428571431 0.28636363636363643 0.37980769230769235 0.90128164442295045 0.68565848958040432
decision_type=2 2 2 2 2 2
left_child=1 2 5 -4 -3 -1
right_child=-2 4 3 -5 -6 -7
leaf_value=-0.010949303116537945 0.039807966614708576 -0.070950263271711653 -0.060833858749649201 0.034614106378061241 0.034904024706350782 0.00045664021760615794
leaf_weight=90.334769619600593 4.0123442560434333 6.140670467138988 4.38815417207661 28.996139137074351 1.676619056612253 1017.9526477410946
leaf_count=10968 5 54 62 45 9 4808
internal_value=-6.55791e-06 -0.000154173 0.000177883 0.021721 -0.0476933 -0.000473044
internal_weight=1153.5 1149.49 1141.67 33.3843 7.81729 1108.29
internal_count=15951 15946 15883 107 63 15776
is_linear=0
shrinkage=0.04


Tree=297
num_leaves=7
num_cat=0
split_feature=5 4 4 4 4 4
split_gain=4.23438 38.0354 23.274 35.5512 16.2641 23.4168
threshold=0.39225068017637682 0.31909090909090915 0.26393188854489169 0.18634259259259262 0.19782608695652179 0.20256410256410259
decision_type=2 2 2 2 2 2
left_child=1 2 3 -1 -2 -6
right_child=4 -3 -4 -5 5 -7
leaf_value=0.02706745614599837 -0.036210629842366129 -0.082384417904961413 0.044734930192277762 -0.050682715410701906 0.038137027583193983 -0.00090144003426938875
leaf_weight=24.879424581764397 19.993583159385707 6.4296733951196066 29.405744866351597 14.856862487351462 24.984431618620874 1031.7141859116164
leaf_count=7537 3356 41 49 245 296 4427
internal_value=-6.09916e-06 0.00913194 0.0178842 -0.00206044 -0.000650921 2.67297e-05
internal_weight=1152.26 75.5717 69.142 39.7363 1076.69 1056.7
internal_count=15951 7872 7831 7782 8079 4723
is_linear=0
shrinkage=0.04


Tree=298
num_leaves=7
num_cat=0
split_feature=7 6 5 5 5 5
split_gain=4.22477 10.7155 17.4365 28.6221 8.6708 31.9346
threshold=0.75000000000000011 0.057189542483660136 0.46384282085761247 0.55051025667456976 0.55051025667456976 0.44497103738809901
decision_type=2 2 2 2 2 2
left_child=4 -2 -3 -4 5 -1
right_child=1 2 3 -5 -6 -7
leaf_value=0.0060561681813464411 0.036391993566114993 -0.05549076347363751 0.044296041919438804 -0.01779954313019802 0.0011928703728858138 -0.024294560149923185
leaf_weight=122.55031994181627 17.503294538691989 7.4422022334401836 21.024545921463869 26.740206419490278 855.51242260709478 100.92796274595639
leaf_count=9408 84 115 60 118 3167 2999
internal_value=-6.84281e-06 0.00931044 0.000587803 0.00956202 -0.000638172 -0.00765145
internal_weight=1151.7 72.7102 55.207 47.7648 1078.99 223.478
internal_count=15951 377 293 178 15574 12407
is_linear=0
shrinkage=0.04


Tree=299
num_leaves=7
num_cat=0
split_feature=0 7 4 4 6 6
split_gain=4.32972 5.09402 5.32577 10.8402 2.5691 1.57627
threshold=1.0000000180025095e-35 1.0000000180025095e-35 0.82085561497326209 0.80625000000000013 0.81666666666666676 0.84523809523809534
decision_type=2 2 2 2 2 2
left_child=1 -1 3 -3 -4 -2
right_child=5 2 4 -5 -6 -7
leaf_value=-0.043355407633869601 0.016724413969606979 -0.00054509351276131439 0.03065932043137665 -0.10239884452152788 0.0018239826679457925 -0.001588485766528411
leaf_weight=4.2182013082638141 32.555891500087455 1081.6549500676738 12.751874269917609 1.4747427254915226 8.2870730478316528 9.4677090947516245
leaf_count=716 270 14846 29 7 28 55
internal_value=-6.70491e-06 -0.00048727 -0.00031387 -0.000704498 0.0195196 0.0125633
internal_weight=1150.41 1108.39 1104.17 1083.13 21.0389 42.0236
internal_count=15951 15626 14910 14853 57 325
is_linear=0
shrinkage=0.04


Tree=300
num_leaves=7
num_cat=0
split_feature=4 10 4 6 5 5
split_gain=4.08246 23.2286 41.9945 23.5996 21.4499 56.5118
threshold=0.41801075268817212 0.71841686686076722 0.43614130434782611 0.46410256410256417 0.67462750409923722 0.64019704433497548
decision_type=2 2 2 2 2 2
left_child=4 3 -3 -2 5 -1
right_child=1 2 -4 -5 -6 -7
leaf_value=0.0022787747968428481 -0.051457798509426896 -0.071296237356105116 -0.00348527604221963 0.028860246371777736 0.016737574715274543 -0.048373813510595477
leaf_weight=461.87480130633685 6.3451050170697263 14.914965861011295 444.86258891015314 55.196471186354756 128.33832611532125 37.948685579423909
leaf_count=14022 58 82 1065 55 367 302
internal_value=-6.83687e-06 -0.00262473 -0.00571942 0.020407 0.00216275 -0.00158079
internal_weight=1149.48 521.319 459.778 61.5416 628.162 499.823
internal_count=15951 1260 1147 113 14691 14324
is_linear=0
shrinkage=0.04


Tree=301
num_leaves=7
num_cat=0
split_feature=0 4 4 4 10 6
split_gain=4.14114 5.05097 6.98391 20.822 18.9755 1.49336
threshold=1.0000000180025095e-35 0.16441441441441443 0.20256410256410259 0.24190177638453506 0.75201996512861913 0.84523809523809534
decision_type=2 2 2 2 2 2
left_child=1 -1 4 -4 -3 -2
right_child=5 2 3 -5 -6 -7
leaf_value=-0.038419325444892037 0.016438650986361554 0.020554345838016862 -0.044165851145132259 -0.00034111677212594031 -0.042783860564050452 -0.0013708103471153541
leaf_weight=5.3858897847212566 32.165080619743094 57.715994336744188 17.449257903823309 1017.990618546246 8.4993145742919278 9.5176105655264092
leaf_count=9954 270 1009 916 3452 295 55
internal_value=-7.37223e-06 -0.000476127 -0.000281871 -0.00108997 0.0122899 0.0123373
internal_weight=1148.72 1107.04 1101.66 1035.44 66.2153 41.6827
internal_count=15951 15626 5672 4368 1304 325
is_linear=0
shrinkage=0.04


Tree=302
num_leaves=7
num_cat=0
split_feature=5 4 5 5 2 6
split_gain=4.08396 27.8773 22.8108 21.0859 22.2435 20.8918
threshold=0.53368237347294956 0.37797619047619052 0.5361571791423877 0.47148664343786301 1.0000000180025095e-35 0.84523809523809534
decision_type=2 2 2 2 2 2
left_child=1 3 -2 4 -1 -5
right_child=2 -3 -4 5 -6 -7
leaf_value=-0.026859135345240634 0.059842332945612531 -0.045363304634920588 0.00046809425631290759 -0.034417124811953095 0.014447111385255887 0.047894870776732379
leaf_weight=24.919622013249864 10.271940158105279 24.062752754165558 921.75415283579605 38.699348202600959 122.39637053873412 5.4540052579250178
leaf_count=7184 58 137 3668 1775 3125 4
internal_value=-8.66528e-06 -0.00496993 0.00113731 0.000138083 0.00741935 -0.0240344
internal_weight=1147.56 215.532 932.026 191.469 147.316 44.1534
internal_count=15951 12225 3726 12088 10309 1779
is_linear=0
shrinkage=0.04


Tree=303
num_leaves=7
num_cat=0
split_feature=9 9 9 6 10 10
split_gain=4.02448 10.8272 9.58254 21.0103 9.36643 6.82474
threshold=0.65714285714285725 0.41428571428571431 0.28636363636363643 0.37980769230769235 0.90128164442295045 0.80716956988452304
decision_type=2 2 2 2 2 2
left_child=1 2 5 -4 -3 -1
right_child=-2 4 3 -5 -6 -7
leaf_value=-0.004348990778907675 0.039653254341126161 -0.069849838995534666 -0.058637428933632905 0.034058309848760418 0.034669232334582384 0.0020832682218919867
leaf_weight=436.94693473473581 3.8784595578908911 5.9772345295787082 4.3336817806484751 28.382297947158804 1.6014052815735338 665.5629051803262
leaf_count=13774 5 54 62 45 9 2002
internal_value=-8.60181e-06 -0.000151871 0.000168603 0.021437 -0.0471838 -0.000464479
internal_weight=1146.68 1142.8 1135.23 32.716 7.57864 1102.51
internal_count=15951 15946 15883 107 63 15776
is_linear=0
shrinkage=0.04


Tree=304
num_leaves=7
num_cat=0
split_feature=0 10 10 10 4 6
split_gain=4.01194 4.92135 5.91009 30.9417 20.6094 1.48213
threshold=1.0000000180025095e-35 0.60390955103716515 0.71841686686076722 0.7346014413985178 0.37171052631578955 0.84523809523809534
decision_type=2 2 2 2 2 2
left_child=1 -1 4 -4 -3 -2
right_child=5 2 3 -5 -6 -7
leaf_value=-0.039712114051306785 0.016284020319625253 -0.0049277868917654635 -0.054341045725836999 -0.00066746301492482979 0.020113627219180415 -0.0014898085326552257
leaf_weight=4.8903228911385659 31.952166125178337 124.09539023201614 17.335090411641431 866.48050312878331 90.869978304370306 9.4906012341380102
leaf_count=8957 270 2698 376 3413 182 55
internal_value=-7.9664e-06 -0.000469487 -0.000285816 -0.00173453 0.00565726 0.0121781
internal_weight=1145.11 1103.67 1098.78 883.816 214.965 41.4428
internal_count=15951 15626 6669 3789 2880 325
is_linear=0
shrinkage=0.04


Tree=305
num_leaves=7
num_cat=0
split_feature=4 4 4 10 10 10
split_gain=4.03917 22.2092 20.7584 43.068 35.3583 45.6527
threshold=0.41801075268817212 0.45643939393939398 0.41042780748663105 0.77240113293018187 0.80716956988452304 0.8202257272973591
decision_type=2 2 2 2 2 2
left_child=2 -2 4 -4 -1 -6
right_child=1 -3 3 -5 5 -7
leaf_value=-0.0095765869836171268 -0.024879180173647195 0.00045233970626994835 0.061866164511941914 -0.013896191180851223 0.039685141798648509 0.001369328894264102
leaf_weight=296.36126122320638 62.802451315335929 456.37338961847126 26.1264020036906 21.892417328432202 64.576466597514809 215.12977480134577
leaf_count=13484 258 1002 38 67 199 903
internal_value=-8.51289e-06 -0.00261645 0.00215797 0.0273693 4.42083e-05 0.0102446
internal_weight=1143.26 519.176 624.086 48.0188 576.068 279.706
internal_count=15951 1260 14691 105 14586 1102
is_linear=0
shrinkage=0.04


Tree=306
num_leaves=7
num_cat=0
split_feature=5 4 4 4 4 4
split_gain=4.18574 35.2192 21.7623 32.9372 15.0568 21.3728
threshold=0.39225068017637682 0.31909090909090915 0.26393188854489169 0.18634259259259262 0.19782608695652179 0.20256410256410259
decision_type=2 2 2 2 2 2
left_child=1 2 3 -1 -2 -6
right_child=4 -3 -4 -5 5 -7
leaf_value=0.025948669534964466 -0.035698950582064438 -0.079173143375967911 0.043762823743071728 -0.050103397027087312 0.036308414820967971 -0.00090236922550803703
leaf_weight=24.676392387589658 19.056261543972141 6.3828827133402219 29.049704907811247 14.1743990321047 25.106994654692244 1024.437286614444
leaf_count=7537 3356 41 49 245 296 4427
internal_value=-7.87991e-06 0.00915862 0.0176996 -0.0018616 -0.000648552 -3.56686e-06
internal_weight=1142.88 74.2834 67.9005 38.8508 1068.6 1049.54
internal_count=15951 7872 7831 7782 8079 4723
is_linear=0
shrinkage=0.04


Tree=307
num_leaves=7
num_cat=0
split_feature=7 5 10 5 5 2
split_gain=4.02929 10.0239 16.4736 15.7666 12.3846 11.3556
threshold=0.75000000000000011 0.55051025667456976 0.87092996695210745 0.40783086356668374 0.6802061855670104 1.0000000180025095e-35
decision_type=2 2 2 2 2 2
left_child=-1 3 -3 -2 -4 -5
right_child=1 2 4 5 -6 -7
leaf_value=-0.00062708790131596806 -0.047873693458504597 -0.055224465575725121 -0.037763784977369007 -0.048283689906586935 0.024405527437435209 0.039766099982098034
leaf_weight=1070.317259080548 4.1606548462405035 8.1515186439501104 6.6125499345362213 2.3517290045565451 20.436328133568168 30.288565466587897
leaf_count=15574 88 71 42 36 32 108
internal_value=-8.48999e-06 0.00913568 -0.00606873 0.0236871 0.00896818 0.0331058
internal_weight=1142.32 72.0013 35.2004 36.8009 27.0489 32.6403
internal_count=15951 377 145 232 74 144
is_linear=0
shrinkage=0.04


Tree=308
num_leaves=7
num_cat=0
split_feature=5 4 4 10 4 4
split_gain=3.97897 32.6178 20.3112 30.9026 14.2718 19.5091
threshold=0.39225068017637682 0.31909090909090915 0.26393188854489169 0.68823262240211724 0.19782608695652179 0.20256410256410259
decision_type=2 2 2 2 2 2
left_child=1 2 3 -1 -2 -6
right_child=4 -3 -4 -5 5 -7
leaf_value=0.027000230316608011 -0.03518797091997445 -0.076071860129507451 0.042633834211723766 -0.04589339721014845 0.034484431919968805 -0.00087468573437552105
leaf_weight=23.418011882333303 18.586045422829557 6.3723982730880371 28.674914646777324 15.152177344076334 25.389988450711826 1024.1761603880841
leaf_count=7405 3356 41 49 377 296 4427
internal_value=-9.09995e-06 0.0089708 0.0172611 -0.00167324 -0.000631434 -1.10034e-05
internal_weight=1141.77 73.6175 67.2451 38.5702 1068.15 1049.57
internal_count=15951 7872 7831 7782 8079 4723
is_linear=0
shrinkage=0.04


Tree=309
num_leaves=7
num_cat=0
split_feature=0 7 4 4 6 6
split_gain=4.01357 4.84414 5.00435 9.85073 2.4996 1.4615
threshold=1.0000000180025095e-35 1.0000000180025095e-35 0.82085561497326209 0.80625000000000013 0.81666666666666676 0.84523809523809534
decision_type=2 2 2 2 2 2
left_child=1 -1 3 -3 -4 -2
right_child=5 2 4 -5 -6 -7
leaf_value=-0.043151898409439941 0.016263282210131572 -0.00052957480363684988 0.030342322189218725 -0.0969811831450378 0.0017100483286917496 -0.001368065899933405
leaf_weight=4.0393441006999629 31.922342038946226 1073.5927351720438 12.379385545849802 1.4972001463174809 8.261382735334335 9.5181791107170266
leaf_count=716 270 14846 29 7 28 55
internal_value=-9.55752e-06 -0.000472766 -0.000305761 -0.000683769 0.0191047 0.0121785
internal_weight=1141.21 1099.77 1095.73 1075.09 20.6408 41.4405
internal_count=15951 15626 14910 14853 57 325
is_linear=0
shrinkage=0.04


Tree=310
num_leaves=7
num_cat=0
split_feature=9 10 4 6 6 4
split_gain=3.87738 9.10059 14.2379 18.6917 9.27561 10.7235
threshold=0.15476190476190479 0.84737201290367392 0.35388994307400384 0.36931818181818188 0.52272727272727282 0.36602870813397131
decision_type=2 2 2 2 2 2
left_child=-1 4 -3 -4 5 -2
right_child=1 2 3 -5 -6 -7
leaf_value=-0.00082035138520038795 0.00047006132315023153 0.025935238071784914 -0.10058460429449079 -0.0098875980618861586 -0.050813282958871969 0.031739542057763297
leaf_weight=1017.9804950009748 30.852294099844585 14.430837619351221 3.9780926210805765 29.123200120404363 3.0376978642307213 40.915902214124799
leaf_count=15243 472 29 25 126 20 36
internal_value=-9.57547e-06 0.00671094 -0.00692895 -0.0213862 0.0153998 0.0183636
internal_weight=1140.32 122.338 47.5321 33.1013 74.8059 71.7682
internal_count=15951 708 180 151 528 508
is_linear=0
shrinkage=0.04


Tree=311
num_leaves=7
num_cat=0
split_feature=0 4 5 6 10 4
split_gain=3.85675 4.71394 7.25049 22.9569 7.49149 1.38445
threshold=1.0000000180025095e-35 0.88194444444444453 0.82904856075587785 0.37980769230769235 0.80716956988452304 0.97368421052631582
decision_type=2 2 2 2 2 2
left_child=1 2 4 -4 -1 -2
right_child=5 -3 3 -5 -6 -7
leaf_value=-0.004067209309645139 0.014020701576270628 0.02538262337403404 -0.071408476171309979 -0.0024111186661500048 0.0028359070765188615 -0.013827437535886014
leaf_weight=427.84582657813462 38.293457669904456 10.972773958928881 9.3451885888352972 40.690868124365807 609.77480295346322 2.8563467385247341
leaf_count=13773 314 34 57 75 1687 11
internal_value=-9.01952e-06 -0.000462061 -0.000729251 -0.0155705 -8.78775e-06 0.0119818
internal_weight=1139.78 1098.63 1087.66 50.0361 1037.62 41.1498
internal_count=15951 15626 15592 132 15460 325
is_linear=0
shrinkage=0.04


Tree=312
num_leaves=7
num_cat=0
split_feature=5 4 4 4 4 4
split_gain=3.83115 30.3868 19.043 29.831 13.5375 18.0435
threshold=0.39225068017637682 0.31909090909090915 0.26393188854489169 0.18634259259259262 0.19782608695652179 0.20256410256410259
decision_type=2 2 2 2 2 2
left_child=1 2 3 -1 -2 -6
right_child=4 -3 -4 -5 5 -7
leaf_value=0.024715404291534227 -0.03478886437294805 -0.073475237915391317 0.041641793604474668 -0.048567413711599131 0.03300760993871607 -0.0008576977637251938
leaf_weight=24.615904521475386 18.033260444320149 6.3318832744844249 28.324438100098632 13.644069337628023 25.608370216446929 1021.7271352734097
leaf_count=7537 3356 41 49 245 296 4427
internal_value=-8.87572e-06 0.00884675 0.0169017 -0.00148298 -0.000618399 -2.1605e-05
internal_weight=1138.29 72.9163 66.5844 38.26 1065.37 1047.34
internal_count=15951 7872 7831 7782 8079 4723
is_linear=0
shrinkage=0.04


Tree=313
num_leaves=7
num_cat=0
split_feature=7 5 10 4 4 4
split_gain=3.87031 9.4837 15.4812 14.3614 11.905 8.5469
threshold=0.75000000000000011 0.55051025667456976 0.87092996695210745 0.26006441223832533 0.38585607940446659 0.31414473684210531
decision_type=2 2 2 2 2 2
left_child=5 3 -3 -2 -4 -1
right_child=1 2 4 -5 -6 -7
leaf_value=-0.0072271929195285387 -0.034032156433344535 -0.053924998377845361 -0.04845412261990073 0.034116969663215604 0.021009706668876728 0.0013222371614897309
leaf_weight=241.70197820354406 5.6972127942462967 8.0207573048537579 4.5872150044888285 30.650363018852659 22.17511151288636 824.87961957708467
leaf_count=13275 184 71 33 48 41 2299
internal_value=-9.37278e-06 0.00900953 -0.00586484 0.0232526 0.00875793 -0.000614298
internal_weight=1137.71 71.1307 34.7831 36.3476 26.7623 1066.58
internal_count=15951 377 145 232 74 15574
is_linear=0
shrinkage=0.04


Tree=314
num_leaves=7
num_cat=0
split_feature=9 9 9 6 10 10
split_gain=3.801 10.1574 9.4695 19.4697 8.648 6.29922
threshold=0.65714285714285725 0.41428571428571431 0.28636363636363643 0.37980769230769235 0.90128164442295045 0.68365838686588087
decision_type=2 2 2 2 2 2
left_child=1 2 5 -4 -3 -1
right_child=-2 4 3 -5 -6 -7
leaf_value=-0.011300296474555225 0.039418391220171864 -0.068520534516879547 -0.05613446039077908 0.033793361629311146 0.034359317332640429 0.00038037774147242647
leaf_weight=79.45951181268174 3.6982857882976523 5.7775145967971175 4.2666502310821661 27.835733875486767 1.5106748081743715 1013.7484378060162
leaf_count=10906 5 54 62 45 9 4870
internal_value=-9.63022e-06 -0.000147077 0.000160102 0.0215058 -0.0465807 -0.000468711
internal_weight=1136.3 1132.6 1125.31 32.1024 7.28819 1093.21
internal_count=15951 15946 15883 107 63 15776
is_linear=0
shrinkage=0.04


Tree=315
num_leaves=7
num_cat=0
split_feature=10 10 4 6 5 10
split_gain=3.91041 26.7941 19.6943 37.7843 35.515 24.1731
threshold=0.71841686686076722 0.7346014413985178 0.37171052631578955 0.46410256410256417 0.36245805369127521 0.69262900570849106
decision_type=2 2 2 2 2 2
left_child=2 -2 4 -4 -1 -6
right_child=1 -3 3 -5 5 -7
leaf_value=0.027408502258972123 -0.050567293433565058 -0.00020963934774466769 -0.049969458633073262 0.028398330468924989 -0.0076423260378752425 -0.057017635870203608
leaf_weight=37.140426181260409 17.031418567314176 899.11031629207355 11.004701624449806 80.789523996878415 69.620555314564626 20.43081393659304
leaf_count=6872 378 3717 123 99 4288 474
internal_value=-9.04511e-06 -0.00115882 0.00478866 0.0188933 -0.00538862 -0.0189683
internal_weight=1135.13 916.142 218.986 91.7942 127.192 90.0514
internal_count=15951 4095 11856 222 11634 4762
is_linear=0
shrinkage=0.04


Tree=316
num_leaves=7
num_cat=0
split_feature=5 14 4 4 10 10
split_gain=3.90335 27.7795 37.4422 35.6959 50.9469 38.6946
threshold=0.62755527743012107 1.0000000180025095e-35 0.41277890466531447 0.39565217391304358 0.76735069047186444 0.85600847496473875
decision_type=2 2 2 2 2 2
left_child=-1 2 -2 5 -5 -3
right_child=1 3 -4 4 -6 -7
leaf_value=0.0024336261388531381 0.026645993161263943 -0.07035465614379445 -0.0030991029095909094 0.038991882945559109 -0.013447530770326666 -0.0068898716078502221
leaf_weight=543.1599195925628 94.533184291765792 30.634304252678703 236.94223783141933 36.155284263193607 160.22304905485362 30.899825946558849
leaf_count=14150 304 300 646 47 387 117
internal_value=-1.03086e-05 -0.00226601 0.0053888 -0.0121085 -0.00375287 -0.0386433
internal_weight=1132.55 589.388 331.475 257.912 196.378 61.5341
internal_count=15951 1801 950 851 434 417
is_linear=0
shrinkage=0.04


Tree=317
num_leaves=7
num_cat=0
split_feature=10 4 5 5 4 10
split_gain=3.81423 4.50581 14.3617 26.9147 13.5148 7.71474
threshold=0.56643087437631123 0.20256410256410259 0.56086163665374988 0.55860888821782684 0.24190177638453506 0.71841686686076722
decision_type=2 2 2 2 2 2
left_child=-1 2 3 -2 -3 -6
right_child=1 4 -4 -5 5 -7
leaf_value=-0.039385825578593714 0.006037961582827862 -0.034498138584441111 -0.040677870986837776 0.083436618898901319 0.0078623836723096547 -0.0014470360132111501
leaf_weight=3.7228359306245684 54.331693056721633 18.20954451628495 7.7552426566035129 8.1063149387337017 170.09005041464115 870.18733980122488
leaf_count=8139 3178 772 301 16 879 2666
internal_value=-1.01417e-05 0.000124918 0.00992579 0.0163529 -0.000524887 7.43927e-05
internal_weight=1132.4 1128.68 70.1933 62.438 1058.49 1040.28
internal_count=15951 7812 3495 3194 4317 3545
is_linear=0
shrinkage=0.04


Tree=318
num_leaves=7
num_cat=0
split_feature=5 5 10 10 5 10
split_gain=3.8838 42.6703 25.4262 26.4987 22.9711 47.5445
threshold=0.5920526315789475 0.57185886402753883 0.88679982189991269 0.8202257272973591 0.62345301757066474 0.81002040965753086
decision_type=2 2 2 2 2 2
left_child=1 2 3 -1 5 -2
right_child=4 -3 -4 -5 -6 -7
leaf_value=0.0029130488127985135 -0.019808345038965752 -0.041704393422992779 0.027907426784973322 -0.028100732312305508 -0.0019995180332806682 0.028259411762147
leaf_weight=220.88893741070842 45.40299125294041 41.09035365255113 49.150841369861155 54.838441807558411 602.57309591727244 118.13397485541645
leaf_count=12612 357 403 87 433 1857 202
internal_value=-1.04557e-05 -0.00340092 0.00146019 -0.00326382 0.00160702 0.0148942
internal_weight=1132.08 365.969 324.878 275.727 766.11 163.537
internal_count=15951 13535 13132 13045 2416 559
is_linear=0
shrinkage=0.04


Tree=319
num_leaves=7
num_cat=0
split_feature=0 4 4 4 10 10
split_gain=3.88201 4.59377 6.02967 17.8053 16.9767 1.42409
threshold=1.0000000180025095e-35 0.16441441441441443 0.20256410256410259 0.24190177638453506 0.75201996512861913 0.78920851973505213
decision_type=2 2 2 2 2 2
left_child=1 -1 4 -4 -3 -2
right_child=5 2 3 -5 -6 -7
leaf_value=-0.038253143954090241 0.026080441480080405 0.019373371318906693 -0.043448511403608066 -0.00037726049398637012 -0.042505932894321648 0.0079117484049251174
leaf_weight=4.9246857227144565 8.9449390952941013 56.152934726414969 15.397165701488118 1005.3840710335935 7.908813339774496 32.245400332845747
leaf_count=9954 57 1009 916 3452 295 268
internal_value=-9.54647e-06 -0.000467906 -0.000287516 -0.00103728 0.0115944 0.0120126
internal_weight=1130.96 1089.77 1084.84 1020.78 64.0617 41.1903
internal_count=15951 15626 5672 4368 1304 325
is_linear=0
shrinkage=0.04


Tree=320
num_leaves=7
num_cat=0
split_feature=10 5 4 5 14 6
split_gain=3.84777 10.2425 21.4034 8.47176 12.4631 7.34561
threshold=0.92710244076534798 0.7834192439862544 0.58957219251336912 0.62004366812227085 1.0000000180025095e-35 0.46410256410256417
decision_type=2 2 2 2 2 2
left_child=-1 3 -3 4 -2 -4
right_child=1 2 5 -5 -6 -7
leaf_value=-0.0007008811495084077 0.034060647981776868 -0.090973753841095836 0.024526036500025796 0.024690871646423175 -0.12484722721636392 -0.011176023902281323
leaf_weight=1039.513624768606 1.4542933441698551 4.1088304554577908 15.137319900561122 45.431660230038688 1.34115982428193 22.869253818877041
leaf_count=15699 16 25 21 81 8 101
internal_value=-1.03913e-05 0.00789654 -0.0064669 0.0204559 -0.0447556 0.00304506
internal_weight=1129.86 90.3425 42.1154 48.2271 2.79545 38.0066
internal_count=15951 252 147 105 24 122
is_linear=0
shrinkage=0.04


Tree=321
num_leaves=7
num_cat=0
split_feature=9 5 4 6 6 10
split_gain=3.85404 13.4357 21.4487 11.9714 8.66826 6.68961
threshold=0.28636363636363643 0.65353005888824189 0.58957219251336912 0.37980769230769235 0.52272727272727282 0.68565848958040432
decision_type=2 2 2 2 2 2
left_child=5 3 4 -2 -3 -1
right_child=1 2 -4 -5 -6 -7
leaf_value=-0.011169698592264538 -0.036752482881940544 -0.13297186283654111 0.027019559894448056 0.038443464685551904 -0.035909803276359745 0.00044405833931902112
leaf_weight=85.970875412773239 3.7476485591832924 2.1395220197737199 7.5909613519906998 24.07016083340568 4.8444309458136559 1000.8938512099267
leaf_count=10968 65 13 24 36 37 4808
internal_value=-1.03963e-05 0.0117911 -0.0190679 0.0280516 -0.0687971 -0.000474635
internal_weight=1129.26 42.3927 14.5749 27.8178 6.98395 1086.86
internal_count=15951 175 74 101 50 15776
is_linear=0
shrinkage=0.04


Tree=322
num_leaves=7
num_cat=0
split_feature=7 6 5 5 5 5
split_gain=3.79881 9.50334 15.1642 23.5141 7.73946 30.8284
threshold=0.75000000000000011 0.057189542483660136 0.46384282085761247 0.55051025667456976 0.55051025667456976 0.53861852433281021
decision_type=2 2 2 2 2 2
left_child=4 -2 -3 -4 5 -1
right_child=1 2 3 -5 -6 -7
leaf_value=-0.0030969761690467015 0.035098868811393215 -0.053432951142618833 0.041097739710495233 -0.015957797253154878 0.0011138263830143156 -0.061048653926243174
leaf_weight=199.08059180508826 16.73609402506554 6.9742824731110877 20.349908004456665 26.178381753154099 843.27316043564497 15.66978447036581
leaf_count=12124 84 115 60 118 3167 283
internal_value=-1.04611e-05 0.0089824 0.000675402 0.00902267 -0.000610942 -0.00738773
internal_weight=1128.26 70.2387 53.5026 46.5283 1058.02 214.75
internal_count=15951 377 293 178 15574 12407
is_linear=0
shrinkage=0.04


Tree=323
num_leaves=7
num_cat=0
split_feature=7 10 5 4 5 10
split_gain=3.71019 3.83737 9.25055 20.0407 7.02532 50.7693
threshold=1.0000000180025095e-35 0.92710244076534798 0.7834192439862544 0.58957219251336912 0.62755527743012107 0.87450463450452898
decision_type=2 2 2 2 2 2
left_child=-1 4 -3 -4 -2 -6
right_child=1 2 3 -5 5 -7
leaf_value=-0.03695925552161379 0.0026295373897152873 0.020239249853454901 -0.087499284399292027 0.0037147160964500288 0.0027116784886806904 -0.028290795441509611
leaf_weight=4.1319872507965547 534.93925008066253 47.017732650740072 4.0901710679754606 37.52032034797594 392.01994631409616 107.50492583517917
leaf_count=717 13522 98 24 118 1133 339
internal_value=-1.06767e-05 0.000130037 0.00810986 -0.00557914 -0.000553141 -0.00396515
internal_weight=1127.22 1123.09 88.6282 41.6105 1034.46 499.525
internal_count=15951 15234 240 142 14994 1472
is_linear=0
shrinkage=0.04


Tree=324
num_leaves=7
num_cat=0
split_feature=5 5 5 6 4 10
split_gain=3.78071 25.8494 21.769 21.7424 21.7378 19.1635
threshold=0.53368237347294956 0.47699364855328169 0.5361571791423877 0.84523809523809534 0.36602870813397131 0.91993804237829468
decision_type=2 2 2 2 2 2
left_child=1 4 -2 -3 -1 -6
right_child=2 3 -4 -5 5 -7
leaf_value=0.00765507956172425 0.058285797570919659 -0.039301401728811275 0.0004248794620249654 0.04267571167857917 -0.073139076661108748 0.03281508678525831
leaf_weight=144.08471741382255 10.325455974369104 44.428979021253326 909.37416553412731 5.6669534605462095 9.9718626472167653 3.5707265436649314
leaf_count=10473 58 1672 3668 7 70 3
internal_value=-1.00867e-05 -0.00488314 0.00108919 -0.0298554 0.00306846 -0.044986
internal_weight=1127.42 207.723 919.7 50.0959 157.627 13.5426
internal_count=15951 12225 3726 1679 10546 73
is_linear=0
shrinkage=0.04


Tree=325
num_leaves=7
num_cat=0
split_feature=0 4 5 4 4 6
split_gain=3.83484 4.49251 7.14981 6.96476 2.14869 1.40447
threshold=1.0000000180025095e-35 0.88194444444444453 0.90611995104039178 0.87083333333333346 0.80625000000000013 0.84523809523809534
decision_type=2 2 2 2 2 2
left_child=1 2 3 -1 -4 -2
right_child=5 -3 4 -5 -6 -7
leaf_value=-0.0004020325277892764 0.01599899531861133 0.025042265472881815 -0.077707187264964117 -0.096318138812435367 -0.018905790753965281 -0.0012942832340346391
leaf_weight=1069.3788031863533 31.563069764059037 10.731070706620811 2.1694361045956603 1.0128778871148814 2.2004742436110973 9.5324451855849457
leaf_count=15568 270 34 11 6 7 55
internal_value=-9.77402e-06 -0.000466609 -0.000727777 -0.00051264 -0.0506586 0.0119524
internal_weight=1126.59 1085.49 1074.76 1070.39 4.36991 41.0955
internal_count=15951 15626 15592 15574 18 325
is_linear=0
shrinkage=0.04


Tree=326
num_leaves=7
num_cat=0
split_feature=10 10 10 4 10 4
split_gain=3.6033 4.13924 26.3136 75.1749 34.1744 17.6104
threshold=0.56643087437631123 0.71841686686076722 0.76519692767719005 0.20256410256410259 0.77240113293018187 0.37171052631578955
decision_type=2 2 2 2 2 2
left_child=-1 5 3 -3 -4 -2
right_child=1 2 4 -5 -6 -7
leaf_value=-0.039207463242061258 -0.0046541570570306605 0.038219423155642807 0.038071979195900718 -0.044215293795548394 -0.00061567027986647279 0.018722611399991086
leaf_weight=3.5402534465174531 122.43888565531506 24.155580689235649 38.112705537747388 64.585896518721711 784.51625298176805 88.680414872447727
leaf_count=8139 3517 455 189 616 2835 200
internal_value=-1.02201e-05 0.000118586 -0.00104891 -0.0217185 0.00118313 0.00516419
internal_weight=1126.03 1122.49 911.37 88.7415 822.629 211.119
internal_count=15951 7812 4095 1071 3024 3717
is_linear=0
shrinkage=0.04


Tree=327
num_leaves=7
num_cat=0
split_feature=9 5 4 6 6 10
split_gain=3.78443 12.6841 19.7408 11.2255 7.27439 6.54697
threshold=0.28636363636363643 0.65353005888824189 0.58957219251336912 0.37980769230769235 0.52272727272727282 0.80716956988452304
decision_type=2 2 2 2 2 2
left_child=5 3 4 -2 -3 -1
right_child=1 2 -4 -5 -6 -7
leaf_value=-0.0043506127953865971 -0.03492799616231064 -0.12305908765140597 0.02668221074015498 0.038022531070855813 -0.03468606102282331 0.0020196209419153211
leaf_weight=423.47161542480262 3.7445626813059816 2.2250805944204313 7.4150037951767445 23.561511341860751 4.7762179598212242 660.1804253137816
leaf_count=13774 65 13 24 36 37 2002
internal_value=-1.0363e-05 0.0117801 -0.0183253 0.0277647 -0.0656873 -0.000468249
internal_weight=1125.37 41.7224 14.4163 27.3061 7.0013 1083.65
internal_count=15951 175 74 101 50 15776
is_linear=0
shrinkage=0.04


Tree=328
num_leaves=7
num_cat=0
split_feature=0 4 4 4 5 10
split_gain=3.66255 4.36638 5.33496 16.836 16.2517 1.45277
threshold=1.0000000180025095e-35 0.16441441441441443 0.20256410256410259 0.24190177638453506 0.56086163665374988 0.78920851973505213
decision_type=2 2 2 2 2 2
left_child=1 -1 4 -4 -3 -2
right_child=5 2 3 -5 -6 -7
leaf_value=-0.038156880480775028 0.025976091834252892 0.017961512119586492 -0.043258508397267768 -0.00036197669111920279 -0.046229241558341454 0.0075635722144997168
leaf_weight=4.6937820415105298 8.8747453764080984 57.090975831401011 14.658865076831715 999.95348215049307 6.8857239391945759 31.895114426035434
leaf_count=9954 57 1099 916 3452 205 268
internal_value=-1.031e-05 -0.000456003 -0.000283039 -0.000992109 0.010899 0.0117276
internal_weight=1124.05 1083.28 1078.59 1014.61 63.9767 40.7699
internal_count=15951 15626 5672 4368 1304 325
is_linear=0
shrinkage=0.04


Tree=329
num_leaves=7
num_cat=0
split_feature=5 4 4 10 4 4
split_gain=3.59614 27.2986 17.6233 26.6435 12.1776 14.4981
threshold=0.39225068017637682 0.31909090909090915 0.26393188854489169 0.68823262240211724 0.19782608695652179 0.20256410256410259
decision_type=2 2 2 2 2 2
left_child=1 2 3 -1 -2 -6
right_child=4 -3 -4 -5 5 -7
leaf_value=0.025012405606735681 -0.033943430139814428 -0.069854024409671936 0.040496911661997592 -0.044255601862681591 0.029585269483835878 -0.00080270633719113638
leaf_weight=22.958321226714361 17.040239424299216 6.2402970476541659 27.687802214291878 14.212079035707573 25.561349217081442 1009.3441711459636
leaf_count=7405 3356 41 49 377 296 4427
internal_value=-1.11148e-05 0.00868068 0.0164591 -0.00151376 -0.000602012 -4.46438e-05
internal_weight=1123.04 71.0985 64.8582 37.1704 1051.95 1034.91
internal_count=15951 7872 7831 7782 8079 4723
is_linear=0
shrinkage=0.04


Tree=330
num_leaves=7
num_cat=0
split_feature=5 5 10 10 14 5
split_gain=3.63459 39.6958 23.4388 23.7483 22.4337 20.9339
threshold=0.5920526315789475 0.57185886402753883 0.88679982189991269 0.8202257272973591 1.0000000180025095e-35 0.62345301757066474
decision_type=2 2 2 2 2 2
left_child=1 2 3 -1 -3 -2
right_child=5 4 -4 -5 -6 -7
leaf_value=0.0027437778849065432 0.014333317542963707 -0.010193267841002178 0.027045099504177616 -0.026808632124226555 -0.069881806009168518 -0.0018822545680963825
leaf_weight=217.33123359124875 161.40008829345243 20.0401961803218 48.223454583639977 54.166025251168321 20.411235013954865 600.87268940277136
leaf_count=12612 559 136 87 433 267 1857
internal_value=-1.13791e-05 -0.00332342 0.00140346 -0.00316021 -0.0405561 0.00155139
internal_weight=1122.44 360.172 319.721 271.497 40.4514 762.273
internal_count=15951 13535 13132 13045 403 2416
is_linear=0
shrinkage=0.04


Tree=331
num_leaves=7
num_cat=0
split_feature=10 10 4 6 4 10
split_gain=3.62819 37.687 29.0644 34.4461 33.5374 28.4413
threshold=0.80716956988452304 0.79824838019202493 0.41042780748663105 0.11437908496732027 0.27386363636363642 0.81682937716018811
decision_type=2 2 2 2 2 2
left_child=1 2 4 -4 -1 -2
right_child=5 -3 3 -5 -6 -7
leaf_value=0.0055399486769235687 0.026164689568251975 -0.061390970442385707 0.050961548154716388 0.0038401515505466382 -0.022371686788952024 -0.0009282349258931871
leaf_weight=138.87739083150063 68.820603018502879 16.709213313810324 31.014523052843288 121.95896375901066 136.16039545529929 607.9795096952148
leaf_count=12286 189 189 74 277 1046 1890
internal_value=-1.15759e-05 -0.00281928 -0.00050041 0.0134609 -0.00827695 0.00183068
internal_weight=1121.52 444.72 428.011 152.973 275.038 676.8
internal_count=15951 13872 13683 351 13332 2079
is_linear=0
shrinkage=0.04


Tree=332
num_leaves=7
num_cat=0
split_feature=9 10 4 10 6 4
split_gain=3.65223 8.41276 12.6803 15.1524 8.4908 9.28987
threshold=0.15476190476190479 0.84737201290367392 0.35388994307400384 0.91252157229295239 0.52272727272727282 0.36602870813397131
decision_type=2 2 2 2 2 2
left_child=-1 4 -3 -4 5 -2
right_child=1 2 3 -5 -6 -7
leaf_value=-0.00079780599177229424 0.0011687392599994612 0.025080070735085797 -0.04791621506610947 0.0062955415723635255 -0.049655011208020218 0.03086553747243781
leaf_weight=1002.8415701156373 29.791631416759628 13.931163862347601 15.91179230599664 16.70539085008204 2.8889294522814444 39.098829824477434
leaf_count=15243 472 29 82 69 20 36
internal_value=-1.13775e-05 0.00662692 -0.00657086 -0.0202207 0.0152078 0.0180927
internal_weight=1121.17 118.328 46.5483 32.6172 71.7794 68.8905
internal_count=15951 708 180 151 528 508
is_linear=0
shrinkage=0.04


Tree=333
num_leaves=7
num_cat=0
split_feature=0 7 4 4 6 9
split_gain=3.70612 4.3213 4.63059 8.89566 2.65662 1.43664
threshold=1.0000000180025095e-35 1.0000000180025095e-35 0.82085561497326209 0.80625000000000013 0.81666666666666676 0.17424242424242428
decision_type=2 2 2 2 2 2
left_child=1 -1 3 -3 -4 -2
right_child=5 2 4 -5 -6 -7
leaf_value=-0.042588945491322402 0.0081717910092552071 -0.00052267046398841717 0.030182501653366129 -0.091751249893066572 0.00030943488815880467 0.028081928190603241
leaf_weight=3.6823913135231114 33.779005732387304 1054.2337094561008 12.184553589671852 1.5132716745138157 7.9685375653207293 7.0666273646056643
leaf_count=716 274 14846 29 7 28 51
internal_value=-1.03589e-05 -0.000460592 -0.000306655 -0.000672682 0.0185881 0.0117852
internal_weight=1120.43 1079.58 1075.9 1055.75 20.1531 40.8456
internal_count=15951 15626 14910 14853 57 325
is_linear=0
shrinkage=0.04


Tree=334
num_leaves=7
num_cat=0
split_feature=7 6 6 9 4 4
split_gain=3.6254 8.96446 14.5717 12.2821 7.90757 25.9431
threshold=0.75000000000000011 0.057189542483660136 0.24038461538461542 0.080128205128205135 0.31414473684210531 0.30217391304347835
decision_type=2 2 2 2 2 2
left_child=4 -2 -3 -4 5 -1
right_child=1 2 3 -5 -6 -7
leaf_value=-0.0036025479254838352 0.034355069529200512 -0.045611702779147903 -0.0044432895469629901 0.040295359732456952 0.0012621240881034313 -0.058288982111712191
leaf_weight=220.02984605719212 16.525186621394823 8.8125161846346582 29.82676635277312 14.366052396420853 815.40904885029886 14.627942040868218
leaf_count=13105 84 148 112 33 2299 170
internal_value=-1.00455e-05 0.00882032 0.000722681 0.0101712 -0.000598224 -0.00706681
internal_weight=1119.6 69.5305 53.0053 44.1928 1050.07 234.658
internal_count=15951 377 293 145 15574 13275
is_linear=0
shrinkage=0.04


Tree=335
num_leaves=7
num_cat=0
split_feature=6 10 10 4 10 5
split_gain=3.64943 17.9385 45.1382 30.7837 20.0952 17.7624
threshold=0.46410256410256417 0.83720701538115549 0.83023734044111597 0.25320512820512825 0.86255703175833476 0.57583690306203417
decision_type=2 2 2 2 2 2
left_child=-1 2 3 -2 5 -3
right_child=1 4 -4 -5 -6 -7
leaf_value=-0.0025057303385065078 0.021963149683196348 -0.022461722884106316 -0.11715330978783409 -0.0090022272009110237 0.0010858394754738937 0.028419288640559554
leaf_weight=510.27618054437335 64.794950422288821 12.17264014482498 5.3950996487401417 244.58598265086766 183.56128476699814 97.542018877342343
leaf_count=11842 2769 44 31 719 451 95
internal_value=-1.01403e-05 0.002081 -0.00454514 -0.00250056 0.00919797 0.0227253
internal_weight=1118.33 608.052 314.776 309.381 293.276 109.715
internal_count=15951 4109 3519 3488 590 139
is_linear=0
shrinkage=0.04


Tree=336
num_leaves=7
num_cat=0
split_feature=9 5 4 6 6 10
split_gain=3.60953 11.5167 17.9352 10.2413 6.08326 5.97978
threshold=0.28636363636363643 0.65353005888824189 0.58957219251336912 0.37980769230769235 0.52272727272727282 0.68565848958040432
decision_type=2 2 2 2 2 2
left_child=5 3 4 -2 -3 -1
right_child=1 2 -4 -5 -6 -7
leaf_value=-0.01063736207583283 -0.033293884776365704 -0.11384256521829916 0.026298742159466149 0.037250356160601628 -0.032924160005098672 0.00041712075460834428
leaf_weight=84.780301414654787 3.6551938538759741 2.2992346920073015 7.2122336514294147 22.739439990269602 4.5748414807021618 992.55278893523791
leaf_count=10968 65 13 24 36 37 4808
internal_value=-9.40509e-06 0.0116849 -0.0172749 0.0272291 -0.0627258 -0.000452764
internal_weight=1117.81 40.4809 14.0863 26.3946 6.87408 1077.33
internal_count=15951 175 74 101 50 15776
is_linear=0
shrinkage=0.04


Tree=337
num_leaves=7
num_cat=0
split_feature=5 4 4 4 10 5
split_gain=3.68763 34.3973 21.4754 25.8339 19.6983 15.2035
threshold=0.40954368655725265 0.31909090909090915 0.26006441223832533 0.18274582560296851 0.70023244701938003 0.51903565561890053
decision_type=2 2 2 2 2 2
left_child=1 2 3 -1 -4 -2
right_child=5 -3 4 -5 -6 -7
leaf_value=0.019625467494932068 -0.016178533827945766 -0.070450923317063471 -0.062183361454368272 -0.045386649066114323 0.042807922228096089 0.00083224768172558033
leaf_weight=25.362023440006851 92.171906091789424 8.0038540312089008 2.893208139226771 15.6299946859217 39.371596017386764 933.43308787453498
leaf_count=7945 3413 53 47 311 38 4144
internal_value=-9.46153e-06 0.00768482 0.0153712 -0.00521469 0.0353147 -0.000697431
internal_weight=1116.87 91.2607 83.2568 40.992 42.2648 1025.6
internal_count=15951 8394 8341 8256 85 7557
is_linear=0
shrinkage=0.04


Tree=338
num_leaves=7
num_cat=0
split_feature=10 10 4 10 10 4
split_gain=3.6764 24.1551 67.0586 30.4605 36.2525 34.7549
threshold=0.71841686686076722 0.76519692767719005 0.20256410256410259 0.77240113293018187 0.78660960562442483 0.41801075268817212
decision_type=2 2 2 2 2 2
left_child=-1 2 -2 5 -5 -3
right_child=1 3 -4 4 -6 -7
leaf_value=0.0047270011212235084 0.035232395638354216 0.050624475738737747 -0.042792841834172507 -0.041376074526472663 0.0011273529513865089 -0.059927570964823089
leaf_weight=211.92548438375934 24.224982336285393 33.297343734673632 63.104080787190469 33.353374130478187 744.20586836652001 5.0772695243358603
leaf_count=11856 455 166 616 315 2520 23
internal_value=-1.00958e-05 -0.00112454 -0.0210948 0.00101507 -0.000703429 0.0357108
internal_weight=1115.19 903.263 87.3291 815.934 777.559 38.3746
internal_count=15951 4095 1071 3024 2835 189
is_linear=0
shrinkage=0.04


Tree=339
num_leaves=7
num_cat=0
split_feature=0 10 10 10 4 10
split_gain=3.68444 4.24114 5.52588 26.0185 17.6336 1.4667
threshold=1.0000000180025095e-35 0.60390955103716515 0.71841686686076722 0.76519692767719005 0.37171052631578955 0.78920851973505213
decision_type=2 2 2 2 2 2
left_child=1 -1 4 -4 -3 -2
right_child=5 2 3 -5 -6 -7
leaf_value=-0.03931839430576383 0.026036594530151679 -0.0045545327577977577 -0.022892158348053106 0.00056963804550019923 0.019127115801628385 0.0075658671352501041
leaf_weight=4.2764460818125363 8.9104919107630831 116.95110726747498 83.514342166607094 781.48278466200645 87.883099262020551 31.89111476810649
leaf_count=8957 57 2698 1051 2738 182 268
internal_value=-1.06913e-05 -0.000461623 -0.000297112 -0.00169802 0.00560495 0.0117557
internal_weight=1114.91 1074.11 1069.83 864.997 204.834 40.8016
internal_count=15951 15626 6669 3789 2880 325
is_linear=0
shrinkage=0.04


Tree=340
num_leaves=7
num_cat=0
split_feature=9 6 5 4 0 10
split_gain=3.62808 10.9351 12.0818 20.4184 6.13751 5.82825
threshold=0.28636363636363643 0.37980769230769235 0.67462750409923722 0.58957219251336912 1.0000000180025095e-35 0.68565848958040432
decision_type=2 2 2 2 2 2
left_child=5 4 -3 -4 -2 -1
right_child=1 2 3 -5 -6 -7
leaf_value=-0.010566917533179095 -0.074568751754843746 0.036953578145982831 -0.060347037099458434 0.036705264354680765 0.032037535445844763 0.00040345049489545586
leaf_weight=83.851009436374625 3.1517359289209699 22.348545746543095 6.5744332224130613 6.8983244188129902 1.0055622309446333 989.20005893894813
leaf_count=10968 64 36 48 21 6 4808
internal_value=-1.0168e-05 0.011789 0.0190159 -0.010698 -0.048037 -0.000453749
internal_weight=1113.03 39.9786 35.8213 13.4728 4.1573 1073.05
internal_count=15951 175 105 69 70 15776
is_linear=0
shrinkage=0.04


Tree=341
num_leaves=7
num_cat=0
split_feature=5 4 4 10 4 4
split_gain=3.65229 23.2948 15.8433 24.314 11.4988 12.646
threshold=0.39225068017637682 0.31909090909090915 0.26393188854489169 0.68823262240211724 0.19782608695652179 0.20256410256410259
decision_type=2 2 2 2 2 2
left_child=1 2 3 -1 -2 -6
right_child=4 -3 -4 -5 5 -7
leaf_value=0.024262157025415561 -0.033490139349506093 -0.064237485896856086 0.03936306435369491 -0.042603613551173695 0.027532117836033102 -0.00078214670570283249
leaf_weight=22.822976530804226 16.539215234915901 6.1415073999669394 26.830351811717264 13.784903210711489 25.691426035031327 1000.0582662841971
leaf_count=7405 3356 41 49 377 296 4427
internal_value=-9.60995e-06 0.00884805 0.0161346 -0.00095687 -0.00060442 -6.57955e-05
internal_weight=1111.87 69.5797 63.4382 36.6079 1042.29 1025.75
internal_count=15951 7872 7831 7782 8079 4723
is_linear=0
shrinkage=0.04


Tree=342
num_leaves=7
num_cat=0
split_feature=7 5 10 5 4 2
split_gain=3.54423 8.58681 13.7874 11.6745 11.1254 9.9083
threshold=0.75000000000000011 0.55051025667456976 0.87092996695210745 0.40783086356668374 0.38585607940446659 1.0000000180025095e-35
decision_type=2 2 2 2 2 2
left_child=-1 3 -3 -2 -4 -5
right_child=1 2 4 5 -6 -7
leaf_value=-0.00059216687644152936 -0.043083158644958167 -0.051903951932506638 -0.047501486086483163 -0.047027129168637945 0.020279549757719676 0.037119512399504472
leaf_weight=1042.5809587072963 3.6524346692131067 7.6864080466912119 4.497759900288659 2.2368494523034341 21.773413015995175 28.840934747255233
leaf_count=15574 88 71 33 36 41 108
internal_value=-9.86397e-06 0.00877567 -0.00547098 0.0227142 0.00832832 0.0307371
internal_weight=1111.27 68.6878 33.9576 34.7302 26.2712 31.0778
internal_count=15951 377 145 232 74 144
is_linear=0
shrinkage=0.04


Tree=343
num_leaves=7
num_cat=0
split_feature=14 6 5 4 4 6
split_gain=3.61145 26.9259 22.5107 31.7591 28.532 16.4021
threshold=1.0000000180025095e-35 0.84523809523809534 0.62345301757066474 0.41277890466531447 0.50925925925925941 0.76388888888888895
decision_type=2 2 2 2 2 2
left_child=5 2 4 -4 -2 -1
right_child=1 -3 3 -5 -6 -7
leaf_value=0.0054198167795825557 0.0045318720142443437 0.037511668996911315 -0.033576124420241708 -0.0031860193795003799 -0.069408066258236381 -0.017616260928377619
leaf_weight=412.53552404191851 351.97499747224492 26.303114216483664 80.101741430298716 175.47577465744689 8.3510962687432748 55.963769157637216
leaf_count=3986 10775 26 506 376 33 249
internal_value=-1.05314e-05 -0.00196021 -0.0036608 -0.0127373 0.0027751 0.00265747
internal_weight=1110.71 642.207 615.904 255.578 360.326 468.499
internal_count=15951 11716 11690 882 10808 4235
is_linear=0
shrinkage=0.04


Tree=344
num_leaves=7
num_cat=0
split_feature=0 4 5 4 4 10
split_gain=3.57295 4.23299 6.86984 6.30774 1.93472 1.40197
threshold=1.0000000180025095e-35 0.88194444444444453 0.90611995104039178 0.87083333333333346 0.80625000000000013 0.78920851973505213
decision_type=2 2 2 2 2 2
left_child=1 2 3 -1 -4 -2
right_child=5 -3 4 -5 -6 -7
leaf_value=-0.00038662869914650108 0.025744166415049088 0.024635416782403885 -0.075891775211943319 -0.089324388267557051 -0.019256065298656394 0.0075346544664915884
leaf_weight=1053.7792164083626 8.7307842974551004 10.44743680488318 2.1415276601910582 1.0777177829295386 2.1549219042062759 31.856109295040369
leaf_count=15568 57 34 11 6 7 268
internal_value=-9.84147e-06 -0.000454641 -0.00070862 -0.000496305 -0.0500504 0.0116078
internal_weight=1110.19 1069.6 1059.15 1054.86 4.29645 40.5869
internal_count=15951 15626 15592 15574 18 325
is_linear=0
shrinkage=0.04


Tree=345
num_leaves=7
num_cat=0
split_feature=9 5 4 6 10 4
split_gain=3.4869 10.5281 15.4989 9.03584 5.55238 29.1791
threshold=0.28636363636363643 0.65353005888824189 0.58957219251336912 0.37980769230769235 0.68365838686588087 0.41042780748663105
decision_type=2 2 2 2 2 2
left_child=4 3 -3 -2 5 -1
right_child=1 2 -4 -5 -6 -7
leaf_value=-0.030568515882765573 -0.031336689554430988 -0.058851049693340873 0.025387096415104851 0.036412792032732573 0.00035472974068375378 0.020116911659080847
leaf_weight=46.478947978566339 3.4838081229536355 6.7293262332677823 6.8436075113713741 21.910054073785432 994.67907611394185 29.537696344428696
leaf_count=10835 65 50 24 36 4870 71
internal_value=-9.99519e-06 0.0117107 -0.0164802 0.0268678 -0.000440531 -0.0108464
internal_weight=1109.66 38.9668 13.5729 25.3939 1070.7 76.0166
internal_count=15951 175 74 101 15776 10906
is_linear=0
shrinkage=0.04


Tree=346
num_leaves=7
num_cat=0
split_feature=5 4 4 10 5 4
split_gain=3.55187 21.7889 15.0025 21.853 11.2761 10.0757
threshold=0.39225068017637682 0.31909090909090915 0.31414473684210531 0.71270754575590545 0.39918699186991874 0.19782608695652179
decision_type=2 2 2 2 2 2
left_child=1 2 3 -1 -2 -6
right_child=4 -3 -4 -5 5 -7
leaf_value=0.020246556876009594 -0.063441150406685062 -0.062191529382484526 0.053655604444064309 -0.042382074204755683 -0.032382497172976941 0.00016712065043304473
leaf_weight=38.204526851465744 4.3482618387743051 6.0882781050167969 13.083490767050533 11.401822529267518 15.245440105647047 1019.5175651145528
leaf_count=7553 190 41 7 271 3200 4689
internal_value=-9.73459e-06 0.00877824 0.0158783 0.00569908 -0.000594906 -0.000316674
internal_weight=1107.89 68.7781 62.6898 49.6063 1039.11 1034.76
internal_count=15951 7872 7831 7824 8079 7889
is_linear=0
shrinkage=0.04


Tree=347
num_leaves=7
num_cat=0
split_feature=0 7 4 4 6 9
split_gain=3.47104 4.09373 4.26201 8.3802 2.61342 1.43703
threshold=1.0000000180025095e-35 1.0000000180025095e-35 0.82085561497326209 0.75595238095238104 0.81666666666666676 0.17424242424242428
decision_type=2 2 2 2 2 2
left_child=1 -1 3 -3 -4 -2
right_child=5 2 4 -5 -6 -7
leaf_value=-0.04235363595634084 0.0078482669055369454 -0.00027613994157167518 0.029816096751794786 -0.035036469441417306 0 0.027899970231562491
leaf_weight=3.5177669822464841 33.437901726458222 1032.366194498105 11.783559393137695 11.019855096936224 7.8860709341242901 6.9503961633890858
leaf_count=716 274 14825 29 28 28 51
internal_value=-1.0479e-05 -0.000449108 -0.00030062 -0.000651826 0.0180477 0.0114687
internal_weight=1106.96 1066.57 1063.06 1043.39 19.6696 40.3883
internal_count=15951 15626 14910 14853 57 325
is_linear=0
shrinkage=0.04


Tree=348
num_leaves=7
num_cat=0
split_feature=7 6 6 9 4 4
split_gain=3.4247 8.03318 13.1881 11.4607 7.55463 23.7118
threshold=0.75000000000000011 0.057189542483660136 0.21825396825396828 0.080128205128205135 0.31698564593301443 0.25320512820512825
decision_type=2 2 2 2 2 2
left_child=4 -2 -3 -4 5 -1
right_child=1 2 3 -5 -6 -7
leaf_value=0.0051129450538927017 0.033226294316429532 -0.046009252149822669 -0.004384596920821846 0.039158912414841297 0.0012842909476133994 -0.020074336001515911
leaf_weight=126.0150765598687 16.046302144459332 7.8778269421327414 29.930458506394643 14.02025844104355 799.14249248520355 113.35186798846553
leaf_count=12332 84 138 119 36 2246 996
internal_value=-9.64201e-06 0.00868 0.000943428 0.00957493 -0.000581067 -0.00681291
internal_weight=1106.38 67.8748 51.8285 43.9507 1038.51 239.367
internal_count=15951 377 293 155 15574 13328
is_linear=0
shrinkage=0.04


Tree=349
num_leaves=7
num_cat=0
split_feature=4 4 5 5 5 10
split_gain=3.52483 22.8885 19.9122 31.5578 22.8838 17.4193
threshold=0.41801075268817212 0.45643939393939398 0.76224734498115809 0.71257183908045996 0.67462750409923722 0.84737201290367392
decision_type=2 2 2 2 2 2
left_child=2 5 3 4 -1 -2
right_child=1 -3 -4 -5 -6 -7
leaf_value=-0.001540397459139162 -0.012185184160408631 0.00065148173422251957 0.033136638723859857 -0.060095504508861773 0.021473269837461749 -0.060389595818828488
leaf_weight=470.7934904227991 43.772422348032705 449.31173177948222 31.093807592056692 13.286772065766852 80.807035549281863 16.482627251418307
leaf_count=14324 162 1002 39 119 209 96
internal_value=-9.02061e-06 -0.00245293 0.0020773 0.000352997 0.00183394 -0.0255606
internal_weight=1105.55 509.567 595.981 564.887 551.601 60.255
internal_count=15951 1260 14691 14652 14533 258
is_linear=0
shrinkage=0.04


end of trees

feature_importances:
model_token_overlap=578
character_similarity=375
embedding_cosine_similarity=351
numeric_token_agreement=250
exact_mpn_match=218
specification_overlap=161
capacity_agreement=105
brand_match=36
mpn_mismatch=23
brand_mismatch=1

parameters:
[boosting: gbdt]
[objective: binary]
[metric: binary_logloss]
[tree_learner: serial]
[device_type: cpu]
[data_sample_strategy: bagging]
[data: ]
[valid: ]
[num_iterations: 350]
[learning_rate: 0.04]
[num_leaves: 7]
[num_threads: 1]
[seed: 20260722]
[deterministic: 1]
[force_col_wise: 1]
[force_row_wise: 0]
[histogram_pool_size: -1]
[max_depth: 4]
[min_data_in_leaf: 8]
[min_sum_hessian_in_leaf: 0.001]
[bagging_fraction: 1]
[pos_bagging_fraction: 1]
[neg_bagging_fraction: 1]
[bagging_freq: 0]
[bagging_seed: 22340]
[bagging_by_query: 0]
[feature_fraction: 1]
[feature_fraction_bynode: 1]
[feature_fraction_seed: 15416]
[extra_trees: 0]
[extra_seed: 16664]
[early_stopping_round: 0]
[early_stopping_min_delta: 0]
[first_metric_only: 0]
[max_delta_step: 0]
[lambda_l1: 0.05]
[lambda_l2: 0.2]
[linear_lambda: 0]
[min_gain_to_split: 0]
[drop_rate: 0.1]
[max_drop: 50]
[skip_drop: 0.5]
[xgboost_dart_mode: 0]
[uniform_drop: 0]
[drop_seed: 24626]
[top_rate: 0.2]
[other_rate: 0.1]
[min_data_per_group: 100]
[max_cat_threshold: 32]
[cat_l2: 10]
[cat_smooth: 10]
[max_cat_to_onehot: 4]
[top_k: 20]
[monotone_constraints: ]
[monotone_constraints_method: basic]
[monotone_penalty: 0]
[feature_contri: ]
[forcedsplits_filename: ]
[refit_decay_rate: 0.9]
[cegb_tradeoff: 1]
[cegb_penalty_split: 0]
[cegb_penalty_feature_lazy: ]
[cegb_penalty_feature_coupled: ]
[path_smooth: 0]
[interaction_constraints: ]
[verbosity: -1]
[saved_feature_importance_type: 0]
[use_quantized_grad: 0]
[num_grad_quant_bins: 4]
[quant_train_renew_leaf: 0]
[stochastic_rounding: 1]
[linear_tree: 0]
[max_bin: 255]
[max_bin_by_feature: ]
[min_data_in_bin: 3]
[bin_construct_sample_cnt: 200000]
[data_random_seed: 4439]
[is_enable_sparse: 1]
[enable_bundle: 1]
[use_missing: 1]
[zero_as_missing: 0]
[feature_pre_filter: 1]
[pre_partition: 0]
[two_round: 0]
[header: 0]
[label_column: ]
[weight_column: ]
[group_column: ]
[ignore_column: ]
[categorical_feature: ]
[forcedbins_filename: ]
[precise_float_parser: 0]
[parser_config_file: ]
[objective_seed: 28388]
[num_class: 1]
[is_unbalance: 0]
[scale_pos_weight: 32.1622]
[sigmoid: 1]
[boost_from_average: 1]
[reg_sqrt: 0]
[alpha: 0.9]
[fair_c: 1]
[poisson_max_delta_step: 0.7]
[tweedie_variance_power: 1.5]
[lambdarank_truncation_level: 30]
[lambdarank_norm: 1]
[label_gain: ]
[lambdarank_position_bias_regularization: 0]
[eval_at: ]
[multi_error_top_k: 1]
[auc_mu_weights: ]
[num_machines: 1]
[local_listen_port: 12400]
[time_out: 120]
[machine_list_filename: ]
[machines: ]
[gpu_platform_id: -1]
[gpu_device_id: -1]
[gpu_device_id_list: ]
[gpu_use_dp: 0]
[num_gpu: 1]

end of parameters

pandas_categorical:null
