tree
version=v4
num_class=1
num_tree_per_iteration=1
label_index=0
max_feature_idx=4
objective=regression
feature_names=core_count thread_count base_clock_ghz boost_clock_ghz tdp_watts
feature_infos=[4:32] [4:64] [2:4.7000000000000002] [3.3999999999999999:6] [58:350]
tree_sizes=1233 1299 1300 1300 1300 1298 1316 1320 1398 1316 1319 1374 1332 1382 1330 1383 1335 1382 1334 1336 1352 1355 1354 1352 1353 1354 1359 1336 1331 1359 1333 1362 1341 1340 1315 1343 1342 1343 1362 1345 1412 1345 1413 1444 1482 1415 1355 1355 1386 1412 1251 1412 1352 1386 1231 1322 1410 1324 1327 1435 1321 1327 1222 1212 1327 1222 1328 1227 1296 1224 1109 1394 1293 1295 1108 1297 1222 1296 1113 1395 1267 1112 1396 1278 1396 1193 1496 1121 1379 1291 1286 1194 1213 1211 1379 1216 1214 1292 1196 1197 1211 1269 1195 1200 1273 1199 1202 1290 1197 1201 1218 1182 1327 1184 1202 1224 1283 1194 1192 1272 1382 1381 1486 1212 1490 1364 1493 1475 1399 1384 1407 1437 1493 1321 1283 1452 1379 1366 1367 1349 1350 1366 1324 1359 1369 1324 1351 1459 1493 1292 1281 1291 1357 1283 1275 1413 1283 1275 1552 1378 1440 1477 1370 1439 1480 1442 1483 1470 1440 1501 1566 1502 1368 1497 1452 1496 1406 1494 1450 1474 1413 1479 1448 1458 1411 1433 1419 1291 1418 1390 1449 1500 1389 1502 1466 1502 1437 1279

Tree=0
num_leaves=12
num_cat=0
split_feature=1 0 1 3 0 3 3 0 4 2 2
split_gain=28.8834 9.36977 2.51418 1.35704 1.07466 0.43838 0.37895 0.304852 0.197784 0.175482 0.0381486
threshold=10.000000000000002 11.000000000000002 5.0000000000000009 4.6500000000000012 17.000000000000004 4.4500000000000011 5.2500000000000009 7.0000000000000009 100.00000000000001 3.4500000000000006 3.6500000000000008
decision_type=2 2 2 2 2 2 2 2 2 2 2
left_child=2 3 -1 7 6 -4 -3 9 10 -2 -5
right_child=1 4 5 8 -6 -7 -8 -9 -10 -11 -12
leaf_value=3.8107500154032481 3.8361440655482846 3.8583627791228872 3.8256481202312362 3.8463473727502655 3.8743246106168412 3.8354772666782169 3.8667449507339482 3.845986716581582 3.8538739440232863 3.8418680659257776 3.8497425764296298
leaf_weight=8.0000000000000018 6.0000000000000062 14.000000000000005 14.000000000000002 6.0000000000000018 5.9999999999999991 4.9999999999999991 6.9999999999999991 5.9999999999999991 6.9999999999999991 9.9999999999999982 6
leaf_count=8 6 14 14 6 6 5 7 6 7 10 6
internal_value=3.84445 3.85314 3.82267 3.84555 3.86452 3.82805 3.8614 3.84137 3.85044 3.83957 3.84821
internal_weight=95 68 27 41 27 19 21 22 19 16 12
internal_count=95 68 27 41 27 19 21 22 19 16 12
is_linear=0
shrinkage=1


Tree=1
num_leaves=12
num_cat=0
split_feature=1 0 1 3 0 3 3 0 4 2 2
split_gain=27.4957 8.91865 2.39132 1.29298 1.02215 0.414799 0.359786 0.290693 0.187472 0.166693 0.0359701
threshold=10.000000000000002 11.000000000000002 5.0000000000000009 4.6500000000000012 17.000000000000004 4.4500000000000011 5.2500000000000009 7.0000000000000009 100.00000000000001 3.4500000000000006 3.6500000000000008
decision_type=2 2 2 2 2 2 2 2 2 2 2
left_child=2 3 -1 7 6 -4 -3 9 10 -2 -5
right_child=1 4 5 8 -6 -7 -8 -9 -10 -11 -12
leaf_value=-0.032877512675959876 -0.0081044647482133598 0.01357037744051973 -0.018337934075946537 0.0018519882232912119 0.029152359020325449 -0.0087565231853379659 0.021753579419520167 0.0015000574945823306 0.0091954094461268853 -0.0025181319575994184 0.0051650499143908093
leaf_weight=8.0000000000000018 6.0000000000000062 14.000000000000005 14.000000000000002 6.0000000000000018 5.9999999999999991 4.9999999999999991 6.9999999999999991 5.9999999999999991 6.9999999999999991 9.9999999999999982 6
leaf_count=8 6 14 14 6 6 5 7 6 7 10 6
internal_value=0 0.00847727 -0.021251 0.00107598 0.0195798 -0.0159991 0.0165366 -0.00300145 0.00584441 -0.00476436 0.00366849
internal_weight=95 68 27 41 27 19 21 22 19 16 12
internal_count=95 68 27 41 27 19 21 22 19 16 12
is_linear=0
shrinkage=0.025


Tree=2
num_leaves=12
num_cat=0
split_feature=1 0 1 3 0 3 3 0 4 2 2
split_gain=26.1749 8.48926 2.27441 1.23196 0.972156 0.392438 0.341552 0.277203 0.177675 0.158331 0.0339041
threshold=10.000000000000002 11.000000000000002 5.0000000000000009 4.6500000000000012 17.000000000000004 4.4500000000000011 5.2500000000000009 7.0000000000000009 100.00000000000001 3.4500000000000006 3.6500000000000008
decision_type=2 2 2 2 2 2 2 2 2 2 2
left_child=2 3 -1 7 6 -4 -3 9 10 -2 -5
right_child=1 4 5 8 -6 -7 -8 -9 -10 -11 -12
leaf_value=-0.032075620860588246 -0.0079083888400946802 0.013235896531964686 -0.017885941980590278 0.0018071819900444914 0.028447059662111349 -0.0085460293464935735 0.021224846276972031 0.0014637658874797185 0.0089719097233480882 -0.0024564129423678797 0.0050400888066618665
leaf_weight=8.0000000000000018 6.0000000000000062 14.000000000000005 14.000000000000002 6.0000000000000018 5.9999999999999991 4.9999999999999991 6.9999999999999991 5.9999999999999991 6.9999999999999991 9.9999999999999982 6
leaf_count=8 6 14 14 6 6 5 7 6 7 10 6
internal_value=0 0.00827242 -0.0207331 0.0010507 0.0191044 -0.0156078 0.016133 -0.00292847 0.00570577 -0.00465046 0.00358222
internal_weight=95 68 27 41 27 19 21 22 19 16 12
internal_count=95 68 27 41 27 19 21 22 19 16 12
is_linear=0
shrinkage=0.025


Tree=3
num_leaves=12
num_cat=0
split_feature=1 0 1 3 0 3 3 0 4 2 2
split_gain=24.9178 8.08056 2.16315 1.17384 0.924552 0.371233 0.324202 0.264349 0.168369 0.150378 0.031945
threshold=10.000000000000002 11.000000000000002 5.0000000000000009 4.6500000000000012 17.000000000000004 4.4500000000000011 5.2500000000000009 7.0000000000000009 100.00000000000001 3.4500000000000006 3.6500000000000008
decision_type=2 2 2 2 2 2 2 2 2 2 2
left_child=2 3 -1 7 6 -4 -3 9 10 -2 -5
right_child=1 4 5 8 -6 -7 -8 -9 -10 -11 -12
leaf_value=-0.031293290998877538 -0.0077170571492564208 0.012909660110591158 -0.017445091756296823 0.0017634598838706162 0.027758824536877294 -0.0083405963145196434 0.020708964351150726 0.0014283522165515611 0.0087538427155878819 -0.0023962068018983131 0.0049181512226500815
leaf_weight=8.0000000000000018 6.0000000000000062 14.000000000000005 14.000000000000002 6.0000000000000018 5.9999999999999991 4.9999999999999991 6.9999999999999991 5.9999999999999991 6.9999999999999991 9.9999999999999982 6
leaf_count=8 6 14 14 6 6 5 7 6 7 10 6
internal_value=0 0.00807256 -0.0202278 0.00102603 0.0186407 -0.0152261 0.0157392 -0.00285726 0.0055705 -0.00453932 0.00349803
internal_weight=95 68 27 41 27 19 21 22 19 16 12
internal_count=95 68 27 41 27 19 21 22 19 16 12
is_linear=0
shrinkage=0.025


Tree=4
num_leaves=12
num_cat=0
split_feature=1 0 1 3 0 3 3 0 4 2 2
split_gain=23.7212 7.69155 2.05728 1.11849 0.879228 0.351126 0.307696 0.2521 0.159529 0.142813 0.0300876
threshold=10.000000000000002 11.000000000000002 5.0000000000000009 4.6500000000000012 17.000000000000004 4.4500000000000011 5.2500000000000009 7.0000000000000009 100.00000000000001 3.4500000000000006 3.6500000000000008
decision_type=2 2 2 2 2 2 2 2 2 2 2
left_child=2 3 -1 7 6 -4 -3 9 10 -2 -5
right_child=1 4 5 8 -6 -7 -8 -9 -10 -11 -12
leaf_value=-0.030530040438582248 -0.0075303544320406372 0.012591463547777119 -0.017015107206895315 0.0017207954860021986 0.027087239776888202 -0.0081401011906564232 0.020205622580316333 0.0013937952755499752 0.0085410758128596689 -0.0023374761862214656 0.0047991637981707044
leaf_weight=8.0000000000000018 6.0000000000000062 14.000000000000005 14.000000000000002 6.0000000000000018 5.9999999999999991 4.9999999999999991 6.9999999999999991 5.9999999999999991 6.9999999999999991 9.9999999999999982 6
leaf_count=8 6 14 14 6 6 5 7 6 7 10 6
internal_value=0 0.00787758 -0.0197349 0.00100196 0.0181882 -0.0148538 0.0153552 -0.00278779 0.00543852 -0.00443089 0.00341588
internal_weight=95 68 27 41 27 19 21 22 19 16 12
internal_count=95 68 27 41 27 19 21 22 19 16 12
is_linear=0
shrinkage=0.025


Tree=5
num_leaves=12
num_cat=0
split_feature=1 0 1 3 0 3 3 0 4 2 2
split_gain=22.5822 7.32128 1.95653 1.06578 0.836077 0.332061 0.291992 0.240429 0.151131 0.135617 0.0283266
threshold=10.000000000000002 11.000000000000002 5.0000000000000009 4.6500000000000012 17.000000000000004 4.4500000000000011 5.2500000000000009 7.0000000000000009 100.00000000000001 3.4500000000000006 3.6500000000000008
decision_type=2 2 2 2 2 2 2 2 2 2 2
left_child=2 3 -1 7 6 -4 -3 9 10 -2 -5
right_child=1 4 5 8 -6 -7 -8 -9 -10 -11 -12
leaf_value=-0.029785403972718762 -0.0073481682687997736 0.012281111029671946 -0.016595720950986294 0.0016791633578137517 0.026431902089426598 -0.0079444256790268866 0.0197145138349798 0.0013600744284509173 0.0083334801822072934 -0.0022801852029492604 0.0046830550316841364
leaf_weight=8.0000000000000018 6.0000000000000062 14.000000000000005 14.000000000000002 6.0000000000000018 5.9999999999999991 4.9999999999999991 6.9999999999999991 5.9999999999999991 6.9999999999999991 9.9999999999999982 6
leaf_count=8 6 14 14 6 6 5 7 6 7 10 6
internal_value=0 0.00768734 -0.0192541 0.000978465 0.0177468 -0.0144906 0.0149805 -0.00272 0.00530973 -0.00432509 0.00333572
internal_weight=95 68 27 41 27 19 21 22 19 16 12
internal_count=95 68 27 41 27 19 21 22 19 16 12
is_linear=0
shrinkage=0.025


Tree=6
num_leaves=12
num_cat=0
split_feature=1 0 1 3 0 3 3 0 4 2 2
split_gain=21.498 6.96885 1.86065 1.01557 0.794997 0.313986 0.277053 0.229308 0.143532 0.128773 0.0912031
threshold=10.000000000000002 11.000000000000002 5.0000000000000009 4.6500000000000012 17.000000000000004 4.4500000000000011 5.2500000000000009 7.0000000000000009 112.50000000000001 3.4500000000000006 3.8500000000000001
decision_type=2 2 2 2 2 2 2 2 2 2 2
left_child=2 3 -1 7 6 -4 -3 9 10 -2 -5
right_child=1 4 5 8 -6 -7 -8 -9 -10 -11 -12
leaf_value=-0.02905893093202171 -0.0071703897849205922 0.011978407686864822 -0.016186671483684589 0.0015157401391373171 0.025792422121570957 -0.0077534537225101997 0.019235340919759539 0.0013271694762572166 0.0085052922848732251 -0.0022242982050075253 0.0061292758856255278
leaf_weight=8.0000000000000018 6.0000000000000062 14.000000000000005 14.000000000000002 8.0000000000000018 5.9999999999999991 4.9999999999999991 6.9999999999999991 5.9999999999999991 5.9999999999999991 9.9999999999999982 4.9999999999999991
leaf_count=8 6 14 14 8 6 5 7 6 6 10 5
internal_value=0 0.00750175 -0.018785 0.000955541 0.0173162 -0.0141364 0.014615 -0.00265387 0.00518407 -0.00422187 0.00345086
internal_weight=95 68 27 41 27 19 21 22 19 16 13
internal_count=95 68 27 41 27 19 21 22 19 16 13
is_linear=0
shrinkage=0.025


Tree=7
num_leaves=12
num_cat=0
split_feature=1 0 1 3 0 3 3 0 4 2 2
split_gain=20.4663 6.63321 1.76942 0.967861 0.755887 0.296849 0.262842 0.21871 0.136004 0.122263 0.0865736
threshold=10.000000000000002 11.000000000000002 5.0000000000000009 4.6500000000000012 17.000000000000004 4.4500000000000011 5.2500000000000009 7.0000000000000009 112.50000000000001 3.4500000000000006 3.8500000000000001
decision_type=2 2 2 2 2 2 2 2 2 2 2
left_child=2 3 -1 7 6 -4 -3 9 10 -2 -5
right_child=1 4 5 8 -6 -7 -8 -9 -10 -11 -12
leaf_value=-0.028350176462313012 -0.0069969128697149139 0.011683165365961232 -0.015787704540810112 0.0014787708522706494 0.025168411001082393 -0.0075670727743552286 0.018767814917696846 0.0012950604293315163 0.0082995192658516671 -0.0021697810924082412 0.0059819375021526447
leaf_weight=8.0000000000000018 6.0000000000000062 14.000000000000005 14.000000000000002 8.0000000000000018 5.9999999999999991 4.9999999999999991 6.9999999999999991 5.9999999999999991 5.9999999999999991 9.9999999999999982 4.9999999999999991
leaf_count=8 6 14 14 8 6 5 7 6 6 10 5
internal_value=0 0.00732081 -0.0183274 0.000933392 0.0168961 -0.0137908 0.0142585 -0.00258934 0.00506193 -0.00412115 0.00336985
internal_weight=95 68 27 41 27 19 21 22 19 16 13
internal_count=95 68 27 41 27 19 21 22 19 16 13
is_linear=0
shrinkage=0.025


Tree=8
num_leaves=13
num_cat=0
split_feature=1 1 1 0 3 3 3 2 3 4 2 2
split_gain=19.4843 6.32122 1.6826 0.923944 0.834664 0.280604 0.207632 0.137766 0.107386 0.0527218 0.0263793 0.0102728
threshold=10.000000000000002 18.000000000000004 5.0000000000000009 17.000000000000004 4.6500000000000012 4.4500000000000011 5.2500000000000009 3.4500000000000006 4.3500000000000005 100.00000000000001 3.6500000000000008 3.2500000000000004
decision_type=2 2 2 2 2 2 2 2 2 2 2 2
left_child=2 4 -1 6 7 -4 11 -2 -9 10 -6 -3
right_child=1 3 5 -5 9 -7 -8 8 -10 -11 -12 -13
leaf_value=-0.027658707884753608 -0.0057054157561917838 0.0081979364276893538 -0.015398570685319494 0.02455949776114956 0.0013198020742633024 -0.0073851720250856416 0.016546338019163716 -0.0041745846965708404 0.00031085349789752468 0.006795536139263556 0.0043502638837502839 0.01200383794950504
leaf_weight=8.0000000000000018 8.0000000000000018 6.0000000000000098 14.000000000000002 5.9999999999999991 4.9999999999999982 4.9999999999999991 8.9999999999999982 4.9999999999999991 7.9999999999999991 4.9999999999999991 6 9.9999999999999982
leaf_count=8 8 6 14 6 5 5 9 5 8 5 6 10
internal_value=0 0.00714428 -0.017881 0.0154331 0.00012038 -0.0134538 0.0130156 -0.00311053 -0.00135673 0.00442416 0.00313255 0.0107726
internal_weight=95 68 27 31 37 19 25 21 13 16 11 16
internal_count=95 68 27 31 37 19 25 21 13 16 11 16
is_linear=0
shrinkage=0.025


Tree=9
num_leaves=12
num_cat=0
split_feature=1 0 1 3 0 3 3 0 3 2 2
split_gain=18.5504 6.03205 1.59999 0.872925 0.679381 0.265205 0.239404 0.204804 0.121911 0.110715 0.0266242
threshold=10.000000000000002 11.000000000000002 5.0000000000000009 4.6500000000000012 17.000000000000004 4.4500000000000011 5.2500000000000009 7.0000000000000009 5.0500000000000007 3.4500000000000006 3.6500000000000008
decision_type=2 2 2 2 2 2 2 2 2 2 2
left_child=2 3 -1 7 6 -4 -3 9 10 -2 -5
right_child=1 4 5 8 -6 -7 -8 -9 -10 -11 -12
leaf_value=-0.026984105422729388 -0.0066895982310656498 0.011126132729187813 -0.015019028560376499 0.001288075988682416 0.023965316361957981 -0.0072076438532139245 0.017909484853347143 0.001291009711266886 0.0078753605364791802 -0.002080244319878665 0.0041678217603120862
leaf_weight=8.0000000000000018 6.0000000000000062 14.000000000000005 14.000000000000002 5.0000000000000027 5.9999999999999991 4.9999999999999991 6.9999999999999991 5.9999999999999991 5.9999999999999991 9.9999999999999982 7.9999999999999991
leaf_count=8 6 14 14 5 6 5 7 6 6 10 8
internal_value=0 0.00697267 -0.0174456 0.000880137 0.0161038 -0.013125 0.0135938 -0.0024635 0.00480215 -0.00394716 0.00319122
internal_weight=95 68 27 41 27 19 21 22 19 16 13
internal_count=95 68 27 41 27 19 21 22 19 16 13
is_linear=0
shrinkage=0.025


Tree=10
num_leaves=12
num_cat=0
split_feature=1 0 1 3 0 3 3 0 4 2 2
split_gain=17.6604 5.74172 1.52139 0.831882 0.645824 0.250609 0.227035 0.195356 0.116434 0.105089 0.0790945
threshold=10.000000000000002 11.000000000000002 5.0000000000000009 4.6500000000000012 17.000000000000004 4.4500000000000011 5.2500000000000009 7.0000000000000009 112.50000000000001 3.4500000000000006 3.8500000000000001
decision_type=2 2 2 2 2 2 2 2 2 2 2
left_child=2 3 -1 7 6 -4 -3 9 10 -2 -5
right_child=1 4 5 8 -6 -7 -8 -9 -10 -11 -12
leaf_value=-0.026325956750206821 -0.0065277532343902822 0.010851896848057353 -0.014648840586904067 0.0013020055209536374 0.023385511098369477 -0.0070343830461542193 0.017474185302853586 0.0012597755142187159 0.0076950474131491885 -0.0020292578694209749 0.005603798400037564
leaf_weight=8.0000000000000018 6.0000000000000062 14.000000000000005 14.000000000000002 8.0000000000000018 5.9999999999999991 4.9999999999999991 6.9999999999999991 5.9999999999999991 5.9999999999999991 9.9999999999999982 4.9999999999999991
leaf_count=8 6 14 14 8 6 5 7 6 6 10 5
internal_value=0 0.0068045 -0.0170208 0.000859602 0.0157133 -0.0128043 0.0132623 -0.0024036 0.00468883 -0.00385312 0.00311108
internal_weight=95 68 27 41 27 19 21 22 19 16 13
internal_count=95 68 27 41 27 19 21 22 19 16 13
is_linear=0
shrinkage=0.025


Tree=11
num_leaves=13
num_cat=0
split_feature=1 0 1 0 3 3 3 3 0 2 2 3
split_gain=16.8134 5.47513 1.44659 0.917032 0.531701 0.251538 0.236774 0.121114 0.071816 0.0450304 0.0425325 0.0186207
threshold=10.000000000000002 9.0000000000000018 5.0000000000000009 17.000000000000004 4.6500000000000012 5.2500000000000009 4.4500000000000011 4.3500000000000005 13.000000000000002 3.8500000000000001 3.5500000000000003 4.4500000000000011
decision_type=2 2 2 2 2 2 2 2 2 2 2 2
left_child=2 4 -1 5 7 8 -4 -2 10 -6 -3 -9
right_child=1 3 6 -5 9 -7 -8 11 -10 -11 -12 -13
leaf_value=-0.025683860080998107 -0.0047188279938252106 0.0057823912188824629 -0.014287777475907766 0.022819732393949264 0.0019701545649185416 0.015383991404719978 -0.0068652872927486902 0.00012353934759560688 0.012457413466707354 0.0054690918670250808 0.0099690067912301707 -0.0018159456479434782
leaf_weight=8.0000000000000018 11.000000000000002 7.0000000000000053 14.000000000000002 5.9999999999999991 7.9999999999999982 8.9999999999999982 4.9999999999999991 4.9999999999999982 5.9999999999999991 5 6 5
leaf_count=8 11 7 14 6 8 9 5 5 6 5 6 5
internal_value=0 0.00664055 -0.0166064 0.0137044 -0.000425639 0.0115589 -0.0124915 -0.00290808 0.00954047 0.00347307 0.00793114 -0.000740246
internal_weight=95 68 27 34 34 28 19 21 19 13 13 10
internal_count=95 68 27 34 34 28 19 21 19 13 13 10
is_linear=0
shrinkage=0.025


Tree=12
num_leaves=12
num_cat=0
split_feature=1 0 1 3 0 3 3 0 3 2 2
split_gain=16.0089 5.22562 1.37543 0.748106 0.579351 0.223663 0.205911 0.184191 0.108944 0.098187 0.0215997
threshold=10.000000000000002 11.000000000000002 5.0000000000000009 4.6500000000000012 17.000000000000004 4.4500000000000011 5.2500000000000009 7.0000000000000009 5.0500000000000007 3.4500000000000006 3.6500000000000008
decision_type=2 2 2 2 2 2 2 2 2 2 2
left_child=2 3 -1 7 6 -4 -3 9 10 -2 -5
right_child=1 4 5 8 -6 -7 -8 -9 -10 -11 -12
leaf_value=-0.025057424713925608 -0.0062790688367620516 0.010341902979662717 -0.013935614135903369 0.0011601268994407006 0.022267642208645425 -0.0067002564534330029 0.016675548669364718 0.0012698878203668902 0.0073475461152772746 -0.0019255676302218847 0.0038034725139235582
leaf_weight=8.0000000000000018 6.0000000000000062 14.000000000000005 14.000000000000002 5.0000000000000027 5.9999999999999991 4.9999999999999991 6.9999999999999991 5.9999999999999991 5.9999999999999991 9.9999999999999982 7.9999999999999991
leaf_count=8 6 14 14 5 6 5 7 6 6 10 8
internal_value=1.14103e-06 0.00648177 -0.0162021 0.000808937 0.0149808 -0.0121863 0.0126495 -0.00228368 0.00444145 -0.00369266 0.00291448
internal_weight=95 68 27 41 27 19 21 22 19 16 13
internal_count=95 68 27 41 27 19 21 22 19 16 13
is_linear=0
shrinkage=0.025


Tree=13
num_leaves=13
num_cat=0
split_feature=1 0 1 0 3 3 3 3 0 2 2 3
split_gain=15.2412 4.98052 1.30771 0.826317 0.482002 0.224171 0.211237 0.114693 0.0658347 0.0422472 0.0405786 0.0169692
threshold=10.000000000000002 9.0000000000000018 5.0000000000000009 17.000000000000004 4.6500000000000012 5.2500000000000009 4.4500000000000011 4.3500000000000005 13.000000000000002 3.8500000000000001 3.5500000000000003 4.4500000000000011
decision_type=2 2 2 2 2 2 2 2 2 2 2 2
left_child=2 4 -1 5 7 8 -4 -2 10 -6 -3 -9
right_child=1 3 6 -5 9 -7 -8 11 -10 -11 -12 -13
leaf_value=-0.024446267761835228 -0.0045382118250667444 0.0054642594212459148 -0.013592131404389796 0.021728908510938769 0.0018399601098059157 0.014650622010231021 -0.006539192697919834 0.00015149457523455989 0.011905817182794695 0.0052291549276560533 0.0095303434037393147 -0.0016995076161737622
leaf_weight=8.0000000000000018 11.000000000000002 7.0000000000000053 14.000000000000002 5.9999999999999991 7.9999999999999982 8.9999999999999982 4.9999999999999991 4.9999999999999982 5.9999999999999991 5 6 5
leaf_count=8 11 7 14 6 8 9 5 5 6 5 6 5
internal_value=1.9117e-06 0.00632556 -0.0158078 0.0130629 -0.000412233 0.0110207 -0.0118886 -0.00277725 0.0091014 0.00329767 0.00755158 -0.000666634
internal_weight=95 68 27 34 34 28 19 21 19 13 13 10
internal_count=95 68 27 34 34 28 19 21 19 13 13 10
is_linear=0
shrinkage=0.025


Tree=14
num_leaves=12
num_cat=0
split_feature=1 0 1 3 2 0 3 0 3 2 2
split_gain=14.5122 4.75613 1.24328 0.672556 0.541869 0.241175 0.199463 0.173721 0.100063 0.0917294 0.0190297
threshold=10.000000000000002 11.000000000000002 5.0000000000000009 4.6500000000000012 3.6500000000000008 13.000000000000002 4.4500000000000011 7.0000000000000009 5.0500000000000007 3.4500000000000006 3.6500000000000008
decision_type=2 2 2 2 2 2 2 2 2 2 2
left_child=2 3 -1 7 5 -3 -4 9 10 -2 -5
right_child=1 4 6 8 -6 -7 -8 -9 -10 -11 -12
leaf_value=-0.023850017059140083 -0.0060402531537317389 0.0068067545852353419 -0.01325711331946749 0.001070584944234444 0.020648108940157627 0.01374109348570797 -0.0063820005074376246 0.0012782711660557038 0.006993675892872195 -0.0018270344699404259 0.0035776034724421622
leaf_weight=8.0000000000000018 6.0000000000000062 6.0000000000000062 14.000000000000002 5.0000000000000027 6.9999999999999991 13.999999999999998 4.9999999999999991 5.9999999999999991 5.9999999999999991 9.9999999999999982 7.9999999999999991
leaf_count=8 6 6 14 5 7 14 5 6 6 10 8
internal_value=3.55441e-06 0.00617443 -0.0154231 0.000761023 0.0142828 0.0118107 -0.0115983 -0.00216937 0.00420647 -0.00353922 0.00273889
internal_weight=95 68 27 41 27 20 19 22 19 16 13
internal_count=95 68 27 41 27 20 19 22 19 16 13
is_linear=0
shrinkage=0.025


Tree=15
num_leaves=13
num_cat=0
split_feature=1 0 1 0 3 3 3 3 0 2 2 3
split_gain=13.816 4.53007 1.18198 0.769982 0.43709 0.201877 0.188307 0.108621 0.0557392 0.0396451 0.0344132 0.0154462
threshold=10.000000000000002 9.0000000000000018 5.0000000000000009 17.000000000000004 4.6500000000000012 5.2500000000000009 4.4500000000000011 4.3500000000000005 13.000000000000002 3.8500000000000001 3.5500000000000003 4.4500000000000011
decision_type=2 2 2 2 2 2 2 2 2 2 2 2
left_child=2 4 -1 5 7 8 -4 -2 10 -6 -3 -9
right_child=1 3 6 -5 9 -7 -8 11 -10 -11 -12 -13
leaf_value=-0.023268310616656043 -0.0043650987871842505 0.0052044699899852229 -0.012930353888323608 0.020815061753795994 0.0017175680707867552 0.013936623153479205 -0.0062285869042030886 0.00017684259666846352 0.011285327543174068 0.0050010303554769882 0.0090495085283633196 -0.0015891525894403454
leaf_weight=8.0000000000000018 11.000000000000002 7.0000000000000053 14.000000000000002 5.9999999999999991 7.9999999999999982 8.9999999999999982 4.9999999999999991 4.9999999999999982 5.9999999999999991 5 6 5
leaf_count=8 11 7 14 6 8 9 5 5 6 5 6 5
internal_value=3.93862e-06 0.00602529 -0.0150478 0.0124508 -0.000398939 0.0104793 -0.0113151 -0.00265251 0.00864834 0.00313177 0.00718403 -0.000597452
internal_weight=95 68 27 34 34 28 19 21 19 13 13 10
internal_count=95 68 27 34 34 28 19 21 19 13 13 10
is_linear=0
shrinkage=0.025


Tree=16
num_leaves=12
num_cat=0
split_feature=1 0 1 3 2 0 3 0 3 2 2
split_gain=13.1554 4.32818 1.12366 0.604544 0.511705 0.212361 0.177737 0.163889 0.0919145 0.0856882 0.0167257
threshold=10.000000000000002 11.000000000000002 5.0000000000000009 4.6500000000000012 3.6500000000000008 13.000000000000002 4.4500000000000011 7.0000000000000009 5.0500000000000007 3.4500000000000006 3.6500000000000008
decision_type=2 2 2 2 2 2 2 2 2 2 2
left_child=2 3 -1 7 5 -3 -4 9 10 -2 -5
right_child=1 4 6 8 -6 -7 -8 -9 -10 -11 -12
leaf_value=-0.022700790079628542 -0.0058108975449877335 0.0064851521964996014 -0.012611648167522858 0.00098679804314787513 0.019793679772151841 0.013038463072038035 -0.0060788613708259963 0.0012848578994312594 0.0066570794510264547 -0.0017334028582291806 0.0033637039647324059
leaf_weight=8.0000000000000018 6.0000000000000062 6.0000000000000062 14.000000000000002 5.0000000000000027 6.9999999999999991 13.999999999999998 4.9999999999999991 5.9999999999999991 5.9999999999999991 9.9999999999999982 7.9999999999999991
leaf_count=8 6 6 14 5 7 14 5 6 6 10 8
internal_value=5.48437e-06 0.00588144 -0.0146817 0.000715909 0.0136165 0.011218 -0.0110388 -0.00206046 0.00398373 -0.00339249 0.00257301
internal_weight=95 68 27 41 27 20 19 22 19 16 13
internal_count=95 68 27 41 27 20 19 22 19 16 13
is_linear=0
shrinkage=0.025


Tree=17
num_leaves=13
num_cat=0
split_feature=1 0 1 0 3 3 3 3 0 2 2 3
split_gain=12.5246 4.12045 1.06817 0.717617 0.396498 0.181644 0.167724 0.102877 0.0469341 0.0372119 0.0289512 0.0140422
threshold=10.000000000000002 9.0000000000000018 5.0000000000000009 17.000000000000004 4.6500000000000012 5.2500000000000009 4.4500000000000011 4.3500000000000005 13.000000000000002 3.8500000000000001 3.5500000000000003 4.4500000000000011
decision_type=2 2 2 2 2 2 2 2 2 2 2 2
left_child=2 4 -1 5 7 8 -4 -2 10 -6 -3 -9
right_child=1 3 6 -5 9 -7 -8 11 -10 -11 -12 -13
leaf_value=-0.022147112357907173 -0.0041991641472382711 0.0049568983338152328 -0.01230079735248861 0.0199415470323255 0.0016025398403587865 0.013256517797708514 -0.0059327348887633817 0.00019974904851271559 0.010696848602064195 0.0047841214682333736 0.0085915161116469282 -0.0014845876667935114
leaf_weight=8.0000000000000018 11.000000000000002 7.0000000000000053 14.000000000000002 5.9999999999999991 7.9999999999999982 8.9999999999999982 4.9999999999999991 4.9999999999999982 5.9999999999999991 5 6 5
leaf_count=8 11 7 14 6 8 9 5 5 6 5 6 5
internal_value=5.81595e-06 0.00573947 -0.0143246 0.0118677 -0.000385776 0.0099641 -0.0107694 -0.00253358 0.00821758 0.00297487 0.00683387 -0.000532467
internal_weight=95 68 27 34 34 28 19 21 19 13 13 10
internal_count=95 68 27 34 34 28 19 21 19 13 13 10
is_linear=0
shrinkage=0.025


Tree=18
num_leaves=12
num_cat=0
split_feature=1 0 1 3 2 0 3 0 3 2 2
split_gain=11.926 3.93879 1.01538 0.543323 0.483186 0.186641 0.158238 0.154653 0.0844366 0.0800368 0.0146627
threshold=10.000000000000002 11.000000000000002 5.0000000000000009 4.6500000000000012 3.6500000000000008 13.000000000000002 4.4500000000000011 7.0000000000000009 5.0500000000000007 3.4500000000000006 3.6500000000000008
decision_type=2 2 2 2 2 2 2 2 2 2 2
left_child=2 3 -1 7 5 -3 -4 9 10 -2 -5
right_child=1 4 6 8 -6 -7 -8 -9 -10 -11 -12
leaf_value=-0.021606939267821423 -0.0055906103443234129 0.0061790169727417655 -0.011997608567627382 0.00090842764251507192 0.018976348183221289 0.012370308646014041 -0.0057901209524761025 0.0012897622009228555 0.0063369114943329363 -0.0016444301406177237 0.0031611603684723378
leaf_weight=8.0000000000000018 6.0000000000000062 6.0000000000000062 14.000000000000002 5.0000000000000027 6.9999999999999991 13.999999999999998 4.9999999999999991 5.9999999999999991 5.9999999999999991 9.9999999999999982 7.9999999999999991
leaf_count=8 6 6 14 5 7 14 5 6 6 10 8
internal_value=7.27066e-06 0.00560255 -0.0139762 0.00067344 0.0129815 0.0106544 -0.0105065 -0.00195669 0.00377261 -0.00325216 0.00241631
internal_weight=95 68 27 41 27 20 19 22 19 16 13
internal_count=95 68 27 41 27 20 19 22 19 16 13
is_linear=0
shrinkage=0.025


Tree=19
num_leaves=12
num_cat=0
split_feature=1 0 1 3 2 0 3 0 3 2 2
split_gain=11.3543 3.7487 0.965149 0.517914 0.458937 0.176286 0.149253 0.147546 0.0799344 0.0759303 0.0137182
threshold=10.000000000000002 11.000000000000002 5.0000000000000009 4.6500000000000012 3.6500000000000008 13.000000000000002 4.4500000000000011 7.0000000000000009 5.0500000000000007 3.4500000000000006 3.6500000000000008
decision_type=2 2 2 2 2 2 2 2 2 2 2
left_child=2 3 -1 7 5 -3 -4 9 10 -2 -5
right_child=1 4 6 8 -6 -7 -8 -9 -10 -11 -12
leaf_value=-0.021079940258002857 -0.0054553536157454152 0.0060295244378428233 -0.011701893134855888 0.00088659037585155261 0.018515116886960139 0.012065406594897661 -0.0056509353399563297 0.0012585583601086852 0.0061835992901075271 -0.0016041254499178455 0.0030840588614299172
leaf_weight=8.0000000000000018 6.0000000000000062 6.0000000000000062 14.000000000000002 5.0000000000000027 6.9999999999999991 13.999999999999998 4.9999999999999991 5.9999999999999991 5.9999999999999991 9.9999999999999982 7.9999999999999991
leaf_count=8 6 6 14 5 7 14 5 6 6 10 8
internal_value=7.55324e-06 0.00546739 -0.0136363 0.000657904 0.0126662 0.0103941 -0.0102501 -0.00190911 0.00368426 -0.00317502 0.00235981
internal_weight=95 68 27 41 27 20 19 22 19 16 13
internal_count=95 68 27 41 27 20 19 22 19 16 13
is_linear=0
shrinkage=0.025


Tree=20
num_leaves=13
num_cat=0
split_feature=1 0 0 1 2 0 3 3 4 3 1 4
split_gain=10.8105 2.64217 1.39475 0.625255 0.481563 0.450858 0.161214 0.147413 0.110714 0.0473401 0.0246805 0.00629213
threshold=14.000000000000002 5.0000000000000009 11.000000000000002 7.0000000000000009 3.2500000000000004 17.000000000000004 4.3500000000000005 5.2500000000000009 112.50000000000001 4.7500000000000009 10.000000000000002 93.000000000000014
decision_type=2 2 2 2 2 2 2 2 2 2 2 2
left_child=1 3 8 -1 10 7 -6 -4 11 -8 -3 -2
right_child=2 4 5 -5 6 -7 9 -9 -10 -11 -12 -13
leaf_value=-0.020565795316928769 0.0021734578234534098 -0.0091559555094975643 0.00834284762943714 -0.010917334698817947 -0.0042417102367975357 0.01876261522693019 -0.00013438504552695809 0.013730076493488419 0.0056443507067586596 0.0027980567350123931 -0.0050442141624024266 0.00048670469460865615
leaf_weight=8 6.0000000000000018 5.0000000000000018 14.000000000000005 13 5.0000000000000027 5.9999999999999991 7.9999999999999982 6.9999999999999991 7.9999999999999991 5 5 5
leaf_count=8 6 5 14 13 5 6 8 7 8 5 5 5
internal_value=7.82566e-06 -0.00813411 0.00870548 -0.0148112 -0.00301241 0.0123586 -0.00047302 0.0103101 0.00337448 0.000924086 -0.00736185 0.00154074
internal_weight=95 49 46 21 28 27 18 21 19 13 10 11
internal_count=95 49 46 21 28 27 18 21 19 13 10 11
is_linear=0
shrinkage=0.025


Tree=21
num_leaves=13
num_cat=0
split_feature=1 0 0 1 2 2 0 3 4 3 1 4
split_gain=10.2968 2.51259 1.32635 0.594122 0.458817 0.433136 0.160141 0.153471 0.104863 0.0451768 0.0228172 0.00584443
threshold=14.000000000000002 5.0000000000000009 11.000000000000002 7.0000000000000009 3.2500000000000004 3.6500000000000008 13.000000000000002 4.3500000000000005 112.50000000000001 4.7500000000000009 10.000000000000002 93.000000000000014
decision_type=2 2 2 2 2 2 2 2 2 2 2 2
left_child=1 3 8 -1 10 6 -4 -6 11 -9 -3 -2
right_child=2 4 5 -5 7 -7 -8 9 -10 -11 -12 -13
leaf_value=-0.020064190611606691 0.0021208742543333951 -0.0089358605587711651 0.0056818056310857434 -0.010648536885326559 -0.0041397461488556376 0.017733843210670685 0.011451069548935959 -0.00013110741473189216 0.0055066835145159386 0.0027307956045171094 -0.0049229590078959089 0.00047500508013539579
leaf_weight=8 6.0000000000000018 5.0000000000000018 6.0000000000000062 13 5.0000000000000027 6.9999999999999991 13.999999999999998 7.9999999999999982 7.9999999999999991 5 5 5
leaf_count=8 6 5 6 13 5 7 14 8 8 5 5 5
internal_value=7.72868e-06 -0.0079381 0.00849654 -0.0144499 -0.00294211 0.0120594 0.00985556 -0.000461628 0.00329553 0.000899625 -0.00718783 0.0015062
internal_weight=95 49 46 21 28 27 20 18 19 13 10 11
internal_count=95 49 46 21 28 27 20 18 19 13 10 11
is_linear=0
shrinkage=0.025


Tree=22
num_leaves=13
num_cat=0
split_feature=1 0 0 1 2 0 3 3 4 3 1 4
split_gain=9.80703 2.38933 1.26099 0.564504 0.437149 0.42569 0.146099 0.134483 0.0993069 0.0431141 0.0210587 0.00542146
threshold=14.000000000000002 5.0000000000000009 11.000000000000002 7.0000000000000009 3.2500000000000004 17.000000000000004 4.3500000000000005 5.2500000000000009 112.50000000000001 4.7500000000000009 10.000000000000002 93.000000000000014
decision_type=2 2 2 2 2 2 2 2 2 2 2 2
left_child=1 3 8 -1 10 7 -6 -4 11 -8 -3 -2
right_child=2 4 5 -5 6 -7 9 -9 -10 -11 -12 -13
leaf_value=-0.019574820123067715 0.0020695627667009823 -0.0087210561650303657 0.0078937897904657953 -0.010386356796053323 -0.0040402329258190867 0.017980971692069882 -0.00012790966188398805 0.013052589404914114 0.0053723740212551167 0.0026651515589597129 -0.004804618713947442 0.00046358668478205792
leaf_weight=8 6.0000000000000018 5.0000000000000018 14.000000000000005 13 5.0000000000000027 5.9999999999999991 7.9999999999999982 6.9999999999999991 7.9999999999999991 5 5 5
leaf_count=8 6 5 14 13 5 6 8 7 8 5 5 5
internal_value=7.37042e-06 -0.00774687 0.00829216 -0.0140973 -0.0028735 0.0117666 -0.00045051 0.00977927 0.00321851 0.000875752 -0.00701799 0.00147249
internal_weight=95 49 46 21 28 27 18 21 19 13 10 11
internal_count=95 49 46 21 28 27 18 21 19 13 10 11
is_linear=0
shrinkage=0.025


Tree=23
num_leaves=13
num_cat=0
split_feature=1 0 0 1 2 2 0 3 4 3 1 4
split_gain=9.34138 2.2721 1.19909 0.536328 0.416507 0.408742 0.145355 0.139079 0.0940306 0.0411471 0.0193997 0.00502194
threshold=14.000000000000002 5.0000000000000009 11.000000000000002 7.0000000000000009 3.2500000000000004 3.6500000000000008 13.000000000000002 4.3500000000000005 112.50000000000001 4.7500000000000009 10.000000000000002 93.000000000000014
decision_type=2 2 2 2 2 2 2 2 2 2 2 2
left_child=1 3 8 -1 10 6 -4 -6 11 -9 -3 -2
right_child=2 4 5 -5 7 -7 -8 9 -10 -11 -12 -13
leaf_value=-0.019097385828087968 0.0020194927020178678 -0.0085114153102040235 0.0053533639097886644 -0.010130632267982671 -0.0039431118137704608 0.016987162166171604 0.010866893633780347 -0.00012478989026531941 0.0052413404828346366 0.0026010853467876302 -0.00468912307316294 0.00045244276541500129
leaf_weight=8 6.0000000000000018 5.0000000000000018 6.0000000000000062 13 5.0000000000000027 6.9999999999999991 13.999999999999998 7.9999999999999982 7.9999999999999991 5 5 5
leaf_count=8 6 5 6 13 5 7 14 8 8 5 5 5
internal_value=7.28297e-06 -0.00756032 0.00809331 -0.0137534 -0.00280655 0.0114819 0.0093441 -0.00043966 0.00314336 0.000852452 -0.00685224 0.0014396
internal_weight=95 49 46 21 28 27 20 18 19 13 10 11
internal_count=95 49 46 21 28 27 20 18 19 13 10 11
is_linear=0
shrinkage=0.025


Tree=24
num_leaves=13
num_cat=0
split_feature=1 0 0 1 0 2 3 3 4 3 1 4
split_gain=8.8974 2.16059 1.13995 0.509525 0.401892 0.396842 0.132394 0.12259 0.0890207 0.0392715 0.0178351 0.00464468
threshold=14.000000000000002 5.0000000000000009 11.000000000000002 7.0000000000000009 17.000000000000004 3.2500000000000004 4.3500000000000005 5.2500000000000009 112.50000000000001 4.7500000000000009 10.000000000000002 93.000000000000014
decision_type=2 2 2 2 2 2 2 2 2 2 2 2
left_child=1 3 8 -1 7 10 -7 -4 11 -8 -3 -2
right_child=2 5 4 -5 -6 6 9 -9 -10 -11 -12 -13
leaf_value=-0.018631595518530868 0.0019706340326416869 -0.0083068142716701179 0.007468069819602326 -0.0098812036075149531 0.017233682784341998 -0.0038483254378661488 -0.00012174628266110654 0.01240746049831311 0.0051135030404732724 0.0025385594470068232 -0.0045764036691532672 0.00044156673113600559
leaf_weight=8 6.0000000000000018 5.0000000000000018 14.000000000000005 13 5.9999999999999991 5.0000000000000027 7.9999999999999982 6.9999999999999991 7.9999999999999991 5 5 5
leaf_count=8 6 5 14 13 6 5 8 7 8 5 5 5
internal_value=6.94471e-06 -0.00737831 0.00789879 -0.013418 0.0112033 -0.0027412 -0.000429072 0.00927501 0.00307004 0.000829711 -0.00669046 0.00140751
internal_weight=95 49 46 21 27 28 18 21 19 13 10 11
internal_count=95 49 46 21 27 28 18 21 19 13 10 11
is_linear=0
shrinkage=0.025


Tree=25
num_leaves=13
num_cat=0
split_feature=1 0 0 1 2 2 0 3 3 3 4 1
split_gain=8.47525 2.05453 1.08395 0.484029 0.385682 0.378108 0.131819 0.126029 0.0850179 0.0374828 0.0372344 0.01636
threshold=14.000000000000002 5.0000000000000009 11.000000000000002 7.0000000000000009 3.6500000000000008 3.2500000000000004 13.000000000000002 4.3500000000000005 5.0500000000000007 4.7500000000000009 100.00000000000001 10.000000000000002
decision_type=2 2 2 2 2 2 2 2 2 2 2 2
left_child=1 3 8 -1 6 11 -4 -7 10 -9 -2 -3
right_child=2 5 4 -5 -6 7 -8 9 -10 -11 -12 -13
leaf_value=-0.01817716679921964 4.0443050825307313e-06 -0.0081071310461713671 0.0050431679093068593 -0.0096379165114326912 0.016273495058218637 -0.0037558177754712764 0.010311418797978214 -0.00011877689692305356 0.0055169756479200817 0.0024775363464589009 0.002894581699122985 -0.0044663939123543396
leaf_weight=8 6.0000000000000018 5.0000000000000018 6.0000000000000062 13 6.9999999999999991 5.0000000000000027 13.999999999999998 7.9999999999999982 5.9999999999999991 5 7 5
leaf_count=8 6 5 6 13 7 5 14 8 6 5 7 5
internal_value=6.86591e-06 -0.00720074 0.00770953 -0.0130907 0.0109323 -0.00267742 0.00885841 -0.000418738 0.00299851 0.000807517 0.00167546 -0.00653258
internal_weight=95 49 46 21 27 28 20 18 19 13 13 10
internal_count=95 49 46 21 27 28 20 18 19 13 13 10
is_linear=0
shrinkage=0.025


Tree=26
num_leaves=13
num_cat=0
split_feature=1 0 0 1 0 2 3 3 4 3 1 4
split_gain=8.07287 1.95364 1.03036 0.459777 0.379395 0.360262 0.119969 0.111658 0.0814933 0.0357771 0.0149697 0.00446187
threshold=14.000000000000002 5.0000000000000009 11.000000000000002 7.0000000000000009 17.000000000000004 3.2500000000000004 4.3500000000000005 5.2500000000000009 112.50000000000001 4.7500000000000009 10.000000000000002 93.000000000000014
decision_type=2 2 2 2 2 2 2 2 2 2 2 2
left_child=1 3 8 -1 7 10 -7 -4 11 -8 -3 -2
right_child=2 5 4 -5 -6 6 9 -9 -10 -11 -12 -13
leaf_value=-0.017733821545432252 0.0018784003812939883 -0.0079122481437829788 0.0070645002805640976 -0.0094006192870438113 0.016519187246599506 -0.0036655334755778288 -0.00011587984769082653 0.011793160231577025 0.0048862034307293051 0.0024179800744884858 -0.0043590288251065283 0.00038916447396891615
leaf_weight=8 6.0000000000000018 5.0000000000000018 14.000000000000005 13 5.9999999999999991 5.0000000000000027 7.9999999999999982 6.9999999999999991 7.9999999999999991 5 5 5
leaf_count=8 6 5 14 13 6 5 8 7 8 5 5 5
internal_value=6.60274e-06 -0.00702751 0.00752451 -0.0127715 0.0106671 -0.00261518 -0.000408653 0.00879607 0.00292899 0.000785855 -0.00637849 0.00133212
internal_weight=95 49 46 21 27 28 18 21 19 13 10 11
internal_count=95 49 46 21 27 28 18 21 19 13 10 11
is_linear=0
shrinkage=0.025


Tree=27
num_leaves=13
num_cat=0
split_feature=1 0 0 1 2 2 4 0 3 3 4 1
split_gain=7.69015 1.85769 0.979687 0.436708 0.363889 0.343259 0.138272 0.119435 0.0789863 0.0667662 0.0344018 0.0136599
threshold=14.000000000000002 5.0000000000000009 11.000000000000002 7.0000000000000009 3.6500000000000008 3.2500000000000004 93.000000000000014 13.000000000000002 5.0500000000000007 4.5500000000000007 100.00000000000001 10.000000000000002
decision_type=2 2 2 2 2 2 2 2 2 2 2 2
left_child=1 3 8 -1 7 11 9 -4 10 -7 -2 -3
right_child=2 5 4 -5 -6 6 -8 -9 -10 -11 -12 -13
leaf_value=-0.017301288537862822 0 -0.0077220497223047073 0.004750240522046238 -0.0091691648559362599 0.015591337800853783 -0.00062105693824348891 -0.0034841306597715423 0.0097832565576257847 0.005289542394119405 0.0029344822032256949 0.0027523094607103198 -0.0042542443252526789
leaf_weight=8 6.0000000000000018 5.0000000000000018 6.0000000000000062 13 6.9999999999999991 6.0000000000000018 5.9999999999999991 13.999999999999998 5.9999999999999991 6 7 5
leaf_count=8 6 5 6 13 7 6 6 14 6 6 7 5
internal_value=6.53028e-06 -0.00685851 0.00734438 -0.0124601 0.0104092 -0.00255444 -0.000398812 0.00839721 0.00286088 0.00107322 0.00158211 -0.00622811
internal_weight=95 49 46 21 27 28 18 20 19 12 13 10
internal_count=95 49 46 21 27 28 18 20 19 12 13 10
is_linear=0
shrinkage=0.025


Tree=28
num_leaves=13
num_cat=0
split_feature=1 0 0 1 0 2 4 3 3 3 4 1
split_gain=7.32522 1.76643 0.931263 0.414766 0.358131 0.327067 0.131561 0.101614 0.074846 0.0636759 0.0326216 0.0124265
threshold=14.000000000000002 5.0000000000000009 11.000000000000002 7.0000000000000009 17.000000000000004 3.2500000000000004 93.000000000000014 5.2500000000000009 5.0500000000000007 4.5500000000000007 100.00000000000001 10.000000000000002
decision_type=2 2 2 2 2 2 2 2 2 2 2 2
left_child=1 3 8 -1 7 11 9 -4 10 -7 -2 -3
right_child=2 5 4 -5 -6 6 -8 -9 -10 -11 -12 -13
leaf_value=-0.016879306188443809 0 -0.00753642366482661 0.0066819535253543234 -0.0089434088772219252 0.015835998868269304 -0.00060603138540060275 -0.0033998371868003761 0.011208232637080881 0.0051615696520574631 0.0028634866121255097 0.0026854131163822278 -0.00415197883804257
leaf_weight=8 6.0000000000000018 5.0000000000000018 14.000000000000005 13 5.9999999999999991 6.0000000000000018 5.9999999999999991 6.9999999999999991 5.9999999999999991 6 7 5
leaf_count=8 6 5 14 13 6 6 6 7 6 6 7 5
internal_value=6.2428e-06 -0.00669361 0.00716818 -0.0121563 0.0101568 -0.00249512 -0.000389163 0.00834118 0.00279447 0.00104477 0.00154562 -0.00608134
internal_weight=95 49 46 21 27 28 18 21 19 12 13 10
internal_count=95 49 46 21 27 28 18 21 19 12 13 10
is_linear=0
shrinkage=0.025


Tree=29
num_leaves=13
num_cat=0
split_feature=1 0 0 1 2 2 3 0 4 3 1 4
split_gain=6.97823 1.67964 0.885412 0.393897 0.343297 0.311642 0.109477 0.10811 0.0721556 0.0312449 0.0112654 0.00443722
threshold=14.000000000000002 5.0000000000000009 11.000000000000002 7.0000000000000009 3.6500000000000008 3.2500000000000004 4.3500000000000005 13.000000000000002 112.50000000000001 4.7500000000000009 10.000000000000002 93.000000000000014
decision_type=2 2 2 2 2 2 2 2 2 2 2 2
left_child=1 3 8 -1 7 10 -7 -4 11 -8 -3 -2
right_child=2 5 4 -5 -6 6 9 -9 -10 -11 -12 -13
leaf_value=-0.016467615453208365 0.0017486720661362327 -0.0073552598603642862 0.0044736550520023946 -0.0087232113702956481 0.014939254863808551 -0.0034935294077373443 -7.4220460089968474e-05 0.0092810836476339437 0.0045732615606450455 0.0022814522237660216 -0.0040521716842284563 0.00030138084682850876
leaf_weight=8 6.0000000000000018 5.0000000000000018 6.0000000000000062 13 6.9999999999999991 5.0000000000000027 7.9999999999999982 13.999999999999998 7.9999999999999991 5 5 5
leaf_count=8 6 5 6 13 7 5 8 14 8 5 5 5
internal_value=6.19208e-06 -0.00653274 0.00699676 -0.0118599 0.00991142 -0.00243724 -0.000379748 0.00795931 0.00272967 0.00075795 -0.0059381 0.00121955
internal_weight=95 49 46 21 27 28 18 20 19 13 10 11
internal_count=95 49 46 21 27 28 18 20 19 13 10 11
is_linear=0
shrinkage=0.025


Tree=30
num_leaves=13
num_cat=0
split_feature=1 0 0 1 0 2 4 3 3 3 4 1
split_gain=6.64737 1.59707 0.841612 0.374049 0.338035 0.29694 0.12421 0.092392 0.0695127 0.0581083 0.0301395 0.0101729
threshold=14.000000000000002 5.0000000000000009 11.000000000000002 7.0000000000000009 17.000000000000004 3.2500000000000004 93.000000000000014 5.2500000000000009 5.0500000000000007 4.5500000000000007 100.00000000000001 10.000000000000002
decision_type=2 2 2 2 2 2 2 2 2 2 2 2
left_child=1 3 8 -1 7 11 9 -4 10 -7 -2 -3
right_child=2 5 4 -5 -6 6 -8 -9 -10 -11 -12 -13
leaf_value=-0.016065967101149443 0 -0.0071784504904196774 0.0063193577459790323 -0.0085084350638543107 0.0151826968116145 -0.0005482110795715161 -0.0032977110195544453 0.010651288905905353 0.0049488282672339873 0.0027580097302674282 0.0025534856857524976 -0.0039547637964670469
leaf_weight=8 6.0000000000000018 5.0000000000000018 14.000000000000005 13 5.9999999999999991 6.0000000000000018 5.9999999999999991 6.9999999999999991 5.9999999999999991 6 7 5
leaf_count=8 6 5 14 13 6 6 6 7 6 6 7 5
internal_value=5.90233e-06 -0.00637581 0.00682905 -0.0115709 0.00967121 -0.00238077 -0.000370608 0.00790916 0.00266641 0.00102055 0.00145927 -0.00579831
internal_weight=95 49 46 21 27 28 18 21 19 12 13 10
internal_count=95 49 46 21 27 28 18 21 19 12 13 10
is_linear=0
shrinkage=0.025


Tree=31
num_leaves=13
num_cat=0
split_feature=1 0 0 1 2 2 4 0 4 3 1 4
split_gain=6.33266 1.51855 0.800193 0.355172 0.323843 0.28294 0.118176 0.0977607 0.0660417 0.0557408 0.00914547 0.00425271
threshold=14.000000000000002 5.0000000000000009 11.000000000000002 7.0000000000000009 3.6500000000000008 3.2500000000000004 93.000000000000014 13.000000000000002 112.50000000000001 4.6500000000000012 10.000000000000002 93.000000000000014
decision_type=2 2 2 2 2 2 2 2 2 2 2 2
left_child=1 3 8 -1 7 10 9 -4 11 -7 -3 -2
right_child=2 5 4 -5 -6 6 -8 -9 -10 -11 -12 -13
leaf_value=-0.015674113809335522 0.0016664555927197772 -0.0070058916767056128 0.0042125338928834036 -0.0082989474137624107 0.014315876633756691 -0.00029687837231904255 -0.0032179276639175028 0.0088036412740467307 0.0043702269245575118 0.0029820781416044777 -0.0038596973611185175 0.00025730699999257915
leaf_weight=8 6.0000000000000018 5.0000000000000018 6.0000000000000062 13 6.9999999999999991 7.0000000000000018 5.9999999999999991 13.999999999999998 7.9999999999999991 5 5 5
leaf_count=8 6 5 6 13 7 7 6 14 8 5 5 5
internal_value=5.80712e-06 -0.0062227 0.00666579 -0.0112889 0.00943764 -0.00232564 -0.000361641 0.00754354 0.00260447 0.000993384 -0.00566187 0.00115357
internal_weight=95 49 46 21 27 28 18 20 19 12 10 11
internal_count=95 49 46 21 27 28 18 20 19 12 10 11
is_linear=0
shrinkage=0.025


Tree=32
num_leaves=13
num_cat=0
split_feature=1 0 0 1 0 2 2 4 3 3 3 1
split_gain=6.0326 1.4439 0.760896 0.337219 0.294261 0.269617 0.195287 0.112445 0.0545557 0.0532456 0.0434308 0.0081796
threshold=14.000000000000002 5.0000000000000009 15.000000000000002 7.0000000000000009 9.0000000000000018 3.2500000000000004 3.3500000000000001 93.000000000000014 5.2500000000000009 4.5500000000000007 4.6500000000000012 10.000000000000002
decision_type=2 2 2 2 2 2 2 2 2 2 2 2
left_child=1 3 4 -1 10 11 -4 9 -6 -7 -2 -3
right_child=2 5 6 -5 8 7 -8 -9 -10 -11 -12 -13
leaf_value=-0.015291818340377109 -0.00030001212054720297 -0.0068374807229981934 0.008290977595794587 -0.0080946170823705029 0.0051091936626759017 -0.00052776536453635447 0.016305360857110755 -0.0031400744743164503 0.0085001109167933461 0.0026323583322547129 0.0025324151010459491 -0.0037669161585374513
leaf_weight=8 4.9999999999999982 5.0000000000000018 5.9999999999999982 13 16.000000000000004 6.0000000000000018 5 5.9999999999999991 6.9999999999999991 6 7 5
leaf_count=8 5 5 6 13 16 6 5 6 7 6 7 5
internal_value=5.57032e-06 -0.00607327 0.00650617 -0.0110138 0.00459923 -0.00227173 0.0122716 -0.000352746 0.00625947 0.000967088 0.00126421 -0.00552871
internal_weight=95 49 46 21 35 28 11 18 23 12 12 10
internal_count=95 49 46 21 35 28 11 18 23 12 12 10
is_linear=0
shrinkage=0.025


Tree=33
num_leaves=13
num_cat=0
split_feature=1 0 0 1 0 2 4 3 3 3 4 1
split_gain=5.74644 1.37287 0.729786 0.320147 0.313391 0.256909 0.106978 0.079099 0.0620775 0.0511043 0.0277386 0.00727211
threshold=14.000000000000002 5.0000000000000009 11.000000000000002 7.0000000000000009 17.000000000000004 3.2500000000000004 93.000000000000014 5.2500000000000009 5.0500000000000007 4.6500000000000012 100.00000000000001 10.000000000000002
decision_type=2 2 2 2 2 2 2 2 2 2 2 2
left_child=1 3 8 -1 7 11 9 -4 10 -7 -2 -3
right_child=2 5 4 -5 -6 6 -8 -9 -10 -11 -12 -13
leaf_value=-0.014918847091314269 0 -0.0066731182285226275 0.0058188503293294287 -0.0078953178684142509 0.014292708375761588 -0.00028780761381818178 -0.0030641050498572088 0.0098602041084733284 0.0046253868844653495 0.0028471156739844719 0.0023691551397658052 -0.0036763652227818962
leaf_weight=8 6.0000000000000018 5.0000000000000018 14.000000000000005 13 5.9999999999999991 7.0000000000000018 5.9999999999999991 6.9999999999999991 5.9999999999999991 5 7 5
leaf_count=8 6 5 14 13 6 7 6 7 6 5 7 5
internal_value=5.05875e-06 -0.00592753 0.00634992 -0.0107454 0.00899764 -0.00221922 -0.000344212 0.00730524 0.00246773 0.000941212 0.0013222 -0.00539876
internal_weight=95 49 46 21 27 28 18 21 19 12 13 10
internal_count=95 49 46 21 27 28 18 21 19 12 13 10
is_linear=0
shrinkage=0.025


Tree=34
num_leaves=13
num_cat=0
split_feature=1 0 0 1 2 2 3 0 3 4 3 1
split_gain=5.47448 1.30534 0.693966 0.303912 0.30339 0.244817 0.0965086 0.0836459 0.0588496 0.0263669 0.0245285 0.00641992
threshold=14.000000000000002 5.0000000000000009 11.000000000000002 7.0000000000000009 3.6500000000000008 3.2500000000000004 4.3500000000000005 13.000000000000002 5.0500000000000007 100.00000000000001 4.7500000000000009 10.000000000000002
decision_type=2 2 2 2 2 2 2 2 2 2 2 2
left_child=1 3 8 -1 7 11 -7 -4 9 -2 -8 -3
right_child=2 5 4 -5 -6 6 10 -9 -10 -11 -12 -13
leaf_value=-0.014554972455995838 0 -0.0065127067626095702 0.0038462297029552873 -0.0077009254544408937 0.013488292580263484 -0.0032632924974537788 0 0.0081244765689045626 0.0045134825004835523 0.002311571529652509 0.0020720017303784304 -0.0035879911102641078
leaf_weight=8 6.0000000000000018 5.0000000000000018 6.0000000000000062 13 6.9999999999999991 5.0000000000000027 7.9999999999999982 13.999999999999998 5.9999999999999991 7 5 5
leaf_count=8 6 5 6 13 7 5 8 14 6 7 5 5
internal_value=4.88106e-06 -0.00578531 0.00619809 -0.0104836 0.00878051 -0.00216788 -0.000335746 0.00695367 0.00241 0.00129079 0.00072792 -0.00527192
internal_weight=95 49 46 21 27 28 18 20 19 13 13 10
internal_count=95 49 46 21 27 28 18 20 19 13 13 10
is_linear=0
shrinkage=0.025


Tree=35
num_leaves=13
num_cat=0
split_feature=1 0 0 1 0 2 2 4 3 3 3 1
split_gain=5.21516 1.24109 0.674762 0.288474 0.255541 0.233288 0.188249 0.100992 0.0466466 0.0444881 0.0400015 0.0056201
threshold=14.000000000000002 5.0000000000000009 15.000000000000002 7.0000000000000009 9.0000000000000018 3.2500000000000004 3.3500000000000001 93.000000000000014 4.5500000000000007 5.2500000000000009 4.6500000000000012 10.000000000000002
decision_type=2 2 2 2 2 2 2 2 2 2 2 2
left_child=1 3 4 -1 10 11 -4 8 -7 -6 -2 -3
right_child=2 5 6 -5 9 7 -8 -9 -10 -11 -12 -13
leaf_value=-0.014199973915408295 -0.00036031079765122672 -0.0063561513303564106 0.0076163760116023417 -0.007511319456424451 0.0047336335443420169 -0.00046855845458565194 0.015406315487164715 -0.0029720113597690098 0.0024790117892646976 0.0078619395072261501 0.0023594143011400268 -0.0035017413266289683
leaf_weight=8 4.9999999999999982 5.0000000000000018 5.9999999999999982 13 16.000000000000004 6.0000000000000018 5 5.9999999999999991 6 6.9999999999999991 7 5
leaf_count=8 5 5 6 13 16 6 5 6 6 7 7 5
internal_value=4.49015e-06 -0.00564658 0.00604955 -0.0102283 0.00425156 -0.00211783 0.0114807 -0.000327564 0.000919247 0.00579917 0.00113641 -0.00514814
internal_weight=95 49 46 21 35 28 11 18 12 23 12 10
internal_count=95 49 46 21 35 28 11 18 12 23 12 10
is_linear=0
shrinkage=0.025


Tree=36
num_leaves=13
num_cat=0
split_feature=1 0 0 1 0 2 2 4 3 3 3 1
split_gain=4.96805 1.17998 0.642752 0.273794 0.243171 0.222297 0.178319 0.0960778 0.0447993 0.0419002 0.0381907 0.0048699
threshold=14.000000000000002 5.0000000000000009 15.000000000000002 7.0000000000000009 9.0000000000000018 3.2500000000000004 3.3500000000000001 93.000000000000014 4.6500000000000012 5.2500000000000009 4.6500000000000012 10.000000000000002
decision_type=2 2 2 2 2 2 2 2 2 2 2 2
left_child=1 3 4 -1 10 11 -4 8 -7 -6 -2 -3
right_child=2 5 6 -5 9 7 -8 -9 -10 -11 -12 -13
leaf_value=-0.013853633131195859 -0.00035164946188720377 -0.0062033591935267782 0.0074321086578551816 -0.0073263817075216635 0.0046167538245496 -0.00024566568123797564 0.015035971196798177 -0.0029001078455738964 0.002679237615890227 0.0076708506378862611 0.0023020674215836652 -0.0034175648103253195
leaf_weight=8 4.9999999999999982 5.0000000000000018 5.9999999999999982 13 16.000000000000004 7.0000000000000018 5 5.9999999999999991 5 6.9999999999999991 7 5
leaf_count=8 5 5 6 13 16 7 5 6 5 7 7 5
internal_value=3.98853e-06 -0.00551127 0.00590441 -0.00997915 0.00414823 -0.00206902 0.0112068 -0.000319639 0.000894528 0.00565826 0.00110625 -0.00502733
internal_weight=95 49 46 21 35 28 11 18 12 23 12 10
internal_count=95 49 46 21 35 28 11 18 12 23 12 10
is_linear=0
shrinkage=0.025


Tree=37
num_leaves=13
num_cat=0
split_feature=1 0 0 1 0 2 2 4 3 3 3 1
split_gain=4.7327 1.12188 0.612256 0.259837 0.231401 0.21184 0.168881 0.0914097 0.0427573 0.0394453 0.0364638 0.00416667
threshold=14.000000000000002 5.0000000000000009 15.000000000000002 7.0000000000000009 9.0000000000000018 3.2500000000000004 3.3500000000000001 93.000000000000014 4.5500000000000007 5.2500000000000009 4.6500000000000012 10.000000000000002
decision_type=2 2 2 2 2 2 2 2 2 2 2 2
left_child=1 3 4 -1 10 11 -4 8 -7 -6 -2 -3
right_child=2 5 6 -5 9 7 -8 -9 -10 -11 -12 -13
leaf_value=-0.013515739033861857 -0.00034319633044875591 -0.0060542400854711317 0.0072522996954860241 -0.0071459971920403683 0.0045027598997371054 -0.00045127878566422752 0.014674530063684169 -0.002829943989373503 0.0023660093515871028 0.0074844063777062646 0.0022461144877727037 -0.0033354117893255666
leaf_weight=8 4.9999999999999982 5.0000000000000018 5.9999999999999982 13 16.000000000000004 6.0000000000000018 5 5.9999999999999991 6 6.9999999999999991 7 5
leaf_count=8 5 5 6 13 16 6 5 6 6 7 7 5
internal_value=3.51805e-06 -0.0053792 0.00576281 -0.00973614 0.00404744 -0.00202129 0.0109394 -0.000311776 0.000870601 0.00552079 0.00107684 -0.00490943
internal_weight=95 49 46 21 35 28 11 18 12 23 12 10
internal_count=95 49 46 21 35 28 11 18 12 23 12 10
is_linear=0
shrinkage=0.025


Tree=38
num_leaves=13
num_cat=0
split_feature=1 0 0 0 1 2 4 2 3 3 3 1
split_gain=4.50863 1.06659 0.596285 0.286201 0.246566 0.201864 0.086958 0.0605988 0.0410885 0.0348169 0.022397 0.0035079
threshold=14.000000000000002 5.0000000000000009 17.000000000000004 9.0000000000000018 7.0000000000000009 3.2500000000000004 93.000000000000014 2.9500000000000006 4.6500000000000012 4.6500000000000012 4.9500000000000011 10.000000000000002
decision_type=2 2 2 2 2 2 2 2 2 2 2 2
left_child=1 4 3 9 -1 11 8 -5 -7 -2 -9 -3
right_child=2 5 -4 7 -6 6 -8 10 -10 -11 -12 -13
leaf_value=-0.013186087186743573 -0.00033494642434211882 -0.0059087053872644872 0.012983565161665604 0.0030061654145679146 -0.0069700539958306986 -0.00023850832496666234 -0.0027614775962466675 0.004949434598286946 0.0025579576559651351 0.0021915212663265664 0.0075779218532022897 -0.0032552336736653854
leaf_weight=8 4.9999999999999982 5.0000000000000018 5.9999999999999991 6.0000000000000027 13 7.0000000000000018 5.9999999999999991 10.000000000000002 5 7 11.999999999999998 5
leaf_count=8 5 5 6 6 13 7 6 10 5 7 12 5
internal_value=3.02824e-06 -0.00525041 0.00562464 0.00443061 -0.00949909 -0.00197481 -0.000304233 0.0058182 0.000847059 0.00104813 0.00649481 -0.00479436
internal_weight=95 49 46 40 21 28 18 28 12 12 22 10
internal_count=95 49 46 40 21 28 18 28 12 12 22 10
is_linear=0
shrinkage=0.025


Tree=39
num_leaves=13
num_cat=0
split_feature=1 0 0 0 1 2 3 2 3 3 3 1
split_gain=4.29482 1.01404 0.567229 0.272477 0.233949 0.192371 0.0853852 0.0571054 0.0332463 0.0207217 0.0191826 0.00289122
threshold=14.000000000000002 5.0000000000000009 17.000000000000004 9.0000000000000018 7.0000000000000009 3.2500000000000004 4.3500000000000005 2.9500000000000006 4.6500000000000012 5.0500000000000007 4.7500000000000009 10.000000000000002
decision_type=2 2 2 2 2 2 2 2 2 2 2 2
left_child=1 4 3 8 -1 11 -7 -5 -2 -9 -8 -3
right_child=2 5 -4 7 -6 6 10 9 -10 -11 -12 -13
leaf_value=-0.012864475424696759 -0.00032689488994387482 -0.0057666692023093857 0.012669446745947485 0.0029334356482591342 -0.0067984428708300453 -0.0030543715549776165 0 0.0049470785739166388 0.0021382551508496461 0.0075015057410512667 0.0018834184103000619 -0.0031769828047030243
leaf_weight=8 4.9999999999999982 5.0000000000000018 5.9999999999999991 6.0000000000000027 13 5.0000000000000027 7.9999999999999982 11.000000000000002 7 10.999999999999998 5 5
leaf_count=8 5 5 6 6 13 5 8 11 7 11 5 5
internal_value=2.32813e-06 -0.00512471 0.00548934 0.00432356 -0.00926784 -0.00192936 -0.000296749 0.00567771 0.00102013 0.00633667 0.000699387 -0.00468206
internal_weight=95 49 46 40 21 28 18 28 12 22 13 10
internal_count=95 49 46 40 21 28 18 28 12 22 13 10
is_linear=0
shrinkage=0.025


Tree=40
num_leaves=13
num_cat=0
split_feature=1 3 0 1 0 1 3 2 3 3 3 2
split_gain=4.09104 0.96559 0.539566 0.284025 0.25942 0.143712 0.0646218 0.0537984 0.0345259 0.0317484 0.0192777 0.00674538
threshold=14.000000000000002 4.0500000000000007 17.000000000000004 10.000000000000002 9.0000000000000018 7.0000000000000009 4.4500000000000011 2.9500000000000006 4.6500000000000012 4.6500000000000012 4.9500000000000011 3.5500000000000003
decision_type=2 2 2 2 2 2 2 2 2 2 2 2
left_child=1 5 4 6 9 -1 -3 -6 11 -2 -9 -5
right_child=2 3 -4 8 7 -7 -8 10 -10 -11 -12 -13
leaf_value=-0.012550707488525201 -0.00031903674826025972 -0.0066807493930909709 0.012362927866108236 -0.001903793025905122 0.002862465473252437 -0.0070125138225114875 -0.0023982643248298416 0.004706872991907099 0.0011124267693488829 0.0020862836845076844 0.007212350841184133 -0.00041494120803956956
leaf_weight=8.0000000000000018 4.9999999999999982 7.9999999999999982 5.9999999999999991 5.0000000000000027 6.0000000000000027 8.9999999999999982 5 10.000000000000002 5.9999999999999991 7 11.999999999999998 7.9999999999999991
leaf_count=8 5 8 6 5 6 9 5 10 6 7 12 8
internal_value=1.79865e-06 -0.00500181 0.00535737 -0.00236517 0.00421916 -0.00980703 -0.00518963 0.00554071 -0.000333604 0.000992807 0.00618247 -0.00110244
internal_weight=95 49 46 32 40 17 13 28 19 12 22 13
internal_count=95 49 46 32 40 17 13 28 19 12 22 13
is_linear=0
shrinkage=0.025


Tree=41
num_leaves=13
num_cat=0
split_feature=1 0 0 1 0 2 2 4 3 3 3 1
split_gain=3.89731 0.919885 0.519054 0.209434 0.186386 0.17688 0.16925 0.0807321 0.0358439 0.0318071 0.0303196 0.00194626
threshold=14.000000000000002 5.0000000000000009 15.000000000000002 7.0000000000000009 9.0000000000000018 3.2500000000000004 3.3500000000000001 93.000000000000014 4.6500000000000012 5.2500000000000009 4.6500000000000012 10.000000000000002
decision_type=2 2 2 2 2 2 2 2 2 2 2 2
left_child=1 3 4 -1 10 11 -4 8 -7 -6 -2 -3
right_child=2 5 6 -5 9 7 -8 -9 -10 -11 -12 -13
leaf_value=-0.012244592934119992 -0.00031136764714924191 -0.005508630128147507 0.0063926959759555762 -0.0064790203200766078 0.0040351615060281792 -0.00016273165173414674 0.013671686213750103 -0.0026391495252028104 0.0024335076710065963 0.0067606796407037309 0.0020355753886785043 -0.0030302877412535815
leaf_weight=8 4.9999999999999982 5.0000000000000018 5.9999999999999982 13 16.000000000000004 7.0000000000000018 5 5.9999999999999991 5 6.9999999999999991 7 5
leaf_count=8 5 5 6 13 16 7 5 6 5 7 7 5
internal_value=1.04796e-06 -0.00488234 0.00522859 -0.00882919 0.00364584 -0.00183626 0.00999799 -0.00026814 0.000838735 0.00496968 0.00096615 -0.00447572
internal_weight=95 49 46 21 35 28 11 18 12 23 12 10
internal_count=95 49 46 21 35 28 11 18 12 23 12 10
is_linear=0
shrinkage=0.025


Tree=42
num_leaves=13
num_cat=0
split_feature=1 3 0 1 0 1 3 2 3 3 3 2
split_gain=3.71308 0.883188 0.500247 0.25578 0.233287 0.124889 0.0610905 0.0498787 0.0306822 0.0289569 0.0165478 0.00603273
threshold=14.000000000000002 4.0500000000000007 17.000000000000004 10.000000000000002 9.0000000000000018 7.0000000000000009 4.4500000000000011 2.9500000000000006 4.6500000000000012 4.6500000000000012 4.9500000000000011 3.5500000000000003
decision_type=2 2 2 2 2 2 2 2 2 2 2 2
left_child=1 5 4 6 9 -1 -3 -6 11 -2 -9 -5
right_child=2 3 -4 8 7 -7 -8 10 -10 -11 -12 -13
leaf_value=-0.01194594422491585 -0.00030388285835775049 -0.0063686550208708146 0.011850461032572054 -0.0017989716940344513 0.0026765749369177111 -0.0067195277985023427 -0.0022126596206082745 0.0044689885171714646 0.0010470923276678209 0.0019860996829164728 0.0068571831603519264 -0.0003782014900579958
leaf_weight=8.0000000000000018 4.9999999999999982 7.9999999999999982 5.9999999999999991 5.0000000000000027 6.0000000000000027 8.9999999999999982 5 10.000000000000002 5.9999999999999991 7 11.999999999999998 7.9999999999999991
leaf_count=8 5 8 6 5 6 9 5 10 6 7 12 8
internal_value=6.25369e-07 -0.00476563 0.00510343 -0.00224201 0.00400636 -0.009362 -0.00492264 0.00526014 -0.000310621 0.000940142 0.00587799 -0.00103833
internal_weight=95 49 46 32 40 17 13 28 19 12 22 13
internal_count=95 49 46 32 40 17 13 28 19 12 22 13
is_linear=0
shrinkage=0.025


Tree=43
num_leaves=14
num_cat=0
split_feature=1 3 1 1 2 1 4 3 3 3 1 2 2
split_gain=3.5374 0.840027 0.475839 0.243519 0.192011 0.118014 0.109162 0.0576439 0.0309432 0.0293156 0.0180018 0.0137974 0.00565089
threshold=14.000000000000002 4.0500000000000007 22.000000000000004 10.000000000000002 3.6500000000000008 7.0000000000000009 112.50000000000001 4.4500000000000011 5.2500000000000009 4.6500000000000012 18.000000000000004 3.5500000000000003 3.5500000000000003
decision_type=2 2 2 2 2 2 2 2 2 2 2 2 2
left_child=1 5 6 7 8 -1 11 -3 -4 12 -8 -2 -5
right_child=2 3 4 9 -6 -7 10 -9 -10 -11 -12 -13 -14
leaf_value=-0.011654579639434811 0 -0.0062133218638780654 0.004015380478181718 -0.0017557271720411674 0.011535411690258318 -0.0065551915367984262 0.0023784221436541821 -0.0021594707764541871 0.007644702648170864 0.0010217594673797008 0.0051405408298191811 0.0016847067722766144 -0.00036897702744548646
leaf_weight=8.0000000000000018 6.0000000000000018 7.9999999999999982 7.0000000000000018 5.0000000000000027 6.9999999999999991 8.9999999999999982 4.9999999999999973 5 5 5.9999999999999991 9 7 7.9999999999999991
leaf_count=8 6 8 7 5 7 9 5 5 5 6 9 7 8
internal_value=0 -0.00465192 0.00498086 -0.00218941 0.0080322 -0.00913519 0.00274439 -0.00480519 0.00573059 -0.00030315 0.00428949 0.000945962 -0.00101556
internal_weight=95 49 46 32 19 17 27 13 12 19 14 13 13
internal_count=95 49 46 32 19 17 27 13 12 19 14 13 13
is_linear=0
shrinkage=0.025


Tree=44
num_leaves=14
num_cat=0
split_feature=1 3 0 1 2 0 1 3 3 3 2 0 2
split_gain=3.37166 0.798964 0.464407 0.231846 0.160871 0.159571 0.11149 0.0543761 0.0280121 0.0274361 0.0263632 0.0188581 0.00528922
threshold=14.000000000000002 4.0500000000000007 15.000000000000002 10.000000000000002 3.3500000000000001 9.0000000000000018 7.0000000000000009 4.4500000000000011 4.6500000000000012 4.6500000000000012 3.5500000000000003 13.000000000000002 3.5500000000000003
decision_type=2 2 2 2 2 2 2 2 2 2 2 2 2
left_child=1 6 5 7 -4 9 -1 -3 12 -2 11 -7 -5
right_child=2 3 4 8 -6 10 -8 -9 -10 -11 -12 -13 -14
leaf_value=-0.011370321726653631 -0.00033231133666749191 -0.0060617775997010674 0.0058842628713577034 -0.0017135221672315998 0.012937944583021678 0.0020849794197905181 -0.0063948742964345488 -0.0021075603516342543 0.00099703938730301401 0.0018979109293367298 0.0057174201954954445 0.0047973594843195022 -0.00035997754383105336
leaf_weight=8.0000000000000018 4.9999999999999982 7.9999999999999982 5.9999999999999982 5.0000000000000027 5 7.0000000000000018 8.9999999999999982 5 5.9999999999999991 7 10.999999999999998 5 7.9999999999999991
leaf_count=8 5 8 6 5 5 7 9 5 6 7 11 5 8
internal_value=2.52625e-07 -0.00454097 0.00486342 -0.00213809 0.00937587 0.00336449 -0.00891392 -0.0046906 -0.000295859 0.000875979 0.00459023 0.00337771 -0.000993343
internal_weight=95 49 46 32 11 35 17 13 19 12 23 12 13
internal_count=95 49 46 32 11 35 17 13 19 12 23 12 13
is_linear=0
shrinkage=0.025


Tree=45
num_leaves=13
num_cat=0
split_feature=1 3 0 1 0 1 3 2 3 3 3 2
split_gain=3.21327 0.759895 0.452098 0.220733 0.200605 0.1053 0.0512783 0.0398144 0.0267687 0.0262033 0.0143275 0.00494672
threshold=14.000000000000002 4.0500000000000007 17.000000000000004 10.000000000000002 9.0000000000000018 7.0000000000000009 4.4500000000000011 2.9500000000000006 4.6500000000000012 4.6500000000000012 4.9500000000000011 3.5500000000000003
decision_type=2 2 2 2 2 2 2 2 2 2 2 2
left_child=1 5 4 6 9 -1 -3 -6 11 -2 -9 -5
right_child=2 3 -4 8 7 -7 -8 10 -10 -11 -12 -13
leaf_value=-0.01109299639739641 -0.00032432306056412371 -0.0059139291869431017 0.01116281585888036 -0.0016723317577718531 0.0024983545254555427 -0.0062384779848482308 -0.0020568978363791333 0.0040978180689682404 0.00097291750172453541 0.0018517810540894662 0.006349938381157938 -0.00035119767914094582
leaf_weight=8.0000000000000018 4.9999999999999982 7.9999999999999982 5.9999999999999991 5.0000000000000027 6.0000000000000027 8.9999999999999982 5 10.000000000000002 5.9999999999999991 7 11.999999999999998 7.9999999999999991
leaf_count=8 5 8 6 5 6 9 5 10 6 7 12 8
internal_value=2.31922e-07 -0.00443273 0.00474811 -0.00208801 0.00370406 -0.00869806 -0.00457879 0.00486726 -0.000288743 0.000852159 0.00542869 -0.000971663
internal_weight=95 49 46 32 40 17 13 28 19 12 22 13
internal_count=95 49 46 32 40 17 13 28 19 12 22 13
is_linear=0
shrinkage=0.025


Tree=46
num_leaves=13
num_cat=0
split_feature=1 0 0 0 1 2 4 2 3 3 3 1
split_gain=3.06146 0.724517 0.42999 0.191011 0.157026 0.146308 0.0721459 0.0374276 0.0290855 0.0250274 0.0130967 0.000299176
threshold=14.000000000000002 5.0000000000000009 17.000000000000004 9.0000000000000018 7.0000000000000009 3.2500000000000004 93.000000000000014 2.9500000000000006 4.5500000000000007 4.6500000000000012 4.9500000000000011 10.000000000000002
decision_type=2 2 2 2 2 2 2 2 2 2 2 2
left_child=1 4 3 9 -1 11 8 -5 -7 -2 -9 -3
right_child=2 5 -4 7 -6 6 -8 10 -10 -11 -12 -13
leaf_value=-0.010822435831878243 -0.00031652685183172047 -0.0049399312693052541 0.010892747934426994 0.0024379105036777819 -0.0057601998362577329 -0.0001950839098783269 -0.0024350535003430842 0.0039973814519779632 0.0020830710448565019 0.0018067725138583527 0.0061937923955379948 -0.0026994139224720682
leaf_weight=8 4.9999999999999982 5.0000000000000018 5.9999999999999991 6.0000000000000027 13 6.0000000000000018 5.9999999999999991 10.000000000000002 6 7 11.999999999999998 5
leaf_count=8 5 5 6 6 13 6 6 10 6 7 12 5
internal_value=0 -0.00432713 0.00463421 0.00361481 -0.00783154 -0.0016176 -0.000186363 0.00475009 0.00085701 0.00082892 0.00529674 -0.00401712
internal_weight=95 49 46 40 21 28 18 28 12 12 22 10
internal_count=95 49 46 40 21 28 18 28 12 12 22 10
is_linear=0
shrinkage=0.025


Tree=47
num_leaves=13
num_cat=0
split_feature=1 3 0 1 2 3 0 1 3 2 3 2
split_gain=2.91683 0.694903 0.409149 0.198472 0.15765 0.144252 0.135178 0.0910753 0.0484971 0.0320236 0.0239154 0.00432065
threshold=14.000000000000002 4.0500000000000007 15.000000000000002 10.000000000000002 3.3500000000000001 5.0500000000000007 9.0000000000000018 7.0000000000000009 4.4500000000000011 3.6500000000000008 4.6500000000000012 3.5500000000000003
decision_type=2 2 2 2 2 2 2 2 2 2 2 2
left_child=1 7 5 8 -4 6 -2 -1 -3 -7 11 -5
right_child=2 3 4 10 -6 9 -8 -9 -10 -11 -12 -13
leaf_value=-0.010558473618655667 -0.00046703485346844665 -0.0056366968082218645 0.0053463580507424578 -0.0015792817522126885 0.012255331272116074 0.0034994770824495294 0.0033901433816715845 -0.0059775076928022131 -0.0018928602302017115 0.0068858405755412178 0.00091720058793021792 -0.00032433173626309218
leaf_weight=8.0000000000000018 9 7.9999999999999982 5.9999999999999982 5.0000000000000027 5 6.9999999999999982 13 8.9999999999999982 5 6 5.9999999999999991 7.9999999999999991
leaf_count=8 9 8 6 5 5 7 13 9 5 6 6 8
internal_value=0 -0.00422401 0.00452309 -0.00197978 0.00876117 0.0031134 0.00176591 -0.00830364 -0.00434195 0.00523776 -0.000270059 -0.000918317
internal_weight=95 49 46 32 11 35 22 17 13 13 19 13
internal_count=95 49 46 32 11 35 22 17 13 13 19 13
is_linear=0
shrinkage=0.025


Tree=48
num_leaves=13
num_cat=0
split_feature=1 3 0 1 0 1 3 3 2 3 3 2
split_gain=2.77961 0.660895 0.398787 0.188961 0.174248 0.0859228 0.0457203 0.0374295 0.0354375 0.0353799 0.0228606 0.00403088
threshold=14.000000000000002 4.0500000000000007 17.000000000000004 10.000000000000002 11.000000000000002 7.0000000000000009 4.4500000000000011 5.2500000000000009 3.4500000000000006 5.0500000000000007 4.6500000000000012 3.5500000000000003
decision_type=2 2 2 2 2 2 2 2 2 2 2 2
left_child=1 5 4 6 8 -1 -3 -6 -2 -10 11 -5
right_child=2 3 -4 10 7 -7 -8 -9 9 -11 -12 -13
leaf_value=-0.010300949888258443 0 -0.0054992164008137662 0.010444148972390162 -0.0015413182769687119 0.0039349425839863613 -0.0058313185956491084 -0.0018473588180943174 0.0068558076189623937 0.0010065783502352312 0.0040098332226849512 0.00089501022030749632 -0.00031642123954597778
leaf_weight=8.0000000000000018 6.0000000000000027 7.9999999999999982 5.9999999999999991 5.0000000000000027 14.000000000000002 8.9999999999999982 5 6.9999999999999991 7.9999999999999982 5 5.9999999999999991 7.9999999999999991
leaf_count=8 6 8 6 5 14 9 5 7 8 5 6 8
internal_value=0 -0.0041235 0.00441539 -0.00193355 0.00343252 -0.00810267 -0.00423862 0.00502302 0.00157548 0.00229963 -0.000263565 -0.000898448
internal_weight=95 49 46 32 40 17 13 21 19 13 19 13
internal_count=95 49 46 32 40 17 13 21 19 13 19 13
is_linear=0
shrinkage=0.025


Tree=49
num_leaves=13
num_cat=0
split_feature=1 3 0 1 0 1 3 2 3 3 3 2
split_gain=2.64905 0.628539 0.379127 0.179907 0.165565 0.0810365 0.0430884 0.0332279 0.0219341 0.0218542 0.00931193 0.00375666
threshold=14.000000000000002 4.0500000000000007 17.000000000000004 10.000000000000002 9.0000000000000018 7.0000000000000009 4.4500000000000011 2.9500000000000006 4.6500000000000012 4.6500000000000012 4.9500000000000011 3.5500000000000003
decision_type=2 2 2 2 2 2 2 2 2 2 2 2
left_child=1 5 4 6 8 -1 -3 -6 -2 11 -9 -5
right_child=2 3 -4 9 7 -7 -8 10 -10 -11 -12 -13
leaf_value=-0.010049707269886642 -0.00031220913291550605 -0.0053650891862627942 0.010191467698783645 -0.0015042673053148265 0.0022172255832101054 -0.0056887047648753819 -0.0018029511906206604 0.0037221407910407165 0.0016688791569322344 0.00087335677517037249 0.0057461107790958699 -0.00030870365685919617
leaf_weight=8.0000000000000018 4.9999999999999982 7.9999999999999982 5.9999999999999991 5.0000000000000027 6.0000000000000027 8.9999999999999982 5 10.000000000000002 7 5.9999999999999991 11.999999999999998 7.9999999999999991
leaf_count=8 5 8 6 5 6 9 5 10 7 6 12 8
internal_value=0 -0.00402544 0.00431049 -0.00188844 0.00335094 -0.00790661 -0.00413781 0.00440834 0.000749381 -0.000257226 0.00492425 -0.000879058
internal_weight=95 49 46 32 40 17 13 28 12 19 22 13
internal_count=95 49 46 32 40 17 13 28 12 19 22 13
is_linear=0
shrinkage=0.025


Tree=50
num_leaves=12
num_cat=0
split_feature=1 0 0 0 2 1 4 3 2 3 3
split_gain=2.52415 0.598177 0.360539 0.159413 0.125793 0.124319 0.0656632 0.0339199 0.0333627 0.0324687 0.0245741
threshold=14.000000000000002 5.0000000000000009 17.000000000000004 11.000000000000002 3.2500000000000004 7.0000000000000009 93.000000000000014 5.2500000000000009 3.4500000000000006 5.0500000000000007 4.5500000000000007
decision_type=2 2 2 2 2 2 2 2 2 2 2
left_child=1 5 3 8 -3 -1 10 -5 -2 -10 -6
right_child=2 4 -4 7 6 -7 -8 -9 9 -11 -12
leaf_value=-0.009804592481473598 0 -0.0036867664204727774 0.0099449001072395241 0.0037461197292301012 -8.584710979653938e-05 -0.0052422847697567755 -0.0022825784119401846 0.0065495111462142742 0.00094692312158280775 0.0038341215596749225 0.0019823581521068849
leaf_weight=8 6.0000000000000027 10.000000000000002 5.9999999999999991 14.000000000000002 6.0000000000000018 13 5.9999999999999991 6.9999999999999991 7.9999999999999982 5 6
leaf_count=8 6 10 6 14 6 13 6 7 8 5 6
internal_value=0 -0.00392977 0.00420727 0.00327034 -0.00146272 -0.00711537 -0.000131517 0.00479252 0.00149043 0.00219335 0.000861342
internal_weight=95 49 46 40 28 21 18 21 19 13 12
internal_count=95 49 46 40 28 21 18 21 19 13 12
is_linear=0
shrinkage=0.025


Tree=51
num_leaves=13
num_cat=0
split_feature=1 3 0 1 0 1 3 2 3 3 3 2
split_gain=2.40501 0.574523 0.342748 0.162893 0.152298 0.0699136 0.0407027 0.0300523 0.0201617 0.0192759 0.00690366 0.00302388
threshold=14.000000000000002 4.0500000000000007 17.000000000000004 10.000000000000002 9.0000000000000018 7.0000000000000009 4.4500000000000011 2.9500000000000006 4.6500000000000012 4.6500000000000012 4.9500000000000011 3.5500000000000003
decision_type=2 2 2 2 2 2 2 2 2 2 2 2
left_child=1 5 4 6 8 -1 -3 -6 -2 11 -9 -5
right_child=2 3 -4 9 7 -7 -8 10 -10 -11 -12 -13
leaf_value=-0.0095654560571036672 -0.00031836166476401003 -0.0051206001330439642 0.0097042974264871708 -0.0013967949637355131 0.0021031617156920882 -0.0054476523852866644 -0.0016627808208935534 0.0035619984316986558 0.0015785135742690829 0.00082146420233672663 0.0054721221205641024 -0.00028529389926073396
leaf_weight=8.0000000000000018 4.9999999999999982 7.9999999999999982 5.9999999999999991 5.0000000000000027 6.0000000000000027 8.9999999999999982 5 10.000000000000002 7 5.9999999999999991 11.999999999999998 7.9999999999999991
leaf_count=8 5 8 6 5 6 9 5 10 7 6 12 8
internal_value=0 -0.00383537 0.00410732 -0.00179022 0.00319258 -0.00754681 -0.00393071 0.0042068 0.000693428 -0.000234878 0.0047001 -0.000822178
internal_weight=95 49 46 32 40 17 13 28 12 19 22 13
internal_count=95 49 46 32 40 17 13 28 12 19 22 13
is_linear=0
shrinkage=0.025


Tree=52
num_leaves=13
num_cat=0
split_feature=1 3 0 2 1 3 0 1 3 2 3 2
split_gain=2.29174 0.54637 0.329375 0.15917 0.15509 0.118335 0.11241 0.0658482 0.0383457 0.029621 0.0184335 0.00280437
threshold=14.000000000000002 4.0500000000000007 15.000000000000002 3.3500000000000001 10.000000000000002 5.0500000000000007 9.0000000000000018 7.0000000000000009 4.4500000000000011 3.6500000000000008 4.6500000000000012 3.5500000000000003
decision_type=2 2 2 2 2 2 2 2 2 2 2 2
left_child=1 7 5 -4 8 6 -2 -1 -3 -7 11 -6
right_child=2 4 3 -5 10 9 -8 -9 -10 -11 -12 -13
leaf_value=-0.0093321525287337389 -0.00051419358174114129 -0.0049957074588391839 0.0044704697785838956 0.011264664966326492 -0.0013632181633371279 0.0030201537715685042 0.0029983913017944852 -0.0053144218116674743 -0.001622810139535711 0.0062229315960599524 0.00080159009404240128 -0.00027833548857171731
leaf_weight=8.0000000000000018 9 7.9999999999999982 5.9999999999999982 5 5.0000000000000027 6.9999999999999982 13 8.9999999999999982 5 6 5.9999999999999991 7.9999999999999991
leaf_count=8 9 8 6 5 5 7 13 9 5 6 6 8
internal_value=0 -0.00374433 0.00400906 0.00781635 -0.00174859 0.00273936 0.00151343 -0.00736432 -0.00383738 0.00466495 -0.000229231 -0.000804628
internal_weight=95 49 46 11 32 35 22 17 13 13 19 13
internal_count=95 49 46 11 32 35 22 17 13 13 19 13
is_linear=0
shrinkage=0.025


Tree=53
num_leaves=13
num_cat=0
split_feature=1 3 0 1 0 1 3 2 3 3 3 2
split_gain=2.18423 0.519587 0.318 0.147662 0.139021 0.0619949 0.0361121 0.0307453 0.0294668 0.0270253 0.0176296 0.00259687
threshold=14.000000000000002 4.0500000000000007 17.000000000000004 10.000000000000002 11.000000000000002 7.0000000000000009 4.4500000000000011 3.4500000000000006 4.9500000000000011 5.0500000000000007 4.6500000000000012 3.5500000000000003
decision_type=2 2 2 2 2 2 2 2 2 2 2 2
left_child=1 5 4 6 7 -1 -3 -2 -6 -9 11 -5
right_child=2 3 -4 10 8 -7 -8 9 -10 -11 -12 -13
leaf_value=-0.0091045388361302802 0 -0.0048738609817696784 0.0093065676189238028 -0.0013304485039463115 0.0029176123986911508 -0.0051844496826600776 -0.0015838003323341788 0.00088170517985595445 0.0054375897787633503 0.0035477777656454297 0.00078219674347389126 -0.0002715468667901871
leaf_weight=8.0000000000000018 6.0000000000000027 7.9999999999999982 5.9999999999999991 5.0000000000000027 9.0000000000000018 8.9999999999999982 5 7.9999999999999982 11.999999999999998 5 5.9999999999999991 7.9999999999999991
leaf_count=8 6 8 6 5 9 9 5 8 12 5 6 8
internal_value=0 -0.00365551 0.00391384 -0.00170798 0.00303156 -0.00718629 -0.00374632 0.00136395 0.00445427 0.00204003 -0.000223719 -0.000787501
internal_weight=95 49 46 32 40 17 13 19 21 13 19 13
internal_count=95 49 46 32 40 17 13 19 21 13 19 13
is_linear=0
shrinkage=0.025


Tree=54
num_leaves=12
num_cat=0
split_feature=1 0 0 0 2 1 4 2 3 3 3
split_gain=2.08169 0.494169 0.302317 0.132003 0.108196 0.0980044 0.0598956 0.029419 0.0278969 0.0255593 0.0208702
threshold=14.000000000000002 5.0000000000000009 17.000000000000004 11.000000000000002 3.2500000000000004 7.0000000000000009 93.000000000000014 3.4500000000000006 5.2500000000000009 5.0500000000000007 4.5500000000000007
decision_type=2 2 2 2 2 2 2 2 2 2 2
left_child=1 5 3 7 -3 -1 10 -2 -5 -9 -6
right_child=2 4 -4 8 6 -7 -8 9 -10 -11 -12
leaf_value=-0.0088824767801092882 0 -0.0033831258993778437 0.0090814087599996596 0.0033783616747339838 0 -0.0047716058621352373 -0.0021430152487159973 0.00086020022607976362 0.0059611326393981777 0.0034624948381231377 0.0018892725659233906
leaf_weight=8 6.0000000000000027 10.000000000000002 5.9999999999999991 14.000000000000002 6.0000000000000018 13 5.9999999999999991 7.9999999999999982 6.9999999999999991 5 6
leaf_count=8 6 10 6 14 6 13 6 8 7 5 6
internal_value=0 -0.00356885 0.00382069 0.00295923 -0.00132149 -0.00646564 -8.28647e-05 0.00133167 0.00434636 0.00199308 0.000862997
internal_weight=95 49 46 40 28 21 18 19 21 13 12
internal_count=95 49 46 40 28 21 18 19 21 13 12
is_linear=0
shrinkage=0.025


Tree=55
num_leaves=12
num_cat=0
split_feature=1 3 2 0 1 2 0 1 3 3 2
split_gain=1.98352 0.474923 0.290312 0.214829 0.133581 0.0911261 0.165524 0.0531543 0.0341252 0.0155175 0.00202622
threshold=14.000000000000002 4.0500000000000007 3.8500000000000001 9.0000000000000018 10.000000000000002 2.9500000000000006 15.000000000000002 7.0000000000000009 4.4500000000000011 4.6500000000000012 3.5500000000000003
decision_type=2 2 2 2 2 2 2 2 2 2 2
left_child=1 7 3 -2 8 -5 -7 -1 -3 10 -6
right_child=2 4 -4 5 9 6 -8 -9 -10 -11 -12
leaf_value=-0.008665831205321519 -0.00038531746249645957 -0.0046513050749171078 0.008886410902825095 0.0013040409945860138 -0.0012334064188717787 0.0032413227840998142 0.0083594020456075665 -0.0049648413596593824 -0.001457014214247465 0.00073382366869238118 -0.00025108295560973448
leaf_weight=8.0000000000000018 8.9999999999999982 7.9999999999999982 5.9999999999999991 8.0000000000000018 5.0000000000000027 17.000000000000004 5.9999999999999991 8.9999999999999982 5 5.9999999999999991 7.9999999999999991
leaf_count=8 9 8 6 8 5 17 6 9 5 6 8
internal_value=0 -0.00348326 0.00372994 0.00288501 -0.00161926 0.0038709 0.00469091 -0.00685967 -0.00355812 -0.000204317 -0.00073656
internal_weight=95 49 46 40 32 31 23 17 13 19 13
internal_count=95 49 46 40 32 31 23 17 13 19 13
is_linear=0
shrinkage=0.025


Tree=56
num_leaves=13
num_cat=0
split_feature=1 3 0 1 0 1 3 2 3 3 3 2
split_gain=1.89003 0.451618 0.281076 0.127185 0.123871 0.049958 0.0321246 0.0237901 0.016505 0.0148464 0.00240952 0.00186185
threshold=14.000000000000002 4.0500000000000007 17.000000000000004 10.000000000000002 9.0000000000000018 7.0000000000000009 4.4500000000000011 2.9500000000000006 4.6500000000000012 4.6500000000000012 4.9500000000000011 3.5500000000000003
decision_type=2 2 2 2 2 2 2 2 2 2 2 2
left_child=1 5 4 6 8 -1 -3 -6 -2 11 -9 -5
right_child=2 3 -4 9 7 -7 -8 10 -10 -11 -12 -13
leaf_value=-0.0084544693187969464 -0.00035878518381370956 -0.0045378585823061994 0.008714226873651627 -0.0012037572632275085 0.0018143579844505547 -0.0048434186909023843 -0.0014219899214087768 0.0031723976975270339 0.0013585176228338644 0.00071606988147381815 0.0048264866007766772 -0.00024495901846576759
leaf_weight=8.0000000000000018 4.9999999999999982 7.9999999999999982 5.9999999999999991 5.0000000000000027 6.0000000000000027 8.9999999999999982 5 10.000000000000002 7 5.9999999999999991 11.999999999999998 7.9999999999999991
leaf_count=8 5 8 6 5 6 9 5 10 7 6 12 8
internal_value=0 -0.0034008 0.00364036 -0.00158178 0.00280861 -0.00669396 -0.00347385 0.00372307 0.000546364 -0.000199405 0.00416629 -0.000721076
internal_weight=95 49 46 32 40 17 13 28 12 19 22 13
internal_count=95 49 46 32 40 17 13 28 12 19 22 13
is_linear=0
shrinkage=0.025


Tree=57
num_leaves=12
num_cat=0
split_feature=1 3 2 0 1 2 0 1 3 3 3
split_gain=1.80128 0.429447 0.276966 0.19602 0.121095 0.0853192 0.153771 0.0469306 0.0302292 0.0142059 0.00171025
threshold=14.000000000000002 4.0500000000000007 3.8500000000000001 9.0000000000000018 10.000000000000002 2.9500000000000006 15.000000000000002 7.0000000000000009 4.4500000000000011 4.6500000000000012 4.3500000000000005
decision_type=2 2 2 2 2 2 2 2 2 2 2
left_child=1 7 3 -2 8 -5 -7 -1 -3 10 -6
right_child=2 4 -4 5 9 6 -8 -9 -10 -11 -12
leaf_value=-0.0082482628706024904 -0.00039045220321935162 -0.004427179117210028 0.0085878469710869189 0.0011859100857158984 -0.0011750486751015362 0.0030636106260380769 0.0080000291187917027 -0.0047249653417131181 -0.0013878074904473926 0.00069874555413280775 -0.00023883985647954413
leaf_weight=8.0000000000000018 8.9999999999999982 7.9999999999999982 5.9999999999999991 8.0000000000000018 5.0000000000000027 17.000000000000004 5.9999999999999991 8.9999999999999982 5 5.9999999999999991 7.9999999999999991
leaf_count=8 9 8 6 8 5 17 6 9 5 6 8
internal_value=0 -0.00332035 0.00355349 0.00272827 -0.00154522 0.00367047 0.00446312 -0.00653229 -0.00339163 -0.00019461 -0.000705965
internal_weight=95 49 46 40 32 31 23 17 13 19 13
internal_count=95 49 46 40 32 31 23 17 13 19 13
is_linear=0
shrinkage=0.025


Tree=58
num_leaves=12
num_cat=0
split_feature=1 3 2 0 1 2 0 1 3 3 2
split_gain=1.71647 0.408356 0.263386 0.186991 0.115298 0.0809166 0.146118 0.0440636 0.0284338 0.0135945 0.00176791
threshold=14.000000000000002 4.0500000000000007 3.8500000000000001 9.0000000000000018 10.000000000000002 2.9500000000000006 15.000000000000002 7.0000000000000009 4.4500000000000011 4.6500000000000012 3.5500000000000003
decision_type=2 2 2 2 2 2 2 2 2 2 2
left_child=1 7 3 -2 8 -5 -7 -1 -3 10 -6
right_child=2 4 -4 5 9 6 -8 -9 -10 -11 -12
leaf_value=-0.0080470856551716954 -0.00038090308966196111 -0.0043191992155298961 0.0083800761750148205 0.0011569854439940391 -0.0011600774604280902 0.0029879109403335075 0.0078064802192872569 -0.0046094092560689092 -0.0013544467367375126 0.00068184042709969715 -0.00022459613023007789
leaf_weight=8.0000000000000018 8.9999999999999982 7.9999999999999982 5.9999999999999991 8.0000000000000018 5.0000000000000027 17.000000000000004 5.9999999999999991 8.9999999999999982 5 5.9999999999999991 7.9999999999999991
leaf_count=8 9 8 6 8 5 17 6 9 5 6 8
internal_value=0 -0.00324187 0.00346822 0.00266232 -0.00150954 0.00358268 0.00435527 -0.00637457 -0.00331141 -0.000189931 -0.000691219
internal_weight=95 49 46 40 32 31 23 17 13 19 13
internal_count=95 49 46 40 32 31 23 17 13 19 13
is_linear=0
shrinkage=0.025


Tree=59
num_leaves=14
num_cat=0
split_feature=1 0 0 0 2 1 3 2 3 3 3 0 3
split_gain=1.63571 0.389588 0.25575 0.111693 0.090899 0.0721283 0.0416206 0.0182008 0.0148351 0.0123301 0.00408606 0.00219425 0.0256453
threshold=14.000000000000002 5.0000000000000009 17.000000000000004 9.0000000000000018 3.2500000000000004 7.0000000000000009 4.3500000000000005 2.9500000000000006 4.6500000000000012 4.7500000000000009 4.3500000000000005 11.000000000000002 4.8500000000000005
decision_type=2 2 2 2 2 2 2 2 2 2 2 2 2
left_child=1 5 3 8 10 -1 -6 -5 -2 -8 -3 -9 -13
right_child=2 4 -4 7 6 -7 9 11 -10 -11 -12 12 -14
leaf_value=-0.0078508152830891499 -0.00041690333029971682 -0.0018115431786729732 0.0082248776670425169 0.0017137792772583414 -0.0019809203795515561 -0.0042454563906754962 0 0.0023395855982716253 0.0012210568749449319 0.0016007665222367415 -0.0039340125806540099 0.0023202493726726487 0.0050529799291065772
leaf_weight=8 4.9999999999999982 5.0000000000000018 5.9999999999999991 6.0000000000000027 5.0000000000000027 13 7.9999999999999982 5.0000000000000027 7 5 5 6.0000000000000027 10.999999999999998
leaf_count=8 5 5 6 6 5 13 8 5 7 5 5 6 11
internal_value=0 -0.0031653 0.00338502 0.00259064 -0.00116368 -0.005739 -2.41193e-05 0.00345816 0.000440468 0.00065241 -0.00305166 0.00385787 0.00419936
internal_weight=95 49 46 40 28 21 18 28 12 13 10 22 17
internal_count=95 49 46 40 28 21 18 28 12 13 10 22 17
is_linear=0
shrinkage=0.025


Tree=60
num_leaves=12
num_cat=0
split_feature=1 3 2 0 1 2 0 1 3 3 3
split_gain=1.5591 0.37284 0.250647 0.170713 0.104849 0.0760302 0.135137 0.037541 0.0267307 0.011913 0.00156489
threshold=14.000000000000002 4.0500000000000007 3.8500000000000001 9.0000000000000018 10.000000000000002 2.9500000000000006 15.000000000000002 7.0000000000000009 4.4500000000000011 4.6500000000000012 4.3500000000000005
decision_type=2 2 2 2 2 2 2 2 2 2 2
left_child=1 7 3 -2 8 -5 -7 -1 -3 10 -6
right_child=2 4 -4 5 9 6 -8 -9 -10 -11 -12
leaf_value=-0.0076593321589071561 -0.00038364646227463444 -0.0041260956809288122 0.0080952516246226534 0.0010472649572099125 -0.0010864186996164223 0.0028288055270866939 0.0074680135615410349 -0.0044117712122185727 -0.0012509351757426673 0.00063952551553806954 -0.00019499240954202123
leaf_weight=8.0000000000000018 8.9999999999999982 7.9999999999999982 5.9999999999999991 8.0000000000000018 5.0000000000000027 17.000000000000004 5.9999999999999991 8.9999999999999982 5 5.9999999999999991 7.9999999999999991
leaf_count=8 9 8 6 8 5 17 6 9 5 6 8
internal_value=0 -0.00308977 0.00330532 0.00251903 -0.00143236 0.00339887 0.00414686 -0.006084 -0.00315067 -0.000171003 -0.000643812
internal_weight=95 49 46 40 32 31 23 17 13 19 13
internal_count=95 49 46 40 32 31 23 17 13 19 13
is_linear=0
shrinkage=0.025


Tree=61
num_leaves=12
num_cat=0
split_feature=0 1 0 3 3 1 2 2 3 0 3
split_gain=1.48889 0.529036 0.149924 0.107875 0.0933086 0.0405346 0.0249769 0.0152516 0.00908606 0.00148447 0.0237569
threshold=9.0000000000000018 10.000000000000002 17.000000000000004 4.4500000000000011 4.3500000000000005 5.0000000000000009 3.8500000000000001 2.9500000000000006 4.7500000000000009 11.000000000000002 4.8500000000000005
decision_type=2 2 2 2 2 2 2 2 2 2 2
left_child=1 3 7 5 -3 -1 8 -2 -6 -9 -11
right_child=2 4 -4 -5 6 -7 -8 9 -10 10 -12
leaf_value=-0.0074725190722724254 0.0016469798050820818 -0.0021095552964002957 0.0078944620826551983 -0.0012208645697683097 -0.00041323758069547277 -0.0045037813150179641 0.0018847713324551781 0.0022153453937230187 0.00075620377513890477 0.0021769690447516967 0.0048152322348739424
leaf_weight=8.0000000000000036 6.0000000000000027 10.999999999999998 5.9999999999999991 4.9999999999999991 9.0000000000000053 14 6.9999999999999991 5.0000000000000027 6.9999999999999991 6.0000000000000027 10.999999999999998
leaf_count=8 6 11 6 5 9 14 7 5 7 6 11
internal_value=0 -0.00232828 0.00418434 -0.0049293 -0.000209467 -0.00569722 0.000655743 0.00329464 2.42519e-05 0.00366881 0.0039929
internal_weight=95 61 34 27 34 22 23 28 16 22 17
internal_count=95 61 34 27 34 22 23 28 16 22 17
is_linear=0
shrinkage=0.025


Tree=62
num_leaves=11
num_cat=0
split_feature=0 1 2 0 3 3 1 2 3 3
split_gain=1.41916 0.503941 0.1422 0.264433 0.102215 0.0888145 0.0381005 0.0237742 0.00865118 0.00741607
threshold=9.0000000000000018 10.000000000000002 2.9500000000000006 15.000000000000002 4.4500000000000011 4.3500000000000005 5.0000000000000009 3.8500000000000001 4.7500000000000009 4.8500000000000005
decision_type=2 2 2 2 2 2 2 2 2 2
left_child=1 4 -2 9 6 -3 -1 8 -7 -4
right_child=2 5 3 -5 -6 7 -8 -9 -10 -11
leaf_value=-0.007290262549479557 0.00094345731251850378 -0.0020577581823870007 0.001920084659791279 0.0091996283373898934 -0.0011915169208525467 -0.00040313121103479135 -0.0043927726519464609 0.0018389608361758288 0.00073782381368801006 0.0037967785783676496
leaf_weight=8.0000000000000036 7.9999999999999991 10.999999999999998 6.0000000000000062 6.9999999999999991 4.9999999999999991 9.0000000000000053 14 6.9999999999999991 6.9999999999999991 12.999999999999998
leaf_count=8 8 11 6 7 5 9 14 7 7 13
internal_value=0 -0.00227216 0.00408613 0.00499081 -0.00481079 -0.0002033 -0.0055589 0.000639829 2.18225e-05 0.00329542
internal_weight=95 61 34 26 27 34 22 23 16 19
internal_count=95 61 34 26 27 34 22 23 16 19
is_linear=0
shrinkage=0.025


Tree=63
num_leaves=11
num_cat=0
split_feature=0 1 0 3 3 1 2 2 3 0
split_gain=1.3522 0.480048 0.137545 0.0968407 0.0845372 0.0357941 0.0226295 0.0124544 0.00823699 0.0012146
threshold=9.0000000000000018 10.000000000000002 17.000000000000004 4.4500000000000011 4.3500000000000005 5.0000000000000009 3.8500000000000001 2.9500000000000006 4.7500000000000009 11.000000000000002
decision_type=2 2 2 2 2 2 2 2 2 2
left_child=1 3 7 5 -3 -1 8 -2 -6 -9
right_child=2 4 -4 -5 6 -7 -8 9 -10 -11
leaf_value=-0.0071124512974808825 0.0015843079094925228 -0.0020072328683454544 0.0075474772181722428 -0.0011628746144616833 -0.00039327203286001843 -0.0042845000801476794 0.0017942638912548622 0.0020798458037181527 0.00071989070598243012 0.0037931869992293248
leaf_weight=8.0000000000000036 6.0000000000000027 10.999999999999998 5.9999999999999991 4.9999999999999991 9.0000000000000053 14 6.9999999999999991 5.0000000000000027 6.9999999999999991 17
leaf_count=8 6 11 6 5 9 14 7 5 7 17
internal_value=0 -0.00221742 0.00398904 -0.00469518 -0.000197286 -0.00542396 0.000624302 0.00313407 1.94513e-05 0.00348234
internal_weight=95 61 34 27 34 22 23 28 16 22
internal_count=95 61 34 27 34 22 23 28 16 22
is_linear=0
shrinkage=0.025


Tree=64
num_leaves=12
num_cat=0
split_feature=1 3 2 0 1 2 0 1 3 3 2
split_gain=1.28938 0.310083 0.234486 0.138046 0.0852491 0.0659843 0.113519 0.0268768 0.0200409 0.00903901 0.00155926
threshold=14.000000000000002 4.0500000000000007 3.8500000000000001 9.0000000000000018 10.000000000000002 2.9500000000000006 15.000000000000002 7.0000000000000009 4.4500000000000011 4.6500000000000012 3.5500000000000003
decision_type=2 2 2 2 2 2 2 2 2 2 2
left_child=1 7 3 -2 8 -5 -7 -1 -3 10 -6
right_child=2 4 -4 5 9 6 -8 -9 -10 -11 -12
leaf_value=-0.006938976930772384 -0.00035072116727900252 -0.0037039699078333095 0.0076332458685482709 0.0008454437095035865 -0.00098686914380568093 0.0025192700136929401 0.0067844704995232239 -0.0040386301402063314 -0.001134920985294649 0.0005443265931981226 -0.00013368774330379759
leaf_weight=8.0000000000000018 8.9999999999999982 7.9999999999999982 5.9999999999999991 8.0000000000000018 5.0000000000000027 17.000000000000004 5.9999999999999991 8.9999999999999982 5 5.9999999999999991 7.9999999999999991
leaf_count=8 9 8 6 8 5 17 6 9 5 6 8
internal_value=0 -0.00280858 0.00300708 0.00224754 -0.00129277 0.00303935 0.00373471 -0.00554099 -0.00284274 -0.000148601 -0.000566512
internal_weight=95 49 46 40 32 31 23 17 13 19 13
internal_count=95 49 46 40 32 31 23 17 13 19 13
is_linear=0
shrinkage=0.025


Tree=65
num_leaves=11
num_cat=0
split_feature=0 1 2 1 3 3 1 2 3 3
split_gain=1.23463 0.434558 0.127996 0.238013 0.0871492 0.077 0.0311354 0.0191897 0.0122499 0.00777336
threshold=9.0000000000000018 10.000000000000002 2.9500000000000006 26.000000000000004 4.4500000000000011 4.3500000000000005 5.0000000000000009 3.8500000000000001 4.8500000000000005 4.7500000000000009
decision_type=2 2 2 2 2 2 2 2 2 2
left_child=1 4 -2 8 6 -3 -1 9 -4 -7
right_child=2 5 3 -5 -6 7 -8 -9 -10 -11
leaf_value=-0.0067697334262292533 0.00082482314873032463 -0.0019232542811161175 0.0015252488387676939 0.0090939495291921402 -0.0011076391979049033 -0.00037468182702508288 -0.004084066028828064 0.0016659344507691761 0.0036530235310477258 0.0007047021800341706
leaf_weight=8.0000000000000036 7.9999999999999991 10.999999999999998 5.0000000000000062 5.9999999999999991 4.9999999999999991 9.0000000000000053 14 6.9999999999999991 14.999999999999998 6.9999999999999991
leaf_count=8 8 11 5 6 5 9 14 7 15 7
internal_value=0 -0.00211902 0.0038115 0.00466946 -0.00447666 -0.000194998 -0.00516917 0.000587134 0.00320333 2.32582e-05
internal_weight=95 61 34 26 27 34 22 23 20 16
internal_count=95 61 34 26 27 34 22 23 20 16
is_linear=0
shrinkage=0.025


Tree=66
num_leaves=12
num_cat=0
split_feature=0 1 0 3 3 1 2 2 3 0 3
split_gain=1.17649 0.413985 0.123128 0.0825359 0.0732933 0.0291937 0.0182651 0.0086059 0.00740155 0.000796587 0.0226746
threshold=9.0000000000000018 10.000000000000002 17.000000000000004 4.4500000000000011 4.3500000000000005 5.0000000000000009 3.8500000000000001 2.9500000000000006 4.7500000000000009 11.000000000000002 4.8500000000000005
decision_type=2 2 2 2 2 2 2 2 2 2 2
left_child=1 3 7 5 -3 -1 8 -2 -6 -9 -11
right_child=2 4 -4 -5 6 -7 -8 9 -10 10 -12
leaf_value=-0.0066046181566468062 0.001505568251013755 -0.0018760314701856779 0.0070918809742696824 -0.001081013303393355 -0.00036551843539042294 -0.0039834023811149378 0.0016254430352192787 0.0018917067065978269 0.00068757405194143459 0.0017806355037816579 0.0042930973427636283
leaf_weight=8.0000000000000036 6.0000000000000027 10.999999999999998 5.9999999999999991 4.9999999999999991 9.0000000000000053 14 6.9999999999999991 5.0000000000000027 6.9999999999999991 6.0000000000000027 10.999999999999998
leaf_count=8 6 11 6 5 9 14 7 5 7 6 11
internal_value=0 -0.00206804 0.00372116 -0.00436924 -0.000189199 -0.00504379 0.000572886 0.00290936 2.08496e-05 0.0032189 0.00351004
internal_weight=95 61 34 27 34 22 23 28 16 22 17
internal_count=95 61 34 27 34 22 23 28 16 22 17
is_linear=0
shrinkage=0.025


Tree=67
num_leaves=11
num_cat=0
split_feature=0 1 2 0 3 3 1 2 3 3
split_gain=1.1216 0.394397 0.120635 0.224526 0.0781561 0.0697654 0.0273552 0.0173853 0.0070474 0.00658902
threshold=9.0000000000000018 10.000000000000002 2.9500000000000006 15.000000000000002 4.4500000000000011 4.3500000000000005 5.0000000000000009 3.8500000000000001 4.7500000000000009 4.8500000000000005
decision_type=2 2 2 2 2 2 2 2 2 2
left_child=1 4 -2 9 6 -3 -1 8 -7 -4
right_child=2 5 3 -5 -6 7 -8 -9 -10 -11
leaf_value=-0.0064435297214403362 0.00073392143155016562 -0.0018299682223836761 0.0016168709649073483 0.0083460967056453225 -0.0010550273528609139 -0.00035657910275799405 -0.0038852199980936629 0.0015859356977873378 0.0006708621409618193 0.0033640349050983787
leaf_weight=8.0000000000000036 7.9999999999999991 10.999999999999998 6.0000000000000062 6.9999999999999991 4.9999999999999991 9.0000000000000053 14 6.9999999999999991 6.9999999999999991 12.999999999999998
leaf_count=8 8 11 6 7 5 9 14 7 7 13
internal_value=0 -0.00201831 0.00363421 0.00446648 -0.00426446 -0.000183545 -0.00492149 0.000558983 1.84987e-05 0.00289999
internal_weight=95 61 34 26 27 34 22 23 16 19
internal_count=95 61 34 26 27 34 22 23 16 19
is_linear=0
shrinkage=0.025


Tree=68
num_leaves=12
num_cat=0
split_feature=0 1 2 1 3 3 1 2 3 3 0
split_gain=1.06883 0.375745 0.114626 0.215471 0.0739982 0.0664076 0.0256146 0.0165479 0.00959469 0.00680018 0.000889543
threshold=9.0000000000000018 10.000000000000002 2.9500000000000006 26.000000000000004 4.4500000000000011 4.3500000000000005 5.0000000000000009 3.8500000000000001 4.8500000000000005 4.5500000000000007 7.0000000000000009
decision_type=2 2 2 2 2 2 2 2 2 2 2
left_child=1 4 -2 8 6 -3 -1 9 -4 -7 -11
right_child=2 5 3 -5 -6 7 -8 -9 -10 10 -12
leaf_value=-0.0062863706270369054 0.00071602088353801081 -0.0017850359951678133 0.0014063794438977921 0.0085704018271738486 -0.0010296661003779334 0.00073470783179565701 -0.0037894575299144209 0.0015473886832801833 0.0033734003400528127 -0.00053052969921666847 0
leaf_weight=8.0000000000000036 7.9999999999999991 10.999999999999998 5.0000000000000062 5.9999999999999991 4.9999999999999991 6.0000000000000062 14 6.9999999999999991 14.999999999999998 4.9999999999999982 5
leaf_count=8 8 11 5 6 5 6 14 7 15 5 5
internal_value=0 -0.0019698 0.00354815 0.00435975 -0.00416224 -0.000178032 -0.00480219 0.000545418 0.00296232 1.62043e-05 -0.000298302
internal_weight=95 61 34 26 27 34 22 23 20 16 10
internal_count=95 61 34 26 27 34 22 23 20 16 10
is_linear=0
shrinkage=0.025


Tree=69
num_leaves=11
num_cat=0
split_feature=0 1 2 0 3 3 1 2 3 3
split_gain=1.01864 0.357942 0.108916 0.205568 0.070051 0.0631946 0.0239671 0.0157637 0.00684712 0.00595559
threshold=9.0000000000000018 10.000000000000002 2.9500000000000006 15.000000000000002 4.4500000000000011 4.3500000000000005 5.0000000000000009 3.8500000000000001 4.7500000000000009 4.8500000000000005
decision_type=2 2 2 2 2 2 2 2 2 2
left_child=1 4 -2 9 6 -3 -1 8 -7 -4
right_child=2 5 3 -5 -6 7 -8 -9 -10 -11
leaf_value=-0.0061330443764923163 0.00069855698952224217 -0.0017412069902223136 0.0015148406337586124 0.0079710221125019933 -0.0010049145776205338 -0.00035551236638718306 -0.0036960554496109697 0.0015097784887378417 0.00065824074101530851 0.0031981510477084108
leaf_weight=8.0000000000000036 7.9999999999999991 10.999999999999998 6.0000000000000062 6.9999999999999991 4.9999999999999991 9.0000000000000053 14 6.9999999999999991 6.9999999999999991 12.999999999999998
leaf_count=8 8 11 6 7 5 9 14 7 7 13
internal_value=0 -0.0019226 0.00346424 0.00425569 -0.00406252 -0.00017288 -0.00468581 0.000531855 1.3495e-05 0.002753
internal_weight=95 61 34 26 27 34 22 23 16 19
internal_count=95 61 34 26 27 34 22 23 16 19
is_linear=0
shrinkage=0.025


Tree=70
num_leaves=10
num_cat=0
split_feature=1 3 2 0 3 1 2 0 1
split_gain=0.971682 0.236165 0.216102 0.0994619 0.0690743 0.0475249 0.0466838 0.0822382 0.0148507
threshold=14.000000000000002 4.0500000000000007 3.8500000000000001 9.0000000000000018 4.7500000000000009 10.000000000000002 2.9500000000000006 15.000000000000002 7.0000000000000009
decision_type=2 2 2 2 2 2 2 2 2
left_child=1 8 3 -2 5 -3 -5 -8 -1
right_child=2 4 -4 6 -6 -7 7 -9 -10
leaf_value=-0.0059834579397674359 -0.0003025317939160311 -0.0028181840303033341 0.0070427632620257714 0.00068151900522047412 0.0014218513244906297 -0.00056978121620455859 0.002095100773176243 0.0057563968483478794 -0.0035482949202718297
leaf_weight=8.0000000000000018 8.9999999999999982 12 5.9999999999999991 8.0000000000000018 4.9999999999999991 15 17.000000000000004 5.9999999999999991 8.9999999999999982
leaf_count=8 9 12 6 8 5 15 17 6 9
internal_value=0 -0.00243613 0.00261246 0.00188509 -0.00110711 -0.0016284 0.00255814 0.00314549 -0.00482318
internal_weight=95 49 46 40 32 27 31 23 17
internal_count=95 49 46 40 32 27 31 23 17
is_linear=0
shrinkage=0.025


Tree=71
num_leaves=13
num_cat=0
split_feature=0 1 0 3 2 4 4 1 0 2 3 3
split_gain=0.930526 0.32362 0.102878 0.0642211 0.058203 0.0707471 0.0451879 0.0204322 0.00710107 0.0200764 0.00829292 0.00581811
threshold=9.0000000000000018 10.000000000000002 17.000000000000004 4.4500000000000011 3.4500000000000006 93.000000000000014 100.00000000000001 5.0000000000000009 11.000000000000002 3.5500000000000003 5.0500000000000007 4.6500000000000012
decision_type=2 2 2 2 2 2 2 2 2 2 2 2
left_child=1 3 8 7 -3 11 -7 -1 -2 10 -10 -6
right_child=2 4 -4 -5 5 6 -8 -9 9 -11 -12 -13
leaf_value=-0.0058375200410387676 0.001385062783568476 -0.0017803478251010472 0.0063980369738513426 -0.00093339793652725915 0.00099136965840847919 -0.0021475653493932142 0.00079945126870790354 -0.003527780776371209 0.0009631321442523785 0.0041973320275752075 0.002734754566194081 0.0026868081579987813
leaf_weight=8.0000000000000036 7.0000000000000027 9.9999999999999982 5.9999999999999991 4.9999999999999991 7.0000000000000018 6.9999999999999982 5 14 6.0000000000000027 6.9999999999999991 7.9999999999999991 5
leaf_count=8 7 10 6 5 7 7 5 14 6 7 8 5
internal_value=0 -0.00183695 0.00331162 -0.00387191 -0.000171217 0.000456774 -0.000824207 -0.00446902 0.00256524 0.00288289 0.00208778 0.00183273
internal_weight=95 61 34 27 34 24 12 22 28 21 14 12
internal_count=95 61 34 27 34 24 12 22 28 21 14 12
is_linear=0
shrinkage=0.025


Tree=72
num_leaves=12
num_cat=0
split_feature=0 1 2 1 3 3 1 2 3 3 0
split_gain=0.887143 0.308526 0.0989668 0.191291 0.060775 0.0557171 0.0190602 0.0118798 0.00772176 0.00687788 0.000891217
threshold=9.0000000000000018 10.000000000000002 2.9500000000000006 26.000000000000004 4.4500000000000011 4.3500000000000005 5.0000000000000009 3.8500000000000001 4.8500000000000005 4.5500000000000007 7.0000000000000009
decision_type=2 2 2 2 2 2 2 2 2 2 2
left_child=1 4 -2 8 6 -3 -1 9 -4 -7 -11
right_child=2 5 3 -5 -6 7 -8 -9 -10 10 -12
leaf_value=-0.0056951414935699661 0.00059489057649199568 -0.0016390871144332259 0.0012295159461455799 0.00795558622527507 -0.0009109605287309163 0.00075074662229106237 -0.0034408283524844847 0.0013474924580401018 0.0030449482128269189 -0.00051467187272814612 0
leaf_weight=8.0000000000000036 7.9999999999999991 10.999999999999998 5.0000000000000062 5.9999999999999991 4.9999999999999991 6.0000000000000062 14 6.9999999999999991 14.999999999999998 4.9999999999999982 5
leaf_count=8 8 11 5 6 5 6 14 7 15 5 5
internal_value=0 -0.00179233 0.00323478 0.0039886 -0.0037793 -0.000165028 -0.00436081 0.00049413 0.00266964 3.15964e-05 -0.000283605
internal_weight=95 61 34 26 27 34 22 23 20 16 10
internal_count=95 61 34 26 27 34 22 23 20 16 10
is_linear=0
shrinkage=0.025


Tree=73
num_leaves=12
num_cat=0
split_feature=0 1 2 1 3 2 4 4 3 3 3
split_gain=0.845598 0.293947 0.094031 0.181733 0.0575478 0.0540435 0.0667886 0.0427317 0.010347 0.00707022 0.00504053
threshold=9.0000000000000018 10.000000000000002 2.9500000000000006 26.000000000000004 4.0500000000000007 3.4500000000000006 93.000000000000014 100.00000000000001 4.4500000000000011 4.8500000000000005 4.6500000000000012
decision_type=2 2 2 2 2 2 2 2 2 2 2
left_child=1 4 -2 9 -1 -3 10 -8 -6 -4 -7
right_child=2 5 3 -5 8 6 7 -9 -10 -11 -12
leaf_value=-0.0048894255601597651 0.00058038101372558906 -0.0017119247653503335 0.0011999603584766944 0.0077631124325336955 -0.0029008245464732375 0.00096794436038989131 -0.0020874115444409354 0.00077515729846289519 -0.00088906237461532523 0.0029698261148663925 0.0025987827004148403
leaf_weight=14.000000000000002 7.9999999999999991 9.9999999999999982 5.0000000000000062 5.9999999999999991 7.9999999999999982 7.0000000000000018 6.9999999999999982 5 5 14.999999999999998 5
leaf_count=14 8 10 5 6 8 7 7 5 5 15 5
internal_value=0 -0.00174946 0.00315853 0.0038936 -0.00368896 -0.000160155 0.000443567 -0.000799061 -0.00224696 0.0026055 0.00178138
internal_weight=95 61 34 26 27 34 24 12 13 20 12
internal_count=95 61 34 26 27 34 24 12 13 20 12
is_linear=0
shrinkage=0.025


Tree=74
num_leaves=10
num_cat=0
split_feature=1 2 3 0 3 1 2 0 1
split_gain=0.807314 0.200837 0.195061 0.0787823 0.0594724 0.0384042 0.038385 0.0690299 0.0106561
threshold=14.000000000000002 3.8500000000000001 4.0500000000000007 9.0000000000000018 4.7500000000000009 10.000000000000002 2.9500000000000006 15.000000000000002 7.0000000000000009
decision_type=2 2 2 2 2 2 2 2 2
left_child=2 3 8 -2 5 -4 -5 -8 -1
right_child=1 -3 4 6 -6 -7 7 -9 -10
leaf_value=-0.0054369812922143339 -0.00025048574797161249 0.0066505260344955231 -0.0025646852709154491 0.00056622540464670184 0.0013333611190319062 -0.00052750331937874624 0.0018459936608980017 0.0052117618702111701 -0.0032243284558796368
leaf_weight=8.0000000000000018 8.9999999999999982 5.9999999999999991 12 8.0000000000000018 4.9999999999999991 15 17.000000000000004 5.9999999999999991 8.9999999999999982
leaf_count=8 9 6 12 8 5 15 17 6 9
internal_value=0 0.00238389 -0.0022179 0.0016829 -0.0010054 -0.00149107 0.00228228 0.00281526 -0.00438936
internal_weight=95 46 49 40 32 27 31 23 17
internal_count=95 46 49 40 32 27 31 23 17
is_linear=0
shrinkage=0.025


Tree=75
num_leaves=12
num_cat=0
split_feature=0 1 0 3 2 4 4 1 0 2 3
split_gain=0.772769 0.265761 0.0882852 0.0526797 0.0499259 0.063593 0.0386643 0.0158663 0.0061209 0.0195757 0.00379439
threshold=9.0000000000000018 10.000000000000002 17.000000000000004 4.4500000000000011 3.4500000000000006 93.000000000000014 100.00000000000001 5.0000000000000009 11.000000000000002 3.5500000000000003 4.6500000000000012
decision_type=2 2 2 2 2 2 2 2 2 2 2
left_child=1 3 8 7 -3 10 -7 -1 -2 -10 -6
right_child=2 4 -4 -5 5 6 -8 -9 9 -11 -12
leaf_value=-0.0053043720028476717 0.0012152816215853408 -0.0016504148674179233 0.0058858117359059476 -0.00082478022825223623 0.00095627732031668188 -0.0020164143087135424 0.00069618907828743637 -0.0031933316393611085 0.0018491042495055881 0.0038957862959553796 0.0024876430344123101
leaf_weight=8.0000000000000036 7.0000000000000027 9.9999999999999982 5.9999999999999991 4.9999999999999991 7.0000000000000018 6.9999999999999982 5 14 14.000000000000002 6.9999999999999991 5
leaf_count=8 7 10 6 5 7 7 5 14 14 7 5
internal_value=0 -0.00167143 0.00302044 -0.00351581 -0.000158225 0.000420369 -0.00079082 -0.00405816 0.00232472 0.00262061 0.00172713
internal_weight=95 61 34 27 34 24 12 22 28 21 12
internal_count=95 61 34 27 34 24 12 22 28 21 12
is_linear=0
shrinkage=0.025


Tree=76
num_leaves=11
num_cat=0
split_feature=0 1 2 1 3 3 1 3 3 3
split_gain=0.736497 0.253411 0.0855853 0.165831 0.0498257 0.0476999 0.014747 0.00991478 0.00945834 0.00661574
threshold=9.0000000000000018 10.000000000000002 2.9500000000000006 26.000000000000004 4.4500000000000011 4.3500000000000005 5.0000000000000009 4.7500000000000009 4.5500000000000007 4.8500000000000005
decision_type=2 2 2 2 2 2 2 2 2 2
left_child=1 4 -2 9 6 -3 -1 8 -7 -4
right_child=2 5 3 -5 -6 7 -8 -9 -10 -11
leaf_value=-0.005174996980988395 0.00048656560844037599 -0.0015182080508176505 0.0010656581940845786 0.0073471299042144125 -0.00080495376314502218 0.00052564916223651014 -0.0031146226631162659 0.0010378947591080385 -0.00083731964158897216 0.0027658580378077829
leaf_weight=8.0000000000000036 7.9999999999999991 10.999999999999998 5.0000000000000062 5.9999999999999991 4.9999999999999991 8.0000000000000018 14 9.9999999999999982 4.9999999999999991 14.999999999999998
leaf_count=8 8 11 5 6 5 8 14 10 5 15
internal_value=0 -0.00163087 0.00294955 0.00365018 -0.00343193 -0.000152373 -0.00396003 0.00045443 0 0.00241745
internal_weight=95 61 34 26 27 34 22 23 13 20
internal_count=95 61 34 26 27 34 22 23 13 20
is_linear=0
shrinkage=0.025


Tree=77
num_leaves=12
num_cat=0
split_feature=0 1 2 0 3 2 4 4 3 3 3
split_gain=0.702103 0.241473 0.0813118 0.158463 0.0471243 0.0466908 0.0603941 0.036787 0.00791446 0.00545851 0.00315562
threshold=9.0000000000000018 10.000000000000002 2.9500000000000006 15.000000000000002 4.0500000000000007 3.4500000000000006 93.000000000000014 100.00000000000001 4.4500000000000011 4.8500000000000005 4.6500000000000012
decision_type=2 2 2 2 2 2 2 2 2 2 2
left_child=1 4 -2 9 -1 -3 10 -8 -6 -4 -7
right_child=2 5 3 -5 8 6 7 -9 -10 -11 -12
leaf_value=-0.0044440445224557751 0.00047469817942417253 -0.0015919608191824427 0.0011095970977968975 0.0068276014799873025 -0.0026136668625418328 0.00093918426557340531 -0.001964811736252159 0.00067827156923997854 -0.00078560385087397518 0.0026381790484403169 0.002411909960210323
leaf_weight=14.000000000000002 7.9999999999999991 9.9999999999999982 6.0000000000000062 6.9999999999999991 7.9999999999999982 7.0000000000000018 6.9999999999999982 5 5 12.999999999999998 5
leaf_count=14 8 10 6 7 8 7 7 5 5 13 5
internal_value=0 -0.00159193 0.00288026 0.00356344 -0.0033501 -0.000147765 0.000410513 -0.000768003 -0.00202782 0.00223716 0.00168476
internal_weight=95 61 34 26 27 34 24 12 13 19 12
internal_count=95 61 34 26 27 34 24 12 13 19 12
is_linear=0
shrinkage=0.025


Tree=78
num_leaves=10
num_cat=0
split_feature=1 2 3 0 3 2 0 1 1
split_gain=0.670366 0.188208 0.161189 0.062722 0.0506605 0.0314891 0.0562343 0.0313396 0.00735499
threshold=14.000000000000002 3.8500000000000001 4.0500000000000007 9.0000000000000018 4.7500000000000009 2.9500000000000006 15.000000000000002 10.000000000000002 7.0000000000000009
decision_type=2 2 2 2 2 2 2 2 2
left_child=2 3 8 -2 7 -5 -7 -4 -1
right_child=1 -3 4 5 -6 6 -8 -9 -10
leaf_value=-0.0049403863317132972 -0.00021579938272581154 0.0062999694465449259 -0.0023355653256270461 0.00046312018729201162 0.0012378835226767339 0.0016299203830110556 0.0046861119027579983 -0.00048092260043823017 -0.0029293514059289642
leaf_weight=8.0000000000000018 8.9999999999999982 5.9999999999999991 12 8.0000000000000018 4.9999999999999991 17.000000000000004 5.9999999999999991 15 8.9999999999999982
leaf_count=8 9 6 12 8 5 17 6 15 9
internal_value=0 0.00217447 -0.00201886 0.00149629 -0.000912016 0.00203161 0.00251459 -0.00136228 -0.00399484
internal_weight=95 46 49 40 32 31 23 27 17
internal_count=95 46 49 40 32 31 23 27 17
is_linear=0
shrinkage=0.025


Tree=79
num_leaves=13
num_cat=0
split_feature=0 1 2 2 4 3 4 2 3 1 0 3
split_gain=0.642057 0.218218 0.0784209 0.0432829 0.0464808 0.0431401 0.0332833 0.0252771 0.0154704 0.0121631 0.0112 0.00910469
threshold=9.0000000000000018 10.000000000000002 3.6500000000000008 3.2500000000000004 93.000000000000014 4.4500000000000011 100.00000000000001 2.9500000000000006 5.2500000000000009 5.0000000000000009 15.000000000000002 4.6500000000000012
decision_type=2 2 2 2 2 2 2 2 2 2 2 2
left_child=1 5 7 -3 11 9 -6 -2 -4 -1 -9 -5
right_child=2 3 8 4 6 -7 -8 10 -10 -11 -12 -13
leaf_value=-0.0048198890412317159 0.0004518245392274565 -0.0017551817249779297 0.0027599651402292345 0.00051541682332754122 -0.0018987064534384344 -0.00072775577897958186 0.00060450282449332564 0.0016355023271970304 0.0057225234784005624 -0.0028902583594047002 0.0036561151894812399 0.0021263367316174892
leaf_weight=8.0000000000000036 8.0000000000000018 7.9999999999999991 4.9999999999999982 8.0000000000000018 6.9999999999999982 4.9999999999999991 5 9.9999999999999982 6 14 4.9999999999999991 5.9999999999999991
leaf_count=8 8 8 5 8 7 5 5 10 6 14 5 6
internal_value=0 -0.00152139 0.00275527 -0.000146493 0.000310398 -0.00319298 -0.000760432 0.00180599 0.00456085 -0.00368535 0.00243052 0.00131406
internal_weight=95 61 34 34 26 27 12 23 11 22 15 14
internal_count=95 61 34 34 26 27 12 23 11 22 15 14
is_linear=0
shrinkage=0.025


Tree=80
num_leaves=12
num_cat=0
split_feature=0 1 0 2 4 3 4 1 0 3 2
split_gain=0.612402 0.208101 0.0761776 0.0417125 0.055187 0.0407777 0.0317606 0.0112525 0.00570508 0.00178345 0.000213861
threshold=9.0000000000000018 10.000000000000002 17.000000000000004 3.4500000000000006 93.000000000000014 4.4500000000000011 100.00000000000001 5.0000000000000009 11.000000000000002 4.6500000000000012 3.1500000000000008
decision_type=2 2 2 2 2 2 2 2 2 2 2
left_child=1 5 8 10 9 7 -6 -1 -2 -5 -3
right_child=2 3 -4 4 6 -7 -8 -9 -10 -11 -12
leaf_value=-0.004702330787847861 0.00099722305312752667 -0.00072839835013907713 0.0053538793067057291 0.00091459787023874582 -0.0018525572985203733 -0.00071026168253201139 0.00058997151029940972 -0.0028190195826079015 0.0023205972511655178 0.002256987243890762 -0.0019879901029456119
leaf_weight=8.0000000000000036 7.0000000000000027 4.9999999999999982 5.9999999999999991 7.0000000000000018 6.9999999999999982 4.9999999999999991 5 14 21 5 5
leaf_count=8 7 5 6 7 7 5 5 14 21 5 5
internal_value=0 -0.00148459 0.00269213 -0.000141063 0.000384334 -0.00311701 -0.00073939 -0.00359636 0.0020435 0.00160422 -0.00150737
internal_weight=95 61 34 34 24 27 12 22 28 12 10
internal_count=95 61 34 34 24 27 12 22 28 12 10
is_linear=0
shrinkage=0.025


Tree=81
num_leaves=10
num_cat=0
split_feature=1 2 3 0 3 2 0 1 1
split_gain=0.584061 0.175267 0.139902 0.0525305 0.0441806 0.0284076 0.0512615 0.026773 0.00469727
threshold=14.000000000000002 3.8500000000000001 4.0500000000000007 9.0000000000000018 4.7500000000000009 2.9500000000000006 15.000000000000002 10.000000000000002 7.0000000000000009
decision_type=2 2 2 2 2 2 2 2 2
left_child=2 3 8 -2 7 -5 -7 -4 -1
right_child=1 -3 4 5 -6 6 -8 -9 -10
leaf_value=-0.0045876397245858845 -0.00018008845129414747 0.0060107165117627911 -0.0021727516361680185 0.00037377830481202128 0.001151154125825717 0.0014771524107430214 0.0043950610103145726 -0.00044728870209502546 -0.0027402567636707555
leaf_weight=8.0000000000000018 8.9999999999999982 5.9999999999999991 12 8.0000000000000018 4.9999999999999991 17.000000000000004 5.9999999999999991 15 8.9999999999999982
leaf_count=8 9 6 12 8 5 17 6 15 9
internal_value=0 0.00203097 -0.00188312 0.00137598 -0.000848458 0.00186607 0.00232355 -0.00127045 -0.00372552
internal_weight=95 46 49 40 32 31 23 27 17
internal_count=95 46 49 40 32 31 23 27 17
is_linear=0
shrinkage=0.025


Tree=82
num_leaves=13
num_cat=0
split_feature=0 1 2 2 4 3 4 2 3 1 0 3
split_gain=0.560204 0.187872 0.0736172 0.0389193 0.0425696 0.0373317 0.028719 0.0229019 0.0141018 0.00930494 0.00900311 0.00727968
threshold=9.0000000000000018 10.000000000000002 3.6500000000000008 3.2500000000000004 93.000000000000014 4.4500000000000011 100.00000000000001 2.9500000000000006 5.2500000000000009 5.0000000000000009 15.000000000000002 4.6500000000000012
decision_type=2 2 2 2 2 2 2 2 2 2 2 2
left_child=1 5 7 -3 11 9 -6 -2 -4 -1 -9 -5
right_child=2 3 8 4 6 -7 -8 10 -10 -11 -12 -13
leaf_value=-0.0044757461868135638 0.00036466173577781119 -0.0016676295207949674 0.0025864410196216065 0.00050647340646785917 -0.001790552124536286 -0.00065693886225255075 0.00052059152803849427 0.0015055779340293479 0.00543579424941732 -0.0026899881665447306 0.0033776275670299159 0.0019964052304144828
leaf_weight=8.0000000000000036 8.0000000000000018 7.9999999999999991 4.9999999999999982 8.0000000000000018 6.9999999999999982 4.9999999999999991 5 9.9999999999999982 6 14 4.9999999999999991 5.9999999999999991
leaf_count=8 8 8 5 8 7 5 5 10 6 14 5 6
internal_value=0 -0.00141983 0.00257492 -0.000141189 0.00028992 -0.00297114 -0.000732369 0.00165564 0.00432156 -0.00343013 0.00224806 0.00125217
internal_weight=95 61 34 34 26 27 12 23 11 22 15 14
internal_count=95 61 34 34 26 27 12 23 11 22 15 14
is_linear=0
shrinkage=0.025


Tree=83
num_leaves=12
num_cat=0
split_feature=0 1 0 2 4 3 4 1 0 3 2
split_gain=0.534404 0.179191 0.0708797 0.0374233 0.0504448 0.0352709 0.0274121 0.00855281 0.00541456 0.000661667 0.000397124
threshold=9.0000000000000018 10.000000000000002 17.000000000000004 3.4500000000000006 93.000000000000014 4.4500000000000011 100.00000000000001 5.0000000000000009 11.000000000000002 4.6500000000000012 3.1500000000000008
decision_type=2 2 2 2 2 2 2 2 2 2 2
left_child=1 5 8 10 9 7 -6 -1 -2 -5 -3
right_child=2 3 -4 4 6 -7 -8 -9 -10 -11 -12
leaf_value=-0.0043665816087457444 0.00088127427863784926 -0.00066261864267289658 0.0050814053479341726 0.00089000177362726768 -0.0017470318054418185 -0.00064114696937254999 0.0005080773068654636 -0.0026236856566138667 0.0021557598669117071 0.002111391884346421 -0.0019043521776508825
leaf_weight=8.0000000000000036 7.0000000000000027 4.9999999999999982 5.9999999999999991 7.0000000000000018 6.9999999999999982 4.9999999999999991 5 14 21 5 5
leaf_count=8 7 5 6 7 7 5 5 14 21 5 5
internal_value=8.51122e-08 -0.00138552 0.00251614 -0.000135895 0.00035953 -0.0029006 -0.000712019 -0.0033474 0.00188997 0.00152764 -0.0014312
internal_weight=95 61 34 34 24 27 12 22 28 12 10
internal_count=95 61 34 34 24 27 12 22 28 12 10
is_linear=0
shrinkage=0.025


Tree=84
num_leaves=13
num_cat=0
split_feature=0 1 2 2 4 3 4 2 3 0 3 3
split_gain=0.509281 0.17079 0.0706583 0.0359235 0.0388194 0.0334448 0.0261659 0.0220736 0.0133657 0.00809988 0.00656905 0.00478659
threshold=9.0000000000000018 10.000000000000002 3.6500000000000008 3.2500000000000004 93.000000000000014 4.0500000000000007 100.00000000000001 2.9500000000000006 5.2500000000000009 15.000000000000002 4.6500000000000012 4.4500000000000011
decision_type=2 2 2 2 2 2 2 2 2 2 2 2
left_child=1 5 7 -3 10 -1 -6 -2 -4 -9 -5 -7
right_child=2 3 8 4 6 11 -8 9 -10 -11 -12 -13
leaf_value=-0.003765325230533178 0.00029311995476302569 -0.0015994369518011809 0.0024706349484264283 0.00048093240162948271 -0.0017045691971563635 -0.0021711074849363509 0.00049586390736154628 0.0014189630377051585 0.0052506088369315661 0.0032164822547481606 0.0019132155774822159 -0.0006257348949125466
leaf_weight=14.000000000000002 8.0000000000000018 7.9999999999999991 4.9999999999999982 8.0000000000000018 6.9999999999999982 7.9999999999999982 5 9.9999999999999982 6 4.9999999999999991 5.9999999999999991 5
leaf_count=14 8 8 5 8 7 8 5 10 6 5 6 5
internal_value=0 -0.00135259 0.00245625 -0.000131702 0.000280961 -0.00283178 -0.000692164 0.00155615 0.00416527 0.00213481 0.0012011 -0.00168992
internal_weight=95 61 34 34 26 27 12 23 11 15 14 13
internal_count=95 61 34 34 26 27 12 23 11 15 14 13
is_linear=0
shrinkage=0.025


Tree=85
num_leaves=11
num_cat=0
split_feature=1 2 3 4 0 3 1 3 0 2
split_gain=0.487492 0.160265 0.115496 0.042739 0.0441437 0.0366278 0.0220443 0.0150294 0.00917929 0.00362927
threshold=14.000000000000002 3.8500000000000001 4.0500000000000007 100.00000000000001 15.000000000000002 4.7500000000000009 10.000000000000002 4.7500000000000009 9.0000000000000018 3.2500000000000004
decision_type=2 2 2 2 2 2 2 2 2 2
left_child=2 3 9 8 7 6 -4 -5 -2 -1
right_child=1 -3 5 4 -6 -7 -8 -9 -10 -11
leaf_value=-0.0045992106127624296 -0.00076969159910312071 0.0056615773691925326 -0.0019808529364708505 0 0.0035639437937384673 0.0010362490331037688 -0.00040230027363194454 0.001528133650992433 0.00056917174015103328 -0.002722326499700058
leaf_weight=5.0000000000000027 4.9999999999999991 5.9999999999999991 12 6.0000000000000062 6.9999999999999991 4.9999999999999991 15 13.999999999999998 7.9999999999999991 11.999999999999998
leaf_count=5 5 6 12 6 7 5 15 14 8 12
internal_value=6.99125e-07 0.00185796 -0.00171791 0.00123099 0.00179489 -0.000773071 -0.00115924 0.00108469 0 -0.00339409
internal_weight=95 46 49 40 27 32 27 20 13 17
internal_count=95 46 49 40 27 32 27 20 13 17
is_linear=0
shrinkage=0.025


Tree=86
num_leaves=14
num_cat=0
split_feature=0 1 2 1 2 4 3 4 2 2 1 2 2
split_gain=0.466833 0.154695 0.0663854 0.124045 0.0332028 0.0463563 0.0305686 0.0232203 0.0167996 0.0134647 0.00747212 0.000481954 5.65695e-05
threshold=9.0000000000000018 10.000000000000002 3.5500000000000003 22.000000000000004 3.4500000000000006 93.000000000000014 4.4500000000000011 100.00000000000001 2.9500000000000006 3.4500000000000006 5.0000000000000009 3.1500000000000008 3.4500000000000006
decision_type=2 2 2 2 2 2 2 2 2 2 2 2 2
left_child=1 6 8 -4 11 -6 10 -7 -2 -10 -1 -3 -12
right_child=2 4 3 -5 5 7 -8 -9 9 -11 12 -13 -14
leaf_value=-0.0040846774604444075 0.0002629580424825955 -0.00059873946906568922 0.00086881077938502855 0.0060560737937016204 0.0014561187132399098 -0.0016427536055238713 -0.00057758178132084697 0.00041481228052781742 0.0029092658821853901 0.00087323577479562825 -0.0031144220201719183 -0.0018111636647238178 -0.0016985570455378875
leaf_weight=8.0000000000000036 8.0000000000000018 4.9999999999999982 5.9999999999999982 7 12.000000000000002 6.9999999999999982 4.9999999999999991 5 5.9999999999999982 7 6.0000000000000009 5 7.9999999999999991
leaf_count=8 8 5 6 7 12 7 5 5 6 7 6 5 8
internal_value=5.07829e-07 -0.00129368 0.00235296 0.00380609 -0.000129756 0.000334456 -0.00270167 -0.00069023 0.00136703 0.00193748 -0.00311856 -0.00135113 -0.0024287
internal_weight=95 61 34 13 34 24 27 12 21 13 22 10 14
internal_count=95 61 34 13 34 24 27 12 21 13 22 10 14
is_linear=0
shrinkage=0.025


Tree=87
num_leaves=10
num_cat=0
split_feature=0 1 0 3 3 3 3 1 0
split_gain=0.445845 0.147512 0.0644131 0.0322032 0.0289155 0.00728986 0.00971816 0.00674123 0.00478829
threshold=9.0000000000000018 10.000000000000002 17.000000000000004 4.3500000000000005 4.4500000000000011 4.7500000000000009 4.5500000000000007 5.0000000000000009 11.000000000000002
decision_type=2 2 2 2 2 2 2 2 2
left_child=1 4 8 -3 7 6 -5 -1 -2
right_child=2 3 -4 5 -6 -7 -8 -9 -10
leaf_value=-0.003985051283749136 0.00075010094765780668 -0.0012535042807160477 0.0047420020049978653 0.00050782636688204423 -0.00056369766915360324 0.00086517832835442316 -0.00087257012939797012 -0.0023718809141633165 0.0019499192760053603
leaf_weight=8.0000000000000036 7.0000000000000027 10.999999999999998 5.9999999999999991 8.0000000000000018 4.9999999999999991 9.9999999999999982 4.9999999999999991 14 21
leaf_count=8 7 11 6 8 5 10 5 14 21
internal_value=1.30809e-07 -0.00126433 0.0022994 -0.000126831 -0.00263931 0.000364294 0 -0.00304541 0.00170174
internal_weight=95 61 34 34 27 23 13 22 28
internal_count=95 61 34 34 27 23 13 22 28
is_linear=0
shrinkage=0.025


Tree=88
num_leaves=13
num_cat=0
split_feature=0 1 2 1 2 4 3 4 2 2 2 3
split_gain=0.424946 0.14062 0.0636966 0.115938 0.0312598 0.0355729 0.0272918 0.0221157 0.0162208 0.0125602 0.0067958 0.00515122
threshold=9.0000000000000018 10.000000000000002 3.5500000000000003 22.000000000000004 3.2500000000000004 93.000000000000014 4.4500000000000011 100.00000000000001 2.9500000000000006 3.4500000000000006 3.1500000000000008 4.6500000000000012
decision_type=2 2 2 2 2 2 2 2 2 2 2 2
left_child=1 6 8 -4 -3 11 10 -7 -2 -10 -1 -6
right_child=2 4 3 -5 5 7 -8 -9 9 -11 -12 -13
leaf_value=-0.004290786485832465 0.00019927651893983522 -0.0014935297283866422 0.00081996757446998558 0.0058420943566792017 0.00046958630881840122 -0.0016006256735029943 -0.00055014717195612877 0.00040430186871582495 0.0027740261727763763 0.00080461746676721503 -0.0024662134884640054 0.0017930288498680437
leaf_weight=5.0000000000000062 8.0000000000000018 7.9999999999999991 5.9999999999999982 7 8.0000000000000018 6.9999999999999982 4.9999999999999991 5 5.9999999999999982 7 17 5.9999999999999991
leaf_count=5 8 8 6 7 8 7 5 5 6 7 17 6
internal_value=0 -0.00123437 0.00224483 0.00366643 -0.000122857 0.000259361 -0.0025769 -0.000669847 0.00127954 0.00183653 -0.00297212 0.00114207
internal_weight=95 61 34 13 34 26 27 12 21 13 22 14
internal_count=95 61 34 13 34 26 27 12 21 13 22 14
is_linear=0
shrinkage=0.025


Tree=89
num_leaves=12
num_cat=0
split_feature=1 2 3 4 3 0 0 1 3 3 2
split_gain=0.406676 0.145777 0.0969479 0.0369325 0.0309559 0.0260424 0.0238821 0.0174621 0.00937985 0.00622554 0.00369243
threshold=14.000000000000002 3.8500000000000001 4.0500000000000007 112.50000000000001 4.7500000000000009 15.000000000000002 9.0000000000000018 10.000000000000002 5.1500000000000012 4.8500000000000005 3.2500000000000004
decision_type=2 2 2 2 2 2 2 2 2 2 2
left_child=2 3 10 6 7 9 -2 -4 -8 -5 -1
right_child=1 -3 4 5 -6 -7 8 -9 -10 -11 -12
leaf_value=-0.0042590003389005445 -0.0010264549723586001 0.0053241030726161216 -0.0017912003635352507 7.220858600563716e-05 0.00095605750281650302 0.0032696051913644036 0.0015319632048973997 -0.00036858816870096096 0 0.0014379678431470863 -0.0024601245298981667
leaf_weight=5.0000000000000027 6.0000000000000027 5.9999999999999991 12 5.0000000000000062 4.9999999999999991 5.9999999999999991 5.9999999999999982 15 5 11.999999999999998 11.999999999999998
leaf_count=5 6 6 12 5 5 6 6 15 5 12 12
internal_value=5.91054e-07 0.00169806 -0.00156797 0.00109927 -0.000698251 0.00175389 0.000130848 -0.00105534 0.000880769 0.00111446 -0.00310525
internal_weight=95 46 49 40 32 23 17 27 11 17 17
internal_count=95 46 49 40 32 23 17 27 11 17 17
is_linear=0
shrinkage=0.025


Tree=90
num_leaves=12
num_cat=0
split_feature=0 3 2 2 1 0 4 2 2 2 3
split_gain=0.389393 0.128103 0.0811432 0.0591017 0.108161 0.0442395 0.0297771 0.0298611 0.0151466 0.0114264 0.0032871
threshold=9.0000000000000018 4.2500000000000009 3.2500000000000004 3.5500000000000003 22.000000000000004 5.0000000000000009 74.500000000000014 3.6500000000000008 2.9500000000000006 3.4500000000000006 4.6500000000000012
decision_type=2 2 2 2 2 2 2 2 2 2 2
left_child=1 5 -3 8 -5 -1 10 -8 -2 -10 -4
right_child=3 2 6 4 -6 -7 7 -9 9 -11 -12
leaf_value=-0.0032671290558091426 0.00017043593475913124 -0.0023161845826884598 0.00059265175368636834 0.000765340135342652 0.0056226481321371251 -0.00093231392595186546 0.0010079781766622687 -0.0014202347432728856 0.0026535947026023947 0.00075926822092798024 0.0018328795131916796
leaf_weight=17.000000000000004 8.0000000000000018 7.9999999999999991 7.0000000000000018 5.9999999999999982 7 9.9999999999999982 4.9999999999999982 7 5.9999999999999982 7 7
leaf_count=17 8 8 7 6 7 10 5 7 6 7 7
internal_value=8.13598e-07 -0.00118002 -0.000117342 0.00215043 0.00352107 -0.00246155 0.000524031 -0.000306082 0.00121776 0.00175523 0.00131788
internal_weight=95 61 34 34 13 27 26 12 21 13 14
internal_count=95 61 34 34 13 27 26 12 21 13 14
is_linear=0
shrinkage=0.025


Tree=91
num_leaves=11
num_cat=0
split_feature=0 1 0 2 4 3 4 0 3 2
split_gain=0.371424 0.122131 0.057743 0.0275275 0.0408617 0.0242483 0.0195601 0.00353501 0.00271628 0.00105055
threshold=9.0000000000000018 10.000000000000002 17.000000000000004 3.4500000000000006 93.000000000000014 4.0500000000000007 100.00000000000001 11.000000000000002 4.4500000000000011 3.1500000000000008
decision_type=2 2 2 2 2 2 2 2 2 2
left_child=1 5 7 9 -5 -1 -6 -2 -7 -3
right_child=2 3 -4 4 6 8 -8 -9 -10 -11
leaf_value=-0.0032070225944191631 0.00066289595690452365 -0.00047803789627953231 0.0044138623401522642 0.0013622369434012739 -0.0015266633977363301 -0.0017980687036292583 0.00034529009583191223 0.0017567079233111076 -0.0004916316596791148 -0.0016886633856651873
leaf_weight=14.000000000000002 7.0000000000000027 4.9999999999999982 5.9999999999999991 12.000000000000002 6.9999999999999982 7.9999999999999982 5 21 5 5
leaf_count=14 7 5 6 12 7 8 5 21 5 5
internal_value=2.06526e-06 -0.00115089 0.00210178 -0.000112398 0.000306728 -0.00240222 -0.00065135 0.00153422 -0.00140535 -0.00122714
internal_weight=95 61 34 34 24 27 12 28 13 10
internal_count=95 61 34 34 24 27 12 28 13 10
is_linear=0
shrinkage=0.025


Tree=92
num_leaves=11
num_cat=0
split_feature=4 3 0 2 2 0 4 3 4 3
split_gain=0.357755 0.151916 0.133265 0.0421906 0.0526201 0.0331 0.0312628 0.0158341 0.00861949 0.00424829
threshold=112.50000000000001 4.2500000000000009 17.000000000000004 3.2500000000000004 2.9500000000000006 5.0000000000000009 74.500000000000014 4.8500000000000005 100.00000000000001 4.6500000000000012
decision_type=2 2 2 2 2 2 2 2 2 2
left_child=1 5 7 4 -3 -1 9 -2 -8 -5
right_child=2 3 -4 6 -6 -7 8 -9 -10 -11
leaf_value=-0.0031133009900533881 1.5913212421135225e-05 1.0854751377811893e-05 0.0061782724595664494 0.00056708366351409069 -0.0028522596424145081 -0.00095879541831495941 -0.00089468801096599161 0.0019044706079085578 0.00028630025654790859 0.0018416212258360735
leaf_weight=17 5.0000000000000062 8.9999999999999982 4.9999999999999991 7.0000000000000027 5.9999999999999991 9.0000000000000018 6.9999999999999982 15.999999999999998 6 7.9999999999999991
leaf_count=17 5 9 5 7 6 9 7 16 6 8
internal_value=1.32303e-06 -0.000927547 0.00250237 0 -0.00107461 -0.00242823 0.000559135 0.00151817 -0.00025884 0.00134436
internal_weight=95 69 26 43 15 26 28 21 13 15
internal_count=95 69 26 43 15 26 28 21 13 15
is_linear=0
shrinkage=0.025


Tree=93
num_leaves=11
num_cat=0
split_feature=4 3 0 2 2 0 4 3 4 3
split_gain=0.340878 0.144823 0.12667 0.0401207 0.050206 0.0312401 0.029808 0.0149153 0.00823036 0.00391469
threshold=112.50000000000001 4.2500000000000009 17.000000000000004 3.2500000000000004 2.9500000000000006 5.0000000000000009 74.500000000000014 4.8500000000000005 100.00000000000001 4.6500000000000012
decision_type=2 2 2 2 2 2 2 2 2 2
left_child=1 5 7 4 -3 -1 9 -2 -8 -5
right_child=2 3 -4 6 -6 -7 8 -9 -10 -11
leaf_value=-0.0030363734475835121 1.5530667196099538e-05 1.0589289013296359e-05 0.0060297562516307855 0.00055330042572071124 -0.0027832533413123701 -0.00093534660890050531 -0.00087294217212022197 0.0018574466008296306 0.00027937362751653117 0.001796703651638293
leaf_weight=17 5.0000000000000062 8.9999999999999982 4.9999999999999991 7.0000000000000027 5.9999999999999991 9.0000000000000018 6.9999999999999982 15.999999999999998 6 7.9999999999999991
leaf_count=17 5 9 5 7 6 9 7 16 6 8
internal_value=2.10327e-06 -0.000904276 0.00244375 0 -0.00104663 -0.0023695 0.000546584 0.00148214 -0.000250232 0.0013136
internal_weight=95 69 26 43 15 26 28 21 13 15
internal_count=95 69 26 43 15 26 28 21 13 15
is_linear=0
shrinkage=0.025


Tree=94
num_leaves=13
num_cat=0
split_feature=1 2 3 4 3 0 0 1 3 2 3 1
split_gain=0.325034 0.133842 0.0751969 0.0288681 0.0242275 0.0189958 0.0179865 0.0140834 0.00902196 0.0051122 0.00506741 0.000593368
threshold=14.000000000000002 3.8500000000000001 4.0500000000000007 112.50000000000001 4.7500000000000009 9.0000000000000018 15.000000000000002 10.000000000000002 5.1500000000000012 3.2500000000000004 4.8500000000000005 7.0000000000000009
decision_type=2 2 2 2 2 2 2 2 2 2 2 2
left_child=2 3 9 5 7 -2 10 -4 -7 -1 -5 -11
right_child=1 -3 4 6 -6 8 -8 -9 -10 11 -12 -13
leaf_value=-0.0038921472007551988 -0.00094133317057463854 0.0049923023486870433 -0.0016069903633877877 1.5157368034124339e-05 0.00082234655363628499 0.001399239640863192 0.0028117426659821742 -0.00031688569181010523 0 -0.0028299733387449617 0.0012618897978829977 -0.0013794385233066148
leaf_weight=5.0000000000000027 6.0000000000000027 5.9999999999999991 12 5.0000000000000062 4.9999999999999991 5.9999999999999982 5.9999999999999991 15 5 4.9999999999999982 11.999999999999998 7
leaf_count=5 6 6 12 5 5 6 6 15 5 5 12 7
internal_value=2.86031e-06 0.00152175 -0.00139802 0.00094783 -0.000625644 8.40742e-05 0.00152615 -0.000943822 0.000761816 -0.00275506 0.000972318 -0.00212277
internal_weight=95 46 49 40 32 17 23 27 11 17 17 12
internal_count=95 46 49 40 32 17 23 27 11 17 17 12
is_linear=0
shrinkage=0.025


Tree=95
num_leaves=11
num_cat=0
split_feature=4 3 0 2 2 4 0 3 4 3
split_gain=0.31273 0.131513 0.118176 0.0374735 0.0467505 0.0289669 0.0286487 0.0131701 0.00716069 0.00304774
threshold=112.50000000000001 4.2500000000000009 17.000000000000004 3.2500000000000004 2.9500000000000006 74.500000000000014 5.0000000000000009 4.8500000000000005 100.00000000000001 4.6500000000000012
decision_type=2 2 2 2 2 2 2 2 2 2
left_child=1 6 7 4 -3 9 -1 -2 -7 -5
right_child=2 3 -4 5 -6 8 -8 -9 -10 -11
leaf_value=-0.0029011191486186068 1.4792992554318414e-05 6.4567809560051986e-07 0.0058067369516580716 0.00055868149114151765 -0.0026901259432516749 -0.00083916240627230666 -0.00088052297942340361 0.0017641288664531148 0.00021922351311772097 0.0017334980594857438
leaf_weight=17 5.0000000000000062 8.9999999999999982 4.9999999999999991 7.0000000000000027 5.9999999999999991 6.9999999999999982 9.0000000000000018 15.999999999999998 6 7.9999999999999991
leaf_count=17 5 9 5 7 6 7 9 16 6 8
internal_value=2.44064e-06 -0.000865152 0.00234164 0 -0.00101466 0.000524979 -0.00226145 0.00141065 -0.000260059 0.00128205
internal_weight=95 69 26 43 15 28 26 21 13 15
internal_count=95 69 26 43 15 28 26 21 13 15
is_linear=0
shrinkage=0.025


Tree=96
num_leaves=11
num_cat=0
split_feature=4 3 0 2 2 4 0 3 4 3
split_gain=0.298003 0.125394 0.11231 0.0356319 0.0446115 0.02762 0.0270235 0.0123916 0.00684161 0.00277798
threshold=112.50000000000001 4.2500000000000009 17.000000000000004 3.2500000000000004 2.9500000000000006 74.500000000000014 5.0000000000000009 4.8500000000000005 100.00000000000001 4.6500000000000012
decision_type=2 2 2 2 2 2 2 2 2 2
left_child=1 6 7 4 -3 9 -1 -2 -7 -5
right_child=2 3 -4 5 -6 8 -8 -9 -10 -11
leaf_value=-0.0028294345623878546 1.4437388521260908e-05 6.2984434644812376e-07 0.0056671519360791608 0.00054510241995255136 -0.002625042260173828 -0.00081876605444348473 -0.00085898845041494632 0.0017205701004800009 0.00021391969489594617 0.0016912176046611335
leaf_weight=17 5.0000000000000062 8.9999999999999982 4.9999999999999991 7.0000000000000027 5.9999999999999991 6.9999999999999982 9.0000000000000018 15.999999999999998 6 7.9999999999999991
leaf_count=17 5 9 5 7 6 7 9 16 6 8
internal_value=3.18249e-06 -0.000843418 0.00228693 0 -0.000988123 0.000513259 -0.00220683 0.00137728 -0.000251425 0.00125281
internal_weight=95 69 26 43 15 28 26 21 13 15
internal_count=95 69 26 43 15 28 26 21 13 15
is_linear=0
shrinkage=0.025


Tree=97
num_leaves=12
num_cat=0
split_feature=0 3 2 2 1 0 4 2 2 2 3
split_gain=0.285081 0.0905269 0.0612473 0.0518055 0.0971526 0.0306909 0.0236684 0.0274614 0.0126463 0.00853053 0.00149243
threshold=9.0000000000000018 4.2500000000000009 3.2500000000000004 3.5500000000000003 22.000000000000004 5.0000000000000009 74.500000000000014 3.6500000000000008 2.9500000000000006 3.4500000000000006 4.6500000000000012
decision_type=2 2 2 2 2 2 2 2 2 2 2
left_child=1 5 -3 8 -5 -1 10 -8 -2 -10 -4
right_child=3 2 6 4 -6 -7 7 -9 9 -11 -12
leaf_value=-0.0027595212109127014 1.9843695208248557e-05 -0.0020186231826522911 0.00053185341207103581 0.00051611403281229653 0.0051071111546156719 -0.00077747028531031882 0.00097016315082258284 -0.0013570487945495794 0.0022344897501170636 0.00057108912183644457 0.0015785040152776571
leaf_weight=17.000000000000004 8.0000000000000018 7.9999999999999991 7.0000000000000018 5.9999999999999982 7 9.9999999999999982 4.9999999999999982 7 5.9999999999999982 7 7
leaf_count=17 8 8 7 6 7 10 5 7 6 7 7
internal_value=3.90234e-06 -0.00100454 -0.000104796 0.00184501 0.00312281 -0.0020825 0.000447278 -0.00028491 0.000973038 0.00145573 0.00115807
internal_weight=95 61 34 34 13 27 26 12 21 13 14
internal_count=95 61 34 34 13 27 26 12 21 13 14
is_linear=0
shrinkage=0.025


Tree=98
num_leaves=11
num_cat=0
split_feature=4 3 0 2 2 4 0 3 4 3
split_gain=0.273634 0.113374 0.104766 0.0317184 0.0413313 0.0254449 0.023968 0.0115817 0.00618924 0.00218782
threshold=112.50000000000001 4.2500000000000009 17.000000000000004 3.2500000000000004 2.9500000000000006 74.500000000000014 5.0000000000000009 4.8500000000000005 100.00000000000001 4.6500000000000012
decision_type=2 2 2 2 2 2 2 2 2 2
left_child=1 6 7 4 -3 9 -1 -2 -7 -5
right_child=2 3 -4 5 -6 8 -8 -9 -10 -11
leaf_value=-0.0026913353653494707 0 1.1207765656644878e-05 0.0054602346042744243 0.00051892643483976506 -0.0025126955486954217 -0.00079012344006817645 -0.00081896634073927986 0.0016441292437023405 0.00018167095333938634 0.0016007103366641011
leaf_weight=17 5.0000000000000062 8.9999999999999982 4.9999999999999991 7.0000000000000027 5.9999999999999991 6.9999999999999982 9.0000000000000018 15.999999999999998 6 7.9999999999999991
leaf_count=17 5 9 5 7 6 7 9 16 6 8
internal_value=5.03202e-06 -0.000805657 0.00219391 0 -0.000935895 0.000480481 -0.00210212 0.00131308 -0.000250949 0.00119159
internal_weight=95 69 26 43 15 28 26 21 13 15
internal_count=95 69 26 43 15 28 26 21 13 15
is_linear=0
shrinkage=0.025


Tree=99
num_leaves=11
num_cat=0
split_feature=4 3 0 2 2 4 0 3 4 3
split_gain=0.260764 0.108118 0.0995524 0.0301558 0.0394438 0.0242641 0.0225878 0.0108951 0.00591589 0.00196822
threshold=112.50000000000001 4.2500000000000009 17.000000000000004 3.2500000000000004 2.9500000000000006 74.500000000000014 5.0000000000000009 4.8500000000000005 100.00000000000001 4.6500000000000012
decision_type=2 2 2 2 2 2 2 2 2 2
left_child=1 6 7 4 -3 9 -1 -2 -7 -5
right_child=2 3 -4 5 -6 8 -8 -9 -10 -11
leaf_value=-0.0026248342769090525 0 1.0933677169858755e-05 0.0053289788273664616 0.00050631366256210521 -0.0024519045266412917 -0.00077091910107406493 -0.00079893725418040274 0.0016035334539116809 0.00017727572666180707 0.0015616686128806778
leaf_weight=17 5.0000000000000062 8.9999999999999982 4.9999999999999991 7.0000000000000027 5.9999999999999991 6.9999999999999982 9.0000000000000018 15.999999999999998 6 7.9999999999999991
leaf_count=17 5 9 5 7 6 7 9 16 6 8
internal_value=5.68699e-06 -0.00078539 0.00214276 0 -0.000911264 0.000469845 -0.00205143 0.00128206 -0.000242538 0.00116455
internal_weight=95 69 26 43 15 28 26 21 13 15
internal_count=95 69 26 43 15 28 26 21 13 15
is_linear=0
shrinkage=0.025


Tree=100
num_leaves=11
num_cat=0
split_feature=1 2 3 3 2 0 3 1 2 1
split_gain=0.249405 0.121245 0.055954 0.0213699 0.0287838 0.0229449 0.0173205 0.011162 0.00651211 0.00106646
threshold=14.000000000000002 3.8500000000000001 4.0500000000000007 4.3500000000000005 3.1500000000000008 15.000000000000002 4.7500000000000009 10.000000000000002 3.2500000000000004 7.0000000000000009
decision_type=2 2 2 2 2 2 2 2 2 2
left_child=2 3 8 -2 -5 -6 7 -4 -1 -10
right_child=1 -3 6 4 5 -7 -8 -9 9 -11
leaf_value=-0.0035132022896924818 -0.00056760190771176268 0.0046373076894651016 -0.0014083095646814487 -6.7386960448778189e-05 0.00092730566377735373 0.0028906259114944164 0.00065635950125467321 -0.00025000398270908349 -0.0024300644460778973 -0.0010775042943552964
leaf_weight=5.0000000000000027 4.9999999999999991 5.9999999999999991 12 8.9999999999999982 20.000000000000004 5.9999999999999991 4.9999999999999991 15 4.9999999999999982 7
leaf_count=5 5 6 12 9 20 6 5 15 5 7
internal_value=6.32234e-06 0.00133838 -0.00121913 0.00079184 0.00102368 0.0014467 -0.000545601 -0.000817332 -0.0023932 -0.00177413
internal_weight=95 46 49 40 35 26 32 27 17 12
internal_count=95 46 49 40 35 26 32 27 17 12
is_linear=0
shrinkage=0.025


Tree=101
num_leaves=12
num_cat=0
split_feature=0 3 2 2 1 0 4 3 2 2 3
split_gain=0.240269 0.07374 0.0516289 0.0463268 0.0893422 0.0250196 0.0212383 0.0256897 0.0105526 0.00700829 0.000652655
threshold=9.0000000000000018 4.2500000000000009 3.2500000000000004 3.5500000000000003 22.000000000000004 5.0000000000000009 74.500000000000014 4.8500000000000005 2.9500000000000006 3.4500000000000006 4.6500000000000012
decision_type=2 2 2 2 2 2 2 2 2 2 2
left_child=1 5 -3 8 -5 -1 10 -8 -2 -10 -4
right_child=3 2 6 4 -6 -7 7 -9 9 -11 -12
leaf_value=-0.0025079189323235387 0 -0.001862572464330985 0.00050403979969107428 0.00040262008025761584 0.00480402684253123 -0.00069730884153578517 -0.0013288614016750623 0.00091714109862200868 0.002019155548224526 0.00048669061830474271 0.0014438143789043856
leaf_weight=17.000000000000004 8.0000000000000018 7.9999999999999991 7.0000000000000018 5.9999999999999982 7 9.9999999999999982 6.9999999999999982 5 5.9999999999999982 7 7
leaf_count=17 8 8 7 6 7 10 7 5 6 7 7
internal_value=4.84063e-06 -0.000919869 -0.00010372 0.00169611 0.00290418 -0.00189334 0.000399843 -0.000290874 0.000868941 0.00130856 0.00107567
internal_weight=95 61 34 34 13 27 26 12 21 13 14
internal_count=95 61 34 34 13 27 26 12 21 13 14
is_linear=0
shrinkage=0.025


Tree=102
num_leaves=11
num_cat=0
split_feature=4 3 0 2 2 4 0 3 3 3
split_gain=0.231223 0.092871 0.091333 0.0258366 0.036074 0.0229031 0.0193957 0.00955326 0.00525441 0.00115765
threshold=112.50000000000001 4.2500000000000009 17.000000000000004 3.2500000000000004 2.9500000000000006 74.500000000000014 5.0000000000000009 4.8500000000000005 4.6500000000000012 4.6500000000000012
decision_type=2 2 2 2 2 2 2 2 2 2
left_child=1 6 7 4 -3 9 -1 -2 -7 -5
right_child=2 3 -4 5 -6 8 -8 -9 -10 -11
leaf_value=-0.0024459500480334948 0 2.3429504843712172e-05 0.0050716082637126628 0.00049178884623365244 -0.0023281981056976703 -0.00082413125482778406 -0.0007357072009219098 0.0014929112524116113 4.6208243939973814e-05 0.0014582057790149278
leaf_weight=17 5.0000000000000062 8.9999999999999982 4.9999999999999991 7.0000000000000027 5.9999999999999991 5.9999999999999982 9.0000000000000018 15.999999999999998 7 7.9999999999999991
leaf_count=17 5 9 5 7 6 6 9 16 7 8
internal_value=5.89734e-06 -0.00073825 0.00201902 0 -0.000853242 0.000424513 -0.00191179 0.00119226 -0.00026719 0.00110185
internal_weight=95 69 26 43 15 28 26 21 13 15
internal_count=95 69 26 43 15 28 26 21 13 15
is_linear=0
shrinkage=0.025


Tree=103
num_leaves=11
num_cat=0
split_feature=4 3 0 2 2 4 0 3 3 3
split_gain=0.220358 0.0885892 0.0867783 0.0245577 0.0344299 0.0218414 0.0182584 0.00898704 0.00502833 0.000996321
threshold=112.50000000000001 4.2500000000000009 17.000000000000004 3.2500000000000004 2.9500000000000006 74.500000000000014 5.0000000000000009 4.8500000000000005 4.6500000000000012 4.6500000000000012
decision_type=2 2 2 2 2 2 2 2 2 2
left_child=1 6 7 4 -3 9 -1 -2 -7 -5
right_child=2 3 -4 5 -6 8 -8 -9 -10 -11
leaf_value=-0.0023855123690567741 0 2.2856457381630718e-05 0.0049496947536961386 0.00047983561849428532 -0.0022718707249770242 -0.00080419262991316884 -0.00071771439296476852 0.0014560492309707721 4.5085121463570314e-05 0.0014226397681163581
leaf_weight=17 5.0000000000000062 8.9999999999999982 4.9999999999999991 7.0000000000000027 5.9999999999999991 5.9999999999999982 9.0000000000000018 15.999999999999998 7 7.9999999999999991
leaf_count=17 5 9 5 7 6 6 9 16 7 8
internal_value=6.48277e-06 -0.000719654 0.00197203 0 -0.000830613 0.000415216 -0.00186579 0.00116409 -0.000258438 0.001077
internal_weight=95 69 26 43 15 28 26 21 13 15
internal_count=95 69 26 43 15 28 26 21 13 15
is_linear=0
shrinkage=0.025


Tree=104
num_leaves=12
num_cat=0
split_feature=0 3 2 2 1 0 4 2 2 2 3
split_gain=0.210355 0.063394 0.0445497 0.0427875 0.0841919 0.0209774 0.0187589 0.0232769 0.00941971 0.00590093 0.000259475
threshold=9.0000000000000018 4.2500000000000009 3.2500000000000004 3.5500000000000003 22.000000000000004 5.0000000000000009 74.500000000000014 3.6500000000000008 2.9500000000000006 3.4500000000000006 4.6500000000000012
decision_type=2 2 2 2 2 2 2 2 2 2 2
left_child=1 5 -3 8 -5 -1 10 -8 -2 -10 -4
right_child=3 2 6 4 -6 -7 7 -9 9 -11 -12
leaf_value=-0.0023265680319867854 0 -0.0017332785278729097 0.00046817292135933192 0.00032153344218386346 0.004592525050975382 -0.00064815715932305552 0.00086542227453229818 -0.0012689271382340748 0.0018657061391540116 0.00043358657923009658 0.001338701115714179
leaf_weight=17.000000000000004 8.0000000000000018 7.9999999999999991 7.0000000000000018 5.9999999999999982 7 9.9999999999999982 4.9999999999999982 7 5.9999999999999982 7 7
leaf_count=17 8 8 7 6 7 10 5 7 6 7 7
internal_value=7.05079e-06 -0.000857314 -9.76453e-05 0.00159032 0.00275073 -0.00176023 0.000367306 -0.000277548 0.00079383 0.00120752 0.00100419
internal_weight=95 61 34 34 13 27 26 12 21 13 14
internal_count=95 61 34 34 13 27 26 12 21 13 14
is_linear=0
shrinkage=0.025


Tree=105
num_leaves=11
num_cat=0
split_feature=4 0 3 2 2 4 0 3 4 3
split_gain=0.202487 0.080857 0.0801266 0.0218036 0.0319271 0.0201186 0.0161205 0.00839209 0.00466797 0.000629715
threshold=112.50000000000001 17.000000000000004 4.2500000000000009 3.2500000000000004 2.9500000000000006 74.500000000000014 5.0000000000000009 4.8500000000000005 100.00000000000001 4.6500000000000012
decision_type=2 2 2 2 2 2 2 2 2 2
left_child=2 7 6 4 -4 9 -1 -2 -7 -5
right_child=1 -3 3 5 -6 8 -8 -9 -10 -11
leaf_value=-0.0022690800810503493 0 0.0047686132280012738 3.1717510358683518e-05 0.00045679373757189331 -0.0021749719586824216 -0.00072020020581678402 -0.00068430989201221119 0.001391839897755913 8.9272365890323134e-05 0.0013453698194608459
leaf_weight=17 5.0000000000000062 4.9999999999999991 8.9999999999999982 7.0000000000000027 5.9999999999999991 6.9999999999999982 9.0000000000000018 15.999999999999998 6 7.9999999999999991
leaf_count=17 5 5 9 7 6 7 9 16 6 8
internal_value=7.97005e-06 0.00189262 -0.000687541 0 -0.000785725 0.000387908 -0.00177763 0.00111037 -0.000256209 0.0010244
internal_weight=95 26 69 43 15 28 26 21 13 15
internal_count=95 26 69 43 15 28 26 21 13 15
is_linear=0
shrinkage=0.025


Tree=106
num_leaves=11
num_cat=0
split_feature=4 0 3 2 2 4 0 3 3 3
split_gain=0.192976 0.0768164 0.0764507 0.0207218 0.0304748 0.0191867 0.0151569 0.00789785 0.00460105 0.000501274
threshold=112.50000000000001 17.000000000000004 4.2500000000000009 3.2500000000000004 2.9500000000000006 74.500000000000014 5.0000000000000009 4.8500000000000005 4.6500000000000012 4.6500000000000012
decision_type=2 2 2 2 2 2 2 2 2 2
left_child=2 7 6 4 -4 9 -1 -2 -7 -5
right_child=1 -3 3 5 -6 8 -8 -9 -10 -11
leaf_value=-0.0022130127476398336 0 0.0046539831619996285 3.0941796000621727e-05 0.00044569110808273136 -0.0021223516774273687 -0.00077003916094620399 -0.00066757406583865678 0.0013574734805180564 3.5407574776197871e-05 0.0013125558951642457
leaf_weight=17 5.0000000000000062 4.9999999999999991 8.9999999999999982 7.0000000000000027 5.9999999999999991 5.9999999999999982 9.0000000000000018 15.999999999999998 7 7.9999999999999991
leaf_count=17 5 5 9 7 6 6 9 16 7 8
internal_value=8.47694e-06 0.00184862 -0.000670185 0 -0.000764731 0.000379526 -0.00173494 0.00108411 -0.000247675 0.00100144
internal_weight=95 26 69 43 15 28 26 21 13 15
internal_count=95 26 69 43 15 28 26 21 13 15
is_linear=0
shrinkage=0.025


Tree=107
num_leaves=12
num_cat=0
split_feature=0 3 2 1 2 0 4 2 2 2 2
split_gain=0.183992 0.0545895 0.0395038 0.0792214 0.0384818 0.0175412 0.016527 0.0213942 0.00842109 0.00495063 0.000228052
threshold=9.0000000000000018 4.2500000000000009 3.5500000000000003 22.000000000000004 3.2500000000000004 5.0000000000000009 74.500000000000014 3.6500000000000008 2.9500000000000006 3.4500000000000006 3.8500000000000001
decision_type=2 2 2 2 2 2 2 2 2 2 2
left_child=1 5 8 -4 -3 -1 10 -8 -2 -10 -6
right_child=2 4 3 -5 6 -7 7 -9 9 -11 -12
leaf_value=-0.0021583307000434802 0 -0.0016127759049129786 0.00024723876737088211 0.0043890758689182491 0.0011527205852832156 -0.00060244999077244143 0.00082806002341945175 -0.0012158894494253521 0.0017224075002295358 0.0003844301837186018 0.00028176715310949545
leaf_weight=17.000000000000004 8.0000000000000018 7.9999999999999991 5.9999999999999982 7 9.0000000000000018 9.9999999999999982 4.9999999999999982 7 5.9999999999999982 7 4.9999999999999991
leaf_count=17 8 8 6 7 9 10 5 7 6 7 5
internal_value=8.96214e-06 -0.000798551 0.00149048 0.00260487 -9.0732e-05 -0.0016367 0.000338616 -0.000262171 0.000723598 0.0011134 0.000938044
internal_weight=95 61 34 13 34 27 26 12 21 13 14
internal_count=95 61 34 13 34 27 26 12 21 13 14
is_linear=0
shrinkage=0.025


Tree=108
num_leaves=11
num_cat=0
split_feature=4 0 3 2 2 4 0 3 3 3
split_gain=0.177381 0.0715295 0.0691577 0.0183746 0.028268 0.017672 0.0133454 0.0073744 0.00423231 0.000477946
threshold=112.50000000000001 17.000000000000004 4.2500000000000009 3.2500000000000004 2.9500000000000006 74.500000000000014 5.0000000000000009 4.8500000000000005 4.6500000000000012 4.6500000000000012
decision_type=2 2 2 2 2 2 2 2 2 2
left_child=2 7 6 4 -4 9 -1 -2 -7 -5
right_child=1 -3 3 5 -6 8 -8 -9 -10 -11
leaf_value=-0.0021049998692665955 0 0.0044833444130535308 3.8950166534683062e-05 0.00040986497511362848 -0.0020319856883537382 -0.00074459319378459665 -0.00063651368356026374 0.0012978749741357465 1.7790339835402028e-05 0.0012531816505077411
leaf_weight=17 5.0000000000000062 4.9999999999999991 8.9999999999999982 7.0000000000000027 5.9999999999999991 5.9999999999999982 9.0000000000000018 15.999999999999998 7 7.9999999999999991
leaf_count=17 5 5 9 7 6 6 9 16 7 8
internal_value=9.743e-06 0.00177445 -0.000640364 0 -0.000723024 0.00035421 -0.00165313 0.00103431 -0.000245332 0.000952442
internal_weight=95 26 69 43 15 28 26 21 13 15
internal_count=95 26 69 43 15 28 26 21 13 15
is_linear=0
shrinkage=0.025


Tree=109
num_leaves=11
num_cat=0
split_feature=4 0 3 2 2 4 0 3 4 2
split_gain=0.169055 0.0679469 0.0659995 0.0174592 0.0269847 0.0168563 0.01253 0.00694282 0.00419762 0.000570451
threshold=112.50000000000001 17.000000000000004 4.2500000000000009 3.2500000000000004 2.9500000000000006 74.500000000000014 5.0000000000000009 4.8500000000000005 100.00000000000001 3.8500000000000001
decision_type=2 2 2 2 2 2 2 2 2 2
left_child=2 7 6 4 -4 9 -1 -2 -7 -5
right_child=1 -3 3 5 -6 8 -8 -9 -10 -11
leaf_value=-0.0020529868161078368 0 0.0043755717468089783 3.7997576810480295e-05 0.0011382697364680614 -0.0019828247447167676 -0.00067939503561420794 -0.00062094681653315602 0.0012658287072554232 8.255365650139507e-05 0.00024892380281996265
leaf_weight=17 5.0000000000000062 4.9999999999999991 8.9999999999999982 10.000000000000002 5.9999999999999991 6.9999999999999982 9.0000000000000018 15.999999999999998 6 4.9999999999999991
leaf_count=17 5 5 9 10 6 7 9 16 6 5
internal_value=1.01686e-05 0.00173325 -0.000624177 0 -0.000703548 0.000346629 -0.00161351 0.00100982 -0.000237107 0.000931234
internal_weight=95 26 69 43 15 28 26 21 13 15
internal_count=95 26 69 43 15 28 26 21 13 15
is_linear=0
shrinkage=0.025


Tree=110
num_leaves=11
num_cat=0
split_feature=1 2 3 3 2 0 3 2 1 1
split_gain=0.161829 0.107093 0.0341123 0.0141505 0.0188118 0.014102 0.00968909 0.00869585 0.00800415 0.00185645
threshold=14.000000000000002 3.8500000000000001 4.0500000000000007 4.3500000000000005 3.1500000000000008 15.000000000000002 4.7500000000000009 3.2500000000000004 10.000000000000002 7.0000000000000009
decision_type=2 2 2 2 2 2 2 2 2 2
left_child=2 3 7 -2 -5 -6 8 -1 -4 -9
right_child=1 -3 6 4 5 -7 -8 9 -10 -11
leaf_value=-0.0030063073132903509 -0.00051630652070833508 0.0041783137892883624 -0.0011417663759231323 -9.6943385838328501e-05 0.00068502750692630903 0.0022591263040780056 0.00042280877510515546 -0.0018797175672191843 -0.00015244328745833818 -0.00065429010137449948
leaf_weight=5.0000000000000027 4.9999999999999991 5.9999999999999991 12 8.9999999999999982 20.000000000000004 5.9999999999999991 4.9999999999999991 4.9999999999999982 15 7
leaf_count=5 5 6 12 9 20 6 5 5 15 7
internal_value=1.05747e-05 0.001086 -0.000973909 0.000572574 0.000765689 0.00111046 -0.000436276 -0.00189641 -0.000643261 -0.00128979
internal_weight=95 46 49 40 35 26 32 17 27 12
internal_count=95 46 49 40 35 26 32 17 27 12
is_linear=0
shrinkage=0.025


Tree=111
num_leaves=11
num_cat=0
split_feature=4 0 3 2 2 4 0 3 3 2
split_gain=0.15562 0.0634871 0.0597864 0.0159345 0.0254359 0.0164702 0.0113875 0.00610711 0.00396971 0.000734976
threshold=112.50000000000001 17.000000000000004 4.2500000000000009 3.2500000000000004 2.9500000000000006 74.500000000000014 5.0000000000000009 4.8500000000000005 4.6500000000000012 3.8500000000000001
decision_type=2 2 2 2 2 2 2 2 2 2
left_child=2 7 6 4 -4 9 -1 -2 -7 -5
right_child=1 -3 3 5 -6 8 -8 -9 -10 -11
leaf_value=-0.0019613860096500883 0 0.0042181839808248548 3.9740808152482322e-05 0.0011144566217291295 -0.0019194211900955248 -0.00073105406556879342 -0.00058518433336006545 0.0012020193429859241 0 0.00022025228513834565
leaf_weight=17 5.0000000000000062 4.9999999999999991 8.9999999999999982 10.000000000000002 5.9999999999999991 5.9999999999999982 9.0000000000000018 15.999999999999998 7 4.9999999999999991
leaf_count=17 5 5 9 10 6 6 9 16 7 5
internal_value=9.00241e-06 0.00166273 -0.000599082 0 -0.000676631 0.000326166 -0.00154082 0.00096127 -0.000251127 0.000905445
internal_weight=95 26 69 43 15 28 26 21 13 15
internal_count=95 26 69 43 15 28 26 21 13 15
is_linear=0
shrinkage=0.025


Tree=112
num_leaves=13
num_cat=0
split_feature=0 0 2 1 2 4 3 2 1 3 2 2
split_gain=0.148921 0.0428259 0.0351716 0.0727748 0.024948 0.0205984 0.0220493 0.00686651 0.00590113 0.00480945 0.00379015 0.00257476
threshold=9.0000000000000018 5.0000000000000009 3.5500000000000003 22.000000000000004 3.4500000000000006 93.000000000000014 4.8500000000000005 2.9500000000000006 7.0000000000000009 4.3500000000000005 3.4500000000000006 3.8500000000000001
decision_type=2 2 2 2 2 2 2 2 2 2 2 2
left_child=1 8 7 -4 9 11 -7 -2 -1 -3 -9 -6
right_child=2 4 3 -5 5 6 -8 10 -10 -11 -12 -13
leaf_value=-0.0023444501773976696 0 -0.00035376583752023608 0.00013357774568571439 0.0040992443579145601 0.0013922016184854627 -0.0012373872743010887 0.00076628188275767919 0.0015077892901195636 -0.0010720538307037767 -0.0015632539800006066 0.00030449196670411356 0.00021495779689687943
leaf_weight=8 8.0000000000000018 7.9999999999999982 5.9999999999999982 7 7.0000000000000018 7.9999999999999982 5 5.9999999999999982 13 7 7 5
leaf_count=8 8 8 6 7 7 8 5 6 13 7 7 5
internal_value=9.419e-06 -0.000715722 0.00134353 0.00239339 -0.000197179 0.000247211 -0.000372114 0.000618214 -0.00163328 -0.00101357 0.000968988 0.00101571
internal_weight=95 61 34 13 40 25 13 21 21 15 13 12
internal_count=95 61 34 13 40 25 13 21 21 15 13 12
is_linear=0
shrinkage=0.025


Tree=113
num_leaves=11
num_cat=0
split_feature=4 0 3 2 2 4 0 3 3 2
split_gain=0.143163 0.0590556 0.0549098 0.0143678 0.0234191 0.0154804 0.00987183 0.00570966 0.00364865 0.000568291
threshold=112.50000000000001 17.000000000000004 4.2500000000000009 3.2500000000000004 2.9500000000000006 74.500000000000014 5.0000000000000009 4.8500000000000005 4.6500000000000012 3.8500000000000001
decision_type=2 2 2 2 2 2 2 2 2 2
left_child=2 7 6 4 -4 9 -1 -2 -7 -5
right_child=1 -3 3 5 -6 8 -8 -9 -10 -11
leaf_value=-0.0018716365255978563 0 0.0040628716492882144 4.0691556426716721e-05 0.0010717472892400679 -0.0018351629496582093 -0.00070561584941441992 -0.00056690756312530958 0.0011495527061834976 0 0.00020979056851221962
leaf_weight=17 5.0000000000000062 4.9999999999999991 8.9999999999999982 10.000000000000002 5.9999999999999991 5.9999999999999982 9.0000000000000018 15.999999999999998 7 4.9999999999999991
leaf_count=17 5 5 9 10 6 6 9 16 7 5
internal_value=9.69167e-06 0.00159634 -0.000572998 0 -0.000641687 0.000310634 -0.00147548 0.00091732 -0.000247186 0.000873206
internal_weight=95 26 69 43 15 28 26 21 13 15
internal_count=95 26 69 43 15 28 26 21 13 15
is_linear=0
shrinkage=0.025


Tree=114
num_leaves=11
num_cat=0
split_feature=4 0 3 2 2 4 0 3 4 3
split_gain=0.136464 0.0560844 0.0524157 0.0136437 0.0223599 0.0147704 0.00924398 0.00537288 0.0035203 0.000716887
threshold=112.50000000000001 17.000000000000004 4.2500000000000009 3.2500000000000004 2.9500000000000006 74.500000000000014 5.0000000000000009 4.8500000000000005 100.00000000000001 4.6500000000000012
decision_type=2 2 2 2 2 2 2 2 2 2
left_child=2 7 6 4 -4 9 -1 -2 -7 -5
right_child=1 -3 3 5 -6 8 -8 -9 -10 -11
leaf_value=-0.0018253896740091922 0 0.0039652063582952205 3.9696346515404946e-05 0.00032331554167386545 -0.0017907638433239154 -0.00063995972612044887 -0.00055304296142624115 0.0011211686921420933 3.2369660649208274e-05 0.0011464269547836812
leaf_weight=17 5.0000000000000062 4.9999999999999991 8.9999999999999982 7.0000000000000027 5.9999999999999991 6.9999999999999982 9.0000000000000018 15.999999999999998 6 7.9999999999999991
leaf_count=17 5 5 9 7 6 7 9 16 6 8
internal_value=1.00396e-05 0.00155941 -0.000558536 0 -0.00062418 0.000303956 -0.00144026 0.00089563 -0.000239168 0.000853853
internal_weight=95 26 69 43 15 28 26 21 13 15
internal_count=95 26 69 43 15 28 26 21 13 15
is_linear=0
shrinkage=0.025


Tree=115
num_leaves=11
num_cat=0
split_feature=1 2 3 3 2 0 2 3 1 1
split_gain=0.130493 0.0997508 0.0267531 0.0114267 0.0152835 0.0108005 0.00894127 0.00776052 0.00638288 0.00174804
threshold=14.000000000000002 3.8500000000000001 4.0500000000000007 4.3500000000000005 3.1500000000000008 15.000000000000002 3.2500000000000004 4.7500000000000009 10.000000000000002 7.0000000000000009
decision_type=2 2 2 2 2 2 2 2 2 2
left_child=2 3 6 -2 -5 -6 -1 8 -4 -8
right_child=1 -3 7 4 5 -7 9 -9 -10 -11
leaf_value=-0.0027763578145263267 -0.00048830838059075175 0.0039585391615307138 -0.0010242472135568741 -0.00011081858133168325 0.00058706893503785796 0.0019861170601460239 -0.0016421556616058718 0.00036359031129485139 -0.00012846306428974984 -0.00050417280419626166
leaf_weight=5.0000000000000027 4.9999999999999991 5.9999999999999991 12 8.9999999999999982 20.000000000000004 5.9999999999999991 4.9999999999999982 4.9999999999999991 15 7
leaf_count=5 5 6 12 9 20 6 5 5 15 7
internal_value=1.04289e-05 0.000977423 -0.000872238 0.000481691 0.000657761 0.000970333 -0.00169223 -0.000389993 -0.000577149 -0.00109994
internal_weight=95 46 49 40 35 26 17 32 27 12
internal_count=95 46 49 40 35 26 17 32 27 12
is_linear=0
shrinkage=0.025


Tree=116
num_leaves=12
num_cat=0
split_feature=0 3 2 1 1 2 2 3 3 3 4
split_gain=0.126026 0.0356184 0.0317202 0.0670713 0.0212697 0.013818 0.00728086 0.00655868 0.00987607 0.00617168 0.0125569
threshold=9.0000000000000018 4.7500000000000009 3.5500000000000003 22.000000000000004 10.000000000000002 3.1500000000000008 3.5500000000000003 4.3500000000000005 4.5500000000000007 5.2500000000000009 132.50000000000003
decision_type=2 2 2 2 2 2 2 2 2 2 2
left_child=1 4 9 -4 5 -1 -7 -6 -9 10 -2
right_child=2 -3 3 -5 7 6 -8 8 -10 -11 -12
leaf_value=-0.0025298047065411473 0.0013999214350326873 0.00055344687966031158 6.1205934194262103e-05 0.003868367460866769 -0.00078307096383858649 -0.00032923728474141916 -0.0015388350984405566 0.00058300636237396347 -0.00080686899891588824 0 0
leaf_weight=7.0000000000000027 9.0000000000000018 10.999999999999998 5.9999999999999982 7 11.000000000000002 10.000000000000002 8.9999999999999982 7.9999999999999982 5 6.9999999999999991 4.9999999999999991
leaf_count=7 9 11 6 7 11 10 9 8 5 7 5
internal_value=8.86673e-06 -0.00065714 0.00123717 0.00223346 -0.000949513 -0.00145916 -0.00097737 -0.000338242 0 0.000546195 0.000846779
internal_weight=95 61 34 13 50 26 19 24 13 21 14
internal_count=95 61 34 13 50 26 19 24 13 21 14
is_linear=0
shrinkage=0.025


Tree=117
num_leaves=11
num_cat=0
split_feature=4 0 3 2 2 4 0 3 3 2
split_gain=0.122748 0.0515305 0.0451416 0.0121249 0.0200944 0.0146207 0.00858387 0.00445361 0.00342692 0.000906821
threshold=112.50000000000001 17.000000000000004 4.2500000000000009 3.2500000000000004 2.9500000000000006 74.500000000000014 5.0000000000000009 4.8500000000000005 4.6500000000000012 3.8500000000000001
decision_type=2 2 2 2 2 2 2 2 2 2
left_child=2 7 6 4 -4 9 -1 -2 -7 -5
right_child=1 -3 3 5 -6 8 -8 -9 -10 -11
leaf_value=-0.0017189984044688215 0 0.0037855484666159522 2.2962681933954029e-05 0.001027147397033724 -0.0017042924800226766 -0.00070567685479839019 -0.00049264788461226509 0.0010457311014401911 0 0.00015294793097732159
leaf_weight=17 5.0000000000000062 4.9999999999999991 8.9999999999999982 10.000000000000002 5.9999999999999991 5.9999999999999982 9.0000000000000018 15.999999999999998 7 4.9999999999999991
leaf_count=17 5 5 9 10 6 6 9 16 7 5
internal_value=8.00054e-06 0.00147813 -0.000530568 -2.68961e-06 -0.000599037 0.000274438 -0.0013492 0.000839251 -0.000267657 0.000823831
internal_weight=95 26 69 43 15 28 26 21 13 15
internal_count=95 26 69 43 15 28 26 21 13 15
is_linear=0
shrinkage=0.025


Tree=118
num_leaves=11
num_cat=0
split_feature=4 0 3 2 2 4 0 3 3 2
split_gain=0.117033 0.0489253 0.0430971 0.0115041 0.0191902 0.0139597 0.00803172 0.00418131 0.00328009 0.000783239
threshold=112.50000000000001 17.000000000000004 4.2500000000000009 3.2500000000000004 2.9500000000000006 74.500000000000014 5.0000000000000009 4.8500000000000005 4.6500000000000012 3.8500000000000001
decision_type=2 2 2 2 2 2 2 2 2 2
left_child=2 7 6 4 -4 9 -1 -2 -7 -5
right_child=1 -3 3 5 -6 8 -8 -9 -10 -11
leaf_value=-0.0016765231629400407 0 0.0036945496900723527 2.2401094421460896e-05 0.0010019722047681901 -0.001663059494908779 -0.00068860405027085269 -0.00048059943752061518 0.0010199106038069456 0 0.0001492713291484576
leaf_weight=17 5.0000000000000062 4.9999999999999991 8.9999999999999982 10.000000000000002 5.9999999999999991 5.9999999999999982 9.0000000000000018 15.999999999999998 7 4.9999999999999991
leaf_count=17 5 5 9 10 6 6 9 16 7 5
internal_value=8.31943e-06 0.0014441 -0.000517247 -8.27944e-07 -0.000582558 0.000268408 -0.00131709 0.00081952 -0.000259638 0.000805679
internal_weight=95 26 69 43 15 28 26 21 13 15
internal_count=95 26 69 43 15 28 26 21 13 15
is_linear=0
shrinkage=0.025


Tree=119
num_leaves=12
num_cat=0
split_feature=4 0 3 2 0 2 2 4 4 3 2
split_gain=0.11159 0.0464469 0.0413027 0.0151588 0.0176869 0.0149141 0.0190167 0.0126596 0.0055057 0.00392358 0.00281171
threshold=112.50000000000001 17.000000000000004 4.3500000000000005 3.2500000000000004 9.0000000000000018 3.0500000000000003 3.2500000000000004 74.500000000000014 100.00000000000001 4.8500000000000005 3.8500000000000001
decision_type=2 2 2 2 2 2 2 2 2 2 2
left_child=2 9 5 4 -4 -1 -7 10 -9 -2 -5
right_child=1 -3 3 7 -6 6 -8 8 -10 -11 -12
leaf_value=0 0 0.003605738482796229 -0.0016228241966136044 0.0012901884401444251 6.1969506593110644e-05 -0.002919753425969525 -0.00097795210472299311 -0.00061199498563332293 0.00040144740420286175 0.00099472762315453572 0.00014568314923403354
leaf_weight=5.0000000000000027 5.0000000000000062 4.9999999999999991 5.9999999999999982 8.0000000000000018 7 5.0000000000000027 21 6.9999999999999982 5 15.999999999999998 4.9999999999999991
leaf_count=5 5 5 6 8 7 5 21 7 5 16 5
internal_value=8.62859e-06 0.0014109 -0.000504252 1.70924e-05 -0.000633737 -0.0011794 -0.00141852 0.000407471 -8.76096e-05 0.000800277 0.000953568
internal_weight=95 26 69 38 13 31 26 25 12 21 13
internal_count=95 26 69 38 13 31 26 25 12 21 13
is_linear=0
shrinkage=0.025


Tree=120
num_leaves=13
num_cat=0
split_feature=4 0 3 1 2 2 3 2 0 3 3 2
split_gain=0.106381 0.0440893 0.0394861 0.0224575 0.0153159 0.00776489 0.00749298 0.00695479 0.00813348 0.00381005 0.00367968 0.00129196
threshold=112.50000000000001 17.000000000000004 4.6500000000000012 10.000000000000002 3.1500000000000008 3.4500000000000006 4.3500000000000005 3.4500000000000006 7.0000000000000009 4.9500000000000011 4.8500000000000005 3.7500000000000004
decision_type=2 2 2 2 2 2 2 2 2 2 2 2
left_child=2 10 3 4 -1 -6 -5 9 -9 -4 -2 -8
right_child=1 -3 7 6 5 -7 11 8 -10 -11 -12 -13
leaf_value=-0.0028614972117513649 0 0.0035190621176018166 0.00015482928663972876 -0.00078181841669777642 0 -0.0013460452615452762 0.00037389432921284632 0 0.0011587911542425525 -0.00067745896342855235 0.00097016643964179601 -3.8739742908196938e-05
leaf_weight=5.0000000000000027 5.0000000000000062 4.9999999999999991 6.0000000000000018 10.000000000000002 5.0000000000000027 12.999999999999998 5.9999999999999982 5.9999999999999991 7.9999999999999991 5 15.999999999999998 5
leaf_count=5 5 5 6 10 5 13 6 6 8 5 16 5
internal_value=9.08062e-06 0.00137852 -0.000491367 -0.000947155 -0.00149812 -0.00102344 -0.000276314 0.000262366 0.000646089 -0.000117218 0.000781508 7.73838e-05
internal_weight=95 26 69 44 23 18 21 25 14 11 21 11
internal_count=95 26 69 44 23 18 21 25 14 11 21 11
is_linear=0
shrinkage=0.025


Tree=121
num_leaves=13
num_cat=0
split_feature=4 0 3 1 2 2 3 2 0 3 3 2
split_gain=0.101576 0.0418466 0.0377253 0.0213784 0.0144324 0.00731965 0.00712361 0.00660031 0.00775767 0.00363982 0.00344891 0.00123739
threshold=112.50000000000001 17.000000000000004 4.6500000000000012 10.000000000000002 3.1500000000000008 3.4500000000000006 4.3500000000000005 3.4500000000000006 7.0000000000000009 4.9500000000000011 4.8500000000000005 3.7500000000000004
decision_type=2 2 2 2 2 2 2 2 2 2 2 2
left_child=2 10 3 4 -1 -6 -5 9 -9 -4 -2 -8
right_child=1 -3 7 6 5 -7 11 8 -10 -11 -12 -13
leaf_value=-0.0027927112702925026 0 0.0034344692463771651 0.00015108334013230851 -0.00076265621476112762 0 -0.0013129039342994944 0.00036484855828025652 0 0.0011305279760385821 -0.00066117389270892505 0.0009462117174364351 -3.780850764507283e-05
leaf_weight=5.0000000000000027 5.0000000000000062 4.9999999999999991 6.0000000000000018 10.000000000000002 5.0000000000000027 12.999999999999998 5.9999999999999982 5.9999999999999991 7.9999999999999991 5 15.999999999999998 5
leaf_count=5 5 5 6 10 5 13 6 6 8 5 16 5
internal_value=8.46209e-06 0.00134691 -0.000480254 -0.000925902 -0.00146385 -0.000999403 -0.000269511 0.000255608 0.000629768 -0.000111731 0.000763203 7.28086e-05
internal_weight=95 26 69 44 23 18 21 25 14 11 21 11
internal_count=95 26 69 44 23 18 21 25 14 11 21 11
is_linear=0
shrinkage=0.025


Tree=122
num_leaves=14
num_cat=0
split_feature=4 0 3 3 2 1 2 0 4 2 3 3 1
split_gain=0.0969959 0.0397134 0.0365755 0.0119779 0.00807362 0.00683165 0.0062636 0.00739957 0.00414265 0.00720957 0.00347717 0.0032306 0.0020517
threshold=112.50000000000001 17.000000000000004 4.0500000000000007 4.6500000000000012 3.2500000000000004 10.000000000000002 3.4500000000000006 7.0000000000000009 93.000000000000014 3.4500000000000006 4.9500000000000011 4.8500000000000005 7.0000000000000009
decision_type=2 2 2 2 2 2 2 2 2 2 2 2 2
left_child=2 11 4 5 -1 -4 10 -8 9 -7 -5 -2 -6
right_child=1 -3 3 6 12 8 7 -9 -10 -11 -12 -13 -14
leaf_value=-0.0024904435213941776 0 0.0033519098821740883 -0.0010717179363026565 0.0001474281036925892 -0.0014326857044719735 -0.00053329619404394145 0 0.0011029540980128265 -0.00067616145674800204 0.00065237907390509366 -0.00064528031776157706 0.00092284846734715467 -0.00034446341968658896
leaf_weight=5.0000000000000027 5.0000000000000062 4.9999999999999991 9.0000000000000018 6.0000000000000018 4.9999999999999982 5.0000000000000018 5.9999999999999991 7.9999999999999991 5.9999999999999991 7 5 15.999999999999998 7
leaf_count=5 5 5 9 6 5 5 6 8 6 7 5 16 7
internal_value=7.85841e-06 0.00131608 -0.000469411 -0.000112123 -0.00147561 -0.000491839 0.000249015 0.000613845 -0.000124627 5.5245e-05 -0.000106375 0.00074535 -0.000916402
internal_weight=95 26 69 52 17 27 25 14 18 12 11 21 12
internal_count=95 26 69 52 17 27 25 14 18 12 11 21 12
is_linear=0
shrinkage=0.025


Tree=123
num_leaves=11
num_cat=0
split_feature=0 2 1 3 2 3 3 4 3 3
split_gain=0.0931238 0.0278965 0.0615275 0.027116 0.016243 0.0162271 0.00761221 0.0128564 0.00302927 0.0025147
threshold=9.0000000000000018 3.5500000000000003 22.000000000000004 4.7500000000000009 3.7500000000000004 4.0500000000000007 5.2500000000000009 132.50000000000003 4.5500000000000007 4.3500000000000005
decision_type=2 2 2 2 2 2 2 2 2 2
left_child=3 6 -3 4 5 -1 7 -2 9 -7
right_child=1 2 -4 -5 -6 8 -8 -9 -10 -11
leaf_value=-0.0016591985004028133 0.0013340396216928794 0 0.003554408764466643 0.00048406785478748919 1.2339659809620802e-05 -0.00046096528921308065 -0.00011215594648900959 -2.6884886364524169e-05 -0.0010911927573503024 1.8077207585939981e-05
leaf_weight=17 9.0000000000000018 5.9999999999999982 7 10.999999999999998 8.9999999999999982 13.000000000000005 6.9999999999999991 4.9999999999999991 5.9999999999999991 4.9999999999999991
leaf_count=17 9 6 7 11 9 13 7 5 6 5
internal_value=6.76129e-06 0.00106441 0.00199448 -0.000563877 -0.000820335 -0.00103263 0.000416313 0.000766434 -0.000527113 -0.00026048
internal_weight=95 34 13 61 50 41 21 14 24 18
internal_count=95 34 13 61 50 41 21 14 24 18
is_linear=0
shrinkage=0.025


Tree=124
num_leaves=14
num_cat=0
split_feature=4 0 3 3 2 1 2 0 4 2 3 3 1
split_gain=0.0905922 0.0369794 0.0325911 0.010854 0.00764249 0.00637989 0.0058521 0.00663338 0.00411744 0.00684871 0.00346213 0.00278255 0.00198219
threshold=112.50000000000001 17.000000000000004 4.0500000000000007 4.6500000000000012 3.2500000000000004 10.000000000000002 3.4500000000000006 7.0000000000000009 93.000000000000014 3.4500000000000006 4.9500000000000011 4.8500000000000005 7.0000000000000009
decision_type=2 2 2 2 2 2 2 2 2 2 2 2 2
left_child=2 11 4 5 -1 -4 10 -8 9 -7 -5 -2 -6
right_child=1 -3 3 6 12 8 7 -9 -10 -11 -12 -13 -14
leaf_value=-0.0023906924618551351 0 0.0032383657382944451 -0.0010381078458917528 0.00013457182269062718 -0.0013583616138650825 -0.00050866883606291702 0 0.0010443714618393245 -0.00067056679549897403 0.00064328151080796179 -0.00065079779507449035 0.00088417258682764238 -0.00030156727104137335
leaf_weight=5.0000000000000027 5.0000000000000062 4.9999999999999991 9.0000000000000018 6.0000000000000018 4.9999999999999982 5.0000000000000018 5.9999999999999991 7.9999999999999991 5.9999999999999991 7 5 15.999999999999998 7
leaf_count=5 5 5 9 6 5 5 6 8 6 7 5 16 7
internal_value=6.56494e-06 0.00127132 -0.000454242 -0.000115272 -0.00140502 -0.000476895 0.000226363 0.000581279 -0.000119284 6.03729e-05 -0.000116054 0.000717879 -0.000859407
internal_weight=95 26 69 52 17 27 25 14 18 12 11 21 12
internal_count=95 26 69 52 17 27 25 14 18 12 11 21 12
is_linear=0
shrinkage=0.025


Tree=125
num_leaves=13
num_cat=0
split_feature=4 0 3 1 2 2 3 2 4 3 3 2
split_gain=0.086596 0.0350825 0.0311886 0.0179455 0.0136577 0.00762302 0.00609827 0.00555192 0.00681946 0.00330834 0.00259726 0.00115832
threshold=112.50000000000001 17.000000000000004 4.6500000000000012 10.000000000000002 3.1500000000000008 3.4500000000000006 4.3500000000000005 3.4500000000000006 93.000000000000014 4.9500000000000011 4.8500000000000005 3.7500000000000004
decision_type=2 2 2 2 2 2 2 2 2 2 2 2
left_child=2 10 3 4 -1 -6 -5 9 -9 -4 -2 -8
right_child=1 -3 7 6 5 -7 11 8 -10 -11 -12 -13
leaf_value=-0.0026279153123211383 0 0.0031605206573238741 0.00013131604289575924 -0.0007008127050414936 0 -0.0012095119169151243 0.00035203514440405761 0.0011068207573973472 0 -0.00063515356383644613 0.00086234114247799661 -3.4555939670938693e-05
leaf_weight=5.0000000000000027 5.0000000000000062 4.9999999999999991 6.0000000000000018 10.000000000000002 5.0000000000000027 12.999999999999998 5.9999999999999982 6.9999999999999982 7 5 15.999999999999998 5
leaf_count=5 5 5 6 10 5 13 6 7 7 5 16 5
internal_value=5.51872e-06 0.00124237 -0.000444721 -0.000850257 -0.00134422 -0.000894001 -0.000242706 0.000220502 0.00056657 -0.000110593 0.000701197 6.72256e-05
internal_weight=95 26 69 44 23 18 21 25 14 11 21 11
internal_count=95 26 69 44 23 18 21 25 14 11 21 11
is_linear=0
shrinkage=0.025


Tree=126
num_leaves=14
num_cat=0
split_feature=4 0 3 3 2 1 2 0 4 2 3 3 1
split_gain=0.0826832 0.0332785 0.0303368 0.00972284 0.00706189 0.00545907 0.00527776 0.00649455 0.00386804 0.00646633 0.00316135 0.00242216 0.00184087
threshold=112.50000000000001 17.000000000000004 4.0500000000000007 4.6500000000000012 3.2500000000000004 10.000000000000002 3.4500000000000006 7.0000000000000009 93.000000000000014 3.4500000000000006 4.9500000000000011 4.8500000000000005 7.0000000000000009
decision_type=2 2 2 2 2 2 2 2 2 2 2 2 2
left_child=2 11 4 5 -1 -4 10 -8 9 -7 -5 -2 -6
right_child=1 -3 3 6 12 8 7 -9 -10 -11 -12 -13 -14
leaf_value=-0.0023045862809969813 0 0.003084546513855457 -0.00097157586183722877 0.00012813903684277201 -0.0013024489466960617 -0.00048971829326966603 0 0.0010121500890463502 -0.00064813432907084791 0.00062774357609466985 -0.00061988549736829903 0.00084104877796001081 -0.00027677166443835528
leaf_weight=5.0000000000000027 5.0000000000000062 4.9999999999999991 9.0000000000000018 6.0000000000000018 4.9999999999999982 5.0000000000000018 5.9999999999999991 7.9999999999999991 5.9999999999999991 7 5 15.999999999999998 7
leaf_count=5 5 5 9 6 5 5 6 8 6 7 5 16 7
internal_value=5.24875e-06 0.00121413 -0.000434399 -0.000106534 -0.00135171 -0.000449769 0.000215185 0.000552929 -0.000112374 5.92802e-05 -0.000105263 0.000684926 -0.000820942
internal_weight=95 26 69 52 17 27 25 14 18 12 11 21 12
internal_count=95 26 69 52 17 27 25 14 18 12 11 21 12
is_linear=0
shrinkage=0.025


Tree=127
num_leaves=14
num_cat=0
split_feature=4 0 3 3 2 1 2 4 4 2 3 3 1
split_gain=0.0790553 0.0315628 0.0290149 0.00928601 0.00655047 0.00515081 0.00500302 0.00666795 0.00367719 0.00616248 0.00302085 0.00225672 0.00167718
threshold=112.50000000000001 17.000000000000004 4.0500000000000007 4.6500000000000012 3.2500000000000004 10.000000000000002 3.4500000000000006 93.000000000000014 93.000000000000014 3.4500000000000006 4.9500000000000011 4.8500000000000005 7.0000000000000009
decision_type=2 2 2 2 2 2 2 2 2 2 2 2 2
left_child=2 11 4 5 -1 -4 10 -8 9 -7 -5 -2 -6
right_child=1 -3 3 6 12 8 7 -9 -10 -11 -12 -13 -14
leaf_value=-0.0022491873971795507 0 0.0030103987297759606 -0.00094781445197599065 0.00012503891372151905 -0.0012711400309434306 -0.00047794620578105613 0.0010728900243217748 0 -0.00063245367716937781 0.00061248590419482856 -0.0006049843540845009 0.00082028213066313383 -0.00027004456949523747
leaf_weight=5.0000000000000027 5.0000000000000062 4.9999999999999991 9.0000000000000018 6.0000000000000018 4.9999999999999982 5.0000000000000018 6.9999999999999982 7 5.9999999999999991 7 5 15.999999999999998 7
leaf_count=5 5 5 9 6 5 5 7 7 6 7 5 16 7
internal_value=4.20198e-06 0.00118657 -0.000425406 -0.000104177 -0.00132268 -0.000439946 0.000209464 0.000538674 -0.000109705 5.52933e-05 -0.00010006 0.000669057 -0.000803627
internal_weight=95 26 69 52 17 27 25 14 18 12 11 21 12
internal_count=95 26 69 52 17 27 25 14 18 12 11 21 12
is_linear=0
shrinkage=0.025


Tree=128
num_leaves=13
num_cat=0
split_feature=0 2 0 3 3 4 4 2 2 2 1 0
split_gain=0.0761197 0.0751485 0.0257998 0.00691701 0.0178992 0.00403307 0.00781535 0.023875 0.0175665 0.0033682 0.00303247 0.00268222
threshold=11.000000000000002 3.6500000000000008 5.0000000000000009 5.2500000000000009 4.8500000000000005 112.50000000000001 93.000000000000014 3.4500000000000006 2.9500000000000006 3.8500000000000001 7.0000000000000009 7.0000000000000009
decision_type=2 2 2 2 2 2 2 2 2 2 2 2
left_child=2 3 10 4 -2 6 7 8 -4 -9 -1 -8
right_child=1 -3 5 -5 -6 -7 11 9 -10 -11 -12 -13
leaf_value=-0.0016997875242562189 -0.00033537610433995678 0.0033426337138128775 0.00029913454632004389 -0.00023480570170148794 0.0013988430239828078 0.00038232214595531916 -0.0012433322018925821 0.0012393244252760069 -0.0012671063323139999 5.5309406553323432e-05 -0.00070981214768394384 -0.00012790959726478301
leaf_weight=8 5.0000000000000062 6.9999999999999991 6.0000000000000062 6.9999999999999991 7.9999999999999991 7.9999999999999991 4.9999999999999982 6.9999999999999982 9.9999999999999982 5 13 6
leaf_count=8 5 7 6 7 8 8 5 7 10 5 13 6
internal_value=3.28477e-06 0.0011343 -0.000429475 0.000274057 0.000642163 -7.37803e-05 -0.000200701 0 -0.000606164 0.000857438 -0.00115839 -0.000759676
internal_weight=95 27 68 20 13 47 39 28 16 12 21 11
internal_count=95 27 68 20 13 47 39 28 16 12 21 11
is_linear=0
shrinkage=0.025


Tree=129
num_leaves=13
num_cat=0
split_feature=4 0 3 1 2 2 3 2 0 3 3 2
split_gain=0.0732556 0.0296381 0.0263786 0.0147526 0.0129264 0.00754378 0.00532317 0.00470238 0.0061532 0.00279571 0.00193109 0.000969047
threshold=112.50000000000001 17.000000000000004 4.6500000000000012 10.000000000000002 3.1500000000000008 3.4500000000000006 4.3500000000000005 3.2500000000000004 7.0000000000000009 4.9500000000000011 4.8500000000000005 3.7500000000000004
decision_type=2 2 2 2 2 2 2 2 2 2 2 2
left_child=2 10 3 4 -1 -6 -5 9 -9 -4 -2 -8
right_child=1 -3 7 6 5 -7 11 8 -10 -11 -12 -13
leaf_value=-0.0024737148142706298 0 0.002909762654095315 0.00010462383350106665 -0.00065429747348888674 0 -0.0011103409409494789 0.00032154768404941411 0 0.00096295333890494242 -0.00059810931292863991 0.00077898605169015537 -1.8827455082478416e-05
leaf_weight=5.0000000000000027 5.0000000000000062 4.9999999999999991 5.0000000000000018 10.000000000000002 5.0000000000000027 12.999999999999998 5.9999999999999982 6.9999999999999991 7.9999999999999991 5 15.999999999999998 5
leaf_count=5 5 5 5 10 5 13 6 7 8 5 16 5
internal_value=2.60386e-06 0.00114129 -0.000410462 -0.000783838 -0.00123351 -0.000796933 -0.000225384 0.000198083 0.000497225 -0.000129032 0.000637786 5.76511e-05
internal_weight=95 26 69 44 23 18 21 25 15 10 21 11
internal_count=95 26 69 44 23 18 21 25 15 10 21 11
is_linear=0
shrinkage=0.025


Tree=130
num_leaves=13
num_cat=0
split_feature=4 0 3 3 2 2 0 4 2 3 3 1
split_gain=0.0699645 0.028102 0.0254305 0.00813855 0.00611353 0.00445687 0.00586951 0.00419215 0.00422673 0.00267488 0.00179256 0.00150317
threshold=112.50000000000001 17.000000000000004 4.0500000000000007 4.6500000000000012 3.2500000000000004 3.2500000000000004 7.0000000000000009 74.500000000000014 3.4500000000000006 4.9500000000000011 4.8500000000000005 7.0000000000000009
decision_type=2 2 2 2 2 2 2 2 2 2 2 2
left_child=2 10 4 7 -1 9 -7 8 -4 -5 -2 -6
right_child=1 -3 3 5 11 6 -8 -9 -10 -11 -12 -13
leaf_value=-0.0021341685510168841 0 0.0028398166124064188 -0.0005884636670532746 0.00010210881032085469 -0.0011783707743653886 0 0.00093946665775303446 -0.00092155607814741597 0.00010081151345470321 -0.00058373171621217159 0.00075975180370733151 -0.00022633125966725249
leaf_weight=5.0000000000000027 5.0000000000000062 4.9999999999999991 8.0000000000000053 5.0000000000000018 4.9999999999999982 6.9999999999999991 7.9999999999999991 7.9999999999999991 10.999999999999998 5 15.999999999999998 7
leaf_count=5 5 5 8 5 5 7 8 8 11 5 16 7
internal_value=2.41007e-06 0.00111552 -0.000400969 -9.85112e-05 -0.00124156 0.000192889 0.000484555 -0.000413716 -0.000127412 -0.000122984 0.000623088 -0.000738288
internal_weight=95 26 69 52 17 25 15 27 19 10 21 12
internal_count=95 26 69 52 17 25 15 27 19 10 21 12
is_linear=0
shrinkage=0.025


Tree=131
num_leaves=13
num_cat=0
split_feature=3 0 2 3 1 2 2 4 2 4 2 2
split_gain=0.0670251 0.0445714 0.050788 0.0183934 0.0101985 0.0145717 0.00562208 0.0046667 0.00504156 0.00318953 0.0125046 0.0118601
threshold=4.4500000000000011 11.000000000000002 3.6500000000000008 5.2500000000000009 10.000000000000002 3.1500000000000008 3.4500000000000006 93.000000000000014 3.4500000000000006 74.500000000000014 3.4500000000000006 3.6500000000000008
decision_type=2 2 2 2 2 2 2 2 2 2 2 2
left_child=4 9 3 -3 5 -1 -7 8 -6 10 -2 -11
right_child=1 2 -4 -5 7 6 -8 -9 -10 11 -12 -13
leaf_value=-0.0023852421337953542 -0.00037466381653779882 0.0012603004261002157 0.0032008298336424763 -0.00028629401575825693 -0.00043950152787426911 0 -0.00093795886782349147 -0.0006606952274602879 0.00058855840226545216 0.00049395807212791764 0.0010007847669637868 -0.00090865153925614854
leaf_weight=5.0000000000000027 8.0000000000000018 10.000000000000005 6.9999999999999991 6.9999999999999991 5.0000000000000018 5.0000000000000027 11.999999999999998 8.9999999999999982 6 4.9999999999999991 6.9999999999999991 8.9999999999999982
leaf_count=5 8 10 7 7 5 5 12 9 6 5 7 9
internal_value=1.79441e-06 0.000604927 0.00139834 0.000554869 -0.000728941 -0.00111696 -0.000647866 -0.000233403 1.01477e-05 -1.39591e-05 0.000189698 -0.00031979
internal_weight=95 53 24 17 42 22 17 20 11 29 15 14
internal_count=95 53 24 17 42 22 17 20 11 29 15 14
is_linear=0
shrinkage=0.025


Tree=132
num_leaves=14
num_cat=0
split_feature=4 2 3 1 3 3 2 4 2 4 2 3 1
split_gain=0.0656374 0.0269628 0.0234076 0.0113908 0.00801926 0.007134 0.00560048 0.00407084 0.00400133 0.00559361 0.00369483 0.00258877 0.00139214
threshold=112.50000000000001 3.5500000000000003 4.0500000000000007 22.000000000000004 5.2500000000000009 4.6500000000000012 3.2500000000000004 74.500000000000014 3.2500000000000004 93.000000000000014 3.4500000000000006 4.9500000000000011 7.0000000000000009
decision_type=2 2 2 2 2 2 2 2 2 2 2 2 2
left_child=2 3 6 -2 -3 7 -1 10 11 -10 -4 -7 -8
right_child=1 4 5 -5 -6 8 12 -9 9 -11 -12 -13 -14
leaf_value=-0.0020578183271516941 0.0010259316642144006 0.00092724792999573653 -0.00054599028648581413 -0.00020485585385070346 0.0029763847070101357 9.2939797412747323e-05 -0.0011320068142735044 -0.00089162430387393517 0.00089620481040783052 0 9.6594519397642995e-05 -0.00057683897992739301 -0.00020723963518523504
leaf_weight=5.0000000000000027 8.0000000000000053 4.9999999999999982 8.0000000000000053 7.9999999999999991 5 5.0000000000000018 4.9999999999999982 7.9999999999999991 7.9999999999999982 7 10.999999999999998 5 7
leaf_count=5 8 5 8 8 5 5 5 8 8 7 11 5 7
internal_value=8.7249e-07 0.00107945 -0.000389431 0.000338446 0.00211264 -9.80735e-05 -0.00119647 -0.000393624 0.000172109 0.000450883 -0.000111732 -0.000124145 -0.000707259
internal_weight=95 26 69 16 10 52 17 27 25 15 19 10 12
internal_count=95 26 69 16 10 52 17 27 25 15 19 10 12
is_linear=0
shrinkage=0.025


Tree=133
num_leaves=12
num_cat=0
split_feature=4 0 3 3 2 4 2 0 2 3 3
split_gain=0.0626992 0.0266237 0.0224273 0.00678881 0.00517667 0.00386397 0.00378715 0.00553898 0.00352724 0.00247731 0.00136967
threshold=112.50000000000001 17.000000000000004 4.0500000000000007 4.6500000000000012 3.2500000000000004 74.500000000000014 3.2500000000000004 7.0000000000000009 3.4500000000000006 4.9500000000000011 4.8500000000000005
decision_type=2 2 2 2 2 2 2 2 2 2 2
left_child=2 10 4 5 -1 8 9 -8 -4 -5 -2
right_child=1 -3 3 6 -6 -7 7 -9 -10 -11 -12
leaf_value=-0.0020083516520501745 0 0.0027308909061293189 -0.00053267349381136062 9.0705682725036613e-05 -0.00069268794547094686 -0.00086987737295425105 0 0.00088292975120655287 9.4222770297035054e-05 -0.00056297266139433927 0.00069622183621021708
leaf_weight=5.0000000000000027 5.0000000000000062 4.9999999999999991 8.0000000000000053 5.0000000000000018 11.999999999999998 7.9999999999999991 6.9999999999999991 7.9999999999999991 10.999999999999998 5 15.999999999999998
leaf_count=5 5 5 8 5 12 8 7 8 11 5 16
internal_value=8.49866e-08 0.00105456 -0.00038109 -9.53492e-05 -0.00117118 -0.00038403 0.000167397 0.000439091 -0.000107429 -0.000118215 0.000574477
internal_weight=95 26 69 52 17 27 25 15 19 10 21
internal_count=95 26 69 52 17 27 25 15 19 10 21
is_linear=0
shrinkage=0.025


Tree=134
num_leaves=12
num_cat=0
split_feature=3 2 0 2 2 3 2 1 3 3 2
split_gain=0.060545 0.0360597 0.0295261 0.011067 0.0121952 0.00966655 0.00799939 0.00529434 0.00510984 0.00205621 0.000848787
threshold=5.0500000000000007 3.6500000000000008 9.0000000000000018 3.2500000000000004 3.0500000000000003 4.3500000000000005 3.8500000000000001 22.000000000000004 5.2500000000000009 4.6500000000000012 3.5500000000000003
decision_type=2 2 2 2 2 2 2 2 2 2 2
left_child=2 8 3 4 -1 10 9 -4 -2 -7 -5
right_child=1 -3 7 5 -6 6 -8 -9 -10 -11 -12
leaf_value=-0.00033719975130541404 0.00096538367752845413 0.0026602433153635097 0.0010374263168181999 -0.00022183621256816673 -0.001905947105345748 0.00077618416342433631 -0.00059519137333457681 0 0 0 -0.00089535246670217916
leaf_weight=9.0000000000000018 5.0000000000000027 6.9999999999999991 7.9999999999999991 8.0000000000000018 7.9999999999999991 6.0000000000000018 6.9999999999999991 7.9999999999999991 8.9999999999999982 7 12.999999999999998
leaf_count=9 5 7 8 8 8 6 7 8 9 7 13
internal_value=0 0.00119094 -0.000323637 -0.000596514 -0.00116169 -0.000327333 7.50523e-06 0.000583535 0.000341142 0.000430832 -0.00070225
internal_weight=95 21 74 58 17 41 20 16 14 13 21
internal_count=95 21 74 58 17 41 20 16 14 13 21
is_linear=0
shrinkage=0.025


Tree=135
num_leaves=14
num_cat=0
split_feature=0 2 0 3 3 4 1 2 2 4 3 3 2
split_gain=0.0578044 0.0641672 0.0197645 0.00637729 0.0163344 0.00277224 0.0229415 0.00273009 0.00664102 0.0187275 0.00757862 0.00722019 0.00358736
threshold=11.000000000000002 3.6500000000000008 5.0000000000000009 5.2500000000000009 4.8500000000000005 74.500000000000014 7.0000000000000009 2.9500000000000006 3.4500000000000006 93.000000000000014 4.3500000000000005 4.8500000000000005 3.8500000000000001
decision_type=2 2 2 2 2 2 2 2 2 2 2 2 2
left_child=2 3 5 4 -2 6 -1 -4 10 12 -9 -11 -10
right_child=1 -3 7 -5 -6 -7 -8 8 9 11 -12 -13 -14
leaf_value=-0.0022792444657372657 -0.00038012627046555224 0.0030249339851757717 0.00037496441885107945 -0.00030829133918612367 0.0012821721312165455 -0.00014823324924621444 -0.00019781889454664094 0 0.001178361788091327 -0.0010159599006838991 -0.001172315939846966 0 0
leaf_weight=7.0000000000000044 5.0000000000000062 6.9999999999999991 5.9999999999999991 6.9999999999999991 7.9999999999999991 4.9999999999999991 9 4.9999999999999982 7.0000000000000018 8.0000000000000018 7 8.9999999999999982 5
leaf_count=7 5 7 6 7 8 5 9 5 7 8 7 9 5
internal_value=0 0.000987021 -0.000375754 0.000188983 0.000552057 -0.00101421 -0.0012025 -6.0913e-05 -0.00015655 7.98654e-06 -0.000650252 -0.000479293 0.000797299
internal_weight=95 27 68 20 13 21 16 47 41 29 12 17 12
internal_count=95 27 68 20 13 21 16 47 41 29 12 17 12
is_linear=0
shrinkage=0.025


Tree=136
num_leaves=13
num_cat=0
split_feature=4 0 3 3 2 1 2 4 4 2 3 3
split_gain=0.0562666 0.0252152 0.0194755 0.00598523 0.00447708 0.0036236 0.00356808 0.00524073 0.00267504 0.00413734 0.00240743 0.00100359
threshold=112.50000000000001 17.000000000000004 4.0500000000000007 4.6500000000000012 3.2500000000000004 10.000000000000002 3.2500000000000004 93.000000000000014 93.000000000000014 3.4500000000000006 4.9500000000000011 4.8500000000000005
decision_type=2 2 2 2 2 2 2 2 2 2 2 2
left_child=2 11 4 5 -1 -4 10 -8 9 -7 -5 -2
right_child=1 -3 3 6 -6 8 7 -9 -10 -11 -12 -13
leaf_value=-0.0018879752048703185 0 0.0026281608411898982 -0.00079267843747916423 7.3945671913231892e-05 -0.00064178740521740238 -0.00035629719137572304 0.0008495475398376586 0 -0.00053000565160125988 0.0005218610112529455 -0.00056121323186044498 0.00063787865852017289
leaf_weight=5.0000000000000027 5.0000000000000062 4.9999999999999991 9.0000000000000018 5.0000000000000018 11.999999999999998 5.0000000000000018 7.9999999999999982 7 5.9999999999999991 7 5 15.999999999999998
leaf_count=5 5 5 9 5 12 5 8 7 6 7 5 16
internal_value=0 0.000998519 -0.000361519 -9.32924e-05 -0.00109868 -0.000364854 0.000150959 0.00041697 -7.59001e-05 5.36602e-05 -0.000125862 0.000530413
internal_weight=95 26 69 52 17 27 25 15 18 12 10 21
internal_count=95 26 69 52 17 27 25 15 18 12 10 21
is_linear=0
shrinkage=0.025


Tree=137
num_leaves=13
num_cat=0
split_feature=3 2 0 2 3 2 3 2 1 3 3 2
split_gain=0.0543322 0.0328254 0.0259061 0.00976331 0.0125167 0.0215475 0.00846448 0.0074577 0.00523143 0.00478826 0.00195218 0.00105376
threshold=5.0500000000000007 3.6500000000000008 9.0000000000000018 3.2500000000000004 3.7500000000000004 3.0500000000000003 4.3500000000000005 3.8500000000000001 22.000000000000004 5.2500000000000009 4.5500000000000007 3.5500000000000003
decision_type=2 2 2 2 2 2 2 2 2 2 2 2
left_child=2 9 3 4 -1 -6 11 10 -4 -2 -8 -5
right_child=1 -3 8 6 5 -7 7 -9 -10 -11 -12 -13
leaf_value=0 0.00091767845173867805 0.0025296870923031951 0.00098688845116667845 -0.00017796658354288914 -0.00039168043779985365 -0.0028033095197035709 0.00081637147791647807 -0.00057922371035803945 0 0 0 -0.00085275408081625685
leaf_weight=5.0000000000000027 5.0000000000000027 6.9999999999999991 7.9999999999999991 8.0000000000000018 6.9999999999999982 5 5.0000000000000027 6.9999999999999991 7.9999999999999991 8.9999999999999982 7.9999999999999991 12.999999999999998
leaf_count=5 5 7 8 8 7 5 5 7 8 9 8 13
internal_value=0 0.0011274 -0.00030741 -0.000563594 -0.00109648 -0.00152847 -0.000308053 1.18311e-06 0.000539589 0.000312468 0.000412448 -0.000658758
internal_weight=95 21 74 58 17 12 41 20 16 14 13 21
internal_count=95 21 74 58 17 12 41 20 16 14 13 21
is_linear=0
shrinkage=0.025


Tree=138
num_leaves=13
num_cat=0
split_feature=3 2 0 2 3 2 3 2 1 3 3 2
split_gain=0.0518259 0.0311596 0.0247842 0.00930949 0.0119442 0.0203831 0.00811643 0.00713869 0.00495266 0.00456867 0.00182222 0.000938654
threshold=5.0500000000000007 3.6500000000000008 9.0000000000000018 3.2500000000000004 3.7500000000000004 3.0500000000000003 4.3500000000000005 3.8500000000000001 22.000000000000004 5.2500000000000009 4.5500000000000007 3.5500000000000003
decision_type=2 2 2 2 2 2 2 2 2 2 2 2
left_child=2 9 3 4 -1 -6 11 10 -4 -2 -8 -5
right_child=1 -3 8 6 5 -7 7 -9 -10 -11 -12 -13
leaf_value=0 0.00089561884076549405 0.0024682017030297882 0.00096281800325392062 -0.00017362596160482339 -0.0003821604018513528 -0.0027359221703731093 0.00079674713163582842 -0.00056514536699978633 0 0 0 -0.00083175824635845592
leaf_weight=5.0000000000000027 5.0000000000000027 6.9999999999999991 7.9999999999999991 8.0000000000000018 6.9999999999999982 5 5.0000000000000027 6.9999999999999991 7.9999999999999991 8.9999999999999982 7.9999999999999991 12.999999999999998
leaf_count=5 5 7 8 8 7 5 5 7 8 9 8 13
internal_value=0 0.0011011 -0.000300218 -0.000551034 -0.00107212 -0.00149413 -0.000300479 1.14932e-06 0.000527406 0.00030439 0.000404717 -0.000644007
internal_weight=95 21 74 58 17 12 41 20 16 14 13 21
internal_count=95 21 74 58 17 12 41 20 16 14 13 21
is_linear=0
shrinkage=0.025


Tree=139
num_leaves=13
num_cat=0
split_feature=3 0 2 2 1 2 2 4 2 2 1 2
split_gain=0.0501608 0.0385633 0.0429572 0.0140388 0.00732365 0.00566056 0.00663632 0.00281341 0.0100866 0.00398791 0.0016042 0.00148051
threshold=4.4500000000000011 15.000000000000002 3.3500000000000001 4.1500000000000012 5.0000000000000009 3.6500000000000008 3.2500000000000004 74.500000000000014 3.4500000000000006 3.4500000000000006 10.000000000000002 3.1500000000000008
decision_type=2 2 2 2 2 2 2 2 2 2 2 2
left_child=4 3 -3 5 -1 6 -2 8 11 -9 -10 -6
right_child=1 2 -4 -5 7 -7 -8 9 10 -11 -12 -13
leaf_value=-0.0013806916726469178 -0.00021640690367506893 1.7706537619232999e-06 0.0035163731788858191 0.0012630387389611815 -0.00012254975243614836 -0.00041565134913109665 0.00058148787910295785 0 0 -0.0011479531496459256 0.00053223643767377055 -0.0011596483966478932
leaf_weight=7.9999999999999991 9.0000000000000018 4.9999999999999982 5 5.9999999999999991 5.0000000000000018 13.999999999999998 13.999999999999998 4.9999999999999982 5.9999999999999982 7 6 5
leaf_count=8 9 5 5 6 5 14 14 5 6 7 6 5
internal_value=0 0.000521412 0.00191611 0.000160759 -0.000632586 0 0.000216215 -0.000412967 -0.000163744 -0.000757243 0.000248551 -0.000776219
internal_weight=95 53 10 43 42 37 23 34 22 12 12 10
internal_count=95 53 10 43 42 37 23 34 22 12 12 10
is_linear=0
shrinkage=0.025


Tree=140
num_leaves=13
num_cat=0
split_feature=4 0 3 4 0 2 2 3 2 3 2 3
split_gain=0.0480194 0.0240323 0.0170927 0.00502162 0.0111261 0.0094068 0.0196759 0.00514736 0.00418453 0.00391865 0.00279961 0.000632123
threshold=112.50000000000001 17.000000000000004 4.0500000000000007 74.500000000000014 7.0000000000000009 3.2500000000000004 2.9500000000000006 4.8500000000000005 3.2500000000000004 4.3500000000000005 3.8500000000000001 4.8500000000000005
decision_type=2 2 2 2 2 2 2 2 2 2 2 2
left_child=2 11 8 5 -5 6 7 -4 -1 -7 -11 -2
right_child=1 -3 3 4 -6 9 -8 -9 -10 10 -12 -13
leaf_value=-0.0017848959868737987 0 0.0025071272742934522 0.00085971187912106759 -0.0012932710878122899 0 0 -0.0013714124759038292 -7.9210148373198109e-05 -0.00058283066228184796 0.0010026594257640949 0 0.00055428117127042775
leaf_weight=5.0000000000000027 5.0000000000000062 4.9999999999999991 5.0000000000000018 5.9999999999999991 8.9999999999999982 6.0000000000000027 6.9999999999999991 6 11.999999999999998 7.9999999999999982 5 15.999999999999998
leaf_count=5 5 5 5 6 9 6 7 6 12 8 5 16
internal_value=0 0.000921487 -0.000334972 -8.21474e-05 -0.000474065 4.48304e-05 -0.000323889 0.000243696 -0.0010257 0.000458982 0.000701401 0.000464901
internal_weight=95 26 69 52 15 37 18 11 17 19 13 21
internal_count=95 26 69 52 15 37 18 11 17 19 13 21
is_linear=0
shrinkage=0.025


Tree=141
num_leaves=13
num_cat=0
split_feature=3 0 2 2 1 2 2 2 2 4 2 3
split_gain=0.046773 0.0357441 0.0406845 0.0134344 0.00671323 0.0136108 0.00558149 0.00544662 0.0059756 0.00414209 0.00322948 0.000769236
threshold=4.4500000000000011 15.000000000000002 3.3500000000000001 4.1500000000000012 10.000000000000002 3.1500000000000008 3.4500000000000006 3.6500000000000008 3.4500000000000006 93.000000000000014 3.4500000000000006 4.7500000000000009
decision_type=2 2 2 2 2 2 2 2 2 2 2 2
left_child=4 3 -3 7 5 -1 -7 8 11 10 -6 -2
right_child=1 2 -4 -5 9 6 -8 -9 -10 -11 -12 -13
leaf_value=-0.0021357435742034923 0 0 0.0034024083117121609 0.0012332261194505038 -0.00028979614099416002 2.3273876509987241e-06 -0.00078365163835620558 -0.00041005181929122821 0.00058387401493911804 -0.000601258392840543 0.0005072307926903088 -0.00037520106617683683
leaf_weight=5.0000000000000027 5.0000000000000018 4.9999999999999982 5 5.9999999999999991 5.0000000000000018 5.0000000000000027 11.999999999999998 13.999999999999998 12.999999999999998 8.9999999999999982 6 5
leaf_count=5 5 5 5 6 5 5 12 14 13 9 6 5
internal_value=0 0.000503038 0.00184628 0.000154618 -0.000611327 -0.000930375 -0.000482468 0 0.000209321 -0.000192757 3.46331e-05 -0.000156951
internal_weight=95 53 10 43 42 22 17 37 23 20 11 10
internal_count=95 53 10 43 42 22 17 37 23 20 11 10
is_linear=0
shrinkage=0.025


Tree=142
num_leaves=13
num_cat=0
split_feature=3 0 2 2 1 2 2 4 2 2 2 1
split_gain=0.0446481 0.03414 0.0385939 0.0128031 0.00633989 0.00516633 0.0057016 0.00261659 0.00910217 0.0034814 0.0013825 0.00129057
threshold=4.4500000000000011 15.000000000000002 3.3500000000000001 4.1500000000000012 5.0000000000000009 3.6500000000000008 3.2500000000000004 74.500000000000014 3.4500000000000006 3.4500000000000006 3.1500000000000008 10.000000000000002
decision_type=2 2 2 2 2 2 2 2 2 2 2 2
left_child=4 3 -3 5 -1 6 -2 8 10 -9 -6 -10
right_child=1 2 -4 -5 7 -7 -8 9 11 -11 -12 -13
leaf_value=-0.0012992410261820006 -0.00019009316570388715 0 0.0033206197148851614 0.0012033900366194786 -9.5952950561275789e-05 -0.00039994489130216429 0.00054311543925149655 0 0 -0.0010866519459846635 -0.0010982549095597978 0.00049495909310456714
leaf_weight=7.9999999999999991 9.0000000000000018 4.9999999999999982 5 5.9999999999999991 5.0000000000000018 13.999999999999998 13.999999999999998 4.9999999999999982 5.9999999999999982 7 5 6
leaf_count=8 9 5 5 6 5 14 14 5 6 7 5 6
internal_value=0 0.000491578 0.00180459 0.000150351 -0.000597175 0 0.000203163 -0.000388802 -0.000146937 -0.000720085 -0.000731361 0.00024163
internal_weight=95 53 10 43 42 37 23 34 22 12 10 12
internal_count=95 53 10 43 42 37 23 34 22 12 10 12
is_linear=0
shrinkage=0.025


Tree=143
num_leaves=13
num_cat=0
split_feature=3 2 0 2 3 2 3 2 1 3 3 2
split_gain=0.0429828 0.0295175 0.0208545 0.00767737 0.0121606 0.0185483 0.00623845 0.00694376 0.00546787 0.00493585 0.00187609 0.00146841
threshold=5.0500000000000007 3.6500000000000008 9.0000000000000018 3.2500000000000004 3.7500000000000004 3.0500000000000003 4.3500000000000005 3.8500000000000001 22.000000000000004 5.2500000000000009 4.5500000000000007 3.5500000000000003
decision_type=2 2 2 2 2 2 2 2 2 2 2 2
left_child=2 9 3 4 -1 -6 11 10 -4 -2 -8 -5
right_child=1 -3 8 6 5 -7 7 -9 -10 -11 -12 -13
leaf_value=0 0.00085721584395147233 0.0023270011598166699 0.00093533190424417766 -9.1494175480542344e-05 -0.00033965048124729141 -0.0025921326632109966 0.00077296382559534978 -0.00057801745521525547 0 0 0 -0.00077048323221264817
leaf_weight=5.0000000000000027 5.0000000000000027 6.9999999999999991 7.9999999999999991 8.0000000000000018 6.9999999999999982 5 5.0000000000000027 6.9999999999999991 7.9999999999999991 8.9999999999999982 7.9999999999999991 12.999999999999998
leaf_count=5 5 7 8 8 7 5 5 7 8 9 8 13
internal_value=0 0.00100177 -0.000274451 -0.000505414 -0.000981728 -0.00140775 -0.000273771 0 0.00048153 0.000227688 0.000382803 -0.000574086
internal_weight=95 21 74 58 17 12 41 20 16 14 13 21
internal_count=95 21 74 58 17 12 41 20 16 14 13 21
is_linear=0
shrinkage=0.025


Tree=144
num_leaves=13
num_cat=0
split_feature=3 0 2 2 1 2 2 2 2 4 2 3
split_gain=0.0414502 0.0325226 0.0365727 0.0118531 0.00602388 0.0129809 0.00521882 0.00516481 0.00522611 0.00381148 0.00279828 0.000803588
threshold=4.4500000000000011 15.000000000000002 3.3500000000000001 4.1500000000000012 10.000000000000002 3.1500000000000008 3.4500000000000006 3.6500000000000008 3.4500000000000006 93.000000000000014 3.4500000000000006 4.7500000000000009
decision_type=2 2 2 2 2 2 2 2 2 2 2 2
left_child=4 3 -3 7 5 -1 -7 8 11 10 -6 -2
right_child=1 2 -4 -5 9 6 -8 -9 -10 -11 -12 -13
leaf_value=-0.0020531659104073264 0 0 0.0032296095732957694 0.001153118652291596 -0.00024989913710249715 2.6643835008144347e-05 -0.00073589763439978011 -0.00040397897877559913 0.00054933622114097531 -0.00057015045110703167 0.00048217816191965769 -0.00036578991723497606
leaf_weight=5.0000000000000027 5.0000000000000018 4.9999999999999982 5 5.9999999999999991 5.0000000000000018 5.0000000000000027 11.999999999999998 13.999999999999998 12.999999999999998 8.9999999999999982 6 5
leaf_count=5 5 5 5 6 5 5 12 14 13 9 6 5
internal_value=0 0.00047274 0.00175399 0.000139099 -0.000576332 -0.000879093 -0.000441244 0 0.000198114 -0.000176008 3.92883e-05 -0.000137744
internal_weight=95 53 10 43 42 22 17 37 23 20 11 10
internal_count=95 53 10 43 42 22 17 37 23 20 11 10
is_linear=0
shrinkage=0.025


Tree=145
num_leaves=13
num_cat=0
split_feature=3 0 2 2 1 2 2 4 2 3 2 1
split_gain=0.0395774 0.0310598 0.034691 0.0112947 0.0057771 0.0049013 0.00498772 0.0026022 0.00837479 0.0074269 0.00156806 0.000998187
threshold=4.4500000000000011 15.000000000000002 3.3500000000000001 4.1500000000000012 5.0000000000000009 3.6500000000000008 3.2500000000000004 74.500000000000014 3.4500000000000006 4.1500000000000012 3.1500000000000008 10.000000000000002
decision_type=2 2 2 2 2 2 2 2 2 2 2 2
left_child=4 3 -3 5 -1 6 -2 8 10 -9 -6 -10
right_child=1 2 -4 -5 7 -7 -8 9 11 -11 -12 -13
leaf_value=-0.0012348533698880093 -0.00016844512922588084 0 0.0031519747876490528 0.0011252206817810094 -5.3465827771175901e-05 -0.00039402171380163676 0.00051148814593136816 0 0 -0.001202646551731353 -0.0010551645707052486 0.00047051258903417373
leaf_weight=7.9999999999999991 9.0000000000000018 4.9999999999999982 5 5.9999999999999991 5.0000000000000018 13.999999999999998 13.999999999999998 4.9999999999999982 5.9999999999999982 7 5 6
leaf_count=8 9 5 5 6 5 14 14 5 6 7 5 6
internal_value=0 0.000462062 0.00171441 0.000135294 -0.000563032 0 0.00019239 -0.000362109 -0.000123541 -0.000687832 -0.000687733 0.000247728
internal_weight=95 53 10 43 42 37 23 34 22 12 10 12
internal_count=95 53 10 43 42 37 23 34 22 12 10 12
is_linear=0
shrinkage=0.025


Tree=146
num_leaves=13
num_cat=0
split_feature=2 3 3 0 1 2 2 0 2 3 3 3
split_gain=0.0384161 0.0185158 0.00637725 0.0281713 0.00560552 0.00269202 0.0051138 0.00140127 0.00076873 0.00226546 0.000765246 3.49405e-05
threshold=3.9500000000000006 4.4500000000000011 5.2500000000000009 13.000000000000002 5.0000000000000009 3.5500000000000003 3.1500000000000008 13.000000000000002 3.2500000000000004 4.7500000000000009 3.9500000000000006 4.2500000000000009
decision_type=2 2 2 2 2 2 2 2 2 2 2 2
left_child=1 4 3 8 -1 6 -6 -4 -3 -10 -8 -7
right_child=-2 2 7 -5 5 11 10 -9 9 -11 -12 -13
leaf_value=-0.001204734894719611 0.0015435991854325908 -0.00016432557439775727 0 0.0018893759427291734 0 -5.180769537507397e-05 -0.0013061014348820141 -0.00048546720160326604 -0.00011893144049584704 0.00037154339391106214 -0.00027355951024219386 0
leaf_weight=7.9999999999999991 8.9999999999999982 9.0000000000000018 4.9999999999999982 5.9999999999999991 8.0000000000000018 7.9999999999999982 4.9999999999999982 7 7.0000000000000027 10.999999999999998 5 7
leaf_count=8 9 9 5 6 8 8 5 7 7 11 5 7
internal_value=0 -0.000155684 0.000173502 0.000369196 -0.000546414 -0.000342874 -0.000553978 -0.000259427 0 0.000112911 -0.000927866 -3.35685e-06
internal_weight=95 86 45 33 41 33 18 12 27 18 10 15
internal_count=95 86 45 33 41 33 18 12 27 18 10 15
is_linear=0
shrinkage=0.025


Tree=147
num_leaves=14
num_cat=0
split_feature=4 0 0 2 2 4 0 3 2 4 1 2 3
split_gain=0.0376677 0.021506 0.0136054 0.00266367 0.0134677 0.0107052 0.00585359 0.00557692 0.00361459 0.00240631 0.0184989 0.000343941 0.000502716
threshold=112.50000000000001 17.000000000000004 5.0000000000000009 3.4500000000000006 2.9500000000000006 93.000000000000014 7.0000000000000009 4.8500000000000005 3.8500000000000001 74.500000000000014 7.0000000000000009 3.6500000000000008 4.8500000000000005
decision_type=2 2 2 2 2 2 2 2 2 2 2 2 2
left_child=2 11 9 4 7 8 -7 -4 -5 10 -1 12 -2
right_child=1 -3 3 5 -6 6 -8 -9 -10 -11 -12 -13 -14
leaf_value=-0.0019580549586357327 0 0.0023092433953514463 0.00089193523722664908 0.00096690026197082722 -0.00095012050199632856 -0.00099817103652570125 0 -9.3197126332069584e-05 0 -3.7840815135635995e-05 -8.7925776555810266e-05 0 0.00059404272946195831
leaf_weight=7.0000000000000044 5.0000000000000062 4.9999999999999991 5.0000000000000018 8.0000000000000018 9.9999999999999982 4.9999999999999991 8.9999999999999982 6 4.9999999999999991 4.9999999999999991 9 5.9999999999999991 9.9999999999999982
leaf_count=7 5 5 5 8 10 5 9 6 5 5 9 6 10
internal_value=0 0.000813966 -0.000298932 -3.80171e-05 -0.000265613 9.36971e-05 -0.000327442 0.000250914 0.000640018 -0.000830363 -0.00099734 0.000380558 0.000464903
internal_weight=95 26 69 48 21 27 14 11 13 21 16 21 15
internal_count=95 26 69 48 21 27 14 11 13 21 16 21 15
is_linear=0
shrinkage=0.025


Tree=148
num_leaves=14
num_cat=0
split_feature=2 3 3 0 1 2 2 4 2 0 2 1 0
split_gain=0.0363232 0.017174 0.00637958 0.0263528 0.00495502 0.0129012 0.00488764 0.00336426 0.00227202 0.00141898 0.000668742 0.00212979 0.00107842
threshold=3.9500000000000006 4.4500000000000011 5.2500000000000009 13.000000000000002 10.000000000000002 3.1500000000000008 3.4500000000000006 93.000000000000014 3.4500000000000006 13.000000000000002 3.2500000000000004 14.000000000000002 11.000000000000002
decision_type=2 2 2 2 2 2 2 2 2 2 2 2 2
left_child=1 4 3 10 5 -1 -7 8 -6 -4 -3 -12 -13
right_child=-2 2 9 -5 7 6 -8 -9 -10 -11 11 12 -14
leaf_value=-0.0019647632403155921 0.0014997785880594798 -0.00014906143782275684 0 0.0018303146796120754 -0.00020915791392326342 9.3335495330393293e-05 -0.00067510056718934463 -0.00053296770939082123 0.00044115612794074313 -0.00049763101859652016 0.00046301278958304045 -0.0003136470104847479 0.00011199049544162471
leaf_weight=5.0000000000000027 8.9999999999999982 9.0000000000000018 4.9999999999999982 5.9999999999999991 5.0000000000000018 4.9999999999999991 10.999999999999998 8.9999999999999982 6 7 7.0000000000000027 5.9999999999999982 5
leaf_count=5 9 9 5 6 5 5 11 9 6 7 7 6 5
internal_value=0 -0.000152631 0.00016353 0.00035988 -0.000529085 -0.000815686 -0.000359616 -0.000161176 3.54953e-05 -0.000271021 0 0.00010832 -1.00233e-05
internal_weight=95 86 45 33 41 21 16 20 11 12 27 18 11
internal_count=95 86 45 33 41 21 16 20 11 12 27 18 11
is_linear=0
shrinkage=0.025


Tree=149
num_leaves=12
num_cat=0
split_feature=4 0 0 2 2 4 1 0 2 4 2
split_gain=0.0358107 0.0202129 0.0126384 0.00246153 0.0126084 0.0098013 0.00563855 0.00553502 0.00365187 0.00200365 0.000375992
threshold=112.50000000000001 17.000000000000004 5.0000000000000009 2.9500000000000006 3.4500000000000006 93.000000000000014 18.000000000000004 7.0000000000000009 3.8500000000000001 74.500000000000014 3.6500000000000008
decision_type=2 2 2 2 2 2 2 2 2 2 2
left_child=2 10 9 6 -5 8 -4 -7 -6 -1 -2
right_child=1 -3 3 4 5 7 -8 -9 -10 -11 -12
leaf_value=-0.00096081745822304543 0.00045533931947590485 0.0022450699685857846 0.00089211419220261575 -0.00091978782335953684 0.00093376914141472507 -0.0009709415643905791 -0.00010189319596505692 0 0 -4.5309462495004889e-05 0
leaf_weight=16.000000000000004 15.000000000000005 4.9999999999999991 4.9999999999999982 9.9999999999999982 8.0000000000000018 4.9999999999999991 6 8.9999999999999982 4.9999999999999991 4.9999999999999991 5.9999999999999991
leaf_count=16 15 5 5 10 8 5 6 9 5 5 6
internal_value=0 0.000793417 -0.000291708 -3.91151e-05 -0.000158403 8.23246e-05 0.000246184 -0.000318756 0.000607239 -0.000804285 0.000370904
internal_weight=95 26 69 48 37 27 11 14 13 21 21
internal_count=95 26 69 48 37 27 11 14 13 21 21
is_linear=0
shrinkage=0.025


Tree=150
num_leaves=12
num_cat=0
split_feature=2 3 3 0 2 2 3 0 2 1 0
split_gain=0.0342992 0.0159624 0.00638283 0.0246262 0.00437721 0.0151923 0.00648836 0.00142773 0.000596581 0.00209385 0.0010152
threshold=3.9500000000000006 4.4500000000000011 5.2500000000000009 13.000000000000002 3.0500000000000003 3.2500000000000004 4.3500000000000005 13.000000000000002 3.2500000000000004 14.000000000000002 11.000000000000002
decision_type=2 2 2 2 2 2 2 2 2 2 2
left_child=1 4 3 8 -1 -6 -7 -4 -3 -10 -11
right_child=-2 2 7 -5 5 6 -8 -9 9 10 -12
leaf_value=0 0.0014572447583423524 -0.00013451237097362293 0 0.0017741297612026816 -0.0019464738201349975 -0.00057561073775122052 0.00023553406203826591 -0.00050709696386345765 0.00045854700405874993 -0.00030605877475482567 0.00010273101327654257
leaf_weight=8.9999999999999982 8.9999999999999982 9.0000000000000018 4.9999999999999982 5.9999999999999991 4.9999999999999991 21.000000000000004 5.9999999999999991 7 7.0000000000000027 5.9999999999999982 5
leaf_count=9 9 9 5 6 5 21 6 7 7 6 5
internal_value=0 -0.000148473 0.000155521 0.000352418 -0.0005116 -0.00064796 -0.000348994 -0.000280388 0 0.000106493 -1.01217e-05
internal_weight=95 86 45 33 41 32 27 12 27 18 11
internal_count=95 86 45 33 41 32 27 12 27 18 11
is_linear=0
shrinkage=0.025


Tree=151
num_leaves=12
num_cat=0
split_feature=4 0 0 2 2 4 1 0 2 4 2
split_gain=0.0337568 0.0190287 0.0115455 0.00228147 0.0115963 0.00909044 0.00547208 0.0052688 0.00373183 0.00161938 0.000387353
threshold=112.50000000000001 17.000000000000004 5.0000000000000009 2.9500000000000006 3.4500000000000006 93.000000000000014 18.000000000000004 7.0000000000000009 3.8500000000000001 74.500000000000014 3.6500000000000008
decision_type=2 2 2 2 2 2 2 2 2 2 2
left_child=2 10 9 6 -5 8 -4 -7 -6 -1 -2
right_child=1 -3 3 4 5 7 -8 -9 -10 -11 -12
leaf_value=-0.00091901860590794184 0.00044165828051183381 0.0021804424593798244 0.00087131583713926394 -0.0008857671267298216 0.00090955383379989069 -0.00094760836308033995 -0.00011006355184250537 0 0 -4.9930237918698141e-05 0
leaf_weight=16.000000000000004 15.000000000000005 4.9999999999999991 4.9999999999999982 9.9999999999999982 8.0000000000000018 4.9999999999999991 6 8.9999999999999982 4.9999999999999991 4.9999999999999991 5.9999999999999991
leaf_count=16 15 5 5 10 8 5 6 9 5 5 6
internal_value=0 0.000770456 -0.000283088 -4.02894e-05 -0.000155656 7.33245e-05 0.000232004 -0.000311335 0.000580711 -0.000773478 0.00035838
internal_weight=95 26 69 48 37 27 11 14 13 21 21
internal_count=95 26 69 48 37 27 11 14 13 21 21
is_linear=0
shrinkage=0.025


Tree=152
num_leaves=13
num_cat=0
split_feature=3 2 0 1 2 3 2 3 3 2 2 3
split_gain=0.032447 0.0273767 0.0158611 0.00623265 0.00551035 0.0125679 0.0158988 0.0039863 0.00365684 0.00740647 0.00242632 0.00177049
threshold=5.0500000000000007 3.6500000000000008 9.0000000000000018 22.000000000000004 3.2500000000000004 3.7500000000000004 3.0500000000000003 5.2500000000000009 4.3500000000000005 3.8500000000000001 3.5500000000000003 4.5500000000000007
decision_type=2 2 2 2 2 2 2 2 2 2 2 2
left_child=2 7 4 -4 5 -1 -7 -2 10 11 -6 -10
right_child=1 -3 3 -5 8 6 -8 -9 9 -11 -12 -13
leaf_value=0 0.00071554523892700637 0.002137212715105205 0.00090202421252331836 0 0 -0.00028932049560050175 -0.0023893714524232425 -7.5162234766732743e-05 0.00072964157622594061 -0.00064196334901175261 -0.00068334296529153093 0
leaf_weight=5.0000000000000027 5.0000000000000027 6.9999999999999991 7.9999999999999991 7.9999999999999991 8.0000000000000018 6.9999999999999982 5 8.9999999999999982 5.0000000000000027 6.9999999999999991 12.999999999999998 7.9999999999999991
leaf_count=5 5 7 8 8 8 7 5 9 5 7 13 8
internal_value=0 0.000868739 -0.000240158 0.000413992 -0.000442894 -0.000852436 -0.00129163 0.000125306 -0.00023943 0 -0.000468206 0.000354816
internal_weight=95 21 74 16 58 17 12 14 41 20 21 13
internal_count=95 21 74 16 58 17 12 14 41 20 21 13
is_linear=0
shrinkage=0.025


Tree=153
num_leaves=12
num_cat=0
split_feature=2 3 3 0 2 2 3 3 3 2 2
split_gain=0.0317378 0.0143272 0.00655523 0.0226637 0.00374505 0.0138484 0.00567656 0.00135074 0.000501478 0.00431601 0.000958291
threshold=3.9500000000000006 4.4500000000000011 5.2500000000000009 13.000000000000002 3.0500000000000003 3.2500000000000004 4.3500000000000005 5.3500000000000005 4.9500000000000011 3.6500000000000008 3.2500000000000004
decision_type=2 2 2 2 2 2 2 2 2 2 2
left_child=1 4 3 8 -1 -6 -7 -4 9 10 -3
right_child=-2 2 7 -5 5 6 -8 -9 -10 -11 -12
leaf_value=0 0.0014015560681202813 2.374867488267932e-05 0 0.0017082000016084603 -0.0018549367749633697 -0.00053897495060293709 0.00021169326313200495 -0.00061215242156042494 -0.00015957119814570872 -0.0002434802351711804 0.00074711376980233645
leaf_weight=8.9999999999999982 8.9999999999999982 7.0000000000000053 6.9999999999999982 5.9999999999999991 4.9999999999999991 21.000000000000004 5.9999999999999991 5 5.9999999999999991 8.9999999999999982 5
leaf_count=9 9 7 7 6 5 21 6 5 6 9 5
internal_value=0 -0.000143054 0.000143735 0.000343899 -0.000487332 -0.000613647 -0.000325874 -0.000300871 0 8.56587e-05 0.000434917
internal_weight=95 86 45 33 41 32 27 12 27 21 12
internal_count=95 86 45 33 41 32 27 12 27 21 12
is_linear=0
shrinkage=0.025


Tree=154
num_leaves=12
num_cat=0
split_feature=4 0 0 4 2 2 3 0 2 4 2
split_gain=0.0303993 0.0182553 0.010397 0.00198339 0.00819946 0.0102368 0.00542267 0.00500006 0.00374538 0.00127636 0.000635754
threshold=112.50000000000001 17.000000000000004 5.0000000000000009 93.000000000000014 3.4500000000000006 2.9500000000000006 4.8500000000000005 7.0000000000000009 3.8500000000000001 74.500000000000014 3.6500000000000008
decision_type=2 2 2 2 2 2 2 2 2 2 2
left_child=2 10 9 4 5 6 -4 -5 -6 -1 -2
right_child=1 -3 3 7 8 -7 -8 -9 -10 -11 -12
leaf_value=-0.00086867366313796331 0.00041843018093219893 0.0021094109433201645 0.00085148378409660166 -0.00091876872376395538 0.0008827922096981373 -0.00082976360504022427 -0.00013388339317433774 0 0 -4.8061108771854858e-05 0
leaf_weight=16.000000000000004 15.000000000000005 4.9999999999999991 5.0000000000000018 4.9999999999999991 7.9999999999999982 9.9999999999999982 6 8.9999999999999982 5 4.9999999999999991 5.9999999999999991
leaf_count=16 15 5 5 5 8 10 6 9 5 5 6
internal_value=0 0.000730794 -0.000268996 -3.71802e-05 3.49504e-05 -0.000229526 0.000209611 -0.000298408 0.000553883 -0.000734549 0.000326786
internal_weight=95 26 69 48 34 21 11 14 13 21 21
internal_count=95 26 69 48 34 21 11 14 13 21 21
is_linear=0
shrinkage=0.025


Tree=155
num_leaves=14
num_cat=0
split_feature=2 0 3 0 3 0 3 2 2 3 0 4 0
split_gain=0.030003 0.0364703 0.0172595 0.00849204 0.00686341 0.020992 0.00639614 0.00432646 0.00211481 0.00135774 0.00127856 0.00482986 0.00400014
threshold=3.7500000000000004 7.0000000000000009 4.4500000000000011 5.0000000000000009 5.2500000000000009 13.000000000000002 4.2500000000000009 3.3500000000000001 3.4500000000000006 5.3500000000000005 11.000000000000002 93.000000000000014 7.0000000000000009
decision_type=2 2 2 2 2 2 2 2 2 2 2 2 2
left_child=2 -2 3 -1 5 10 7 -5 -8 -6 11 12 -4
right_child=1 -3 4 6 9 -7 8 -9 -10 -11 -12 -13 -14
leaf_value=-0.0010152543126740819 0 0.0023134337483497799 0.00062394751190778626 0.00066710894921749456 0 0.0016560721571647352 -0.0010418678454768202 -0.00021075039716938936 0 -0.00062333220692100712 0.00032291188291574437 -0.0006941851003155594 -0.00022782806593638194
leaf_weight=17 8.9999999999999982 6.9999999999999991 6.0000000000000089 6.0000000000000018 6.9999999999999982 5.9999999999999991 4.9999999999999982 5 5 5 5.9999999999999991 5.9999999999999991 5
leaf_count=17 9 7 6 6 7 6 5 5 5 5 6 6 5
internal_value=0 0.00098571 -0.000194999 -0.000584095 0.00013637 0.00036471 -0.000169813 0.000159837 -0.000651001 -0.000309923 0 -9.41965e-05 0.000128015
internal_weight=95 16 79 38 41 29 21 11 10 12 23 17 11
internal_count=95 16 79 38 41 29 21 11 10 12 23 17 11
is_linear=0
shrinkage=0.025


Tree=156
num_leaves=12
num_cat=0
split_feature=2 3 3 0 2 2 3 3 2 1 0
split_gain=0.0289148 0.0124697 0.0061779 0.0203371 0.00319121 0.0131145 0.00498509 0.00128066 0.000389352 0.00209721 0.00092312
threshold=3.9500000000000006 4.4500000000000011 5.2500000000000009 13.000000000000002 3.0500000000000003 3.2500000000000004 4.3500000000000005 5.3500000000000005 3.2500000000000004 14.000000000000002 11.000000000000002
decision_type=2 2 2 2 2 2 2 2 2 2 2
left_child=1 4 3 8 -1 -6 -7 -4 -3 -10 -11
right_child=-2 2 7 -5 5 6 -8 -9 9 10 -12
leaf_value=0 0.0013366619628631391 -0.00010048853418202662 0 0.0016160059314701829 -0.0017816109367861197 -0.00049681291547879576 0.00020211129637074567 -0.0006083482570829801 0.00044900905793636192 -0.00030299760429413936 5.7775486045731923e-05
leaf_weight=8.9999999999999982 8.9999999999999982 9.0000000000000018 6.9999999999999982 5.9999999999999991 4.9999999999999991 21.000000000000004 5.9999999999999991 5 7.0000000000000027 5.9999999999999982 5
leaf_count=9 9 9 7 6 5 21 6 5 7 6 5
internal_value=0 -0.000137697 0.000128237 0.000323779 -0.000459122 -0.000575892 -0.000295196 -0.000303537 0 9.09183e-05 -2.92993e-05
internal_weight=95 86 45 33 41 32 27 12 27 18 11
internal_count=95 86 45 33 41 32 27 12 27 18 11
is_linear=0
shrinkage=0.025


Tree=157
num_leaves=12
num_cat=0
split_feature=4 0 0 4 2 2 3 0 2 4 2
split_gain=0.0280065 0.0173119 0.00872931 0.00195202 0.00751856 0.0094447 0.00538647 0.00455335 0.0038943 0.000999731 0.000676461
threshold=112.50000000000001 17.000000000000004 5.0000000000000009 93.000000000000014 3.4500000000000006 2.9500000000000006 4.8500000000000005 7.0000000000000009 3.8500000000000001 74.500000000000014 3.6500000000000008
decision_type=2 2 2 2 2 2 2 2 2 2 2
left_child=2 10 9 4 5 6 -4 -5 -6 -1 -2
right_child=1 -3 3 7 8 -7 -8 -9 -10 -11 -12
leaf_value=-0.00081026447149292542 0.00039749492276122932 0.0020422763406084134 0.00083619732624636207 -0.0008918310891693602 0.00086093923799614104 -0.00080245688133051291 -0.00015253549734611183 0 0 -3.794970795682344e-05 0
leaf_weight=16.000000000000004 15.000000000000005 4.9999999999999991 5.0000000000000018 4.9999999999999991 7.9999999999999982 9.9999999999999982 6 8.9999999999999982 5 4.9999999999999991 5.9999999999999991
leaf_count=16 15 5 5 5 8 10 6 9 5 5 6
internal_value=0 0.000700261 -0.000259403 -4.41302e-05 2.64021e-05 -0.000225592 0.000192188 -0.00030141 0.000525417 -0.000687435 0.000305519
internal_weight=95 26 69 48 34 21 11 14 13 21 21
internal_count=95 26 69 48 34 21 11 14 13 21 21
is_linear=0
shrinkage=0.025


Tree=158
num_leaves=15
num_cat=0
split_feature=2 0 3 1 2 2 3 0 4 2 0 0 4 0
split_gain=0.0275576 0.0343955 0.0154218 0.00735971 0.00800886 0.0125912 0.00653526 0.0187081 0.00498818 0.00361064 0.00130398 0.00117064 0.00456685 0.00375641
threshold=3.7500000000000004 7.0000000000000009 4.4500000000000011 10.000000000000002 3.1500000000000008 3.5500000000000003 5.2500000000000009 13.000000000000002 93.000000000000014 3.4500000000000006 13.000000000000002 11.000000000000002 93.000000000000014 7.0000000000000009
decision_type=2 2 2 2 2 2 2 2 2 2 2 2 2 2
left_child=2 -2 3 4 -1 -6 7 11 9 -5 -8 12 13 -4
right_child=1 -3 6 8 5 -7 10 -9 -10 -11 -12 -13 -14 -15
leaf_value=-0.0018491120507510797 0 0.0022334519505723921 0.00060845162614338733 -0.00010741456734159811 0 -0.0013507624344539738 0 0.0015666985298476875 -0.00060423235238597902 0.0006958343742343668 -0.00052739891721608324 0.00031139973509726265 -0.00067252820778277616 -0.00021164877196917163
leaf_weight=5.0000000000000027 8.9999999999999982 6.9999999999999991 6.0000000000000089 5.0000000000000018 8.9999999999999982 5.9999999999999991 4.9999999999999982 5.9999999999999991 7.9999999999999991 5 7 5.9999999999999991 5.9999999999999991 5
leaf_count=5 9 7 6 5 9 6 5 6 8 5 7 6 6 5
internal_value=0 0.000943419 -0.000188188 -0.000556133 -0.000896008 -0.00047592 0.000123539 0.000347478 -0.000104117 0.00017743 -0.000312012 0 -8.70842e-05 0.000126949
internal_weight=95 16 79 38 20 15 41 29 18 10 12 23 17 11
internal_count=95 16 79 38 20 15 41 29 18 10 12 23 17 11
is_linear=0
shrinkage=0.025


Tree=159
num_leaves=13
num_cat=0
split_feature=4 2 1 0 3 4 2 2 3 2 0 4
split_gain=0.026484 0.0163362 0.00988478 0.00780644 0.00520788 0.00190533 0.0068587 0.0079148 0.00544184 0.00430502 0.00411797 0.000780269
threshold=112.50000000000001 3.5500000000000003 22.000000000000004 5.0000000000000009 5.2500000000000009 93.000000000000014 3.5500000000000003 2.9500000000000006 4.8500000000000005 3.8500000000000001 7.0000000000000009 74.500000000000014
decision_type=2 2 2 2 2 2 2 2 2 2 2 2
left_child=3 2 -2 11 -3 6 7 8 -5 -8 -7 -1
right_child=1 4 -4 5 -6 10 9 -9 -10 -11 -12 -13
leaf_value=-0.0007729827233785647 0.00076671863676094193 0.00049735280559756441 -0.0004279389985973334 0.00083592670987575059 0.0021554159815423187 -0.0008613495639740276 0.00092003965958914111 -0.0006976870932183895 -0.00016101102566256395 0 0 -3.7037405015255957e-05
leaf_weight=16.000000000000004 8.0000000000000053 4.9999999999999982 7.9999999999999991 5.0000000000000018 5 4.9999999999999991 6.9999999999999982 10.999999999999998 6 5 8.9999999999999982 4.9999999999999991
leaf_count=16 8 5 8 5 5 5 7 11 6 5 9 5
internal_value=0 0.000680244 9.43206e-05 -0.000252986 0.00147494 -4.75463e-05 2.13073e-05 -0.000201151 0.000187371 0.000528218 -0.000300735 -0.000658722
internal_weight=95 26 16 69 10 48 34 22 11 12 14 21
internal_count=95 26 16 69 10 48 34 22 11 12 14 21
is_linear=0
shrinkage=0.025


Tree=160
num_leaves=14
num_cat=0
split_feature=2 0 3 0 3 3 0 2 2 0 4 0 3
split_gain=0.0258707 0.031965 0.0143111 0.00666542 0.00655453 0.00646093 0.0175958 0.00426356 0.00175139 0.00109339 0.00438321 0.00359052 0.0010864
threshold=3.7500000000000004 7.0000000000000009 4.4500000000000011 5.0000000000000009 4.2500000000000009 5.2500000000000009 13.000000000000002 3.3500000000000001 3.4500000000000006 11.000000000000002 93.000000000000014 7.0000000000000009 5.3500000000000005
decision_type=2 2 2 2 2 2 2 2 2 2 2 2 2
left_child=2 -2 3 -1 7 6 9 -5 -6 10 11 -4 -7
right_child=1 -3 5 4 8 12 -8 -9 -10 -11 -12 -13 -14
leaf_value=-0.00092331252827682693 0 0.0021567143955811235 0.00059786796562313459 0.00067521258174712108 -0.0010185426208548824 0 0.0015219043474644423 -0.00018716107767361857 -1.4838475125053739e-05 0.00030287900571561145 -0.00065679508636915884 -0.00019974299491598053 -0.00060601332882540123
leaf_weight=17 8.9999999999999982 6.9999999999999991 6.0000000000000089 6.0000000000000018 4.9999999999999982 6.9999999999999982 5.9999999999999991 5 5 5.9999999999999991 5.9999999999999991 5 5
leaf_count=17 9 7 6 6 5 7 6 5 5 6 6 5 5
internal_value=0 0.000913279 -0.000183166 -0.000537735 -0.000160873 0.000116135 0.000339371 0.000175275 -0.000649371 0 -8.16286e-05 0.000126618 -0.000317613
internal_weight=95 16 79 38 21 41 29 11 10 23 17 11 12
internal_count=95 16 79 38 21 41 29 11 10 23 17 11 12
is_linear=0
shrinkage=0.025


Tree=161
num_leaves=14
num_cat=0
split_feature=4 0 3 1 2 2 3 0 2 3 2 2 2
split_gain=0.0248146 0.0166362 0.00705206 0.00553375 0.0109681 0.00700153 0.00394445 0.0055364 0.00457626 0.00168375 0.0011004 0.000541537 5.97265e-05
threshold=112.50000000000001 17.000000000000004 4.6500000000000012 10.000000000000002 3.1500000000000008 3.4500000000000006 4.9500000000000011 9.0000000000000018 3.6500000000000008 4.3500000000000005 3.4500000000000006 3.7500000000000004 3.6500000000000008
decision_type=2 2 2 2 2 2 2 2 2 2 2 2 2
left_child=2 10 3 4 -1 -6 7 -4 -8 -5 -2 -11 -12
right_child=1 -3 6 9 5 -7 8 -9 -10 11 12 -13 -14
leaf_value=-0.0017946308084691937 0.00064412050996906977 0.0019693459675181658 0 -0.00033427367863409657 0.00029896875270284118 -0.00066885142177025884 -0.00067358478813225214 0.0010190898254782393 0.00018158000807139051 0.00024382919636404805 0.00010672574600332656 0 0
leaf_weight=5.0000000000000027 5.0000000000000062 4.9999999999999991 8.0000000000000018 10.000000000000002 5.0000000000000027 12.999999999999998 6.9999999999999982 4.9999999999999991 5 5.9999999999999982 9.9999999999999982 5 5.9999999999999991
leaf_count=5 5 5 8 10 5 13 7 5 5 6 10 5 6
internal_value=0 0.000657262 -0.000246095 -0.000439702 -0.000715788 -0.000331 4.58361e-05 0.000383384 -0.000217672 -7.4459e-05 0.000270267 5.18804e-05 6.97672e-05
internal_weight=95 26 69 44 23 18 25 13 12 21 21 11 16
internal_count=95 26 69 44 23 18 25 13 12 21 21 11 16
is_linear=0
shrinkage=0.025


Tree=162
num_leaves=13
num_cat=0
split_feature=2 3 3 0 2 1 2 3 0 1 2 0
split_gain=0.024554 0.00934915 0.00579309 0.0171867 0.00303875 0.0140556 0.00713889 0.00516899 0.00110976 0.00029998 0.0020973 0.00172239
threshold=3.9500000000000006 4.4500000000000011 5.2500000000000009 13.000000000000002 3.1500000000000008 10.000000000000002 3.3500000000000001 4.3500000000000005 13.000000000000002 14.000000000000002 3.4500000000000006 9.0000000000000018
decision_type=2 2 2 2 2 2 2 2 2 2 2 2
left_child=1 4 3 9 5 -1 -6 -8 -4 10 -3 -11
right_child=-2 2 8 -5 6 -7 7 -9 -10 11 -12 -13
leaf_value=-0.0017514906035592925 0.0012303425624217517 -8.3798958131900154e-05 0 0.0014776053658175853 0.00044582767201767782 0 -0.00062833518449143303 8.8658272467840164e-05 -0.00052153649222519665 -0.00046136960423050021 0.00047877247392710647 3.0190274992492045e-05
leaf_weight=4.9999999999999982 8.9999999999999982 5.0000000000000018 4.9999999999999982 5.9999999999999991 6.0000000000000027 5 20.000000000000004 4.9999999999999991 7 4.9999999999999991 6 10.999999999999998
leaf_count=5 9 5 5 6 6 5 20 5 7 5 6 11
internal_value=0 -0.00012834 9.85536e-05 0.000290144 -0.000406978 -0.000838263 -0.000223308 -0.000435768 -0.000321982 0 0.000114521 -5.00612e-05
internal_weight=95 86 45 33 41 10 31 25 12 27 11 16
internal_count=95 86 45 33 41 10 31 25 12 27 11 16
is_linear=0
shrinkage=0.025


Tree=163
num_leaves=14
num_cat=0
split_feature=2 0 3 0 3 3 0 2 2 3 0 4 0
split_gain=0.0236539 0.0302017 0.0124723 0.00605198 0.00648408 0.00599029 0.0158697 0.00416006 0.00159835 0.00107529 0.000958745 0.00408665 0.00333132
threshold=3.7500000000000004 7.0000000000000009 4.4500000000000011 5.0000000000000009 4.2500000000000009 5.2500000000000009 13.000000000000002 3.3500000000000001 3.4500000000000006 5.3500000000000005 11.000000000000002 93.000000000000014 7.0000000000000009
decision_type=2 2 2 2 2 2 2 2 2 2 2 2 2
left_child=2 -2 3 -1 7 6 10 -5 -6 -7 11 12 -4
right_child=1 -3 5 4 8 9 -8 -9 -10 -11 -12 -13 -14
leaf_value=-0.00087362536652890841 0 0.0020828368394480395 0.00057494377589694344 0.00068138036689150208 -0.00098850378506960216 0 0.0014418568642389391 -0.00015952237881720064 -1.2141629122197613e-05 -0.00060108350570282291 0.00028120215171046795 -0.00063585655147870707 -0.00019063061246505145
leaf_weight=17 8.9999999999999982 6.9999999999999991 6.0000000000000089 6.0000000000000018 4.9999999999999982 6.9999999999999982 5.9999999999999991 5 5 5 5.9999999999999991 5.9999999999999991 5
leaf_count=17 9 7 6 6 5 7 6 5 5 5 6 6 5
internal_value=0 0.000873444 -0.000174969 -0.000506143 -0.00014426 0.0001026 0.000318974 0.000191522 -0.000632682 -0.0003145 0 -7.95894e-05 0.000118158
internal_weight=95 16 79 38 21 41 29 11 10 12 23 17 11
internal_count=95 16 79 38 21 41 29 11 10 12 23 17 11
is_linear=0
shrinkage=0.025


Tree=164
num_leaves=14
num_cat=0
split_feature=4 0 3 1 2 2 3 0 2 3 2 2 2
split_gain=0.0229139 0.0157338 0.00603988 0.00459316 0.0100999 0.00655515 0.0037009 0.00520117 0.0042484 0.00145439 0.00121451 0.000498862 6.71965e-05
threshold=112.50000000000001 17.000000000000004 4.6500000000000012 10.000000000000002 3.1500000000000008 3.4500000000000006 4.9500000000000011 9.0000000000000018 3.6500000000000008 4.3500000000000005 3.4500000000000006 3.7500000000000004 3.6500000000000008
decision_type=2 2 2 2 2 2 2 2 2 2 2 2 2
left_child=2 10 3 4 -1 -6 7 -4 -8 -5 -2 -11 -12
right_child=1 -3 6 9 5 -7 8 -9 -10 11 12 -13 -14
leaf_value=-0.001702786561173314 0.00063259879377885423 0.0019075881542029002 0 -0.00031553570582878353 0.00031239405417671549 -0.00062740756962518921 -0.00066314838089359326 0.00097683670420127999 0.00014728003415467143 0.00022879480534503539 9.1635518908208502e-05 0 0
leaf_weight=5.0000000000000027 5.0000000000000062 4.9999999999999991 8.0000000000000018 10.000000000000002 5.0000000000000027 12.999999999999998 6.9999999999999982 4.9999999999999991 5 5.9999999999999982 9.9999999999999982 5 5.9999999999999991
leaf_count=5 5 5 8 10 5 13 7 5 5 6 10 5 6
internal_value=0 0.000631676 -0.000236393 -0.000415208 -0.000668613 -0.000297106 2.95157e-05 0.000360046 -0.000226132 -7.5018e-05 0.000253795 3.37574e-05 5.19094e-05
internal_weight=95 26 69 44 23 18 25 13 12 21 21 11 16
internal_count=95 26 69 44 23 18 25 13 12 21 21 11 16
is_linear=0
shrinkage=0.025


Tree=165
num_leaves=14
num_cat=0
split_feature=2 0 3 3 0 0 3 2 2 0 0 4 0
split_gain=0.0224324 0.0285058 0.011411 0.00582807 0.0150174 0.00554383 0.00634372 0.00404301 0.00144609 0.00109356 0.000839055 0.00381548 0.00314511
threshold=3.7500000000000004 7.0000000000000009 4.4500000000000011 5.2500000000000009 13.000000000000002 5.0000000000000009 4.2500000000000009 3.3500000000000001 3.4500000000000006 13.000000000000002 11.000000000000002 93.000000000000014 7.0000000000000009
decision_type=2 2 2 2 2 2 2 2 2 2 2 2 2
left_child=2 -2 5 4 10 -1 7 -7 -8 -5 11 12 -4
right_child=1 -3 3 9 -6 6 8 -9 -10 -11 -12 -13 -14
leaf_value=-0.00084023975380046595 0 0.0020250773936924009 0.00055767231801104084 0 0.0013999514191621735 0.00067607058707864999 -0.0009657335861657677 -0.00014810271632785977 -1.4073207813243439e-05 -0.00051648586765319724 0.00026147378413307089 -0.00061512499551979766 -0.00018436805918239626
leaf_weight=17 8.9999999999999982 6.9999999999999991 6.0000000000000089 4.9999999999999982 5.9999999999999991 6.0000000000000018 4.9999999999999982 5 5 7 5.9999999999999991 5.9999999999999991 5
leaf_count=17 9 7 6 5 6 6 5 5 5 7 6 6 5
internal_value=0 0.000850223 -0.000170767 9.34677e-05 0.000307737 -0.000487582 -0.000137901 0.000193884 -0.000622058 -0.000318446 0 -7.64489e-05 0.000111505
internal_weight=95 16 79 41 29 38 21 11 10 12 23 17 11
internal_count=95 16 79 41 29 38 21 11 10 12 23 17 11
is_linear=0
shrinkage=0.025


Tree=166
num_leaves=14
num_cat=0
split_feature=4 0 3 1 2 2 3 0 2 3 2 2 2
split_gain=0.0215828 0.0148922 0.00550917 0.00395611 0.00986153 0.00624815 0.00346805 0.00490962 0.00401515 0.00131274 0.00123957 0.000459948 6.66708e-05
threshold=112.50000000000001 17.000000000000004 4.6500000000000012 10.000000000000002 3.1500000000000008 3.4500000000000006 4.9500000000000011 9.0000000000000018 3.6500000000000008 4.3500000000000005 3.4500000000000006 3.7500000000000004 3.6500000000000008
decision_type=2 2 2 2 2 2 2 2 2 2 2 2 2
left_child=2 10 3 4 -1 -6 7 -4 -8 -5 -2 -11 -12
right_child=1 -3 6 9 5 -7 8 -9 -10 11 12 -13 -14
leaf_value=-0.0016556326693926854 0.00062050051951350997 0.001854875399462449 0 -0.00030453259127634553 0.00032508267949406895 -0.00059604642667567768 -0.00064940669366882924 0.00094373964910538725 0.00013132256762429066 0.00021668362371142838 8.3170754563373838e-05 0 0
leaf_weight=5.0000000000000027 5.0000000000000062 4.9999999999999991 8.0000000000000018 10.000000000000002 5.0000000000000027 12.999999999999998 6.9999999999999982 4.9999999999999991 5 5.9999999999999982 9.9999999999999982 5 5.9999999999999991
leaf_count=5 5 5 8 10 5 13 7 5 5 6 10 5 6
internal_value=0 0.000612826 -0.000229654 -0.000400253 -0.000637357 -0.000270735 2.17903e-05 0.000344088 -0.000224824 -7.80421e-05 0.000243429 1.80125e-05 4.2228e-05
internal_weight=95 26 69 44 23 18 25 13 12 21 21 11 16
internal_count=95 26 69 44 23 18 25 13 12 21 21 11 16
is_linear=0
shrinkage=0.025


Tree=167
num_leaves=14
num_cat=0
split_feature=2 3 3 0 2 2 3 2 2 3 1 1 3
split_gain=0.0214515 0.00700624 0.0051305 0.0143957 0.00290957 0.0127998 0.00312315 0.00212039 0.00295083 0.00155217 0.000980194 0.00194029 0.000584017
threshold=3.9500000000000006 4.4500000000000011 5.3500000000000005 15.000000000000002 3.0500000000000003 3.2500000000000004 4.3500000000000005 3.6500000000000008 3.2500000000000004 4.7500000000000009 10.000000000000002 7.0000000000000009 4.9500000000000011
decision_type=2 2 2 2 2 2 2 2 2 2 2 2 2
left_child=1 4 3 7 -1 -6 10 8 -3 -9 11 -7 -10
right_child=-2 2 -4 -5 5 6 -8 9 12 -11 -12 -13 -14
leaf_value=0 0.0011497552542056404 -0.00010303129472405363 -0.00061393307198439012 0.0014198200204051459 -0.0016483163335718788 -0.00052025373666905381 0.00017632161297144428 -0.00053496642578994085 0.00070275902846613186 0 -0.00067214675978498741 0 8.3709521403880393e-05
leaf_weight=8.9999999999999982 8.9999999999999982 9.0000000000000018 4.9999999999999991 4.9999999999999991 4.9999999999999991 5.0000000000000044 5.9999999999999991 5.9999999999999982 4.9999999999999991 6 6.9999999999999991 9 8.9999999999999982
leaf_count=9 9 9 5 5 5 5 6 6 5 6 7 9 9
internal_value=0 -0.000120198 7.2672e-05 0.00019222 -0.000361549 -0.000472999 -0.000198872 0 0.000149853 -0.000256756 -0.000365685 -0.000117117 0.000399611
internal_weight=95 86 45 40 41 32 27 35 23 12 21 14 14
internal_count=95 86 45 40 41 32 27 35 23 12 21 14 14
is_linear=0
shrinkage=0.025


Tree=168
num_leaves=14
num_cat=0
split_feature=2 0 3 3 0 0 3 2 2 0 0 4 0
split_gain=0.0205948 0.0269979 0.0099749 0.00548076 0.0137592 0.0050721 0.00635434 0.00396479 0.00134768 0.00109709 0.000710671 0.00357394 0.00293517
threshold=3.7500000000000004 7.0000000000000009 4.4500000000000011 5.2500000000000009 13.000000000000002 5.0000000000000009 4.2500000000000009 3.3500000000000001 3.4500000000000006 13.000000000000002 11.000000000000002 93.000000000000014 7.0000000000000009
decision_type=2 2 2 2 2 2 2 2 2 2 2 2 2
left_child=2 -2 5 4 10 -1 7 -7 -8 -5 11 12 -4
right_child=1 -3 3 9 -6 6 8 -9 -10 -11 -12 -13 -14
leaf_value=-0.00079739582731637589 0 0.0019585640169680115 0.00053835012161383147 0 0.0013357879503840401 0.0006838106418839623 -0.00094437938040265682 -0.00012106470486077548 -1.1876063385548484e-05 -0.00051642958084509392 0.00023755146445886743 -0.00059635739983810538 -0.00017575232240443043
leaf_weight=17 8.9999999999999982 6.9999999999999991 6.0000000000000089 4.9999999999999982 5.9999999999999991 6.0000000000000018 4.9999999999999982 5 5 7 5.9999999999999991 5.9999999999999991 5
leaf_count=17 9 7 6 5 6 6 5 5 5 7 6 6 5
internal_value=0 0.000814426 -0.000163856 8.13162e-05 0.00029045 -0.000460148 -0.000123228 0.000210722 -0.000610052 -0.000318108 0 -7.4044e-05 0.000104809
internal_weight=95 16 79 41 29 38 21 11 10 12 23 17 11
internal_count=95 16 79 41 29 38 21 11 10 12 23 17 11
is_linear=0
shrinkage=0.025


Tree=169
num_leaves=14
num_cat=0
split_feature=4 0 2 2 1 3 0 1 2 2 2 3 2
split_gain=0.0199601 0.014102 0.00477183 0.0216188 0.00643933 0.00408919 0.00308907 0.00212486 0.0111885 0.00128784 0.00105207 0.00213475 6.53235e-05
threshold=112.50000000000001 17.000000000000004 2.9500000000000006 3.1500000000000008 18.000000000000004 4.6500000000000012 7.0000000000000009 7.0000000000000009 3.4500000000000006 3.4500000000000006 3.6500000000000008 4.2500000000000009 3.6500000000000008
decision_type=2 2 2 2 2 2 2 2 2 2 2 2 2
left_child=2 9 4 -4 -1 7 -7 -5 -9 -2 11 -10 -11
right_child=1 -3 3 5 -6 6 -8 8 10 12 -12 -13 -14
leaf_value=0.0008927688666377576 0.00060379333803071923 0.0017975041490549651 -0.0016176455628333824 0 -0.00020933473377578681 -5.3683355832213738e-05 0.00054536392307476852 -0.0012338908363340624 -0.00010161400633579528 7.2164531893042071e-05 -0.00024255274246180698 0.00049811912064727103 0
leaf_weight=4.9999999999999982 5.0000000000000062 4.9999999999999991 6.9999999999999991 5.9999999999999991 6 6.9999999999999991 7.9999999999999991 7.0000000000000027 7.0000000000000018 9.9999999999999982 10.999999999999998 5 5.9999999999999991
leaf_count=5 5 5 7 6 6 7 8 7 7 10 11 5 6
internal_value=0 0.000589045 -0.000221148 -0.000320411 0.000187011 -0.000112322 0.000186544 -0.000271723 -0.000363974 0.000228111 -3.69824e-05 4.98851e-05 2.75452e-05
internal_weight=95 26 69 58 11 51 15 36 30 21 23 12 16
internal_count=95 26 69 58 11 51 15 36 30 21 23 12 16
is_linear=0
shrinkage=0.025


Tree=170
num_leaves=15
num_cat=0
split_feature=2 0 3 3 0 0 3 2 2 0 0 4 0 2
split_gain=0.0195083 0.0254409 0.00941412 0.00545865 0.0128084 0.00450549 0.00625658 0.00373394 0.00123071 0.00109726 0.000638599 0.00356317 0.00282533 0.000292311
threshold=3.7500000000000004 7.0000000000000009 4.4500000000000011 5.2500000000000009 13.000000000000002 5.0000000000000009 4.2500000000000009 3.3500000000000001 3.4500000000000006 13.000000000000002 11.000000000000002 93.000000000000014 7.0000000000000009 3.5500000000000003
decision_type=2 2 2 2 2 2 2 2 2 2 2 2 2 2
left_child=2 -2 5 4 10 13 7 -7 -8 -5 11 12 -4 -1
right_child=1 -3 3 9 -6 6 8 -9 -10 -11 -12 -13 -14 -15
leaf_value=-0.00042861376756003918 0 0.0019026158076788609 0.00053845109125118501 0 0.0012951296513840076 0.00066514855040417542 -0.00093402993068313978 -0.00011026820687290564 -1.7955806554080187e-05 -0.00052032740309692195 0.00023042043828735908 -0.00058831012687615822 -0.00015148185909940644 -0.0011554255129604212
leaf_weight=11.000000000000002 8.9999999999999982 6.9999999999999991 6.0000000000000089 4.9999999999999982 5.9999999999999991 6.0000000000000018 4.9999999999999982 5 5 7 5.9999999999999991 5.9999999999999991 5 5.9999999999999991
leaf_count=11 9 7 6 5 6 6 5 5 5 7 6 6 5 6
internal_value=0 0.000792054 -0.000160083 7.73144e-05 0.000286355 -0.000448008 -0.000124991 0.000205404 -0.000607875 -0.000321822 0 -6.37693e-05 0.000116133 -0.000768262
internal_weight=95 16 79 41 29 38 21 11 10 12 23 17 11 17
internal_count=95 16 79 41 29 38 21 11 10 12 23 17 11 17
is_linear=0
shrinkage=0.025


Tree=171
num_leaves=14
num_cat=0
split_feature=4 2 1 2 2 1 3 3 0 1 2 2 3
split_gain=0.0188673 0.013656 0.00841166 0.00446513 0.0203868 0.00626263 0.00370635 0.00370147 0.00287687 0.00211056 0.0107111 0.00108723 0.00208401
threshold=112.50000000000001 3.5500000000000003 22.000000000000004 2.9500000000000006 3.1500000000000008 18.000000000000004 4.6500000000000012 5.2500000000000009 7.0000000000000009 7.0000000000000009 3.4500000000000006 3.6500000000000008 4.2500000000000009
decision_type=2 2 2 2 2 2 2 2 2 2 2 2 2
left_child=3 2 -2 5 -5 -1 9 -3 -8 -6 -11 12 -12
right_child=1 7 -4 4 6 -7 8 -9 -10 10 11 -13 -14
leaf_value=0.0008746217541136924 0.00066513821522409919 0.00041098297090054714 -0.00044814436128590173 -0.0015723998425528408 0 -0.0002138640577604453 -5.5944663634161559e-05 0.0018870308325858783 0.00052119088593427466 -0.0012055415582532679 -8.8100682316710104e-05 -0.00024367376276391694 0.00049751394846960179
leaf_weight=4.9999999999999982 8.0000000000000053 4.9999999999999982 7.9999999999999991 6.9999999999999991 5.9999999999999991 6 6.9999999999999991 5 7.9999999999999991 7.0000000000000027 7.0000000000000018 10.999999999999998 5
leaf_count=5 8 5 8 7 6 6 7 5 8 7 7 11 5
internal_value=0 0.000571718 3.26759e-05 -0.000215989 -0.000312174 0.000176078 -0.000109321 0.00129409 0.000172432 -0.000261552 -0.000354513 -3.34655e-05 5.76023e-05
internal_weight=95 26 16 69 58 11 51 10 15 36 30 23 12
internal_count=95 26 16 69 58 11 51 10 15 36 30 23 12
is_linear=0
shrinkage=0.025


Tree=172
num_leaves=13
num_cat=0
split_feature=2 3 3 0 2 1 2 3 3 4 3 0
split_gain=0.0182927 0.0055924 0.00473582 0.0127456 0.00340512 0.0110623 0.00664899 0.0037613 0.000900462 0.000724363 0.00373268 0.00252674
threshold=3.9500000000000006 4.4500000000000011 5.2500000000000009 13.000000000000002 3.1500000000000008 10.000000000000002 3.3500000000000001 4.3500000000000005 5.3500000000000005 93.000000000000014 4.7500000000000009 7.0000000000000009
decision_type=2 2 2 2 2 2 2 2 2 2 2 2
left_child=1 4 3 9 5 -1 -6 -8 -4 11 -11 -3
right_child=-2 2 8 -5 6 -7 7 -9 -10 10 -12 -13
leaf_value=-0.0015710445443311565 0.0010600369953191031 0.0005382847356339615 0 0.0012563977781082354 0.0005133234129677855 0 -0.00052187810997746066 6.6986888682899552e-05 -0.00059605344101258261 -0.00069530857100079846 6.5035479770892343e-05 -4.6452862443402395e-05
leaf_weight=4.9999999999999982 8.9999999999999982 6.0000000000000018 6.9999999999999982 5.9999999999999991 6.0000000000000027 5 20.000000000000004 4.9999999999999991 5 4.9999999999999991 8.9999999999999982 7
leaf_count=5 9 6 7 6 6 5 20 5 5 5 9 7
internal_value=0 -0.000112711 5.67785e-05 0.000234196 -0.000328449 -0.000761873 -0.000144583 -0.000354905 -0.0003245 0 -0.000124456 0.000132796
internal_weight=95 86 45 33 41 10 31 25 12 27 14 13
internal_count=95 86 45 33 41 10 31 25 12 27 14 13
is_linear=0
shrinkage=0.025


Tree=173
num_leaves=15
num_cat=0
split_feature=2 0 3 3 0 2 2 2 3 0 4 0 4 3
split_gain=0.0177505 0.0237068 0.00838077 0.00514468 0.0114333 0.00424183 0.00842809 0.00492806 0.00509297 0.00086734 0.000613604 0.00241836 0.000403471 2.92939e-05
threshold=3.7500000000000004 7.0000000000000009 4.4500000000000011 5.2500000000000009 13.000000000000002 3.0500000000000003 3.2500000000000004 3.4500000000000006 4.1500000000000012 13.000000000000002 93.000000000000014 7.0000000000000009 112.50000000000001 4.2500000000000009
decision_type=2 2 2 2 2 2 2 2 2 2 2 2 2 2
left_child=2 -2 5 4 10 -1 -7 -8 -9 -5 11 -4 -12 -10
right_child=1 -3 3 9 -6 6 7 8 13 -11 12 -13 -14 -15
leaf_value=0 0 0.0018273080092815993 0.00052526170282714746 0 0.0012260010916619532 -0.001555778976314915 0.00023393653906308672 -0.0010641671972633853 -0.0001305107588100677 -0.00049705425141534452 -0.00028480071252068648 -4.5323800360266519e-05 0 0
leaf_weight=8.9999999999999982 8.9999999999999982 6.9999999999999991 6.0000000000000053 4.9999999999999982 5.9999999999999991 5.0000000000000027 5.0000000000000027 7.0000000000000027 4.9999999999999982 7 4.9999999999999982 7 5 7
leaf_count=9 9 7 6 5 6 5 5 7 5 7 5 7 5 7
internal_value=0 0.000754592 -0.000153644 6.8733e-05 0.000272815 -0.000425403 -0.00057231 -0.000304603 -0.000512389 -0.000318393 0 0.000127295 -0.000128951 -7.58899e-05
internal_weight=95 16 79 41 29 38 29 24 19 12 23 13 10 12
internal_count=95 16 79 41 29 38 29 24 19 12 23 13 10 12
is_linear=0
shrinkage=0.025


Tree=174
num_leaves=14
num_cat=0
split_feature=4 0 2 2 1 3 0 3 1 2 2 3 2
split_gain=0.0173582 0.0135577 0.00416116 0.0189088 0.00627117 0.00312324 0.00271215 0.0022194 0.0228978 0.00168372 0.00126157 0.00457967 3.51621e-05
threshold=112.50000000000001 17.000000000000004 2.9500000000000006 3.1500000000000008 18.000000000000004 4.6500000000000012 7.0000000000000009 3.9500000000000006 7.0000000000000009 3.4500000000000006 3.7500000000000004 4.2500000000000009 3.6500000000000008
decision_type=2 2 2 2 2 2 2 2 2 2 2 2 2
left_child=2 9 4 -4 -1 7 -7 8 -5 -2 11 -9 -11
right_child=1 -3 3 5 -6 6 -8 10 -10 12 -12 -13 -14
leaf_value=0.00086914460183694408 0.00059649755175297 0.0017285248157210076 -0.0015151515732415848 0.0012748357875702477 -0.00022319136600520821 -7.3302394775964777e-05 0.00049315380332168063 -0.00088541425584876129 -0.00097219602340051225 4.6417012230913134e-05 0 0 0
leaf_weight=4.9999999999999982 5.0000000000000062 4.9999999999999991 6.9999999999999991 4.9999999999999982 6 6.9999999999999991 7.9999999999999991 9.0000000000000053 6 9.9999999999999982 7.9999999999999991 7.9999999999999991 5.9999999999999991
leaf_count=5 5 5 7 5 6 7 8 9 6 10 8 8 6
internal_value=0 0.000547753 -0.000207797 -0.00030095 0.000168372 -0.000104614 0.000149084 -0.000245091 0 0.000194 -0.000375945 -0.000502906 0
internal_weight=95 26 69 58 11 51 15 36 11 21 25 17 16
internal_count=95 26 69 58 11 51 15 36 11 21 25 17 16
is_linear=0
shrinkage=0.025


Tree=175
num_leaves=15
num_cat=0
split_feature=2 0 3 3 0 2 2 2 3 3 4 0 4 3
split_gain=0.0167034 0.0223818 0.0078176 0.00508749 0.0106847 0.00386481 0.0078456 0.00471515 0.00494632 0.000904786 0.000653842 0.00231142 0.000407967 9.70142e-06
threshold=3.7500000000000004 7.0000000000000009 4.4500000000000011 5.2500000000000009 13.000000000000002 3.0500000000000003 3.2500000000000004 3.4500000000000006 4.1500000000000012 5.3500000000000005 93.000000000000014 7.0000000000000009 112.50000000000001 4.2500000000000009
decision_type=2 2 2 2 2 2 2 2 2 2 2 2 2 2
left_child=2 -2 5 4 10 -1 -7 -8 -9 -5 11 -4 -12 -10
right_child=1 -3 3 9 -6 6 7 8 13 -11 12 -13 -14 -15
leaf_value=0 0 0.001773467707163137 0.00051954998033902286 0 0.0011888069408615271 -0.001503620228658501 0.00023292107507586463 -0.0010386814757819387 -0.0001060894996044226 -0.00059295255373749205 -0.00028708587812546359 -2.9132252934181844e-05 0 0
leaf_weight=8.9999999999999982 8.9999999999999982 6.9999999999999991 6.0000000000000053 6.9999999999999982 5.9999999999999991 5.0000000000000027 5.0000000000000027 7.0000000000000027 4.9999999999999982 5 4.9999999999999982 7 5 7
leaf_count=9 9 7 6 7 6 5 5 7 5 5 5 7 5 7
internal_value=0 0.000731002 -0.000150038 6.37461e-05 0.000267171 -0.000412548 -0.000552609 -0.000292039 -0.000496278 -0.000321726 0 0.000133444 -0.000130458 -6.5576e-05
internal_weight=95 16 79 41 29 38 29 24 19 12 23 13 10 12
internal_count=95 16 79 41 29 38 29 24 19 12 23 13 10 12
is_linear=0
shrinkage=0.025


Tree=176
num_leaves=13
num_cat=0
split_feature=4 0 2 2 1 3 3 2 3 0 2 2
split_gain=0.0162746 0.0128388 0.00387899 0.0179141 0.00604205 0.00279974 0.00261819 0.00464926 0.0027433 0.00253668 0.00169592 2.54012e-05
threshold=112.50000000000001 17.000000000000004 2.9500000000000006 3.1500000000000008 18.000000000000004 4.6500000000000012 4.4500000000000011 3.3500000000000001 4.2500000000000009 7.0000000000000009 3.4500000000000006 3.6500000000000008
decision_type=2 2 2 2 2 2 2 2 2 2 2 2
left_child=2 10 4 -4 -1 6 7 -5 -9 -7 -2 -12
right_child=1 -3 3 5 -6 9 -8 8 -10 -11 11 -13
leaf_value=0.00084839180210390368 0.00058388961344742348 0.0016784335605244942 -0.0014746046340506939 0.00052045243075833842 -0.00022463536851348413 -7.5935861039195304e-05 -0.00073954833393555979 -0.00044742759537468881 0 0.00047199626729352317 3.945185171152629e-05 0
leaf_weight=4.9999999999999982 5.0000000000000062 4.9999999999999991 6.9999999999999991 5.0000000000000027 6 6.9999999999999991 5.9999999999999991 17.000000000000004 7.9999999999999991 7.9999999999999991 9.9999999999999982 5.9999999999999991
leaf_count=5 5 5 7 5 6 7 6 17 8 8 10 6
internal_value=0 0.000529213 -0.000202367 -0.000292486 0.000157937 -0.000100694 -0.000234231 -8.75481e-05 -0.000261917 0.000136423 0.000183374 0
internal_weight=95 26 69 58 11 51 36 30 25 15 21 16
internal_count=95 26 69 58 11 51 36 30 25 15 21 16
is_linear=0
shrinkage=0.025


Tree=177
num_leaves=15
num_cat=0
split_feature=2 0 3 3 0 2 2 2 3 3 4 0 4 3
split_gain=0.0159634 0.0211171 0.0073747 0.00506849 0.00995353 0.00354799 0.00757704 0.00446468 0.00459558 0.000912212 0.000708804 0.00225669 0.000411454 1.3874e-06
threshold=3.7500000000000004 7.0000000000000009 4.4500000000000011 5.2500000000000009 13.000000000000002 3.0500000000000003 3.2500000000000004 3.4500000000000006 4.1500000000000012 5.3500000000000005 93.000000000000014 7.0000000000000009 112.50000000000001 4.2500000000000009
decision_type=2 2 2 2 2 2 2 2 2 2 2 2 2 2
left_child=2 -2 5 4 10 -1 -7 -8 -9 -5 11 -4 -12 -10
right_child=1 -3 3 9 -6 6 7 8 13 -11 12 -13 -14 -15
leaf_value=0 0 0.00172639268825555 0.00051980885046143638 0 0.0011528678486243851 -0.0014703947585076084 0.00022846596816984493 -0.0010025608314511672 -9.2783779333470963e-05 -0.0005988340961126735 -0.00028889652144593691 -1.3669578604296666e-05 0 0
leaf_weight=8.9999999999999982 8.9999999999999982 6.9999999999999991 6.0000000000000053 6.9999999999999982 5.9999999999999991 5.0000000000000027 5.0000000000000027 7.0000000000000027 4.9999999999999982 5 4.9999999999999982 7 5 7
leaf_count=9 9 7 6 7 6 5 5 7 5 5 5 7 5 7
internal_value=0 0.000714095 -0.000147207 5.95862e-05 0.000262984 -0.000402191 -0.000536243 -0.000279431 -0.00047918 -0.000325753 0 0.000142 -0.000131671 -5.99855e-05
internal_weight=95 16 79 41 29 38 29 24 19 12 23 13 10 12
internal_count=95 16 79 41 29 38 29 24 19 12 23 13 10 12
is_linear=0
shrinkage=0.025


Tree=178
num_leaves=13
num_cat=0
split_feature=2 0 2 1 2 3 1 3 3 3 0 3
split_gain=0.0153522 0.00409304 0.00937235 0.0106874 0.00169697 0.00756746 0.0115396 0.00488274 0.00496804 0.00580341 0.00201332 0.00186586
threshold=3.9500000000000006 17.000000000000004 2.9500000000000006 7.0000000000000009 3.1500000000000008 3.9500000000000006 10.000000000000002 4.7500000000000009 4.5500000000000007 4.3500000000000005 9.0000000000000018 5.2500000000000009
decision_type=2 2 2 2 2 2 2 2 2 2 2 2
left_child=1 2 -1 -4 -5 -6 -7 8 9 -8 -9 -12
right_child=-2 -3 3 4 5 6 7 10 -10 -11 11 -13
leaf_value=0.00064023240542441032 0.00096876951794674048 -0.0008029491674208727 -0.00096079287240686628 0.00033555719776139146 -0.0009089309617035812 0.00087574470725951161 -0.0006595368388742723 0.00047033948226711655 -0.0010517990075787831 0.00027103232668440153 0.00015590214766789137 -0.00036660480990475559
leaf_weight=9.9999999999999982 8.9999999999999982 4.9999999999999991 8.9999999999999982 5.9999999999999991 5.9999999999999991 7.9999999999999991 7.0000000000000027 6.0000000000000027 5.9999999999999991 7.9999999999999991 7.9999999999999982 7
leaf_count=10 9 5 9 6 6 8 7 6 6 8 8 7
internal_value=0 -0.000105574 -4.52604e-05 -0.000160892 -2.19649e-05 -8.35707e-05 0 -0.000147924 -0.000426762 -8.39605e-05 7.33466e-05 -7.31296e-06
internal_weight=95 86 81 71 62 56 50 42 21 15 21 15
internal_count=95 86 81 71 62 56 50 42 21 15 21 15
is_linear=0
shrinkage=0.025


Tree=179
num_leaves=14
num_cat=0
split_feature=4 0 2 2 1 2 3 3 3 2 2 3 2
split_gain=0.0152167 0.0124205 0.00340283 0.0169447 0.00571742 0.0029163 0.00296381 0.00420927 0.00413228 0.00595863 0.00172086 0.000977808 0.000279145
threshold=112.50000000000001 17.000000000000004 2.9500000000000006 3.1500000000000008 18.000000000000004 3.8500000000000001 4.7500000000000009 4.5500000000000007 4.3500000000000005 3.3500000000000001 3.4500000000000006 4.9500000000000011 3.5500000000000003
decision_type=2 2 2 2 2 2 2 2 2 2 2 2 2
left_child=2 10 4 -4 -1 6 7 8 9 -5 -2 -12 -13
right_child=1 -3 3 5 -6 -7 -8 -9 -10 -11 11 12 -14
leaf_value=0.0008126732754485254 0.00057062991500760421 0.0016407858618409732 -0.0014299727458920745 0.00055626894777210782 -0.00023558818577458295 -0.0004965560913779369 0.00045709947896991959 -0.0006931473422164639 0.00066383461190315973 -0.00035401262742501181 -0.00023752311155056721 0.00028176460529662553 0
leaf_weight=4.9999999999999982 5.0000000000000062 4.9999999999999991 6.9999999999999991 5.0000000000000062 6 8.9999999999999982 6.9999999999999991 5.9999999999999991 4.9999999999999991 19 4.9999999999999991 5.9999999999999982 5
leaf_count=5 5 5 7 5 6 9 7 6 5 19 5 6 5
internal_value=0 0.000511479 -0.000195921 -0.000280464 0.000135291 -9.3305e-05 0 -9.94323e-05 0 -0.000109688 0.000170692 0 0.000168438
internal_weight=95 26 69 58 11 51 42 35 29 24 21 16 11
internal_count=95 26 69 58 11 51 42 35 29 24 21 16 11
is_linear=0
shrinkage=0.025


Tree=180
num_leaves=14
num_cat=0
split_feature=2 0 3 3 0 3 2 2 3 0 4 0 4
split_gain=0.014749 0.020281 0.00678528 0.00490085 0.00941942 0.00348219 0.0218447 0.00735444 0.00874709 0.000868506 0.000715058 0.00223065 0.000420993
threshold=3.7500000000000004 7.0000000000000009 4.4500000000000011 5.2500000000000009 13.000000000000002 3.7500000000000004 3.2500000000000004 3.5500000000000003 4.2500000000000009 13.000000000000002 93.000000000000014 7.0000000000000009 112.50000000000001
decision_type=2 2 2 2 2 2 2 2 2 2 2 2 2
left_child=2 -2 5 4 10 -1 -7 -8 -9 -5 11 -4 -12
right_child=1 -3 3 9 -6 6 7 8 -10 -11 12 -13 -14
leaf_value=0 0 0.0016792217722266087 0.00051750235030457569 0 0.0011218407469230794 -0.0016191655043058272 0.00043646010213389819 -0.0010015500461322076 0.00015316562874851601 -0.00050235837883923923 -0.00029183546206555693 -1.1197046519050156e-05 0
leaf_weight=7.9999999999999991 8.9999999999999982 6.9999999999999991 6.0000000000000053 4.9999999999999982 5.9999999999999991 8.0000000000000018 9.0000000000000018 7.9999999999999982 5 7 4.9999999999999982 7 5
leaf_count=8 9 7 6 5 6 8 9 8 5 7 5 7 5
internal_value=0 0.000686144 -0.000141745 5.54975e-05 0.000256139 -0.000386458 -0.00051086 -4.05773e-05 -0.00046714 -0.000323176 0 0.000142265 -0.000132751
internal_weight=95 16 79 41 29 38 30 22 13 12 23 13 10
internal_count=95 16 79 41 29 38 30 22 13 12 23 13 10
is_linear=0
shrinkage=0.025


Tree=181
num_leaves=14
num_cat=0
split_feature=4 0 2 2 1 2 3 3 3 2 2 3 2
split_gain=0.0142895 0.0118829 0.00335339 0.0158328 0.00585827 0.00296039 0.00280219 0.00425464 0.00383217 0.00564057 0.00172149 0.000882442 0.000295695
threshold=112.50000000000001 17.000000000000004 2.9500000000000006 3.1500000000000008 18.000000000000004 3.8500000000000001 4.7500000000000009 4.5500000000000007 4.3500000000000005 3.3500000000000001 3.4500000000000006 4.9500000000000011 3.5500000000000003
decision_type=2 2 2 2 2 2 2 2 2 2 2 2 2
left_child=2 10 4 -4 -1 6 7 8 9 -5 -2 -12 -13
right_child=1 -3 3 5 -6 -7 -8 -9 -10 -11 11 12 -14
leaf_value=0.00082432948267803757 0.00055964488016727943 0.0016004920691977114 -0.0013856525015499858 0.00054858319031504405 -0.00023677450484566148 -0.00049810133515442757 0.00044644893686280641 -0.00069275564033417943 0.00064430595397985048 -0.00033826152474982038 -0.00023391177394212439 0.00026995187792870699 0
leaf_weight=4.9999999999999982 5.0000000000000062 4.9999999999999991 6.9999999999999991 5.0000000000000062 6 8.9999999999999982 6.9999999999999991 5.9999999999999991 4.9999999999999991 19 4.9999999999999991 5.9999999999999982 5
leaf_count=5 5 5 7 5 6 9 7 6 5 19 5 6 5
internal_value=0 0.000496018 -0.000189494 -0.000273737 0.000140046 -9.18903e-05 0 -9.47921e-05 0 -9.88425e-05 0.000161468 0 0.000154403
internal_weight=95 26 69 58 11 51 42 35 29 24 21 16 11
internal_count=95 26 69 58 11 51 42 35 29 24 21 16 11
is_linear=0
shrinkage=0.025


Tree=182
num_leaves=13
num_cat=0
split_feature=2 0 2 1 2 3 1 3 3 3 0 3
split_gain=0.0142425 0.00458022 0.00865683 0.00949647 0.00186787 0.0071853 0.0114488 0.00445861 0.00457386 0.00496003 0.00178415 0.00181441
threshold=3.9500000000000006 17.000000000000004 2.9500000000000006 7.0000000000000009 3.1500000000000008 3.9500000000000006 10.000000000000002 4.7500000000000009 4.5500000000000007 4.3500000000000005 9.0000000000000018 5.2500000000000009
decision_type=2 2 2 2 2 2 2 2 2 2 2 2
left_child=1 2 -1 -4 -5 -6 -7 8 9 -8 -9 -12
right_child=-2 -3 3 4 5 6 7 10 -10 -11 11 -13
leaf_value=0.00062075262049249584 0.00093423382552472239 -0.00083407218756362397 -0.00090367228764554747 0.00036178580259964353 -0.00088592636654333734 0.00087167365187580323 -0.00061620192064108553 0.00043811772700263948 -0.00101546231289244 0.00023838477549938168 0.00014577926613572168 -0.00036553487144475277
leaf_weight=9.9999999999999982 8.9999999999999982 4.9999999999999991 8.9999999999999982 5.9999999999999991 5.9999999999999991 7.9999999999999991 7.0000000000000027 6.0000000000000027 5.9999999999999991 7.9999999999999991 7.9999999999999982 7
leaf_count=10 9 5 9 6 6 8 7 6 6 8 8 7
internal_value=0 -0.00010057 -3.79551e-05 -0.00014977 -1.76824e-05 -8.17245e-05 0 -0.000148054 -0.000414046 -8.1046e-05 6.03712e-05 -1.22672e-05
internal_weight=95 86 81 71 62 56 50 42 21 15 21 15
internal_count=95 86 81 71 62 56 50 42 21 15 21 15
is_linear=0
shrinkage=0.025


Tree=183
num_leaves=14
num_cat=0
split_feature=3 2 2 3 2 1 4 3 0 2 2 2 2
split_gain=0.0136759 0.0166465 0.00671664 0.00482027 0.00475768 0.00818647 0.00550469 0.00420853 0.00179773 0.0013046 0.00105644 0.000664677 0.000664277
threshold=5.0500000000000007 3.6500000000000008 3.8500000000000001 4.4500000000000011 3.1500000000000008 10.000000000000002 93.000000000000014 3.7500000000000004 9.0000000000000018 3.5500000000000003 3.3500000000000001 3.2500000000000004 3.6500000000000008
decision_type=2 2 2 2 2 2 2 2 2 2 2 2 2
left_child=2 10 3 4 5 -1 7 -6 11 -9 -2 -5 -10
right_child=1 -3 -4 8 6 -7 -8 9 12 -11 -12 -13 -14
leaf_value=-0.0014141205948992421 -0.00018364771155663002 0.0015384243546577637 -0.00084837955565024306 -0.00023651252357432458 -0.00045733675360679559 0 -0.000728893040439054 0.00055731673989013373 0.00057823938000688547 0 0.00023456526793846184 0.00011635072109841176 0
leaf_weight=4.9999999999999982 6.0000000000000027 6.9999999999999991 7.9999999999999991 5.0000000000000027 5.0000000000000062 5 5.9999999999999991 8.0000000000000018 6.9999999999999982 10.999999999999998 7.9999999999999991 8.9999999999999982 5
leaf_count=5 6 7 8 5 5 5 6 8 7 11 8 9 5
internal_value=0 0.000559504 -0.00016048 -5.59046e-05 -0.000241828 -0.000719619 -3.74621e-05 8.83381e-05 0.000182083 0.000300309 0 0 0.0004041
internal_weight=95 21 74 66 40 10 30 24 26 19 14 14 12
internal_count=95 21 74 66 40 10 30 24 26 19 14 14 12
is_linear=0
shrinkage=0.025


Tree=184
num_leaves=14
num_cat=0
split_feature=2 0 3 3 0 3 2 3 3 3 4 0 4
split_gain=0.0136681 0.0188306 0.00591417 0.00481927 0.00893626 0.00344843 0.0208138 0.00705232 0.00376437 0.000756152 0.000732171 0.00221604 0.000416774
threshold=3.7500000000000004 7.0000000000000009 4.4500000000000011 5.2500000000000009 13.000000000000002 3.7500000000000004 3.2500000000000004 3.9500000000000006 4.2500000000000009 5.3500000000000005 93.000000000000014 7.0000000000000009 112.50000000000001
decision_type=2 2 2 2 2 2 2 2 2 2 2 2 2
left_child=2 -2 5 4 10 -1 -7 -8 -9 -5 11 -4 -12
right_child=1 -3 3 9 -6 6 7 8 -10 -11 12 -13 -14
leaf_value=0 0 0.001618217178232347 0.00051506228586320816 0 0.0010893054809721729 -0.0015699216016999825 0.00062093224241248032 -0.00073157103255564338 0 -0.00058867595832382967 -0.00029653492920960378 -1.2199021875858297e-05 0
leaf_weight=7.9999999999999991 8.9999999999999982 6.9999999999999991 6.0000000000000053 6.9999999999999982 5.9999999999999991 8.0000000000000018 6.0000000000000027 7.9999999999999991 7.9999999999999991 5 4.9999999999999982 7 5
leaf_count=8 9 7 6 7 6 8 6 8 8 5 5 7 5
internal_value=0 0.00066132 -0.000135662 4.64877e-05 0.00024632 -0.000364129 -0.000488957 -2.89707e-05 -0.000354502 -0.000330103 0 0.000140572 -0.000138892
internal_weight=95 16 79 41 29 38 30 22 16 12 23 13 10
internal_count=95 16 79 41 29 38 30 22 16 12 23 13 10
is_linear=0
shrinkage=0.025


Tree=185
num_leaves=14
num_cat=0
split_feature=2 0 3 3 0 2 2 2 3 3 4 0 4
split_gain=0.012974 0.0179734 0.00557633 0.00460407 0.00853016 0.00347567 0.0065712 0.00380205 0.00383042 0.000696222 0.000682802 0.00212327 0.000398283
threshold=3.7500000000000004 7.0000000000000009 4.4500000000000011 5.2500000000000009 13.000000000000002 3.0500000000000003 3.2500000000000004 3.4500000000000006 4.1500000000000012 5.3500000000000005 93.000000000000014 7.0000000000000009 112.50000000000001
decision_type=2 2 2 2 2 2 2 2 2 2 2 2 2
left_child=2 -2 5 4 10 -1 -7 -8 -9 -5 11 -4 -12
right_child=1 -3 3 9 -6 6 7 8 -10 -11 12 -13 -14
leaf_value=0 0 0.00157888552122232 0.00050260106999626061 0 0.0010629513090656649 -0.0013600603283311303 0.00021444100241821532 -0.0009107269540739552 -4.1407415238743433e-05 -0.00057452512102407541 -0.00028940672054886821 -1.1902536304357141e-05 0
leaf_weight=8.9999999999999982 8.9999999999999982 6.9999999999999991 6.0000000000000053 6.9999999999999982 5.9999999999999991 5.0000000000000027 5.0000000000000027 7.0000000000000027 11.999999999999998 5 4.9999999999999982 7 5
leaf_count=9 9 7 6 7 6 5 5 7 12 5 5 7 5
internal_value=0 0.000643839 -0.000132641 4.33841e-05 0.000239421 -0.000354517 -0.000488686 -0.000245757 -0.000432938 -0.000324072 0 0.000134881 -0.000135258
internal_weight=95 16 79 41 29 38 29 24 19 12 23 13 10
internal_count=95 16 79 41 29 38 29 24 19 12 23 13 10
is_linear=0
shrinkage=0.025


Tree=186
num_leaves=13
num_cat=0
split_feature=4 0 2 2 1 2 3 3 3 2 2 2
split_gain=0.012644 0.0117774 0.00306026 0.0143074 0.00606439 0.00325135 0.00242078 0.00443413 0.00342049 0.00565565 0.00191471 2.51468e-06
threshold=112.50000000000001 17.000000000000004 2.9500000000000006 3.1500000000000008 18.000000000000004 3.8500000000000001 4.7500000000000009 4.5500000000000007 4.3500000000000005 3.3500000000000001 3.4500000000000006 3.6500000000000008
decision_type=2 2 2 2 2 2 2 2 2 2 2 2
left_child=2 10 4 -4 -1 6 7 8 9 -5 -2 -12
right_child=1 -3 3 5 -6 -7 -8 -9 -10 -11 11 -13
leaf_value=0.00083071592201192231 0.00055089205987035009 0.0015609508210148377 -0.0013172274817609124 0.00058649009666763739 -0.0002542742250126696 -0.0005114885532669218 0.0004249972885291855 -0.00069334032126672337 0.00062395016015775941 -0.00031148808654203706 6.2820221144505077e-06 -1.3732140312992746e-05
leaf_weight=4.9999999999999982 5.0000000000000062 4.9999999999999991 6.9999999999999991 5.0000000000000062 6 8.9999999999999982 6.9999999999999991 5.9999999999999991 4.9999999999999991 19 9.9999999999999982 5.9999999999999991
leaf_count=5 5 5 7 5 6 9 7 6 5 19 10 6
internal_value=0 0.00046605 -0.000178779 -0.000259704 0.000133323 -8.55607e-05 0 -7.76986e-05 1.07438e-05 -6.94555e-05 0.000134131 0
internal_weight=95 26 69 58 11 51 42 35 29 24 21 16
internal_count=95 26 69 58 11 51 42 35 29 24 21 16
is_linear=0
shrinkage=0.025


Tree=187
num_leaves=12
num_cat=0
split_feature=2 0 2 1 2 2 4 3 2 2 0
split_gain=0.0125259 0.00457508 0.00816962 0.00800498 0.00194928 0.00675262 0.0126516 0.00935509 0.00545371 0.00185782 0.000510222
threshold=3.9500000000000006 17.000000000000004 2.9500000000000006 7.0000000000000009 3.1500000000000008 3.3500000000000001 74.500000000000014 4.7500000000000009 3.7500000000000004 3.6500000000000008 13.000000000000002
decision_type=2 2 2 2 2 2 2 2 2 2 2
left_child=1 2 -1 -4 -5 -6 -7 8 -8 10 -9
right_child=-2 -3 3 4 5 6 7 9 -10 -11 -12
leaf_value=0.00060758182468513653 0.00087561190654093443 -0.00082619216028923317 -0.00083455391957060166 0.00036983864847570656 -0.00086246164780365482 0.0005396050598862061 -0.0012027518818064074 0.00034346364001266463 0 -0.00031435596129785365 0
leaf_weight=9.9999999999999982 8.9999999999999982 4.9999999999999991 8.9999999999999982 5.9999999999999991 5.9999999999999991 18 7.9999999999999982 8.0000000000000018 5 4.9999999999999991 5.9999999999999991
leaf_count=10 9 5 9 6 6 18 8 8 5 5 6
internal_value=0 -9.48253e-05 -3.23614e-05 -0.000141504 -1.84434e-05 -8.34552e-05 0 -0.000284588 -0.000800267 7.80204e-06 0.000213694
internal_weight=95 86 81 71 62 56 50 32 13 19 14
internal_count=95 86 81 71 62 56 50 32 13 19 14
is_linear=0
shrinkage=0.025


Tree=188
num_leaves=13
num_cat=0
split_feature=4 0 2 2 1 2 3 3 3 2 2 2
split_gain=0.012169 0.0114057 0.00275694 0.0135582 0.00568892 0.00335181 0.00221508 0.00417042 0.00312425 0.00553417 0.00183829 2.73645e-06
threshold=112.50000000000001 17.000000000000004 2.9500000000000006 3.1500000000000008 18.000000000000004 3.8500000000000001 4.7500000000000009 4.5500000000000007 4.3500000000000005 3.3500000000000001 3.4500000000000006 3.6500000000000008
decision_type=2 2 2 2 2 2 2 2 2 2 2 2
left_child=2 10 4 -4 -1 6 7 8 9 -5 -2 -12
right_child=1 -3 3 5 -6 -7 -8 -9 -10 -11 11 -13
leaf_value=0.00079614146469304207 0.00053823971583579519 0.0015351066503521556 -0.0012816549175315433 0.00059285577601538172 -0.0002570406248372408 -0.00051472193940654788 0.0004114286877969183 -0.0006677403816983344 0.00060116862223367215 -0.00029863107195069469 4.8668654783920995e-06 -1.5391036117028793e-05
leaf_weight=4.9999999999999982 5.0000000000000062 4.9999999999999991 6.9999999999999991 5.0000000000000062 6 8.9999999999999982 6.9999999999999991 5.9999999999999991 4.9999999999999991 19 9.9999999999999982 5.9999999999999991
leaf_count=5 5 5 7 5 6 9 7 6 5 19 10 6
internal_value=0 0.000457466 -0.000175138 -0.000251991 0.00011574 -8.17956e-05 0 -6.86017e-05 1.62743e-05 -5.7887e-05 0.000129862 0
internal_weight=95 26 69 58 11 51 42 35 29 24 21 16
internal_count=95 26 69 58 11 51 42 35 29 24 21 16
is_linear=0
shrinkage=0.025


Tree=189
num_leaves=14
num_cat=0
split_feature=2 0 3 3 0 3 2 3 3 4 0 3 4
split_gain=0.0121084 0.0170597 0.00519288 0.00470856 0.00801528 0.00343659 0.0204136 0.00693928 0.00331799 0.000754651 0.00212447 0.000723063 0.000394815
threshold=3.7500000000000004 7.0000000000000009 4.4500000000000011 5.2500000000000009 13.000000000000002 3.7500000000000004 3.2500000000000004 3.9500000000000006 4.2500000000000009 93.000000000000014 7.0000000000000009 5.3500000000000005 112.50000000000001
decision_type=2 2 2 2 2 2 2 2 2 2 2 2 2
left_child=2 -2 5 4 9 -1 -7 -8 -9 10 -4 -5 -11
right_child=1 -3 3 11 -6 6 7 8 -10 12 -12 -13 -14
leaf_value=0 0 0.0015332162496633829 0.00050957664902999791 0 0.0010375538946039255 -0.0015375378831266988 0.0006339561464565412 -0.00069166371977189564 0 -0.00028965124645485331 0 -0.00058796149566590493 0
leaf_weight=7.9999999999999991 8.9999999999999982 6.9999999999999991 6.0000000000000053 6.9999999999999982 5.9999999999999991 8.0000000000000018 6.0000000000000027 7.9999999999999991 7.9999999999999991 4.9999999999999982 7 5 5
leaf_count=8 9 7 6 7 6 8 6 8 8 5 7 5 5
internal_value=0 0.000621782 -0.000128346 4.05457e-05 0.00023878 -0.000342552 -0.000468559 -1.31829e-05 -0.000337851 0 0.000146201 -0.000332122 -0.000136306
internal_weight=95 16 79 41 29 38 30 22 16 23 13 12 10
internal_count=95 16 79 41 29 38 30 22 16 23 13 12 10
is_linear=0
shrinkage=0.025


Tree=190
num_leaves=13
num_cat=0
split_feature=2 0 2 1 2 3 1 3 3 3 0 3
split_gain=0.0115836 0.00460197 0.00779312 0.00727534 0.00198598 0.00669203 0.0112308 0.00379734 0.00483918 0.00372601 0.00157624 0.00176062
threshold=3.9500000000000006 17.000000000000004 2.9500000000000006 7.0000000000000009 3.1500000000000008 3.9500000000000006 10.000000000000002 4.7500000000000009 4.5500000000000007 4.3500000000000005 9.0000000000000018 5.2500000000000009
decision_type=2 2 2 2 2 2 2 2 2 2 2 2
left_child=1 2 -1 -4 -5 -6 -7 8 9 -8 -9 -12
right_child=-2 -3 3 4 5 6 7 10 -10 -11 11 -13
leaf_value=0.00059607133849103966 0.00084183645923748506 -0.00082373329085105363 -0.00079688111158168849 0.00037516742839568084 -0.0008585698136519041 0.00085908373606266336 -0.0005314649535446529 0.00040067604413413752 -0.0010070051265610083 0.00020574755557523842 0.00011591537849886752 -0.00037380606384734464
leaf_weight=9.9999999999999982 8.9999999999999982 4.9999999999999991 8.9999999999999982 5.9999999999999991 5.9999999999999991 7.9999999999999991 7.0000000000000027 6.0000000000000027 5.9999999999999991 7.9999999999999991 7.9999999999999982 7
leaf_count=10 9 5 9 6 6 8 7 6 6 8 8 7
internal_value=0 -9.138e-05 -2.88614e-05 -0.000135863 -1.75589e-05 -8.30641e-05 0 -0.000151411 -0.000395417 -5.85143e-05 3.5061e-05 -3.22959e-05
internal_weight=95 86 81 71 62 56 50 42 21 15 21 15
internal_count=95 86 81 71 62 56 50 42 21 15 21 15
is_linear=0
shrinkage=0.025


Tree=191
num_leaves=14
num_cat=0
split_feature=4 0 2 2 1 2 3 3 2 3 2 3 2
split_gain=0.0114655 0.0111965 0.00258195 0.012626 0.00570754 0.00357147 0.00200174 0.00402878 0.00306889 0.00518463 0.0018264 0.000549274 0.000375321
threshold=112.50000000000001 17.000000000000004 2.9500000000000006 3.1500000000000008 18.000000000000004 3.8500000000000001 4.7500000000000009 4.5500000000000007 3.3500000000000001 4.3500000000000005 3.4500000000000006 4.9500000000000011 3.5500000000000003
decision_type=2 2 2 2 2 2 2 2 2 2 2 2 2
left_child=2 10 4 -4 -1 6 7 8 -5 -10 -2 -12 -13
right_child=1 -3 3 5 -6 -7 -8 -9 9 -11 11 12 -14
leaf_value=0.00079224282526411136 0.00052712578460788998 0.0015106848269799511 -0.0012385054620810681 0.00060142145420496247 -0.0002655145186450212 -0.00052674003094105748 0.00039630200867577517 -0.00065010912911666024 -0.0002827949133309933 0.00058177155658016165 -0.00022403869795827909 0.0002260694945547467 0
leaf_weight=4.9999999999999982 5.0000000000000062 4.9999999999999991 6.9999999999999991 5.0000000000000027 6 8.9999999999999982 6.9999999999999991 5.9999999999999991 19.000000000000004 4.9999999999999991 4.9999999999999991 5.9999999999999982 5
leaf_count=5 5 5 7 5 6 9 7 6 19 5 5 6 5
internal_value=0 0.000444338 -0.000169713 -0.000244289 0.000109239 -7.91088e-05 0 -5.84584e-05 2.47583e-05 -4.77046e-05 0.000119626 0 8.57168e-05
internal_weight=95 26 69 58 11 51 42 35 29 24 21 16 11
internal_count=95 26 69 58 11 51 42 35 29 24 21 16 11
is_linear=0
shrinkage=0.025


Tree=192
num_leaves=14
num_cat=0
split_feature=2 0 3 3 0 3 2 3 3 4 0 3 4
split_gain=0.0112185 0.0163901 0.00478128 0.00453574 0.00760673 0.00334356 0.0198311 0.00690281 0.00302141 0.000748481 0.00210223 0.00066347 0.000401422
threshold=3.7500000000000004 7.0000000000000009 4.4500000000000011 5.2500000000000009 13.000000000000002 3.7500000000000004 3.2500000000000004 3.9500000000000006 4.2500000000000009 93.000000000000014 7.0000000000000009 5.3500000000000005 112.50000000000001
decision_type=2 2 2 2 2 2 2 2 2 2 2 2 2
left_child=2 -2 5 4 9 -1 -7 -8 -9 10 -4 -5 -11
right_child=1 -3 3 11 -6 6 7 8 -10 12 -12 -13 -14
leaf_value=0 0 0.0014930359217234783 0.00050682333108383157 0 0.0010109399475397604 -0.0015068644589585499 0.00064216928496476115 -0.00066684310714197473 0 -0.00029088296533490604 0 -0.00057604158184683624 0
leaf_weight=7.9999999999999991 8.9999999999999982 6.9999999999999991 6.0000000000000053 6.9999999999999982 5.9999999999999991 8.0000000000000018 6.0000000000000027 7.9999999999999991 7.9999999999999991 4.9999999999999982 7 5 5
leaf_count=8 9 7 6 7 6 8 6 8 8 5 7 5 5
internal_value=0 0.000598668 -0.00012337 3.75742e-05 0.000232776 -0.00032903 -0.000454022 -4.73719e-06 -0.000329421 0 0.000145306 -0.000327786 -0.000136158
internal_weight=95 16 79 41 29 38 30 22 16 23 13 12 10
internal_count=95 16 79 41 29 38 30 22 16 23 13 12 10
is_linear=0
shrinkage=0.025


Tree=193
num_leaves=14
num_cat=0
split_feature=0 2 0 2 2 3 2 3 2 2 3 3 2
split_gain=0.0107999 0.0351751 0.00332892 0.00957163 0.00963257 0.00144593 0.00299073 0.00257054 0.00139768 0.00126661 0.000148633 2.75038e-05 0.000844982
threshold=15.000000000000002 3.3500000000000001 5.0000000000000009 4.1500000000000012 3.6500000000000008 4.1500000000000012 3.5500000000000003 4.4500000000000011 3.5500000000000003 3.4500000000000006 4.5500000000000007 4.7500000000000009 3.4500000000000006
decision_type=2 2 2 2 2 2 2 2 2 2 2 2 2
left_child=2 -2 8 4 5 -4 7 -7 9 -1 -6 -9 -13
right_child=1 -3 3 -5 10 6 -8 11 -10 -11 -12 12 -14
leaf_value=-0.00033351001847121438 -0.00039296467115374048 0.0022771761882512897 0.00038050811839994138 0.0010204805894458192 -6.6256387015947864e-05 -0.00058387243371990096 0.00036543900701765199 5.6070691117873505e-05 -0.00063612058508189656 8.1241349331461439e-05 -0.00072281164458053984 -0.00031542526289390834 4.012365970993413e-05
leaf_weight=7.0000000000000018 5.9999999999999982 5 7.9999999999999991 4.9999999999999991 5.0000000000000027 6.0000000000000027 9.9999999999999982 5.0000000000000027 8.9999999999999982 5 11.999999999999998 4.9999999999999982 7
leaf_count=7 6 5 8 5 5 6 10 5 9 5 12 5 7
internal_value=0 0.000728119 -9.82135e-05 0 -9.87105e-05 8.29583e-05 0 -0.000147835 -0.000369393 -5.97391e-05 -0.000605397 0 -8.305e-06
internal_weight=95 11 84 63 58 41 33 23 21 12 17 17 12
internal_count=95 11 84 63 58 41 33 23 21 12 17 17 12
is_linear=0
shrinkage=0.025


Tree=194
num_leaves=14
num_cat=0
split_feature=2 0 3 3 0 4 2 2 2 3 0 0 0
split_gain=0.0104657 0.0153478 0.00440452 0.00437079 0.00714176 0.00353833 0.00316931 0.00595122 0.00335188 0.00325598 0.00213172 0.000744882 0.000256934
threshold=3.7500000000000004 7.0000000000000009 4.4500000000000011 5.2500000000000009 11.000000000000002 93.000000000000014 3.0500000000000003 3.2500000000000004 3.4500000000000006 4.1500000000000012 7.0000000000000009 13.000000000000002 13.000000000000002
decision_type=2 2 2 2 2 2 2 2 2 2 2 2 2
left_child=2 -2 6 4 5 10 -1 -8 -9 -10 -4 -5 -6
right_child=1 -3 3 11 12 -7 7 8 9 -11 -12 -13 -14
leaf_value=0 0 0.0014434594867957964 0.0005008826773959177 0 0.00019944126965598235 -0.00056830963660632421 -0.0012738016971315322 0.00021546642439296596 -0.00083183406580549933 -2.392422312800963e-05 -4.5538650682339278e-05 -0.00049324499747550963 0.00097096293729038963
leaf_weight=8.9999999999999982 8.9999999999999982 6.9999999999999991 6.0000000000000053 4.9999999999999982 5.9999999999999982 5.9999999999999991 5.0000000000000027 5.0000000000000027 7.0000000000000027 11.999999999999998 5 7 6
leaf_count=9 9 7 6 5 6 6 5 5 7 12 5 7 6
internal_value=0 0.000577852 -0.000119534 3.37495e-05 0.000226084 -3.80726e-05 -0.000316953 -0.000446384 -0.00021325 -0.000392244 0.000144524 -0.000324687 0.000697255
internal_weight=95 16 79 41 29 17 38 29 24 19 11 12 12
internal_count=95 16 79 41 29 17 38 29 24 19 11 12 12
is_linear=0
shrinkage=0.025


Tree=195
num_leaves=14
num_cat=0
split_feature=4 0 2 2 1 2 3 3 2 3 2 3 2
split_gain=0.0102317 0.0105341 0.00251854 0.0116795 0.00582842 0.00380397 0.00194249 0.00430367 0.0031307 0.00475026 0.00170524 0.000421235 0.000363531
threshold=112.50000000000001 17.000000000000004 2.9500000000000006 3.1500000000000008 18.000000000000004 3.8500000000000001 4.7500000000000009 4.5500000000000007 3.3500000000000001 4.3500000000000005 3.4500000000000006 4.9500000000000011 3.5500000000000003
decision_type=2 2 2 2 2 2 2 2 2 2 2 2 2
left_child=2 10 4 -4 -1 6 7 8 -5 -10 -2 -12 -13
right_child=1 -3 3 5 -6 -7 -8 -9 9 -11 11 12 -14
leaf_value=0.00080408147321297586 0.00049818313788049426 0.0014520221293563597 -0.0011916857290392123 0.00061573317775932607 -0.0002636178370354877 -0.00053837017435200889 0.00039575712997045936 -0.0006639306226955547 -0.00026213261668696456 0.00056806207963885609 -0.00020718393990626699 0.00020762401464091983 0
leaf_weight=4.9999999999999982 5.0000000000000062 4.9999999999999991 6.9999999999999991 5.0000000000000027 6 8.9999999999999982 6.9999999999999991 5.9999999999999991 19.000000000000004 4.9999999999999991 4.9999999999999991 5.9999999999999982 5
leaf_count=5 5 5 7 5 6 9 7 6 19 5 5 6 5
internal_value=0 0.000419219 -0.000160845 -0.000235005 0.000115785 -7.51394e-05 0 -4.95335e-05 3.84517e-05 -3.42572e-05 0.000102973 0 5.98068e-05
internal_weight=95 26 69 58 11 51 42 35 29 24 21 16 11
internal_count=95 26 69 58 11 51 42 35 29 24 21 16 11
is_linear=0
shrinkage=0.025


Tree=196
num_leaves=14
num_cat=0
split_feature=2 0 0 2 1 2 3 3 2 3 3 2 3
split_gain=0.0100885 0.0146054 0.00452776 0.00806284 0.00517628 0.0045246 0.0032521 0.00327083 0.00658389 0.00302351 0.0014261 0.00124922 0.000129522
threshold=3.7500000000000004 7.0000000000000009 17.000000000000004 2.9500000000000006 7.0000000000000009 3.6500000000000008 4.3500000000000005 4.5500000000000007 3.3500000000000001 4.9500000000000011 4.8500000000000005 3.5500000000000003 5.2500000000000009
decision_type=2 2 2 2 2 2 2 2 2 2 2 2 2
left_child=2 -2 3 -1 -5 6 11 -8 -9 -10 -7 -6 -11
right_child=1 -3 -4 4 5 10 7 8 9 12 -12 -13 -14
leaf_value=0.00057779199868331066 0 0.0014112470244678358 -0.00084861569199487215 -0.00073010412895161184 -0.00036963520699418058 -0.00085515867999325025 0.0008205078072093709 -0.00066753183379590186 0.00084482289564151046 0 -2.1852191674688175e-06 0 0.00011426568581232604
leaf_weight=9.9999999999999982 8.9999999999999982 6.9999999999999991 4.9999999999999991 8.9999999999999982 10 4.9999999999999982 5.0000000000000027 5.0000000000000027 4.9999999999999991 4.9999999999999982 6 8 6
leaf_count=10 9 7 5 9 10 5 5 5 5 5 6 8 6
internal_value=0 0.000567171 -0.000117532 -4.9134e-05 -0.000168056 -5.1128e-05 3.70613e-05 0.000237706 3.35497e-05 0.000335335 -0.000509855 -0.000183505 0
internal_weight=95 16 79 74 64 55 44 26 21 16 11 18 11
internal_count=95 16 79 74 64 55 44 26 21 16 11 18 11
is_linear=0
shrinkage=0.025


Tree=197
num_leaves=12
num_cat=0
split_feature=2 0 2 1 2 2 4 3 2 2 0
split_gain=0.00967455 0.00478679 0.00682769 0.005788 0.00216393 0.00627922 0.0126979 0.00854488 0.00389873 0.00132523 0.000573749
threshold=3.9500000000000006 17.000000000000004 2.9500000000000006 7.0000000000000009 3.1500000000000008 3.3500000000000001 74.500000000000014 4.7500000000000009 3.7500000000000004 3.6500000000000008 13.000000000000002
decision_type=2 2 2 2 2 2 2 2 2 2 2
left_child=1 2 -1 -4 -5 -6 -7 8 -8 10 -9
right_child=-2 -3 3 4 5 6 7 9 -10 -11 -12
leaf_value=0.00056363044571423654 0.00076867316409176155 -0.00082821619863142804 -0.00071224833676672514 0.0003987787389046242 -0.00083317285358545283 0.00053849422091753788 -0.0011281258074521293 0.00030974610850623824 0 -0.00027739525629350773 0
leaf_weight=9.9999999999999982 8.9999999999999982 4.9999999999999991 8.9999999999999982 5.9999999999999991 5.9999999999999991 18 7.9999999999999982 8.0000000000000018 5 4.9999999999999991 5.9999999999999991
leaf_count=10 9 5 9 6 6 18 8 8 5 5 6
internal_value=0 -8.41701e-05 -2.09204e-05 -0.00012216 -1.43904e-05 -8.21622e-05 0 -0.000287343 -0.000778459 0 0.000173639
internal_weight=95 86 81 71 62 56 50 32 13 19 14
internal_count=95 86 81 71 62 56 50 32 13 19 14
is_linear=0
shrinkage=0.025


end of trees

feature_importances:
boost_clock_ghz=664
base_clock_ghz=626
core_count=458
thread_count=326
tdp_watts=226

parameters:
[boosting: gbdt]
[objective: regression]
[metric: l1,l2]
[tree_learner: serial]
[device_type: cpu]
[data_sample_strategy: bagging]
[data: ]
[valid: ]
[num_iterations: 700]
[learning_rate: 0.025]
[num_leaves: 24]
[num_threads: 1]
[seed: 20260722]
[deterministic: 1]
[force_col_wise: 1]
[force_row_wise: 0]
[histogram_pool_size: -1]
[max_depth: -1]
[min_data_in_leaf: 5]
[min_sum_hessian_in_leaf: 0.001]
[bagging_fraction: 1]
[pos_bagging_fraction: 1]
[neg_bagging_fraction: 1]
[bagging_freq: 0]
[bagging_seed: 20260722]
[bagging_by_query: 0]
[feature_fraction: 1]
[feature_fraction_bynode: 1]
[feature_fraction_seed: 20260722]
[extra_trees: 0]
[extra_seed: 20260722]
[early_stopping_round: 0]
[early_stopping_min_delta: 0]
[first_metric_only: 0]
[max_delta_step: 0]
[lambda_l1: 0.05]
[lambda_l2: 0.2]
[linear_lambda: 0]
[min_gain_to_split: 0]
[drop_rate: 0.1]
[max_drop: 50]
[skip_drop: 0.5]
[xgboost_dart_mode: 0]
[uniform_drop: 0]
[drop_seed: 20260722]
[top_rate: 0.2]
[other_rate: 0.1]
[min_data_per_group: 100]
[max_cat_threshold: 32]
[cat_l2: 10]
[cat_smooth: 10]
[max_cat_to_onehot: 4]
[top_k: 20]
[monotone_constraints: ]
[monotone_constraints_method: basic]
[monotone_penalty: 0]
[feature_contri: ]
[forcedsplits_filename: ]
[refit_decay_rate: 0.9]
[cegb_tradeoff: 1]
[cegb_penalty_split: 0]
[cegb_penalty_feature_lazy: ]
[cegb_penalty_feature_coupled: ]
[path_smooth: 0]
[interaction_constraints: ]
[verbosity: -1]
[saved_feature_importance_type: 0]
[use_quantized_grad: 0]
[num_grad_quant_bins: 4]
[quant_train_renew_leaf: 0]
[stochastic_rounding: 1]
[linear_tree: 0]
[max_bin: 255]
[max_bin_by_feature: ]
[min_data_in_bin: 3]
[bin_construct_sample_cnt: 200000]
[data_random_seed: 20260722]
[is_enable_sparse: 1]
[enable_bundle: 1]
[use_missing: 1]
[zero_as_missing: 0]
[feature_pre_filter: 1]
[pre_partition: 0]
[two_round: 0]
[header: 0]
[label_column: ]
[weight_column: ]
[group_column: ]
[ignore_column: ]
[categorical_feature: ]
[forcedbins_filename: ]
[precise_float_parser: 0]
[parser_config_file: ]
[objective_seed: 28388]
[num_class: 1]
[is_unbalance: 0]
[scale_pos_weight: 1]
[sigmoid: 1]
[boost_from_average: 1]
[reg_sqrt: 0]
[alpha: 0.9]
[fair_c: 1]
[poisson_max_delta_step: 0.7]
[tweedie_variance_power: 1.5]
[lambdarank_truncation_level: 30]
[lambdarank_norm: 1]
[label_gain: ]
[lambdarank_position_bias_regularization: 0]
[eval_at: ]
[multi_error_top_k: 1]
[auc_mu_weights: ]
[num_machines: 1]
[local_listen_port: 12400]
[time_out: 120]
[machine_list_filename: ]
[machines: ]
[gpu_platform_id: -1]
[gpu_device_id: -1]
[gpu_device_id_list: ]
[gpu_use_dp: 0]
[num_gpu: 1]

end of parameters

pandas_categorical:[]
