tree
version=v4
num_class=1
num_tree_per_iteration=1
label_index=0
max_feature_idx=4
objective=regression
feature_names=core_count thread_count base_clock_ghz boost_clock_ghz tdp_watts
feature_infos=[4:32] [4:64] [2:4.7000000000000002] [3.3999999999999999:6] [58:350]
tree_sizes=1319 1360 1362 1359 1357 1365 1365 1365 1363 1364 1362 1368 1351 1366 1348 1369 1352 1367 1350 1370 1365 1352 1353 1352 1367 1335 1355 1331 1351 1331 1353 1352 1354 1497 1353 1337 1334 1331 1340 1342 1417 1407 1431 1355 1385 1386 1353 1383 1373 1386 1369 1292 1368 1372 1373 1354 1376 1339 1358 1284 1323 1323 1324 1323 1240 1328 1247 1247 1266 1247 1249 1326 1244 1331 1234 1332 1251 1350 1237 1348 1273 1175 1445 1350 1436 1521 1284 1526 1524 1448 1288 1602 1466 1621 1606 1385 1607 1622 1612 1468 1548 1469 1365 1549 1456 1553 1371 1551 1468 1374 1548 1470 1552 1388 1376 1473 1459 1551 1488 1458 1547 1489 1375 1491 1488 1555 1494 1375 1495 1398 1494 1391 1494 1394 1411 1487 1393 1507 1393 1511 1394 1392 1482 1481 1479 1444 1396 1571 1593 1493 1588 1392 1592 1589 1588 1395 1588 1640 1495 1582 1572 1569 1596 1660 1402 1403 1401 1677 1637 1563 1542 1560 1638 1559 1582 1562 1640 1579 1514 1587 1518 1599 1586 1545 1500 1648 1580 1579 1502 1646 1639 1581 1523 1485 1467 1566 1468 1482 1480 1486 1483 1472 1664 1463 1487 1667 1474 1601 1405 1664

Tree=0
num_leaves=13
num_cat=0
split_feature=0 0 1 3 3 4 0 3 2 0 2 1
split_gain=105128 27384.2 14346.8 5400.15 3513.63 834.901 628.679 623.306 439.536 429.077 202.117 104.725
threshold=11.000000000000002 17.000000000000004 10.000000000000002 5.2500000000000009 4.6500000000000012 112.50000000000001 7.0000000000000009 4.4500000000000011 3.8500000000000001 13.000000000000002 3.4500000000000006 5.0000000000000009
decision_type=2 2 2 2 2 2 2 2 2 2 2 2
left_child=2 3 7 9 6 8 10 11 -6 -2 -4 -1
right_child=1 -3 4 -5 5 -7 -8 -9 -10 -11 -12 -13
leaf_value=57.753438943218974 59.358637337889689 61.704534841514807 58.272347244301557 60.358674216688726 58.720109026055589 59.184873432275189 58.711483668673829 58.26172405370334 59.014675670669149 59.666624164743212 58.489392907430023 57.985288592989662
leaf_weight=8.0000000000000036 8.0000000000000053 5.9999999999999991 6.0000000000000062 6.9999999999999991 8.0000000000000018 5.9999999999999991 5.9999999999999991 4.9999999999999991 4.9999999999999991 5.9999999999999991 9.9999999999999982 14
leaf_count=8 8 6 6 7 8 6 6 5 5 6 10 14
internal_value=58.9239 60.238 58.3998 59.7967 58.6965 58.9457 58.4829 57.9543 58.8332 59.4993 58.4009 57.8911
internal_weight=95 27 68 21 41 19 22 27 13 14 16 22
internal_count=95 27 68 21 41 19 22 27 13 14 16 22
is_linear=0
shrinkage=1


Tree=1
num_leaves=13
num_cat=0
split_feature=0 0 1 3 3 4 0 3 2 0 2 1
split_gain=100080 26077.5 13652.4 5140.52 3345.11 794.841 598.234 591.347 418.459 408.82 192.794 100.591
threshold=11.000000000000002 17.000000000000004 10.000000000000002 5.2500000000000009 4.6500000000000012 112.50000000000001 7.0000000000000009 4.4500000000000011 3.8500000000000001 13.000000000000002 3.4500000000000006 5.0000000000000009
decision_type=2 2 2 2 2 2 2 2 2 2 2 2
left_child=2 3 7 9 6 8 10 11 -6 -2 -4 -1
right_child=1 -3 4 -5 5 -7 -8 -9 -10 -11 -12 -13
leaf_value=-1.1419114229155745 0.42413577132108699 2.7133632675293953 -0.63578756086287891 1.399903016620212 -0.19881867548314533 0.25466134163641163 -0.20727542984870173 -0.64625646151029148 0.088595356849523688 0.72475681458750074 -0.42385562541438082 -0.91547481644321493
leaf_weight=8.0000000000000036 8.0000000000000053 5.9999999999999991 6.0000000000000062 6.9999999999999991 8.0000000000000018 5.9999999999999991 5.9999999999999991 4.9999999999999991 4.9999999999999991 5.9999999999999991 9.9999999999999982 14
leaf_count=8 8 6 6 7 8 6 6 5 5 6 10 14
internal_value=6.38131e-05 1.28225 -0.51129 0.851566 -0.2219 0.0213168 -0.430307 -0.945825 -0.0885127 0.561455 -0.510275 -1.00742
internal_weight=95 27 68 21 41 19 22 27 13 14 16 22
internal_count=95 27 68 21 41 19 22 27 13 14 16 22
is_linear=0
shrinkage=0.025


Tree=2
num_leaves=13
num_cat=0
split_feature=0 0 1 3 3 4 0 3 2 0 2 1
split_gain=95275.3 24833.2 12991.5 4893.37 3184.68 756.703 569.263 561.02 398.393 389.518 183.899 96.6096
threshold=11.000000000000002 17.000000000000004 10.000000000000002 5.2500000000000009 4.6500000000000012 112.50000000000001 7.0000000000000009 4.4500000000000011 3.8500000000000001 13.000000000000002 3.4500000000000006 5.0000000000000009
decision_type=2 2 2 2 2 2 2 2 2 2 2 2
left_child=2 3 7 9 6 8 10 11 -6 -2 -4 -1
right_child=1 -3 4 -5 5 -7 -8 -9 -10 -11 -12 -13
leaf_value=-1.1140599460136593 0.41379099706324096 2.6477173882146037 -0.6204056401406558 1.3658776124318441 -0.19396943348210027 0.24850017678353098 -0.20226070265616142 -0.63072143701406624 0.086465655381862933 0.70722239709669543 -0.4134669939676921 -0.89291031797167264
leaf_weight=8.0000000000000036 8.0000000000000053 5.9999999999999991 6.0000000000000062 6.9999999999999991 8.0000000000000018 5.9999999999999991 5.9999999999999991 4.9999999999999991 4.9999999999999991 5.9999999999999991 9.9999999999999982 14
leaf_count=8 8 6 6 7 8 6 6 5 5 6 10 14
internal_value=0.000136981 1.25117 -0.49879 0.830881 -0.21649 0.0208215 -0.419838 -0.922679 -0.0863392 0.547825 -0.497847 -0.982697
internal_weight=95 27 68 21 41 19 22 27 13 14 16 22
internal_count=95 27 68 21 41 19 22 27 13 14 16 22
is_linear=0
shrinkage=0.025


Tree=3
num_leaves=13
num_cat=0
split_feature=0 0 1 3 3 4 0 3 2 0 2 1
split_gain=90701 23648.2 12362.7 4658.1 3031.94 720.395 541.694 532.242 379.29 371.126 175.413 92.777
threshold=11.000000000000002 17.000000000000004 10.000000000000002 5.2500000000000009 4.6500000000000012 112.50000000000001 7.0000000000000009 4.4500000000000011 3.8500000000000001 13.000000000000002 3.4500000000000006 5.0000000000000009
decision_type=2 2 2 2 2 2 2 2 2 2 2 2
left_child=2 3 7 9 6 8 10 11 -6 -2 -4 -1
right_child=1 -3 4 -5 5 -7 -8 -9 -10 -11 -12 -13
leaf_value=-1.0868877410888664 0.40369854380444753 2.5836597150371925 -0.60539579083842543 1.3326791365941366 -0.18923846962975288 0.242488085069964 -0.19736729591123522 -0.61555988146708562 0.084387156883111367 0.6901121493308775 -0.40333300758810608 -0.87090196945297882
leaf_weight=8.0000000000000036 8.0000000000000053 5.9999999999999991 6.0000000000000062 6.9999999999999991 8.0000000000000018 5.9999999999999991 5.9999999999999991 4.9999999999999991 4.9999999999999991 5.9999999999999991 9.9999999999999982 14
leaf_count=8 8 6 6 7 8 6 6 5 5 6 10 14
internal_value=0.000206519 1.22084 -0.486596 0.810699 -0.211211 0.0203377 -0.409623 -0.900099 -0.0842191 0.534526 -0.485722 -0.958583
internal_weight=95 27 68 21 41 19 22 27 13 14 16 22
internal_count=95 27 68 21 41 19 22 27 13 14 16 22
is_linear=0
shrinkage=0.025


Tree=4
num_leaves=13
num_cat=0
split_feature=0 0 1 3 3 4 0 3 2 0 2 1
split_gain=86346.3 22519.8 11764.3 4434.15 2886.53 685.829 515.46 504.934 361.103 353.601 167.317 89.088
threshold=11.000000000000002 17.000000000000004 10.000000000000002 5.2500000000000009 4.6500000000000012 112.50000000000001 7.0000000000000009 4.4500000000000011 3.8500000000000001 13.000000000000002 3.4500000000000006 5.0000000000000009
decision_type=2 2 2 2 2 2 2 2 2 2 2 2
left_child=2 3 7 9 6 8 10 11 -6 -2 -4 -1
right_child=1 -3 4 -5 5 -7 -8 -9 -10 -11 -12 -13
leaf_value=-1.0603782932932777 0.3938522257455962 2.5211517472420972 -0.59074915301415165 1.300287667910258 -0.18462290182346247 0.2366214383033014 -0.19259228225677247 -0.6007627578882071 0.082358617679430882 0.67341590389128658 -0.39344739259458056 -0.84943605678182255
leaf_weight=8.0000000000000036 8.0000000000000053 5.9999999999999991 6.0000000000000062 6.9999999999999991 8.0000000000000018 5.9999999999999991 5.9999999999999991 4.9999999999999991 4.9999999999999991 5.9999999999999991 9.9999999999999982 14
leaf_count=8 8 6 6 7 8 6 6 5 5 6 10 14
internal_value=0.000272565 1.19124 -0.4747 0.791007 -0.206061 0.0198651 -0.399657 -0.878072 -0.082151 0.52155 -0.473892 -0.935061
internal_weight=95 27 68 21 41 19 22 27 13 14 16 22
internal_count=95 27 68 21 41 19 22 27 13 14 16 22
is_linear=0
shrinkage=0.025


Tree=5
num_leaves=13
num_cat=0
split_feature=0 0 1 3 3 3 0 3 0 2 2 1
split_gain=82200.6 21445.3 11194.9 4220.95 2748.1 666.326 490.495 479.022 336.902 168.973 159.593 85.5373
threshold=11.000000000000002 17.000000000000004 10.000000000000002 5.2500000000000009 4.6500000000000012 5.0500000000000007 7.0000000000000009 4.4500000000000011 13.000000000000002 3.6500000000000008 3.4500000000000006 5.0000000000000009
decision_type=2 2 2 2 2 2 2 2 2 2 2 2
left_child=2 3 7 8 6 9 10 11 -2 -6 -4 -1
right_child=1 -3 4 -5 5 -7 -8 -9 -10 -11 -12 -13
leaf_value=-1.034515390163514 0.38424607369957875 2.4601561992399157 -0.57645682058026648 1.2686833977699281 -0.19211263817090243 0.23305780349239225 -0.18793279297890203 -0.58632133190448465 0.6571235779793031 -0.0086495327876835362 -0.38380406230103736 -0.82849925873984742
leaf_weight=8.0000000000000036 8.0000000000000053 5.9999999999999991 6.0000000000000062 6.9999999999999991 5.0000000000000027 5.9999999999999991 5.9999999999999991 4.9999999999999991 5.9999999999999991 7.9999999999999991 9.9999999999999982 14
leaf_count=8 8 6 6 7 5 6 6 5 6 8 10 14
internal_value=0.000335249 1.16236 -0.463095 0.771793 -0.201037 0.0194035 -0.389933 -0.856584 0.50889 -0.0811486 -0.462351 -0.912116
internal_weight=95 27 68 21 41 19 22 27 14 13 16 22
internal_count=95 27 68 21 41 19 22 27 14 13 16 22
is_linear=0
shrinkage=0.025


Tree=6
num_leaves=13
num_cat=0
split_feature=0 0 1 3 3 3 0 3 0 2 2 1
split_gain=78254.9 20422 10652.6 4018.01 2615.92 634.53 466.739 454.434 320.991 160.945 152.224 82.1204
threshold=11.000000000000002 17.000000000000004 10.000000000000002 5.2500000000000009 4.6500000000000012 5.0500000000000007 7.0000000000000009 4.4500000000000011 13.000000000000002 3.6500000000000008 3.4500000000000006 5.0000000000000009
decision_type=2 2 2 2 2 2 2 2 2 2 2 2
left_child=2 3 7 8 6 9 10 11 -2 -6 -4 -1
right_child=1 -3 4 -5 5 -7 -8 -9 -10 -11 -12 -13
leaf_value=-1.0092833077035293 0.37487422823905919 2.4006362315147154 -0.56251030275898528 1.2378473851415848 -0.18749454021453849 0.22741930215589462 -0.18338602954341521 -0.57222708005171563 0.64122542719687181 -0.0084385725056252848 -0.37439710766661405 -0.80807851603333369
leaf_weight=8.0000000000000036 8.0000000000000053 5.9999999999999991 6.0000000000000062 6.9999999999999991 5.0000000000000027 5.9999999999999991 5.9999999999999991 4.9999999999999991 5.9999999999999991 7.9999999999999991 9.9999999999999982 14
leaf_count=8 8 6 6 7 5 6 6 5 6 8 10 14
internal_value=0.000388837 1.13418 -0.451781 0.753046 -0.196149 0.0189235 -0.380446 -0.835622 0.496536 -0.0791983 -0.45109 -0.889734
internal_weight=95 27 68 21 41 19 22 27 14 13 16 22
internal_count=95 27 68 21 41 19 22 27 14 13 16 22
is_linear=0
shrinkage=0.025


Tree=7
num_leaves=13
num_cat=0
split_feature=0 0 1 3 3 4 0 3 2 0 2 1
split_gain=74498.5 19447.5 10136.5 3824.82 2490.1 614.327 444.132 431.103 327.186 305.83 145.194 78.8327
threshold=11.000000000000002 17.000000000000004 10.000000000000002 5.2500000000000009 4.6500000000000012 112.50000000000001 7.0000000000000009 4.4500000000000011 3.8500000000000001 13.000000000000002 3.4500000000000006 5.0000000000000009
decision_type=2 2 2 2 2 2 2 2 2 2 2 2
left_child=2 3 7 9 6 8 10 11 -6 -2 -4 -1
right_child=1 -3 4 -5 5 -7 -8 -9 -10 -11 -12 -13
leaf_value=-0.98466663593199133 0.36573095241697801 2.3425563504618987 -0.54890115491805469 1.2077607817120022 -0.17563290552395142 0.22360747937233216 -0.17894927320941803 -0.55847161182990435 0.078493631573823774 0.62571190710990665 -0.36522070379818189 -0.78816108166331977
leaf_weight=8.0000000000000036 8.0000000000000053 5.9999999999999991 6.0000000000000062 6.9999999999999991 8.0000000000000018 5.9999999999999991 5.9999999999999991 4.9999999999999991 4.9999999999999991 5.9999999999999991 9.9999999999999982 14
leaf_count=8 8 6 6 7 8 6 6 5 5 6 10 14
internal_value=0.000439581 1.10669 -0.440745 0.734754 -0.191379 0.0184554 -0.37119 -0.815173 -0.0780889 0.484483 -0.440104 -0.867901
internal_weight=95 27 68 21 41 19 22 27 13 14 16 22
internal_count=95 27 68 21 41 19 22 27 13 14 16 22
is_linear=0
shrinkage=0.025


Tree=8
num_leaves=13
num_cat=0
split_feature=0 0 1 3 3 3 0 3 0 2 2 1
split_gain=70921.8 18519.5 9645.91 3640.91 2370.68 587.8 422.62 408.965 291.384 143.76 138.488 75.6697
threshold=11.000000000000002 17.000000000000004 10.000000000000002 5.2500000000000009 4.6500000000000012 5.0500000000000007 7.0000000000000009 4.4500000000000011 13.000000000000002 3.6500000000000008 3.4500000000000006 5.0000000000000009
decision_type=2 2 2 2 2 2 2 2 2 2 2 2
left_child=2 3 7 8 6 9 10 11 -2 -6 -4 -1
right_child=1 -3 4 -5 5 -7 -8 -9 -10 -11 -12 -13
leaf_value=-0.96065038355385335 0.35681067792380705 2.2858815470049461 -0.53562130158947296 1.1784055074055988 -0.17876551105425897 0.21870234973969002 -0.17461985522700896 -0.54504681183741643 0.61057371939382243 -0.0094825175113794295 -0.35626922214732448 -0.76873457465373285
leaf_weight=8.0000000000000036 8.0000000000000053 5.9999999999999991 6.0000000000000062 6.9999999999999991 5.0000000000000027 5.9999999999999991 5.9999999999999991 4.9999999999999991 5.9999999999999991 7.9999999999999991 9.9999999999999982 14
leaf_count=8 8 6 6 7 5 6 6 5 6 8 10 14
internal_value=0.00049326 1.07986 -0.42997 0.716907 -0.186713 0.0180269 -0.36216 -0.795225 0.472722 -0.0764081 -0.429386 -0.846604
internal_weight=95 27 68 21 41 19 22 27 14 13 16 22
internal_count=95 27 68 21 41 19 22 27 14 13 16 22
is_linear=0
shrinkage=0.025


Tree=9
num_leaves=13
num_cat=0
split_feature=0 0 1 3 3 4 0 3 2 0 2 1
split_gain=67517.5 17635.8 9178.63 3465.85 2256.66 567.408 402.149 387.958 304.049 277.619 132.09 72.627
threshold=11.000000000000002 17.000000000000004 10.000000000000002 5.2500000000000009 4.6500000000000012 112.50000000000001 7.0000000000000009 4.4500000000000011 3.8500000000000001 13.000000000000002 3.4500000000000006 5.0000000000000009
decision_type=2 2 2 2 2 2 2 2 2 2 2 2
left_child=2 3 7 9 6 8 10 11 -6 -2 -4 -1
right_child=1 -3 4 -5 5 -7 -8 -9 -10 -11 -12 -13
leaf_value=-0.93721988491895658 0.34810798655195913 2.2305780310784615 -0.52266271345076953 1.1497637139426338 -0.16923304941596051 0.21474663749817879 -0.17039518279414023 -0.53194474348655107 0.07573767184064939 0.59580179260623067 -0.34753713701285571 -0.74978688938516969
leaf_weight=8.0000000000000036 8.0000000000000053 5.9999999999999991 6.0000000000000062 6.9999999999999991 8.0000000000000018 5.9999999999999991 5.9999999999999991 4.9999999999999991 4.9999999999999991 5.9999999999999991 9.9999999999999982 14
leaf_count=8 8 6 6 7 8 6 6 5 5 6 10 14
internal_value=0.000538507 1.05368 -0.419466 0.699493 -0.182173 0.0175809 -0.353349 -0.775764 -0.0751989 0.461247 -0.418928 -0.82583
internal_weight=95 27 68 21 41 19 22 27 13 14 16 22
internal_count=95 27 68 21 41 19 22 27 13 14 16 22
is_linear=0
shrinkage=0.025


Tree=10
num_leaves=13
num_cat=0
split_feature=0 0 1 3 3 3 0 3 0 2 2 1
split_gain=64275.9 16794.3 8734.38 3299.2 2148.45 544.53 382.668 368.027 264.503 128.25 125.986 69.7002
threshold=11.000000000000002 17.000000000000004 10.000000000000002 5.2500000000000009 4.6500000000000012 5.0500000000000007 7.0000000000000009 4.4500000000000011 13.000000000000002 3.6500000000000008 3.4500000000000006 5.0000000000000009
decision_type=2 2 2 2 2 2 2 2 2 2 2 2
left_child=2 3 7 8 6 9 10 11 -2 -6 -4 -1
right_child=1 -3 4 -5 5 -7 -8 -9 -10 -11 -12 -13
leaf_value=-0.91436084654273009 0.33961754132334754 2.176612439463216 -0.51001763805266298 1.1218180894851686 -0.17040016192656288 0.21032449583853446 -0.1662727169452175 -0.51915758481392493 0.58138722450502456 -0.010452393933040342 -0.33901906761468625 -0.73130624260700916
leaf_weight=8.0000000000000036 8.0000000000000053 5.9999999999999991 6.0000000000000062 6.9999999999999991 5.0000000000000027 5.9999999999999991 5.9999999999999991 4.9999999999999991 5.9999999999999991 7.9999999999999991 9.9999999999999982 14
leaf_count=8 8 6 6 7 5 6 6 5 6 8 10 14
internal_value=0.000586677 1.02814 -0.409211 0.682503 -0.177731 0.017173 -0.344752 -0.75678 0.45005 -0.0737152 -0.408726 -0.805566
internal_weight=95 27 68 21 41 19 22 27 14 13 16 22
internal_count=95 27 68 21 41 19 22 27 14 13 16 22
is_linear=0
shrinkage=0.025


Tree=11
num_leaves=13
num_cat=0
split_feature=0 0 1 3 3 4 0 3 2 0 2 1
split_gain=61190.6 15992.9 8311.26 3140.57 2045.12 524.098 364.131 349.114 282.662 252.005 120.163 66.8856
threshold=11.000000000000002 17.000000000000004 10.000000000000002 5.2500000000000009 4.6500000000000012 112.50000000000001 7.0000000000000009 4.4500000000000011 3.8500000000000001 13.000000000000002 3.4500000000000006 5.0000000000000009
decision_type=2 2 2 2 2 2 2 2 2 2 2 2
left_child=2 3 7 9 6 8 10 11 -6 -2 -4 -1
right_child=1 -3 4 -5 5 -7 -8 -9 -10 -11 -12 -13
leaf_value=-0.89205937036653793 0.33133419861153834 2.1239524279871298 -0.49767850752799686 1.0945516665776569 -0.16308535075769187 0.20624311201034057 -0.16224999370113499 -0.50667783938921418 0.073106884727111229 0.56732138587582492 -0.33070978627485387 -0.71328109284521823
leaf_weight=8.0000000000000036 8.0000000000000053 5.9999999999999991 6.0000000000000062 6.9999999999999991 8.0000000000000018 5.9999999999999991 5.9999999999999991 4.9999999999999991 4.9999999999999991 5.9999999999999991 9.9999999999999982 14
leaf_count=8 8 6 6 7 8 6 6 5 5 6 10 14
internal_value=0.000626824 1.00321 -0.399215 0.665925 -0.17341 0.0167481 -0.336365 -0.738261 -0.0724162 0.439126 -0.398771 -0.785799
internal_weight=95 27 68 21 41 19 22 27 13 14 16 22
internal_count=95 27 68 21 41 19 22 27 13 14 16 22
is_linear=0
shrinkage=0.025


Tree=12
num_leaves=13
num_cat=0
split_feature=0 2 1 0 3 3 3 0 3 2 2 1
split_gain=58252.9 15343.7 7908.99 2144.98 1947.05 504.46 433.408 346.491 331.169 114.608 114.262 64.179
threshold=11.000000000000002 3.6500000000000008 10.000000000000002 15.000000000000002 4.6500000000000012 5.0500000000000007 4.9500000000000011 7.0000000000000009 4.4500000000000011 3.4500000000000006 3.6500000000000008 5.0000000000000009
decision_type=2 2 2 2 2 2 2 2 2 2 2 2
left_child=2 3 8 6 7 10 -2 9 11 -4 -6 -1
right_child=1 -3 4 -5 5 -7 -8 -9 -10 -11 -12 -13
leaf_value=-0.87030182582576066 0.21517136397380965 1.9725262297524351 -0.48563789244620975 0.89967754016751833 -0.16238369483214149 0.20227232556189262 0.54015789215381316 -0.15832458946012684 -0.49449808872663059 -0.32260414478825589 -0.011352160209562721 -0.69570021092052192
leaf_weight=8.0000000000000036 6.0000000000000053 6.9999999999999991 6.0000000000000062 8.9999999999999982 5.0000000000000027 5.9999999999999991 5 5.9999999999999991 4.9999999999999991 9.9999999999999982 7.9999999999999991 14
leaf_count=8 6 7 6 9 5 6 5 6 5 10 8 14
internal_value=0.00066989 0.978892 -0.389455 0.614971 -0.169181 0.0163597 0.370012 -0.328182 -0.720195 -0.38906 -0.0711161 -0.766517
internal_weight=95 27 68 20 41 19 11 22 27 16 13 22
internal_count=95 27 68 20 41 19 11 22 27 16 13 22
is_linear=0
shrinkage=0.025


Tree=13
num_leaves=13
num_cat=0
split_feature=0 0 1 3 3 4 0 3 2 0 2 1
split_gain=55450.8 15053.3 7525.85 2865.68 1853.41 484.119 329.705 314.143 262.889 246.834 109.309 61.5766
threshold=11.000000000000002 17.000000000000004 10.000000000000002 5.2500000000000009 4.6500000000000012 112.50000000000001 7.0000000000000009 4.4500000000000011 3.8500000000000001 13.000000000000002 3.4500000000000006 5.0000000000000009
decision_type=2 2 2 2 2 2 2 2 2 2 2 2
left_child=2 3 7 9 6 8 10 11 -6 -2 -4 -1
right_child=1 -3 4 -5 5 -7 -8 -9 -10 -11 -12 -13
leaf_value=-0.84907497778171404 0.30629839170269829 2.0421480765265803 -0.47388859410439715 1.0374019914203219 -0.1571797588976418 0.19808245551201609 -0.15449415945237685 -0.48261112983410182 0.070595358197505662 0.53748894583794371 -0.31469717493244248 -0.67855268330641194
leaf_weight=8.0000000000000036 8.0000000000000053 5.9999999999999991 6.0000000000000062 6.9999999999999991 8.0000000000000018 5.9999999999999991 5.9999999999999991 4.9999999999999991 4.9999999999999991 5.9999999999999991 9.9999999999999982 14
leaf_count=8 8 6 6 7 8 6 6 5 5 6 10 14
internal_value=0.00068486 0.95509 -0.379941 0.628107 -0.165068 0.0159548 -0.320197 -0.702571 -0.069737 0.411643 -0.379585 -0.747708
internal_weight=95 27 68 21 41 19 22 27 13 14 16 22
internal_count=95 27 68 21 41 19 22 27 13 14 16 22
is_linear=0
shrinkage=0.025


Tree=14
num_leaves=13
num_cat=0
split_feature=0 2 1 0 3 3 3 0 3 3 2 1
split_gain=52788.6 14495.2 7161.6 1885.39 1764.54 467.354 392.248 313.732 297.988 105.215 101.656 59.0745
threshold=11.000000000000002 3.6500000000000008 10.000000000000002 15.000000000000002 4.6500000000000012 5.0500000000000007 4.9500000000000011 7.0000000000000009 4.4500000000000011 4.3500000000000005 3.6500000000000008 5.0000000000000009
decision_type=2 2 2 2 2 2 2 2 2 2 2 2
left_child=2 3 8 6 7 10 -2 9 11 -4 -6 -1
right_child=1 -3 4 -5 5 -7 -8 -9 -10 -11 -12 -13
leaf_value=-0.82836582951429372 0.2016229372832081 1.8974679284625584 -0.44136293108870306 0.84545752781888717 -0.15470187572332519 0.19453288162908247 0.51055753781245306 -0.15075639832404353 -0.47100990643868085 -0.2901325464248658 -0.01218560468859789 -0.66182779459886154
leaf_weight=8.0000000000000036 6.0000000000000053 6.9999999999999991 8.0000000000000053 8.9999999999999982 5.0000000000000027 5.9999999999999991 5 5.9999999999999991 4.9999999999999991 7.9999999999999991 7.9999999999999991 14
leaf_count=8 6 7 8 9 5 6 5 6 5 8 8 14
internal_value=0.000723879 0.931937 -0.370653 0.578499 -0.161043 0.015585 0.348769 -0.312408 -0.685379 -0.37034 -0.0686077 -0.729361
internal_weight=95 27 68 20 41 19 11 22 27 16 13 22
internal_count=95 27 68 20 41 19 11 22 27 16 13 22
is_linear=0
shrinkage=0.025


Tree=15
num_leaves=13
num_cat=0
split_feature=0 0 1 3 3 4 0 3 2 0 2 1
split_gain=50249.2 14172.4 6814.8 2613.88 1679.59 447.215 298.498 282.659 244.602 241.853 104.724 56.6693
threshold=11.000000000000002 17.000000000000004 10.000000000000002 5.2500000000000009 4.6500000000000012 112.50000000000001 7.0000000000000009 4.4500000000000011 3.8500000000000001 13.000000000000002 3.4500000000000006 5.0000000000000009
decision_type=2 2 2 2 2 2 2 2 2 2 2 2
left_child=2 3 7 9 6 8 10 11 -6 -2 -4 -1
right_child=1 -3 4 -5 5 -7 -8 -9 -10 -11 -12 -13
leaf_value=-0.80816175646898181 0.28262767435573932 1.9638027472361441 -0.45296502574797554 0.98300526936848953 -0.15150663024041708 0.19025078204370316 -0.14710905936456495 -0.45968755025130054 0.068197434825392866 0.50932747779353971 -0.29839027208440444 -0.64551510810852042
leaf_weight=8.0000000000000036 8.0000000000000053 5.9999999999999991 6.0000000000000062 6.9999999999999991 8.0000000000000018 5.9999999999999991 5.9999999999999991 4.9999999999999991 4.9999999999999991 5.9999999999999991 9.9999999999999982 14
leaf_count=8 8 6 6 7 8 6 6 5 5 6 10 14
internal_value=0.000738058 0.909277 -0.361596 0.592241 -0.157123 0.0151993 -0.304799 -0.668607 -0.0671574 0.385678 -0.36131 -0.711464
internal_weight=95 27 68 21 41 19 22 27 13 14 16 22
internal_count=95 27 68 21 41 19 22 27 13 14 16 22
is_linear=0
shrinkage=0.025


Tree=16
num_leaves=13
num_cat=0
split_feature=0 2 1 3 3 0 3 0 3 3 2 1
split_gain=47836.9 13694.9 6484.96 1662.71 1599.06 476.769 432.989 284.036 268.116 100.311 90.3044 54.3575
threshold=11.000000000000002 3.6500000000000008 10.000000000000002 5.2500000000000009 4.6500000000000012 13.000000000000002 5.0500000000000007 7.0000000000000009 4.4500000000000011 4.3500000000000005 3.6500000000000008 5.0000000000000009
decision_type=2 2 2 2 2 2 2 2 2 2 2 2
left_child=2 3 8 5 7 -2 10 9 11 -4 -6 -1
right_child=1 -3 4 -5 6 -7 -8 -9 -10 -11 -12 -13
leaf_value=-0.78845051207193473 0.19361780997245526 1.8255090951919557 -0.42143512121060961 0.85285249046153488 -0.14734109181624183 0.50617183314429381 0.18709380857406124 -0.1435499660430416 -0.44863735345693734 -0.27483580374136207 -0.012956316096753613 -0.62960451623083835
leaf_weight=8.0000000000000036 6.0000000000000053 6.9999999999999991 8.0000000000000053 6.9999999999999991 5.0000000000000027 7 5.9999999999999991 5.9999999999999991 4.9999999999999991 7.9999999999999991 7.9999999999999991 14
leaf_count=8 6 7 8 7 5 7 6 6 5 8 8 14
internal_value=0.000773248 0.887236 -0.352756 0.543956 -0.153292 0.36713 0.0148472 -0.297384 -0.652246 -0.352511 -0.0661868 -0.694006
internal_weight=95 27 68 20 41 13 19 22 27 16 13 22
internal_count=95 27 68 20 41 13 19 22 27 16 13 22
is_linear=0
shrinkage=0.025


Tree=17
num_leaves=13
num_cat=0
split_feature=0 0 1 3 3 4 0 3 0 2 2 1
split_gain=45536.9 13357.7 6170.92 2345.76 1522.07 413.147 270.242 254.317 239.779 227.685 100.239 52.1355
threshold=11.000000000000002 17.000000000000004 10.000000000000002 5.2500000000000009 4.6500000000000012 112.50000000000001 7.0000000000000009 4.4500000000000011 13.000000000000002 3.8500000000000001 3.4500000000000006 5.0000000000000009
decision_type=2 2 2 2 2 2 2 2 2 2 2 2
left_child=2 3 7 8 6 9 10 11 -2 -6 -4 -1
right_child=1 -3 4 -5 5 -7 -8 -9 -10 -11 -12 -13
leaf_value=-0.7692199951264912 0.26106138113068356 1.8892117063845359 -0.43299242450344899 0.92825188636779787 -0.14605670280572841 0.18273478246504263 -0.14007698749342273 -0.43785280997936549 0.4847589469725086 0.065907743028723279 -0.28290336085300821 -0.61408609940972125
leaf_weight=8.0000000000000036 8.0000000000000053 5.9999999999999991 6.0000000000000062 6.9999999999999991 8.0000000000000018 5.9999999999999991 5.9999999999999991 4.9999999999999991 5.9999999999999991 4.9999999999999991 9.9999999999999982 14
leaf_count=8 8 6 6 7 8 6 6 5 6 5 10 14
internal_value=0.000789287 0.86568 -0.344136 0.558119 -0.14956 0.0144797 -0.290142 -0.636285 0.362497 -0.0646738 -0.343915 -0.676976
internal_weight=95 27 68 21 41 19 22 27 14 13 16 22
internal_count=95 27 68 21 41 19 22 27 14 13 16 22
is_linear=0
shrinkage=0.025


Tree=18
num_leaves=13
num_cat=0
split_feature=0 2 1 0 3 3 3 0 3 2 2 1
split_gain=43350.9 12940 5872.25 1474.13 1449.1 401.162 318.411 257.149 241.224 95.5884 80.0918 50.0002
threshold=11.000000000000002 3.6500000000000008 10.000000000000002 15.000000000000002 4.6500000000000012 5.0500000000000007 4.9500000000000011 7.0000000000000009 4.4500000000000011 3.4500000000000006 3.6500000000000008 5.0000000000000009
decision_type=2 2 2 2 2 2 2 2 2 2 2 2
left_child=2 3 8 6 7 10 -2 9 11 -4 -6 -1
right_child=1 -3 4 -5 5 -7 -8 -9 -10 -11 -12 -13
leaf_value=-0.75045855219771185 0.17583047411134151 1.7565373288260568 -0.42251679282034549 0.74731923432453828 -0.14028825874512002 0.17994319123606528 0.45373626488905683 -0.13668802938153668 -0.42732750085683968 -0.27596945786008653 -0.013667703983260365 -0.59895017314964616
leaf_weight=8.0000000000000036 6.0000000000000053 6.9999999999999991 6.0000000000000062 8.9999999999999982 5.0000000000000027 5.9999999999999991 5 5.9999999999999991 4.9999999999999991 9.9999999999999982 7.9999999999999991 14
leaf_count=8 6 7 6 9 5 6 5 6 5 10 8 14
internal_value=0.000820829 0.844696 -0.335723 0.511258 -0.145913 0.0141445 0.30811 -0.283084 -0.620715 -0.33554 -0.0638503 -0.660365
internal_weight=95 27 68 20 41 19 11 22 27 16 13 22
internal_count=95 27 68 20 41 19 11 22 27 16 13 22
is_linear=0
shrinkage=0.025


Tree=19
num_leaves=13
num_cat=0
split_feature=0 0 1 3 3 3 0 0 3 3 2 1
split_gain=41265.7 12581.3 5587.78 2137.11 1379.42 382.017 244.689 234.999 228.803 95.6477 76.2877 47.9484
threshold=11.000000000000002 17.000000000000004 10.000000000000002 5.2500000000000009 4.6500000000000012 5.0500000000000007 7.0000000000000009 13.000000000000002 4.4500000000000011 4.3500000000000005 3.6500000000000008 5.0000000000000009
decision_type=2 2 2 2 2 2 2 2 2 2 2 2
left_child=2 3 8 7 6 10 9 -2 11 -4 -6 -1
right_child=1 -3 4 -5 5 -7 -8 -9 -10 -11 -12 -13
leaf_value=-0.73215469267310129 0.23991974374143071 1.8172858076710854 -0.39390764934260636 0.87905227873060443 -0.13691594715301797 0.17558972950904603 -0.13338105793922181 0.45962258961892899 -0.41705519740398111 -0.25269269565256636 -0.013334343200776637 -0.5841873350277752
leaf_weight=8.0000000000000036 8.0000000000000053 5.9999999999999991 8.0000000000000053 6.9999999999999991 5.0000000000000027 5.9999999999999991 5.9999999999999991 5.9999999999999991 4.9999999999999991 7.9999999999999991 7.9999999999999991 14
leaf_count=8 8 6 8 7 5 6 6 6 5 8 8 14
internal_value=0.000827743 0.824158 -0.327523 0.525881 -0.142366 0.0137944 -0.276198 0.339314 -0.605526 -0.327369 -0.0623147 -0.644161
internal_weight=95 27 68 21 41 19 22 14 27 16 13 22
internal_count=95 27 68 21 41 19 22 14 27 16 13 22
is_linear=0
shrinkage=0.025


Tree=20
num_leaves=13
num_cat=0
split_feature=0 2 1 2 0 3 4 0 3 2 2 1
split_gain=39285 12228.3 5317.19 1372.82 2258.87 1313.01 370.521 232.804 217.018 207.459 91.3847 45.977
threshold=11.000000000000002 3.6500000000000008 10.000000000000002 2.3000000000000003 15.000000000000002 4.6500000000000012 112.50000000000001 7.0000000000000009 4.4500000000000011 3.8500000000000001 3.4500000000000006 5.0000000000000009
decision_type=2 2 2 2 2 2 2 2 2 2 2 2
left_child=2 3 8 -2 -5 7 9 10 11 -7 -4 -1
right_child=1 -3 5 4 -6 6 -8 -9 -10 -11 -12 -13
leaf_value=-0.71429725158505286 0.11542673729933209 1.6904007799095577 -0.40390343512258176 0.33600034325019179 0.9689820474193942 -0.13918796603272596 0.1727971423056818 -0.13015409948364384 -0.40702983370194074 0.063133404289300629 -0.26162759392869245 -0.56978837066972754
leaf_weight=8.0000000000000036 5.0000000000000062 6.9999999999999991 6.0000000000000062 8.9999999999999982 5.9999999999999991 8.0000000000000018 5.9999999999999991 5.9999999999999991 4.9999999999999991 4.9999999999999991 9.9999999999999982 14
leaf_count=8 5 7 6 9 6 8 6 6 5 5 10 14
internal_value=0.000853419 0.804182 -0.31952 0.480278 0.598694 -0.138901 0.0134528 -0.269471 -0.590709 -0.0614998 -0.319386 -0.628355
internal_weight=95 27 68 20 15 41 19 22 27 13 16 22
internal_count=95 27 68 20 15 41 19 22 27 13 16 22
is_linear=0
shrinkage=0.025


Tree=21
num_leaves=13
num_cat=0
split_feature=0 0 1 3 3 3 0 0 3 3 3 1
split_gain=37396.6 11830.4 5059.85 1928.32 1250.07 353.849 241.741 221.524 205.836 91.0265 72.8861 44.0831
threshold=11.000000000000002 17.000000000000004 10.000000000000002 5.2500000000000009 4.6500000000000012 5.0500000000000007 13.000000000000002 7.0000000000000009 4.4500000000000011 4.3500000000000005 4.9500000000000011 5.0000000000000009
decision_type=2 2 2 2 2 2 2 2 2 2 2 2
left_child=2 3 8 6 7 10 -2 9 11 -4 -6 -1
right_child=1 -3 4 -5 5 -7 -8 -9 -10 -11 -12 -13
leaf_value=-0.69687536053541188 0.21895933936281886 1.7475000050760086 -0.37618390292656101 0.83101571665869811 -0.0044999563859568683 0.16886121496077508 0.439600137741335 -0.12700521686384755 -0.3972454584561862 -0.23928075796220366 -0.12253529523168838 -0.55574425374957881
leaf_weight=8.0000000000000036 8.0000000000000053 5.9999999999999991 8.0000000000000053 6.9999999999999991 7.0000000000000018 5.9999999999999991 5.9999999999999991 5.9999999999999991 4.9999999999999991 7.9999999999999991 6 14
leaf_count=8 8 6 8 7 7 6 6 6 5 8 6 14
internal_value=0.000869289 0.784653 -0.311709 0.495604 -0.135514 0.0131417 0.318467 -0.262916 -0.576255 -0.311609 -0.0601037 -0.612937
internal_weight=95 27 68 21 41 19 14 22 27 16 13 22
internal_count=95 27 68 21 41 19 14 22 27 16 13 22
is_linear=0
shrinkage=0.025


Tree=22
num_leaves=13
num_cat=0
split_feature=0 2 1 2 0 4 3 2 3 4 2 1
split_gain=35601.6 11556.8 4814.87 1290.49 2020.34 1190.86 688.175 248.341 195.228 117.095 148.259 42.2638
threshold=11.000000000000002 3.6500000000000008 10.000000000000002 2.3000000000000003 15.000000000000002 112.50000000000001 4.3500000000000005 3.8500000000000001 4.4500000000000011 93.000000000000014 3.2500000000000004 5.0000000000000009
decision_type=2 2 2 2 2 2 2 2 2 2 2 2
left_child=2 3 8 -2 -5 6 -4 9 11 10 -8 -1
right_child=1 -3 5 4 -6 -7 7 -9 -10 -11 -12 -13
leaf_value=-0.67987840117477749 0.097918311907694747 1.6270022763146295 -0.36994647909613221 0.31730286375336031 0.91592547662796509 0.13875982877684806 -0.22317898135918812 0.002982871958778964 -0.38769629460114702 -0.27503242492675783 -0.03888600276362511 -0.54204633403831803
leaf_weight=8.0000000000000036 5.0000000000000062 6.9999999999999991 9.9999999999999982 8.9999999999999982 5.9999999999999991 7.9999999999999991 5.0000000000000053 6.9999999999999991 4.9999999999999991 4.9999999999999991 6 14
leaf_count=8 5 7 10 9 6 8 5 7 5 5 6 14
internal_value=0.000892805 0.765635 -0.304091 0.45097 0.565735 -0.132213 -0.198382 -0.121188 -0.562154 -0.174956 -0.125257 -0.597897
internal_weight=95 27 68 20 15 41 33 23 27 16 11 22
internal_count=95 27 68 20 15 41 33 23 27 16 11 22
is_linear=0
shrinkage=0.025


Tree=23
num_leaves=13
num_cat=0
split_feature=0 0 1 3 3 3 0 0 3 2 3 1
split_gain=33890.8 11126.4 4581.57 1738.32 1153.2 326.888 247.575 200.707 185.163 84.2715 66.5977 40.5163
threshold=11.000000000000002 17.000000000000004 10.000000000000002 5.2500000000000009 4.6500000000000012 5.0500000000000007 13.000000000000002 7.0000000000000009 4.4500000000000011 3.4500000000000006 4.9500000000000011 5.0000000000000009
decision_type=2 2 2 2 2 2 2 2 2 2 2 2
left_child=2 3 8 6 7 10 -2 9 11 -4 -6 -1
right_child=1 -3 4 -5 5 -7 -8 -9 -10 -11 -12 -13
leaf_value=-0.66329600520250231 0.19923151288090668 1.6806262085514683 -0.37836769780804991 0.78530537817213275 -0.0035099795295132521 0.16342568858977288 0.42064338807136786 -0.12192332340824988 -0.3783766796955696 -0.2427544949101467 -0.11632007353248133 -0.52868605533116297
leaf_weight=8.0000000000000036 8.0000000000000053 5.9999999999999991 6.0000000000000062 6.9999999999999991 7.0000000000000018 5.9999999999999991 5.9999999999999991 5.9999999999999991 4.9999999999999991 9.9999999999999982 6 14
leaf_count=8 8 6 6 7 7 6 6 6 5 10 6 14
internal_value=0.000900456 0.747041 -0.296665 0.466905 -0.129002 0.0137647 0.298798 -0.251369 -0.548398 -0.29773 -0.0566444 -0.583226
internal_weight=95 27 68 21 41 19 14 22 27 16 13 22
internal_count=95 27 68 21 41 19 14 22 27 16 13 22
is_linear=0
shrinkage=0.025


Tree=24
num_leaves=13
num_cat=0
split_feature=0 2 1 2 0 3 4 0 2 3 2 1
split_gain=32264.3 10923.9 4359.66 1234.88 2311.69 1097.79 313.372 190.98 185.659 175.615 80.3495 38.8381
threshold=11.000000000000002 3.6500000000000008 10.000000000000002 3.1500000000000008 15.000000000000002 4.6500000000000012 112.50000000000001 7.0000000000000009 3.8500000000000001 4.4500000000000011 3.4500000000000006 5.0000000000000009
decision_type=2 2 2 2 2 2 2 2 2 2 2 2
left_child=2 3 9 -2 -5 7 8 10 -7 11 -4 -1
right_child=1 -3 5 4 -6 6 -8 -9 -10 -11 -12 -13
leaf_value=-0.6471180601817802 0.11775910931248806 1.5662222428454293 -0.36921363569075022 0.29968005341032283 0.97295009723076442 -0.12902614859546099 0.15996459684064313 -0.1189735642844631 0.062320241905175724 -0.36928109113986674 -0.23680463538450358 -0.51565504947178797
leaf_weight=8.0000000000000036 6.0000000000000062 6.9999999999999991 6.0000000000000062 8.9999999999999982 4.9999999999999991 8.0000000000000018 5.9999999999999991 5.9999999999999991 4.9999999999999991 4.9999999999999991 9.9999999999999982 14
leaf_count=8 6 7 6 9 5 8 6 6 5 5 10 14
internal_value=0.000919491 0.728936 -0.289417 0.423218 0.550539 -0.125864 0.0134287 -0.245255 -0.0555075 -0.534979 -0.29048 -0.568915
internal_weight=95 27 68 20 14 41 19 22 13 27 16 22
internal_count=95 27 68 20 14 41 19 22 13 27 16 22
is_linear=0
shrinkage=0.025


Tree=25
num_leaves=13
num_cat=0
split_feature=0 0 1 3 0 3 0 3 3 2 1 3
split_gain=30714.9 10512.5 4148.67 1563.54 1060.75 668.743 251.388 177.194 166.556 132.469 37.2263 16.3021
threshold=11.000000000000002 17.000000000000004 10.000000000000002 5.2500000000000009 9.0000000000000018 4.6500000000000012 13.000000000000002 4.3500000000000005 4.4500000000000011 3.8500000000000001 5.0000000000000009 4.4500000000000011
decision_type=2 2 2 2 2 2 2 2 2 2 2 2
left_child=2 3 8 6 5 7 -2 -4 10 -7 -1 -9
right_child=1 -3 4 -5 -6 9 -8 11 -10 -11 -12 -13
leaf_value=-0.63133467464912196 0.1804493940458064 1.6185390572394096 -0.33755961635283049 0.74106557567914333 0.15412770609060925 -0.10067168190711884 0.40196851453473492 -0.13976714966388851 -0.3604041370061728 0.060822154810795406 -0.50294523037655248 -0.22133016907251798
leaf_weight=8.0000000000000036 8.0000000000000053 5.9999999999999991 11.000000000000002 6.9999999999999991 6.9999999999999991 7.9999999999999982 5.9999999999999991 4.9999999999999982 4.9999999999999991 5 14 5
leaf_count=8 8 6 11 7 7 8 6 5 5 5 14 5
internal_value=0.000937491 0.711259 -0.282342 0.439154 -0.122795 -0.180412 0.279799 -0.267022 -0.521889 -0.0384835 -0.554956 -0.184211
internal_weight=95 27 68 21 41 34 14 21 27 13 22 10
internal_count=95 27 68 21 41 34 14 21 27 13 22 10
is_linear=0
shrinkage=0.025


Tree=26
num_leaves=13
num_cat=0
split_feature=0 2 1 2 0 4 3 2 3 4 2 1
split_gain=29240.5 10326.4 3947.96 1195.99 2101.78 1022.43 585.824 212.169 157.962 113.233 144.889 35.6786
threshold=11.000000000000002 3.6500000000000008 10.000000000000002 3.1500000000000008 15.000000000000002 112.50000000000001 4.3500000000000005 3.8500000000000001 4.4500000000000011 93.000000000000014 3.2500000000000004 5.0000000000000009
decision_type=2 2 2 2 2 2 2 2 2 2 2 2
left_child=2 3 8 -2 -5 6 -4 9 11 10 -8 -1
right_child=1 -3 5 4 -6 -7 7 -9 -10 -11 -12 -13
leaf_value=-0.61593627697083975 0.097160449720197994 1.5079419023460812 -0.33939398199904203 0.2830850694490516 0.92494080250079813 0.13124003846470905 -0.20784428348908035 0.0047925799050264895 -0.35174056979326102 -0.25762558762843796 -0.026253957229275857 -0.49054870001027279
leaf_weight=8.0000000000000036 6.0000000000000062 6.9999999999999991 9.9999999999999982 8.9999999999999982 4.9999999999999991 7.9999999999999991 5.0000000000000053 6.9999999999999991 4.9999999999999991 4.9999999999999991 6 14
leaf_count=8 6 7 10 9 5 8 5 7 5 5 6 14
internal_value=0.000958716 0.694022 -0.275438 0.396979 0.522206 -0.119796 -0.181115 -0.109912 -0.509118 -0.159612 -0.111144 -0.541339
internal_weight=95 27 68 20 14 41 33 23 27 16 11 22
internal_count=95 27 68 20 14 41 33 23 27 16 11 22
is_linear=0
shrinkage=0.025


Tree=27
num_leaves=13
num_cat=0
split_feature=0 0 1 3 0 3 0 3 3 2 1 3
split_gain=27836.8 9933.76 3756.67 1404.5 982.073 616.04 254.463 157.184 149.809 122.227 34.1926 14.6585
threshold=11.000000000000002 17.000000000000004 10.000000000000002 5.2500000000000009 9.0000000000000018 4.6500000000000012 13.000000000000002 4.3500000000000005 4.4500000000000011 3.8500000000000001 5.0000000000000009 4.4500000000000011
decision_type=2 2 2 2 2 2 2 2 2 2 2 2
left_child=2 3 8 6 5 7 -2 -4 10 -7 -1 -9
right_child=1 -3 4 -5 -6 9 -8 11 -10 -11 -12 -13
leaf_value=-0.6009134408904282 0.16280872160341672 1.5589772893536475 -0.32198851704597464 0.69895677831437852 0.14954644673400458 -0.095866433585562363 0.3843058912984787 -0.13481315317062234 -0.34328527267162623 0.059244878217577929 -0.47845770473211585 -0.21266946517504179
leaf_weight=8.0000000000000036 8.0000000000000053 5.9999999999999991 11.000000000000002 6.9999999999999991 6.9999999999999991 7.9999999999999982 5.9999999999999991 4.9999999999999982 4.9999999999999991 5 14 5
leaf_count=8 8 6 11 7 7 8 6 5 5 5 14 5
internal_value=0.00096875 0.677192 -0.268712 0.412864 -0.116887 -0.172331 0.2619 -0.255457 -0.496661 -0.0361198 -0.528056 -0.177271
internal_weight=95 27 68 21 41 34 14 21 27 13 22 10
internal_count=95 27 68 21 41 34 14 21 27 13 22 10
is_linear=0
shrinkage=0.025


Tree=28
num_leaves=13
num_cat=0
split_feature=0 2 1 2 0 4 3 2 3 4 2 1
split_gain=26500.6 9763.14 3574.93 1158.18 1909.51 945.266 527.359 196.142 142.074 106.882 141.708 32.7659
threshold=11.000000000000002 3.6500000000000008 10.000000000000002 3.1500000000000008 15.000000000000002 112.50000000000001 4.3500000000000005 3.8500000000000001 4.4500000000000011 93.000000000000014 3.2500000000000004 5.0000000000000009
decision_type=2 2 2 2 2 2 2 2 2 2 2 2
left_child=2 3 8 -2 -5 6 -4 9 11 10 -8 -1
right_child=1 -3 5 4 -6 -7 7 -9 -10 -11 -12 -13
leaf_value=-0.58625700183031004 0.077825179792219507 1.4520529084735445 -0.32318362932579192 0.26746052037114687 0.87914812198052028 0.1273256153595157 -0.20178018028919489 0.0048540749276677767 -0.3350332250961891 -0.24837939418279209 -0.02235731955978178 -0.46666475954190106
leaf_weight=8.0000000000000036 6.0000000000000062 6.9999999999999991 9.9999999999999982 8.9999999999999982 4.9999999999999991 7.9999999999999991 5.0000000000000053 6.9999999999999991 4.9999999999999991 4.9999999999999991 6 14
leaf_count=8 6 7 10 9 5 8 5 7 5 5 6 14
internal_value=0.000987243 0.660781 -0.262141 0.37214 0.495314 -0.114033 -0.172996 -0.10542 -0.484508 -0.153206 -0.106172 -0.515099
internal_weight=95 27 68 20 14 41 33 23 27 16 11 22
internal_count=95 27 68 20 14 41 33 23 27 16 11 22
is_linear=0
shrinkage=0.025


Tree=29
num_leaves=13
num_cat=0
split_feature=0 0 1 3 0 3 0 3 3 2 1 3
split_gain=25228.4 9388.22 3401.7 1259.89 909.406 567.655 256.864 139.337 134.736 112.783 31.3963 13.1358
threshold=11.000000000000002 17.000000000000004 10.000000000000002 5.2500000000000009 9.0000000000000018 4.6500000000000012 13.000000000000002 4.3500000000000005 4.4500000000000011 3.8500000000000001 5.0000000000000009 4.4500000000000011
decision_type=2 2 2 2 2 2 2 2 2 2 2 2
left_child=2 3 8 6 5 7 -2 -4 10 -7 -1 -9
right_child=1 -3 4 -5 -6 9 -8 11 -10 -11 -12 -13
leaf_value=-0.57195805689183643 0.14624754088680911 1.5018324475134572 -0.307152840069362 0.65888011852900186 0.14510236746735045 -0.091281329931282421 0.36760019756132561 -0.13007919882925659 -0.32697953948607816 0.057704039118610884 -0.45516244659961108 -0.2043387406147443
leaf_weight=8.0000000000000036 8.0000000000000053 5.9999999999999991 11.000000000000002 6.9999999999999991 6.9999999999999991 7.9999999999999982 5.9999999999999991 4.9999999999999982 4.9999999999999991 5 14 5
leaf_count=8 8 6 11 7 7 8 6 5 5 5 14 5
internal_value=0.000994735 0.644757 -0.25574 0.387962 -0.111263 -0.164621 0.245042 -0.244414 -0.472653 -0.0338785 -0.50246 -0.17061
internal_weight=95 27 68 21 41 34 14 21 27 13 22 10
internal_count=95 27 68 21 41 34 14 21 27 13 22 10
is_linear=0
shrinkage=0.025


Tree=30
num_leaves=13
num_cat=0
split_feature=0 2 1 2 0 4 3 2 3 4 2 1
split_gain=24017.4 9231.95 3237.13 1121.44 1733.46 873.882 474.595 181.323 127.775 100.895 138.511 30.0817
threshold=11.000000000000002 3.6500000000000008 10.000000000000002 3.1500000000000008 15.000000000000002 112.50000000000001 4.3500000000000005 3.8500000000000001 4.4500000000000011 93.000000000000014 3.2500000000000004 5.0000000000000009
decision_type=2 2 2 2 2 2 2 2 2 2 2 2
left_child=2 3 8 -2 -5 6 -4 9 11 10 -8 -1
right_child=1 -3 5 4 -6 -7 7 -9 -10 -11 -12 -13
leaf_value=-0.55800786599880281 0.059686830735975631 1.3984516443477737 -0.30773420707852239 0.25275211833093481 0.83547135133009687 0.12350121707451055 -0.19592126378646244 0.0048954564871059522 -0.31911944288473865 -0.23948439818162184 -0.018682794032558316 -0.44394366371799521
leaf_weight=8.0000000000000036 6.0000000000000062 6.9999999999999991 9.9999999999999982 8.9999999999999982 4.9999999999999991 7.9999999999999991 5.0000000000000053 6.9999999999999991 4.9999999999999991 4.9999999999999991 6 14
leaf_count=8 6 7 10 9 5 8 5 7 5 5 6 14
internal_value=0.00101072 0.629133 -0.249486 0.34863 0.46979 -0.108547 -0.165244 -0.101118 -0.461088 -0.147064 -0.101417 -0.490131
internal_weight=95 27 68 20 14 41 33 23 27 16 11 22
internal_count=95 27 68 20 14 41 33 23 27 16 11 22
is_linear=0
shrinkage=0.025


Tree=31
num_leaves=13
num_cat=0
split_feature=0 0 1 3 0 3 0 2 3 2 3 1
split_gain=22864.5 8873.91 3080.27 1128.53 842.28 530.206 258.651 181.136 121.171 43.2049 50.3095 28.8198
threshold=11.000000000000002 17.000000000000004 10.000000000000002 5.2500000000000009 9.0000000000000018 4.7500000000000009 13.000000000000002 3.7500000000000004 4.4500000000000011 3.4500000000000006 4.3500000000000005 5.0000000000000009
decision_type=2 2 2 2 2 2 2 2 2 2 2 2
left_child=2 3 8 6 5 7 -2 9 11 -4 -11 -1
right_child=1 -3 4 -5 -6 -7 -8 -9 -10 10 -12 -13
leaf_value=-0.54439791004832161 0.130707094255017 1.4470009426916799 -0.30996823659757267 0.62074135806825426 0.14079202446672653 -0.0039298187722178069 0.35179897642904717 -0.096837990514693717 -0.31144832051717319 -0.27351080546012296 -0.14788398539217615 -0.43300139937602289
leaf_weight=8.0000000000000036 8.0000000000000053 5.9999999999999991 8.0000000000000053 6.9999999999999991 6.9999999999999991 9.9999999999999982 5.9999999999999991 5.9999999999999991 4.9999999999999991 4.9999999999999982 5 14
leaf_count=8 8 6 8 7 7 10 6 6 5 5 5 14
internal_value=0.00101588 0.613877 -0.243394 0.364377 -0.105911 -0.157265 0.229169 -0.220543 -0.449806 -0.260192 -0.214951 -0.478105
internal_weight=95 27 68 21 41 34 14 24 27 18 10 22
internal_count=95 27 68 21 41 34 14 24 27 18 10 22
is_linear=0
shrinkage=0.025


Tree=32
num_leaves=13
num_cat=0
split_feature=0 2 1 2 0 4 3 2 3 4 2 1
split_gain=21767.8 8730.98 2930.83 1085.76 1572.37 804.714 427.716 171.397 114.906 96.9216 133.275 27.6088
threshold=11.000000000000002 3.6500000000000008 10.000000000000002 3.1500000000000008 15.000000000000002 112.50000000000001 4.3500000000000005 3.8500000000000001 4.4500000000000011 93.000000000000014 3.2500000000000004 5.0000000000000009
decision_type=2 2 2 2 2 2 2 2 2 2 2 2
left_child=2 3 8 -2 -5 6 -4 9 11 10 -8 -1
right_child=1 -3 5 4 -6 -7 7 -9 -10 -11 -12 -13
leaf_value=-0.53111992580134659 0.042682247584865884 1.3470390814046065 -0.2930412191970676 0.23890843132267833 0.79381444454193106 0.11931176360060532 -0.18956602399165792 0.0061623803236418306 -0.30396156792457291 -0.23204765503223129 -0.015813873708248136 -0.42232880995307165
leaf_weight=8.0000000000000036 6.0000000000000062 6.9999999999999991 9.9999999999999982 8.9999999999999982 4.9999999999999991 7.9999999999999991 5.0000000000000053 6.9999999999999991 4.9999999999999991 4.9999999999999991 6 14
leaf_count=8 6 7 10 9 5 8 5 7 5 5 6 14
internal_value=0.00101911 0.599002 -0.237457 0.326382 0.445566 -0.103349 -0.157759 -0.0968672 -0.4388 -0.141539 -0.0968785 -0.466374
internal_weight=95 27 68 20 14 41 33 23 27 16 11 22
internal_count=95 27 68 20 14 41 33 23 27 16 11 22
is_linear=0
shrinkage=0.025


Tree=33
num_leaves=15
num_cat=0
split_feature=1 0 1 3 3 0 3 3 4 4 2 1 3 3
split_gain=20723.8 9225.97 2234.09 869.615 716.472 306.401 109.179 108.963 82.5552 76.5272 52.3401 26.4466 10.5114 4.35441
threshold=18.000000000000004 17.000000000000004 10.000000000000002 5.2500000000000009 4.6500000000000012 13.000000000000002 4.3500000000000005 4.4500000000000011 100.00000000000001 112.50000000000001 3.6500000000000008 5.0000000000000009 4.4500000000000011 4.1500000000000012
decision_type=2 2 2 2 2 2 2 2 2 2 2 2 2 2
left_child=2 3 7 5 6 9 13 11 10 -2 -6 -1 -8 -4
right_child=1 -3 4 -5 8 -7 12 -9 -10 -11 -12 -13 -14 -15
leaf_value=-0.51816577213566439 0.037409213482617117 1.3943836735140893 -0.31882311380826495 0.50773761505665982 -0.098457394081812644 0.33685260991896354 -0.12117685132588335 -0.29665480531178989 0.080166297807143294 0.17669230719598439 0.0094555912479277575 -0.41191929360510593 -0.18871790033120373 -0.23737207901093266
leaf_weight=8.0000000000000036 5.0000000000000089 5.9999999999999991 5.0000000000000018 8.9999999999999982 4.9999999999999982 5.9999999999999991 4.9999999999999982 4.9999999999999991 4.9999999999999991 5 6 14 5 6
leaf_count=8 5 6 5 9 5 6 5 5 5 5 6 14 5 6
internal_value=0.00102239 0.529589 -0.255835 0.312569 -0.128495 0.197797 -0.223811 -0.428063 -0.00209809 0.109272 -0.0403664 -0.454931 -0.158108 -0.279539
internal_weight=95 31 64 25 37 16 21 27 16 10 11 22 10 11
internal_count=95 31 64 25 37 16 21 27 16 10 11 22 10 11
is_linear=0
shrinkage=0.025


Tree=34
num_leaves=13
num_cat=0
split_feature=0 2 1 2 0 0 3 2 3 2 3 1
split_gain=19768.4 8276.33 2646.91 1048.23 1430.5 738.05 471.416 159.099 103.326 38.6664 40.1125 25.3314
threshold=11.000000000000002 3.6500000000000008 10.000000000000002 3.1500000000000008 15.000000000000002 9.0000000000000018 4.7500000000000009 3.7500000000000004 4.4500000000000011 3.4500000000000006 4.3500000000000005 5.0000000000000009
decision_type=2 2 2 2 2 2 2 2 2 2 2 2
left_child=2 3 8 -2 -5 6 7 9 11 -4 -11 -1
right_child=1 -3 5 4 -6 -7 -8 -9 -10 10 -12 -13
leaf_value=-0.50552758705325207 0.027386348141777869 1.2990666299230522 -0.2906626119846249 0.22563946047878788 0.75482325003697315 0.13213083297014236 -0.0023044496336404019 -0.090585407518571415 -0.28952367236981025 -0.25379411738652452 -0.1402997745039801 -0.40176636937638399
leaf_weight=8.0000000000000036 6.0000000000000062 6.9999999999999991 8.0000000000000053 8.9999999999999982 4.9999999999999991 6.9999999999999991 9.9999999999999982 5.9999999999999991 4.9999999999999991 4.9999999999999982 5 14
leaf_count=8 6 7 8 9 5 7 10 6 5 5 5 14
internal_value=0.00101463 0.570875 -0.226246 0.305607 0.422691 -0.0987928 -0.146867 -0.206533 -0.417589 -0.243693 -0.201033 -0.443768
internal_weight=95 27 68 20 14 41 34 24 27 18 10 22
internal_count=95 27 68 20 14 41 34 24 27 18 10 22
is_linear=0
shrinkage=0.025


Tree=35
num_leaves=13
num_cat=0
split_feature=0 0 1 3 3 0 2 2 3 4 2 1
split_gain=19131.3 8868.02 1667.45 898.257 448.86 319.885 151.464 113.377 97.9782 62.3634 216.434 24.2614
threshold=17.000000000000004 9.0000000000000018 10.000000000000002 5.2500000000000009 4.7500000000000009 13.000000000000002 3.7500000000000004 3.5500000000000003 4.4500000000000011 93.000000000000014 3.4500000000000006 5.0000000000000009
decision_type=2 2 2 2 2 2 2 2 2 2 2 2
left_child=1 2 8 5 6 7 9 -3 11 10 -4 -1
right_child=-2 3 4 -5 -6 -7 -8 -9 -10 -11 -12 -13
leaf_value=-0.49319764811818162 1.34386411482288 0.031370979154275495 -0.29520292811923532 0.47868319620256844 -0.0022479636412040863 0.32270894204416584 -0.088393823081447234 0.17954556384394246 -0.28256397040990683 -0.31881583516414352 -0.087423216359269224 -0.39186368055746584
leaf_weight=8.0000000000000036 5.9999999999999991 7.0000000000000053 7.0000000000000053 8.9999999999999982 9.9999999999999982 5.9999999999999991 5.9999999999999991 6 4.9999999999999991 4.9999999999999991 6 14
leaf_count=8 6 7 7 9 10 6 6 6 5 5 6 14
internal_value=0.00101235 -0.0923131 -0.261161 0.274733 -0.143313 0.174081 -0.201534 0.101538 -0.407372 -0.237793 -0.202177 -0.43288
internal_weight=95 89 61 28 34 19 24 13 27 18 13 22
internal_count=95 89 61 28 34 19 24 13 27 18 13 22
is_linear=0
shrinkage=0.025


Tree=36
num_leaves=13
num_cat=0
split_feature=0 0 1 3 3 0 2 2 3 4 2 1
split_gain=18216.3 8441.36 1586.28 854.545 427.413 304.576 144.213 107.954 92.9053 59.4481 206 23.2349
threshold=17.000000000000004 9.0000000000000018 10.000000000000002 5.2500000000000009 4.7500000000000009 13.000000000000002 3.7500000000000004 3.5500000000000003 4.4500000000000011 93.000000000000014 3.4500000000000006 5.0000000000000009
decision_type=2 2 2 2 2 2 2 2 2 2 2 2
left_child=1 2 8 5 6 7 9 -3 11 10 -4 -1
right_child=-2 3 4 -5 -6 -7 -8 -9 -10 -11 -12 -13
leaf_value=-0.48116844805275494 1.3113512366048752 0.030608489271253321 -0.28802786005867825 0.46697627124579055 -0.0021928704690699487 0.31490146133207508 -0.086255260340629081 0.17520172201818035 -0.27577156378672674 -0.31115199831815871 -0.085308138269089867 -0.382205051771352
leaf_weight=8.0000000000000036 5.9999999999999991 7.0000000000000053 7.0000000000000053 8.9999999999999982 9.9999999999999982 5.9999999999999991 5.9999999999999991 6 4.9999999999999991 4.9999999999999991 6 14
leaf_count=8 6 7 7 9 10 6 6 6 5 5 6 14
internal_value=0.00100655 -0.0900595 -0.254796 0.268048 -0.139849 0.169871 -0.196663 0.099082 -0.397405 -0.232044 -0.19727 -0.422259
internal_weight=95 89 61 28 34 19 24 13 27 18 13 22
internal_count=95 89 61 28 34 19 24 13 27 18 13 22
is_linear=0
shrinkage=0.025


Tree=37
num_leaves=13
num_cat=0
split_feature=0 0 1 3 3 0 2 2 3 4 2 1
split_gain=17345 8035.23 1509.07 812.958 406.991 290 137.31 102.789 88.0932 56.6684 196.068 22.25
threshold=17.000000000000004 9.0000000000000018 10.000000000000002 5.2500000000000009 4.7500000000000009 13.000000000000002 3.7500000000000004 3.5500000000000003 4.4500000000000011 93.000000000000014 3.4500000000000006 5.0000000000000009
decision_type=2 2 2 2 2 2 2 2 2 2 2 2
left_child=1 2 8 5 6 7 9 -3 11 10 -4 -1
right_child=-2 3 4 -5 -6 -7 -8 -9 -10 -11 -12 -13
leaf_value=-0.46943262495645632 1.2796250474068427 0.029864534259670283 -0.28102718525462661 0.45555565590443819 -0.0021391205197455838 0.30728287927566039 -0.084168440680350023 0.17096296221979201 -0.26914245669658371 -0.30367238338177027 -0.083244231006791514 -0.37278451415854441
leaf_weight=8.0000000000000036 5.9999999999999991 7.0000000000000053 7.0000000000000053 8.9999999999999982 9.9999999999999982 5.9999999999999991 5.9999999999999991 6 4.9999999999999991 4.9999999999999991 6 14
leaf_count=8 6 7 7 9 10 6 6 6 5 5 6 14
internal_value=0.0010004 -0.0878608 -0.248586 0.261525 -0.13647 0.165763 -0.191909 0.0966852 -0.387681 -0.226434 -0.192482 -0.411898
internal_weight=95 89 61 28 34 19 24 13 27 18 13 22
internal_count=95 89 61 28 34 19 24 13 27 18 13 22
is_linear=0
shrinkage=0.025


Tree=38
num_leaves=13
num_cat=0
split_feature=0 0 1 3 3 0 2 2 3 4 2 1
split_gain=16515.4 7648.64 1435.61 773.394 387.545 276.12 130.737 97.8716 83.5287 54.0181 186.615 21.3053
threshold=17.000000000000004 9.0000000000000018 10.000000000000002 5.2500000000000009 4.7500000000000009 13.000000000000002 3.7500000000000004 3.5500000000000003 4.4500000000000011 93.000000000000014 3.4500000000000006 5.0000000000000009
decision_type=2 2 2 2 2 2 2 2 2 2 2 2
left_child=1 2 8 5 6 7 9 -3 11 10 -4 -1
right_child=-2 3 4 -5 -6 -7 -8 -9 -10 -11 -12 -13
leaf_value=-0.45798304371717474 1.2486663484044613 0.029138659841070547 -0.27419665853182451 0.44441435181576278 -0.0020866940711058825 0.29984861881502217 -0.082132107596243578 0.16682676567185309 -0.26267268313811376 -0.29637256356386038 -0.081230258797445595 -0.36359615258767569
leaf_weight=8.0000000000000036 5.9999999999999991 7.0000000000000053 7.0000000000000053 8.9999999999999982 9.9999999999999982 5.9999999999999991 5.9999999999999991 6 4.9999999999999991 4.9999999999999991 6 14
leaf_count=8 6 7 7 9 10 6 6 6 5 5 6 14
internal_value=0.000993914 -0.0857159 -0.242527 0.255161 -0.133172 0.161754 -0.187271 0.0943465 -0.378196 -0.22096 -0.18781 -0.401792
internal_weight=95 89 61 28 34 19 24 13 27 18 13 22
internal_count=95 89 61 28 34 19 24 13 27 18 13 22
is_linear=0
shrinkage=0.025


Tree=39
num_leaves=13
num_cat=0
split_feature=0 0 1 3 3 0 2 2 3 4 2 1
split_gain=15725.5 7280.66 1365.72 735.754 369.028 262.905 124.478 93.189 79.1989 51.4911 177.617 20.3991
threshold=17.000000000000004 9.0000000000000018 10.000000000000002 5.2500000000000009 4.7500000000000009 13.000000000000002 3.7500000000000004 3.5500000000000003 4.4500000000000011 93.000000000000014 3.4500000000000006 5.0000000000000009
decision_type=2 2 2 2 2 2 2 2 2 2 2 2
left_child=1 2 8 5 6 7 9 -3 11 10 -4 -1
right_child=-2 3 4 -5 -6 -7 -8 -9 -10 -11 -12 -13
leaf_value=-0.44681272623015583 1.2184566396859384 0.028430426172498177 -0.26753215889135973 0.43354553165643117 -0.0020355505101821002 0.29259421825408938 -0.080145039193091849 0.16279063570883967 -0.25635842239627471 -0.28924821752768298 -0.079265009539742609 -0.35463428027193311
leaf_weight=8.0000000000000036 5.9999999999999991 7.0000000000000053 7.0000000000000053 8.9999999999999982 9.9999999999999982 5.9999999999999991 5.9999999999999991 6 4.9999999999999991 4.9999999999999991 6 14
leaf_count=8 6 7 7 9 10 6 6 6 5 5 6 14
internal_value=0.000987112 -0.0836234 -0.236616 0.248952 -0.129954 0.157843 -0.182744 0.0920645 -0.368942 -0.215619 -0.183252 -0.391933
internal_weight=95 89 61 28 34 19 24 13 27 18 13 22
internal_count=95 89 61 28 34 19 24 13 27 18 13 22
is_linear=0
shrinkage=0.025


Tree=40
num_leaves=14
num_cat=0
split_feature=4 0 1 3 3 1 2 3 2 3 1 3 3
split_gain=15059.5 10859.8 2012.42 695.542 555.525 191.296 103.114 99.2222 98.6095 75.0919 19.53 13.9955 0.813831
threshold=112.50000000000001 17.000000000000004 10.000000000000002 4.6500000000000012 4.9500000000000011 22.000000000000004 3.8500000000000001 4.3500000000000005 3.5500000000000003 4.4500000000000011 5.0000000000000009 4.9500000000000011 4.4500000000000011
decision_type=2 2 2 2 2 2 2 2 2 2 2 2 2
left_child=2 4 9 7 -2 6 11 -4 -6 10 -1 -5 -9
right_child=1 -3 3 5 8 -7 -8 12 -10 -11 -12 -13 -14
leaf_value=-0.43591485139800251 0.088260623367457783 1.5353470041201664 -0.24212730211370126 -0.042669583599154737 0.28562770587642022 0.13539452110567401 0.061579269915819169 -0.10531359916696184 0.45133900046348563 -0.25019597497123941 -0.34589329941171992 -0.10482438344221848 -0.14318685070160894
leaf_weight=8.0000000000000036 8.0000000000000053 4.9999999999999991 10.000000000000002 5.0000000000000018 7.9999999999999982 5.9999999999999991 4.9999999999999991 4.9999999999999982 5 4.9999999999999991 14 5 6
leaf_count=8 8 5 10 5 8 6 5 5 5 5 14 5 6
internal_value=0.000980018 0.511466 -0.192281 -0.0832914 0.255441 0.0184641 -0.0293919 -0.18432 0.35533 -0.359916 -0.382317 -0.0753156 -0.128271
internal_weight=95 26 69 42 21 21 15 21 13 27 22 10 11
internal_count=95 26 69 42 21 21 15 21 13 27 22 10 11
is_linear=0
shrinkage=0.025


Tree=41
num_leaves=14
num_cat=0
split_feature=4 0 1 3 3 1 2 3 2 3 1 3 3
split_gain=14339.5 10344.7 1915 662.07 529 182.164 98.2232 94.3007 94.0717 71.1963 18.6966 13.3236 0.756725
threshold=112.50000000000001 17.000000000000004 10.000000000000002 4.6500000000000012 4.9500000000000011 22.000000000000004 3.8500000000000001 4.3500000000000005 3.5500000000000003 4.4500000000000011 5.0000000000000009 4.9500000000000011 4.4500000000000011
decision_type=2 2 2 2 2 2 2 2 2 2 2 2 2
left_child=2 4 9 7 -2 6 11 -4 -6 10 -1 -5 -9
right_child=1 -3 3 5 8 -7 -8 12 -10 -11 -12 -13 -14
leaf_value=-0.42528278711365464 0.086107924707779004 1.4984395879965562 -0.23619280656178787 -0.04164387348752753 0.27866118332234829 0.1321188440245967 0.060098990640388088 -0.10278202570401707 0.44048949480056754 -0.24418163921397468 -0.3373677649968107 -0.10230456269704376 -0.13972265037798112
leaf_weight=8.0000000000000036 8.0000000000000053 4.9999999999999991 10.000000000000002 5.0000000000000018 7.9999999999999982 5.9999999999999991 4.9999999999999991 4.9999999999999982 5 4.9999999999999991 14 5 6
leaf_count=8 8 5 10 5 8 6 5 5 5 5 14 5 6
internal_value=0.00100114 0.499133 -0.187583 -0.0812629 0.249252 0.0180127 -0.0286853 -0.179831 0.346729 -0.35111 -0.372937 -0.073508 -0.125178
internal_weight=95 26 69 42 21 21 15 21 13 27 22 10 11
internal_count=95 26 69 42 21 21 15 21 13 27 22 10 11
is_linear=0
shrinkage=0.025


Tree=42
num_leaves=14
num_cat=0
split_feature=4 0 1 3 3 1 2 2 2 3 3 1 3
split_gain=13653.8 9854.08 1822.3 630.209 503.74 173.467 93.5646 92.502 89.7418 72.0196 67.5013 17.8973 12.6839
threshold=112.50000000000001 17.000000000000004 10.000000000000002 4.6500000000000012 4.9500000000000011 22.000000000000004 3.8500000000000001 3.4500000000000006 3.5500000000000003 4.3500000000000005 4.4500000000000011 5.0000000000000009 4.9500000000000011
decision_type=2 2 2 2 2 2 2 2 2 2 2 2 2
left_child=2 4 10 7 -2 6 12 -4 -6 -9 11 -1 -5
right_child=1 -3 3 5 8 -7 -8 9 -10 -11 -12 -13 -14
leaf_value=-0.41491003210951621 0.084007732606515589 1.4624194007653457 -0.25076082083914003 -0.04064281405164643 0.27186456017377902 0.12892242525854419 0.058654305940637225 -0.21027827354577872 0.4299008259406456 -0.088927642677141289 -0.23831189300578376 -0.32905235626328155 -0.099845320903337906
leaf_weight=8.0000000000000036 8.0000000000000053 4.9999999999999991 7.0000000000000027 5.0000000000000018 7.9999999999999982 5.9999999999999991 4.9999999999999991 4.9999999999999991 5 8.9999999999999982 4.9999999999999991 14 5
leaf_count=8 8 5 7 5 8 6 5 5 5 9 5 14 5
internal_value=0.00102063 0.487098 -0.182999 -0.0792838 0.243214 0.0175723 -0.0279958 -0.175451 0.338335 -0.134706 -0.342519 -0.363786 -0.071744
internal_weight=95 26 69 42 21 21 15 21 13 14 27 22 10
internal_count=95 26 69 42 21 21 15 21 13 14 27 22 10
is_linear=0
shrinkage=0.025


Tree=43
num_leaves=13
num_cat=0
split_feature=0 2 1 2 0 0 3 2 3 4 2 3
split_gain=13014.2 7402.15 1643.3 1036.82 894.795 438.724 302.351 103.055 64.5116 56.6347 159.594 1.28501
threshold=11.000000000000002 3.6500000000000008 10.000000000000002 3.1500000000000008 15.000000000000002 9.0000000000000018 4.7500000000000009 3.7500000000000004 4.0500000000000007 93.000000000000014 3.4500000000000006 4.4500000000000011
decision_type=2 2 2 2 2 2 2 2 2 2 2 2
left_child=2 3 8 -2 -5 6 7 9 -1 10 -4 -10
right_child=1 -3 5 4 -6 -7 -8 -9 11 -11 -12 -13
leaf_value=-0.37800187157912984 -0.060022296011447832 1.1514885870946778 -0.24466594126489408 0.17425239202768908 0.59263631563920238 0.095225216448307046 -0.0040946092347011846 -0.074266309507431516 -0.3059791448639661 -0.27300487206532409 -0.066701727576794143 -0.23258324416461759
leaf_weight=14.000000000000002 6.0000000000000062 6.9999999999999991 7.0000000000000053 8.9999999999999982 4.9999999999999991 6.9999999999999991 9.9999999999999982 5.9999999999999991 7.9999999999999982 4.9999999999999991 6 5
leaf_count=14 6 7 7 9 5 7 10 6 8 5 6 5
internal_value=0.00103421 0.463407 -0.183357 0.2135 0.330006 -0.0828912 -0.119941 -0.167726 -0.334139 -0.197652 -0.164878 -0.281796
internal_weight=95 27 68 20 14 41 34 24 27 18 13 13
internal_count=95 27 68 20 14 41 34 24 27 18 13 13
is_linear=0
shrinkage=0.025


Tree=44
num_leaves=13
num_cat=0
split_feature=4 0 1 3 1 3 0 2 2 1 3 3
split_gain=12551.6 9226.33 1622.9 567.241 458.688 316.282 143.272 120.45 79.3252 62.1216 61.1152 16.3682
threshold=112.50000000000001 17.000000000000004 10.000000000000002 4.6500000000000012 18.000000000000004 5.0500000000000007 11.000000000000002 3.8500000000000001 3.4500000000000006 5.0000000000000009 4.3500000000000005 4.4500000000000011
decision_type=2 2 2 2 2 2 2 2 2 2 2 2
left_child=2 4 9 8 -2 -6 7 -5 -4 -1 -10 -11
right_child=1 -3 3 6 5 -7 -8 -9 10 11 -12 -13
leaf_value=-0.39557071488078033 0.020683223009109471 1.4107832459303049 -0.23871919578976089 -0.09597150276346901 0.14497252846917799 0.38147610589569692 0.09639120196423881 0.058017503169293584 -0.2006445754032869 -0.31263936606931009 -0.088349566057972298 -0.22699229998084217
leaf_weight=8.0000000000000018 5.0000000000000062 4.9999999999999991 7.0000000000000027 8.0000000000000018 5.9999999999999991 9.9999999999999982 7.9999999999999991 4.9999999999999991 4.9999999999999991 14.000000000000002 8.9999999999999982 4.9999999999999991
leaf_count=8 5 5 7 8 6 10 8 5 5 14 9 5
internal_value=0.00102604 0.467071 -0.175409 -0.0775134 0.231129 0.295749 0.014393 -0.0366686 -0.168747 -0.325957 -0.130804 -0.292765
internal_weight=95 26 69 42 21 16 21 13 21 27 14 19
internal_count=95 26 69 42 21 16 21 13 21 27 14 19
is_linear=0
shrinkage=0.025


Tree=45
num_leaves=13
num_cat=0
split_feature=4 0 1 3 0 3 0 2 2 1 3 3
split_gain=11950.2 8789.45 1544.25 540.094 439.668 501.104 136.348 114.681 75.4779 59.1696 58.2451 15.3956
threshold=112.50000000000001 17.000000000000004 10.000000000000002 4.6500000000000012 11.000000000000002 5.0500000000000007 11.000000000000002 3.8500000000000001 3.4500000000000006 5.0000000000000009 4.3500000000000005 4.4500000000000011
decision_type=2 2 2 2 2 2 2 2 2 2 2 2
left_child=2 4 9 8 -2 -6 7 -5 -4 -1 -10 -11
right_child=1 -3 3 6 5 -7 -8 -9 10 11 -12 -13
leaf_value=-0.3859226476855393 0.076789863080513124 1.3768701608364398 -0.23291699654526168 -0.09363073841100783 0.11146974053520423 0.43517303234193383 0.094040194153785728 0.056622849566002303 -0.19582138359546664 -0.30493346939624189 -0.086188844558985345 -0.22153574850123664
leaf_weight=8.0000000000000018 8.0000000000000053 4.9999999999999991 7.0000000000000027 8.0000000000000018 4.9999999999999991 7.9999999999999991 7.9999999999999991 4.9999999999999991 4.9999999999999991 14.000000000000002 8.9999999999999982 4.9999999999999991
leaf_count=8 8 5 7 8 5 8 8 5 5 14 9 5
internal_value=0.0010288 0.455771 -0.171127 -0.0756319 0.225483 0.314342 0.014047 -0.0357639 -0.164656 -0.317982 -0.127638 -0.285588
internal_weight=95 26 69 42 21 13 21 13 21 27 14 19
internal_count=95 26 69 42 21 13 21 13 21 27 14 19
is_linear=0
shrinkage=0.025


Tree=46
num_leaves=13
num_cat=0
split_feature=4 0 1 3 1 3 2 0 2 3 3 3
split_gain=11378.2 8372.94 1469.41 514.247 421.396 284.189 131.44 230.153 71.8167 56.4673 55.5094 0.460047
threshold=112.50000000000001 17.000000000000004 10.000000000000002 4.6500000000000012 18.000000000000004 5.0500000000000007 3.4500000000000006 7.0000000000000009 3.4500000000000006 4.0500000000000007 4.3500000000000005 4.4500000000000011
decision_type=2 2 2 2 2 2 2 2 2 2 2 2
left_child=2 4 9 8 -2 -6 -5 -8 -4 -1 -10 -11
right_child=1 -3 3 6 5 -7 7 -9 10 11 -12 -13
leaf_value=-0.3511543159753503 0.018340120865748457 1.3437723755836486 -0.22725582023461649 -0.057709887656180736 0.13890811853831816 0.3632169738704083 -0.060600419577139512 0.15822080589003032 -0.19111413829601731 -0.28345347381219638 -0.084080963873344933 -0.21621037108393815
leaf_weight=14.000000000000002 5.0000000000000062 4.9999999999999991 7.0000000000000027 9.0000000000000018 5.9999999999999991 9.9999999999999982 4.9999999999999982 7 4.9999999999999991 7.9999999999999982 8.9999999999999982 5
leaf_count=14 5 5 7 9 6 10 5 7 5 8 9 5
internal_value=0.00103552 0.444763 -0.16695 -0.0737961 0.219996 0.281932 0.0137093 0.0674441 -0.160664 -0.310202 -0.124548 -0.261353
internal_weight=95 26 69 42 21 16 21 12 21 27 14 13
internal_count=95 26 69 42 21 16 21 12 21 27 14 13
is_linear=0
shrinkage=0.025


Tree=47
num_leaves=13
num_cat=0
split_feature=4 0 1 3 3 0 0 2 2 1 3 3
split_gain=10833 7976.47 1398.07 489.599 406.085 596.139 128.983 108.059 68.3326 55.2548 52.902 13.3051
threshold=112.50000000000001 17.000000000000004 10.000000000000002 4.6500000000000012 4.8500000000000005 11.000000000000002 11.000000000000002 3.8500000000000001 3.4500000000000006 5.0000000000000009 4.3500000000000005 4.4500000000000011
decision_type=2 2 2 2 2 2 2 2 2 2 2 2
left_child=2 4 9 8 -2 -6 7 -5 -4 -1 -10 -11
right_child=1 -3 3 6 5 -7 -8 -9 10 11 -12 -13
leaf_value=-0.36794516865800059 0.016714897064062244 1.3114701060148386 -0.22173224124643529 -0.091238528708132274 0.07463420091136809 0.39194407229330031 0.091179112326808101 0.054614414482449108 -0.1865200501221877 -0.2897158293656899 -0.082024636994237496 -0.21101300653356772
leaf_weight=8.0000000000000018 5.0000000000000062 4.9999999999999991 7.0000000000000027 8.0000000000000018 5.9999999999999991 9.9999999999999982 7.9999999999999991 4.9999999999999991 4.9999999999999991 14.000000000000002 8.9999999999999982 4.9999999999999991
leaf_count=8 5 5 7 8 6 10 8 5 5 14 9 5
internal_value=0.00103724 0.434003 -0.162874 -0.0720082 0.214622 0.27542 0.013373 -0.035069 -0.156769 -0.302606 -0.121534 -0.271483
internal_weight=95 26 69 42 21 16 21 13 21 27 14 19
internal_count=95 26 69 42 21 16 21 13 21 27 14 19
is_linear=0
shrinkage=0.025


Tree=48
num_leaves=13
num_cat=0
split_feature=4 0 1 3 3 0 2 0 2 1 3 3
split_gain=10313.8 7598.85 1330.32 466.169 386.41 567.157 124.837 217.539 65.0171 52.6261 50.4167 12.5051
threshold=112.50000000000001 17.000000000000004 10.000000000000002 4.6500000000000012 4.8500000000000005 11.000000000000002 3.4500000000000006 7.0000000000000009 3.4500000000000006 5.0000000000000009 4.3500000000000005 4.4500000000000011
decision_type=2 2 2 2 2 2 2 2 2 2 2 2
left_child=2 4 9 8 -2 -6 -5 -8 -4 -1 -10 -11
right_child=1 -3 3 6 5 -7 7 -9 10 11 -12 -13
leaf_value=-0.35897089272010607 0.016313100434266582 1.2799444207778343 -0.21634291509787232 -0.056545629562891032 0.072828533957081457 0.38233760747255063 -0.059054098431415007 0.15367971551087167 -0.18203639388084414 -0.28257494694750068 -0.080018600886282723 -0.20594058162890949
leaf_weight=8.0000000000000018 5.0000000000000062 4.9999999999999991 7.0000000000000027 9.0000000000000018 5.9999999999999991 9.9999999999999982 4.9999999999999982 7 4.9999999999999991 14.000000000000002 8.9999999999999982 4.9999999999999991
leaf_count=8 5 5 7 9 6 10 5 7 5 14 9 5
internal_value=0.00103641 0.423499 -0.158898 -0.0702603 0.209373 0.268681 0.0130515 0.0654232 -0.152968 -0.295203 -0.118592 -0.264828
internal_weight=95 26 69 42 21 16 21 12 21 27 14 19
internal_count=95 26 69 42 21 16 21 12 21 27 14 19
is_linear=0
shrinkage=0.025


Tree=49
num_leaves=13
num_cat=0
split_feature=4 0 1 3 1 3 0 2 2 1 3 3
split_gain=9819.51 7239.11 1265.82 443.826 371.864 248.346 122.02 101.813 61.862 50.1216 48.0479 11.7509
threshold=112.50000000000001 17.000000000000004 10.000000000000002 4.6500000000000012 18.000000000000004 5.0500000000000007 11.000000000000002 3.8500000000000001 3.4500000000000006 5.0000000000000009 4.3500000000000005 4.4500000000000011
decision_type=2 2 2 2 2 2 2 2 2 2 2 2
left_child=2 4 9 8 -2 -6 7 -5 -4 -1 -10 -11
right_child=1 -3 3 6 5 -7 -8 -9 10 11 -12 -13
leaf_value=-0.35021550829817599 0.014904639812616183 1.2491765077297503 -0.21108458009031072 -0.088900599392448959 0.1287705199372384 0.3384097491993624 0.088411597253345867 0.052675619098142938 -0.17766051888465884 -0.27561005689728424 -0.078061621992484398 -0.20099009092037498
leaf_weight=8.0000000000000018 5.0000000000000062 4.9999999999999991 7.0000000000000027 8.0000000000000018 5.9999999999999991 9.9999999999999982 7.9999999999999991 4.9999999999999991 4.9999999999999991 14.000000000000002 8.9999999999999982 4.9999999999999991
leaf_count=8 5 5 7 8 6 10 8 5 5 14 9 5
internal_value=0.00103354 0.413249 -0.155021 -0.0685582 0.204253 0.262433 0.0127313 -0.0343804 -0.14926 -0.287981 -0.115722 -0.258337
internal_weight=95 26 69 42 21 16 21 13 21 27 14 19
internal_count=95 26 69 42 21 16 21 13 21 27 14 19
is_linear=0
shrinkage=0.025


Tree=50
num_leaves=13
num_cat=0
split_feature=4 0 1 3 3 0 2 0 2 1 3 3
split_gain=9349.01 6896.32 1204.48 422.589 358.599 524.647 118.571 205.613 58.8595 47.7355 45.7902 11.04
threshold=112.50000000000001 17.000000000000004 10.000000000000002 4.6500000000000012 4.8500000000000005 11.000000000000002 3.4500000000000006 7.0000000000000009 3.4500000000000006 5.0000000000000009 4.3500000000000005 4.4500000000000011
decision_type=2 2 2 2 2 2 2 2 2 2 2 2
left_child=2 4 9 8 -2 -6 -5 -8 -4 -1 -10 -11
right_child=1 -3 3 6 5 -7 7 -9 10 11 -12 -13
leaf_value=-0.34167365678926787 0.013372942002919986 1.2191482195487389 -0.20595404571957052 -0.05539765560432619 0.068097047555831167 0.36569987138112392 -0.057539453532081099 0.149275048987733 -0.17338983462407043 -0.26881685340908207 -0.076152506114348137 -0.19615858942270281
leaf_weight=8.0000000000000018 5.0000000000000062 4.9999999999999991 7.0000000000000027 9.0000000000000018 5.9999999999999991 9.9999999999999982 4.9999999999999982 7 4.9999999999999991 14.000000000000002 8.9999999999999982 4.9999999999999991
leaf_count=8 5 5 7 9 6 10 5 7 5 14 9 5
internal_value=0.00103277 0.403252 -0.151237 -0.0668941 0.199263 0.256394 0.0124253 0.0634693 -0.145641 -0.280936 -0.112921 -0.252004
internal_weight=95 26 69 42 21 16 21 12 21 27 14 19
internal_count=95 26 69 42 21 16 21 12 21 27 14 19
is_linear=0
shrinkage=0.025


Tree=51
num_leaves=12
num_cat=0
split_feature=4 0 1 3 3 0 0 2 2 3 3
split_gain=8900.98 6569.84 1146.07 402.335 341.227 499.141 115.438 95.9213 56.0023 45.6955 43.6382
threshold=112.50000000000001 17.000000000000004 10.000000000000002 4.6500000000000012 4.8500000000000005 11.000000000000002 11.000000000000002 3.8500000000000001 3.4500000000000006 4.0500000000000007 4.3500000000000005
decision_type=2 2 2 2 2 2 2 2 2 2 2
left_child=2 4 9 8 -2 -6 7 -5 -4 -1 -10
right_child=1 -3 3 6 5 -7 -8 -9 10 -11 -12
leaf_value=-0.31071961379387003 0.01305148039872828 1.1898417802957388 -0.2009482241339153 -0.08661607483901626 0.066449537200312464 0.35673663943421607 0.085734379764010271 0.050803940299038702 -0.16922180818823671 -0.23038174925428453 -0.074290082052997933
leaf_weight=14.000000000000002 5.0000000000000062 4.9999999999999991 7.0000000000000027 8.0000000000000018 5.9999999999999991 9.9999999999999982 7.9999999999999991 4.9999999999999991 4.9999999999999991 12.999999999999998 8.9999999999999982
leaf_count=14 5 5 7 8 6 10 8 5 5 13 9
internal_value=0.00102878 0.393492 -0.147548 -0.0652737 0.19439 0.25012 0.0121203 -0.0336986 -0.142111 -0.274063 -0.110188
internal_weight=95 26 69 42 21 16 21 13 21 27 14
internal_count=95 26 69 42 21 16 21 13 21 27 14
is_linear=0
shrinkage=0.025


Tree=52
num_leaves=13
num_cat=0
split_feature=4 0 1 3 1 3 2 0 2 1 3 3
split_gain=8473.78 6258.81 1090.04 383.084 328.191 216.916 112.623 194.339 53.2834 44.651 41.5871 10.5213
threshold=112.50000000000001 17.000000000000004 10.000000000000002 4.6500000000000012 18.000000000000004 5.0500000000000007 3.4500000000000006 7.0000000000000009 3.4500000000000006 5.0000000000000009 4.3500000000000005 4.4500000000000011
decision_type=2 2 2 2 2 2 2 2 2 2 2 2
left_child=2 4 9 8 -2 -6 -5 -8 -4 -1 -10 -11
right_child=1 -3 3 6 5 -7 7 -9 10 11 -12 -13
leaf_value=-0.32576164443318428 0.011831880532778212 1.1612398404341477 -0.19606406225098494 -0.054266209625031619 0.11940280304801079 0.31529042551330494 -0.056056200210654286 0.14500246863398286 -0.16515397716027042 -0.2556640198532964 -0.07247320355280587 -0.18590521560265472
leaf_weight=8.0000000000000018 5.0000000000000062 4.9999999999999991 7.0000000000000027 9.0000000000000018 5.9999999999999991 9.9999999999999982 4.9999999999999982 7 4.9999999999999991 14.000000000000002 8.9999999999999982 4.9999999999999991
leaf_count=8 5 5 7 9 6 10 5 7 5 14 9 5
internal_value=0.00103899 0.383969 -0.143928 -0.0636893 0.189636 0.244291 0.0118291 0.06158 -0.138666 -0.267312 -0.107521 -0.239499
internal_weight=95 26 69 42 21 16 21 12 21 27 14 19
internal_count=95 26 69 42 21 16 21 12 21 27 14 19
is_linear=0
shrinkage=0.025


Tree=53
num_leaves=13
num_cat=0
split_feature=0 2 1 2 0 0 3 3 1 4 2 3
split_gain=8083.01 6611.77 980.685 806.934 505.529 298.206 194.939 63.4472 42.523 28.501 62.5175 9.88751
threshold=11.000000000000002 3.6500000000000008 10.000000000000002 3.1500000000000008 15.000000000000002 9.0000000000000018 4.7500000000000009 4.1500000000000012 5.0000000000000009 93.000000000000014 3.5500000000000003 4.4500000000000011
decision_type=2 2 2 2 2 2 2 2 2 2 2 2
left_child=2 3 8 -2 -5 6 7 -4 -1 10 -9 -10
right_child=1 -3 5 4 -6 -7 -8 9 11 -11 -12 -13
leaf_value=-0.31781623479796611 -0.10978560262630051 1.0153507257501284 -0.21566383288456828 0.11642950663100121 0.43027969140272876 0.080163332571585977 -0.0041326758670894538 -0.15210595818666306 -0.2493624455492261 -0.15358178445862403 -0.03593903556466102 -0.18143634016697224
leaf_weight=8.0000000000000018 6.0000000000000062 6.9999999999999991 5.0000000000000027 8.9999999999999982 4.9999999999999991 6.9999999999999991 9.9999999999999982 5.0000000000000018 14.000000000000002 6.9999999999999991 7 4.9999999999999991
leaf_count=8 6 7 5 9 5 7 10 5 14 7 7 5
internal_value=0.00103489 0.365431 -0.144281 0.130096 0.233088 -0.0666427 -0.0971961 -0.135566 -0.260772 -0.112396 -0.0861444 -0.233628
internal_weight=95 27 68 20 14 41 34 24 27 19 12 19
internal_count=95 27 68 20 14 41 34 24 27 19 12 19
is_linear=0
shrinkage=0.025


Tree=54
num_leaves=13
num_cat=0
split_feature=4 0 1 3 3 0 0 2 2 4 1 3
split_gain=7786.79 5856.56 970.79 345.666 303.09 437.017 97.8062 91.6361 45.9965 52.0327 40.4958 9.29005
threshold=112.50000000000001 17.000000000000004 10.000000000000002 4.6500000000000012 4.8500000000000005 11.000000000000002 11.000000000000002 3.8500000000000001 3.4500000000000006 93.000000000000014 5.0000000000000009 4.4500000000000011
decision_type=2 2 2 2 2 2 2 2 2 2 2 2
left_child=2 4 10 8 -2 -6 7 -5 -4 -10 -1 -12
right_child=1 -3 3 6 5 -7 -8 -9 9 -11 11 -13
leaf_value=-0.31006461003931551 0.0093568240220729994 1.1199529409408568 -0.18693953653176618 -0.084341625015183164 0.060848754548257389 0.33242699901262918 0.077314847889469906 0.049967705777201513 -0.053544738267858827 -0.1520392056968477 -0.24321619675193029 -0.17707489522603845
leaf_weight=8.0000000000000018 5.0000000000000062 4.9999999999999991 7.0000000000000027 8.0000000000000018 5.9999999999999991 9.9999999999999982 7.9999999999999991 4.9999999999999991 6.9999999999999982 7 14.000000000000002 4.9999999999999991
leaf_count=8 5 5 7 8 6 10 8 5 7 7 14 5
internal_value=0.00101873 0.368098 -0.137947 -0.0622087 0.18015 0.232671 0.00953833 -0.0326151 -0.133428 -0.104328 -0.254393 -0.227902
internal_weight=95 26 69 42 21 16 21 13 21 14 27 19
internal_count=95 26 69 42 21 16 21 13 21 14 27 19
is_linear=0
shrinkage=0.025


Tree=55
num_leaves=13
num_cat=0
split_feature=4 0 1 3 3 0 2 0 2 4 3 3
split_gain=7413.54 5579.28 923.773 329.103 288.41 415.771 96.9575 167.444 43.7723 49.5242 38.9344 4.0919
threshold=112.50000000000001 17.000000000000004 10.000000000000002 4.6500000000000012 4.8500000000000005 11.000000000000002 3.4500000000000006 7.0000000000000009 3.4500000000000006 93.000000000000014 3.9500000000000006 4.4500000000000011
decision_type=2 2 2 2 2 2 2 2 2 2 2 2
left_child=2 4 10 8 -2 -6 -5 -8 -4 -10 -1 -12
right_child=1 -3 3 6 5 -7 7 -9 9 -11 11 -13
leaf_value=-0.2906136453151702 0.0091319001637972189 1.093030962577233 -0.18239586618211526 -0.051994321414309985 0.059376607306541929 0.32427927664681977 -0.053647641055823238 0.13294269107282161 -0.052243303341997997 -0.14834380495465463 -0.23162395443235129 -0.17281828224658968
leaf_weight=11.000000000000002 5.0000000000000062 4.9999999999999991 7.0000000000000027 9.0000000000000018 5.9999999999999991 9.9999999999999982 4.9999999999999982 7 6.9999999999999982 7 10.999999999999998 4.9999999999999991
leaf_count=11 5 5 7 9 6 10 5 7 7 7 11 5
internal_value=0.00101585 0.35919 -0.134578 -0.0606956 0.175744 0.226977 0.00930999 0.0554893 -0.130188 -0.101794 -0.24817 -0.215685
internal_weight=95 26 69 42 21 16 21 12 21 14 27 16
internal_count=95 26 69 42 21 16 21 12 21 14 27 16
is_linear=0
shrinkage=0.025


Tree=56
num_leaves=13
num_cat=0
split_feature=4 0 1 3 3 0 0 2 2 4 1 3
split_gain=7058.21 5315.13 878.971 313.304 274.44 395.557 92.5273 86.3735 41.6553 47.1364 37.7007 8.01359
threshold=112.50000000000001 17.000000000000004 10.000000000000002 4.6500000000000012 4.8500000000000005 11.000000000000002 11.000000000000002 3.8500000000000001 3.4500000000000006 93.000000000000014 5.0000000000000009 4.4500000000000011
decision_type=2 2 2 2 2 2 2 2 2 2 2 2
left_child=2 4 10 8 -2 -6 7 -5 -4 -10 -1 -12
right_child=1 -3 3 6 5 -7 -8 -9 9 -11 11 -13
leaf_value=-0.29559376239776602 0.0089123808420621311 1.0667562356361975 -0.17796263330512571 -0.082133942797053119 0.057940078166223347 0.31633125336146822 0.075005780033222058 0.048262027185410256 -0.050973500476943129 -0.14473822892953953 -0.23109697069920276 -0.16866399783354541
leaf_weight=8.0000000000000018 5.0000000000000062 4.9999999999999991 7.0000000000000027 8.0000000000000018 5.9999999999999991 9.9999999999999982 7.9999999999999991 4.9999999999999991 6.9999999999999982 7 14.000000000000002 4.9999999999999991
leaf_count=8 5 5 7 8 6 10 8 5 7 7 14 5
internal_value=0.00101199 0.350497 -0.131293 -0.0592226 0.171446 0.221423 0.00908074 -0.0319156 -0.127026 -0.0993221 -0.242096 -0.21666
internal_weight=95 26 69 42 21 16 21 13 21 14 27 19
internal_count=95 26 69 42 21 16 21 13 21 14 27 19
is_linear=0
shrinkage=0.025


Tree=57
num_leaves=13
num_cat=0
split_feature=4 0 1 3 1 1 2 0 3 1 3 3
split_gain=6719.9 5063.48 836.402 298.293 267.829 105.974 91.9995 158.319 39.9806 35.9013 7.52258 0.364166
threshold=112.50000000000001 17.000000000000004 10.000000000000002 4.6500000000000012 22.000000000000004 18.000000000000004 3.4500000000000006 7.0000000000000009 4.3500000000000005 5.0000000000000009 4.4500000000000011 4.4500000000000011
decision_type=2 2 2 2 2 2 2 2 2 2 2 2
left_child=2 4 9 8 5 -2 -5 -8 -4 -1 -11 -10
right_child=1 -3 3 6 -6 -7 7 -9 11 10 -12 -13
leaf_value=-0.28838416774098458 0.008295248678097349 1.0411130428314208 -0.1608568748714877 -0.050849059851759137 0.29202733875976666 0.15190562058402146 -0.052264370959108845 0.12916535639928448 -0.072007704583498158 -0.22540091326538941 -0.16460957527160647 -0.098368106427932922
leaf_weight=8.0000000000000018 5.0000000000000044 4.9999999999999991 10.000000000000002 9.0000000000000018 6.9999999999999991 9 4.9999999999999982 7 4.9999999999999982 14.000000000000002 4.9999999999999991 6
leaf_count=8 5 5 10 9 7 9 5 7 5 14 5 6
internal_value=0.0010082 0.342015 -0.128086 -0.0577822 0.167253 0.101543 0.00886342 0.0538497 -0.123942 -0.236173 -0.21135 -0.0879975
internal_weight=95 26 69 42 21 14 21 12 21 27 19 11
internal_count=95 26 69 42 21 14 21 12 21 27 19 11
is_linear=0
shrinkage=0.025


Tree=58
num_leaves=13
num_cat=0
split_feature=4 0 1 3 3 0 2 0 2 4 3 3
split_gain=6398.21 4823.53 795.902 283.94 264.872 365.306 87.5548 150.746 39.0306 44.523 34.6972 3.01932
threshold=112.50000000000001 17.000000000000004 10.000000000000002 4.6500000000000012 4.8500000000000005 11.000000000000002 3.4500000000000006 7.0000000000000009 3.4500000000000006 93.000000000000014 3.9500000000000006 4.4500000000000011
decision_type=2 2 2 2 2 2 2 2 2 2 2 2
left_child=2 4 10 8 -2 -6 -5 -8 -4 -10 -1 -12
right_child=1 -3 3 6 5 -7 7 -9 9 -11 11 -13
leaf_value=-0.27027751335075917 0.0037160123770053517 1.0160862537530753 -0.17016138699319622 -0.049605468927842102 0.055179461163859217 0.30348112312894249 -0.051008014316455678 0.12602591953343814 -0.047275837448736036 -0.13827000090386718 -0.21444355206830165 -0.16065261318133428
leaf_weight=11.000000000000002 5.0000000000000062 4.9999999999999991 7.0000000000000027 9.0000000000000018 5.9999999999999991 9.9999999999999982 4.9999999999999982 7 6.9999999999999982 7 10.999999999999998 4.9999999999999991
leaf_count=11 5 5 7 9 6 10 5 7 7 7 11 5
internal_value=0.00100846 0.333754 -0.124958 -0.056376 0.163181 0.212276 0.00864503 0.0525324 -0.120924 -0.0941676 -0.230396 -0.199902
internal_weight=95 26 69 42 21 16 21 12 21 14 27 16
internal_count=95 26 69 42 21 16 21 12 21 14 27 16
is_linear=0
shrinkage=0.025


Tree=59
num_leaves=12
num_cat=0
split_feature=4 2 1 3 3 0 2 3 1 0 3
split_gain=6091.54 4755.5 757.301 518.615 270.31 87.0309 80.6055 37.2425 33.4118 7.0245 0.105492
threshold=112.50000000000001 3.6500000000000008 10.000000000000002 4.8500000000000005 4.6500000000000012 11.000000000000002 3.8500000000000001 4.3500000000000005 5.0000000000000009 5.0000000000000009 4.4500000000000011
decision_type=2 2 2 2 2 2 2 2 2 2 2
left_child=2 3 8 -2 7 6 -6 -4 -1 -10 -9
right_child=1 -3 4 -5 5 -7 -8 10 9 -11 -12
leaf_value=-0.27492850350170589 -0.090521012390813421 0.82487552380416462 -0.15358055495456149 0.19098118442400802 -0.079831952140552942 0.072373623927918893 0.046137622256691636 -0.068702841378175311 -0.21644515286792407 -0.16119355617030975 -0.092752712316090058
leaf_weight=8.0000000000000018 6.0000000000000062 7.9999999999999991 10.000000000000002 11.999999999999998 8.0000000000000018 7.9999999999999991 4.9999999999999991 4.9999999999999982 13.000000000000002 5.9999999999999991 6
leaf_count=8 6 8 10 12 8 8 5 5 13 6 6
internal_value=0.00100309 0.325676 -0.121907 0.0971148 -0.055008 0.00843195 -0.0313225 -0.117988 -0.224757 -0.200923 -0.0833546
internal_weight=95 26 69 18 42 21 13 21 27 19 11
internal_count=95 26 69 18 42 21 13 21 27 19 11
is_linear=0
shrinkage=0.025


Tree=60
num_leaves=13
num_cat=0
split_feature=0 2 0 3 1 3 1 3 2 4 2 1
split_gain=5931.38 7312.1 1944.45 465.88 249.481 200.552 75.8495 54.536 21.7733 17.5957 15.3839 11.4199
threshold=15.000000000000002 3.3500000000000001 9.0000000000000018 4.7500000000000009 10.000000000000002 5.2500000000000009 22.000000000000004 4.1500000000000012 3.7500000000000004 93.000000000000014 3.4500000000000006 5.0000000000000009
decision_type=2 2 2 2 2 2 2 2 2 2 2 2
left_child=2 -2 3 4 11 6 10 -6 -9 -5 -4 -1
right_child=1 -3 5 9 7 -7 -8 8 -10 -11 -12 -13
leaf_value=-0.2682229199060579 -0.051317196026925117 1.2276929947046131 0.071966809063003526 0.031036847003645479 -0.19103428354630092 0.23433929468608566 -0.0068159009401614849 -0.11423975777614748 -0.053307065668125299 -0.031307504498041587 0.13779093930798192 -0.21135113488186846
leaf_weight=8.0000000000000018 5.9999999999999982 5 5.0000000000000053 5.9999999999999982 5.0000000000000027 6.9999999999999991 4.9999999999999991 13.000000000000002 5.9999999999999991 5 6 18
leaf_count=8 6 5 5 6 5 7 5 13 6 5 6 18
internal_value=0.00097618 0.541481 -0.0709074 -0.144661 -0.17695 0.124206 0.0736474 -0.117122 -0.0958187 0.00253388 0.109802 -0.230812
internal_weight=95 11 84 61 50 23 16 24 19 11 11 26
internal_count=95 11 84 61 50 23 16 24 19 11 11 26
is_linear=0
shrinkage=0.025


Tree=61
num_leaves=13
num_cat=0
split_feature=0 2 0 3 1 3 1 3 2 4 2 1
split_gain=5648.85 6964.75 1850.79 443.311 237.208 190.881 72.2421 51.9945 20.6864 16.7575 14.6313 10.926
threshold=15.000000000000002 3.3500000000000001 9.0000000000000018 4.7500000000000009 10.000000000000002 5.2500000000000009 22.000000000000004 4.1500000000000012 3.7500000000000004 93.000000000000014 3.4500000000000006 5.0000000000000009
decision_type=2 2 2 2 2 2 2 2 2 2 2 2
left_child=2 -2 3 4 11 6 10 -6 -9 -5 -4 -1
right_child=1 -3 5 9 7 -7 -8 8 -10 -11 -12 -13
leaf_value=-0.26168089727076083 -0.050075650984241118 1.1981811395058262 0.07023683511293842 0.030285951579290055 -0.18644211246417108 0.22864354566360512 -0.00665205751474087 -0.11142703478725513 -0.052017378758999602 -0.030554919059459975 0.1344572861348429 -0.20612541751547175
leaf_weight=8.0000000000000018 5.9999999999999982 5 5.0000000000000053 5.9999999999999982 5.0000000000000027 6.9999999999999991 4.9999999999999991 13.000000000000002 5.9999999999999991 5 6 18
leaf_count=8 6 5 5 6 5 7 5 13 6 5 6 18
internal_value=0.000991179 0.528466 -0.0691593 -0.141115 -0.172612 0.121197 0.0718689 -0.11427 -0.0934685 0.00246762 0.107153 -0.225134
internal_weight=95 11 84 61 50 23 16 24 19 11 11 26
internal_count=95 11 84 61 50 23 16 24 19 11 11 26
is_linear=0
shrinkage=0.025


Tree=62
num_leaves=13
num_cat=0
split_feature=1 2 1 3 2 0 1 3 4 2 2 1
split_gain=5401.7 5222.13 1035.83 310.211 211.464 166.766 133.325 90.488 75.4189 68.3597 42.6943 10.4528
threshold=22.000000000000004 3.6500000000000008 14.000000000000002 4.7500000000000009 3.2500000000000004 9.0000000000000018 10.000000000000002 5.1500000000000012 93.000000000000014 3.4500000000000006 3.5500000000000003 5.0000000000000009
decision_type=2 2 2 2 2 2 2 2 2 2 2 2
left_child=2 4 3 6 -2 10 11 -7 9 -8 -4 -1
right_child=1 -3 5 -5 -6 7 8 -9 -10 -11 -12 -13
leaf_value=-0.2552984435383866 -0.048864145721158651 0.9081186476680968 -0.092562249990609927 0.023818228123127484 0.15797955499541375 0.12857797270019852 -0.15416599069872206 -0.00096600637412988229 -0.20999443622735831 -0.038362797572174 0.0017879293196731141 -0.20102891090152031
leaf_weight=8.0000000000000018 6.0000000000000018 6.9999999999999991 5.0000000000000018 4.9999999999999991 6 9.9999999999999982 6.0000000000000018 4.9999999999999991 4.9999999999999991 7 7 18
leaf_count=8 6 7 5 5 6 10 6 5 5 7 7 18
internal_value=0.00100484 0.37578 -0.0934129 -0.161709 0.0553496 0.0307637 -0.182832 0.0858699 -0.12783 -0.0934312 -0.0382951 -0.219596
internal_weight=95 19 76 49 12 27 44 15 18 13 12 26
internal_count=95 19 76 49 12 27 44 15 18 13 12 26
is_linear=0
shrinkage=0.025


Tree=63
num_leaves=13
num_cat=0
split_feature=0 2 0 3 1 3 1 3 2 4 2 1
split_gain=5287.32 6501.56 1624.63 403.882 213.528 172.733 79.673 48.4036 19.5315 15.5455 13.75 9.9993
threshold=15.000000000000002 3.3500000000000001 9.0000000000000018 4.7500000000000009 10.000000000000002 5.2500000000000009 22.000000000000004 4.1500000000000012 3.7500000000000004 93.000000000000014 3.4500000000000006 5.0000000000000009
decision_type=2 2 2 2 2 2 2 2 2 2 2 2
left_child=2 -2 3 4 11 6 10 -6 -9 -5 -4 -1
right_child=1 -3 5 9 7 -7 -8 8 -10 -11 -12 -13
leaf_value=-0.24907164806272919 -0.047681943831905244 1.1583681986882135 0.066080440752781272 0.029535088075264809 -0.17857835705463693 0.21364009167171188 -0.017502614855766298 -0.1063636973951802 -0.048770432799093183 -0.029062104683655957 0.12809352906000226 -0.19605841734907128
leaf_weight=8.0000000000000018 5.9999999999999982 5 5.0000000000000053 5.9999999999999982 5.0000000000000027 6.9999999999999991 4.9999999999999991 13.000000000000002 5.9999999999999991 5 6 18
leaf_count=8 6 5 5 6 5 7 5 13 6 5 6 18
internal_value=0.000989903 0.511307 -0.0668782 -0.134292 -0.164355 0.111476 0.0646163 -0.108987 -0.0889389 0.00274505 0.101701 -0.214195
internal_weight=95 11 84 61 50 23 16 24 19 11 11 26
internal_count=95 11 84 61 50 23 16 24 19 11 11 26
is_linear=0
shrinkage=0.025


Tree=64
num_leaves=12
num_cat=0
split_feature=0 0 3 1 3 0 3 2 2 4 1
split_gain=5036.08 2201.12 384.318 203.021 172.799 157.715 46.1465 18.5568 15.8305 14.805 9.56482
threshold=17.000000000000004 9.0000000000000018 4.7500000000000009 10.000000000000002 5.2500000000000009 13.000000000000002 4.1500000000000012 3.7500000000000004 3.5500000000000003 93.000000000000014 5.0000000000000009
decision_type=2 2 2 2 2 2 2 2 2 2 2
left_child=1 2 3 10 5 8 -5 -8 -3 -4 -1
right_child=-2 4 9 6 -6 -7 7 -9 -10 -11 -12
leaf_value=-0.24299672667573133 0.68997979625578854 0.01471136020393006 0.028820530018739167 -0.17428560761304993 0.22570454721217575 0.19549743331247763 -0.10374489417581845 -0.0475905030965805 0.070395274316110909 -0.028363499274620643 -0.19121081842170967
leaf_weight=8.0000000000000018 5.9999999999999991 7.0000000000000053 5.9999999999999982 5.0000000000000027 8.9999999999999982 5.9999999999999991 13.000000000000002 5.9999999999999991 6 5 18
leaf_count=8 6 7 6 5 9 6 13 6 6 5 18
internal_value=0.0010018 -0.046875 -0.131 -0.160326 0.135982 0.0915082 -0.106334 -0.0867575 0.0411835 0.00267385 -0.208926
internal_weight=95 89 61 50 28 19 24 19 13 11 26
internal_count=95 89 61 50 28 19 24 19 13 11 26
is_linear=0
shrinkage=0.025


Tree=65
num_leaves=13
num_cat=0
split_feature=0 2 0 3 1 3 1 3 2 4 2 1
split_gain=4804.52 6227.83 1468.55 365.702 193.031 155.984 76.0672 43.9944 17.6305 14.0998 11.9206 9.14857
threshold=15.000000000000002 3.3500000000000001 9.0000000000000018 4.7500000000000009 10.000000000000002 5.2500000000000009 22.000000000000004 4.1500000000000012 3.7500000000000004 93.000000000000014 3.4500000000000006 5.0000000000000009
decision_type=2 2 2 2 2 2 2 2 2 2 2 2
left_child=2 -2 3 4 11 6 10 -6 -9 -5 -4 -1
right_child=1 -3 5 9 7 -7 -8 8 -10 -11 -12 -13
leaf_value=-0.23706998243564503 -0.059233646527413412 1.1207782956270067 0.064138335304764524 0.028123255536681227 -0.17009605215145981 0.20296157176295915 -0.018840102392893573 -0.10119056969203731 -0.046439120293624937 -0.027681682889278116 0.12228249306640315 -0.18648307985001866
leaf_weight=8.0000000000000018 5.9999999999999982 5 5.0000000000000053 5.9999999999999982 5.0000000000000027 6.9999999999999991 4.9999999999999991 13.000000000000002 5.9999999999999991 5 6 18
leaf_count=8 6 5 5 6 5 7 5 13 6 5 6 18
internal_value=0.000999371 0.48746 -0.0636955 -0.127789 -0.156396 0.105874 0.0613396 -0.103745 -0.0846296 0.00260441 0.0975822 -0.203787
internal_weight=95 11 84 61 50 23 16 24 19 11 11 26
internal_count=95 11 84 61 50 23 16 24 19 11 11 26
is_linear=0
shrinkage=0.025


Tree=66
num_leaves=12
num_cat=0
split_feature=0 0 3 1 3 0 3 2 2 4 1
split_gain=4680.27 1966.4 347.988 183.531 146.074 143.164 41.9423 16.7502 14.6294 13.4281 8.74981
threshold=17.000000000000004 9.0000000000000018 4.7500000000000009 10.000000000000002 5.2500000000000009 13.000000000000002 4.1500000000000012 3.7500000000000004 3.5500000000000003 93.000000000000014 5.0000000000000009
decision_type=2 2 2 2 2 2 2 2 2 2 2
left_child=1 2 3 10 5 8 -5 -8 -3 -4 -1
right_child=-2 4 9 6 -6 -7 7 -9 -10 -11 -12
leaf_value=-0.23128778527422644 0.66520358362505505 0.013371111193878772 0.027442856078907368 -0.16600720332219041 0.21023273617029195 0.18581590277533377 -0.098699135276855837 -0.045315592207254896 0.066871797473680578 -0.027016255488762488 -0.1818722318816971
leaf_weight=8.0000000000000018 5.9999999999999991 7.0000000000000053 5.9999999999999982 5.0000000000000027 8.9999999999999982 5.9999999999999991 13.000000000000002 5.9999999999999991 6 5 18
leaf_count=8 6 7 6 5 9 6 13 6 6 5 18
internal_value=0.00100938 -0.0451448 -0.124657 -0.152563 0.127689 0.0867414 -0.10122 -0.0825539 0.0387975 0.00253671 -0.198774
internal_weight=95 89 61 50 28 19 24 19 13 11 26
internal_count=95 89 61 50 28 19 24 19 13 11 26
is_linear=0
shrinkage=0.025


Tree=67
num_leaves=12
num_cat=0
split_feature=0 0 3 1 3 0 3 2 2 4 1
split_gain=4456.26 1871.57 331.133 174.498 138.942 136.31 39.9857 15.9137 13.9273 12.7885 8.36783
threshold=17.000000000000004 9.0000000000000018 4.7500000000000009 10.000000000000002 5.2500000000000009 13.000000000000002 4.1500000000000012 3.7500000000000004 3.5500000000000003 93.000000000000014 5.0000000000000009
decision_type=2 2 2 2 2 2 2 2 2 2 2
left_child=1 2 3 10 5 8 -5 -8 -3 -4 -1
right_child=-2 4 9 6 -6 -7 7 -9 -10 -11 -12
leaf_value=-0.22564661560989002 0.64910992960776048 0.013046118937846678 0.026778914743373475 -0.16201664713712829 0.20509117731581569 0.18132035463087023 -0.096269042394829515 -0.044219246843168809 0.06525393165647983 -0.026366827350396374 -0.17737539155142648
leaf_weight=8.0000000000000018 5.9999999999999991 7.0000000000000053 5.9999999999999982 5.0000000000000027 8.9999999999999982 5.9999999999999991 13.000000000000002 5.9999999999999991 6 5 18
leaf_count=8 6 7 6 5 9 6 13 6 6 5 18
internal_value=0.00100581 -0.04403 -0.121601 -0.148823 0.124584 0.0846454 -0.0987561 -0.0805292 0.0378603 0.00247069 -0.193885
internal_weight=95 89 61 50 28 19 24 19 13 11 26
internal_count=95 89 61 50 28 19 24 19 13 11 26
is_linear=0
shrinkage=0.025


Tree=68
num_leaves=12
num_cat=0
split_feature=4 2 1 3 3 2 0 3 2 4 0
split_gain=4247.98 3985.01 427.391 374.085 137.163 79.7687 94.1852 26.621 25.887 48.2591 2.7661
threshold=112.50000000000001 3.6500000000000008 10.000000000000002 4.8500000000000005 4.6500000000000012 3.2500000000000004 7.0000000000000009 3.9500000000000006 3.4500000000000006 93.000000000000014 5.0000000000000009
decision_type=2 2 2 2 2 2 2 2 2 2 2
left_child=2 3 7 -2 8 -6 -7 -1 -4 -10 -9
right_child=1 -3 4 -5 5 6 -8 10 9 -11 -12
leaf_value=-0.21275903859308787 -0.095740766102267741 0.72902773094885964 -0.13621967848804256 0.14306590928406013 -0.067132336703106379 -0.039745020217472511 0.093324817551506886 -0.16713370926239912 -0.026569903352194363 -0.12001835890114308 -0.12530152528516708
leaf_weight=11.000000000000002 6.0000000000000062 7.9999999999999991 7.0000000000000027 11.999999999999998 8.0000000000000018 5.9999999999999982 7 9.9999999999999982 6.9999999999999982 7 5.9999999999999991
leaf_count=11 6 8 7 12 8 6 7 10 7 7 6
internal_value=0.0010018 0.272131 -0.101636 0.0632177 -0.0513017 -0.0058946 0.0321416 -0.178935 -0.0961659 -0.0744145 -0.153264
internal_weight=95 26 69 18 42 21 13 27 21 14 16
internal_count=95 26 69 18 42 21 13 27 21 14 16
is_linear=0
shrinkage=0.025


Tree=69
num_leaves=12
num_cat=0
split_feature=0 0 3 1 1 3 3 3 2 4 1
split_gain=4158.21 1679.88 299.242 157.303 137.83 363.863 108.887 36.9193 14.8549 13.2355 7.7391
threshold=17.000000000000004 9.0000000000000018 4.7500000000000009 10.000000000000002 22.000000000000004 5.2500000000000009 5.1500000000000012 4.1500000000000012 3.7500000000000004 93.000000000000014 5.0000000000000009
decision_type=2 2 2 2 2 2 2 2 2 2 2
left_child=1 2 3 10 6 -6 -3 -5 -9 -4 -1
right_child=-2 4 9 7 5 -7 -8 8 -10 -11 -12
leaf_value=-0.21509289363535433 0.62702936780068175 0.11107317487179647 0.026666473074545789 -0.15512000689139724 0.068518930310156295 0.33968621584085312 -0.030168376060632558 -0.092034996368668298 -0.0418065010539947 -0.027403585956646843 -0.16889393323070401
leaf_weight=8.0000000000000018 5.9999999999999991 10.000000000000002 5.9999999999999982 5.0000000000000027 7.9999999999999982 5 4.9999999999999991 13.000000000000002 5.9999999999999991 5 18
leaf_count=8 6 10 6 5 8 5 5 13 6 5 18
internal_value=0.000973134 -0.0425302 -0.116021 -0.141899 0.117218 0.176475 0.0641329 -0.0943465 -0.0768392 0.0019271 -0.18469
internal_weight=95 89 61 50 28 13 15 24 19 11 26
internal_count=95 89 61 50 28 13 15 24 19 11 26
is_linear=0
shrinkage=0.025


Tree=70
num_leaves=12
num_cat=0
split_feature=0 0 3 1 1 3 3 3 2 4 1
split_gain=3959.16 1598.98 284.747 149.559 131.335 346.63 103.643 35.1961 14.1129 12.6051 7.39943
threshold=17.000000000000004 9.0000000000000018 4.7500000000000009 10.000000000000002 22.000000000000004 5.2500000000000009 5.1500000000000012 4.1500000000000012 3.7500000000000004 93.000000000000014 5.0000000000000009
decision_type=2 2 2 2 2 2 2 2 2 2 2
left_child=1 2 3 10 6 -6 -3 -5 -9 -4 -1
right_child=-2 4 9 7 5 -7 -8 8 -10 -11 -12
leaf_value=-0.20984673122080355 0.61185930121329513 0.10835079197936195 0.026021317596877782 -0.15139115865413949 0.066847738005766058 0.33152067982233485 -0.029443174944474151 -0.089768980228991213 -0.040795055897005141 -0.02674484803126408 -0.16471798171053878
leaf_weight=8.0000000000000018 5.9999999999999991 10.000000000000002 5.9999999999999982 5.0000000000000027 7.9999999999999982 5 4.9999999999999991 13.000000000000002 5.9999999999999991 5 18
leaf_count=8 6 10 6 5 8 5 5 13 6 5 18
internal_value=0.000971059 -0.0414779 -0.113178 -0.138421 0.114375 0.17222 0.0625542 -0.0920502 -0.0749547 0.0018758 -0.180147
internal_weight=95 89 61 50 28 13 15 24 19 11 26
internal_count=95 89 61 50 28 13 15 24 19 11 26
is_linear=0
shrinkage=0.025


Tree=71
num_leaves=13
num_cat=0
split_feature=2 4 3 0 3 0 2 4 0 3 3 0
split_gain=3832.01 1174.51 441.345 779.192 196.879 54.5116 63.853 71.0919 101.938 36.0239 21.7635 45.3396
threshold=3.9500000000000006 100.00000000000001 4.4500000000000011 15.000000000000002 4.0500000000000007 9.0000000000000018 3.2500000000000004 93.000000000000014 5.0000000000000009 4.3500000000000005 4.8500000000000005 11.000000000000002
decision_type=2 2 2 2 2 2 2 2 2 2 2 2
left_child=1 4 -3 10 -1 6 9 8 -8 -6 -4 -12
right_child=-2 2 3 -5 5 -7 7 -9 -10 -11 11 -13
leaf_value=-0.18776791726433953 0.48597634505966436 -0.10984774058864957 -0.0035936632408545516 0.36805157392255722 -0.092892076877447285 -0.02608440483852131 -0.12767885373188895 -0.13729606303903794 0.011031628497268842 -0.19103976776522974 0.0084575980860409489 0.10541281469406619
leaf_weight=17 8.9999999999999982 6.0000000000000027 5.0000000000000062 5.9999999999999991 4.9999999999999982 7.9999999999999991 5.0000000000000009 6.9999999999999991 9 6 5.9999999999999982 6
leaf_count=17 9 6 5 6 5 8 5 7 9 6 6 6
internal_value=0.00096848 -0.0507834 0.0783621 0.128038 -0.116555 -0.0854751 -0.10003 -0.073159 -0.0395204 -0.148994 0.0399599 0.057971
internal_weight=95 86 29 23 57 40 32 21 14 11 17 12
internal_count=95 86 29 23 57 40 32 21 14 11 17 12
is_linear=0
shrinkage=0.025


Tree=72
num_leaves=12
num_cat=0
split_feature=0 0 3 1 1 3 3 3 2 4 1
split_gain=3696.09 1475.21 254.343 137.493 119.067 310.302 99.2045 30.9491 11.8539 8.91925 5.51038
threshold=17.000000000000004 9.0000000000000018 4.7500000000000009 10.000000000000002 22.000000000000004 5.2500000000000009 5.1500000000000012 4.1500000000000012 3.7500000000000004 93.000000000000014 5.0000000000000009
decision_type=2 2 2 2 2 2 2 2 2 2 2
left_child=1 2 3 10 6 -6 -3 -5 -9 -4 -1
right_child=-2 4 9 7 5 -7 -8 8 -10 -11 -12
leaf_value=-0.20014881273595295 0.59119259426670678 0.10508125100248292 0.020194377978482558 -0.14406904669908369 0.064956916759653802 0.31546503626383265 -0.029704909255871405 -0.085880514285103834 -0.040675934572373666 -0.024203033172167262 -0.15851348140737515
leaf_weight=8.0000000000000018 5.9999999999999991 10.000000000000002 5.9999999999999982 5.0000000000000027 7.9999999999999982 5 4.9999999999999991 13.000000000000002 5.9999999999999991 5 18
leaf_count=8 6 10 6 5 8 5 5 13 6 5 18
internal_value=0.000948354 -0.0400657 -0.108934 -0.132792 0.109634 0.164721 0.0602706 -0.0883253 -0.0722429 0 -0.172802
internal_weight=95 89 61 50 28 13 15 24 19 11 26
internal_count=95 89 61 50 28 13 15 24 19 11 26
is_linear=0
shrinkage=0.025


Tree=73
num_leaves=13
num_cat=0
split_feature=2 4 3 0 3 0 2 4 0 3 3 0
split_gain=3608.21 1058.76 417.209 700.234 174.524 42.9055 59.4246 69.4675 93.7014 34.9869 20.4643 42.2309
threshold=3.9500000000000006 100.00000000000001 4.4500000000000011 15.000000000000002 4.0500000000000007 9.0000000000000018 3.2500000000000004 93.000000000000014 5.0000000000000009 4.3500000000000005 4.8500000000000005 11.000000000000002
decision_type=2 2 2 2 2 2 2 2 2 2 2 2
left_child=1 4 -3 10 -1 6 9 8 -8 -6 -4 -12
right_child=-2 2 3 -5 5 -7 7 -9 -10 -11 11 -13
leaf_value=-0.17879040047179823 0.47157747674247497 -0.10959431702090841 -0.00405304053655037 0.34918958217866963 -0.087616512179374717 -0.029479026739917154 -0.12079923118536284 -0.13282802684439554 0.012162838224321603 -0.18388917830682569 0.0078402911042494174 0.10140720182849512
leaf_weight=17 8.9999999999999982 6.0000000000000027 5.0000000000000062 5.9999999999999991 4.9999999999999982 7.9999999999999991 5.0000000000000009 6.9999999999999991 9 6 5.9999999999999982 6
leaf_count=17 9 6 5 6 5 8 5 7 9 6 6 6
internal_value=0.000945386 -0.0492722 0.0733476 0.121659 -0.111718 -0.0824332 -0.0953677 -0.0694632 -0.0362682 -0.142586 0.0381546 0.0556217
internal_weight=95 86 29 23 57 40 32 21 14 11 17 12
internal_count=95 86 29 23 57 40 32 21 14 11 17 12
is_linear=0
shrinkage=0.025


Tree=74
num_leaves=12
num_cat=0
split_feature=4 4 1 0 2 4 2 3 2 1 1
split_gain=3455.26 1176.72 280.451 216.502 76.4294 198.596 85.5149 68.3406 62.3512 8.67159 1.58262
threshold=132.50000000000003 100.00000000000001 22.000000000000004 5.0000000000000009 3.2500000000000004 93.000000000000014 2.9500000000000006 4.9500000000000011 3.6500000000000008 18.000000000000004 7.0000000000000009
decision_type=2 2 2 2 2 2 2 2 2 2 2
left_child=1 3 8 10 6 7 9 -6 -3 -5 -1
right_child=-2 2 -4 4 5 -7 -8 -9 -10 -11 -12
leaf_value=-0.19090639730779135 0.46147515190684274 0.086078491007409413 0.22189253263357211 -0.033668254201228785 -0.023268297362123051 -0.13833817025510275 -0.16924975834241729 0.088101030886173215 -0.015009733527484867 -0.080817424409812488 -0.15344731274879342
leaf_weight=8 8.9999999999999982 8.0000000000000018 7.9999999999999991 5.0000000000000018 9.9999999999999982 8 7.9999999999999991 5.0000000000000009 6.9999999999999991 6 13
leaf_count=8 9 8 8 5 10 8 8 5 7 6 13
internal_value=0.000925436 -0.048216 0.104194 -0.104031 -0.0706475 -0.0393786 -0.10763 0.0144433 0.039245 -0.0604815 -0.169443
internal_weight=95 86 23 63 42 23 19 15 15 11 21
internal_count=95 86 23 63 42 23 19 15 15 11 21
is_linear=0
shrinkage=0.025


Tree=75
num_leaves=13
num_cat=0
split_feature=2 4 3 0 3 0 2 4 0 3 3 0
split_gain=3390.44 927.181 418.687 648.773 159.537 39.4683 55.4382 63.5864 84.6156 31.3481 21.5666 38.792
threshold=3.9500000000000006 100.00000000000001 4.4500000000000011 15.000000000000002 4.0500000000000007 9.0000000000000018 3.2500000000000004 93.000000000000014 5.0000000000000009 4.3500000000000005 4.8500000000000005 11.000000000000002
decision_type=2 2 2 2 2 2 2 2 2 2 2 2
left_child=1 4 -3 10 -1 6 9 8 -8 -6 -4 -12
right_child=-2 2 3 -5 5 -7 7 -9 -10 -11 11 -13
leaf_value=-0.17033367198567062 0.45711233227149306 -0.11618625810069416 -0.0081635000614019414 0.33440701884608121 -0.084049179920783423 -0.027447614060124248 -0.11420676433123073 -0.12623718116018509 0.012131805746289699 -0.17534549370888741 0.0071985176193618012 0.096871257597400284
leaf_weight=17 8.9999999999999982 6.0000000000000027 5.0000000000000062 5.9999999999999991 4.9999999999999982 7.9999999999999991 5.0000000000000009 6.9999999999999991 9 6 5.9999999999999982 6
leaf_count=17 9 6 5 6 5 8 5 7 9 6 6 6
internal_value=0.000903434 -0.0477747 0.0669778 0.115403 -0.106209 -0.0782136 -0.090617 -0.0656212 -0.0338741 -0.136201 0.0350455 0.0529904
internal_weight=95 86 29 23 57 40 32 21 14 11 17 12
internal_count=95 86 29 23 57 40 32 21 14 11 17 12
is_linear=0
shrinkage=0.025


Tree=76
num_leaves=12
num_cat=0
split_feature=0 0 3 1 1 3 3 4 2 4 1
split_gain=3304.3 1252.93 204.218 114.518 92.7117 266.255 93.9308 26.4917 57.5242 3.54299 2.34319
threshold=17.000000000000004 9.0000000000000018 4.7500000000000009 10.000000000000002 22.000000000000004 5.1500000000000012 5.1500000000000012 93.000000000000014 3.4500000000000006 93.000000000000014 5.0000000000000009
decision_type=2 2 2 2 2 2 2 2 2 2 2
left_child=1 2 3 10 6 -6 -3 8 -5 -4 -1
right_child=-2 4 9 7 5 -7 -8 -9 -10 -11 -12
leaf_value=-0.18209566488498591 0.55896947922245144 0.10003735100594804 0.0090795559988867871 -0.11152653007043728 0.024621982536008287 0.25127244330942627 -0.031063098517748029 -0.11640536869349689 -0.01353019749882018 -0.018861729135880103 -0.14717203372127408
leaf_weight=8.0000000000000018 5.9999999999999991 10.000000000000002 5.9999999999999982 7.0000000000000027 5.9999999999999982 7 4.9999999999999991 8.9999999999999982 7.9999999999999991 5 18
leaf_count=8 6 10 6 7 6 7 5 9 8 5 18
internal_value=0.000884037 -0.0378946 -0.101362 -0.122741 0.100068 0.148717 0.0564212 -0.0821226 -0.0602098 -0.00361944 -0.159273
internal_weight=95 89 61 50 28 13 15 24 15 11 26
internal_count=95 89 61 50 28 13 15 24 15 11 26
is_linear=0
shrinkage=0.025


Tree=77
num_leaves=13
num_cat=0
split_feature=2 4 3 0 3 2 3 2 3 0 1 3
split_gain=3195.98 839.699 396.095 582.344 140.656 31.2653 94.2706 68.0745 19.4074 36.1374 11.8687 5.92285
threshold=3.9500000000000006 100.00000000000001 4.4500000000000011 15.000000000000002 4.0500000000000007 3.2500000000000004 4.7500000000000009 2.9500000000000006 4.8500000000000005 11.000000000000002 18.000000000000004 4.3500000000000005
decision_type=2 2 2 2 2 2 2 2 2 2 2 2
left_child=1 4 -3 8 -1 7 11 10 -4 -10 -6 -7
right_child=-2 2 3 -5 5 6 -8 -9 9 -11 -12 -13
leaf_value=-0.16223057716391809 0.4438110031511473 -0.11529239512258954 -0.0072031047481756847 0.31742913376900461 -0.029104093863413873 -0.10545988571312681 0.028960479591642659 -0.16075042328900763 0.006620226295724993 0.093164600960669974 -0.083159907678923284 -0.068965367964752347
leaf_weight=17 8.9999999999999982 6.0000000000000027 5.0000000000000062 5.9999999999999991 5.0000000000000018 7.0000000000000062 5.9999999999999991 6.9999999999999991 5.9999999999999982 6 6 8.9999999999999982
leaf_count=17 9 6 5 6 5 7 6 7 6 6 6 9
internal_value=0.000877936 -0.0463832 0.0628239 0.109936 -0.101992 -0.0756797 -0.0546954 -0.100376 0.0337913 0.0508128 -0.0596592 -0.0861137
internal_weight=95 86 29 23 57 40 22 18 17 12 11 16
internal_count=95 86 29 23 57 40 22 18 17 12 11 16
is_linear=0
shrinkage=0.025


Tree=78
num_leaves=12
num_cat=0
split_feature=4 4 1 0 4 2 2 2 3 1 2
split_gain=3160.23 994.345 218.836 177.517 60.3993 177.546 52.429 40.2723 31.1487 11.2935 6.13647
threshold=132.50000000000003 100.00000000000001 22.000000000000004 5.0000000000000009 93.000000000000014 3.5500000000000003 3.6500000000000008 2.9500000000000006 4.9500000000000011 18.000000000000004 3.1500000000000008
decision_type=2 2 2 2 2 2 2 2 2 2 2
left_child=1 3 6 -1 5 7 -3 9 -7 -5 -9
right_child=-2 2 -4 4 -6 8 -8 10 -10 -11 -12
leaf_value=-0.15669754549579801 0.44131242762441225 0.079502941486312095 0.19795920049271937 -0.028404477467903713 -0.12862165584796814 -0.0090225999909711811 -0.013192815023163953 -0.15324595261078616 0.0714016508597594 -0.081147970289232263 -0.10222780889561099
leaf_weight=21 8.9999999999999982 8.0000000000000018 7.9999999999999991 5.0000000000000018 7.9999999999999991 6.9999999999999982 6.9999999999999991 4.9999999999999982 5 6 6
leaf_count=21 9 8 8 5 8 7 7 5 5 6 6
internal_value=0.000862961 -0.0461331 0.0939742 -0.0974386 -0.0671773 -0.0520157 0.0365583 -0.0939307 0.0250062 -0.0582206 -0.127852
internal_weight=95 86 23 63 42 34 15 22 12 11 11
internal_count=95 86 23 63 42 34 15 22 12 11 11
is_linear=0
shrinkage=0.025


Tree=79
num_leaves=13
num_cat=0
split_feature=0 0 3 1 0 3 1 4 2 4 2 1
split_gain=3015.77 1100.68 171.472 99.9654 76.5762 83.2881 73.1062 25.6324 49.9356 2.12038 1.23772 1.22583
threshold=17.000000000000004 9.0000000000000018 4.7500000000000009 10.000000000000002 15.000000000000002 5.2500000000000009 22.000000000000004 93.000000000000014 3.4500000000000006 93.000000000000014 3.4500000000000006 5.0000000000000009
decision_type=2 2 2 2 2 2 2 2 2 2 2 2
left_child=1 2 3 11 5 6 10 8 -5 -4 -3 -1
right_child=-2 4 9 7 -6 -7 -8 -9 -10 -11 -12 -13
leaf_value=-0.16987556786071958 0.53400912380987597 0.059525024462849366 0.0037843394423684772 -0.10366343028015555 0.18087105831274619 0.14348369157976576 -0.037965189722868116 -0.11094721555709841 -0.012354700488184593 -0.017799012706829948 0.08668724362167618 -0.13849107423326473
leaf_weight=8.0000000000000018 5.9999999999999991 5.0000000000000089 5.9999999999999982 7.0000000000000027 4.9999999999999991 6.9999999999999991 4.9999999999999991 8.9999999999999982 7.9999999999999991 5 6 18
leaf_count=8 6 5 6 7 5 7 5 9 8 5 6 18
internal_value=0.000845923 -0.0362004 -0.0956864 -0.115277 0.0931094 0.0725821 0.040097 -0.0773099 -0.055851 -0.00605732 0.0757358 -0.149419
internal_weight=95 89 61 50 28 23 16 24 15 11 11 26
internal_count=95 89 61 50 28 23 16 24 15 11 11 26
is_linear=0
shrinkage=0.025


Tree=80
num_leaves=12
num_cat=0
split_feature=2 4 3 0 3 2 3 2 2 1 3
split_gain=2984.01 691.617 390.947 510.088 119.831 31.3567 84.8662 56.9797 28.1842 13.8404 5.06625
threshold=3.9500000000000006 100.00000000000001 4.4500000000000011 15.000000000000002 4.0500000000000007 3.2500000000000004 4.7500000000000009 2.9500000000000006 3.6500000000000008 18.000000000000004 4.3500000000000005
decision_type=2 2 2 2 2 2 2 2 2 2 2
left_child=1 4 -3 8 -1 7 10 9 -4 -6 -7
right_child=-2 2 3 -5 5 6 -8 -9 -10 -11 -12
leaf_value=-0.15090356240438862 0.42883906338525857 -0.12253967196710641 0.059751088075015814 0.29533105011909239 -0.025679447100712689 -0.097816491954856352 0.029258344009999306 -0.15096355088882976 -0.0041752157233110295 -0.083516678850977633 -0.063979839022352325
leaf_weight=17 8.9999999999999982 6.0000000000000027 9.0000000000000053 5.9999999999999991 5.0000000000000018 7.0000000000000062 5.9999999999999991 6.9999999999999991 7.9999999999999991 6 8.9999999999999982
leaf_count=17 9 6 9 6 5 7 6 7 8 6 9
internal_value=0.000846032 -0.0448205 0.054299 0.101143 -0.0952851 -0.070983 -0.0500672 -0.0956469 0.0298967 -0.0582667 -0.0798854
internal_weight=95 86 29 23 57 40 22 18 17 11 16
internal_count=95 86 29 23 57 40 22 18 17 11 16
is_linear=0
shrinkage=0.025


Tree=81
num_leaves=11
num_cat=0
split_feature=4 4 1 0 4 2 2 3 2 2
split_gain=2925.35 870.259 184.712 151.083 53.9891 153.528 46.2902 37.3914 62.554 33.1592
threshold=132.50000000000003 100.00000000000001 22.000000000000004 5.0000000000000009 93.000000000000014 3.5500000000000003 3.6500000000000008 4.9500000000000011 2.9500000000000006 3.8500000000000001
decision_type=2 2 2 2 2 2 2 2 2 2
left_child=1 3 6 -1 5 7 -3 8 -5 -7
right_child=-2 2 -4 4 -6 9 -8 -9 -10 -11
leaf_value=-0.14707460382355836 0.42459485958451809 0.074282971678710549 0.18223053347773671 -0.011679550656440864 -0.12255460954293973 0.056074832141813302 -0.012802396631903119 -0.14917045264289927 -0.10931128989539896 -0.02685012387541624
leaf_weight=21 8.9999999999999982 8.0000000000000018 7.9999999999999991 7.0000000000000062 7.9999999999999991 6.9999999999999982 6.9999999999999991 4.9999999999999991 9.9999999999999982 5
leaf_count=21 9 8 8 7 8 7 7 5 10 5
internal_value=0.000829209 -0.0443861 0.0866911 -0.0923824 -0.0644392 -0.0500917 0.0339272 -0.0890655 -0.0697859 0.0215466
internal_weight=95 86 23 63 42 34 15 22 17 12
internal_count=95 86 23 63 42 34 15 22 17 12
is_linear=0
shrinkage=0.025


Tree=82
num_leaves=14
num_cat=0
split_feature=2 3 4 0 2 0 2 4 3 1 2 3 3
split_gain=2816.73 629.585 426.057 472.836 51.4517 107.86 43.8149 111.869 45.1566 28.8197 25.2401 15.6826 1.98703
threshold=3.9500000000000006 4.4500000000000011 100.00000000000001 15.000000000000002 2.9500000000000006 7.0000000000000009 3.2500000000000004 93.000000000000014 4.9500000000000011 7.0000000000000009 3.6500000000000008 3.9500000000000006 4.2500000000000009
decision_type=2 2 2 2 2 2 2 2 2 2 2 2 2
left_child=1 4 6 10 -1 9 8 -8 -3 -6 -4 -11 -13
right_child=-2 2 3 -5 5 -7 7 -9 -10 11 -12 12 -14
leaf_value=-0.19034943534777715 0.41663957358054493 -0.045890309902218464 0.055521149544612181 0.28279986766076859 -0.16276420251182885 -0.013809159232510464 0.06421374298918707 -0.099795265610401418 -0.14558463234167829 -0.14060051287374184 -0.0049503526854805836 -0.098541286151583626 -0.069573284948485012
leaf_weight=4.9999999999999991 8.9999999999999982 7.0000000000000018 9.0000000000000053 5.9999999999999991 9.0000000000000018 6.9999999999999991 4.9999999999999982 5 5 6.0000000000000027 7.9999999999999991 7.9999999999999982 6
leaf_count=5 9 7 9 6 9 7 5 5 5 6 8 8 6
internal_value=0.000815451 -0.0435522 0.0209864 0.0958431 -0.114176 -0.102568 -0.057375 -0.0180171 -0.0892377 -0.123709 0.0272646 -0.104634 -0.0873692
internal_weight=95 86 45 23 41 36 22 10 12 29 17 20 14
internal_count=95 86 45 23 41 36 22 10 12 29 17 20 14
is_linear=0
shrinkage=0.025


Tree=83
num_leaves=13
num_cat=0
split_feature=4 4 0 0 4 2 2 1 2 1 4 2
split_gain=2750.54 794.469 165.133 140.525 48.7883 132.249 40.529 39.8438 31.2415 12.8207 0.460398 0.00753869
threshold=132.50000000000003 100.00000000000001 11.000000000000002 5.0000000000000009 93.000000000000014 3.4500000000000006 2.9500000000000006 22.000000000000004 3.8500000000000001 18.000000000000004 74.500000000000014 3.1500000000000008
decision_type=2 2 2 2 2 2 2 2 2 2 2 2
left_child=1 3 -3 10 5 6 9 -4 -7 -5 -1 -8
right_child=-2 2 7 4 -6 8 11 -9 -10 -11 -12 -13
leaf_value=-0.13196106698410009 0.41169440150260928 -0.0014275780838468796 0.08184583802377024 -0.02090020225598261 -0.11723122676698175 0.044460608410399144 -0.13849193465251192 0.17223485780925288 -0.033882501664069975 -0.076277728781344423 -0.16619994869598978 -0.10294975869071024
leaf_weight=16.000000000000004 8.9999999999999982 9.0000000000000018 5.9999999999999991 5.0000000000000018 7.9999999999999991 7.9999999999999982 4.9999999999999982 7.9999999999999991 5 6 4.9999999999999991 5
leaf_count=16 9 9 6 5 8 8 5 8 5 6 5 5
internal_value=0.000784747 -0.0430584 0.0821826 -0.0889164 -0.061967 -0.0483176 -0.0868325 0.135283 0.0141771 -0.0520404 -0.141663 -0.12321
internal_weight=95 86 23 63 42 34 21 14 13 11 21 10
internal_count=95 86 23 63 42 34 21 14 13 11 21 10
is_linear=0
shrinkage=0.025


Tree=84
num_leaves=14
num_cat=0
split_feature=2 3 4 0 2 0 2 4 3 1 2 2 0
split_gain=2662.2 589.814 380.295 438.376 52.3425 87.28 41.0172 103.488 43.4042 26.3372 22.8963 7.42886 0.141351
threshold=3.9500000000000006 4.4500000000000011 100.00000000000001 15.000000000000002 2.9500000000000006 7.0000000000000009 3.2500000000000004 93.000000000000014 4.9500000000000011 7.0000000000000009 3.6500000000000008 3.4500000000000006 5.0000000000000009
decision_type=2 2 2 2 2 2 2 2 2 2 2 2 2
left_child=1 4 6 10 -1 9 8 -8 -3 -6 -4 -11 -13
right_child=-2 2 3 -5 5 -7 7 -9 -10 11 -12 12 -14
leaf_value=-0.18735109705191394 0.40501605333841373 -0.042372554582026253 0.05171787628661028 0.27082539450737741 -0.155445461558259 -0.018983451690938739 0.06315826408278484 -0.09457828540068404 -0.13995229143362775 -0.13019225436907539 -0.0058537105052936375 -0.098530548976527355 -0.076636469664006696
leaf_weight=4.9999999999999991 8.9999999999999982 7.0000000000000018 9.0000000000000053 5.9999999999999991 9.0000000000000018 6.9999999999999991 4.9999999999999982 5 5 5.0000000000000027 7.9999999999999991 6.9999999999999973 8
leaf_count=5 9 7 9 6 9 7 5 5 5 5 8 7 8
internal_value=0.000759004 -0.042374 0.020093 0.0908156 -0.11073 -0.0990778 -0.05394 -0.0158955 -0.084761 -0.118106 0.0247997 -0.0998683 -0.088098
internal_weight=95 86 45 23 41 36 22 10 12 29 17 20 15
internal_count=95 86 45 23 41 36 22 10 12 29 17 20 15
is_linear=0
shrinkage=0.025


Tree=85
num_leaves=15
num_cat=0
split_feature=0 0 0 2 0 4 0 3 1 3 0 4 4 2
split_gain=2615.12 873.244 126.954 85.6068 97.1156 73.0444 69.5833 64.3251 87.3387 17.4559 9.79838 5.87589 2.86335 1.1708
threshold=17.000000000000004 9.0000000000000018 5.0000000000000009 3.2500000000000004 7.0000000000000009 93.000000000000014 15.000000000000002 5.2500000000000009 22.000000000000004 4.3500000000000005 11.000000000000002 100.00000000000001 74.500000000000014 3.6500000000000008
decision_type=2 2 2 2 2 2 2 2 2 2 2 2 2 2
left_child=1 2 12 9 5 13 7 8 10 -4 -3 -6 -1 -5
right_child=-2 6 3 4 11 -7 -8 -9 -10 -11 -12 -13 -14 -15
leaf_value=-0.12580689596541134 0.49721689839516919 0.043374690499443189 -0.080979177769687452 -0.025571539685610791 0.045901749913509052 -0.14882198297060453 0.16488251697558626 0.12424370919664703 -0.051687976259451644 -0.14505011497005338 0.094296129168041282 0.007249710995417373 -0.1642521823828037 -0.044126639551212703
leaf_weight=16.000000000000004 5.9999999999999991 5.0000000000000089 6.9999999999999982 6.0000000000000018 5.0000000000000018 4.9999999999999991 4.9999999999999991 6.9999999999999991 4.9999999999999991 6 6 5 4.9999999999999991 6
leaf_count=16 6 5 7 6 5 5 5 7 5 6 6 5 5 6
internal_value=0.000729372 -0.0337675 -0.086751 -0.0600616 -0.034177 -0.0702618 0.0814131 0.0619488 0.0334202 -0.112395 0.0724495 0.0272194 -0.136483 -0.0355228
internal_weight=95 89 61 40 27 17 28 23 16 13 11 10 21 12
internal_count=95 89 61 40 27 17 28 23 16 13 11 10 21 12
is_linear=0
shrinkage=0.025


Tree=86
num_leaves=12
num_cat=0
split_feature=4 4 0 0 4 2 0 3 2 2 4
split_gain=2537.49 688.582 142.91 121.491 42.1009 112.886 37.0061 35.8204 65.8931 35.684 2.75895
threshold=132.50000000000003 100.00000000000001 11.000000000000002 5.0000000000000009 93.000000000000014 3.4500000000000006 13.000000000000002 4.9500000000000011 2.9500000000000006 3.8500000000000001 74.500000000000014
decision_type=2 2 2 2 2 2 2 2 2 2 2
left_child=1 3 -3 10 5 7 -4 8 -5 -7 -1
right_child=-2 2 6 4 -6 9 -8 -9 -10 -11 -12
leaf_value=-0.12270055179610664 0.39539610419584359 -0.0025361844702907221 0.1798509357067255 -0.0040186002436611344 -0.11038045061797633 0.043853181382504908 0.090542089064484077 -0.14007510565794432 -0.10611198839691023 -0.039860433024855757 -0.16030381367756774
leaf_weight=16.000000000000004 8.9999999999999982 9.0000000000000018 4.9999999999999991 7.0000000000000062 7.9999999999999991 7.9999999999999982 8.9999999999999982 4.9999999999999991 8.9999999999999982 5 4.9999999999999991
leaf_count=16 9 9 5 7 8 8 9 5 9 5 5
internal_value=0.000720504 -0.0413898 0.0752103 -0.0840812 -0.0590072 -0.046308 0.12461 -0.0818894 -0.0621243 0.0114448 -0.133141
internal_weight=95 86 23 63 42 34 14 21 16 13 21
internal_count=95 86 23 63 42 34 14 21 16 13 21
is_linear=0
shrinkage=0.025


Tree=87
num_leaves=15
num_cat=0
split_feature=2 3 4 0 2 1 2 4 3 2 4 2 2 1
split_gain=2505.46 523.232 325.087 389.889 57.7267 66.7602 39.9837 95.535 44.0887 24.7576 60.4701 19.6848 9.88382 4.1668
threshold=3.9500000000000006 4.4500000000000011 100.00000000000001 15.000000000000002 2.9500000000000006 10.000000000000002 3.2500000000000004 93.000000000000014 4.9500000000000011 3.3500000000000001 93.000000000000014 3.6500000000000008 3.2500000000000004 7.0000000000000009
decision_type=2 2 2 2 2 2 2 2 2 2 2 2 2 2
left_child=1 4 6 11 -1 12 8 -8 -3 -7 -11 -4 -6 -14
right_child=-2 2 3 -5 5 9 7 -9 -10 10 -12 -13 13 -15
leaf_value=-0.18550430616507163 0.39287894991752892 -0.038617883358771588 0.045831630443749188 0.25284412291742142 -0.16108783254256606 -0.0087531550572468621 0.062662346113043346 -0.088882454083516027 -0.13670791605344182 -0.026449401128209305 -0.14024756940511554 -0.0075122928837450548 -0.1347219185187267 -0.094780823410205217
leaf_weight=4.9999999999999991 8.9999999999999982 7.0000000000000018 9.0000000000000053 5.9999999999999991 5.0000000000000027 5.0000000000000027 4.9999999999999982 5 5 6.9999999999999982 5 7.9999999999999991 4.9999999999999973 9
leaf_count=5 9 7 9 6 5 5 5 5 5 7 5 8 5 9
internal_value=0.000702095 -0.0411415 0.0176971 0.0830898 -0.105523 -0.0934167 -0.0507443 -0.0132446 -0.0811623 -0.0562639 -0.0754896 0.0208605 -0.125661 -0.11083
internal_weight=95 86 45 23 41 36 22 10 12 17 12 17 19 14
internal_count=95 86 45 23 41 36 22 10 12 17 12 17 19 14
is_linear=0
shrinkage=0.025


Tree=88
num_leaves=15
num_cat=0
split_feature=0 0 0 2 0 0 4 3 1 3 0 4 4 2
split_gain=2406.04 768.396 109.483 75.2932 93.8273 69.0281 59.8873 57.6217 90.7402 15.2576 8.36197 5.80889 5.25071 2.14104
threshold=17.000000000000004 9.0000000000000018 5.0000000000000009 3.2500000000000004 7.0000000000000009 15.000000000000002 93.000000000000014 5.2500000000000009 22.000000000000004 4.3500000000000005 11.000000000000002 100.00000000000001 74.500000000000014 3.6500000000000008
decision_type=2 2 2 2 2 2 2 2 2 2 2 2 2 2
left_child=1 2 12 9 6 7 13 8 10 -4 -3 -6 -1 -5
right_child=-2 5 3 4 11 -7 -8 -9 -10 -11 -12 -13 -14 -15
leaf_value=-0.11691775722084222 0.47689553379051147 0.042105461456454635 -0.076923506375816145 -0.024523858404568118 0.045891454357367273 0.15862768120490589 -0.13971371008799624 0.11525107862220872 -0.057309403786292436 -0.13701300652277085 0.089438806546311214 0.0074422162312727698 -0.15866898550437047 -0.04792106576984928
leaf_weight=16.000000000000004 5.9999999999999991 5.0000000000000089 6.9999999999999982 6.0000000000000018 5.0000000000000018 4.9999999999999991 4.9999999999999991 6.9999999999999991 4.9999999999999991 6 6 5 4.9999999999999991 6
leaf_count=16 6 5 7 6 5 5 5 7 5 6 6 5 5 6
internal_value=0.000667785 -0.0324207 -0.0821211 -0.0573175 -0.033027 0.0756252 -0.0684982 0.0563154 0.0293494 -0.106408 0.0691713 0.0273123 -0.128321 -0.0369187
internal_weight=95 89 61 40 27 28 17 23 16 13 11 10 21 12
internal_count=95 89 61 40 27 28 17 23 16 13 11 10 21 12
is_linear=0
shrinkage=0.025


Tree=89
num_leaves=14
num_cat=0
split_feature=2 3 4 0 2 0 2 4 3 1 2 3 3
split_gain=2374.83 470.643 296.656 350.012 59.1384 61.6157 39.7529 90.8844 46.2137 21.6567 18.1526 12.7503 1.55545
threshold=3.9500000000000006 4.4500000000000011 100.00000000000001 15.000000000000002 2.9500000000000006 7.0000000000000009 3.2500000000000004 93.000000000000014 4.9500000000000011 7.0000000000000009 3.6500000000000008 3.9500000000000006 4.2500000000000009
decision_type=2 2 2 2 2 2 2 2 2 2 2 2 2
left_child=1 4 6 10 -1 9 8 -8 -3 -6 -4 -11 -13
right_child=-2 2 3 -5 5 -7 7 -9 -10 11 -12 12 -14
leaf_value=-0.18185853763268545 0.38247649253386523 -0.036543597030039447 0.043227506105018666 0.23903914110194294 -0.13874343283798382 -0.021414403120676676 0.061742736948956295 -0.086064351636629829 -0.13678340992102253 -0.12059321403503412 -0.0079844894205651652 -0.082752930899945717 -0.057756840569838389
leaf_weight=4.9999999999999991 8.9999999999999982 7.0000000000000018 9.0000000000000053 5.9999999999999991 9.0000000000000018 6.9999999999999991 4.9999999999999982 5 5 6.0000000000000027 7.9999999999999991 7.9999999999999982 6
leaf_count=5 9 7 9 6 9 7 5 5 5 6 8 8 6
internal_value=0.000659712 -0.0400781 0.0157279 0.078201 -0.101138 -0.0889494 -0.0496446 -0.0122767 -0.0799703 -0.10495 0.0192425 -0.0884576 -0.0730927
internal_weight=95 86 45 23 41 36 22 10 12 29 17 20 14
internal_count=95 86 45 23 41 36 22 10 12 29 17 20 14
is_linear=0
shrinkage=0.025


Tree=90
num_leaves=12
num_cat=0
split_feature=4 4 0 0 0 4 2 2 3 2 4
split_gain=2319.52 574.559 116.323 102.732 43.1605 33.3504 84.8311 46.7177 36.4486 65.0394 7.48852
threshold=132.50000000000003 100.00000000000001 11.000000000000002 5.0000000000000009 13.000000000000002 93.000000000000014 3.4500000000000006 3.8500000000000001 4.9500000000000011 2.9500000000000006 74.500000000000014
decision_type=2 2 2 2 2 2 2 2 2 2 2
left_child=1 3 -3 10 -4 6 8 -8 9 -5 -1
right_child=-2 2 4 5 -6 -7 7 -9 -10 -11 -12
leaf_value=-0.11156612498524748 0.37797796194968014 -0.0032225279866353314 0.17022956655575683 0.0019181265857898507 0.075679087071962983 -0.10134789732898156 0.043070970957235596 -0.052707172414431194 -0.13349534834806737 -0.098977213221318722 -0.15670589850499084
leaf_weight=16.000000000000004 8.9999999999999982 9.0000000000000018 4.9999999999999991 7.0000000000000062 8.9999999999999982 7.9999999999999991 7.9999999999999982 5 4.9999999999999991 8.9999999999999982 4.9999999999999991
leaf_count=16 9 9 5 7 9 8 8 5 5 9 5
internal_value=0.000633358 -0.039627 0.0668877 -0.0786218 0.111457 -0.0555487 -0.0442062 0.00589808 -0.0750451 -0.0552796 -0.12375
internal_weight=95 86 23 63 14 42 34 13 21 16 21
internal_count=95 86 23 63 14 42 34 13 21 16 21
is_linear=0
shrinkage=0.025


Tree=91
num_leaves=16
num_cat=0
split_feature=2 3 4 0 2 1 2 4 3 3 3 3 2 2 1
split_gain=2247.17 442.393 264.189 329.955 59.9514 49.4335 37.075 84.1358 42.3978 23.9651 18.5436 27.5387 14.36 10.0899 4.17836
threshold=3.9500000000000006 4.4500000000000011 100.00000000000001 15.000000000000002 2.9500000000000006 10.000000000000002 3.2500000000000004 93.000000000000014 4.9500000000000011 4.3500000000000005 4.8500000000000005 5.2500000000000009 3.4500000000000006 3.2500000000000004 7.0000000000000009
decision_type=2 2 2 2 2 2 2 2 2 2 2 2 2 2 2
left_child=1 4 6 10 -1 13 8 -8 -3 12 -4 -12 -7 -6 -15
right_child=-2 2 3 -5 5 9 7 -9 -10 -11 11 -13 -14 14 -16
leaf_value=-0.17934102599437421 0.37203021059217661 -0.034300681917617704 -0.022849036867801931 0.23020603272222706 -0.14843912055859187 -0.041284183813975389 0.060649549466772729 -0.08155925033184197 -0.1302863253996922 -0.01281787297658382 0.070532364157899749 -0.004280729928324299 -0.1015769774875333 -0.12223808444463294 -0.084206177541257241
leaf_weight=4.9999999999999991 8.9999999999999982 7.0000000000000018 5.0000000000000062 5.9999999999999991 5.0000000000000027 5.0000000000000018 4.9999999999999982 5 5 5.9999999999999991 5.9999999999999982 6 6 4.9999999999999973 9
leaf_count=5 9 7 5 6 5 5 5 5 5 6 6 6 6 5 9
internal_value=0.000617109 -0.0390102 0.0150949 0.0740505 -0.0982092 -0.0859777 -0.0465961 -0.0105373 -0.0758774 -0.053862 0.0168282 0.0335664 -0.0755094 -0.113787 -0.0994074
internal_weight=95 86 45 23 41 36 22 10 12 17 17 12 11 19 14
internal_count=95 86 45 23 41 36 22 10 12 17 17 12 11 19 14
is_linear=0
shrinkage=0.025


Tree=92
num_leaves=14
num_cat=0
split_feature=4 4 0 0 0 0 2 3 4 4 2 2 2
split_gain=2189.12 526.162 104.633 95.5067 42.579 30.2018 95.2198 49.4504 35.4523 10.0067 9.58066 5.24648 1.67441
threshold=132.50000000000003 100.00000000000001 11.000000000000002 5.0000000000000009 13.000000000000002 7.0000000000000009 3.5500000000000003 4.9500000000000011 93.000000000000014 74.500000000000014 3.2500000000000004 3.6500000000000008 3.3500000000000001
decision_type=2 2 2 2 2 2 2 2 2 2 2 2 2
left_child=1 3 -3 9 -4 8 7 -7 10 12 -5 -12 -1
right_child=-2 2 4 5 -6 6 -8 -9 -10 -11 11 -13 -14
leaf_value=-0.12652083979203133 0.36717114681782931 -0.0030803105753401043 0.16389040511388048 -0.076621144410313577 0.070340377837419518 -0.020683669262836046 0.051600546413852325 -0.12715444461657449 -0.1301954936522704 -0.15511878499617945 -0.021612132849892787 -0.056088471773170646 -0.094937396179219466
leaf_weight=5.0000000000000062 8.9999999999999982 9.0000000000000018 4.9999999999999991 8.0000000000000053 8.9999999999999982 6.0000000000000018 5.9999999999999991 5 4.9999999999999991 4.9999999999999991 5.9999999999999982 6 10.999999999999998
leaf_count=5 9 9 5 8 9 6 6 5 5 5 6 6 11
internal_value=0.000586662 -0.0385252 0.0634062 -0.0758409 0.105677 -0.0535918 -0.0272976 -0.0705975 -0.0710636 -0.119355 -0.0550761 -0.0395897 -0.106325
internal_weight=95 86 23 63 14 42 17 11 25 21 20 12 16
internal_count=95 86 23 63 14 42 17 11 25 21 20 12 16
is_linear=0
shrinkage=0.025


Tree=93
num_leaves=16
num_cat=0
split_feature=0 0 0 0 2 0 3 1 4 3 4 0 4 2 2
split_gain=2143.26 623.52 86.2219 71.6731 60.1835 87.4494 49.2253 100.871 43.9854 13.7173 9.54128 6.44703 5.08994 4.99195 1.6044
threshold=17.000000000000004 9.0000000000000018 5.0000000000000009 15.000000000000002 3.2500000000000004 7.0000000000000009 5.2500000000000009 22.000000000000004 93.000000000000014 4.3500000000000005 74.500000000000014 11.000000000000002 100.00000000000001 3.6500000000000008 3.3500000000000001
decision_type=2 2 2 2 2 2 2 2 2 2 2 2 2 2 2
left_child=1 2 10 6 9 8 7 11 13 -4 14 -3 -7 -6 -1
right_child=-2 3 4 -5 5 12 -8 -9 -10 -11 -12 -13 -14 -15 -16
leaf_value=-0.12347947496634247 0.45003192155591903 0.040239412681414455 -0.069564273208379754 0.15101473870185705 -0.021089258633982082 0.044010765048173729 0.10155351422727109 -0.068937425200755784 -0.12706579531614598 -0.12618045011955881 -0.15138996770748725 0.082290692423139841 0.0079281201729407662 -0.054731493082738683 -0.092606344719284361
leaf_weight=5.0000000000000062 5.9999999999999991 5.0000000000000089 6.9999999999999982 4.9999999999999991 6.0000000000000018 5.0000000000000018 6.9999999999999991 4.9999999999999991 4.9999999999999991 6 4.9999999999999991 6 5 6 10.999999999999998
leaf_count=5 6 5 7 5 6 5 7 5 5 6 5 6 5 6 11
internal_value=0.000561346 -0.0306671 -0.0754361 0.0666643 -0.0533938 -0.0316452 0.0471297 0.0222823 -0.0658913 -0.0973054 -0.116463 0.064348 0.0266012 -0.0386343 -0.103737
internal_weight=95 89 61 28 40 27 23 16 17 13 21 11 10 12 16
internal_count=95 89 61 28 40 27 23 16 17 13 21 11 10 12 16
is_linear=0
shrinkage=0.025


Tree=94
num_leaves=16
num_cat=0
split_feature=2 3 4 0 2 1 2 4 3 3 3 3 2 2 1
split_gain=2116.78 389.36 226.709 292.413 62.6837 38.1221 35.5888 80.5381 42.3418 23.2297 17.3417 25.3409 11.9687 9.76952 4.26814
threshold=3.9500000000000006 4.4500000000000011 100.00000000000001 15.000000000000002 2.9500000000000006 10.000000000000002 3.2500000000000004 93.000000000000014 4.9500000000000011 4.3500000000000005 4.8500000000000005 5.2500000000000009 3.4500000000000006 3.2500000000000004 7.0000000000000009
decision_type=2 2 2 2 2 2 2 2 2 2 2 2 2 2 2
left_child=1 4 6 10 -1 13 8 -8 -3 12 -4 -12 -7 -6 -15
right_child=-2 2 3 -5 5 9 7 -9 -10 -11 11 -13 -14 14 -16
leaf_value=-0.17614754209151637 0.36102536340122637 -0.031534479674883174 -0.024693221770800047 0.21446712632333079 -0.13908816736478063 -0.042339285749655481 0.060627832421316558 -0.078504037169309759 -0.1273003539213767 -0.01226728360258764 0.065310039034774239 -0.0063966391788374977 -0.097922517215051949 -0.1139191839557428 -0.076913569802823267
leaf_weight=4.9999999999999991 8.9999999999999982 7.0000000000000018 5.0000000000000062 5.9999999999999991 5.0000000000000027 5.0000000000000018 4.9999999999999982 5 5 5.9999999999999991 5.9999999999999982 6 6 4.9999999999999973 9
leaf_count=5 9 7 5 6 5 5 5 5 5 6 6 6 6 5 9
internal_value=0.000548531 -0.0379114 0.0128504 0.06747 -0.0934478 -0.0810175 -0.044289 -0.00899081 -0.0729721 -0.0526652 0.0136255 0.0298371 -0.0739762 -0.105507 -0.0916362
internal_weight=95 86 45 23 41 36 22 10 12 17 17 12 11 19 14
internal_count=95 86 45 23 41 36 22 10 12 17 17 12 11 19 14
is_linear=0
shrinkage=0.025


Tree=95
num_leaves=13
num_cat=0
split_feature=4 4 0 0 0 4 2 2 3 2 4 2
split_gain=2028.71 456.499 89.8559 82.8074 46.1468 26.5888 60.5983 57.7962 35.1051 64.623 11.9443 1.22481
threshold=132.50000000000003 100.00000000000001 11.000000000000002 5.0000000000000009 13.000000000000002 93.000000000000014 3.4500000000000006 3.8500000000000001 4.9500000000000011 2.9500000000000006 74.500000000000014 3.3500000000000001
decision_type=2 2 2 2 2 2 2 2 2 2 2 2
left_child=1 3 -3 10 -4 6 8 -8 9 -5 11 -1
right_child=-2 2 4 5 -6 -7 7 -9 -10 -11 -12 -13
leaf_value=-0.11728875831915767 0.35341878222382589 -0.003768430164326791 0.15720785157038619 0.0090292538671443781 0.060709881831122484 -0.092095899182121937 0.042795164092648323 -0.063745307578490326 -0.12424024973924344 -0.091381494251444317 -0.14993494324959242 -0.088503233516322735
leaf_weight=5.0000000000000062 8.9999999999999982 9.0000000000000018 4.9999999999999991 7.0000000000000062 8.9999999999999982 7.9999999999999991 7.9999999999999982 5 4.9999999999999991 8.9999999999999982 4.9999999999999991 10.999999999999998
leaf_count=5 9 9 5 7 9 8 8 5 5 9 5 11
internal_value=0.000520015 -0.0371311 0.0578165 -0.0718875 0.0969903 -0.051155 -0.041003 0.00137839 -0.0670636 -0.0478055 -0.11242 -0.0989128
internal_weight=95 86 23 63 14 42 34 13 21 16 21 16
internal_count=95 86 23 63 14 42 34 13 21 16 21 16
is_linear=0
shrinkage=0.025


Tree=96
num_leaves=16
num_cat=0
split_feature=2 3 4 0 4 2 4 3 3 3 3 1 3 2 1
split_gain=2005.29 366.63 201.667 275.931 68.9015 33.1605 74.5096 38.8063 30.3623 17.8376 23.255 8.17657 2.02933 1.5923 1.64422
threshold=3.9500000000000006 4.4500000000000011 100.00000000000001 15.000000000000002 132.50000000000003 3.2500000000000004 93.000000000000014 4.9500000000000011 4.0500000000000007 4.8500000000000005 5.2500000000000009 10.000000000000002 4.3500000000000005 3.2500000000000004 7.0000000000000009
decision_type=2 2 2 2 2 2 2 2 2 2 2 2 2 2 2
left_child=1 4 5 9 8 7 -7 -3 13 -4 -11 -10 -13 -1 -15
right_child=-2 2 3 -5 -6 6 -8 -9 11 10 -12 12 -14 14 -16
leaf_value=-0.12231770306825629 0.35135576990635498 -0.029592883400619014 -0.027274140715599023 0.20662935395394602 -0.17727626607968261 0.059418028582317331 -0.074403077134719248 -0.12125369826188453 -0.076977160490221408 0.062002948262999139 -0.006670696288347243 -0.050236436269349531 -0.026503246478163274 -0.10861952809187084 -0.077497232643266509
leaf_weight=5.0000000000000027 8.9999999999999982 7.0000000000000018 5.0000000000000062 5.9999999999999991 4.9999999999999991 4.9999999999999982 5 5 7.0000000000000027 5.9999999999999982 6 6.9999999999999982 5 4.9999999999999982 7
leaf_count=5 9 7 5 6 5 5 5 5 7 6 6 7 5 5 7
internal_value=0.000500044 -0.0369329 0.0123247 0.0638399 -0.0908239 -0.0415658 -0.00751689 -0.069249 -0.077869 0.0115543 0.0280172 -0.0550133 -0.0410467 -0.102404 -0.0921354
internal_weight=95 86 45 23 41 22 10 12 36 17 12 19 12 17 12
internal_count=95 86 45 23 41 22 10 12 36 17 12 19 12 17 12
is_linear=0
shrinkage=0.025


Tree=97
num_leaves=16
num_cat=0
split_feature=0 0 0 0 2 0 3 1 2 3 4 3 0 0 4
split_gain=1951.27 538.662 72.4325 69.3264 48.5486 86.8165 40.8917 98.8457 38.0753 16.0786 14.2709 13.2943 12.9466 4.92779 4.52857
threshold=17.000000000000004 9.0000000000000018 5.0000000000000009 15.000000000000002 3.2500000000000004 7.0000000000000009 5.2500000000000009 22.000000000000004 3.7500000000000004 4.3500000000000005 74.500000000000014 3.9500000000000006 7.0000000000000009 11.000000000000002 100.00000000000001
decision_type=2 2 2 2 2 2 2 2 2 2 2 2 2 2 2
left_child=1 2 10 6 12 8 7 13 9 -6 11 -1 -4 -3 -7
right_child=-2 3 4 -5 5 14 -8 -9 -10 -11 -12 -13 -14 -15 -16
leaf_value=-0.11817186547488692 0.42934107857365761 0.039483654728302509 -0.067076221053920151 0.14402000411198687 -0.068577681940335464 0.043348716772519599 0.091585738729271615 -0.07090540551222288 -0.11517888708941398 -0.0079421598058674586 -0.14844178500083777 -0.06805007944746716 -0.12289836406707762 0.076909098251452368 0.0091657647719750029
leaf_weight=8.0000000000000053 5.9999999999999991 5.0000000000000089 7.9999999999999982 4.9999999999999991 5.0000000000000018 5.0000000000000018 6.9999999999999991 4.9999999999999991 5.9999999999999991 6 4.9999999999999991 7.9999999999999991 5 6 5
leaf_count=8 6 5 8 5 5 5 7 5 6 6 5 8 5 6 5
internal_value=0.000473072 -0.0293232 -0.0709337 0.0611441 -0.0507083 -0.0311353 0.0419875 0.0193484 -0.065259 -0.0363478 -0.108557 -0.0943377 -0.0901778 0.061018 0.0268946
internal_weight=95 89 61 28 40 27 23 16 17 11 21 16 13 11 10
internal_count=95 89 61 28 40 27 23 16 17 11 21 16 13 11 10
is_linear=0
shrinkage=0.025


Tree=98
num_leaves=16
num_cat=0
split_feature=2 3 4 0 4 2 4 3 3 3 3 1 3 2 1
split_gain=1908.27 327.444 184.781 246.199 70.0357 32.5386 71.0089 40.1815 27.5069 15.4432 22.1611 7.67997 1.83259 1.67941 1.61473
threshold=3.9500000000000006 4.4500000000000011 100.00000000000001 15.000000000000002 132.50000000000003 3.2500000000000004 93.000000000000014 4.9500000000000011 4.0500000000000007 4.8500000000000005 5.2500000000000009 10.000000000000002 4.3500000000000005 3.2500000000000004 7.0000000000000009
decision_type=2 2 2 2 2 2 2 2 2 2 2 2 2 2 2
left_child=1 4 5 9 8 7 -7 -3 13 -4 -11 -10 -13 -1 -15
right_child=-2 2 3 -5 -6 6 -8 -9 11 10 -12 12 -14 14 -16
leaf_value=-0.11678235553778127 0.34272629592729653 -0.028225530064406069 -0.025683972468742922 0.19469443665396785 -0.17399614224067103 0.057991105276428603 -0.072647835686802845 -0.12138686019640699 -0.073462335848145974 0.058943990065205489 -0.0080604140917139647 -0.047440349683165552 -0.024890700125923523 -0.10326325354667812 -0.073223651117748673
leaf_weight=5.0000000000000027 8.9999999999999982 7.0000000000000018 5.0000000000000062 5.9999999999999991 4.9999999999999991 4.9999999999999982 5 5 7.0000000000000027 5.9999999999999982 6 6.9999999999999982 5 4.9999999999999982 7
leaf_count=5 9 7 5 6 5 5 5 5 7 6 6 7 5 5 7
internal_value=0.000462711 -0.0360532 0.0105006 0.059818 -0.086982 -0.0410766 -0.00734951 -0.0684988 -0.0739676 0.0104315 0.0257564 -0.0522099 -0.0387092 -0.0973225 -0.0873303
internal_weight=95 86 45 23 41 22 10 12 36 17 12 19 12 17 12
internal_count=95 86 45 23 41 22 10 12 36 17 12 19 12 17 12
is_linear=0
shrinkage=0.025


Tree=99
num_leaves=14
num_cat=0
split_feature=4 4 0 0 0 0 2 3 2 4 3 2 3
split_gain=1899.19 382.764 72.8389 69.0961 50.6483 25.7742 78.0483 46.3149 33.3624 16.5554 12.0664 5.46057 14.4827
threshold=132.50000000000003 100.00000000000001 11.000000000000002 5.0000000000000009 13.000000000000002 7.0000000000000009 3.5500000000000003 4.9500000000000011 3.7500000000000004 74.500000000000014 3.9500000000000006 3.2500000000000004 4.3500000000000005
decision_type=2 2 2 2 2 2 2 2 2 2 2 2 2
left_child=1 3 -3 9 -4 8 7 -7 11 10 -1 -5 -13
right_child=-2 2 4 5 -6 6 -8 -9 -10 -11 -12 12 -14
leaf_value=-0.11269772728768784 0.34188506318175277 -0.0044570933217587668 0.14894010504850974 -0.063950882942938173 0.048771916070710061 -0.015641586873079493 0.046850885883454353 -0.11846891194581984 -0.11604451831550366 -0.14696838626494774 -0.06490992912795486 -0.065540868846269765 -0.0079578483777661465
leaf_weight=8.0000000000000053 8.9999999999999982 9.0000000000000018 4.9999999999999991 8.0000000000000053 8.9999999999999982 6.0000000000000018 5.9999999999999991 5 5.9999999999999991 4.9999999999999991 7.9999999999999991 4.9999999999999982 6
leaf_count=8 9 9 5 8 9 6 6 5 6 5 8 5 6
internal_value=0.000436912 -0.0359919 0.0509562 -0.0678154 0.0862282 -0.0488523 -0.0245663 -0.0637738 -0.064991 -0.104864 -0.0899773 -0.0477629 -0.0349465
internal_weight=95 86 23 63 14 42 17 11 25 21 16 19 11
internal_count=95 86 23 63 14 42 17 11 25 21 16 19 11
is_linear=0
shrinkage=0.025


Tree=100
num_leaves=15
num_cat=0
split_feature=2 3 3 0 4 3 1 3 0 2 1 2 3 1
split_gain=1809.43 304.687 166.986 676.944 81.8404 43.3003 32.1284 24.7551 24.3062 23.009 7.13075 1.75998 1.72151 1.58582
threshold=3.9500000000000006 4.4500000000000011 5.3500000000000005 15.000000000000002 132.50000000000003 4.8500000000000005 14.000000000000002 4.0500000000000007 11.000000000000002 3.6500000000000008 10.000000000000002 3.2500000000000004 4.3500000000000005 7.0000000000000009
decision_type=2 2 2 2 2 2 2 2 2 2 2 2 2 2
left_child=1 4 3 5 7 6 -3 11 9 -7 -9 -1 -12 -13
right_child=-2 2 -4 -5 -6 8 -8 10 -10 -11 12 13 -14 -15
leaf_value=-0.11150036958547732 0.33369903480229174 -0.073636633528234519 -0.12355526972275513 0.29317054473436793 -0.17803193720487451 -0.039710673855410668 0.00050090186057552208 -0.070109112229612108 0.044806352807436056 0.029293728333253125 -0.04509067849980461 -0.098136868958289825 -0.023325281275006438 -0.069126074140270541
leaf_weight=5.0000000000000027 8.9999999999999982 8.9999999999999982 4.9999999999999991 4.9999999999999991 4.9999999999999991 7.0000000000000018 5.9999999999999991 7.0000000000000027 7.9999999999999991 5 6.9999999999999982 4.9999999999999982 5 7
leaf_count=5 9 9 5 5 5 7 6 7 8 5 7 5 5 7
internal_value=0.000416852 -0.0351403 0.00976705 0.0269952 -0.0842674 -0.012444 -0.044283 -0.0702984 0.0115754 -0.0108475 -0.0496474 -0.0924605 -0.0366553 -0.082727
internal_weight=95 86 45 40 41 35 15 36 20 12 19 17 12 12
internal_count=95 86 45 40 41 35 15 36 20 12 19 17 12 12
is_linear=0
shrinkage=0.025


Tree=101
num_leaves=14
num_cat=0
split_feature=4 4 0 2 0 3 2 3 2 1 3 2 1
split_gain=1805.64 356.991 67.0991 65.5349 47.3379 42.3018 18.4002 51.2942 36.8292 24.5547 2.13593 1.67083 1.50838
threshold=132.50000000000003 100.00000000000001 11.000000000000002 3.9500000000000006 13.000000000000002 4.0500000000000007 3.2500000000000004 4.7500000000000009 2.9500000000000006 18.000000000000004 4.2500000000000009 3.2500000000000004 7.0000000000000009
decision_type=2 2 2 2 2 2 2 2 2 2 2 2 2
left_child=1 3 -3 5 -4 11 8 10 9 -7 -8 -1 -13
right_child=-2 2 4 -5 -6 6 7 -9 -10 -11 -12 12 -14
leaf_value=-0.10882006963858229 0.33333105451386913 -0.0043308728738971364 0.14331984726282265 -0.14379454793468602 0.046506024646046376 0.0088573403943043444 -0.065442839264869587 0.034548718229897558 -0.1056853071682983 -0.065096599773894384 -0.041981931735894512 -0.095777809677215733 -0.067445927030510361
leaf_weight=5.0000000000000027 8.9999999999999982 9.0000000000000018 4.9999999999999991 5.9999999999999991 8.9999999999999982 5.0000000000000018 5.0000000000000062 5.9999999999999991 6.9999999999999991 6 10.999999999999998 4.9999999999999982 7
leaf_count=5 9 9 5 6 9 5 5 6 7 6 11 5 7
internal_value=0.000397596 -0.0351223 0.048848 -0.0658555 0.082702 -0.0571555 -0.0426871 -0.0268603 -0.0614547 -0.0318117 -0.050108 -0.0902337 -0.0807299
internal_weight=95 86 23 63 14 57 40 22 18 11 16 17 12
internal_count=95 86 23 63 14 57 40 22 18 11 16 17 12
is_linear=0
shrinkage=0.025


Tree=102
num_leaves=13
num_cat=0
split_feature=0 3 2 1 0 1 3 2 3 3 2 2
split_gain=1761.82 446.77 226.813 129.042 125.459 55.9635 44.8391 27.3446 30.2077 23.8901 11.473 5.91447
threshold=17.000000000000004 5.0500000000000007 3.9500000000000006 22.000000000000004 9.0000000000000018 22.000000000000004 4.0500000000000007 3.2500000000000004 4.7500000000000009 4.3500000000000005 3.6500000000000008 3.2500000000000004
decision_type=2 2 2 2 2 2 2 2 2 2 2 2
left_child=1 2 4 -3 6 -6 11 9 10 -8 -9 -1
right_child=-2 3 -4 -5 5 -7 7 8 -10 -11 -12 -13
leaf_value=-0.1157227993011474 0.4078964137261914 0.027769683725109282 -0.2144837973209528 0.16745068613025879 0.066225667497733745 -0.033381325871713691 -0.033035862675079936 -0.02279080292757818 0.025959192886232187 -0.10882110513987078 -0.062496455021344294 -0.078781148718028784
leaf_weight=6.0000000000000027 5.9999999999999991 10.000000000000002 4.9999999999999991 6.9999999999999991 7.9999999999999982 6 4.9999999999999982 10.000000000000005 4.9999999999999991 6 8.9999999999999982 11.999999999999998
leaf_count=6 6 10 5 7 8 6 5 10 5 6 9 12
internal_value=0.000379091 -0.0279329 -0.0551664 0.0866364 -0.0426555 0.02358 -0.060198 -0.0432222 -0.027787 -0.0756899 -0.0421189 -0.0923001
internal_weight=95 89 72 17 67 14 53 35 24 11 19 18
internal_count=95 89 72 17 67 14 53 35 24 11 19 18
is_linear=0
shrinkage=0.025


Tree=103
num_leaves=15
num_cat=0
split_feature=2 3 3 0 4 3 1 0 2 3 1 3 2 1
split_gain=1732.62 269.949 174.942 621.25 98.3999 37.7729 26.4164 21.6561 21.1399 20.9018 6.74328 1.7113 1.45052 1.54271
threshold=3.9500000000000006 4.4500000000000011 5.3500000000000005 15.000000000000002 132.50000000000003 4.8500000000000005 14.000000000000002 11.000000000000002 3.6500000000000008 4.0500000000000007 10.000000000000002 4.3500000000000005 3.2500000000000004 7.0000000000000009
decision_type=2 2 2 2 2 2 2 2 2 2 2 2 2 2
left_child=1 4 3 5 9 6 -3 8 -7 12 -11 -12 -1 -14
right_child=-2 2 -4 -5 -6 7 -8 -9 -10 10 11 -13 13 -15
leaf_value=-0.10342240711817369 0.32650162396223653 -0.068640829592376315 -0.12860230763371175 0.28048366801096847 -0.18316719256914582 -0.038664123084810029 -0.00096788983191213303 0.041523113479928639 0.027478132740809364 -0.066291938473780912 -0.04219400783379873 -0.020825756054658154 -0.09158167821856647 -0.063891796643535281
leaf_weight=5.0000000000000027 8.9999999999999982 8.9999999999999982 4.9999999999999991 4.9999999999999991 4.9999999999999991 7.0000000000000018 5.9999999999999991 7.9999999999999991 5 7.0000000000000027 6.9999999999999982 5 4.9999999999999982 7
leaf_count=5 9 9 5 5 5 7 6 8 5 7 7 5 5 7
internal_value=0.000369656 -0.0344243 0.00784913 0.0254916 -0.0806652 -0.012287 -0.0420228 0.0101482 -0.0110037 -0.0654609 -0.0464527 -0.0338804 -0.0858455 -0.0768439
internal_weight=95 86 45 40 41 35 15 20 12 36 19 12 17 12
internal_count=95 86 45 40 41 35 15 20 12 36 19 12 17 12
is_linear=0
shrinkage=0.025


Tree=104
num_leaves=14
num_cat=0
split_feature=4 4 2 0 0 3 2 3 3 2 3 2 1
split_gain=1682.8 317.373 71.1702 58.366 46.5085 34.4672 19.219 46.324 42.2988 57.337 2.15 1.37617 1.4672
threshold=132.50000000000003 100.00000000000001 3.9500000000000006 11.000000000000002 13.000000000000002 4.0500000000000007 3.2500000000000004 4.7500000000000009 4.9500000000000011 2.9500000000000006 4.2500000000000009 3.2500000000000004 7.0000000000000009
decision_type=2 2 2 2 2 2 2 2 2 2 2 2 2
left_child=1 2 5 -3 -5 11 8 10 9 -7 -8 -1 -13
right_child=-2 3 -4 4 -6 6 7 -9 -10 -11 -12 12 -14
leaf_value=-0.10093628936088994 0.32175995299349669 -0.0043458658715952985 -0.14400258929498735 0.13679412385592093 0.041103310639585333 0.013469417096995227 -0.061884954342475221 0.033666534810477204 -0.12059262429292386 -0.090472051020591471 -0.038807144045131282 -0.08938020043648208 -0.062338871094915593
leaf_weight=5.0000000000000027 8.9999999999999982 9.0000000000000018 5.9999999999999991 4.9999999999999991 8.9999999999999982 7.0000000000000018 5.0000000000000062 5.9999999999999991 4.9999999999999991 6 10.999999999999998 4.9999999999999982 7
leaf_count=5 9 9 6 5 9 7 5 6 5 6 11 5 7
internal_value=0.00035084 -0.033939 -0.062916 0.045237 0.076812 -0.053885 -0.0407957 -0.0246716 -0.0599466 -0.0350528 -0.0467711 -0.0837782 -0.0749891
internal_weight=95 86 63 23 14 57 40 22 18 13 16 17 12
internal_count=95 86 63 23 14 57 40 22 18 13 16 17 12
is_linear=0
shrinkage=0.025


Tree=105
num_leaves=15
num_cat=0
split_feature=2 3 3 0 4 3 1 3 3 4 1 3 2 1
split_gain=1651.56 253.229 166.188 589.802 109.71 35.6444 22.2914 19.6113 18.7726 18.3269 6.44153 1.65776 1.30541 1.39521
threshold=3.9500000000000006 4.4500000000000011 5.3500000000000005 15.000000000000002 132.50000000000003 4.8500000000000005 14.000000000000002 4.9500000000000011 4.0500000000000007 112.50000000000001 10.000000000000002 4.3500000000000005 3.2500000000000004 7.0000000000000009
decision_type=2 2 2 2 2 2 2 2 2 2 2 2 2 2
left_child=1 4 3 5 8 6 -3 -7 12 -9 -10 -12 -1 -14
right_child=-2 2 -4 -5 -6 7 -8 9 10 -11 11 -13 13 -15
leaf_value=-0.098509938441789999 0.31874395634817043 -0.065648390881909546 -0.12568582686094137 0.2729586687225562 -0.18649874375416686 0.046546229870328949 -0.0033643363944945793 -0.04422888366075664 -0.063760825888150227 0.014469116983894746 -0.040288131311535837 -0.019392272371512191 -0.087231637107638219 -0.060823690808481636
leaf_weight=5.0000000000000027 8.9999999999999982 8.9999999999999982 4.9999999999999991 4.9999999999999991 4.9999999999999991 6.0000000000000027 5.9999999999999991 4.9999999999999973 7.0000000000000027 9 6.9999999999999982 5 4.9999999999999982 7
leaf_count=5 9 9 5 5 5 6 6 5 7 9 7 5 5 7
internal_value=0.000331711 -0.0336382 0.00730546 0.0245031 -0.0784241 -0.0123043 -0.0411891 0.00949071 -0.0624317 -0.00673411 -0.0444006 -0.0321446 -0.0817609 -0.0731791
internal_weight=95 86 45 40 41 35 15 20 36 14 19 12 17 12
internal_count=95 86 45 40 41 35 15 20 36 14 19 12 17 12
is_linear=0
shrinkage=0.025


Tree=106
num_leaves=13
num_cat=0
split_feature=0 3 2 1 0 1 3 2 3 3 2 2
split_gain=1644.45 386.11 255.49 108.99 99.292 55.7047 38.0126 24.3431 26.7608 21.1559 11.4396 5.57412
threshold=17.000000000000004 5.0500000000000007 3.9500000000000006 22.000000000000004 9.0000000000000018 22.000000000000004 4.0500000000000007 3.2500000000000004 4.7500000000000009 4.3500000000000005 3.6500000000000008 3.2500000000000004
decision_type=2 2 2 2 2 2 2 2 2 2 2 2
left_child=1 2 4 -3 6 -6 11 9 10 -8 -9 -1
right_child=-2 3 -4 -5 5 -7 7 8 -10 -11 -12 -13
leaf_value=-0.10662366046059511 0.39402369078128574 0.025362924893624052 -0.22137704583314749 0.15374360889610317 0.062411275342470263 -0.036932926312569642 -0.029625642815461529 -0.018867178484067021 0.026011185777875097 -0.10085343502221567 -0.058322733543489297 -0.071412867417589579
leaf_weight=6.0000000000000027 5.9999999999999991 10.000000000000002 4.9999999999999991 6.9999999999999991 7.9999999999999982 6 4.9999999999999982 10.000000000000005 4.9999999999999991 6 8.9999999999999982 11.999999999999998
leaf_count=6 6 10 5 7 8 6 5 10 5 6 9 12
internal_value=0.000313297 -0.0270389 -0.0523549 0.0794713 -0.0391014 0.0198266 -0.0547069 -0.0390796 -0.0245354 -0.0696959 -0.0380346 -0.0842612
internal_weight=95 89 72 17 67 14 53 35 24 11 19 18
internal_count=95 89 72 17 67 14 53 35 24 11 19 18
is_linear=0
shrinkage=0.025


Tree=107
num_leaves=15
num_cat=0
split_feature=2 3 3 0 4 3 1 0 2 3 1 3 2 1
split_gain=1582.42 228.239 173.179 545.641 109.433 31.2882 20.6108 18.3221 18.8382 16.7189 6.071 1.61689 1.11771 1.41624
threshold=3.9500000000000006 4.4500000000000011 5.3500000000000005 15.000000000000002 132.50000000000003 4.8500000000000005 14.000000000000002 11.000000000000002 3.6500000000000008 4.0500000000000007 10.000000000000002 4.3500000000000005 3.2500000000000004 7.0000000000000009
decision_type=2 2 2 2 2 2 2 2 2 2 2 2 2 2
left_child=1 4 3 5 9 6 -3 8 -7 12 -11 -12 -1 -14
right_child=-2 2 -4 -5 -6 7 -8 -9 -10 10 11 -13 13 -15
leaf_value=-0.093578839588623716 0.31198124258738502 -0.062490583257749678 -0.12982587779943761 0.26246292121135273 -0.18334227089698499 -0.037040204472011971 -0.0026174853886327433 0.037376142597598271 0.025396233625136884 -0.061256121368043918 -0.038601263571116665 -0.018093194153446415 -0.083418064593122565 -0.057609607610437596
leaf_weight=5.0000000000000027 8.9999999999999982 8.9999999999999982 4.9999999999999991 4.9999999999999991 4.9999999999999991 7.0000000000000018 5.9999999999999991 7.9999999999999991 5 7.0000000000000027 6.9999999999999982 5 4.9999999999999982 7
leaf_count=5 9 9 5 5 5 7 6 8 5 7 7 5 5 7
internal_value=0.000305073 -0.0329459 0.00592757 0.0234893 -0.0754639 -0.0119115 -0.0389731 0.00850769 -0.0109327 -0.059516 -0.042477 -0.0305954 -0.0777717 -0.0696568
internal_weight=95 86 45 40 41 35 15 20 12 36 19 12 17 12
internal_count=95 86 45 40 41 35 15 20 12 36 19 12 17 12
is_linear=0
shrinkage=0.025


Tree=108
num_leaves=14
num_cat=0
split_feature=4 4 2 0 0 3 2 3 2 4 3 2 1
split_gain=1571.03 277.224 91.0772 49.7938 44.472 26.2303 21.0011 49.5895 49.9617 46.6381 42.2818 1.05937 1.34661
threshold=132.50000000000003 100.00000000000001 3.9500000000000006 11.000000000000002 13.000000000000002 4.0500000000000007 3.2500000000000004 4.9500000000000011 2.9500000000000006 93.000000000000014 4.5500000000000007 3.2500000000000004 7.0000000000000009
decision_type=2 2 2 2 2 2 2 2 2 2 2 2 2
left_child=1 2 5 -3 -5 11 7 8 -7 10 -8 -1 -13
right_child=-2 3 -4 4 -6 6 9 -9 -10 -11 -12 12 -14
leaf_value=-0.09132934883236879 0.31084059422997679 -0.0046170987512754343 -0.15141716099554495 0.12889412481051224 0.035555287701604162 0.013757376766039262 -0.026096428244137288 -0.12384189355831879 -0.083241457828590937 -0.0738509126007557 0.061487410668856816 -0.081412825432534419 -0.056209374467531825
leaf_weight=5.0000000000000027 8.9999999999999982 9.0000000000000018 5.9999999999999991 4.9999999999999991 8.9999999999999982 7.0000000000000018 10.000000000000002 4.9999999999999991 6 6.9999999999999991 4.9999999999999991 4.9999999999999982 7
leaf_count=5 9 9 6 5 9 7 10 5 6 7 5 5 7
internal_value=0.000287959 -0.032843 -0.0599241 0.0411587 0.0703245 -0.0497756 -0.0383196 -0.0582979 -0.0314995 -0.0215394 0.00344085 -0.0758992 -0.0679758
internal_weight=95 86 63 23 14 57 40 18 13 22 15 17 12
internal_count=95 86 63 23 14 57 40 18 13 22 15 17 12
is_linear=0
shrinkage=0.025


Tree=109
num_leaves=13
num_cat=0
split_feature=0 3 2 1 0 1 3 2 3 3 2 2
split_gain=1537.28 348.589 257.571 96.3887 80.9716 55.9561 33.7952 22.0782 25.1974 18.8303 10.9584 5.54482
threshold=17.000000000000004 5.0500000000000007 3.9500000000000006 22.000000000000004 9.0000000000000018 22.000000000000004 4.0500000000000007 3.2500000000000004 4.7500000000000009 4.3500000000000005 3.6500000000000008 3.2500000000000004
decision_type=2 2 2 2 2 2 2 2 2 2 2 2
left_child=1 2 4 -3 6 -6 11 9 10 -8 -9 -1
right_child=-2 3 -4 -5 5 -7 7 8 -10 -11 -12 -13
leaf_value=-0.10083017815505298 0.38093677336169829 0.024129394982375346 -0.2199151960703043 0.14488057154748177 0.059014037469538254 -0.040530477608403843 -0.027632103717097872 -0.016842302986804166 0.026572422862339479 -0.094831546396017055 -0.055388589057585473 -0.066335322115509243
leaf_weight=6.0000000000000027 5.9999999999999991 10.000000000000002 4.9999999999999991 6.9999999999999991 7.9999999999999982 6 4.9999999999999982 10.000000000000005 4.9999999999999991 6 8.9999999999999982 11.999999999999998
leaf_count=6 6 10 5 7 8 6 5 10 5 6 9 12
internal_value=0.000271687 -0.0261737 -0.0502279 0.0750296 -0.0369292 0.0162941 -0.0510201 -0.0362879 -0.0224459 -0.0654368 -0.0355529 -0.078884
internal_weight=95 89 72 17 67 14 53 35 24 11 19 18
internal_count=95 89 72 17 67 14 53 35 24 11 19 18
is_linear=0
shrinkage=0.025


Tree=110
num_leaves=15
num_cat=0
split_feature=2 3 3 0 4 3 1 3 4 3 1 3 2 1
split_gain=1521.48 203.722 179.481 503.263 125.015 27.982 17.0383 16.8566 14.7212 13.8538 5.82575 1.63223 0.891599 1.35817
threshold=3.9500000000000006 4.4500000000000011 5.3500000000000005 15.000000000000002 132.50000000000003 4.8500000000000005 14.000000000000002 4.9500000000000011 112.50000000000001 4.0500000000000007 10.000000000000002 4.3500000000000005 3.2500000000000004 7.0000000000000009
decision_type=2 2 2 2 2 2 2 2 2 2 2 2 2 2
left_child=1 4 3 5 9 6 -3 -7 -9 12 -11 -12 -1 -14
right_child=-2 2 -4 -5 -6 7 -8 8 -10 10 11 -13 13 -15
leaf_value=-0.086710128130821018 0.30588026963498288 -0.058701499073725683 -0.13380545641367253 0.25178200528025629 -0.18764780324239 0.041956746698387185 -0.004166244787554587 -0.041025765584065371 0.011578286018060602 -0.058322382304403488 -0.036360263141493009 -0.016025853042419141 -0.077861185923505299 -0.053230857104063029
leaf_weight=5.0000000000000027 8.9999999999999982 8.9999999999999982 4.9999999999999991 4.9999999999999991 4.9999999999999991 6.0000000000000027 5.9999999999999991 4.9999999999999973 9 7.0000000000000027 6.9999999999999982 5 4.9999999999999982 7
leaf_count=5 9 9 5 5 5 6 6 5 9 7 7 5 5 7
internal_value=0.000264276 -0.0323398 0.00438964 0.0222749 -0.0725085 -0.0117206 -0.0373115 0.00759 -0.00743407 -0.055534 -0.0399765 -0.0283917 -0.0721822 -0.0647041
internal_weight=95 86 45 40 41 35 15 20 14 36 19 12 17 12
internal_count=95 86 45 40 41 35 15 20 14 36 19 12 17 12
is_linear=0
shrinkage=0.025


Tree=111
num_leaves=14
num_cat=0
split_feature=4 4 2 0 0 3 2 3 4 2 3 2 1
split_gain=1467.54 247.085 95.2147 43.8932 43.3418 21.0791 21.5713 53.8177 44.7698 44.4231 39.8634 0.844165 1.29126
threshold=132.50000000000003 100.00000000000001 3.9500000000000006 11.000000000000002 13.000000000000002 4.0500000000000007 3.2500000000000004 4.9500000000000011 93.000000000000014 2.9500000000000006 4.5500000000000007 3.2500000000000004 7.0000000000000009
decision_type=2 2 2 2 2 2 2 2 2 2 2 2 2
left_child=1 2 5 -3 -5 11 7 9 10 -7 -8 -1 -13
right_child=-2 3 -4 4 -6 6 8 -9 -10 -11 -12 12 -14
leaf_value=-0.084625751840380459 0.30039769527704824 -0.0048680778754794062 -0.15081768824208169 0.12323353330676373 0.031272461994186693 0.013572665231509337 -0.023947915055003814 -0.12513273530281507 -0.070968508347868928 -0.077875622986785811 0.061091756917392971 -0.075989523292698258 -0.051937052193615163
leaf_weight=5.0000000000000027 8.9999999999999982 9.0000000000000018 5.9999999999999991 4.9999999999999991 8.9999999999999982 7.0000000000000018 10.000000000000002 4.9999999999999991 6.9999999999999991 6 4.9999999999999991 4.9999999999999982 7
leaf_count=5 9 9 6 5 9 7 10 5 7 6 5 5 7
internal_value=0.000247551 -0.0317731 -0.057339 0.038092 0.0654768 -0.0469844 -0.0366819 -0.0569119 -0.0197101 -0.02908 0.00474726 -0.0704445 -0.0631428
internal_weight=95 86 63 23 14 57 40 18 22 13 15 17 12
internal_count=95 86 63 23 14 57 40 18 22 13 15 17 12
is_linear=0
shrinkage=0.025


Tree=112
num_leaves=15
num_cat=0
split_feature=2 3 3 0 4 3 3 1 4 3 1 3 2 1
split_gain=1452.99 192.451 170.78 477.985 135.281 27.2459 15.7476 14.387 12.838 12.2862 5.63922 1.60283 0.79905 1.22749
threshold=3.9500000000000006 4.4500000000000011 5.3500000000000005 15.000000000000002 132.50000000000003 4.8500000000000005 4.9500000000000011 14.000000000000002 112.50000000000001 4.0500000000000007 10.000000000000002 4.3500000000000005 3.2500000000000004 7.0000000000000009
decision_type=2 2 2 2 2 2 2 2 2 2 2 2 2 2
left_child=1 4 3 5 9 7 -7 -3 -8 12 -11 -12 -1 -14
right_child=-2 2 -4 -5 -6 6 8 -9 -10 10 11 -13 13 -15
leaf_value=-0.082591478411967886 0.29889101813668795 -0.056531722203868887 -0.13073213547468185 0.24518783969374805 -0.19035812157851001 0.040660718564064252 -0.038447691614811257 -0.0062860195675203878 0.010673244192224481 -0.056396067856500511 -0.034870734065771104 -0.014838884426997257 -0.074162850213738599 -0.050674693286418909
leaf_weight=5.0000000000000027 8.9999999999999982 8.9999999999999982 4.9999999999999991 4.9999999999999991 4.9999999999999991 6.0000000000000027 4.9999999999999973 5.9999999999999991 9 7.0000000000000027 6.9999999999999982 5 4.9999999999999982 7
leaf_count=5 9 9 5 5 5 6 5 6 9 7 7 5 5 7
internal_value=0.000232547 -0.0316289 0.00407006 0.021518 -0.0706705 -0.0116109 0.00744368 -0.0368628 -0.00707635 -0.0530529 -0.0383741 -0.0270067 -0.0687489 -0.0616192
internal_weight=95 86 45 40 41 35 20 15 14 36 19 12 17 12
internal_count=95 86 45 40 41 35 20 15 14 36 19 12 17 12
is_linear=0
shrinkage=0.025


Tree=113
num_leaves=13
num_cat=0
split_feature=0 3 2 1 0 2 3 2 3 3 2 2
split_gain=1439.84 302.12 282.84 80.7706 63.3454 57.4581 28.8276 19.6634 23.5393 16.6387 10.5542 5.15959
threshold=17.000000000000004 5.0500000000000007 3.9500000000000006 22.000000000000004 9.0000000000000018 3.4500000000000006 4.0500000000000007 3.2500000000000004 4.7500000000000009 4.3500000000000005 3.6500000000000008 3.2500000000000004
decision_type=2 2 2 2 2 2 2 2 2 2 2 2
left_child=1 2 4 -3 6 -6 11 9 10 -8 -9 -1
right_child=-2 3 -4 -5 5 -7 7 8 -10 -11 -12 -13
leaf_value=-0.09295829557062632 0.36862086173026798 0.022231670527481557 -0.22554111801660978 0.13278841117603912 0.0795558539720682 -0.024415117437424867 -0.024724049336062034 -0.014059070161744652 0.027672886153539789 -0.087820964372686786 -0.051782356384817679 -0.060132473273599746
leaf_weight=6.0000000000000027 5.9999999999999991 10.000000000000002 4.9999999999999991 6.9999999999999991 4.9999999999999991 8.9999999999999982 4.9999999999999982 10.000000000000005 4.9999999999999991 6 8.9999999999999982 11.999999999999998
leaf_count=6 6 10 5 7 5 9 5 10 5 6 9 12
internal_value=0.00021673 -0.0253763 -0.0477688 0.0688424 -0.0338518 0.0132269 -0.0463142 -0.0327118 -0.0196653 -0.0602058 -0.0323464 -0.0720444
internal_weight=95 89 72 17 67 14 53 35 24 11 19 18
internal_count=95 89 72 17 67 14 53 35 24 11 19 18
is_linear=0
shrinkage=0.025


Tree=114
num_leaves=13
num_cat=0
split_feature=2 2 1 3 0 2 4 1 2 2 3 2
split_gain=1395.1 183.249 312.698 108.684 17.1535 11.2593 23.7008 34.4796 16.5658 10.8029 1.31984 0.374423
threshold=3.9500000000000006 2.8500000000000001 26.000000000000004 4.8500000000000005 11.000000000000002 3.7500000000000004 93.000000000000014 10.000000000000002 3.5500000000000003 3.6500000000000008 4.0500000000000007 3.4500000000000006
decision_type=2 2 2 2 2 2 2 2 2 2 2 2
left_child=1 -1 3 5 9 6 7 10 -9 -5 -3 -12
right_child=-2 2 -4 4 -6 -7 -8 8 -10 -11 11 -13
leaf_value=-0.14348794755230593 0.2928618275600931 -0.072112367659186313 0.16825359692940348 -0.026123878263658081 0.042299917040635709 -0.020483202238877618 -0.092170742089333763 -0.034931173671603852 0.020912873884662987 0.022713302477047989 -0.062685352332818398 -0.043613643371141868
leaf_weight=7.9999999999999991 8.9999999999999982 13.000000000000002 4.9999999999999991 6.0000000000000018 8.9999999999999982 6.9999999999999991 8.9999999999999982 8.9999999999999982 4.9999999999999991 5 4.9999999999999982 5
leaf_count=8 9 13 5 6 9 7 9 9 5 5 5 5
internal_value=0.000212594 -0.0310074 -0.0191175 -0.0323929 0.0170941 -0.0510847 -0.0556056 -0.0462301 -0.0148852 -0.00380436 -0.0649628 -0.0543142
internal_weight=95 86 78 73 20 53 46 37 14 11 23 10
internal_count=95 86 78 73 20 53 46 37 14 11 23 10
is_linear=0
shrinkage=0.025


Tree=115
num_leaves=14
num_cat=0
split_feature=4 4 2 0 0 3 3 2 2 4 0 2 1
split_gain=1357.02 214.457 115.08 36.0033 43.6888 16.3199 23.8472 24.7921 28.8466 36.1647 25.5318 0.748809 1.24885
threshold=132.50000000000003 100.00000000000001 3.9500000000000006 11.000000000000002 13.000000000000002 4.0500000000000007 5.1500000000000012 2.9500000000000006 3.2500000000000004 93.000000000000014 5.0000000000000009 3.2500000000000004 7.0000000000000009
decision_type=2 2 2 2 2 2 2 2 2 2 2 2 2
left_child=1 2 5 -3 -5 11 7 -7 -9 10 -10 -1 -13
right_child=-2 3 -4 4 -6 6 -8 8 9 -11 -12 12 -14
leaf_value=-0.076816818447640253 0.28883653509876006 -0.0043870353504367483 -0.15702791925399537 0.11720586115351091 0.025163183264110402 0.015303272510775262 -0.084268357662054205 -0.080155260566001099 -0.042565239793979193 -0.067198183014988908 0.026732181130058087 -0.069201129044477769 -0.046467453903622086
leaf_weight=5.0000000000000027 8.9999999999999982 9.0000000000000018 5.9999999999999991 4.9999999999999991 8.9999999999999982 6.9999999999999991 4.9999999999999991 7.0000000000000027 5.0000000000000009 6.9999999999999991 9 4.9999999999999982 7
leaf_count=5 9 9 6 5 9 7 5 7 5 7 9 5 7
internal_value=0.000208668 -0.0305821 -0.0543994 0.0345091 0.0593114 -0.0430633 -0.0339704 -0.0263115 -0.0367943 -0.0216618 0.00164414 -0.0637418 -0.0570214
internal_weight=95 86 63 23 14 57 40 35 28 21 14 17 12
internal_count=95 86 63 23 14 57 40 35 28 21 14 17 12
is_linear=0
shrinkage=0.025


Tree=116
num_leaves=14
num_cat=0
split_feature=2 0 0 3 2 0 2 0 1 4 2 1 1
split_gain=1334.08 190.964 138.098 73.1115 31.5191 15.6106 13.2592 12.2091 38.1307 12.2839 15.6375 9.33181 3.52298
threshold=3.9500000000000006 17.000000000000004 15.000000000000002 4.8500000000000005 2.9500000000000006 11.000000000000002 3.6500000000000008 11.000000000000002 14.000000000000002 93.000000000000014 3.2500000000000004 7.0000000000000009 10.000000000000002
decision_type=2 2 2 2 2 2 2 2 2 2 2 2 2
left_child=1 2 3 4 -1 6 -5 8 9 10 -6 -12 -13
right_child=-2 -3 -4 5 7 -7 -8 -9 -10 -11 11 12 -14
leaf_value=0.014726906463217277 0.28637141494647322 -0.17728089203055089 0.10387687548421896 -0.030244059695137861 -0.075732308414344696 0.034803101825325387 0.022123152590714967 -0.087917384390647599 0.0074568169812361407 -0.092783091790401007 -0.067537639060845686 -0.038304342607072751 -0.015177661907382126
leaf_weight=4.9999999999999991 8.9999999999999982 4.9999999999999991 4.9999999999999991 7.0000000000000018 9.9999999999999982 8.9999999999999982 5 4.9999999999999991 6.9999999999999991 4.9999999999999991 5.0000000000000027 10 8
leaf_count=5 9 5 5 7 10 9 5 5 7 5 5 10 8
internal_value=0.000193676 -0.0303356 -0.0208352 -0.0293075 -0.0444194 0.0102581 -0.00831695 -0.050394 -0.0458265 -0.0556623 -0.0494752 -0.0374507 -0.0283742
internal_weight=95 86 81 76 55 21 12 50 45 38 33 23 18
internal_count=95 86 81 76 55 21 12 50 45 38 33 23 18
is_linear=0
shrinkage=0.025


Tree=117
num_leaves=15
num_cat=0
split_feature=0 3 2 1 0 1 2 3 2 4 0 0 3 3
split_gain=1348.47 267.02 305.196 70.7125 50.3861 56.6833 25.9647 32.9038 17.5465 17.5984 29.0972 8.09561 4.27483 3.61967
threshold=17.000000000000004 5.0500000000000007 3.9500000000000006 22.000000000000004 9.0000000000000018 22.000000000000004 3.2500000000000004 4.7500000000000009 3.7500000000000004 74.500000000000014 5.0000000000000009 7.0000000000000009 4.0500000000000007 4.1500000000000012
decision_type=2 2 2 2 2 2 2 2 2 2 2 2 2 2
left_child=1 2 4 -3 6 -6 11 8 9 10 13 12 -1 -8
right_child=-2 3 -4 -5 5 -7 7 -9 -10 -11 -12 -13 -14 -15
leaf_value=-0.07314977055558787 0.35670590309366101 0.02038124053209435 -0.23026862259094535 0.123823884398573 0.053859096420247388 -0.046307567915608798 -0.073794941556069041 0.028558183984401138 -0.00087443719948491745 -0.082217696371177831 0.0048661359042550126 -0.095685868079845721 -0.039621960438994894 -0.040621258089175577
leaf_weight=5.0000000000000018 5.9999999999999991 10.000000000000002 4.9999999999999991 6.9999999999999991 7.9999999999999982 6 6.0000000000000089 4.9999999999999991 5.9999999999999991 6.9999999999999991 6.9999999999999991 4.9999999999999991 7 5
leaf_count=5 6 10 5 7 8 6 6 5 6 7 7 5 7 5
internal_value=0.000181778 -0.0245854 -0.0456363 0.0639925 -0.0311949 0.0107949 -0.0423089 -0.0299409 -0.0395388 -0.0486881 -0.0348199 -0.0677746 -0.0546645 -0.0598222
internal_weight=95 89 72 17 67 14 53 36 31 25 18 17 12 11
internal_count=95 89 72 17 67 14 53 36 31 25 18 17 12 11
is_linear=0
shrinkage=0.025


Tree=118
num_leaves=14
num_cat=0
split_feature=0 3 2 1 0 2 2 3 2 4 3 0 3
split_gain=1284.06 254.252 290.698 67.3166 47.9711 55.1143 24.7335 31.3389 16.704 16.744 27.9465 7.70661 4.07023
threshold=17.000000000000004 5.0500000000000007 3.9500000000000006 22.000000000000004 9.0000000000000018 3.4500000000000006 3.2500000000000004 4.7500000000000009 3.7500000000000004 74.500000000000014 4.2500000000000009 7.0000000000000009 4.0500000000000007
decision_type=2 2 2 2 2 2 2 2 2 2 2 2 2
left_child=1 2 4 -3 6 -6 11 8 9 10 -8 12 -1
right_child=-2 3 -4 -5 5 -7 7 -9 -10 -11 -12 -13 -14
leaf_value=-0.071391363757160958 0.34807592539056653 0.019881701966126753 -0.22473332033707549 0.12081427126088079 0.075517476951846713 -0.026302055366661237 -0.058483104846839343 0.027871686682248344 -0.0008532816363919166 -0.08021935121052795 0.0049073742081721626 -0.093385727560290926 -0.038658925890922541
leaf_weight=5.0000000000000018 5.9999999999999991 10.000000000000002 4.9999999999999991 6.9999999999999991 4.9999999999999991 8.9999999999999982 11.000000000000009 4.9999999999999991 5.9999999999999991 6.9999999999999991 6.9999999999999991 4.9999999999999991 7
leaf_count=5 6 10 5 7 5 9 11 5 6 7 7 5 7
internal_value=0.000170965 -0.0239971 -0.0445388 0.0624364 -0.030444 0.0105255 -0.0412885 -0.0292159 -0.0385832 -0.0475102 -0.0339795 -0.0661445 -0.0533467
internal_weight=95 89 72 17 67 14 53 36 31 25 18 17 12
internal_count=95 89 72 17 67 14 53 36 31 25 18 17 12
is_linear=0
shrinkage=0.025


Tree=119
num_leaves=14
num_cat=0
split_feature=2 0 0 3 2 0 2 0 1 4 2 1 1
split_gain=1295.69 226.579 120.737 61.605 28.9362 13.9161 12.3442 12.2605 35.3163 11.7306 13.7157 7.98034 2.76111
threshold=3.9500000000000006 17.000000000000004 15.000000000000002 4.8500000000000005 2.9500000000000006 11.000000000000002 3.6500000000000008 11.000000000000002 14.000000000000002 93.000000000000014 3.2500000000000004 7.0000000000000009 10.000000000000002
decision_type=2 2 2 2 2 2 2 2 2 2 2 2 2
left_child=1 2 3 4 -1 6 -5 8 9 10 -6 -12 -13
right_child=-2 -3 -4 5 7 -7 -8 -9 -10 -11 11 12 -14
leaf_value=0.015256295517051164 0.28219573445942098 -0.18996120959233781 0.097024338090649018 -0.029859680102931115 -0.070602369615260299 0.031996620122505273 0.020667936996771736 -0.084548075955647686 0.0086814271079169378 -0.088193271653010288 -0.062589383383209837 -0.035168187904591648 -0.01457324256728653
leaf_weight=4.9999999999999991 8.9999999999999982 4.9999999999999991 4.9999999999999991 7.0000000000000018 9.9999999999999982 8.9999999999999982 5 4.9999999999999991 6.9999999999999991 4.9999999999999991 5.0000000000000027 10 8
leaf_count=5 9 5 5 7 10 9 5 5 7 5 5 10 8
internal_value=0.000165866 -0.0299207 -0.0195827 -0.0275051 -0.0413766 0.0088138 -0.00871036 -0.0471031 -0.0425592 -0.052027 -0.0460113 -0.0347492 -0.0263443
internal_weight=95 86 81 76 55 21 12 50 45 38 33 23 18
internal_count=95 86 81 76 55 21 12 50 45 38 33 23 18
is_linear=0
shrinkage=0.025


Tree=120
num_leaves=15
num_cat=0
split_feature=0 3 2 1 0 2 2 3 2 4 0 0 3 3
split_gain=1242.23 232.065 299.455 60.8419 44.4997 52.0788 23.4801 29.3559 15.8366 15.5608 26.598 7.51292 3.55716 3.13068
threshold=17.000000000000004 5.0500000000000007 3.9500000000000006 22.000000000000004 9.0000000000000018 3.4500000000000006 3.2500000000000004 4.7500000000000009 3.7500000000000004 74.500000000000014 5.0000000000000009 7.0000000000000009 4.0500000000000007 4.1500000000000012
decision_type=2 2 2 2 2 2 2 2 2 2 2 2 2 2
left_child=1 2 4 -3 6 -6 11 8 9 10 13 12 -1 -8
right_child=-2 3 -4 -5 5 -7 7 -9 -10 -11 -12 -13 -14 -15
leaf_value=-0.067978054628922355 0.34234671720093296 0.01850729957222938 -0.22611462473869326 0.11445946421060096 0.073685889404553631 -0.025289668369552366 -0.069301543745302271 0.027603064909075888 0 -0.076919491754637817 0.0055623672436922794 -0.090401928929182196 -0.037195752519700254 -0.038307838055949943
leaf_weight=5.0000000000000018 5.9999999999999991 10.000000000000002 4.9999999999999991 6.9999999999999991 4.9999999999999991 8.9999999999999982 6.0000000000000089 4.9999999999999991 5.9999999999999991 6.9999999999999991 6.9999999999999991 4.9999999999999991 7 5
leaf_count=5 6 10 5 7 5 9 6 5 6 7 7 5 7 5
internal_value=0.00015445 -0.0236165 -0.0432407 0.0589612 -0.0289424 0.0105107 -0.0393879 -0.0276326 -0.0367014 -0.0453925 -0.0323528 -0.063598 -0.0510283 -0.0562607
internal_weight=95 89 72 17 67 14 53 36 31 25 18 17 12 11
internal_count=95 89 72 17 67 14 53 36 31 25 18 17 12 11
is_linear=0
shrinkage=0.025


Tree=121
num_leaves=14
num_cat=0
split_feature=2 0 0 3 2 0 0 1 0 4 2 1 3
split_gain=1246.43 238.715 110.134 55.63 27.0669 12.8143 12.2506 33.1306 12.0138 11.1873 12.5144 7.11845 2.32291
threshold=3.9500000000000006 17.000000000000004 15.000000000000002 4.8500000000000005 2.9500000000000006 11.000000000000002 11.000000000000002 14.000000000000002 9.0000000000000018 93.000000000000014 3.2500000000000004 7.0000000000000009 4.2500000000000009
decision_type=2 2 2 2 2 2 2 2 2 2 2 2 2
left_child=1 2 3 4 -1 8 7 9 -5 10 -6 -12 -13
right_child=-2 -3 -4 5 6 -7 -8 -9 -10 -11 11 12 -14
leaf_value=0.015250599552662329 0.27676377270532693 -0.1936243267120937 0.092612464360606217 0.012320533229245076 -0.067322209798822225 0.03043887362531994 -0.082383592312152573 0.0090901253951920415 -0.037525287671731064 -0.084963827236340606 -0.059382301167799835 -0.033240493050977281 -0.014253814601929995
leaf_weight=4.9999999999999991 8.9999999999999982 4.9999999999999991 4.9999999999999991 7.0000000000000018 9.9999999999999982 8.9999999999999982 4.9999999999999991 6.9999999999999991 5 4.9999999999999991 5.0000000000000027 10.000000000000002 7.9999999999999991
leaf_count=5 9 5 5 7 10 9 5 7 5 5 5 10 8
internal_value=0.000146698 -0.0293621 -0.0187551 -0.0263222 -0.0395039 0.00818934 -0.0450432 -0.0405204 -0.00862079 -0.0496916 -0.0438301 -0.0330699 -0.02512
internal_weight=95 86 81 76 55 21 50 45 12 38 33 23 18
internal_count=95 86 81 76 55 21 50 45 12 38 33 23 18
is_linear=0
shrinkage=0.025


Tree=122
num_leaves=13
num_cat=0
split_feature=4 4 2 0 0 3 2 2 3 4 1 1
split_gain=1213.86 173.642 131.906 27.328 46.845 26.7517 27.527 21.6891 30.3881 19.1429 11.3758 2.87298
threshold=132.50000000000003 100.00000000000001 3.9500000000000006 11.000000000000002 13.000000000000002 5.1500000000000012 2.9500000000000006 3.2500000000000004 4.7500000000000009 93.000000000000014 10.000000000000002 7.0000000000000009
decision_type=2 2 2 2 2 2 2 2 2 2 2 2
left_child=1 2 5 -3 -5 6 -1 -8 9 10 11 -9
right_child=-2 3 -4 4 -6 -7 7 8 -10 -11 -12 -13
leaf_value=0.012959347888439275 0.27311496034912447 -0.0042742698412874458 -0.16018520132187875 0.11103291256496539 0.016130938470039682 -0.092862690712970042 -0.068609422494153513 -0.057954844825256285 0.026771122980594204 -0.082921422215608442 -0.0045392761404467064 -0.032444882948024598
leaf_weight=6.9999999999999991 8.9999999999999982 9.0000000000000018 5.9999999999999991 4.9999999999999991 8.9999999999999982 4.9999999999999991 11.999999999999998 5.0000000000000027 4.9999999999999991 4.9999999999999991 8 10
leaf_count=7 9 9 6 5 9 5 12 5 5 5 8 10
internal_value=0.000134891 -0.0289857 -0.0504156 0.0295885 0.051199 -0.0383194 -0.0327152 -0.0398737 -0.0290363 -0.0391655 -0.0289666 -0.0416811
internal_weight=95 86 63 23 14 57 52 45 33 28 23 15
internal_count=95 86 63 23 14 57 52 45 33 28 23 15
is_linear=0
shrinkage=0.025


Tree=123
num_leaves=14
num_cat=0
split_feature=2 0 0 3 2 0 1 0 2 4 2 1 3
split_gain=1193.62 233.782 106.087 52.4252 25.4083 15.3948 28.6045 11.7163 12.009 10.1216 11.1707 6.39619 2.13097
threshold=3.9500000000000006 17.000000000000004 15.000000000000002 4.8500000000000005 2.9500000000000006 11.000000000000002 14.000000000000002 11.000000000000002 3.6500000000000008 93.000000000000014 3.2500000000000004 7.0000000000000009 4.2500000000000009
decision_type=2 2 2 2 2 2 2 2 2 2 2 2 2
left_child=1 2 3 4 -1 6 9 8 -5 10 -6 -12 -13
right_child=-2 -3 -4 7 5 -7 -8 -9 -10 -11 11 12 -14
leaf_value=0.014572477115031618 0.27082075943117562 -0.1913046477792355 0.091046457343663165 -0.029115241269270564 -0.063990553103241268 -0.085409999237610737 0.0072710653146108003 0.029097580909729005 0.020719513354393149 -0.080928120819421911 -0.056561698012340483 -0.031835744807533178 -0.013635670745790736
leaf_weight=4.9999999999999991 8.9999999999999982 4.9999999999999991 4.9999999999999991 7.0000000000000018 9.9999999999999982 4.9999999999999991 6.9999999999999991 8.9999999999999982 5 4.9999999999999991 5.0000000000000027 10.000000000000002 7.9999999999999991
leaf_count=5 9 5 5 7 10 5 7 9 5 5 5 10 8
internal_value=0.000126855 -0.0287497 -0.0182536 -0.0256809 -0.0384772 -0.043844 -0.0388404 0.0078212 -0.00824904 -0.0473609 -0.0417805 -0.0316016 -0.0240542
internal_weight=95 86 81 76 55 50 45 21 12 38 33 23 18
internal_count=95 86 81 76 55 50 45 21 12 38 33 23 18
is_linear=0
shrinkage=0.025


Tree=124
num_leaves=14
num_cat=0
split_feature=0 3 2 1 3 0 2 4 2 4 4 1 2
split_gain=1200.83 202.741 317.881 50.7818 39.3906 16.527 33.8126 23.9586 13.7673 9.67395 5.0809 8.36674 2.79654
threshold=17.000000000000004 5.0500000000000007 3.9500000000000006 22.000000000000004 4.3500000000000005 9.0000000000000018 3.2500000000000004 93.000000000000014 3.0500000000000003 112.50000000000001 74.500000000000014 7.0000000000000009 3.5500000000000003
decision_type=2 2 2 2 2 2 2 2 2 2 2 2 2
left_child=1 2 4 -3 8 6 -6 -8 -1 -7 11 -10 -13
right_child=-2 3 -4 -5 5 9 7 -9 10 -11 -12 12 -14
leaf_value=-0.014378405489130981 0.336557331392842 0.016959895573410332 -0.22999166502402382 0.10463870372623206 -0.070266357881407546 0.03745933386587328 0.028760321838099786 -0.031667013211948113 -0.071342450667232674 -0.0067370036616921413 -0.074011904332372869 -0.049319516351589793 -0.023847677803984505
leaf_weight=6.9999999999999991 5.9999999999999991 10.000000000000002 4.9999999999999991 6.9999999999999991 6.0000000000000027 5.9999999999999982 7.9999999999999991 7.9999999999999991 6.0000000000000062 6 6.9999999999999991 4.9999999999999991 7.9999999999999991
leaf_count=7 6 10 5 7 6 6 8 8 6 6 7 5 8
internal_value=0.000116436 -0.0232547 -0.0415957 0.0539325 -0.0268751 -0.00786573 -0.0206976 -0.00139413 -0.0462574 0.0155105 -0.0546172 -0.0467102 -0.0343381
internal_weight=95 89 72 17 67 34 22 16 33 12 26 19 13
internal_count=95 89 72 17 67 34 22 16 33 12 26 19 13
is_linear=0
shrinkage=0.025


Tree=125
num_leaves=15
num_cat=0
split_feature=2 0 0 3 2 0 1 3 4 2 0 1 1 3
split_gain=1149.84 245.477 96.3218 47.8055 23.5846 15.2792 26.9292 11.1719 9.54329 10.0703 5.93166 5.56076 1.77511 0.139274
threshold=3.9500000000000006 17.000000000000004 15.000000000000002 4.8500000000000005 2.9500000000000006 11.000000000000002 14.000000000000002 4.9500000000000011 93.000000000000014 3.2500000000000004 11.000000000000002 7.0000000000000009 10.000000000000002 4.1500000000000012
decision_type=2 2 2 2 2 2 2 2 2 2 2 2 2 2
left_child=1 2 3 4 -1 6 8 -5 9 -6 -9 -11 13 -13
right_child=-2 -3 -4 7 5 -7 -8 10 -10 11 -12 12 -14 -15
leaf_value=0.014318591130610842 0.2657929871393287 -0.1947963107010135 0.086665464335909256 0.035688035478514984 -0.06093432874071833 -0.083296452921170452 0.0077424701717164791 -0.016862638165121496 -0.077814348385884205 -0.053474244611481016 0.014745111775494391 -0.02381645091451131 -0.013510736298361201 -0.035258728924852149
leaf_weight=4.9999999999999991 8.9999999999999982 4.9999999999999991 4.9999999999999991 6.0000000000000027 9.9999999999999982 4.9999999999999991 6.9999999999999991 8.9999999999999982 4.9999999999999991 5.0000000000000027 5.9999999999999991 5 8 5
leaf_count=5 9 5 5 6 10 5 7 9 5 5 6 5 8 5
internal_value=0.000109406 -0.0282324 -0.0174808 -0.0245584 -0.0367781 -0.0419493 -0.0369793 0.00743157 -0.0452476 -0.0398366 -0.00410964 -0.0301636 -0.0231032 -0.0302393
internal_weight=95 86 81 76 55 50 45 21 38 33 15 23 18 10
internal_count=95 86 81 76 55 50 45 21 38 33 15 23 18 10
is_linear=0
shrinkage=0.025


Tree=126
num_leaves=14
num_cat=0
split_feature=0 3 2 1 3 0 2 4 2 4 4 1 2
split_gain=1163.51 185.735 324.685 45.5435 36.9835 15.1612 31.4508 22.5579 12.4113 9.12553 4.75881 7.67289 2.66218
threshold=17.000000000000004 5.0500000000000007 3.9500000000000006 22.000000000000004 4.3500000000000005 9.0000000000000018 3.2500000000000004 93.000000000000014 3.0500000000000003 112.50000000000001 74.500000000000014 7.0000000000000009 3.5500000000000003
decision_type=2 2 2 2 2 2 2 2 2 2 2 2 2
left_child=1 2 4 -3 8 6 -6 -8 -1 -7 11 -10 -13
right_child=-2 3 -4 -5 5 9 7 -9 10 -11 -12 12 -14
leaf_value=-0.014069987864543996 0.33127041298054882 0.015954847604620688 -0.23085226783385646 0.098994731163515495 -0.067269855016662189 0.036529805919816416 0.028400110219400834 -0.030236123393221598 -0.068262530448696221 -0.0063934318541038412 -0.071059223098887334 -0.047405809507920192 -0.022608437089294928
leaf_weight=6.9999999999999991 5.9999999999999991 10.000000000000002 4.9999999999999991 6.9999999999999991 6.0000000000000027 5.9999999999999982 7.9999999999999991 7.9999999999999991 6.0000000000000062 6 6.9999999999999991 4.9999999999999991 7.9999999999999991
leaf_count=7 6 10 5 7 6 6 8 8 6 6 7 5 8
internal_value=9.82772e-05 -0.0229066 -0.0404608 0.0509739 -0.0255891 -0.00717201 -0.0194652 -0.00085218 -0.0443692 0.0152127 -0.0523093 -0.0446681 -0.0328143
internal_weight=95 89 72 17 67 34 22 16 33 12 26 19 13
internal_count=95 89 72 17 67 34 22 16 33 12 26 19 13
is_linear=0
shrinkage=0.025


Tree=127
num_leaves=13
num_cat=0
split_feature=4 4 2 3 0 0 2 2 3 4 1 1
split_gain=1113.42 147.874 138.819 34.3381 21.7359 46.842 21.3454 18.03 26.7467 16.0033 8.78687 2.03621
threshold=132.50000000000003 100.00000000000001 3.9500000000000006 5.1500000000000012 11.000000000000002 13.000000000000002 2.9500000000000006 3.2500000000000004 4.7500000000000009 93.000000000000014 10.000000000000002 7.0000000000000009
decision_type=2 2 2 2 2 2 2 2 2 2 2 2
left_child=1 2 3 6 -3 -6 -1 -8 9 10 11 -9
right_child=-2 4 -4 -5 5 -7 7 8 -10 -11 -12 -13
leaf_value=0.011317279218282137 0.26153383812178743 -0.0039255355363306777 -0.16013385480450049 -0.096778636712294364 0.10531971706077457 0.010614489217329286 -0.061382830900246987 -0.050534435461920005 0.026993264698495084 -0.074824447012864628 -0.0040217125356742517 -0.02878795773448313
leaf_weight=6.9999999999999991 8.9999999999999982 9.0000000000000018 5.9999999999999991 4.9999999999999991 4.9999999999999991 8.9999999999999982 11.999999999999998 5.0000000000000027 4.9999999999999991 4.9999999999999991 8 10
leaf_count=7 9 9 6 5 5 9 12 5 5 5 8 10
internal_value=9.17106e-05 -0.0277973 -0.0475725 -0.0351836 0.0262587 0.0455328 -0.0288889 -0.0351933 -0.0253198 -0.0348309 -0.0255127 -0.0366886
internal_weight=95 86 63 57 23 14 52 45 33 28 23 15
internal_count=95 86 63 57 23 14 52 45 33 28 23 15
is_linear=0
shrinkage=0.025


Tree=128
num_leaves=14
num_cat=0
split_feature=2 0 0 3 0 1 3 4 1 0 2 2 2
split_gain=1116.18 262.972 88.8015 43.3235 23.3782 42.6457 10.3469 9.96169 8.36065 5.23742 3.84333 1.42549 0.997543
threshold=3.9500000000000006 17.000000000000004 15.000000000000002 4.8500000000000005 11.000000000000002 14.000000000000002 4.9500000000000011 93.000000000000014 10.000000000000002 11.000000000000002 3.1500000000000008 3.5500000000000003 3.5500000000000003
decision_type=2 2 2 2 2 2 2 2 2 2 2 2 2
left_child=1 2 3 4 5 7 -5 8 10 -8 -1 -12 -10
right_child=-2 -3 -4 6 -6 -7 9 -9 12 -11 11 -13 -14
leaf_value=-0.060063498343030576 0.26185093807137533 -0.20022846284107523 0.083280262702073046 0.034136148037448986 -0.086027091283064627 0.022652788714664741 -0.016144664261652078 -0.073025781718584204 -0.023681572129631918 0.013552005954026697 -0.028628927337772697 -0.045765867886236967 -0.0085041699966845585
leaf_weight=7.0000000000000027 8.9999999999999982 4.9999999999999991 4.9999999999999991 6.0000000000000027 4.9999999999999991 7.9999999999999991 8.9999999999999982 4.9999999999999991 7.9999999999999982 5.9999999999999991 10.000000000000002 6.9999999999999991 5
leaf_count=7 9 5 5 6 5 8 9 5 8 6 10 7 5
internal_value=8.4711e-05 -0.0278389 -0.0167152 -0.0235116 -0.0351444 -0.0297087 0.00694036 -0.0397721 -0.0348763 -0.00416174 -0.0436565 -0.0362081 -0.0181561
internal_weight=95 86 81 76 55 50 21 42 37 15 24 17 13
internal_count=95 86 81 76 55 50 21 42 37 15 24 17 13
is_linear=0
shrinkage=0.025


Tree=129
num_leaves=13
num_cat=0
split_feature=0 3 2 1 3 0 2 4 4 4 0 3
split_gain=1108.87 170.102 318.504 39.8158 33.4919 11.9487 28.2876 20.9381 11.0138 9.40455 7.15595 0.309638
threshold=17.000000000000004 5.0500000000000007 3.9500000000000006 22.000000000000004 4.3500000000000005 9.0000000000000018 3.2500000000000004 93.000000000000014 93.000000000000014 112.50000000000001 5.0000000000000009 3.7500000000000004
decision_type=2 2 2 2 2 2 2 2 2 2 2 2
left_child=1 2 4 -3 8 6 -6 -8 10 -7 11 -1
right_child=-2 3 -4 -5 5 9 7 -9 -10 -11 -12 -13
leaf_value=-0.053254015514483777 0.32337776092632164 0.015551105024767854 -0.22774805793395411 0.093227074574679145 -0.063174636902347647 0.034608288686121667 0.027981527867477114 -0.028513078864027815 -0.073097782558010457 -0.0089394059390836052 -0.016036866462546519 -0.039687424582062349
leaf_weight=5.0000000000000027 5.9999999999999991 10.000000000000002 4.9999999999999991 6.9999999999999991 6.0000000000000027 5.9999999999999982 7.9999999999999991 7.9999999999999991 5.9999999999999991 6 9.0000000000000018 12.999999999999998
leaf_count=5 6 10 5 7 6 6 8 8 6 6 9 13
internal_value=7.43038e-05 -0.0223836 -0.0391825 0.0483201 -0.0244559 -0.00692674 -0.0178397 -0.000191896 -0.042328 0.0129424 -0.0349571 -0.0440684
internal_weight=95 89 72 17 67 34 22 16 33 12 27 18
internal_count=95 89 72 17 67 34 22 16 33 12 27 18
is_linear=0
shrinkage=0.025


Tree=130
num_leaves=14
num_cat=0
split_feature=2 0 0 3 0 1 3 4 1 0 2 2 2
split_gain=1076.26 273.619 80.7033 39.5337 22.8301 40.5294 9.93564 9.29318 7.40352 4.77228 3.63686 1.37441 0.852427
threshold=3.9500000000000006 17.000000000000004 15.000000000000002 4.8500000000000005 11.000000000000002 14.000000000000002 4.9500000000000011 93.000000000000014 10.000000000000002 11.000000000000002 3.1500000000000008 3.5500000000000003 3.5500000000000003
decision_type=2 2 2 2 2 2 2 2 2 2 2 2 2
left_child=1 2 3 4 5 7 -5 8 10 -8 -1 -12 -10
right_child=-2 -3 -4 6 -6 -7 9 -9 12 -11 11 -13 -14
leaf_value=-0.057511473685089055 0.25711370602897982 -0.20318878204203569 0.07931912094354629 0.033254282897518507 -0.083854515735919663 0.022800789228299773 -0.015710516014824743 -0.07015624619447268 -0.022693807999717028 0.012633438874787141 -0.026987355669923847 -0.043688879389729762 -0.0085491227344251571
leaf_weight=7.0000000000000027 8.9999999999999982 4.9999999999999991 4.9999999999999991 6.0000000000000027 4.9999999999999991 7.9999999999999991 8.9999999999999982 4.9999999999999991 7.9999999999999982 5.9999999999999991 10.000000000000002 6.9999999999999991 5
leaf_count=7 9 5 5 6 5 8 9 5 8 6 10 7 5
internal_value=7.03074e-05 -0.0273492 -0.0160058 -0.0224853 -0.0335978 -0.0282332 0.00660222 -0.0380455 -0.0333188 -0.00427365 -0.0415873 -0.0343652 -0.0175602
internal_weight=95 86 81 76 55 50 21 42 37 15 24 17 13
internal_count=95 86 81 76 55 50 21 42 37 15 24 17 13
is_linear=0
shrinkage=0.025


Tree=131
num_leaves=13
num_cat=0
split_feature=0 3 2 1 3 0 2 4 4 4 0 3
split_gain=1076.53 155.734 324.464 35.5668 31.2043 11.0476 26.4596 19.77 10.61 8.86044 6.63326 0.346732
threshold=17.000000000000004 5.0500000000000007 3.9500000000000006 22.000000000000004 4.3500000000000005 9.0000000000000018 3.2500000000000004 93.000000000000014 93.000000000000014 112.50000000000001 5.0000000000000009 3.7500000000000004
decision_type=2 2 2 2 2 2 2 2 2 2 2 2
left_child=1 2 4 -3 8 6 -6 -8 10 -7 11 -1
right_child=-2 3 -4 -5 5 9 7 -9 -10 -11 -12 -13
leaf_value=-0.051178385775822823 0.3186138797911906 0.014608443689112566 -0.22845396147324493 0.088030112120840276 -0.06070415127661917 0.033767284212573884 0.027576283531308907 -0.027320584727496641 -0.070701201884977277 -0.0085000946127805812 -0.015100922528654331 -0.037766578912057661
leaf_weight=5.0000000000000027 5.9999999999999991 10.000000000000002 4.9999999999999991 6.9999999999999991 6.0000000000000027 5.9999999999999982 7.9999999999999991 7.9999999999999991 5.9999999999999991 6 9.0000000000000018 12.999999999999998
leaf_count=5 6 10 5 7 6 6 8 8 6 6 9 13
internal_value=6.02266e-05 -0.0220675 -0.0381405 0.0455856 -0.0232818 -0.00636294 -0.016859 5.22673e-05 -0.0405323 0.0127382 -0.0333116 -0.0420822
internal_weight=95 89 72 17 67 34 22 16 33 12 27 18
internal_count=95 89 72 17 67 34 22 16 33 12 27 18
is_linear=0
shrinkage=0.025


Tree=132
num_leaves=14
num_cat=0
split_feature=2 0 0 3 0 1 3 4 1 0 2 2 2
split_gain=1038.46 283.832 73.3621 36.0818 22.2769 38.5259 9.53313 8.66435 6.54277 4.35011 3.43967 1.32463 0.723654
threshold=3.9500000000000006 17.000000000000004 15.000000000000002 4.8500000000000005 11.000000000000002 14.000000000000002 4.9500000000000011 93.000000000000014 10.000000000000002 11.000000000000002 3.1500000000000008 3.5500000000000003 3.5500000000000003
decision_type=2 2 2 2 2 2 2 2 2 2 2 2 2
left_child=1 2 3 4 5 7 -5 8 10 -8 -1 -12 -10
right_child=-2 -3 -4 6 -6 -7 9 -9 12 -11 11 -13 -14
leaf_value=-0.055067586003699209 0.25254566760166836 -0.20596342410605689 0.075557177370557421 0.032390414514849246 -0.081741826236248011 0.022916934330288963 -0.015286274448685026 -0.067395932170060957 -0.021754144477408113 0.011771487212184097 -0.025428914366399533 -0.041709058571399914 -0.0085961484708465038
leaf_weight=7.0000000000000027 8.9999999999999982 4.9999999999999991 4.9999999999999991 6.0000000000000027 4.9999999999999991 7.9999999999999991 8.9999999999999982 4.9999999999999991 7.9999999999999982 5.9999999999999991 10.000000000000002 6.9999999999999991 5
leaf_count=7 9 5 5 6 5 8 9 5 8 6 10 7 5
internal_value=5.65075e-05 -0.0268769 -0.0153267 -0.021505 -0.0321213 -0.0268285 0.00628161 -0.0363971 -0.0318347 -0.00436845 -0.0396143 -0.0326122 -0.016995
internal_weight=95 86 81 76 55 50 21 42 37 15 24 17 13
internal_count=95 86 81 76 55 50 21 42 37 15 24 17 13
is_linear=0
shrinkage=0.025


Tree=133
num_leaves=13
num_cat=0
split_feature=0 3 2 1 3 0 2 4 4 4 0 3
split_gain=1045.92 142.545 329.896 31.7185 29.0883 10.2205 24.7489 18.6746 10.218 8.34829 6.15245 0.37866
threshold=17.000000000000004 5.0500000000000007 3.9500000000000006 22.000000000000004 4.3500000000000005 9.0000000000000018 3.2500000000000004 93.000000000000014 93.000000000000014 112.50000000000001 5.0000000000000009 3.7500000000000004
decision_type=2 2 2 2 2 2 2 2 2 2 2 2
left_child=1 2 4 -3 8 6 -6 -8 10 -7 11 -1
right_child=-2 3 -4 -5 5 9 7 -9 -10 -11 -12 -13
leaf_value=-0.049194371814911146 0.31403963068319907 0.013703334010114854 -0.22903308937182795 0.083046419173479089 -0.058332287303863001 0.032951256728941399 0.027169225228632372 -0.026183080600529186 -0.068394791503106386 -0.0080745229433711249 -0.014211423848958116 -0.035938660128775876
leaf_weight=5.0000000000000027 5.9999999999999991 10.000000000000002 4.9999999999999991 6.9999999999999991 6.0000000000000027 5.9999999999999982 7.9999999999999991 7.9999999999999991 5.9999999999999991 6 9.0000000000000018 12.999999999999998
leaf_count=5 6 10 5 7 6 6 8 8 6 6 9 13
internal_value=4.67434e-05 -0.021764 -0.0371406 0.0429627 -0.0221627 -0.0058286 -0.0159267 0.000421999 -0.0388176 0.0125398 -0.0317443 -0.0401896
internal_weight=95 89 72 17 67 34 22 16 33 12 27 18
internal_count=95 89 72 17 67 34 22 16 33 12 27 18
is_linear=0
shrinkage=0.025


Tree=134
num_leaves=13
num_cat=0
split_feature=4 4 2 3 2 0 0 2 3 4 3 1
split_gain=1011.98 120.374 149.867 45.6538 16.8559 16.1111 47.2514 14.9886 22.768 12.2577 6.24231 1.86103
threshold=132.50000000000003 100.00000000000001 3.9500000000000006 5.1500000000000012 2.9500000000000006 11.000000000000002 13.000000000000002 3.2500000000000004 4.7500000000000009 93.000000000000014 4.2500000000000009 7.0000000000000009
decision_type=2 2 2 2 2 2 2 2 2 2 2 2
left_child=1 2 3 4 -1 -3 -7 -6 9 10 11 -9
right_child=-2 5 -4 -5 7 6 -8 8 -10 -11 -12 -13
leaf_value=0.011358277137494752 0.24929274573274285 -0.0037325297036896569 -0.16128686820307087 -0.10238757907198025 -0.053794110554163582 0.098836410093533167 0.0039283096628344579 -0.044017856997939198 0.027259622542903972 -0.064740552695897902 -0.0034434972921522653 -0.023646002043696011
leaf_weight=6.9999999999999991 8.9999999999999982 9.0000000000000018 5.9999999999999991 4.9999999999999991 11.999999999999998 4.9999999999999991 8.9999999999999982 5.0000000000000062 4.9999999999999991 4.9999999999999991 7.9999999999999991 9.9999999999999982
leaf_count=7 9 9 6 5 12 5 9 5 5 5 8 10
internal_value=4.32944e-05 -0.0265443 -0.0443848 -0.0315366 -0.0243339 0.0222306 0.0388267 -0.0299393 -0.0209554 -0.0297418 -0.021587 -0.0310087
internal_weight=95 86 63 57 52 23 14 45 33 28 23 15
internal_count=95 86 63 57 52 23 14 45 33 28 23 15
is_linear=0
shrinkage=0.025


Tree=135
num_leaves=14
num_cat=0
split_feature=2 0 0 3 0 1 3 4 1 0 2 2 2
split_gain=1010.83 299.536 68.139 32.8965 25.9564 34.0163 8.78967 7.63759 5.55205 3.87793 3.22952 1.374 0.596984
threshold=3.9500000000000006 17.000000000000004 15.000000000000002 4.8500000000000005 11.000000000000002 14.000000000000002 4.9500000000000011 93.000000000000014 10.000000000000002 11.000000000000002 3.1500000000000008 3.5500000000000003 3.5500000000000003
decision_type=2 2 2 2 2 2 2 2 2 2 2 2 2
left_child=1 2 3 4 5 7 -5 8 10 -8 -1 -12 -10
right_child=-2 -3 -4 6 -6 -7 9 -9 12 -11 11 -13 -14
leaf_value=-0.051872168864226978 0.24914544483889711 -0.2105039787120544 0.072913269927868479 0.030974342746119328 -0.084233178886083448 0.021657171990813281 -0.014628878300604616 -0.063184291468216816 -0.020437983150889238 0.010914324470345052 -0.023071974325998151 -0.039316617976874108 -0.008367694935833031
leaf_weight=7.0000000000000027 8.9999999999999982 4.9999999999999991 4.9999999999999991 6.0000000000000027 4.9999999999999991 7.9999999999999991 8.9999999999999982 4.9999999999999991 7.9999999999999982 5.9999999999999991 10.000000000000002 6.9999999999999991 5
leaf_count=7 9 5 5 6 5 8 9 5 8 6 10 7 5
internal_value=3.74112e-05 -0.0265351 -0.0146731 -0.020628 -0.030765 -0.025079 0.00590208 -0.0340712 -0.0297849 -0.00432019 -0.0369584 -0.030213 -0.0160874
internal_weight=95 86 81 76 55 50 21 42 37 15 24 17 13
internal_count=95 86 81 76 55 50 21 42 37 15 24 17 13
is_linear=0
shrinkage=0.025


Tree=136
num_leaves=13
num_cat=0
split_feature=0 3 2 1 3 4 0 2 4 4 0 3
split_gain=999.973 130.973 322.08 27.4993 26.3542 11.7315 7.93911 22.217 17.3291 8.61017 5.50133 0.34966
threshold=17.000000000000004 5.0500000000000007 3.9500000000000006 22.000000000000004 4.3500000000000005 93.000000000000014 9.0000000000000018 3.2500000000000004 93.000000000000014 112.50000000000001 5.0000000000000009 3.7500000000000004
decision_type=2 2 2 2 2 2 2 2 2 2 2 2
left_child=1 2 4 -3 5 10 7 -6 -9 -8 11 -1
right_child=-2 3 -4 -5 6 -7 9 8 -10 -11 -12 -13
leaf_value=-0.046119612340743688 0.30704685173207719 0.013473430568096682 -0.22563947485043456 0.078077646427684361 -0.054768254968427812 -0.068631346956376113 0.031251917731377393 0.026653404156791002 -0.02473828327365038 -0.010395964685707323 -0.013011504361486952 -0.033537319799264269
leaf_weight=5.0000000000000027 5.9999999999999991 10.000000000000002 4.9999999999999991 6.9999999999999991 6.0000000000000027 5.9999999999999991 5.9999999999999982 7.9999999999999991 7.9999999999999991 6 9.0000000000000018 12.999999999999998
leaf_count=5 6 10 5 7 6 6 6 8 8 6 9 13
internal_value=2.80061e-05 -0.0212979 -0.0360369 0.0407464 -0.0212394 -0.0370929 -0.00568866 -0.0145883 0.000892222 0.0104965 -0.0295853 -0.0375695
internal_weight=95 89 72 17 67 33 34 22 16 12 27 18
internal_count=95 89 72 17 67 33 34 22 16 12 27 18
is_linear=0
shrinkage=0.025


Tree=137
num_leaves=14
num_cat=0
split_feature=2 0 0 3 0 1 3 3 1 0 3 2 2
split_gain=976.152 308.63 62.0187 30.0468 25.1932 32.3867 8.4441 7.42064 6.67303 3.54063 2.69747 1.95089 0.601533
threshold=3.9500000000000006 17.000000000000004 15.000000000000002 4.8500000000000005 11.000000000000002 14.000000000000002 4.9500000000000011 4.5500000000000007 10.000000000000002 11.000000000000002 4.2500000000000009 3.1500000000000008 3.4500000000000006
decision_type=2 2 2 2 2 2 2 2 2 2 2 2 2
left_child=1 2 3 4 5 7 -5 8 11 -8 -10 -1 -13
right_child=-2 -3 -4 6 -6 -7 9 -9 10 -11 -12 12 -14
leaf_value=-0.051193935925570783 0.24482265620127974 -0.21282471320950069 0.069508806501443574 0.03019844072480354 -0.082078916866045737 0.021770646513962169 -0.01424332144467727 -0.056258362500617901 -0.026165841856310448 0.010160044334348172 -0.0038581742110048857 -0.02154183565424039 -0.035021809887673172
leaf_weight=5.0000000000000027 8.9999999999999982 4.9999999999999991 4.9999999999999991 6.0000000000000027 4.9999999999999991 7.9999999999999991 8.9999999999999982 6.9999999999999991 5.9999999999999991 5.9999999999999991 7.9999999999999991 4.9999999999999991 10.999999999999998
leaf_count=5 9 5 5 6 5 8 9 7 6 6 8 5 11
internal_value=2.49261e-05 -0.0260875 -0.0140493 -0.019731 -0.0294191 -0.0238222 0.00562189 -0.0325982 -0.0275379 -0.00439449 -0.0137405 -0.0364609 -0.0312044
internal_weight=95 86 81 76 55 50 21 42 35 15 14 21 16
internal_count=95 86 81 76 55 50 21 42 35 15 14 21 16
is_linear=0
shrinkage=0.025


Tree=138
num_leaves=13
num_cat=0
split_feature=0 3 2 3 1 4 0 2 4 4 0 3
split_gain=973.36 119.792 326.803 24.6423 24.3982 11.4635 7.3574 20.6426 16.8056 8.11661 5.11356 0.358645
threshold=17.000000000000004 5.0500000000000007 3.9500000000000006 4.3500000000000005 22.000000000000004 93.000000000000014 9.0000000000000018 3.2500000000000004 93.000000000000014 112.50000000000001 5.0000000000000009 3.7500000000000004
decision_type=2 2 2 2 2 2 2 2 2 2 2 2
left_child=1 2 3 5 -3 10 7 -5 -9 -8 11 -1
right_child=-2 4 -4 6 -6 -7 9 8 -10 -11 -12 -13
leaf_value=-0.044220961401095722 0.30292195422995477 0.012618086530881768 -0.22610060847722568 -0.052483254671096768 0.073479090548223921 -0.066692284807082142 0.030546149707609611 0.026530218256137723 -0.024077831463115974 -0.009888794531504954 -0.012168840294622854 -0.031895272569222886
leaf_weight=5.0000000000000027 5.9999999999999991 10.000000000000002 4.9999999999999991 6.0000000000000027 6.9999999999999991 5.9999999999999991 5.9999999999999982 7.9999999999999991 7.9999999999999991 6 9.0000000000000018 12.999999999999998
leaf_count=5 6 10 5 6 7 6 6 8 8 6 9 13
internal_value=1.60062e-05 -0.021024 -0.0351191 -0.0202176 0.0383142 -0.0355471 -0.00518161 -0.0137516 0.00116417 0.0103955 -0.0281404 -0.0358361
internal_weight=95 89 72 67 17 33 34 22 16 12 27 18
internal_count=95 89 72 67 17 33 34 22 16 12 27 18
is_linear=0
shrinkage=0.025


Tree=139
num_leaves=14
num_cat=0
split_feature=2 0 0 3 0 1 3 3 1 0 3 2 2
split_gain=943.251 317.289 56.4689 27.4512 24.4383 30.8459 8.10555 7.24287 6.10102 3.23412 2.42782 1.91135 0.594464
threshold=3.9500000000000006 17.000000000000004 15.000000000000002 4.8500000000000005 11.000000000000002 14.000000000000002 4.9500000000000011 4.5500000000000007 10.000000000000002 11.000000000000002 4.2500000000000009 3.1500000000000008 3.4500000000000006
decision_type=2 2 2 2 2 2 2 2 2 2 2 2 2
left_child=1 2 3 4 5 7 -5 8 11 -8 -10 -1 -13
right_child=-2 -3 -4 6 -6 -7 9 -9 10 -11 -12 12 -14
leaf_value=-0.049228036976777551 0.24065037641836251 -0.21499050672237693 0.066278005649264046 0.029438204871069986 -0.079983863463768595 0.021859545387872839 -0.013865039594795396 -0.054537023200343052 -0.024798682908858023 0.0094543078553772763 -0.0036257001503211699 -0.020138773837914833 -0.033323731832206251
leaf_weight=5.0000000000000027 8.9999999999999982 4.9999999999999991 4.9999999999999991 6.0000000000000027 4.9999999999999991 7.9999999999999991 8.9999999999999982 6.9999999999999991 5.9999999999999991 5.9999999999999991 7.9999999999999991 4.9999999999999991 10.999999999999998
leaf_count=5 9 5 5 6 5 8 9 7 6 6 8 5 11
internal_value=1.3167e-05 -0.0256552 -0.0134517 -0.0188737 -0.0281341 -0.0226262 0.00535732 -0.0311927 -0.026205 -0.0044534 -0.0130093 -0.0347374 -0.0295801
internal_weight=95 86 81 76 55 50 21 42 35 15 14 21 16
internal_count=95 86 81 76 55 50 21 42 35 15 14 21 16
is_linear=0
shrinkage=0.025


Tree=140
num_leaves=13
num_cat=0
split_feature=0 3 2 3 1 4 0 2 4 4 0 3
split_gain=948.118 109.53 331.049 23.0606 21.5994 11.1936 6.82096 19.1749 16.2947 7.6517 4.75425 0.364942
threshold=17.000000000000004 5.0500000000000007 3.9500000000000006 4.3500000000000005 22.000000000000004 93.000000000000014 9.0000000000000018 3.2500000000000004 93.000000000000014 112.50000000000001 5.0000000000000009 3.7500000000000004
decision_type=2 2 2 2 2 2 2 2 2 2 2 2
left_child=1 2 3 5 -3 10 7 -5 -9 -8 11 -1
right_child=-2 4 -4 6 -6 -7 9 8 -10 -11 -12 -13
leaf_value=-0.042407221862902973 0.29895732520568757 0.01179621663748049 -0.22645036394779502 -0.050284749365621967 0.069068604293796743 -0.064820687424752013 0.029859365763202795 0.026390743466866453 -0.023440685432131701 -0.0093987468930502097 -0.011373834028516125 -0.030334293977780775
leaf_weight=5.0000000000000027 5.9999999999999991 10.000000000000002 4.9999999999999991 6.0000000000000027 6.9999999999999991 5.9999999999999991 5.9999999999999982 7.9999999999999991 7.9999999999999991 6 9.0000000000000018 12.999999999999998
leaf_count=5 6 10 5 6 7 6 6 8 8 6 9 13
internal_value=4.53762e-06 -0.0207607 -0.0342378 -0.0192437 0.0359805 -0.0340725 -0.00469939 -0.0129538 0.00141608 0.0102956 -0.0267673 -0.0341857
internal_weight=95 89 72 67 17 33 34 22 16 12 27 18
internal_count=95 89 72 67 17 33 34 22 16 12 27 18
is_linear=0
shrinkage=0.025


Tree=141
num_leaves=13
num_cat=0
split_feature=4 4 2 2 0 0 4 1 2 2 2 2
split_gain=923.521 99.0739 158.163 56.2427 11.9859 47.0701 10.5131 22.6689 23.4894 8.38289 2.74282 1.33476
threshold=132.50000000000003 100.00000000000001 3.9500000000000006 2.3000000000000003 11.000000000000002 13.000000000000002 93.000000000000014 10.000000000000002 3.5500000000000003 3.1500000000000008 3.1500000000000008 3.5500000000000003
decision_type=2 2 2 2 2 2 2 2 2 2 2 2
left_child=1 2 3 -1 -3 -6 7 10 9 -9 -5 -12
right_child=-2 4 -4 6 5 -7 -8 8 -10 -11 11 -13
leaf_value=-0.10694339332672265 0.2381092519215916 -0.0035153237373932535 -0.16163736658711589 -0.04541023307376435 0.093057939983331228 -0.0012598491557266403 -0.046603541403281989 0.0029424389764185861 0.036865477463821093 -0.03824128473718319 -0.018774053805014665 -0.03437216149436103
leaf_weight=4.9999999999999991 8.9999999999999982 9.0000000000000018 5.9999999999999991 7.0000000000000027 4.9999999999999991 8.9999999999999982 7.9999999999999991 6.0000000000000018 7.9999999999999991 6 10.000000000000002 6.9999999999999991
leaf_count=5 9 9 6 7 5 9 8 6 8 6 10 7
internal_value=1.93213e-06 -0.0253964 -0.0415806 -0.0284002 0.0188565 0.0331733 -0.0204432 -0.0154691 0.00413089 -0.0178363 -0.0317532 -0.0255945
internal_weight=95 86 63 57 23 14 52 44 20 12 24 17
internal_count=95 86 63 57 23 14 52 44 20 12 24 17
is_linear=0
shrinkage=0.025


Tree=142
num_leaves=14
num_cat=0
split_feature=2 0 0 3 0 1 3 0 3 1 3 2 2
split_gain=920.479 331.109 52.8863 25.5775 27.7489 27.1565 8.26498 12.1819 7.01257 5.31159 2.1306 1.77796 0.562883
threshold=3.9500000000000006 17.000000000000004 15.000000000000002 4.8500000000000005 11.000000000000002 14.000000000000002 5.1500000000000012 11.000000000000002 4.5500000000000007 10.000000000000002 4.2500000000000009 3.1500000000000008 3.4500000000000006
decision_type=2 2 2 2 2 2 2 2 2 2 2 2 2
left_child=1 2 3 4 5 8 7 -5 9 11 -11 -1 -13
right_child=-2 -3 -4 6 -6 -7 -8 -9 -10 10 -12 12 -14
leaf_value=-0.046252243564679038 0.23771030928777614 -0.21877220622622051 0.064259458390566015 -0.0048239159087340019 -0.082275328498620251 0.020500862234976238 -0.014446001627096318 0.043036168849756633 -0.052201268330423371 -0.023105588459199477 -0.003264001811422953 -0.018358093242232618 -0.031002112424799375
leaf_weight=5.0000000000000027 8.9999999999999982 4.9999999999999991 4.9999999999999991 7.0000000000000018 4.9999999999999991 7.9999999999999991 7.9999999999999991 6 6.9999999999999991 5.9999999999999991 7.9999999999999991 4.9999999999999991 10.999999999999998
leaf_count=5 9 5 5 7 5 8 8 6 7 6 8 5 11
internal_value=0 -0.025361 -0.0128972 -0.0181451 -0.0270841 -0.0212342 0.00524221 0.017488 -0.0292729 -0.0243812 -0.0120612 -0.0323442 -0.0274034
internal_weight=95 86 81 76 55 50 21 13 42 35 14 21 16
internal_count=95 86 81 76 55 50 21 13 42 35 14 21 16
is_linear=0
shrinkage=0.025


Tree=143
num_leaves=14
num_cat=0
split_feature=0 3 2 4 0 3 1 2 4 1 2 2 2
split_gain=909.188 99.6583 322.231 24.4561 26.2806 21.0269 18.9529 11.1691 16.4865 21.3741 41.1624 2.20558 4.01395
threshold=17.000000000000004 5.0500000000000007 3.9500000000000006 132.50000000000003 9.0000000000000018 5.2500000000000009 22.000000000000004 3.7500000000000004 93.000000000000014 10.000000000000002 3.5500000000000003 3.5500000000000003 3.1500000000000008
decision_type=2 2 2 2 2 2 2 2 2 2 2 2 2
left_child=1 2 3 4 7 -3 -7 8 9 11 -11 12 -1
right_child=-2 5 -4 -5 -6 6 -8 -9 -10 10 -12 -13 -14
leaf_value=-0.043141012638807257 0.29273772028184708 0.070686052691551912 -0.22283551990985873 -0.070614113028232867 0.022764474000124373 -0.017002579714021381 0.047717140328425618 0.010529802018596282 -0.060253357142210008 -0.027439648689081272 0.05423065841558479 -0.047875672506709252 -0.017657043551113093
leaf_weight=7.0000000000000062 5.9999999999999991 6.0000000000000027 4.9999999999999991 4.9999999999999991 9.9999999999999982 5.9999999999999982 5 5.9999999999999991 6.9999999999999991 9.9999999999999982 5.9999999999999991 5.9999999999999991 9.9999999999999982
leaf_count=7 6 6 5 5 10 6 5 6 7 10 6 6 10
internal_value=0 -0.0203477 -0.0332026 -0.0184112 -0.0139677 0.0337771 0.0126306 -0.0211157 -0.0252982 -0.0187169 0.00340097 -0.0340537 -0.0286027
internal_weight=95 89 72 67 62 17 11 52 46 39 16 23 17
internal_count=95 89 72 67 62 17 11 52 46 39 16 23 17
is_linear=0
shrinkage=0.025


Tree=144
num_leaves=14
num_cat=0
split_feature=2 0 0 4 3 2 2 3 3 3 0 2 1
split_gain=889.587 338.684 48.3944 23.6231 22.565 16.4998 16.4463 12.4321 11.2041 11.2579 10.6087 1.28141 0.863748
threshold=3.9500000000000006 17.000000000000004 15.000000000000002 132.50000000000003 4.7500000000000009 3.4500000000000006 2.9500000000000006 5.2500000000000009 4.5500000000000007 4.3500000000000005 11.000000000000002 3.2500000000000004 7.0000000000000009
decision_type=2 2 2 2 2 2 2 2 2 2 2 2 2
left_child=1 2 3 4 6 -6 -1 10 9 11 -7 -8 -13
right_child=-2 -3 -4 -5 5 7 8 -9 -10 -11 -12 12 -14
leaf_value=0.018917863027980694 0.23367749983849737 -0.22055020790833693 0.061466826756413163 -0.068916656420781056 -0.032510644777749571 0.011016720533370968 -0.041297861453025546 -0.0078235074463817826 -0.054842156394407517 0.0020817439193310944 0.060576648150499041 -0.036374148038717392 -0.022527606344144597
leaf_weight=4.9999999999999991 8.9999999999999982 4.9999999999999991 4.9999999999999991 4.9999999999999991 5.0000000000000027 6.0000000000000018 6.0000000000000027 6.9999999999999991 7.9999999999999991 8.9999999999999982 5 5.0000000000000027 14.999999999999998
leaf_count=5 9 5 5 5 5 6 6 7 8 9 5 5 15
internal_value=0 -0.0249417 -0.0123382 -0.0173588 -0.013527 0.00675292 -0.0232581 0.0179655 -0.0282561 -0.0218668 0.034335 -0.0301569 -0.026377
internal_weight=95 86 81 76 71 23 48 18 43 35 11 26 20
internal_count=95 86 81 76 71 23 48 18 43 35 11 26 20
is_linear=0
shrinkage=0.025


Tree=145
num_leaves=14
num_cat=0
split_feature=0 3 2 4 3 0 4 3 1 3 2 2 0
split_gain=887.14 90.7224 325.971 22.2215 24.2828 21.6085 29.3088 19.621 16.3881 2.54248 2.38299 5.1662 1.52506
threshold=17.000000000000004 5.0500000000000007 3.9500000000000006 132.50000000000003 4.6500000000000012 11.000000000000002 93.000000000000014 5.2500000000000009 22.000000000000004 4.2500000000000009 3.6500000000000008 3.4500000000000006 5.0000000000000009
decision_type=2 2 2 2 2 2 2 2 2 2 2 2 2
left_child=1 2 3 4 9 6 -6 -3 -9 12 11 -11 -1
right_child=-2 7 -4 -5 5 -7 -8 8 -10 10 -12 -13 -14
leaf_value=-0.034103744164293195 0.28915970320663148 0.067180528563837813 -0.22309614465786864 -0.067260005497015427 0.027956429599887783 0.048205126605687598 -0.043361719946066531 -0.01640194851544596 0.043769784114108624 -0.025385999034803639 -0.027164831773067517 0.0098142088605807365 -0.019833452546078222
leaf_weight=15.999999999999998 5.9999999999999991 6.0000000000000027 4.9999999999999991 4.9999999999999991 7.0000000000000018 5.9999999999999991 7 5.9999999999999982 5 5.0000000000000018 6.9999999999999991 5 9.0000000000000018
leaf_count=16 6 6 5 5 7 6 7 6 5 5 7 5 9
internal_value=0 -0.0201062 -0.0323706 -0.0174971 -0.0132605 0.00930464 -0.0077231 0.0315366 0.0111304 -0.0240286 -0.0160791 -0.00781601 -0.0292142
internal_weight=95 89 72 67 62 20 14 17 11 42 17 10 25
internal_count=95 89 72 67 62 20 14 17 11 42 17 10 25
is_linear=0
shrinkage=0.025


Tree=146
num_leaves=13
num_cat=0
split_feature=4 4 2 3 2 2 3 0 0 4 1 3
split_gain=865.505 85.741 160.801 62.5631 12.0106 11.4571 19.6137 10.885 42.1406 9.65223 3.70623 1.43191
threshold=132.50000000000003 100.00000000000001 3.9500000000000006 5.1500000000000012 2.9500000000000006 3.2500000000000004 4.7500000000000009 13.000000000000002 11.000000000000002 93.000000000000014 7.0000000000000009 4.2500000000000009
decision_type=2 2 2 2 2 2 2 2 2 2 2 2
left_child=1 2 3 4 -1 -6 9 8 -3 10 -7 -12
right_child=-2 7 -4 -5 5 6 -8 -9 -10 -11 11 -13
leaf_value=0.012064425626562701 0.2304882817294287 -0.0023364834811376483 -0.16069668896736639 -0.1091783915574734 -0.043566545282231008 -0.0346799665345595 0.029756866864716781 -0.0047287207582722545 0.08687965720891952 -0.054090908284370715 -0.016523347758487156 -0.0021335447809045639
leaf_weight=6.9999999999999991 8.9999999999999982 9.0000000000000018 5.9999999999999991 4.9999999999999991 11.999999999999998 5.0000000000000062 4.9999999999999991 8.9999999999999982 4.9999999999999991 4.9999999999999991 10.000000000000002 7.9999999999999991
leaf_count=7 9 9 6 5 12 5 5 9 5 5 10 8
internal_value=0 -0.0246065 -0.0396614 -0.0263817 -0.0180087 -0.0227471 -0.0149219 0.0165635 0.0302133 -0.023099 -0.0158995 -0.0102903
internal_weight=95 86 63 57 52 45 33 23 14 28 23 18
internal_count=95 86 63 57 52 45 33 23 14 28 23 18
is_linear=0
shrinkage=0.025


Tree=147
num_leaves=15
num_cat=0
split_feature=2 0 0 4 3 2 2 3 3 3 0 2 1 1
split_gain=868.78 351.2 45.593 26.4045 19.4414 15.8479 14.9246 11.146 10.912 10.439 8.91694 1.12602 0.744345 0.00217243
threshold=3.9500000000000006 17.000000000000004 15.000000000000002 132.50000000000003 4.7500000000000009 3.4500000000000006 2.9500000000000006 4.5500000000000007 5.2500000000000009 4.3500000000000005 11.000000000000002 3.2500000000000004 7.0000000000000009 10.000000000000002
decision_type=2 2 2 2 2 2 2 2 2 2 2 2 2 2
left_child=1 2 3 4 6 -6 -1 9 10 11 -7 -8 -13 -14
right_child=-2 -3 -4 -5 5 8 7 -9 -10 -11 -12 12 13 -15
leaf_value=0.018473494138855202 0.23091887572537304 -0.22384534466725131 0.059808667161716858 -0.071183759776445532 -0.032309160831097777 0.011050580778429582 -0.038534680489570844 -0.052934162298262845 -0.006999241643481785 0.0029443488172862845 0.056571642424051563 -0.033846314767232287 -0.018119063463224019 -0.024256477721275822
leaf_weight=4.9999999999999991 8.9999999999999982 4.9999999999999991 4.9999999999999991 4.9999999999999991 5.0000000000000027 6.0000000000000018 6.0000000000000027 7.9999999999999991 6.9999999999999991 8.9999999999999982 5 5.0000000000000027 8.9999999999999982 5.9999999999999991
leaf_count=5 9 5 5 5 5 6 6 8 7 9 5 5 9 6
internal_value=0 -0.024658 -0.0118261 -0.0166999 -0.0126563 0.00616526 -0.021689 -0.0264519 0.0171589 -0.020097 0.0324943 -0.0280821 -0.024534 -0.0209431
internal_weight=95 86 81 76 71 23 48 43 18 35 11 26 20 15
internal_count=95 86 81 76 71 23 48 43 18 35 11 26 20 15
is_linear=0
shrinkage=0.025


Tree=148
num_leaves=15
num_cat=0
split_feature=0 2 0 4 3 2 2 3 3 3 0 2 1 1
split_gain=852.435 93.2596 43.4257 25.1514 18.5116 15.0958 14.2151 10.6026 10.3952 9.94319 8.49106 1.06906 0.707393 0.000477727
threshold=17.000000000000004 3.9500000000000006 15.000000000000002 132.50000000000003 4.7500000000000009 3.4500000000000006 2.9500000000000006 4.5500000000000007 5.2500000000000009 4.3500000000000005 11.000000000000002 3.2500000000000004 7.0000000000000009 10.000000000000002
decision_type=2 2 2 2 2 2 2 2 2 2 2 2 2 2
left_child=1 2 3 4 6 -6 -1 9 10 11 -7 -8 -13 -14
right_child=-2 -3 -4 -5 5 8 7 -9 -10 -11 -12 12 13 -15
leaf_value=0.018029419117822097 0.28343596842981156 -0.10010014859641472 0.058370958175510169 -0.069472615879315594 -0.031532498044320005 0.010783228470433139 -0.037602390541184305 -0.051643085372974962 -0.0068291217088699346 0.0028723399276318761 0.055211747265779043 -0.033032700476738105 -0.01767593455379424 -0.023669627693391617
leaf_weight=4.9999999999999991 5.9999999999999991 7.9999999999999991 4.9999999999999991 4.9999999999999991 5.0000000000000027 6.0000000000000018 6.0000000000000027 7.9999999999999991 6.9999999999999991 8.9999999999999982 5 5.0000000000000027 8.9999999999999982 5.9999999999999991
leaf_count=5 6 8 5 5 5 6 6 8 7 9 5 5 9 6
internal_value=-5.23471e-06 -0.0197203 -0.0115392 -0.0162961 -0.012349 0.00601588 -0.0211633 -0.0258119 0.0167466 -0.0196122 0.0317149 -0.0274055 -0.0239426 -0.0204355
internal_weight=95 89 81 76 71 23 48 43 18 35 11 26 20 15
internal_count=95 89 81 76 71 23 48 43 18 35 11 26 20 15
is_linear=0
shrinkage=0.025


Tree=149
num_leaves=14
num_cat=0
split_feature=2 0 0 4 3 2 2 3 3 3 0 2 1
split_gain=837.193 357.869 41.3615 23.9578 17.6263 14.3794 13.5393 10.0856 9.90298 9.47107 8.08544 1.01489 0.672211
threshold=3.9500000000000006 17.000000000000004 15.000000000000002 132.50000000000003 4.7500000000000009 3.4500000000000006 2.9500000000000006 4.5500000000000007 5.2500000000000009 4.3500000000000005 11.000000000000002 3.2500000000000004 7.0000000000000009
decision_type=2 2 2 2 2 2 2 2 2 2 2 2 2
left_child=1 2 3 4 6 -6 -1 9 10 11 -7 -8 -13
right_child=-2 -3 -4 -5 5 8 7 -9 -10 -11 -12 12 -14
leaf_value=0.017596020563863789 0.22667729517687923 -0.22527781048646342 0.056967810910338396 -0.067802599760202253 -0.030774505042399331 0.010522344708442684 -0.036692654701971215 -0.050383497088602403 -0.0066631358116865163 0.0028020932622577835 0.053884542962679485 -0.032238646539357971 -0.019940312726325113
leaf_weight=4.9999999999999991 8.9999999999999982 4.9999999999999991 4.9999999999999991 4.9999999999999991 5.0000000000000027 6.0000000000000018 6.0000000000000027 7.9999999999999991 6.9999999999999991 8.9999999999999982 5 5.0000000000000027 14.999999999999998
leaf_count=5 9 5 5 5 5 6 6 8 7 9 5 5 15
internal_value=-2.75767e-06 -0.0242105 -0.0112592 -0.015902 -0.0120493 0.00587009 -0.0206503 -0.0251874 0.0163442 -0.0191392 0.0309543 -0.0267454 -0.0233655
internal_weight=95 86 81 76 71 23 48 43 18 35 11 26 20
internal_count=95 86 81 76 71 23 48 43 18 35 11 26 20
is_linear=0
shrinkage=0.025


Tree=150
num_leaves=15
num_cat=0
split_feature=0 2 0 4 3 2 2 3 3 3 0 2 1 1
split_gain=833.14 101.108 39.3935 22.8224 16.7797 13.697 12.8939 9.59629 9.43412 9.01829 7.69913 0.964784 0.640142 0.0073202
threshold=17.000000000000004 3.9500000000000006 15.000000000000002 132.50000000000003 4.7500000000000009 3.4500000000000006 2.9500000000000006 4.5500000000000007 5.2500000000000009 4.3500000000000005 11.000000000000002 3.2500000000000004 7.0000000000000009 10.000000000000002
decision_type=2 2 2 2 2 2 2 2 2 2 2 2 2 2
left_child=1 2 3 4 6 -6 -1 9 10 11 -7 -8 -13 -14
right_child=-2 -3 -4 -5 5 8 7 -9 -10 -11 -12 12 13 -15
leaf_value=0.017173038279780974 0.28020653397806233 -0.10318740097487847 0.055598393829467775 -0.066172728515588322 -0.030034733599481656 0.010267769425146039 -0.035804929800571914 -0.049154633238184753 -0.0065011856456597648 0.0027335643606341406 0.05258924147257437 -0.031463676977616067 -0.016755971867267207 -0.022614547129600281
leaf_weight=4.9999999999999991 5.9999999999999991 7.9999999999999991 4.9999999999999991 4.9999999999999991 5.0000000000000027 6.0000000000000018 6.0000000000000027 7.9999999999999991 6.9999999999999991 8.9999999999999982 5 5.0000000000000027 8.9999999999999982 5.9999999999999991
leaf_count=5 6 8 5 5 5 6 6 8 7 9 5 5 9 6
internal_value=-8.33889e-06 -0.0194992 -0.0109845 -0.0155157 -0.0117549 0.0057278 -0.020147 -0.0245749 0.0159514 -0.0186738 0.030212 -0.0260961 -0.0227959 -0.0194484
internal_weight=95 89 81 76 71 23 48 43 18 35 11 26 20 15
internal_count=95 89 81 76 71 23 48 43 18 35 11 26 20 15
is_linear=0
shrinkage=0.025


Tree=151
num_leaves=13
num_cat=0
split_feature=4 4 2 3 0 0 4 3 1 2 2 2
split_gain=821.169 74.2304 171.5 64.9062 12.1804 36.3388 10.4562 21.2403 4.36062 2.97078 2.30676 0.814174
threshold=132.50000000000003 100.00000000000001 3.9500000000000006 5.1500000000000012 13.000000000000002 11.000000000000002 93.000000000000014 4.6500000000000012 10.000000000000002 3.5500000000000003 3.1500000000000008 3.5500000000000003
decision_type=2 2 2 2 2 2 2 2 2 2 2 2
left_child=1 2 3 6 5 -3 7 8 10 -10 -1 -12
right_child=-2 4 -4 -5 -6 -7 -8 -9 9 -11 11 -13
leaf_value=-0.042055855204279576 0.22449420833069347 -0.0014479090986044506 -0.16296149146172312 -0.10859414339065553 -0.00815602134022376 0.08140195224147577 -0.041791002779472168 0.022993701987940332 -0.018374884900886842 0.0045159051014531035 -0.015649564029729886 -0.028374440802468193
leaf_weight=5.0000000000000027 8.9999999999999982 9.0000000000000018 5.9999999999999991 4.9999999999999991 8.9999999999999982 4.9999999999999991 7.9999999999999991 8.9999999999999982 7.9999999999999982 6 8.9999999999999982 6.9999999999999991
leaf_count=5 9 9 6 5 9 5 8 9 8 6 9 7
internal_value=-5.79941e-06 -0.0239808 -0.0379879 -0.0242871 0.0143291 0.0287831 -0.0157717 -0.0108449 -0.019663 -0.00855109 -0.0268614 -0.0215754
internal_weight=95 86 63 57 23 14 52 44 35 14 21 16
internal_count=95 86 63 57 23 14 52 44 35 14 21 16
is_linear=0
shrinkage=0.025


Tree=152
num_leaves=15
num_cat=0
split_feature=2 0 0 4 3 2 2 3 3 3 0 2 1 1
split_gain=816.369 369.259 38.9276 26.6424 15.549 13.0071 12.3548 9.63834 8.62559 8.52005 6.77955 0.904182 0.628056 0.0280364
threshold=3.9500000000000006 17.000000000000004 15.000000000000002 132.50000000000003 4.7500000000000009 3.4500000000000006 2.9500000000000006 4.5500000000000007 5.2500000000000009 4.3500000000000005 11.000000000000002 3.2500000000000004 7.0000000000000009 10.000000000000002
decision_type=2 2 2 2 2 2 2 2 2 2 2 2 2 2
left_child=1 2 3 4 6 -6 -1 9 10 11 -7 -8 -13 -14
right_child=-2 -3 -4 -5 5 8 7 -9 -10 -11 -12 12 13 -15
leaf_value=0.017230742525022765 0.22383103863052703 -0.22815630103533088 0.055423702099002319 -0.069978536092318008 -0.029232844266180794 0.010443852601512782 -0.034325130211730136 -0.048240144705263582 -0.0058893576264381414 0.0030751008378422781 0.050229433121589499 -0.030269971604530606 -0.015755974780768161 -0.021686885433812295
leaf_weight=4.9999999999999991 8.9999999999999982 4.9999999999999991 4.9999999999999991 4.9999999999999991 5.0000000000000027 6.0000000000000018 6.0000000000000027 7.9999999999999991 6.9999999999999991 8.9999999999999982 5 5.0000000000000027 8.9999999999999982 5.9999999999999991
leaf_count=5 9 5 5 5 5 6 6 8 7 9 5 5 9 6
internal_value=-1.19043e-05 -0.0239168 -0.0107631 -0.015268 -0.0112118 0.00561555 -0.0192907 -0.0236264 0.0155792 -0.0177228 0.0292138 -0.0249383 -0.0217484 -0.0184647
internal_weight=95 86 81 76 71 23 48 43 18 35 11 26 20 15
internal_count=95 86 81 76 71 23 48 43 18 35 11 26 20 15
is_linear=0
shrinkage=0.025


Tree=153
num_leaves=15
num_cat=0
split_feature=0 2 0 4 3 4 2 4 2 2 3 2 3 2
split_gain=802.02 104.162 37.0774 25.3778 15.2509 5.95543 27.2215 10.8953 8.72427 1.33094 1.59135 2.24538 5.91027 4.85614
threshold=17.000000000000004 3.9500000000000006 15.000000000000002 132.50000000000003 4.4500000000000011 93.000000000000014 3.2500000000000004 100.00000000000001 3.6500000000000008 3.1500000000000008 3.7500000000000004 3.6500000000000008 4.2500000000000009 3.5500000000000003
decision_type=2 2 2 2 2 2 2 2 2 2 2 2 2 2
left_child=1 2 3 4 9 6 -6 -7 -9 -1 -11 12 13 -12
right_child=-2 -3 -4 -5 5 7 -8 8 -10 10 11 -13 -14 -15
leaf_value=-0.032644162772016393 0.27491272293752239 -0.10408153315869775 0.054091402028615655 -0.068296360625670502 -0.01259674232291139 -0.039026477932929959 0.058969564363360406 0.020813254176116576 -0.015637765243286042 -0.032711126254155065 -0.005355218156344356 -0.031412440194533424 0.010587770549150615 -0.035024976813130902
leaf_weight=6.9999999999999991 5.9999999999999991 7.9999999999999991 4.9999999999999991 4.9999999999999991 8.9999999999999982 5.0000000000000027 4.9999999999999991 7.9999999999999991 7.9999999999999991 5.0000000000000027 7.0000000000000053 4.9999999999999991 4.9999999999999991 7
leaf_count=7 6 8 5 5 9 5 5 8 8 5 7 5 5 7
internal_value=-1.87391e-05 -0.0191423 -0.0105021 -0.0148989 -0.0109397 0.000788438 0.0133452 -0.00757069 0.00254253 -0.022318 -0.0195761 -0.0165403 -0.0122751 -0.0205625
internal_weight=95 89 81 76 71 35 14 21 16 36 29 24 19 14
internal_count=95 89 81 76 71 35 14 21 16 36 29 24 19 14
is_linear=0
shrinkage=0.025


Tree=154
num_leaves=15
num_cat=0
split_feature=2 0 0 4 3 4 2 4 2 2 3 2 3 2
split_gain=787.791 374.856 35.3169 24.1716 14.5247 5.67373 25.9258 10.3771 8.30413 1.26375 1.51437 2.13821 5.62945 4.621
threshold=3.9500000000000006 17.000000000000004 15.000000000000002 132.50000000000003 4.4500000000000011 93.000000000000014 3.2500000000000004 100.00000000000001 3.6500000000000008 3.1500000000000008 3.7500000000000004 3.6500000000000008 4.2500000000000009 3.5500000000000003
decision_type=2 2 2 2 2 2 2 2 2 2 2 2 2 2
left_child=1 2 3 4 9 6 -6 -7 -9 -1 -11 12 13 -12
right_child=-2 -3 -4 -5 5 7 -8 8 -10 10 11 -13 -14 -15
leaf_value=-0.031850729696452612 0.21987249073774923 -0.22928025722503664 0.052791126989401298 -0.066654620033044079 -0.012288671181253766 -0.038088345527648899 0.057552027465918892 0.020305612138131774 -0.015256355484811274 -0.031924802867265831 -0.0052250564357058825 -0.030657333594102127 0.010333256996594944 -0.034173674301968673
leaf_weight=6.9999999999999991 8.9999999999999982 4.9999999999999991 4.9999999999999991 4.9999999999999991 8.9999999999999982 5.0000000000000027 4.9999999999999991 7.9999999999999991 7.9999999999999991 5.0000000000000027 7.0000000000000053 4.9999999999999991 4.9999999999999991 7
leaf_count=7 9 5 5 5 9 5 5 8 8 5 7 5 5 7
internal_value=-1.73487e-05 -0.0235003 -0.010249 -0.0145405 -0.010676 0.000768729 0.0130257 -0.00738941 0.00247864 -0.0217801 -0.019105 -0.0161407 -0.0119759 -0.0200648
internal_weight=95 86 81 76 71 35 14 21 16 36 29 24 19 14
internal_count=95 86 81 76 71 35 14 21 16 36 29 24 19 14
is_linear=0
shrinkage=0.025


Tree=155
num_leaves=13
num_cat=0
split_feature=4 4 2 2 0 3 4 3 1 2 2 2
split_gain=788.077 68.6646 186.347 65.3675 12.0043 33.438 9.3851 19.2945 3.82432 2.69506 2.17375 0.806495
threshold=132.50000000000003 100.00000000000001 3.9500000000000006 2.3000000000000003 13.000000000000002 5.2500000000000009 93.000000000000014 4.6500000000000012 10.000000000000002 3.5500000000000003 3.1500000000000008 3.5500000000000003
decision_type=2 2 2 2 2 2 2 2 2 2 2 2
left_child=1 2 3 -1 5 -3 7 8 10 -10 -5 -12
right_child=-2 4 -4 6 -6 -7 -8 -9 9 -11 11 -13
leaf_value=-0.10730586693837092 0.21990454702273665 -0.0013069692189278809 -0.16723553672913583 -0.039344954863190618 -0.0089756487585280261 0.078163268818305098 -0.038819962013058547 0.022730624507707749 -0.016885247572166164 0.0049086325651695644 -0.013776495012090259 -0.026244856665531797
leaf_weight=4.9999999999999991 8.9999999999999982 9.0000000000000018 5.9999999999999991 5.0000000000000027 8.9999999999999982 4.9999999999999991 7.9999999999999991 8.9999999999999982 7.9999999999999982 6 8.9999999999999982 6.9999999999999991
leaf_count=5 9 9 6 5 9 5 8 9 8 6 9 7
internal_value=-2.52944e-05 -0.0235125 -0.0369838 -0.0227145 0.013334 0.0276884 -0.0141768 -0.00951254 -0.0179212 -0.0075194 -0.0246604 -0.0195652
internal_weight=95 86 63 57 23 14 52 44 35 14 21 16
internal_count=95 86 63 57 23 14 52 44 35 14 21 16
is_linear=0
shrinkage=0.025


Tree=156
num_leaves=15
num_cat=0
split_feature=0 2 0 4 3 4 2 4 2 2 3 2 3 2
split_gain=772.783 106.668 34.9876 27.9337 13.2048 5.48888 24.0961 9.22455 7.94581 1.11801 1.46079 2.0371 5.30844 4.35481
threshold=17.000000000000004 3.9500000000000006 15.000000000000002 132.50000000000003 4.4500000000000011 93.000000000000014 3.2500000000000004 100.00000000000001 3.6500000000000008 3.1500000000000008 3.7500000000000004 3.6500000000000008 4.2500000000000009 3.5500000000000003
decision_type=2 2 2 2 2 2 2 2 2 2 2 2 2 2
left_child=1 2 3 4 9 6 -6 -7 -9 -1 -11 12 13 -12
right_child=-2 -3 -4 -5 5 7 -8 8 -10 10 11 -13 -14 -15
leaf_value=-0.030276247548560301 0.26984253266165331 -0.10475526335762771 0.052683353266463832 -0.070338510893858383 -0.011622021250102832 -0.036239585968164276 0.055707835864562252 0.01945117592084699 -0.015336946597913417 -0.030811267604048415 -0.0047416246340920487 -0.02949870526790619 0.010371196929078837 -0.032834185328748482
leaf_weight=6.9999999999999991 5.9999999999999991 7.9999999999999991 4.9999999999999991 4.9999999999999991 8.9999999999999982 5.0000000000000027 4.9999999999999991 7.9999999999999991 7.9999999999999991 5.0000000000000027 7.0000000000000053 4.9999999999999991 4.9999999999999991 7
leaf_count=7 6 8 5 5 9 5 5 8 8 5 7 5 5 7
internal_value=-3.09217e-05 -0.0188029 -0.0100613 -0.014333 -0.0101849 0.000725823 0.0127823 -0.0072976 0.00200535 -0.0207726 -0.0182441 -0.0153413 -0.0112821 -0.0191406
internal_weight=95 89 81 76 71 35 14 21 16 36 29 24 19 14
internal_count=95 89 81 76 71 35 14 21 16 36 29 24 19 14
is_linear=0
shrinkage=0.025


Tree=157
num_leaves=16
num_cat=0
split_feature=2 0 0 4 3 1 3 4 2 2 3 2 3 2 3
split_gain=769.964 384.921 33.3264 26.6061 12.5763 5.28091 14.725 16.6122 14.6607 1.06132 1.39008 1.93982 5.05631 4.14388 1.01829
threshold=3.9500000000000006 17.000000000000004 15.000000000000002 132.50000000000003 4.4500000000000011 14.000000000000002 4.9500000000000011 112.50000000000001 3.4500000000000006 3.1500000000000008 3.7500000000000004 3.6500000000000008 4.2500000000000009 3.5500000000000003 4.8500000000000005
decision_type=2 2 2 2 2 2 2 2 2 2 2 2 2 2 2
left_child=1 2 3 4 9 8 14 -8 -6 -1 -11 12 13 -12 -7
right_child=-2 -3 -4 -5 5 6 7 -9 -10 10 11 -13 -14 -15 -16
leaf_value=-0.029540367000218892 0.21735833377941796 -0.23176757739140441 0.051416924137335555 -0.068647684156894678 -0.016192274780657431 0.025033473739257212 -0.057866370792572334 -0.0015531333244365193 0.040750411447257759 -0.030070612407647624 -0.0046263766733722509 -0.028789603137052977 0.010121889039874078 -0.032036132531033615 0.0082163017529707678
leaf_weight=6.9999999999999991 8.9999999999999982 4.9999999999999991 4.9999999999999991 4.9999999999999991 4.9999999999999982 5.0000000000000018 4.9999999999999973 9 6 5.0000000000000027 7.0000000000000053 4.9999999999999991 4.9999999999999991 7 5
leaf_count=7 9 5 5 5 5 5 5 9 6 5 7 5 5 7 5
internal_value=-2.92762e-05 -0.0232452 -0.00981887 -0.0139883 -0.0099395 0.000707602 -0.00582831 -0.0222848 0.0149288 -0.0202721 -0.0178051 -0.0149708 -0.0110071 -0.0186775 0.0170734
internal_weight=95 86 81 76 71 35 24 14 11 36 29 24 19 14 10
internal_count=95 86 81 76 71 35 24 14 11 36 29 24 19 14 10
is_linear=0
shrinkage=0.025


Tree=158
num_leaves=14
num_cat=0
split_feature=0 2 0 4 3 2 2 3 3 3 0 2 1
split_gain=757.252 114.073 31.7447 25.3411 12.3683 12.4335 11.4552 11.0781 9.39873 7.43818 5.60174 0.771654 0.629256
threshold=17.000000000000004 3.9500000000000006 15.000000000000002 132.50000000000003 4.7500000000000009 2.9500000000000006 3.4500000000000006 4.5500000000000007 5.2500000000000009 4.3500000000000005 11.000000000000002 3.2500000000000004 7.0000000000000009
decision_type=2 2 2 2 2 2 2 2 2 2 2 2 2
left_child=1 2 3 4 5 -1 -6 9 10 11 -8 -7 -13
right_child=-2 -3 -4 -5 6 7 8 -9 -10 -11 -12 12 -14
leaf_value=0.019693705059874517 0.26711039033628281 -0.10750168038577571 0.05018094316698038 -0.066997495752114514 -0.027396897090455643 -0.030328804374702496 0.011701014541810556 -0.047574662228069477 -0.007733349212341839 0.0044255014832900921 0.048047151187291498 -0.027107941760466631 -0.015637096331307762
leaf_weight=4.9999999999999991 5.9999999999999991 7.9999999999999991 4.9999999999999991 4.9999999999999991 5.0000000000000027 6.0000000000000027 6.0000000000000018 7.9999999999999991 6.9999999999999991 8.9999999999999982 5 5.0000000000000027 14.999999999999998
leaf_count=5 6 8 5 5 5 6 6 8 7 9 5 5 15
internal_value=-3.73113e-05 -0.0186198 -0.00958279 -0.0136524 -0.00970051 -0.0169071 0.00530162 -0.0212635 0.0146545 -0.0149778 0.0288966 -0.0217246 -0.0188067
internal_weight=95 89 81 76 71 48 23 43 18 35 11 26 20
internal_count=95 89 81 76 71 48 23 43 18 35 11 26 20
is_linear=0
shrinkage=0.025


Tree=159
num_leaves=15
num_cat=0
split_feature=2 0 2 4 3 3 1 3 1 2 3 0 2 2
split_gain=743.972 389.522 30.2389 23.7932 11.4284 11.5018 10.5095 9.47694 3.4129 2.06376 1.9857 2.72439 1.29125 0.790657
threshold=3.9500000000000006 17.000000000000004 2.8500000000000001 132.50000000000003 4.7500000000000009 4.9500000000000011 14.000000000000002 4.5500000000000007 10.000000000000002 3.1500000000000008 5.0500000000000007 13.000000000000002 3.4500000000000006 3.5500000000000003
decision_type=2 2 2 2 2 2 2 2 2 2 2 2 2 2
left_child=1 2 -1 4 6 -6 7 8 9 -4 -7 -12 -10 -11
right_child=-2 -3 3 -5 5 10 -8 -9 12 13 11 -13 -14 -15
leaf_value=0.043717198121932248 0.2136536608571592 -0.23261716881623637 -0.036880278802261877 -0.065386978823405037 0.033968563701566888 -0.018780772846478683 0.011284281230635115 -0.050200726163964121 0.003457053191959858 -0.012063569720308096 0.013313407565538702 -0.011223969488374648 -0.012053254700225335 -0.024248863508303964
leaf_weight=5.9999999999999991 8.9999999999999982 4.9999999999999991 5.0000000000000027 4.9999999999999991 6.0000000000000027 4.9999999999999991 6.9999999999999991 5.9999999999999991 4.9999999999999991 8.9999999999999982 4.9999999999999982 6 8.9999999999999982 6.9999999999999991
leaf_count=6 9 5 5 5 6 5 7 6 5 9 5 6 9 7
internal_value=-3.29845e-05 -0.0228539 -0.00934907 -0.013716 -0.00983161 0.00501514 -0.0166549 -0.0214869 -0.0162718 -0.0226346 -0.00605055 0 -0.00645516 -0.0177053
internal_weight=95 86 81 75 70 22 48 41 35 21 16 11 14 16
internal_count=95 86 81 75 70 22 48 41 35 21 16 11 14 16
is_linear=0
shrinkage=0.025


Tree=160
num_leaves=15
num_cat=0
split_feature=4 2 0 2 2 3 2 3 2 0 3 2 1 3
split_gain=750.588 62.5159 73.868 328.428 62.2511 41.8194 11.0407 10.8672 9.53895 6.37186 2.11608 1.51788 0.62476 3.52534
threshold=132.50000000000003 2.3000000000000003 7.0000000000000009 3.9500000000000006 3.7500000000000004 4.9500000000000011 3.4500000000000006 4.4500000000000011 3.5500000000000003 9.0000000000000018 4.3500000000000005 3.0500000000000003 7.0000000000000009 3.9500000000000006
decision_type=2 2 2 2 2 2 2 2 2 2 2 2 2 2
left_child=1 -1 3 7 5 9 -7 10 -8 -4 11 -3 -13 -14
right_child=-2 2 4 -5 -6 6 8 -9 -10 -11 -12 12 13 -15
leaf_value=-0.10710328966379166 0.21459437990966054 -0.0047062635278472507 0.01268336301849734 -0.22546863876856291 0.089682853909639204 -0.055210624779424324 0.0084697859421853112 0.011400118620112178 -0.035394401607974878 0.049753395588167243 -0.03598447751540404 -0.027338854389058205 -0.031999080993175028 -0.0075601978957945239
leaf_weight=4.9999999999999991 8.9999999999999982 5.0000000000000027 6.0000000000000018 4.9999999999999991 4.9999999999999991 6.0000000000000027 5.9999999999999982 7.9999999999999991 6 6 4.9999999999999991 7.0000000000000027 5.9999999999999991 9.9999999999999982
leaf_count=5 9 5 6 5 5 6 6 8 6 6 5 7 6 10
internal_value=-4.03827e-05 -0.0229624 -0.0175022 -0.0382661 0.0098145 -0.00396128 -0.0279801 -0.0144225 -0.0135805 0.0318326 -0.0207512 -0.0177507 -0.0204676 -0.0170838
internal_weight=95 86 81 46 35 30 18 41 12 12 33 28 23 16
internal_count=95 86 81 46 35 30 18 41 12 12 33 28 23 16
is_linear=0
shrinkage=0.025


Tree=161
num_leaves=15
num_cat=0
split_feature=0 2 4 0 3 2 3 2 4 3 3 2 1 1
split_gain=732.835 115.738 31.703 27.059 11.2304 11.4939 10.9453 10.3628 9.01506 6.84909 6.39653 0.743107 0.564547 0.0310238
threshold=17.000000000000004 3.9500000000000006 132.50000000000003 15.000000000000002 4.7500000000000009 2.9500000000000006 4.5500000000000007 3.4500000000000006 112.50000000000001 4.3500000000000005 5.2500000000000009 3.2500000000000004 7.0000000000000009 10.000000000000002
decision_type=2 2 2 2 2 2 2 2 2 2 2 2 2 2
left_child=1 2 3 4 5 -1 9 -6 -9 11 -10 -7 -13 -14
right_child=-2 -3 -4 -5 7 6 -8 8 10 -11 -12 12 13 -15
leaf_value=0.019182802593478793 0.2627576104575588 -0.10785482482212348 -0.068973698638952682 0.049929493808975586 -0.025935971056326057 -0.028813408615608355 -0.046328014253479682 0.03854447632066664 0.019310259338348141 0.0046593258076387907 -0.016587778973963952 -0.025450552082978747 -0.012249862843031147 -0.017374106520606624
leaf_weight=4.9999999999999991 5.9999999999999991 7.9999999999999991 4.9999999999999991 4.9999999999999991 5.0000000000000027 6.0000000000000027 7.9999999999999991 6.0000000000000009 6 8.9999999999999982 6 5.0000000000000027 8.9999999999999982 5.9999999999999991
leaf_count=5 6 8 5 5 5 6 8 6 6 9 6 5 9 6
internal_value=-4.7602e-05 -0.0183282 -0.00922684 -0.005109 -0.00913187 -0.0159995 -0.0201893 0.00516112 0.014058 -0.01395 0.0012811 -0.0204257 -0.0175872 -0.0145834
internal_weight=95 89 81 76 71 48 43 23 18 35 12 26 20 15
internal_count=95 89 81 76 71 48 43 23 18 35 12 26 20 15
is_linear=0
shrinkage=0.025


Tree=162
num_leaves=15
num_cat=0
split_feature=2 0 2 4 3 3 1 3 1 2 3 0 2 2
split_gain=728.918 396.848 30.4462 25.9297 10.1644 10.1071 8.97701 8.96437 3.10287 2.10731 1.89189 2.74419 1.18904 0.844796
threshold=3.9500000000000006 17.000000000000004 2.8500000000000001 132.50000000000003 4.7500000000000009 4.9500000000000011 14.000000000000002 4.5500000000000007 10.000000000000002 3.1500000000000008 5.0500000000000007 13.000000000000002 3.4500000000000006 3.5500000000000003
decision_type=2 2 2 2 2 2 2 2 2 2 2 2 2 2
left_child=1 2 -1 4 6 -6 7 8 9 -4 -7 -12 -10 -11
right_child=-2 -3 3 -5 5 10 -8 -9 12 13 11 -13 -14 -15
leaf_value=0.044242735159012579 0.21146883316662005 -0.23435932088356753 -0.035551213501737643 -0.067315675662114063 0.031807305339363295 -0.018132262848890746 0.010047312246428595 -0.048151512167626809 0.0036872835113452027 -0.010582584768290755 0.013556116532820926 -0.01106839764022058 -0.011190598620020828 -0.022978618161545863
leaf_weight=5.9999999999999991 8.9999999999999982 4.9999999999999991 5.0000000000000027 4.9999999999999991 6.0000000000000027 4.9999999999999991 6.9999999999999991 5.9999999999999991 4.9999999999999991 8.9999999999999982 4.9999999999999982 6 8.9999999999999982 6.9999999999999991
leaf_count=6 9 5 5 5 6 5 7 6 5 9 5 6 9 7
internal_value=-4.47163e-05 -0.0226336 -0.00900372 -0.0133864 -0.00933569 0.00466375 -0.0157708 -0.0202364 -0.0151691 -0.0212345 -0.00570494 5.51554e-05 -0.00581195 -0.0162997
internal_weight=95 86 81 75 70 22 48 41 35 21 16 11 14 16
internal_count=95 86 81 75 70 22 48 41 35 21 16 11 14 16
is_linear=0
shrinkage=0.025


Tree=163
num_leaves=16
num_cat=0
split_feature=0 2 0 4 3 4 2 2 2 3 2 3 2 0 3
split_gain=719.067 122.82 29.0315 25.0392 10.2361 6.82521 22.2695 9.37776 1.12842 1.18395 1.96632 4.53771 3.9065 0.626391 0.106834
threshold=17.000000000000004 3.9500000000000006 15.000000000000002 132.50000000000003 4.4500000000000011 93.000000000000014 3.2500000000000004 3.6500000000000008 3.1500000000000008 3.7500000000000004 3.6500000000000008 4.2500000000000009 3.5500000000000003 11.000000000000002 4.7500000000000009
decision_type=2 2 2 2 2 2 2 2 2 2 2 2 2 2 2
left_child=1 2 3 4 8 6 -6 13 -1 -10 11 12 -11 -7 -9
right_child=-2 -3 -4 -5 5 7 -8 14 9 10 -12 -13 -14 -15 -16
leaf_value=-0.027473701800530156 0.26027286105578945 -0.11038199561398206 0.04836198191803235 -0.065697509852739477 -0.0092024422858072372 0.00080876602576329117 0.055535320160337368 -0.029768017392892112 -0.026886227956184956 -0.0027387981691087259 -0.026825273036956788 0.010948461179549878 -0.029270762205123896 0.01302279512728414 -0.019851390616251869
leaf_weight=6.9999999999999991 5.9999999999999991 7.9999999999999991 4.9999999999999991 4.9999999999999991 8.9999999999999982 5.0000000000000018 4.9999999999999991 4.9999999999999982 5.0000000000000027 7.0000000000000053 4.9999999999999991 4.9999999999999991 7 6 5
leaf_count=7 6 8 5 5 9 5 5 5 5 7 5 5 7 6 5
internal_value=-5.18433e-05 -0.0181601 -0.00878688 -0.0126801 -0.00875492 0.000846511 0.0142867 -0.00810491 -0.0180773 -0.0155937 -0.0129867 -0.00903838 -0.0163182 0.00769615 -0.0254187
internal_weight=95 89 81 76 71 35 14 21 36 29 24 19 14 11 10
internal_count=95 89 81 76 71 35 14 21 36 29 24 19 14 11 10
is_linear=0
shrinkage=0.025


Tree=164
num_leaves=13
num_cat=0
split_feature=4 2 2 2 3 3 2 0 2 4 4 0
split_gain=708.932 63.8851 67.7312 10.6247 15.3304 12.3395 10.5797 8.27022 1.64996 1.42815 1.31058 3.43563
threshold=132.50000000000003 2.3000000000000003 3.9500000000000006 3.4500000000000006 4.9500000000000011 4.6500000000000012 2.9500000000000006 11.000000000000002 3.2500000000000004 112.50000000000001 93.000000000000014 5.0000000000000009
decision_type=2 2 2 2 2 2 2 2 2 2 2 2
left_child=1 -1 3 4 6 10 -3 9 -8 -7 11 -5
right_child=-2 2 -4 5 -6 7 8 -9 -10 -11 -12 -13
leaf_value=-0.10737459768469518 0.20854413042897765 0.019387939106672979 -0.090046033097638034 -0.019097497763245222 -0.056728198932063191 0.0059326688862509176 -0.027022673558842927 0.029312274410672814 -0.0088208020664751526 -0.010404296267417169 -0.023667970092760195 0.0030154366874032552
leaf_weight=4.9999999999999991 8.9999999999999982 5.0000000000000062 6.9999999999999991 11.000000000000005 5.9999999999999991 7.0000000000000018 10.999999999999998 8.9999999999999982 4.9999999999999991 6 6.9999999999999991 6.9999999999999991
leaf_count=5 9 5 7 11 6 7 11 9 5 6 7 7
internal_value=-4.93878e-05 -0.0223267 -0.0168098 -0.00964122 -0.0220834 -0.00240379 -0.0116842 0.0111658 -0.0215909 -0.00155617 -0.0143885 -0.0104907
internal_weight=95 86 81 74 27 47 21 22 16 13 25 18
internal_count=95 86 81 74 27 47 21 22 16 13 25 18
is_linear=0
shrinkage=0.025


Tree=165
num_leaves=13
num_cat=0
split_feature=2 0 4 2 2 3 0 3 1 4 4 0
split_gain=709.124 403.883 32.5635 26.1785 9.26633 11.7432 7.87092 5.25897 2.38606 1.35992 1.2473 3.27022
threshold=3.9500000000000006 17.000000000000004 132.50000000000003 2.8500000000000001 3.4500000000000006 4.6500000000000012 11.000000000000002 4.5500000000000007 10.000000000000002 112.50000000000001 93.000000000000014 5.0000000000000009
decision_type=2 2 2 2 2 2 2 2 2 2 2 2
left_child=1 2 3 -1 7 10 9 8 -5 -7 11 -6
right_child=-2 -3 -4 4 5 6 -8 -9 -10 -11 -12 -13
leaf_value=0.044813173720913549 0.20856883590636049 -0.23592579055290958 -0.069131319683331707 -0.020750940441354802 -0.018628586842013246 0.0057884738677077803 0.028595397848150007 -0.03963454835013383 -0.00063960397195431508 -0.010152578161608788 -0.023092706832620834 0.0029421449121501708
leaf_weight=5.9999999999999991 8.9999999999999982 4.9999999999999991 4.9999999999999991 10.000000000000005 11.000000000000005 7.0000000000000018 8.9999999999999982 6.9999999999999991 5.9999999999999991 6 6.9999999999999991 6.9999999999999991
leaf_count=6 9 5 5 10 11 7 9 7 6 6 7 7
internal_value=-5.28511e-05 -0.0223331 -0.00858437 -0.00441362 -0.00876652 -0.00234461 0.0108923 -0.0217023 -0.0133874 -0.00151659 -0.0140367 -0.0102311
internal_weight=95 86 81 76 70 47 22 23 16 13 25 18
internal_count=95 86 81 76 70 47 22 23 16 13 25 18
is_linear=0
shrinkage=0.025


Tree=166
num_leaves=13
num_cat=0
split_feature=0 2 4 2 2 3 0 3 1 3 4 0
split_gain=697.104 126.53 31.0177 24.9268 8.82196 11.1757 7.49089 5.0047 2.2692 1.34727 1.18705 3.1128
threshold=17.000000000000004 3.9500000000000006 132.50000000000003 2.8500000000000001 3.4500000000000006 4.6500000000000012 11.000000000000002 4.5500000000000007 10.000000000000002 4.9500000000000011 93.000000000000014 5.0000000000000009
decision_type=2 2 2 2 2 2 2 2 2 2 2 2
left_child=1 2 3 -1 7 10 9 8 -5 -7 11 -6
right_child=-2 -3 -4 4 5 6 -8 -9 -10 -11 -12 -13
leaf_value=0.043728984459753956 0.25625921526262835 -0.11149088987490029 -0.067469515250279347 -0.020242338387898212 -0.018171188348372055 -0.010074808280314165 0.027896053311617482 -0.038671209194904403 -0.00062413061818768906 0.0057923220925860932 -0.022531425828735033 0.0028706342395808959
leaf_weight=5.9999999999999991 5.9999999999999991 7.9999999999999991 4.9999999999999991 10.000000000000005 11.000000000000005 6.0000000000000018 8.9999999999999982 6.9999999999999991 5.9999999999999991 7 6.9999999999999991 6.9999999999999991
leaf_count=6 6 8 5 10 11 6 9 7 6 7 7 7
internal_value=-5.8871e-05 -0.0178886 -0.00837668 -0.00430571 -0.00855363 -0.00228687 0.0106254 -0.0211756 -0.0130612 -0.00147796 -0.0136935 -0.00997795
internal_weight=95 89 81 76 70 47 22 23 16 13 25 18
internal_count=95 89 81 76 70 47 22 23 16 13 25 18
is_linear=0
shrinkage=0.025


Tree=167
num_leaves=16
num_cat=0
split_feature=2 0 4 0 3 4 2 2 2 2 3 2 1 0 3
split_gain=686.395 407.093 29.5453 24.5919 8.78301 7.10024 20.4398 8.03226 1.14828 1.0936 5.47815 1.7863 1.12889 0.404022 0.0358669
threshold=3.9500000000000006 17.000000000000004 132.50000000000003 15.000000000000002 4.4500000000000011 93.000000000000014 3.2500000000000004 3.6500000000000008 3.1500000000000008 3.6500000000000008 4.2500000000000009 3.3500000000000001 10.000000000000002 11.000000000000002 4.7500000000000009
decision_type=2 2 2 2 2 2 2 2 2 2 2 2 2 2 2
left_child=1 2 3 4 8 6 -6 13 -1 10 11 -10 -13 -7 -9
right_child=-2 -3 -4 -5 5 7 -8 14 9 -11 -12 12 -14 -15 -16
leaf_value=-0.026073265409407517 0.20519532185533773 -0.23641457901551177 -0.065847649941077599 0.048266400282199563 -0.0079523092054802451 0.00075497741882617631 0.054072134831669519 -0.028068866638036878 -0.0044526485582956805 -0.025019133090972902 0.011095421446057468 -0.027790795947910975 -0.011707147783957997 0.010631830269290555 -0.019350208685948295
leaf_weight=6.9999999999999991 8.9999999999999982 4.9999999999999991 4.9999999999999991 4.9999999999999991 8.9999999999999982 5.0000000000000018 4.9999999999999991 4.9999999999999982 5.0000000000000098 4.9999999999999991 4.9999999999999991 8.9999999999999982 4.9999999999999991 6 5
leaf_count=7 9 5 5 5 9 5 5 5 5 5 5 9 5 6 5
internal_value=-5.55728e-05 -0.0219761 -0.00817404 -0.00420044 -0.00803805 0.000853065 0.0145608 -0.00827764 -0.0166737 -0.014199 -0.011705 -0.0178232 -0.0223805 0.00634761 -0.024297
internal_weight=95 86 81 76 71 35 14 21 36 29 24 19 14 11 10
internal_count=95 86 81 76 71 35 14 21 36 29 24 19 14 11 10
is_linear=0
shrinkage=0.025


Tree=168
num_leaves=16
num_cat=0
split_feature=0 2 4 0 3 1 3 4 2 2 3 2 3 2 3
split_gain=684.877 133.219 28.1426 23.4232 8.36451 6.83441 13.374 14.9387 12.3103 1.09107 1.07651 1.74966 3.89628 3.75062 0.903992
threshold=17.000000000000004 3.9500000000000006 132.50000000000003 15.000000000000002 4.4500000000000011 14.000000000000002 4.9500000000000011 112.50000000000001 3.4500000000000006 3.1500000000000008 3.7500000000000004 3.6500000000000008 4.2500000000000009 3.5500000000000003 4.8500000000000005
decision_type=2 2 2 2 2 2 2 2 2 2 2 2 2 2 2
left_child=1 2 3 4 9 8 14 -8 -6 -1 -11 12 13 -12 -7
right_child=-2 -3 -4 -5 5 6 7 -9 -10 10 11 -13 -14 -15 -16
leaf_value=-0.025439539603475073 0.25399844906022473 -0.11377636528596646 -0.064264774093261132 0.047106150595041418 -0.011577390514027617 0.022701119918089638 -0.056033804783454322 -0.0025888830747293388 0.040632195638552783 -0.024581019322459499 -0.001174371718015107 -0.024417711049318315 0.01082870398576443 -0.027105081660879982 0.0069186390019380112
leaf_weight=6.9999999999999991 5.9999999999999991 7.9999999999999991 4.9999999999999991 4.9999999999999991 4.9999999999999982 5.0000000000000018 4.9999999999999973 9 6 5.0000000000000027 7.0000000000000053 4.9999999999999991 4.9999999999999991 7 5
leaf_count=7 6 8 5 5 5 5 5 9 6 5 7 5 5 7 5
internal_value=-6.16084e-05 -0.0177344 -0.00797647 -0.00409793 -0.0078436 0.000832285 -0.0066083 -0.0222848 0.017006 -0.016271 -0.013856 -0.0113853 -0.00767202 -0.0144269 0.0152228
internal_weight=95 89 81 76 71 35 24 14 11 36 29 24 19 14 10
internal_count=95 89 81 76 71 35 24 14 11 36 29 24 19 14 10
is_linear=0
shrinkage=0.025


Tree=169
num_leaves=15
num_cat=0
split_feature=4 2 2 2 3 3 2 0 4 4 3 2 0 2
split_gain=677.376 64.9548 73.2687 9.2654 15.561 10.1529 9.75287 9.64373 8.34616 5.73331 5.72169 1.47794 0.303958 0.922792
threshold=132.50000000000003 2.3000000000000003 3.9500000000000006 3.4500000000000006 4.9500000000000011 4.7500000000000009 2.9500000000000006 7.0000000000000009 112.50000000000001 93.000000000000014 5.2500000000000009 3.2500000000000004 5.0000000000000009 3.5500000000000003
decision_type=2 2 2 2 2 2 2 2 2 2 2 2 2 2
left_child=1 -1 3 4 6 7 -3 9 -7 12 -10 -8 13 -5
right_child=-2 2 -4 5 -6 8 11 -9 10 -11 -12 -13 -14 -15
leaf_value=-0.10758561589396916 0.20383848690468334 0.019822240846518114 -0.092438936895794341 -0.0052101622693813661 -0.055324421582683442 0.036123497159250305 -0.024642518962251156 0.016510978629512171 0.017366021919635034 -0.041885154522382291 -0.016594272755807445 -0.007471775836669481 -0.0063292942971231482 -0.019883443642821574
leaf_weight=4.9999999999999991 8.9999999999999982 5.0000000000000062 6.9999999999999991 5.0000000000000089 5.9999999999999991 6.0000000000000009 10.999999999999998 5.9999999999999991 6 4.9999999999999991 6 4.9999999999999991 5.9999999999999991 7
leaf_count=5 9 5 7 5 6 6 11 6 6 5 6 5 6 7
internal_value=-5.94133e-05 -0.0218355 -0.0162749 -0.00882365 -0.0204425 -0.00206418 -0.00998933 -0.0112134 0.0125687 -0.0185797 0.000289741 -0.0195123 -0.0116481 -0.0140577
internal_weight=95 86 81 74 27 47 21 29 18 23 12 16 18 12
internal_count=95 86 81 74 27 47 21 29 18 23 12 16 18 12
is_linear=0
shrinkage=0.025


Tree=170
num_leaves=15
num_cat=0
split_feature=2 0 4 2 2 3 0 4 4 3 3 1 0 2
split_gain=669.271 413.196 31.7848 24.5545 7.78783 9.67015 9.1864 7.94717 5.4589 5.44821 5.02016 2.09159 0.288467 0.876946
threshold=3.9500000000000006 17.000000000000004 132.50000000000003 2.8500000000000001 3.4500000000000006 4.7500000000000009 7.0000000000000009 112.50000000000001 93.000000000000014 5.2500000000000009 4.5500000000000007 10.000000000000002 5.0000000000000009 3.5500000000000003
decision_type=2 2 2 2 2 2 2 2 2 2 2 2 2 2
left_child=1 2 3 -1 10 6 8 -7 12 -9 11 -5 13 -6
right_child=-2 -3 -4 4 5 7 -8 9 -10 -11 -12 -13 -14 -15
leaf_value=0.043987170150203092 0.20261067786942363 -0.23774803693477928 -0.067619911523965681 -0.018557054613369924 -0.0050849180095470774 0.035249542132500665 0.016111519355927747 0.016945877430900449 -0.040878301113843912 -0.016192797258976967 -0.037256604231273131 0 -0.0061761661342555479 -0.019400165975093839
leaf_weight=5.9999999999999991 8.9999999999999982 4.9999999999999991 4.9999999999999991 10.000000000000005 5.0000000000000089 6.0000000000000009 5.9999999999999991 6 4.9999999999999991 6 6.9999999999999991 5.9999999999999991 5.9999999999999991 7
leaf_count=6 9 5 5 10 5 6 6 6 5 6 7 6 6 7
internal_value=-6.36377e-05 -0.0217091 -0.00780526 -0.00368653 -0.00790433 -0.00201535 -0.0109449 0.0122646 -0.018135 0.000280254 -0.0197633 -0.0116674 -0.011369 -0.0137191
internal_weight=95 86 81 76 70 47 29 18 23 12 23 16 18 12
internal_count=95 86 81 76 70 47 29 18 23 12 23 16 18 12
is_linear=0
shrinkage=0.025


Tree=171
num_leaves=15
num_cat=0
split_feature=0 2 4 2 2 3 0 0 3 4 3 1 0 2
split_gain=664.829 136.201 30.275 23.3813 7.41141 9.21037 8.75082 7.57499 8.79098 5.19755 4.77835 1.99056 0.273741 0.833343
threshold=17.000000000000004 3.9500000000000006 132.50000000000003 2.8500000000000001 3.4500000000000006 4.7500000000000009 7.0000000000000009 9.0000000000000018 5.2500000000000009 93.000000000000014 4.5500000000000007 10.000000000000002 5.0000000000000009 3.5500000000000003
decision_type=2 2 2 2 2 2 2 2 2 2 2 2 2 2
left_child=1 2 3 -1 10 6 9 -7 -9 12 11 -5 13 -6
right_child=-2 -3 -4 4 5 7 -8 8 -10 -11 -12 -13 -14 -15
leaf_value=0.042922963826887067 0.25024381813503083 -0.11459172847794326 -0.065994432683174425 -0.018102225685017358 -0.0049626846439563216 0.034408153833881482 0.015721723725718836 0.01824935509098901 -0.024405780377296297 -0.039895649770131478 -0.036351060959795074 0 -0.0060267421266724987 -0.018928634458118015
leaf_weight=5.9999999999999991 5.9999999999999991 7.9999999999999991 4.9999999999999991 10.000000000000005 5.0000000000000089 6.0000000000000027 5.9999999999999991 6.9999999999999982 5 4.9999999999999991 6.9999999999999991 5.9999999999999991 5.9999999999999991 7
leaf_count=6 6 8 5 10 5 6 6 7 5 5 7 6 6 7
internal_value=-6.99996e-05 -0.0174824 -0.00761728 -0.00359714 -0.00771332 -0.00196769 -0.0106829 0.0119679 0.000265188 -0.0177011 -0.0192823 -0.011381 -0.0110966 -0.0133887
internal_weight=95 89 81 76 70 47 29 18 12 23 23 16 18 12
internal_count=95 89 81 76 70 47 29 18 12 23 23 16 18 12
is_linear=0
shrinkage=0.025


Tree=172
num_leaves=16
num_cat=0
split_feature=2 0 4 0 3 4 2 2 2 3 2 3 2 0 3
split_gain=648.694 415.62 28.8365 22.9562 7.06677 7.54429 18.3679 7.47484 1.12563 1.06178 1.67248 3.52153 3.32308 0.461858 0.00347867
threshold=3.9500000000000006 17.000000000000004 132.50000000000003 15.000000000000002 4.4500000000000011 93.000000000000014 3.2500000000000004 3.6500000000000008 3.1500000000000008 3.7500000000000004 3.6500000000000008 4.2500000000000009 3.5500000000000003 11.000000000000002 4.7500000000000009
decision_type=2 2 2 2 2 2 2 2 2 2 2 2 2 2 2
left_child=1 2 3 4 8 6 -6 13 -1 -10 11 12 -11 -7 -9
right_child=-2 -3 -4 -5 5 7 -8 14 9 10 -12 -13 -14 -15 -16
leaf_value=-0.024203387130465773 0.19946662874325466 -0.23804841339588168 -0.064408028698884526 0.0471798991641173 -0.0064719629028569111 0 0.052329226955771448 -0.027630103666048789 -0.023135505244135841 -0.00046866380920012755 -0.022824633637299904 0.011073902306648403 -0.024859404025806317 0.01001237650071421 -0.019422173843933983
leaf_weight=6.9999999999999991 8.9999999999999982 4.9999999999999991 4.9999999999999991 4.9999999999999991 8.9999999999999982 5.0000000000000018 4.9999999999999991 4.9999999999999982 5.0000000000000027 7.0000000000000053 4.9999999999999991 4.9999999999999991 7 6 5
leaf_count=7 9 5 5 5 9 5 5 5 5 7 5 5 7 6 5
internal_value=-6.74678e-05 -0.0213778 -0.00743429 -0.0035104 -0.0072202 0.00075162 0.0148817 -0.00866099 -0.0149664 -0.0125435 -0.0101122 -0.00649884 -0.0129304 0.00545169 -0.02411
internal_weight=95 86 81 76 71 35 14 21 36 29 24 19 14 11 10
internal_count=95 86 81 76 71 35 14 21 36 29 24 19 14 11 10
is_linear=0
shrinkage=0.025


Tree=173
num_leaves=15
num_cat=0
split_feature=0 2 4 2 2 3 0 4 3 3 4 1 0 2
split_gain=653.959 142.472 27.4661 21.9128 7.02715 8.51809 8.31389 7.24103 4.98454 4.867 4.77567 1.8753 0.242607 0.74675
threshold=17.000000000000004 3.9500000000000006 132.50000000000003 2.8500000000000001 3.4500000000000006 4.7500000000000009 7.0000000000000009 112.50000000000001 5.2500000000000009 4.5500000000000007 93.000000000000014 10.000000000000002 5.0000000000000009 3.5500000000000003
decision_type=2 2 2 2 2 2 2 2 2 2 2 2 2 2
left_child=1 2 3 -1 9 6 10 -7 -9 11 12 -5 13 -6
right_child=-2 -3 -4 4 5 7 -8 8 -10 -11 -12 -13 -14 -15
leaf_value=0.041608407901179402 0.24818460527927644 -0.11666184939989231 -0.062859757932332838 -0.017245078415555101 -0.004868009328269033 0.033522887864420474 0.015532734701710363 0.01608952043517943 -0.015608993557191662 -0.035886976948111424 -0.038322177701271498 0.00016033999742038788 -0.0058887312519213843 -0.018128008209168909
leaf_weight=5.9999999999999991 5.9999999999999991 7.9999999999999991 4.9999999999999991 10.000000000000005 5.0000000000000089 6.0000000000000009 5.9999999999999991 6 6 6.9999999999999991 4.9999999999999991 5.9999999999999991 5.9999999999999991 7
leaf_count=6 6 8 5 10 5 6 6 6 6 7 5 6 6 7
internal_value=-7.42625e-05 -0.0173438 -0.007256 -0.00342607 -0.00741152 -0.00181667 -0.0101992 0.0115836 0.000141743 -0.0186764 -0.0170418 -0.0107195 -0.0107058 -0.0128758
internal_weight=95 89 81 76 70 47 29 18 12 23 23 16 18 12
internal_count=95 89 81 76 70 47 29 18 12 23 23 16 18 12
is_linear=0
shrinkage=0.025


Tree=174
num_leaves=15
num_cat=0
split_feature=4 2 3 2 2 3 1 3 2 2 4 1 2 0
split_gain=648.047 66.8085 226.529 21.0008 6.32583 6.46874 8.77452 17.189 15.2788 1.77293 0.973337 1.64151 1.39647 0.728332
threshold=132.50000000000003 3.9500000000000006 5.3500000000000005 2.8500000000000001 3.2500000000000004 4.6500000000000012 14.000000000000002 4.9500000000000011 3.5500000000000003 3.0500000000000003 93.000000000000014 7.0000000000000009 3.5500000000000003 5.0000000000000009
decision_type=2 2 2 2 2 2 2 2 2 2 2 2 2 2
left_child=1 2 3 -1 9 10 -7 -8 -9 -5 11 -6 -13 -14
right_child=-2 -3 -4 4 5 6 7 8 -10 -11 -12 12 13 -15
leaf_value=0.040601753467513664 0.19936367208543035 -0.094344121548864568 -0.17417043481881803 -0.012044919952295905 -0.020552096229333117 0.035299127656393307 0.032340444672492218 0.0050414733795656102 -0.051264120179873231 -0.029492187327364597 -0.019187872856855394 -0.015090846084058274 -0.0056385564227258017 0.0064673960697086107
leaf_weight=5.9999999999999991 8.9999999999999982 6.9999999999999991 4.9999999999999991 7.9999999999999991 5.0000000000000062 5.0000000000000027 6.0000000000000027 6.9999999999999982 5 7.9999999999999991 6.9999999999999991 5.0000000000000027 5.9999999999999982 6
leaf_count=6 9 7 5 8 5 5 6 7 5 8 7 5 6 6
internal_value=-7.09804e-05 -0.0213707 -0.014667 -0.00343247 -0.00744384 -0.0031526 0.00668282 -0.00149803 -0.0187725 -0.0211021 -0.0109883 -0.00817363 -0.00426358 0.000318755
internal_weight=95 86 79 74 68 52 23 18 12 16 29 22 17 12
internal_count=95 86 79 74 68 52 23 18 12 16 29 22 17 12
is_linear=0
shrinkage=0.025


Tree=175
num_leaves=15
num_cat=0
split_feature=2 0 4 0 3 1 3 4 2 2 2 3 2 3
split_gain=633.841 415.184 30.861 21.7423 6.14041 7.43083 11.1938 14.6868 10.4899 1.07012 0.973245 4.58338 2.92631 0.861913
threshold=3.9500000000000006 17.000000000000004 132.50000000000003 15.000000000000002 4.4500000000000011 14.000000000000002 4.9500000000000011 112.50000000000001 3.5500000000000003 3.1500000000000008 3.6500000000000008 4.1500000000000012 3.3500000000000001 4.8500000000000005
decision_type=2 2 2 2 2 2 2 2 2 2 2 2 2 2
left_child=1 2 3 4 9 8 13 -8 -6 -1 11 12 -11 -7
right_child=-2 -3 -4 -5 5 6 7 -9 -10 10 -12 -13 -14 -15
leaf_value=-0.022963490533745953 0.1971611839273702 -0.23769695518108516 -0.066141102520319128 0.046183313013842472 -0.0046542031915798301 0.020130228308530947 -0.054885250788468599 -0.0019126429505970162 0.043557282825125943 -0.0016898893106442208 -0.021756159628813086 0.0046361933745767761 -0.025388600096544801 0.0049048877679384664
leaf_weight=6.9999999999999991 8.9999999999999982 4.9999999999999991 4.9999999999999991 4.9999999999999991 5.9999999999999982 5.0000000000000018 4.9999999999999973 9 5 5.0000000000000062 4.9999999999999991 8.9999999999999982 9.9999999999999982 5
leaf_count=7 9 5 5 5 6 5 5 9 5 5 5 9 10 5
internal_value=-7.52554e-05 -0.0211403 -0.00720472 -0.0031475 -0.00675902 0.000669739 -0.00708955 -0.021426 0.017535 -0.0139798 -0.011626 -0.00930158 -0.0176974 0.0128855
internal_weight=95 86 81 76 71 35 24 14 11 36 29 24 15 10
internal_count=95 86 81 76 71 35 24 14 11 36 29 24 15 10
is_linear=0
shrinkage=0.025


Tree=176
num_leaves=16
num_cat=0
split_feature=0 2 4 0 3 2 3 2 4 2 1 3 3 3 3
split_gain=641.868 144.525 29.3961 20.7087 5.84935 9.34332 11.9881 8.25142 7.26984 5.83113 6.58219 4.55224 3.62928 1.36728 0.108542
threshold=17.000000000000004 3.9500000000000006 132.50000000000003 15.000000000000002 4.7500000000000009 2.9500000000000006 4.5500000000000007 3.4500000000000006 112.50000000000001 3.7500000000000004 10.000000000000002 5.2500000000000009 4.2500000000000009 3.9500000000000006 3.7500000000000004
decision_type=2 2 2 2 2 2 2 2 2 2 2 2 2 2 2
left_child=1 2 3 4 5 -1 9 -6 -9 10 13 -10 -12 14 -7
right_child=-2 -3 -4 -5 7 6 -8 8 11 -11 12 -13 -14 -15 -16
leaf_value=0.020122458561896706 0.24587266752796788 -0.11721962312372723 -0.064551172118920544 0.045073137174432093 -0.024025422264821811 -0.019974854473884265 -0.042618926946164634 0.033643992966221212 0.015438898244211749 0.015580770545280898 -0.010206261846340367 -0.014852976895147751 0.01718586144539026 -0.031468053751935558 -0.012458240300897629
leaf_weight=4.9999999999999991 5.9999999999999991 7.9999999999999991 4.9999999999999991 4.9999999999999991 5.0000000000000027 5.0000000000000053 7.9999999999999991 6.0000000000000009 6 4.9999999999999991 6.9999999999999982 6 5 6.9999999999999991 6
leaf_count=5 6 8 5 5 5 5 8 6 6 5 7 6 5 7 6
internal_value=-8.03594e-05 -0.0171896 -0.00703029 -0.00307013 -0.00659514 -0.0115533 -0.0153415 0.00370876 0.0116607 -0.00886446 -0.0130563 0.000195304 0.00119929 -0.0225374 -0.0162822
internal_weight=95 89 81 76 71 48 43 23 18 35 30 12 12 18 11
internal_count=95 89 81 76 71 48 43 23 18 35 30 12 12 18 11
is_linear=0
shrinkage=0.025


Tree=177
num_leaves=15
num_cat=0
split_feature=4 2 2 2 3 2 3 0 4 4 3 2 3 3
split_gain=618.748 68.0559 78.4291 7.23273 14.8482 8.14623 7.89998 7.41901 6.92231 4.74818 4.33466 1.26523 0.188294 0.275601
threshold=132.50000000000003 2.3000000000000003 3.9500000000000006 3.4500000000000006 4.9500000000000011 2.9500000000000006 4.7500000000000009 7.0000000000000009 112.50000000000001 93.000000000000014 5.2500000000000009 3.2500000000000004 4.3500000000000005 3.9500000000000006
decision_type=2 2 2 2 2 2 2 2 2 2 2 2 2 2
left_child=1 -1 3 4 5 -3 7 9 -8 12 -10 -7 13 -5
right_child=-2 2 -4 6 -6 11 8 -9 10 -11 -12 -13 -14 -15
leaf_value=-0.10864752336190296 0.19479808425125872 0.019638745135699302 -0.093994059330887267 -0.012413458526134466 -0.051814140259258207 -0.021024679758452944 0.03283002088146824 0.01470199832993169 0.015065377566122237 -0.037262913183524059 -0.014493632028179783 -0.0052525288330474932 -0.014296218507941098 -0.0044269069665815773
leaf_weight=4.9999999999999991 8.9999999999999982 5.0000000000000062 6.9999999999999991 5.0000000000000098 5.9999999999999991 10.999999999999998 6.0000000000000009 5.9999999999999991 6 4.9999999999999991 6 4.9999999999999991 4.9999999999999991 7.9999999999999991
leaf_count=5 9 5 7 5 6 11 6 6 6 5 6 5 5 8
internal_value=-7.57615e-05 -0.0208887 -0.0152018 -0.00749839 -0.0177634 -0.00757868 -0.00152468 -0.00959951 0.0113786 -0.016065 0.0001881 -0.0162987 -0.00976324 -0.0077349
internal_weight=95 86 81 74 27 21 47 29 18 23 12 16 18 13
internal_count=95 86 81 74 27 21 47 29 18 23 12 16 18 13
is_linear=0
shrinkage=0.025


Tree=178
num_leaves=14
num_cat=0
split_feature=2 0 4 0 3 4 2 4 2 2 2 3 2
split_gain=619.73 420.111 32.8363 20.7326 5.77177 8.12725 16.5942 7.45138 6.91252 1.15647 1.0275 4.2259 2.80958
threshold=3.9500000000000006 17.000000000000004 132.50000000000003 15.000000000000002 4.4500000000000011 93.000000000000014 3.2500000000000004 100.00000000000001 3.6500000000000008 3.1500000000000008 3.6500000000000008 4.1500000000000012 3.3500000000000001
decision_type=2 2 2 2 2 2 2 2 2 2 2 2 2
left_child=1 2 3 4 9 6 -6 -7 -9 -1 11 12 -11
right_child=-2 -3 -4 -5 5 7 -8 8 -10 10 -12 -13 -14
leaf_value=-0.022516702873528832 0.19494866923145629 -0.2387460026603479 -0.067682106678302476 0.045461866345543125 -0.0046897835381653 -0.034809261331191409 0.051209021105807134 0.015879762463453344 -0.016578686891532527 -0.00086959414184093354 -0.021169468817802576 0.0049215948290151105 -0.024049060631032085
leaf_weight=6.9999999999999991 8.9999999999999982 4.9999999999999991 4.9999999999999991 4.9999999999999991 8.9999999999999982 5.0000000000000027 4.9999999999999991 7.9999999999999991 7.9999999999999991 5.0000000000000062 4.9999999999999991 8.9999999999999982 9.9999999999999982
leaf_count=7 9 5 5 5 9 5 5 8 8 5 5 9 10
internal_value=-7.97298e-05 -0.0209091 -0.0068921 -0.00270921 -0.00623727 0.000963113 0.0156261 -0.00880846 -0.000276616 -0.0132388 -0.0108176 -0.00845222 -0.0165179
internal_weight=95 86 81 76 71 35 14 21 16 36 29 24 15
internal_count=95 86 81 76 71 35 14 21 16 36 29 24 15
is_linear=0
shrinkage=0.025


Tree=179
num_leaves=15
num_cat=0
split_feature=0 2 4 2 2 3 0 0 3 3 4 1 3 3
split_gain=624.157 146.606 31.2773 20.3781 5.79875 7.35667 7.01572 6.85821 7.10482 4.74274 4.37441 1.66064 0.239529 0.22981
threshold=17.000000000000004 3.9500000000000006 132.50000000000003 2.8500000000000001 3.4500000000000006 4.7500000000000009 7.0000000000000009 9.0000000000000018 5.2500000000000009 4.5500000000000007 93.000000000000014 10.000000000000002 4.3500000000000005 3.9500000000000006
decision_type=2 2 2 2 2 2 2 2 2 2 2 2 2 2
left_child=1 2 3 -1 9 6 10 -7 -9 11 12 -5 13 -6
right_child=-2 -3 -4 4 5 7 -8 8 -10 -11 -12 -13 -14 -15
leaf_value=0.040784721701375898 0.24245099247463289 -0.11770337805515385 -0.066055134282662312 -0.015050495912631343 -0.011536955747466798 0.03239578662380093 0.01442905472170922 0.016096025125847926 -0.022253447771072386 -0.033680709624766478 -0.035838730404010186 0.0013046682722145512 -0.014390500391332004 -0.004191555391724517
leaf_weight=5.9999999999999991 5.9999999999999991 7.9999999999999991 4.9999999999999991 10.000000000000005 5.0000000000000098 6.0000000000000027 5.9999999999999991 6.9999999999999982 5 6.9999999999999991 4.9999999999999991 5.9999999999999991 4.9999999999999991 7.9999999999999991
leaf_count=6 6 8 5 10 5 6 6 7 5 7 5 6 5 8
internal_value=-8.49543e-05 -0.0169567 -0.00672557 -0.00264277 -0.00648853 -0.00140503 -0.00919845 0.0110455 0 -0.016721 -0.0154873 -0.00889976 -0.00943371 -0.0072434
internal_weight=95 89 81 76 70 47 29 18 12 23 23 16 18 13
internal_count=95 89 81 76 70 47 29 18 12 23 23 16 18 13
is_linear=0
shrinkage=0.025


Tree=180
num_leaves=14
num_cat=0
split_feature=2 0 4 0 3 4 2 4 2 2 2 3 2
split_gain=601.654 421.629 29.7911 19.5787 5.22809 7.8872 15.9993 7.06152 6.53267 1.10069 0.987063 3.99089 2.64952
threshold=3.9500000000000006 17.000000000000004 132.50000000000003 15.000000000000002 4.4500000000000011 93.000000000000014 3.2500000000000004 100.00000000000001 3.6500000000000008 3.1500000000000008 3.6500000000000008 4.1500000000000012 3.3500000000000001
decision_type=2 2 2 2 2 2 2 2 2 2 2 2 2
left_child=1 2 3 4 9 6 -6 -7 -9 -1 11 12 -11
right_child=-2 -3 -4 -5 5 7 -8 8 -10 10 -12 -13 -14
leaf_value=-0.021717189167005324 0.19208083580369539 -0.23883506116958766 -0.064467269411453837 0.044231351092457766 -0.004655851812466332 -0.034095144959596466 0.050229570491669262 0.015234313032976014 -0.016317827890558943 -0.00064416235456099796 -0.020448166361221903 0.00499456808294939 -0.023149546191972847
leaf_weight=6.9999999999999991 8.9999999999999982 4.9999999999999991 4.9999999999999991 4.9999999999999991 8.9999999999999982 5.0000000000000027 4.9999999999999991 7.9999999999999991 7.9999999999999991 5.0000000000000062 4.9999999999999991 8.9999999999999982 9.9999999999999982
leaf_count=7 9 5 5 5 9 5 5 8 8 5 5 9 10
internal_value=-8.20826e-05 -0.0206057 -0.00656423 -0.00257921 -0.00600827 0.000843192 0.0152894 -0.00878206 -0.000471285 -0.0126718 -0.0103118 -0.0079969 -0.0158372
internal_weight=95 86 81 76 71 35 14 21 16 36 29 24 15
internal_count=95 86 81 76 71 35 14 21 16 36 29 24 15
is_linear=0
shrinkage=0.025


Tree=181
num_leaves=15
num_cat=0
split_feature=0 2 4 2 2 3 0 0 3 3 4 3 3 3
split_gain=614.811 152.307 28.3766 19.0906 5.49048 6.85321 6.63687 6.61919 6.83471 4.81869 4.0264 1.64215 0.29159 0.189806
threshold=17.000000000000004 3.9500000000000006 132.50000000000003 2.8500000000000001 3.4500000000000006 4.7500000000000009 7.0000000000000009 9.0000000000000018 5.2500000000000009 4.5500000000000007 93.000000000000014 3.9500000000000006 4.3500000000000005 3.9500000000000006
decision_type=2 2 2 2 2 2 2 2 2 2 2 2 2 2
left_child=1 2 3 -1 9 6 10 -7 -9 11 12 -5 13 -6
right_child=-2 -3 -4 4 5 7 -8 8 -10 -11 -12 -13 -14 -15
leaf_value=0.039516386774278454 0.2406259403113396 -0.11951746431792656 -0.062917577303372899 -0.016189350941922597 -0.0107031449388999 0.031699063124195202 0.01416132027103055 0.015663193994098244 -0.021949578707034768 -0.033278988043053286 -0.034463793096634061 -0.00010644861372051444 -0.014477267667937738 -0.0039701979153039984
leaf_weight=5.9999999999999991 5.9999999999999991 7.9999999999999991 4.9999999999999991 8.0000000000000053 5.0000000000000098 6.0000000000000027 5.9999999999999991 6.9999999999999982 5 6.9999999999999991 4.9999999999999991 7.9999999999999991 4.9999999999999991 7.9999999999999991
leaf_count=6 6 8 5 8 5 6 6 7 5 7 5 8 5 8
internal_value=-8.71889e-05 -0.0168322 -0.00640564 -0.00251597 -0.00623886 -0.00129203 -0.00881525 0.0107237 -9.24693e-06 -0.0161954 -0.0149334 -0.00832565 -0.00912054 -0.00677742
internal_weight=95 89 81 76 70 47 29 18 12 23 23 16 18 13
internal_count=95 89 81 76 70 47 29 18 12 23 23 16 18 13
is_linear=0
shrinkage=0.025


Tree=182
num_leaves=15
num_cat=0
split_feature=4 2 3 2 2 3 3 0 0 4 2 1 3 3
split_gain=593.558 70.3669 217.232 18.3471 4.90516 4.64398 7.69411 5.92978 5.58662 4.21958 1.69946 0.878596 0.909996 0.0778431
threshold=132.50000000000003 3.9500000000000006 5.3500000000000005 2.8500000000000001 3.2500000000000004 4.7500000000000009 5.2500000000000009 7.0000000000000009 11.000000000000002 93.000000000000014 3.0500000000000003 7.0000000000000009 4.3500000000000005 4.1500000000000012
decision_type=2 2 2 2 2 2 2 2 2 2 2 2 2 2
left_child=1 2 3 -1 10 7 8 9 -7 11 -5 -6 13 -13
right_child=-2 -3 -4 4 5 6 -8 -9 -10 -11 -12 12 -14 -15
leaf_value=0.038560344855631548 0.19078046394431075 -0.095350666840871179 -0.16979008488930192 -0.0096134817841031228 -0.017447822712934911 0.004356743505276324 -0.013290564157068731 0.013818706043304936 0.038944095717026631 -0.033635335960067236 -0.02653617258751538 0.00040151904667577422 -0.014129256689921023 -0.0034254986912973457
leaf_weight=5.9999999999999991 8.9999999999999982 6.9999999999999991 4.9999999999999991 7.9999999999999991 5.0000000000000062 7.0000000000000018 6.9999999999999991 5.9999999999999991 5 4.9999999999999991 7.9999999999999991 6.0000000000000018 4.9999999999999991 6
leaf_count=6 9 7 5 8 5 7 7 6 5 5 8 6 5 6
internal_value=-8.50575e-05 -0.0204702 -0.0135954 -0.00259561 -0.00634778 -0.00256689 0.00719718 -0.00823576 0.0192728 -0.0132483 -0.0183751 -0.00829727 -0.00536167 -0.00143432
internal_weight=95 86 79 74 68 52 19 33 12 27 16 22 17 12
internal_count=95 86 79 74 68 52 19 33 12 27 16 22 17 12
is_linear=0
shrinkage=0.025


Tree=183
num_leaves=15
num_cat=0
split_feature=2 0 4 0 3 1 3 4 2 2 2 3 2 3
split_gain=589.383 420.211 31.5722 18.7158 4.54482 8.26377 10.136 13.6056 9.43718 1.07966 0.976168 3.68273 2.61417 0.771071
threshold=3.9500000000000006 17.000000000000004 132.50000000000003 15.000000000000002 4.4500000000000011 14.000000000000002 4.9500000000000011 112.50000000000001 3.5500000000000003 3.1500000000000008 3.6500000000000008 4.1500000000000012 3.3500000000000001 4.8500000000000005
decision_type=2 2 2 2 2 2 2 2 2 2 2 2 2 2
left_child=1 2 3 4 9 8 13 -8 -6 -1 11 12 -11 -7
right_child=-2 -3 -4 -5 5 6 7 -9 -10 10 -12 -13 -14 -15
leaf_value=-0.020782646735278833 0.19010441834511968 -0.23826362714171412 -0.06599120256992487 0.043483028102379577 -0.0025535035277566604 0.018412942553942012 -0.053282034282500945 -0.0022766875508038894 0.043199351472923378 0 -0.019573500007390977 0.0052373927086591726 -0.022028592316543357 0.0040492183887041525
leaf_weight=6.9999999999999991 8.9999999999999982 4.9999999999999991 4.9999999999999991 4.9999999999999991 5.9999999999999982 5.0000000000000018 4.9999999999999973 9 5 5.0000000000000062 4.9999999999999991 8.9999999999999982 9.9999999999999982 5
leaf_count=7 9 5 5 5 6 5 5 9 5 5 5 9 10 5
internal_value=-8.86479e-05 -0.020402 -0.00638459 -0.00228379 -0.00563745 0.000748467 -0.00743632 -0.0210748 0.0185317 -0.0118503 -0.00952389 -0.00723411 -0.0147697 0.0115738
internal_weight=95 86 81 76 71 35 24 14 11 36 29 24 15 10
internal_count=95 86 81 76 71 35 24 14 11 36 29 24 15 10
is_linear=0
shrinkage=0.025


Tree=184
num_leaves=14
num_cat=0
split_feature=0 2 4 0 3 4 2 4 2 2 2 3 2
split_gain=604.473 153.509 30.0738 17.8259 4.32716 8.03879 15.8127 6.48583 6.23517 1.02681 0.929769 3.50509 2.48781
threshold=17.000000000000004 3.9500000000000006 132.50000000000003 15.000000000000002 4.4500000000000011 93.000000000000014 3.2500000000000004 100.00000000000001 3.6500000000000008 3.1500000000000008 3.6500000000000008 4.1500000000000012 3.3500000000000001
decision_type=2 2 2 2 2 2 2 2 2 2 2 2 2
left_child=1 2 3 4 9 6 -6 -7 -9 -1 11 12 -11
right_child=-2 -3 -4 -5 5 7 -8 8 -10 10 -12 -13 -14
leaf_value=-0.020277512488731497 0.23858756805139203 -0.11978581969330954 -0.064404874237684095 0.042437763225573757 -0.0045147635690543971 -0.033251526034795302 0.050050057250504876 0.014335677972654018 -0.016484784680168806 0 -0.01910298366386157 0.0051093045946048665 -0.021488675329030732
leaf_weight=6.9999999999999991 5.9999999999999991 7.9999999999999991 4.9999999999999991 4.9999999999999991 8.9999999999999982 5.0000000000000027 4.9999999999999991 7.9999999999999991 7.9999999999999991 5.0000000000000062 4.9999999999999991 8.9999999999999982 9.9999999999999982
leaf_count=7 6 8 5 5 9 5 5 8 8 5 5 9 10
internal_value=-9.30265e-05 -0.0166967 -0.00622975 -0.00222703 -0.00550037 0.000729939 0.0153151 -0.00898729 -0.00101066 -0.0115627 -0.00929185 -0.00705523 -0.0144074
internal_weight=95 89 81 76 71 35 14 21 16 36 29 24 15
internal_count=95 89 81 76 71 35 14 21 16 36 29 24 15
is_linear=0
shrinkage=0.025


Tree=185
num_leaves=16
num_cat=0
split_feature=0 2 4 0 3 1 3 4 2 2 2 3 2 1 3
split_gain=575.569 146.107 28.6462 16.9784 4.11958 7.71921 9.84912 12.7953 9.12536 0.976518 0.885561 3.35889 1.53395 4.63657 0.754863
threshold=17.000000000000004 3.9500000000000006 132.50000000000003 15.000000000000002 4.4500000000000011 14.000000000000002 4.9500000000000011 112.50000000000001 3.5500000000000003 3.1500000000000008 3.6500000000000008 4.2500000000000009 3.5500000000000003 7.0000000000000009 4.8500000000000005
decision_type=2 2 2 2 2 2 2 2 2 2 2 2 2 2 2
left_child=1 2 3 4 9 8 14 -8 -6 -1 11 12 13 -11 -7
right_child=-2 -3 -4 -5 5 6 7 -9 -10 10 -12 -13 -14 -15 -16
leaf_value=-0.019784656330011786 0.23281530535990194 -0.11686421952596526 -0.062856680842546309 0.041417626434793839 -0.0028225348601418161 0.018309045067200286 -0.051878704818395488 -0.0024041070562341935 0.042159243114292616 0.012006234434934742 -0.018643776585276311 0.010915014377007119 -0.020922734133071372 -0.018932059940157665 0.0040848777271234064
leaf_weight=6.9999999999999991 5.9999999999999991 7.9999999999999991 4.9999999999999991 4.9999999999999991 5.9999999999999982 5.0000000000000018 4.9999999999999973 9 5 5.0000000000000089 4.9999999999999991 4.9999999999999991 6.9999999999999991 7 5
leaf_count=7 6 8 5 5 6 5 5 9 5 5 5 5 7 7 5
internal_value=-8.86164e-05 -0.0162908 -0.00607887 -0.00217191 -0.00536687 0.000711355 -0.00719788 -0.0206435 0.0178999 -0.0112821 -0.00906547 -0.00688074 -0.0116939 -0.00595315 0.0115391
internal_weight=95 89 81 76 71 35 24 14 11 36 29 24 19 12 10
internal_count=95 89 81 76 71 35 24 14 11 36 29 24 19 12 10
is_linear=0
shrinkage=0.025


Tree=186
num_leaves=15
num_cat=0
split_feature=2 0 4 2 2 3 4 0 3 4 3 3 3 3
split_gain=584.497 442.465 27.2865 16.4385 4.66112 6.43856 6.97127 5.64355 5.01868 3.70898 3.5481 1.6296 0.414942 0.143919
threshold=3.9500000000000006 17.000000000000004 132.50000000000003 2.8500000000000001 3.4500000000000006 4.7500000000000009 112.50000000000001 7.0000000000000009 4.5500000000000007 93.000000000000014 5.2500000000000009 3.9500000000000006 4.3500000000000005 3.9500000000000006
decision_type=2 2 2 2 2 2 2 2 2 2 2 2 2 2
left_child=1 2 3 -1 8 7 -7 9 11 12 -8 -5 13 -6
right_child=-2 -3 -4 4 5 6 10 -9 -10 -11 -12 -13 -14 -15
leaf_value=0.036883692875985176 0.18931870149529503 -0.24386793409402557 -0.061345703097490156 -0.014596796403752586 -0.0091335367124814066 0.032158322920722342 0.012892659441117317 0.01287151421270063 -0.032154081456570165 -0.03269159226463391 -0.013846954559126207 0.001104180124111292 -0.014584254530759958 -0.0032456668411813133
leaf_weight=5.9999999999999991 8.9999999999999982 4.9999999999999991 4.9999999999999991 8.0000000000000053 5.0000000000000098 6.0000000000000009 6 5.9999999999999991 6.9999999999999991 4.9999999999999991 6 7.9999999999999991 4.9999999999999991 7.9999999999999991
leaf_count=6 9 5 5 8 5 6 6 6 7 5 6 8 5 8
internal_value=-8.42826e-05 -0.0203133 -0.00593156 -0.00211804 -0.00557441 -0.00101536 0.0106299 -0.00830958 -0.0147478 -0.0139523 -0.000382511 -0.00675244 -0.00837621 -0.005709
internal_weight=95 86 81 76 70 47 18 29 23 23 12 16 18 13
internal_count=95 86 81 76 70 47 18 29 23 23 12 16 18 13
is_linear=0
shrinkage=0.025


Tree=187
num_leaves=15
num_cat=0
split_feature=4 2 3 2 2 3 3 0 0 4 2 1 3 3
split_gain=569.897 73.3365 208.033 15.8718 4.02462 4.02004 7.13917 5.15349 4.97109 3.93982 1.70295 0.789983 1.09141 0.134119
threshold=132.50000000000003 3.9500000000000006 5.3500000000000005 2.8500000000000001 3.2500000000000004 4.7500000000000009 5.2500000000000009 11.000000000000002 7.0000000000000009 93.000000000000014 3.0500000000000003 7.0000000000000009 4.3500000000000005 4.1500000000000012
decision_type=2 2 2 2 2 2 2 2 2 2 2 2 2 2
left_child=1 2 3 -1 10 8 7 -7 9 11 -5 -6 13 -13
right_child=-2 -3 -4 4 5 6 -8 -9 -10 -11 -12 12 -14 -15
leaf_value=0.03599134645154399 0.1869321677995765 -0.096503294838799381 -0.16590111994972598 -0.0079819501014199209 -0.016104317972293246 0.0040392941924639863 -0.012996664312150744 0.03726082157630186 0.012560105900610647 -0.031905736544957528 -0.024804866840926615 0.0020900297068780454 -0.014233672547225771 -0.0030764994361708233
leaf_weight=5.9999999999999991 8.9999999999999982 6.9999999999999991 4.9999999999999991 7.9999999999999991 5.0000000000000062 7.0000000000000018 6.9999999999999991 5 5.9999999999999991 4.9999999999999991 7.9999999999999991 6.0000000000000018 4.9999999999999991 6
leaf_count=6 9 7 5 8 5 7 7 5 6 5 8 6 5 6
internal_value=-9.01973e-05 -0.0200651 -0.0130497 -0.00228576 -0.00577712 -0.00234957 0.00673246 0.018368 -0.00762533 -0.0122163 -0.016673 -0.007438 -0.00465879 -0.000398862
internal_weight=95 86 79 74 68 52 19 12 33 27 16 22 17 12
internal_count=95 86 79 74 68 52 19 12 33 27 16 22 17 12
is_linear=0
shrinkage=0.025


Tree=188
num_leaves=14
num_cat=0
split_feature=0 2 4 0 3 4 2 2 2 2 3 2 0
split_gain=567.056 147.252 30.3504 16.2719 3.57956 8.07332 15.4659 6.07525 0.963813 0.871781 3.19799 2.43092 0.264801
threshold=17.000000000000004 3.9500000000000006 132.50000000000003 15.000000000000002 4.4500000000000011 93.000000000000014 3.2500000000000004 3.6500000000000008 3.1500000000000008 3.6500000000000008 4.1500000000000012 3.3500000000000001 11.000000000000002
decision_type=2 2 2 2 2 2 2 2 2 2 2 2 2
left_child=1 2 3 4 8 6 -6 12 -1 10 11 -10 -7
right_child=-2 -3 -4 -5 5 7 -8 -9 9 -11 -12 -13 -14
leaf_value=-0.018969164245451489 0.23108156006182395 -0.1171417939953688 -0.064364609007651993 0.040768278246888751 -0.00436369802640832 -0.00041145751109490007 0.04959933950852316 -0.023027104519161526 0.00078404790077071817 -0.017832814128353046 0.0054124141354923673 -0.020231489559598997 0.0070877659705377381
leaf_weight=6.9999999999999991 5.9999999999999991 7.9999999999999991 4.9999999999999991 4.9999999999999991 8.9999999999999982 5.0000000000000018 4.9999999999999991 9.9999999999999982 5.0000000000000062 4.9999999999999991 8.9999999999999982 9.9999999999999982 6
leaf_count=7 6 8 5 5 9 5 5 10 5 5 9 10 6
internal_value=-9.357e-05 -0.0161756 -0.00592427 -0.00190426 -0.005033 0.000630643 0.0152479 -0.00910716 -0.0105469 -0.00835516 -0.00619793 -0.0132259 0.00362094
internal_weight=95 89 81 76 71 35 14 21 36 29 24 15 11
internal_count=95 89 81 76 71 35 14 21 36 29 24 15 11
is_linear=0
shrinkage=0.025


Tree=189
num_leaves=16
num_cat=0
split_feature=2 0 4 0 3 1 3 4 2 2 3 2 3 2 0
split_gain=572.903 439.68 28.9112 15.4972 3.40913 7.75322 8.91673 12.2044 8.53615 0.916813 0.865372 1.36329 2.09959 3.27595 0.820664
threshold=3.9500000000000006 17.000000000000004 132.50000000000003 15.000000000000002 4.4500000000000011 14.000000000000002 4.9500000000000011 112.50000000000001 3.5500000000000003 3.1500000000000008 3.7500000000000004 3.6500000000000008 4.2500000000000009 3.5500000000000003 11.000000000000002
decision_type=2 2 2 2 2 2 2 2 2 2 2 2 2 2 2
left_child=1 2 3 4 9 8 14 -8 -6 -1 -11 12 13 -12 -7
right_child=-2 -3 -4 -5 5 6 7 -9 -10 10 11 -13 -14 -15 -16
leaf_value=-0.018508108193054797 0.18742697964543886 -0.2429652131520785 -0.062817381895505467 0.039788269566801877 -0.0022053750592374035 0.017536278871389529 -0.05060574160172391 -0.0022854206030783445 0.041303898981557431 -0.017586773462020422 0.0041329481328527097 -0.017404140102175569 0.010738146047179516 -0.019672531055079566 0.0028568721734560446
leaf_weight=6.9999999999999991 8.9999999999999982 4.9999999999999991 4.9999999999999991 4.9999999999999991 5.9999999999999982 5.0000000000000018 4.9999999999999973 9 5 5.0000000000000027 7.0000000000000053 4.9999999999999991 4.9999999999999991 7 5
leaf_count=7 9 5 5 5 6 5 5 9 5 5 7 5 5 7 5
internal_value=-8.79668e-05 -0.0201155 -0.00577935 -0.00185542 -0.00490916 0.000617205 -0.00730915 -0.0201004 0.0178444 -0.0102903 -0.00815066 -0.00600406 -0.00278889 -0.0077912 0.0105191
internal_weight=95 86 81 76 71 35 24 14 11 36 29 24 19 14 10
internal_count=95 86 81 76 71 35 24 14 11 36 29 24 19 14 10
is_linear=0
shrinkage=0.025


Tree=190
num_leaves=16
num_cat=0
split_feature=0 2 4 0 3 2 3 2 4 2 1 3 3 2 2
split_gain=559.973 152.599 27.5383 14.7608 3.40739 8.3063 13.2256 7.11008 6.85395 5.9502 5.60909 3.07811 2.69938 1.79979 3.04051
threshold=17.000000000000004 3.9500000000000006 132.50000000000003 15.000000000000002 4.7500000000000009 2.9500000000000006 4.5500000000000007 3.4500000000000006 112.50000000000001 3.7500000000000004 10.000000000000002 5.2500000000000009 4.2500000000000009 3.5500000000000003 3.2500000000000004
decision_type=2 2 2 2 2 2 2 2 2 2 2 2 2 2 2
left_child=1 2 3 4 5 -1 9 -6 -9 10 13 -10 -12 14 -7
right_child=-2 -3 -4 -5 7 6 -8 8 11 -11 12 -13 -14 -15 -16
leaf_value=0.02126442843761582 0.22963363597950628 -0.11885606573849193 -0.061307349801063539 0.038831821198646838 -0.02267346569122029 -0.026786442330250345 -0.040769861275103042 0.031799244592266691 0.011893273649677153 0.019281727104232864 -0.0063635810601731973 -0.013010357945196088 0.017230408610059662 -0.029639934868581838 -0.0013071341440081595
leaf_weight=4.9999999999999991 5.9999999999999991 7.9999999999999991 4.9999999999999991 4.9999999999999991 5.0000000000000027 5.0000000000000053 7.9999999999999991 6.0000000000000009 6 4.9999999999999991 6.9999999999999982 6 5 5.9999999999999991 7
leaf_count=5 6 8 5 5 5 5 8 6 6 5 7 6 5 6 7
internal_value=-9.29364e-05 -0.0160743 -0.00563986 -0.00180982 -0.0047905 -0.00857699 -0.0121582 0.00306368 0.0104522 -0.00538844 -0.00964199 -0.00046524 0.00348609 -0.0184049 -0.0122911
internal_weight=95 89 81 76 71 48 43 23 18 35 30 12 12 18 12
internal_count=95 89 81 76 71 48 43 23 18 35 30 12 12 18 12
is_linear=0
shrinkage=0.025


Tree=191
num_leaves=15
num_cat=0
split_feature=2 0 4 2 2 3 4 3 0 4 3 3 3 3
split_gain=556.984 439.521 26.2313 14.2346 4.02847 5.68729 6.52628 4.89692 4.88174 3.4104 2.93102 1.44951 0.528537 0.132697
threshold=3.9500000000000006 17.000000000000004 132.50000000000003 2.8500000000000001 3.4500000000000006 4.7500000000000009 112.50000000000001 4.5500000000000007 7.0000000000000009 93.000000000000014 5.2500000000000009 3.9500000000000006 4.3500000000000005 3.9500000000000006
decision_type=2 2 2 2 2 2 2 2 2 2 2 2 2 2
left_child=1 2 3 -1 7 8 -7 11 9 12 -8 -5 13 -6
right_child=-2 -3 -4 4 5 6 10 -9 -10 -11 -12 -13 -14 -15
leaf_value=0.034526995881911243 0.18480299076308379 -0.24264473187235686 -0.059833613496560314 -0.013038777529898023 -0.007823889415997709 0.031029908455187268 0.011605533188389194 -0.030689938035276199 0.01208948637208631 -0.03081290057072273 -0.012695590622963444 0.0017624178855884368 -0.014408651438470073 -0.0022671892693856867
leaf_weight=5.9999999999999991 8.9999999999999982 4.9999999999999991 4.9999999999999991 8.0000000000000053 5.0000000000000098 6.0000000000000009 6 6.9999999999999991 5.9999999999999991 4.9999999999999991 6 7.9999999999999991 4.9999999999999991 7.9999999999999991
leaf_count=6 9 5 5 8 5 6 6 7 6 5 6 8 5 8
internal_value=-8.83568e-05 -0.0198358 -0.00550304 -0.00176459 -0.00498261 -0.000743546 0.0101993 -0.0135101 -0.0076018 -0.0128525 -0.000451505 -0.00563063 -0.007511 -0.00458524
internal_weight=95 86 81 76 70 47 18 23 29 23 12 16 18 13
internal_count=95 86 81 76 70 47 18 23 29 23 12 16 18 13
is_linear=0
shrinkage=0.025


Tree=192
num_leaves=14
num_cat=0
split_feature=0 2 4 0 3 4 2 4 2 2 2 3 2
split_gain=553.131 157.708 24.9848 13.9617 3.10296 8.14277 14.3879 6.19643 5.96212 0.931457 0.865153 2.94463 2.35556
threshold=17.000000000000004 3.9500000000000006 132.50000000000003 15.000000000000002 4.4500000000000011 93.000000000000014 3.2500000000000004 100.00000000000001 3.6500000000000008 3.1500000000000008 3.6500000000000008 4.1500000000000012 3.3500000000000001
decision_type=2 2 2 2 2 2 2 2 2 2 2 2 2
left_child=1 2 3 4 9 6 -6 -7 -9 -1 11 12 -11
right_child=-2 -3 -4 -5 5 7 -8 8 -10 10 -12 -13 -14
leaf_value=-0.018014623307519489 0.22822484414904351 -0.12046452397253458 -0.058395305275917055 0.037803348784263321 -0.0035934414552605677 -0.032850787960565987 0.048457389038342694 0.013680449382561011 -0.016454620732039942 0.0015464241276136937 -0.017023123141664726 0.0056610110175350451 -0.019123142139584413
leaf_weight=6.9999999999999991 5.9999999999999991 7.9999999999999991 4.9999999999999991 4.9999999999999991 8.9999999999999982 5.0000000000000027 4.9999999999999991 7.9999999999999991 7.9999999999999991 5.0000000000000062 4.9999999999999991 8.9999999999999982 9.9999999999999982
leaf_count=7 6 8 5 5 9 5 5 8 8 5 5 9 10
internal_value=-9.40719e-05 -0.0159776 -0.00537119 -0.00172224 -0.00462166 0.000649047 0.0153288 -0.00913077 -0.00132705 -0.00975577 -0.00760971 -0.00547245 -0.0122214
internal_weight=95 89 81 76 71 35 14 21 16 36 29 24 15
internal_count=95 89 81 76 71 35 14 21 16 36 29 24 15
is_linear=0
shrinkage=0.025


Tree=193
num_leaves=14
num_cat=0
split_feature=4 2 2 3 0 0 2 4 3 1 2 2 2
split_gain=543.181 77.1442 82.8952 5.75955 15.9118 7.87084 9.58611 22.9443 13.7687 4.16275 4.58358 2.57089 2.62091
threshold=132.50000000000003 2.3000000000000003 3.9500000000000006 5.1500000000000012 13.000000000000002 11.000000000000002 3.7500000000000004 93.000000000000014 4.6500000000000012 10.000000000000002 3.5500000000000003 3.5500000000000003 3.1500000000000008
decision_type=2 2 2 2 2 2 2 2 2 2 2 2 2
left_child=1 -1 3 5 -5 6 7 8 9 11 -11 12 -3
right_child=-2 2 -4 4 -6 -7 -8 -9 -10 10 -12 -13 -14
leaf_value=-0.11300170570611955 0.18249631303807967 -0.023042853119281607 -0.094540965888235295 0.0072652195730516997 -0.049479597085906601 0.022048732721143299 0.023545858227918229 -0.045021961273058603 0.030116395057282516 -0.008682775603771984 0.021292370156599922 -0.028691201488817892 -0.00058515130177788123
leaf_weight=4.9999999999999991 8.9999999999999982 5.0000000000000027 6.9999999999999991 5.9999999999999982 6 6.9999999999999991 5.9999999999999991 8.9999999999999982 6.9999999999999991 7.9999999999999982 5 5.9999999999999991 8.9999999999999982
leaf_count=5 9 5 7 6 6 7 6 9 7 8 5 6 9
internal_value=-8.94517e-05 -0.0195909 -0.0135452 -0.00563245 -0.0213507 -0.00251124 -0.00572826 -0.00941939 -0.00119358 -0.00801416 0.00289936 -0.0151283 -0.00890537
internal_weight=95 86 81 74 12 62 55 49 40 33 13 20 14
internal_count=95 86 81 74 12 62 55 49 40 33 13 20 14
is_linear=0
shrinkage=0.025


Tree=194
num_leaves=14
num_cat=0
split_feature=2 0 4 2 2 3 4 3 2 3 3 3 3
split_gain=546.722 441.768 27.9609 14.4346 3.78549 5.42015 6.34397 5.04817 4.7757 8.49467 2.72657 1.42751 0.368468
threshold=3.9500000000000006 17.000000000000004 132.50000000000003 2.8500000000000001 3.4500000000000006 4.7500000000000009 112.50000000000001 4.5500000000000007 3.6500000000000008 4.2500000000000009 5.2500000000000009 3.9500000000000006 3.9500000000000006
decision_type=2 2 2 2 2 2 2 2 2 2 2 2 2
left_child=1 2 3 -1 7 8 -7 11 9 12 -8 -5 -6
right_child=-2 -3 -4 4 5 6 10 -9 -10 -11 -12 -13 -14
leaf_value=0.035116634109327867 0.18308848647967632 -0.24303382640847793 -0.061378502845764162 -0.01231258343166966 -0.0070269321879515194 0.030657117693654947 0.011244255256268286 -0.030369396492217978 -0.020079979034406798 0.021885783349474275 -0.012194546047718293 0.0023770174602182905 -0.01723410722709471
leaf_weight=5.9999999999999991 8.9999999999999982 4.9999999999999991 4.9999999999999991 8.0000000000000053 5.0000000000000053 6.0000000000000009 6 6.9999999999999991 10.999999999999998 6.9999999999999991 6 7.9999999999999991 6
leaf_count=6 9 5 5 8 5 6 6 7 11 7 6 8 6
internal_value=-9.15495e-05 -0.0196564 -0.00528761 -0.0014296 -0.00467106 -0.000562019 0.0101199 -0.0129367 -0.00725889 0.000642095 -0.000380476 -0.00495195 -0.0129144
internal_weight=95 86 81 76 70 47 18 23 29 18 12 16 11
internal_count=95 86 81 76 70 47 18 23 29 18 12 16 11
is_linear=0
shrinkage=0.025


Tree=195
num_leaves=15
num_cat=0
split_feature=0 2 4 0 3 1 3 4 2 2 2 0 2 3
split_gain=540.074 158.474 26.6337 14.0095 2.76815 7.80132 8.56751 12.132 7.84909 0.857988 0.814756 0.750994 0.493412 4.36293
threshold=17.000000000000004 3.9500000000000006 132.50000000000003 15.000000000000002 4.4500000000000011 14.000000000000002 4.9500000000000011 112.50000000000001 3.5500000000000003 3.1500000000000008 3.3500000000000001 11.000000000000002 3.6500000000000008 4.1500000000000012
decision_type=2 2 2 2 2 2 2 2 2 2 2 2 2 2
left_child=1 2 3 4 9 8 11 -8 -6 -1 -11 -7 13 -12
right_child=-2 -3 -4 -5 5 6 7 -9 -10 10 12 -13 -14 -15
leaf_value=-0.01707218379403154 0.22551195196086363 -0.12053068803577892 -0.059903058638939494 0.038200065550895841 -0.0012830585541744389 0.016919169632288119 -0.050225160213617198 -0.0020554182646067244 0.040447007922025824 0.0018265307021255667 -0.018148434688063219 0.0028500405641702499 -0.016116435983433174 0.0055609221448716922
leaf_weight=6.9999999999999991 5.9999999999999991 7.9999999999999991 4.9999999999999991 4.9999999999999991 5.9999999999999982 5.0000000000000018 4.9999999999999973 9 5 5.0000000000000027 10.000000000000005 5 4.9999999999999991 8.9999999999999982
leaf_count=7 6 8 5 5 6 5 5 9 5 5 10 5 5 9
internal_value=-9.58529e-05 -0.0157909 -0.00515945 -0.00139372 -0.00429905 0.000677236 -0.007274 -0.019812 0.0179571 -0.00914864 -0.00708942 0.010201 -0.00899831 -0.00691164
internal_weight=95 89 81 76 71 35 24 14 11 36 29 10 24 19
internal_count=95 89 81 76 71 35 24 14 11 36 29 10 24 19
is_linear=0
shrinkage=0.025


Tree=196
num_leaves=14
num_cat=0
split_feature=2 0 4 2 2 3 4 3 2 3 3 3 3
split_gain=532.074 441.149 25.3697 13.5659 3.51441 5.22089 6.16352 4.9385 4.64554 7.87226 2.55735 1.38188 0.387151
threshold=3.9500000000000006 17.000000000000004 132.50000000000003 2.8500000000000001 3.4500000000000006 4.7500000000000009 112.50000000000001 4.5500000000000007 3.6500000000000008 4.2500000000000009 5.2500000000000009 3.9500000000000006 3.9500000000000006
decision_type=2 2 2 2 2 2 2 2 2 2 2 2 2
left_child=1 2 3 -1 7 8 -7 11 9 12 -8 -5 -6
right_child=-2 -3 -4 4 5 6 10 -9 -10 -11 -12 -13 -14
leaf_value=0.034070288510091841 0.18061820825804839 -0.24261263247865897 -0.058463079195756176 -0.01181979144287363 -0.0064217554835172726 0.03018530054438498 0.010849144477998056 -0.029704316871033771 -0.019759817574439304 0.021129109524190427 -0.011849787975511242 0.0026329613495163803 -0.016760486556637668
leaf_weight=5.9999999999999991 8.9999999999999982 4.9999999999999991 4.9999999999999991 8.0000000000000053 5.0000000000000053 6.0000000000000009 6 6.9999999999999991 10.999999999999998 6.9999999999999991 6 7.9999999999999991 6
leaf_count=6 9 5 5 8 5 6 6 7 11 7 6 8 6
internal_value=-9.10412e-05 -0.0193922 -0.0050341 -0.00135841 -0.00450138 -0.000541179 0.00994203 -0.0124657 -0.00711433 0.000677002 -0.000406065 -0.00457296 -0.0123713
internal_weight=95 86 81 76 70 47 18 23 29 18 12 16 11
internal_count=95 86 81 76 70 47 18 23 29 18 12 16 11
is_linear=0
shrinkage=0.025


Tree=197
num_leaves=14
num_cat=0
split_feature=0 2 4 0 4 2 4 0 2 2 2 3 3
split_gain=533.9 163.22 24.1655 13.2209 2.81301 10.4759 5.01195 7.81868 8.09384 2.72602 3.76418 3.57247 0.0564851
threshold=17.000000000000004 3.9500000000000006 132.50000000000003 15.000000000000002 93.000000000000014 3.6500000000000008 100.00000000000001 9.0000000000000018 3.6500000000000008 2.9500000000000006 3.2500000000000004 4.1500000000000012 4.0500000000000007
decision_type=2 2 2 2 2 2 2 2 2 2 2 2 2
left_child=1 2 3 4 5 9 -6 -8 -9 -1 12 -12 -11
right_child=-2 -3 -4 -5 6 -7 7 8 -10 10 11 -13 -14
leaf_value=0.0077059234333474481 0.22421911904408087 -0.12199623686511346 -0.057057720881242016 0.037138232015646422 -0.026940636918312156 0.029781277549843634 0.02261735074795208 0.0063590713085666791 -0.034052390533108857 -0.014765340963808394 -0.012140991816333694 0.0087658162794861157 -0.021965776094132
leaf_weight=7.9999999999999991 5.9999999999999991 7.9999999999999991 4.9999999999999991 4.9999999999999991 8.0000000000000018 5.9999999999999991 5.0000000000000027 5.9999999999999982 6 4.9999999999999982 10.000000000000002 9.9999999999999982 7
leaf_count=8 6 8 5 5 8 6 5 6 6 5 10 10 7
internal_value=-9.52855e-05 -0.0157004 -0.00491208 -0.00132428 -0.00414718 -0.00043891 -0.0108632 -0.00299932 -0.0139712 -0.00512865 -0.00840404 -0.00164242 -0.0193593
internal_weight=95 89 81 76 71 46 25 17 12 40 32 20 12
internal_count=95 89 81 76 71 46 25 17 12 40 32 20 12
is_linear=0
shrinkage=0.025


Tree=198
num_leaves=14
num_cat=0
split_feature=4 2 2 3 0 3 0 4 0 4 1 3 2
split_gain=522.034 76.5706 84.9726 5.50599 15.1103 6.9086 15.2373 26.8096 0.489327 2.9659 1.42567 2.75108 1.13252
threshold=132.50000000000003 2.3000000000000003 3.9500000000000006 5.1500000000000012 13.000000000000002 4.6500000000000012 11.000000000000002 93.000000000000014 7.0000000000000009 74.500000000000014 5.0000000000000009 4.3500000000000005 3.5500000000000003
decision_type=2 2 2 2 2 2 2 2 2 2 2 2 2
left_child=1 -1 3 5 -5 8 7 -7 9 10 -3 12 -12
right_child=-2 2 -4 4 -6 6 -8 -9 -10 -11 11 -13 -14
leaf_value=-0.11226906375243113 0.17890598709168645 -0.020054321156607727 -0.095188437071111465 0.0073322012539832823 -0.047956772076506761 0.029648705789198468 0.042531946301460261 -0.038560153130027974 -0.015374443049614248 0.0076216909310056107 -0.007743327517244142 -0.019841237397243583 0.0053715698057558488
leaf_weight=4.9999999999999991 8.9999999999999982 7.0000000000000027 6.9999999999999991 5.9999999999999982 6 7.0000000000000018 5.9999999999999991 7 4.9999999999999991 6.9999999999999991 8.0000000000000053 6.9999999999999991 7.9999999999999991
leaf_count=5 9 7 7 6 6 7 6 7 5 7 8 7 8
internal_value=-9.0072e-05 -0.0192084 -0.0131861 -0.0051766 -0.0205428 -0.00212591 0.009878 -0.00443045 -0.00789141 -0.00676936 -0.0101969 -0.00699592 -0.00112336
internal_weight=95 86 81 74 12 62 20 14 42 37 30 23 16
internal_count=95 86 81 74 12 62 20 14 42 37 30 23 16
is_linear=0
shrinkage=0.025


Tree=199
num_leaves=14
num_cat=0
split_feature=2 0 4 2 2 3 0 3 2 3 3 3 1
split_gain=523.076 442.889 27.025 13.6477 3.18446 5.03884 6.13191 4.91447 4.34984 7.33039 4.03469 2.0995 1.31201
threshold=3.9500000000000006 17.000000000000004 132.50000000000003 2.8500000000000001 3.4500000000000006 4.7500000000000009 9.0000000000000018 4.5500000000000007 3.6500000000000008 4.3500000000000005 5.2500000000000009 4.1500000000000012 10.000000000000002
decision_type=2 2 2 2 2 2 2 2 2 2 2 2 2
left_child=1 2 3 -1 7 8 -7 12 9 11 -8 -6 -5
right_child=-2 -3 -4 4 5 6 10 -9 -10 -11 -12 -13 -14
leaf_value=0.034483890908379708 0.17908203653667287 -0.24288984537124636 -0.059986765338824348 -0.0094425411931439891 -0.018314993360804173 0.030055095880262298 0.011565565276477074 -0.028975459271007111 -0.019129917650882688 0.025841157367596259 -0.017326841474725647 0.0014854935628752554 0.0050799797259030799
leaf_weight=5.9999999999999991 8.9999999999999982 4.9999999999999991 4.9999999999999991 10.000000000000005 7.0000000000000053 6.0000000000000027 6.9999999999999982 6.9999999999999991 10.999999999999998 4.9999999999999991 5 6 5.9999999999999991
leaf_count=6 9 5 5 10 7 6 7 7 11 5 5 6 6
internal_value=-9.26442e-05 -0.01923 -0.00484418 -0.00105205 -0.00420536 -0.000434849 0.00986341 -0.0117863 -0.00689346 0.000643743 -0.000457173 -0.00919757 -0.00392395
internal_weight=95 86 81 76 70 47 18 23 29 18 12 13 16
internal_count=95 86 81 76 70 47 18 23 29 18 12 13 16
is_linear=0
shrinkage=0.025


Tree=200
num_leaves=14
num_cat=0
split_feature=0 2 4 0 4 2 4 0 2 2 2 3 3
split_gain=521.717 163.482 25.7435 13.197 2.7377 9.96506 4.64917 7.57697 7.48838 2.60932 3.45352 3.14838 0.0700313
threshold=17.000000000000004 3.9500000000000006 132.50000000000003 15.000000000000002 93.000000000000014 3.6500000000000008 100.00000000000001 9.0000000000000018 3.6500000000000008 2.9500000000000006 3.2500000000000004 4.1500000000000012 4.0500000000000007
decision_type=2 2 2 2 2 2 2 2 2 2 2 2 2
left_child=1 2 3 4 5 9 -6 -8 -9 -1 12 -12 -11
right_child=-2 -3 -4 -5 6 -7 7 8 -10 10 11 -13 -14
leaf_value=0.0077902912866415061 0.2216445521721917 -0.12190256017010388 -0.058544774238879861 0.037404433379952723 -0.025954866591023223 0.02928556025989594 0.022323300402898039 0.0058591634275451795 -0.03300924579943379 -0.013889540724742876 -0.011351739761291764 0.0082742156132179154 -0.021080716451009115
leaf_weight=7.9999999999999991 5.9999999999999991 7.9999999999999991 4.9999999999999991 4.9999999999999991 8.0000000000000018 5.9999999999999991 5.0000000000000027 5.9999999999999982 6 4.9999999999999982 10.000000000000002 9.9999999999999982 7
leaf_count=8 6 8 5 5 8 6 5 6 6 5 10 10 7
internal_value=-9.5698e-05 -0.0155219 -0.00472544 -0.00102392 -0.00384517 -0.000188239 -0.0104694 -0.0028924 -0.0136951 -0.00476411 -0.00797042 -0.00149212 -0.0184637
internal_weight=95 89 81 76 71 46 25 17 12 40 32 20 12
internal_count=95 89 81 76 71 46 25 17 12 40 32 20 12
is_linear=0
shrinkage=0.025


Tree=201
num_leaves=14
num_cat=0
split_feature=2 0 4 2 2 3 4 3 2 3 3 3 1
split_gain=509.538 441.864 24.5221 12.6558 2.95673 4.91191 5.90034 4.76759 4.21552 6.78262 2.28436 1.92057 1.24456
threshold=3.9500000000000006 17.000000000000004 132.50000000000003 2.8500000000000001 3.4500000000000006 4.7500000000000009 112.50000000000001 4.5500000000000007 3.6500000000000008 4.3500000000000005 5.2500000000000009 4.1500000000000012 10.000000000000002
decision_type=2 2 2 2 2 2 2 2 2 2 2 2 2
left_child=1 2 3 -1 7 8 -7 12 9 11 -8 -6 -5
right_child=-2 -3 -4 4 5 6 10 -9 -10 -11 -12 -13 -14
leaf_value=0.033222305966961761 0.17675007478050567 -0.24237915821946585 -0.057137448971088113 -0.0089779860979201705 -0.017543221865263234 0.029573248086437093 0.010275575230198522 -0.028266890378048023 -0.018823687379647579 0.024881026549981193 -0.011177666773719171 0.001387392489179488 0.0051660373266185482
leaf_weight=5.9999999999999991 8.9999999999999982 4.9999999999999991 4.9999999999999991 10.000000000000005 7.0000000000000053 6.0000000000000009 6 6.9999999999999991 10.999999999999998 4.9999999999999991 6 6 5.9999999999999991
leaf_count=6 9 5 5 10 7 6 6 7 11 5 6 6 6
internal_value=-9.05164e-05 -0.0189787 -0.00461018 -0.000997132 -0.00403433 -0.000400258 0.0097671 -0.0113391 -0.00677751 0.000641317 -0.000355981 -0.00882268 -0.00359852
internal_weight=95 86 81 76 70 47 18 23 29 18 12 13 16
internal_count=95 86 81 76 70 47 18 23 29 18 12 13 16
is_linear=0
shrinkage=0.025


Tree=202
num_leaves=16
num_cat=0
split_feature=0 2 4 0 4 2 4 0 2 3 1 3 2 2 2
split_gain=516.129 167.887 23.3596 12.4392 2.61033 9.50226 4.47561 7.39507 7.1166 2.7033 5.67655 2.27611 1.70811 2.49567 0.0217113
threshold=17.000000000000004 3.9500000000000006 132.50000000000003 15.000000000000002 93.000000000000014 3.6500000000000008 100.00000000000001 9.0000000000000018 3.6500000000000008 4.7500000000000009 10.000000000000002 4.3500000000000005 3.5500000000000003 3.1500000000000008 3.4500000000000006
decision_type=2 2 2 2 2 2 2 2 2 2 2 2 2 2 2
left_child=1 2 3 4 5 9 -6 -8 -9 10 12 -12 13 -1 -15
right_child=-2 -3 -4 -5 6 -7 7 8 -10 -11 11 -13 -14 14 -16
leaf_value=-0.017026712538467499 0.2204561655800189 -0.12324030573775131 -0.055763951631692732 0.036338022465889269 -0.025370884586761629 0.02864215143265263 0.022165655287412482 0.0056418174937848129 -0.032246704591858764 -0.021457118272351531 0.00091034135419047551 0.021935664946513792 -0.022459349437401847 0.0033603945890298263 0.00061510079182111295
leaf_weight=7.0000000000000062 5.9999999999999991 7.9999999999999991 4.9999999999999991 4.9999999999999991 8.0000000000000018 5.9999999999999991 5.0000000000000027 5.9999999999999982 6 4.9999999999999991 6.9999999999999982 6 4.9999999999999991 4.9999999999999982 5
leaf_count=7 6 8 5 5 8 6 5 6 6 5 7 6 5 5 5
internal_value=-9.33375e-05 -0.0154368 -0.00449684 -0.000970091 -0.00370967 -0.000138495 -0.0101778 -0.00274354 -0.0134181 -0.00460771 -0.0020569 0.0108944 -0.00979542 -0.00578022 0.00214927
internal_weight=95 89 81 76 71 46 25 17 12 40 35 13 22 17 10
internal_count=95 89 81 76 71 46 25 17 12 40 35 13 22 17 10
is_linear=0
shrinkage=0.025


Tree=203
num_leaves=14
num_cat=0
split_feature=4 2 2 3 0 3 0 4 0 4 3 0 2
split_gain=502.005 75.5004 86.4461 5.39985 14.0668 6.22786 13.667 25.3669 0.522801 3.23684 1.48271 2.91032 1.12289
threshold=132.50000000000003 2.3000000000000003 3.9500000000000006 5.1500000000000012 13.000000000000002 4.6500000000000012 11.000000000000002 93.000000000000014 7.0000000000000009 74.500000000000014 4.3500000000000005 5.0000000000000009 3.4500000000000006
decision_type=2 2 2 2 2 2 2 2 2 2 2 2 2
left_child=1 -1 3 5 -5 8 7 -7 9 10 11 12 -3
right_child=-2 2 -4 4 -6 6 -8 -9 -10 -11 -12 -13 -14
leaf_value=-0.11124244911166337 0.175440544537876 -0.0040437838002558638 -0.095565194719367558 0.0068990624720050454 -0.046444337382431949 0.02922774858695143 0.040560544786914704 -0.037120614035261998 -0.014912887318776206 0.0089426814319772865 -0.019706199556175207 0.005554815915572206 -0.018427173841906633
leaf_weight=4.9999999999999991 8.9999999999999982 6.0000000000000044 6.9999999999999991 5.9999999999999982 6 7.0000000000000018 5.9999999999999991 7 4.9999999999999991 6.9999999999999991 6.9999999999999991 8 8.9999999999999982
leaf_count=5 9 6 7 6 6 7 6 7 5 7 7 8 9
internal_value=-8.77878e-05 -0.018836 -0.0128565 -0.00477938 -0.0199943 -0.00175964 0.00963598 -0.00391399 -0.00723569 -0.00609003 -0.00967505 -0.00642465 -0.012885
internal_weight=95 86 81 74 12 62 20 14 42 37 30 23 15
internal_count=95 86 81 74 12 62 20 14 42 37 30 23 15
is_linear=0
shrinkage=0.025


Tree=204
num_leaves=14
num_cat=0
split_feature=2 0 4 2 2 3 0 3 2 3 3 3 3
split_gain=501.625 443.156 26.1091 12.9836 2.88087 4.65156 5.75358 4.61541 3.98523 6.15031 3.60012 1.23515 0.465535
threshold=3.9500000000000006 17.000000000000004 132.50000000000003 2.8500000000000001 3.4500000000000006 4.7500000000000009 9.0000000000000018 4.5500000000000007 3.6500000000000008 4.2500000000000009 5.2500000000000009 3.9500000000000006 3.9500000000000006
decision_type=2 2 2 2 2 2 2 2 2 2 2 2 2
left_child=1 2 3 -1 7 8 -7 11 9 12 -8 -5 -6
right_child=-2 -3 -4 4 5 6 10 -9 -10 -11 -12 -13 -14
leaf_value=0.033945165141936268 0.17537178928437444 -0.24255766796951114 -0.058640792736640336 -0.010255384340700573 -0.0044710238392536399 0.029245173546575715 0.011041318211290573 -0.027656098054204548 -0.018127893473553869 0.018877858233948552 -0.016252104250284338 0.0034111873723748258 -0.015432475363054582
leaf_weight=5.9999999999999991 8.9999999999999982 4.9999999999999991 4.9999999999999991 8.0000000000000053 5.0000000000000053 6.0000000000000027 6.9999999999999982 6.9999999999999991 10.999999999999998 6.9999999999999991 5 7.9999999999999991 6
leaf_count=6 9 5 5 8 5 6 7 7 11 7 5 8 6
internal_value=-9.0165e-05 -0.0188313 -0.00444217 -0.000715514 -0.00379248 -0.000206269 0.00968718 -0.011002 -0.00641413 0.000796149 -0.00030848 -0.00338719 -0.0107304
internal_weight=95 86 81 76 70 47 18 23 29 18 12 16 11
internal_count=95 86 81 76 70 47 18 23 29 18 12 16 11
is_linear=0
shrinkage=0.025


Tree=205
num_leaves=16
num_cat=0
split_feature=0 2 4 0 4 2 4 0 2 3 1 3 2 2 2
split_gain=504.734 167.688 24.8693 12.4545 2.52353 9.17493 4.1425 7.16201 6.5817 2.46444 5.33833 2.14706 1.55727 2.37714 0.0263589
threshold=17.000000000000004 3.9500000000000006 132.50000000000003 15.000000000000002 93.000000000000014 3.6500000000000008 100.00000000000001 9.0000000000000018 3.6500000000000008 4.7500000000000009 10.000000000000002 4.3500000000000005 3.5500000000000003 3.1500000000000008 3.4500000000000006
decision_type=2 2 2 2 2 2 2 2 2 2 2 2 2 2 2
left_child=1 2 3 4 5 9 -6 -8 -9 10 12 -12 13 -1 -15
right_child=-2 -3 -4 -5 6 -7 7 8 -10 -11 11 -13 -14 14 -16
leaf_value=-0.016530167870223506 0.21800654933096905 -0.12300718034186016 -0.057231157788863542 0.036634498261488402 -0.024416030125647047 0.028351047514907773 0.021868604650864223 0.0051786503484172212 -0.031255640377921438 -0.020409556664526464 0.00096712541093842879 0.021397609912580058 -0.021488133875223307 0.0034952062540329421 0.00054621587579066922
leaf_weight=7.0000000000000062 5.9999999999999991 7.9999999999999991 4.9999999999999991 4.9999999999999991 8.0000000000000018 5.9999999999999991 5.0000000000000027 5.9999999999999982 6 4.9999999999999991 6.9999999999999982 6 4.9999999999999991 4.9999999999999982 5
leaf_count=7 6 8 5 5 8 6 5 6 6 5 7 6 5 5 5
internal_value=-9.46194e-05 -0.0152679 -0.00433485 -0.000697342 -0.00343942 1.69951e-05 -0.00979849 -0.00264306 -0.0131498 -0.00432192 -0.00188527 0.0106726 -0.00939145 -0.00555243 0.00218288
internal_weight=95 89 81 76 71 46 25 17 12 40 35 13 22 17 10
internal_count=95 89 81 76 71 46 25 17 12 40 35 13 22 17 10
is_linear=0
shrinkage=0.025


Tree=206
num_leaves=14
num_cat=0
split_feature=2 0 4 2 2 3 4 3 2 3 3 3 3
split_gain=489.078 441.758 23.6899 12.2503 2.75301 4.51569 5.63727 4.44389 3.88815 5.67747 2.04344 1.17833 0.418976
threshold=3.9500000000000006 17.000000000000004 132.50000000000003 2.8500000000000001 3.4500000000000006 4.7500000000000009 112.50000000000001 4.5500000000000007 3.6500000000000008 4.2500000000000009 5.2500000000000009 3.9500000000000006 3.9500000000000006
decision_type=2 2 2 2 2 2 2 2 2 2 2 2 2
left_child=1 2 3 -1 7 8 -7 11 9 12 -8 -5 -6
right_child=-2 -3 -4 4 5 6 10 -9 -10 -11 -12 -13 -14
leaf_value=0.032989080682877571 0.17316446148830913 -0.24196751908614089 -0.055855412666614236 -0.0099529806978818774 -0.0042707426330217896 0.028945593391695324 0.0097425919386648352 -0.027056079754968071 -0.017849098518490796 0.018216252523577874 -0.010547942019278002 0.0033944403071229055 -0.014696713945557993
leaf_weight=5.9999999999999991 8.9999999999999982 4.9999999999999991 4.9999999999999991 8.0000000000000053 5.0000000000000053 6.0000000000000009 6 6.9999999999999991 10.999999999999998 6.9999999999999991 6 7.9999999999999991 6
leaf_count=6 9 5 5 8 5 6 6 7 11 7 6 8 6
internal_value=-8.90606e-05 -0.0185945 -0.00422858 -0.000677984 -0.0036673 -0.000161247 0.00958624 -0.0107148 -0.00627844 0.000842282 -0.000306817 -0.00324259 -0.0102301
internal_weight=95 86 81 76 70 47 18 23 29 18 12 16 11
internal_count=95 86 81 76 70 47 18 23 29 18 12 16 11
is_linear=0
shrinkage=0.025


Tree=207
num_leaves=15
num_cat=0
split_feature=0 2 4 0 4 2 4 0 2 3 0 3 3 2
split_gain=499.676 171.763 22.5653 11.7562 2.39093 8.75664 3.97442 6.98653 6.25617 2.4182 5.02471 1.48834 1.15864 0.56322
threshold=17.000000000000004 3.9500000000000006 132.50000000000003 15.000000000000002 93.000000000000014 3.6500000000000008 100.00000000000001 9.0000000000000018 3.6500000000000008 4.7500000000000009 7.0000000000000009 4.0500000000000007 4.3500000000000005 3.3500000000000001
decision_type=2 2 2 2 2 2 2 2 2 2 2 2 2 2
left_child=1 2 3 4 5 9 -6 -8 -9 10 11 13 -13 -1
right_child=-2 -3 -4 -5 6 -7 7 8 -10 -11 -12 12 -14 -15
leaf_value=-0.0047611773134239232 0.21691231344255713 -0.1242305315122372 -0.054512729782324569 0.035609233895173439 -0.023832395232123566 0.027719589298771274 0.021701778127596914 0.0049812856701112566 -0.030537705315697574 -0.020134592924911817 0.020872937429409762 0.0055018099672768444 -0.0084785895842698321 -0.015211848493503488
leaf_weight=6.0000000000000027 5.9999999999999991 7.9999999999999991 4.9999999999999991 4.9999999999999991 8.0000000000000018 5.9999999999999991 5.0000000000000027 5.9999999999999982 6 4.9999999999999991 4.9999999999999991 8.9999999999999982 5.9999999999999991 8.9999999999999982
leaf_count=6 6 8 5 5 8 6 5 6 6 5 5 9 6 9
internal_value=-9.32401e-05 -0.0151904 -0.00412614 -0.000660449 -0.00332506 3.857e-05 -0.00951493 -0.00250585 -0.0128852 -0.00419974 -0.00178635 -0.00571751 -4.60924e-05 -0.0112315
internal_weight=95 89 81 76 71 46 25 17 12 40 35 30 15 15
internal_count=95 89 81 76 71 46 25 17 12 40 35 30 15 15
is_linear=0
shrinkage=0.025


Tree=208
num_leaves=13
num_cat=0
split_feature=4 2 3 2 2 3 0 3 2 3 2 3
split_gain=483.022 74.8774 200.997 11.7145 2.37089 2.64077 6.08937 6.68272 3.95726 5.01709 1.51846 1.05388
threshold=132.50000000000003 3.9500000000000006 5.3500000000000005 2.8500000000000001 3.2500000000000004 4.7500000000000009 9.0000000000000018 5.2500000000000009 3.6500000000000008 4.3500000000000005 3.0500000000000003 4.1500000000000012
decision_type=2 2 2 2 2 2 2 2 2 2 2 2
left_child=1 2 3 -1 10 8 -7 -8 9 11 -5 -6
right_child=-2 -3 -4 4 5 6 7 -9 -10 -11 -12 -13
leaf_value=0.032063183813325818 0.17208918851354851 -0.095704546239640975 -0.16163751674959295 -0.0041187327355146413 -0.010385919122823642 0.024377903502641442 0.010972047472993535 -0.026188431794826796 -0.017575903772376483 0.022186225874779319 -0.019801303939666694 0.0023850981746950453
leaf_weight=5.9999999999999991 8.9999999999999982 6.9999999999999991 4.9999999999999991 7.9999999999999991 11.000000000000005 7.0000000000000027 6.9999999999999982 5 10.999999999999998 4.9999999999999991 7.9999999999999991 5.9999999999999991
leaf_count=6 9 7 5 8 11 7 7 5 11 5 8 6
internal_value=-8.81983e-05 -0.0184787 -0.0113958 -0.000819127 -0.00382435 -0.00119112 0.00616353 -0.00458452 -0.00547489 0.000623139 -0.0121848 -0.0058305
internal_weight=95 86 79 74 68 52 19 12 33 22 16 17
internal_count=95 86 79 74 68 52 19 12 33 22 16 17
is_linear=0
shrinkage=0.025


Tree=209
num_leaves=16
num_cat=0
split_feature=2 0 4 0 4 2 4 0 2 3 1 3 2 2 2
split_gain=482.115 437.232 25.1264 11.4259 2.32271 8.77846 3.82458 6.62378 5.91919 2.45808 4.82911 1.88429 1.55469 2.34653 0.0295102
threshold=3.9500000000000006 17.000000000000004 132.50000000000003 15.000000000000002 93.000000000000014 3.6500000000000008 100.00000000000001 9.0000000000000018 3.6500000000000008 4.7500000000000009 10.000000000000002 4.3500000000000005 3.5500000000000003 3.1500000000000008 3.4500000000000006
decision_type=2 2 2 2 2 2 2 2 2 2 2 2 2 2 2
left_child=1 2 3 4 5 9 -6 -8 -9 10 12 -12 13 -1 -15
right_child=-2 -3 -4 -5 6 -7 7 8 -10 -11 11 -13 -14 14 -16
leaf_value=-0.015872836982210464 0.17192589899768004 -0.24068861890297671 -0.05733908804563375 0.035241286112711982 -0.023288937164300184 0.027885903321927592 0.021199196347823496 0.0048949995348530444 -0.029649549001647575 -0.020135039941837584 0.0011855103489425449 0.020352396741509435 -0.020852522265452606 0.0041414038493083078 0.00095399947693714708
leaf_weight=7.0000000000000062 8.9999999999999982 4.9999999999999991 4.9999999999999991 4.9999999999999991 8.0000000000000018 5.9999999999999991 5.0000000000000027 5.9999999999999982 6 4.9999999999999991 6.9999999999999982 6 4.9999999999999991 4.9999999999999982 5
leaf_count=7 9 5 5 5 8 6 5 6 6 5 7 6 5 5 5
internal_value=-8.97406e-05 -0.018463 -0.00417095 -0.000515322 -0.00314287 0.00017185 -0.00924451 -0.00236874 -0.0124777 -0.00407222 -0.00164065 0.0103008 -0.0087825 -0.00495862 0.00272021
internal_weight=95 86 81 76 71 46 25 17 12 40 35 13 22 17 10
internal_count=95 86 81 76 71 46 25 17 12 40 35 13 22 17 10
is_linear=0
shrinkage=0.025


end of trees

feature_importances:
boost_clock_ghz=721
base_clock_ghz=717
core_count=566
tdp_watts=359
thread_count=322

parameters:
[boosting: gbdt]
[objective: regression]
[metric: l1,l2]
[tree_learner: serial]
[device_type: cpu]
[data_sample_strategy: bagging]
[data: ]
[valid: ]
[num_iterations: 700]
[learning_rate: 0.025]
[num_leaves: 24]
[num_threads: 1]
[seed: 20260722]
[deterministic: 1]
[force_col_wise: 1]
[force_row_wise: 0]
[histogram_pool_size: -1]
[max_depth: -1]
[min_data_in_leaf: 5]
[min_sum_hessian_in_leaf: 0.001]
[bagging_fraction: 1]
[pos_bagging_fraction: 1]
[neg_bagging_fraction: 1]
[bagging_freq: 0]
[bagging_seed: 20260722]
[bagging_by_query: 0]
[feature_fraction: 1]
[feature_fraction_bynode: 1]
[feature_fraction_seed: 20260722]
[extra_trees: 0]
[extra_seed: 20260722]
[early_stopping_round: 0]
[early_stopping_min_delta: 0]
[first_metric_only: 0]
[max_delta_step: 0]
[lambda_l1: 0.05]
[lambda_l2: 0.2]
[linear_lambda: 0]
[min_gain_to_split: 0]
[drop_rate: 0.1]
[max_drop: 50]
[skip_drop: 0.5]
[xgboost_dart_mode: 0]
[uniform_drop: 0]
[drop_seed: 20260722]
[top_rate: 0.2]
[other_rate: 0.1]
[min_data_per_group: 100]
[max_cat_threshold: 32]
[cat_l2: 10]
[cat_smooth: 10]
[max_cat_to_onehot: 4]
[top_k: 20]
[monotone_constraints: ]
[monotone_constraints_method: basic]
[monotone_penalty: 0]
[feature_contri: ]
[forcedsplits_filename: ]
[refit_decay_rate: 0.9]
[cegb_tradeoff: 1]
[cegb_penalty_split: 0]
[cegb_penalty_feature_lazy: ]
[cegb_penalty_feature_coupled: ]
[path_smooth: 0]
[interaction_constraints: ]
[verbosity: -1]
[saved_feature_importance_type: 0]
[use_quantized_grad: 0]
[num_grad_quant_bins: 4]
[quant_train_renew_leaf: 0]
[stochastic_rounding: 1]
[linear_tree: 0]
[max_bin: 255]
[max_bin_by_feature: ]
[min_data_in_bin: 3]
[bin_construct_sample_cnt: 200000]
[data_random_seed: 20260722]
[is_enable_sparse: 1]
[enable_bundle: 1]
[use_missing: 1]
[zero_as_missing: 0]
[feature_pre_filter: 1]
[pre_partition: 0]
[two_round: 0]
[header: 0]
[label_column: ]
[weight_column: ]
[group_column: ]
[ignore_column: ]
[categorical_feature: ]
[forcedbins_filename: ]
[precise_float_parser: 0]
[parser_config_file: ]
[objective_seed: 28388]
[num_class: 1]
[is_unbalance: 0]
[scale_pos_weight: 1]
[sigmoid: 1]
[boost_from_average: 1]
[reg_sqrt: 0]
[alpha: 0.9]
[fair_c: 1]
[poisson_max_delta_step: 0.7]
[tweedie_variance_power: 1.5]
[lambdarank_truncation_level: 30]
[lambdarank_norm: 1]
[label_gain: ]
[lambdarank_position_bias_regularization: 0]
[eval_at: ]
[multi_error_top_k: 1]
[auc_mu_weights: ]
[num_machines: 1]
[local_listen_port: 12400]
[time_out: 120]
[machine_list_filename: ]
[machines: ]
[gpu_platform_id: -1]
[gpu_device_id: -1]
[gpu_device_id_list: ]
[gpu_use_dp: 0]
[num_gpu: 1]

end of parameters

pandas_categorical:[]
