tree
version=v4
num_class=1
num_tree_per_iteration=1
label_index=0
max_feature_idx=5
objective=regression
feature_names=generation_index compute_units vram_gb memory_bandwidth_gbps boost_clock_mhz board_power_w
feature_infos=[1:6] [25.358000000000001:92.340999999999994] [8:28] [317.43799999999999:960.66300000000001] [1374.037:2034.991] [195.78700000000001:535.57399999999996]
tree_sizes=1329 1369 1385 1384 1475 1495 1477 1489 1488 1569 1479 1555 1497 1484 1556 1555 1647 1666 1648 1744 1642 1667 1575 1657 1587 1482 1734 1681 1584 1661 1678 1681 1666 1665 1597 1679 1607 1677 1665 1733 1884 1753 1834 1812 1937 1825 1720 1757 1826 1849 1905 1812 1727 1831 1891 1669 1811 1907 1824 1925 1710 2021 1827 1848 1909 1722 1747 2082 1827 1998 1841 1921 1944 1825 1888 2020 1925 1829 2011 2009 2007 2100 1753 1924 2176 1934 2011 1903 1975 1885 1962 1866 1954 2038 1808 1886 2000 1965 1871 2062 2073 1988 1965 1809 1935 1984 2235 2155 2033 2064 2049 1976 2055 1890 2112 2092 2158 2006 2164 2054 2152 1959 2036 1962 1986 1918 2072 1941 2009 2192 2010 1936 2133 2113 2113 2055 2131 2128 2130 2034 2135 2104 2130 2103 2100 2183 2006 2017 2110 2191 2101 2204 2204 2005 2036 2203 2037 2144 2121 2141 2210 2202 2042 1929 2205 2198 2312 2241 2322 2324 2248 2225 2224 2213 2226 2235 2327 2233 2238 2103 2195 2277 2327 2359 2147 2155 2243 2165 2427 2325 2404 2396 2169 2400 2205 2289 2396 2378 2400 2396 2258 2418 2323 2386 2260 2319 2341 2429 2431 2366 2362 2373 2381 2430 2317 2320 2419 2363 2388 2363 2424 2350 2417 2469 2431 2469 2436 2352 2325 2372 2327 2418 2301 2298 2356 2277 2316 2267 2358 2303 2291 2458 2290 2475 2321 2363 2477 2464 2473 2288 2343 2382

Tree=0
num_leaves=14
num_cat=0
split_feature=5 0 1 1 4 3 0 1 4 3 0 4 1
split_gain=389672 85832.7 20437.6 15048.4 4888.05 2815.4 2692.64 1358.15 766.409 564.851 110.191 108.217 60.5971
threshold=299.52400000000006 3.5000000000000004 41.88900000000001 56.583000000000006 1875.2530000000002 438.47750000000002 1.5000000000000002 45.717000000000006 1737.0670000000002 568.22250000000008 2.5000000000000004 1782.5045000000002 65.010000000000005
decision_type=2 2 2 2 2 2 2 2 2 2 2 2 2
left_child=2 6 5 -3 -5 -1 9 -4 10 -2 -8 -10 -11
right_child=1 3 7 4 -6 -7 8 -9 11 12 -12 -13 -14
leaf_value=172.94666581672044 174.96658019031216 175.94585410844343 174.01913274881232 176.91479173778376 177.53986618616429 173.48345116777153 175.39845578854394 174.5470488080656 175.64926552342044 175.33546093557044 175.53498562364399 175.84001869258717 175.21974631109808
leaf_weight=18 4.9999999999999991 7.9999999999999991 5.9999999999999991 26 14.999999999999998 18 8.0000000000000036 8.9999999999999982 6.9999999999999982 5.9999999999999982 8 5 5
leaf_count=18 5 8 6 26 15 18 8 9 7 6 8 5 5
internal_value=175.28 176.242 173.528 176.96 177.153 173.204 175.439 174.322 175.586 175.181 175.469 175.737 175.283
internal_weight=144 93 51 49 41 36 44 15 28 16 16 12 11
internal_count=144 93 51 49 41 36 44 15 28 16 16 12 11
is_linear=0
shrinkage=1


Tree=1
num_leaves=14
num_cat=0
split_feature=5 0 1 1 4 3 0 1 4 3 0 4 1
split_gain=370684 81633.3 19424.4 14320.4 4308.98 2677.7 2564.02 1294.38 730.041 538.004 104.863 103.228 57.7102
threshold=299.52400000000006 3.5000000000000004 41.88900000000001 60.95150000000001 1875.2530000000002 438.47750000000002 1.5000000000000002 45.717000000000006 1737.0670000000002 568.22250000000008 2.5000000000000004 1782.5045000000002 65.010000000000005
decision_type=2 2 2 2 2 2 2 2 2 2 2 2 2
left_child=2 6 5 -3 -5 -1 9 -4 10 -2 -8 -10 -11
right_child=1 3 7 4 -6 -7 8 -9 11 12 -12 -13 -14
leaf_value=-2.2753321301806109 -0.30557588866123786 0.71572682961173684 -1.230052714194021 1.6080049363393636 2.2044226420553108 -1.751819048871051 0.11587629820697186 -0.71471612142479946 0.36060001850128182 0.054428875254046542 0.2490761314950338 0.54686646828284624 -0.058495498391298133
leaf_weight=18 4.9999999999999991 8.9999999999999982 5.9999999999999991 25 14.999999999999998 18 8.0000000000000036 8.9999999999999982 6.9999999999999982 5.9999999999999982 8 5 5
leaf_count=18 5 9 6 25 15 18 8 9 7 6 8 5 5
internal_value=-1.08024e-05 0.938807 -1.70898 1.63854 1.84155 -2.02473 0.155643 -0.934406 0.299163 -0.0960316 0.184806 0.446006 0.00286004
internal_weight=144 93 51 49 40 36 44 15 28 16 16 12 11
internal_count=144 93 51 49 40 36 44 15 28 16 16 12 11
is_linear=0
shrinkage=0.025


Tree=2
num_leaves=14
num_cat=0
split_feature=5 0 1 1 4 3 4 1 3 4 0 0 4
split_gain=352622 77640.2 18461.5 13649.8 4421.43 2546.73 2449.62 1244.62 645.825 522.788 157.708 156.834 16.046
threshold=299.52400000000006 3.5000000000000004 41.88900000000001 56.583000000000006 1875.2530000000002 438.47750000000002 1675.7920000000001 45.883000000000003 579.34900000000016 1764.3165000000001 1.5000000000000002 2.5000000000000004 1726.3270000000002
decision_type=2 2 2 2 2 2 2 2 2 2 2 2 2
left_child=2 6 5 -3 -5 -1 8 -4 -2 11 -10 12 -8
right_child=1 3 7 4 -6 -7 9 -9 10 -11 -12 -13 -14
leaf_value=-2.219073980981177 -0.27187827498682066 0.63246669769287112 -1.1030372101327648 1.5555016677798208 2.1500372309433788 -1.7085047491304168 0.11921609915219807 -0.59813768325313432 -0.042453748732805253 0.48028388604885203 0.129720787535752 0.32181082401010724 0.19645543144299432
leaf_weight=18 6.0000000000000027 7.9999999999999991 8.9999999999999982 26 14.999999999999998 18 5.0000000000000053 5.9999999999999991 6.9999999999999982 7.9999999999999991 6 6.9999999999999991 5
leaf_count=18 6 8 9 26 15 18 5 6 7 8 6 7 5
internal_value=-2.65464e-05 0.915633 -1.66684 1.59804 1.78243 -1.97467 0.151862 -0.911687 -0.0618252 0.313516 0.0376782 0.230292 0.161053
internal_weight=144 93 51 49 41 36 44 15 19 25 13 17 10
internal_count=144 93 51 49 41 36 44 15 19 25 13 17 10
is_linear=0
shrinkage=0.025


Tree=3
num_leaves=14
num_cat=0
split_feature=5 0 1 1 4 3 4 1 3 4 5 0 4
split_gain=335434 73841.7 17548.5 12976.8 4209.77 2422.16 2332.16 1199.36 614.96 497.35 156.498 149.18 15.2688
threshold=299.52400000000006 3.5000000000000004 41.88900000000001 56.583000000000006 1875.2530000000002 438.47750000000002 1675.7920000000001 45.717000000000006 579.34900000000016 1764.3165000000001 405.31800000000004 2.5000000000000004 1726.3270000000002
decision_type=2 2 2 2 2 2 2 2 2 2 2 2 2
left_child=2 6 5 -3 -5 -1 8 -4 -2 11 -10 12 -8
right_child=1 3 7 4 -6 -7 9 -9 10 -11 -12 -13 -14
leaf_value=-2.1642068548516913 -0.26530056379495115 0.61704064636695677 -1.173606946391444 1.5169109817679605 2.0969934890144755 -1.6662615252065138 0.11635032961001748 -0.67849224857662049 0.11566395420167185 0.46856964564904935 -0.055839884473431481 0.31398902734120693 0.19173294397500842
leaf_weight=18 6.0000000000000027 7.9999999999999991 5.9999999999999991 26 14.999999999999998 18 5.0000000000000053 8.9999999999999982 6.9999999999999982 7.9999999999999991 6 6.9999999999999991 5
leaf_count=18 6 8 6 26 15 18 5 9 7 8 6 7 5
internal_value=-3.7652e-05 0.893027 -1.62572 1.55853 1.73832 -1.92585 0.148173 -0.889457 -0.0603276 0.305904 0.0367669 0.224724 0.157185
internal_weight=144 93 51 49 41 36 44 15 19 25 13 17 10
internal_count=144 93 51 49 41 36 44 15 19 25 13 17 10
is_linear=0
shrinkage=0.025


Tree=4
num_leaves=15
num_cat=0
split_feature=5 0 1 1 4 3 0 1 4 3 4 4 0 1
split_gain=319088 70229.3 16678.5 12360.8 3708.37 2303.68 2228.95 1147.78 636.372 467.07 107.063 93.7819 89.5995 56.5831
threshold=299.52400000000006 3.5000000000000004 41.88900000000001 60.95150000000001 1875.2530000000002 438.47750000000002 1.5000000000000002 45.883000000000003 1737.0670000000002 568.22250000000008 1790.8060000000003 1782.5045000000002 2.5000000000000004 65.010000000000005
decision_type=2 2 2 2 2 2 2 2 2 2 2 2 2 2
left_child=2 6 5 -3 10 -1 9 -4 12 -2 -5 -10 -8 -11
right_child=1 3 7 4 -6 -7 8 -9 11 13 -12 -13 -14 -15
leaf_value=-2.1106962308778869 -0.28531736642695388 0.6627105013183926 -1.0513946574667228 1.3324055108867707 2.0452584768596451 -1.6250627790178573 0.10785273384393711 -0.56725146385931191 0.33484050035476692 0.053147418172128751 1.6166565837282125 0.51091166276198163 0.23106465455962388 -0.058670478142224813
leaf_weight=18 4.9999999999999991 8.9999999999999982 8.9999999999999982 12.000000000000002 14.999999999999998 18 8.0000000000000036 5.9999999999999991 6.9999999999999982 5.9999999999999982 12.999999999999998 5 8 5
leaf_count=18 5 9 9 12 15 18 8 6 7 6 13 5 8 5
internal_value=-5.57023e-05 0.870977 -1.58563 1.52 1.7086 -1.87823 0.14457 -0.867832 0.278385 -0.0900755 1.49192 0.415479 0.171628 0.00206942
internal_weight=144 93 51 49 40 36 44 15 28 16 25 12 16 11
internal_count=144 93 51 49 40 36 44 15 28 16 25 12 16 11
is_linear=0
shrinkage=0.025


Tree=5
num_leaves=15
num_cat=0
split_feature=5 0 1 1 4 3 4 1 3 4 5 0 4 4
split_gain=303556 66808.9 15853.8 11774.4 3802.99 2190.98 2135.66 1111.28 555.956 447.152 144.519 135.298 13.3354 12.8758
threshold=299.52400000000006 3.5000000000000004 41.88900000000001 56.583000000000006 1875.2530000000002 438.47750000000002 1675.7920000000001 45.717000000000006 579.34900000000016 1764.3165000000001 405.31800000000004 2.5000000000000004 1726.3270000000002 1805.2390000000003
decision_type=2 2 2 2 2 2 2 2 2 2 2 2 2 2
left_child=2 6 5 -3 13 -1 8 -4 -2 11 -10 12 -8 -5
right_child=1 3 7 4 -6 -7 9 -9 10 -11 -12 -13 -14 -15
leaf_value=-2.0585085313398763 -0.25334395004376276 0.58582720872832517 -1.1197762458555161 1.3147315293970241 1.9947998197455157 -1.5848826984782798 0.11202442737726051 -0.64407886422198757 0.10970759064786967 0.44629024063668599 -0.055083865407974476 0.3000205298264822 0.18314938453527596 1.569256913857382
leaf_weight=18 6.0000000000000027 7.9999999999999991 5.9999999999999991 14.000000000000002 14.999999999999998 18 5.0000000000000053 8.9999999999999982 6.9999999999999982 7.9999999999999991 6 6.9999999999999991 5 11.999999999999998
leaf_count=18 6 8 6 14 15 18 5 9 7 8 6 7 5 12
internal_value=-1.19446e-05 0.849556 -1.54652 1.48257 1.65382 -1.83179 0.141058 -0.84667 -0.0584561 0.291999 0.0338731 0.214974 0.150603 1.44333
internal_weight=144 93 51 49 41 36 44 15 19 25 13 17 10 26
internal_count=144 93 51 49 41 36 44 15 19 25 13 17 10 26
is_linear=0
shrinkage=0.025


Tree=6
num_leaves=15
num_cat=0
split_feature=5 0 1 1 4 3 0 1 4 3 0 0 1 4
split_gain=288783 63554.8 15067.8 11197.8 3616.17 2083.8 2035.9 1059.07 578.702 422.767 139.628 82.9584 53.3183 12.5446
threshold=299.52400000000006 3.5000000000000004 41.88900000000001 56.583000000000006 1875.2530000000002 438.47750000000002 1.5000000000000002 45.717000000000006 1730.3280000000002 568.22250000000008 2.5000000000000004 2.5000000000000004 65.010000000000005 1805.2390000000003
decision_type=2 2 2 2 2 2 2 2 2 2 2 2 2 2
left_child=2 6 5 -3 13 -1 9 -4 11 -2 -10 -8 -11 -5
right_child=1 3 7 4 -6 -7 8 -9 10 12 -12 -13 -14 -15
leaf_value=-2.0076114989899021 -0.27236879457934549 0.57153874839224472 -1.0926849426761751 1.2823261798267633 1.9455858958394907 -1.545695990258521 0.083666308306985404 -0.62832693742669155 0.25374132944987376 0.050661949428819845 0.44099354018335757 0.20901421937677594 -0.05788475710612076 1.5306686479537215
leaf_weight=18 4.9999999999999991 7.9999999999999991 5.9999999999999991 14.000000000000002 14.999999999999998 18 7.0000000000000018 8.9999999999999982 4.9999999999999973 5.9999999999999982 9 7 5 11.999999999999998
leaf_count=18 5 8 6 14 15 18 7 9 5 6 9 7 5 12
internal_value=3.07031e-06 0.828658 -1.50838 1.44607 1.61307 -1.7865 0.137629 -0.826086 0.265519 -0.0866182 0.378722 0.148489 0.00105833 1.4078
internal_weight=144 93 51 49 41 36 44 15 28 16 14 14 11 26
internal_count=144 93 51 49 41 36 44 15 28 16 14 14 11 26
is_linear=0
shrinkage=0.025


Tree=7
num_leaves=15
num_cat=0
split_feature=5 0 1 1 4 3 4 1 3 4 0 0 4 4
split_gain=274727 60460.5 14320.7 10662 3181.84 1981.86 1953.11 1026.57 503.198 406.804 138.289 119.702 101.827 11.4489
threshold=299.52400000000006 3.5000000000000004 41.88900000000001 60.95150000000001 1875.2530000000002 438.47750000000002 1675.7920000000001 45.883000000000003 579.34900000000016 1764.3165000000001 1.5000000000000002 2.5000000000000004 1790.8060000000003 1726.3270000000002
decision_type=2 2 2 2 2 2 2 2 2 2 2 2 2 2
left_child=2 6 5 -3 12 -1 8 -4 -2 11 -10 13 -5 -8
right_child=1 3 7 4 -6 -7 9 -9 10 -11 -12 -13 -14 -15
leaf_value=-1.9579726879413313 -0.24192763389118244 0.61428556027619741 -0.97923559002254335 1.2357793776715387 1.8975862189343105 -1.50747826230395 0.10815953325766769 -0.52274363733107043 -0.043624271990524405 0.42579096468483535 0.11755762975062092 0.28523170683119037 1.501481018644391 0.1749630740055671
leaf_weight=18 6.0000000000000027 8.9999999999999982 8.9999999999999982 12.000000000000002 14.999999999999998 18 5.0000000000000053 5.9999999999999991 6.9999999999999982 7.9999999999999991 6 6.9999999999999991 12.999999999999998 5
leaf_count=18 6 9 9 12 15 18 5 6 7 8 6 7 13 5
internal_value=2.99115e-05 0.808267 -1.47119 1.41046 1.58562 -1.74233 0.134269 -0.806002 -0.0565202 0.278617 0.0313267 0.20514 1.38481 0.14446
internal_weight=144 93 51 49 40 36 44 15 19 25 13 17 25 10
internal_count=144 93 51 49 40 36 44 15 19 25 13 17 25 10
is_linear=0
shrinkage=0.025


Tree=8
num_leaves=15
num_cat=0
split_feature=5 0 1 1 4 3 4 1 3 4 5 0 4 4
split_gain=261354 57515.8 13612.5 10164 3262.38 1884.9 1859.47 980.965 479.151 387.002 133.73 113.854 10.8915 5.54581
threshold=299.52400000000006 3.5000000000000004 41.88900000000001 56.583000000000006 1875.2530000000002 438.47750000000002 1675.7920000000001 45.717000000000006 579.34900000000016 1764.3165000000001 405.31800000000004 2.5000000000000004 1726.3270000000002 1805.2390000000003
decision_type=2 2 2 2 2 2 2 2 2 2 2 2 2 2
left_child=2 6 5 -3 13 -1 8 -4 -2 11 -10 12 -8 -5
right_child=1 3 7 4 -6 -7 9 -9 10 -11 -12 -13 -14 -15
leaf_value=-1.9095613500574136 -0.23607454045164955 0.54261619928406513 -1.0425577902024792 1.2208866119384765 1.8507708424016052 -1.4702054264781241 0.10555954655775644 -0.59645436432050625 0.10354155057834256 0.41540582354475819 -0.054957418960909679 0.27829898794492086 0.17075723157479211 1.4561075523251397
leaf_weight=18 6.0000000000000027 7.9999999999999991 5.9999999999999991 14.000000000000002 14.999999999999998 18 5.0000000000000053 8.9999999999999982 6.9999999999999982 7.9999999999999991 6 6.9999999999999991 5 11.999999999999998
leaf_count=18 6 8 6 14 15 18 5 9 7 8 6 7 5 12
internal_value=6.8007e-05 0.788388 -1.4349 1.37573 1.53484 -1.69925 0.131007 -0.786348 -0.055151 0.271852 0.0305692 0.20018 0.14099 1.33978
internal_weight=144 93 51 49 41 36 44 15 19 25 13 17 10 26
internal_count=144 93 51 49 41 36 44 15 19 25 13 17 10 26
is_linear=0
shrinkage=0.025


Tree=9
num_leaves=16
num_cat=0
split_feature=5 0 1 1 4 3 4 1 4 4 0 4 0 4 4
split_gain=248635 54714.4 12937.6 9666.19 3102.1 1792.68 1770.39 946.719 459.038 373.873 131.361 115.016 75.5508 37.4533 5.51955
threshold=299.52400000000006 3.5000000000000004 41.88900000000001 56.583000000000006 1875.2530000000002 438.47750000000002 1675.7920000000001 45.883000000000003 1610.7190000000003 1782.5045000000002 1.5000000000000002 1730.3280000000002 2.5000000000000004 1707.4325000000001 1805.2390000000003
decision_type=2 2 2 2 2 2 2 2 2 2 2 2 2 2 2
left_child=2 6 5 -3 14 -1 8 -4 -2 11 -10 13 -13 -8 -5
right_child=1 3 7 4 -6 -7 9 -9 10 -11 -12 12 -14 -15 -16
leaf_value=-1.8623469258402734 -0.2309079163497493 0.52938166536935949 -0.93342627960702651 1.1907943456945282 1.805110421933626 -1.4338541858798857 0.19660694530376999 -0.49566627010222408 -0.042960379728012615 0.45798039069542523 0.11412578609681896 0.19098602327016689 0.34617045384186962 0.092747466839276815 1.420301693775615
leaf_weight=18 6.0000000000000027 7.9999999999999991 8.9999999999999982 14.000000000000002 14.999999999999998 18 5.0000000000000053 5.9999999999999991 6.9999999999999982 4.9999999999999991 6 4.9999999999999982 5 5 11.999999999999998
leaf_count=18 6 8 9 14 15 18 5 6 7 5 6 5 5 5 12
internal_value=9.56746e-05 0.768995 -1.39952 1.34186 1.49702 -1.65724 0.127822 -0.76723 -0.053821 0.265252 0.0300769 0.212951 0.273967 0.147637 1.3068
internal_weight=144 93 51 49 41 36 44 15 19 25 13 20 10 10 26
internal_count=144 93 51 49 41 36 44 15 19 25 13 20 10 10 26
is_linear=0
shrinkage=0.025


Tree=10
num_leaves=15
num_cat=0
split_feature=5 0 1 1 4 3 0 1 4 3 4 4 0 1
split_gain=236536 52045.7 12297.8 9196.54 2730.05 1704.96 1686.93 908.595 483.107 355.465 96.7 79.6404 66.0967 54.3878
threshold=299.52400000000006 3.5000000000000004 41.88900000000001 60.95150000000001 1875.2530000000002 438.47750000000002 1.5000000000000002 45.717000000000006 1737.0670000000002 568.22250000000008 1790.8060000000003 1782.5045000000002 2.5000000000000004 65.010000000000005
decision_type=2 2 2 2 2 2 2 2 2 2 2 2 2 2
left_child=2 6 5 -3 10 -1 9 -4 12 -2 -5 -10 -8 -11
right_child=1 3 7 4 -6 -7 8 -9 11 13 -12 -13 -14 -15
leaf_value=-1.8162997989864142 -0.24968394671495148 0.56940446003623635 -0.99475175026924367 1.1460877152739977 1.760576353575054 -1.3984017728449227 0.093316269756817186 -0.56617619213850601 0.28805569873915782 0.051124579771872493 1.3945721915273959 0.44697122940650352 0.19925397838034281 -0.058505541200821201
leaf_weight=18 4.9999999999999991 8.9999999999999982 5.9999999999999991 12.000000000000002 14.999999999999998 18 8.0000000000000036 8.9999999999999982 6.9999999999999982 5.9999999999999982 12.999999999999998 5 8 5
leaf_count=18 5 9 6 12 15 18 8 9 7 6 13 5 8 5
internal_value=0.00014056 0.750098 -1.36499 1.30881 1.47149 -1.61627 0.124756 -0.748522 0.241173 -0.0793588 1.28539 0.360615 0.148168 0.00102621
internal_weight=144 93 51 49 40 36 44 15 28 16 25 12 16 11
internal_count=144 93 51 49 40 36 44 15 28 16 25 12 16 11
is_linear=0
shrinkage=0.025


Tree=11
num_leaves=16
num_cat=0
split_feature=1 0 1 1 4 4 3 1 4 4 3 5 4 0 4
split_gain=225084 49526.3 11670.9 8751.94 2820.56 1622.15 1621.54 865.602 420.893 336.656 185.022 126.386 104.795 70.1527 34.6333
threshold=48.252000000000002 3.5000000000000004 41.88900000000001 56.583000000000006 1826.9415000000001 1675.7920000000001 438.47750000000002 45.883000000000003 1610.7190000000003 1782.5045000000002 882.16200000000015 405.31800000000004 1730.3280000000002 2.5000000000000004 1707.4325000000001
decision_type=2 2 2 2 2 2 2 2 2 2 2 2 2 2 2
left_child=2 5 6 -3 -5 8 -1 -4 -2 12 -6 -10 14 -14 -7
right_child=1 3 7 4 10 9 -8 -9 11 -11 -12 -13 13 -15 -16
leaf_value=-1.7713912963867189 -0.2217065627536465 0.5036640492881217 -0.88976353458736268 1.1713078310092291 1.4739742047858959 0.18831253372705881 -1.3638259332258624 -0.4714076180611888 0.099160805179013156 0.4362267264953027 1.8193226565485419 -0.054909774180381524 0.18207300603389745 0.33135156539770272 0.088495378081615131
leaf_weight=18 6.0000000000000027 7.9999999999999991 8.9999999999999982 19 13.000000000000002 5.0000000000000053 18 5.9999999999999991 6.9999999999999982 4.9999999999999991 8.9999999999999982 6 4.9999999999999982 5 5
leaf_count=18 6 8 9 19 13 5 18 6 7 5 9 6 5 5 5
internal_value=0.000167494 0.731745 -1.33151 1.27677 1.42441 0.121726 -1.5763 -0.730908 -0.0521387 0.253277 1.63043 0.0282021 0.203612 0.261868 0.14124
internal_weight=144 93 51 49 41 44 36 15 19 25 22 13 20 10 10
internal_count=144 93 51 49 41 44 36 15 19 25 22 13 20 10 10
is_linear=0
shrinkage=0.025


Tree=12
num_leaves=15
num_cat=0
split_feature=5 0 1 1 4 1 4 1 4 3 3 0 1 5
split_gain=214233 47139.5 11064.7 8286.56 2687.14 1567.7 1547.98 828.04 392.763 326.267 177.493 153.402 69.934 50.8376
threshold=299.52400000000006 3.5000000000000004 41.88900000000001 56.583000000000006 1826.9415000000001 36.984500000000004 1661.6445000000001 45.717000000000006 1730.3280000000002 568.22250000000008 882.16200000000015 2.5000000000000004 66.848500000000016 400.8780000000001
decision_type=2 2 2 2 2 2 2 2 2 2 2 2 2 2
left_child=2 6 5 -3 -5 -1 9 -4 12 -2 -6 -10 -8 -11
right_child=1 3 7 4 10 -7 8 -9 11 13 -12 -13 -14 -15
leaf_value=-1.6707419750119046 -0.23989506787978687 0.49327029018867308 -0.94915859622340037 1.1423301935195924 1.4376831979462592 -1.2473892837274274 0.19919112531038419 -0.54003963833269875 0.2070730153591403 0.048756618461301256 1.7748284008191981 0.38444323176923001 0.077424399591073778 -0.057237432897090906
leaf_weight=24 4.9999999999999991 7.9999999999999991 5.9999999999999991 19 13.000000000000002 11.999999999999998 5.0000000000000027 8.9999999999999982 5.9999999999999973 5.9999999999999982 8.9999999999999982 9 7.9999999999999991 5
leaf_count=24 5 8 6 19 13 12 5 9 6 6 9 9 8 5
internal_value=0.000216706 0.713943 -1.29896 1.24567 1.38935 -1.53733 0.118803 -0.714105 0.230325 -0.0767159 1.59041 0.317236 0.126661 0.000304141
internal_weight=144 93 51 49 41 36 44 15 28 16 22 15 13 11
internal_count=144 93 51 49 41 36 44 15 28 16 22 15 13 11
is_linear=0
shrinkage=0.025


Tree=13
num_leaves=15
num_cat=0
split_feature=1 0 1 1 4 3 0 1 4 3 4 2 0 1
split_gain=203871 44863.6 10496.6 7864.14 2377.46 1499.03 1483.87 783.493 413.297 308.251 101.03 81.3066 56.6131 51.9584
threshold=48.252000000000002 3.5000000000000004 41.88900000000001 60.95150000000001 1875.2530000000002 438.47750000000002 1.5000000000000002 45.717000000000006 1737.0670000000002 568.22250000000008 1790.8060000000003 26.000000000000004 2.5000000000000004 65.010000000000005
decision_type=2 2 2 2 2 2 2 2 2 2 2 2 2 2
left_child=2 6 5 -3 10 -1 9 -4 12 -2 -5 -10 -8 -11
right_child=1 3 7 4 -6 -7 8 -9 11 13 -12 -13 -14 -15
leaf_value=-1.6862836240412116 -0.23412836262812983 0.53129160456035451 -0.92619509543141998 1.0610125244640913 1.6352047405744856 -1.2957737199552768 0.088141294732326361 -0.52795482770256374 0.25293633707108037 0.048358010476635349 1.2953432892308092 0.40723389271766908 0.18635018773195219 -0.058797650956190543
leaf_weight=18 4.9999999999999991 8.9999999999999982 5.9999999999999991 12.000000000000002 14.999999999999998 18 8.0000000000000036 8.9999999999999982 5.9999999999999982 5.9999999999999982 12.999999999999998 6 8 5
leaf_count=18 5 9 6 12 15 18 8 9 6 6 13 6 8 5
internal_value=0.000248484 0.696501 -1.26712 1.21524 1.36568 -1.4993 0.115905 -0.697424 0.225093 -0.0755182 1.19223 0.335599 0.139017 -0.000417689
internal_weight=144 93 51 49 40 36 44 15 28 16 25 12 16 11
internal_count=144 93 51 49 40 36 44 15 28 16 25 12 16 11
is_linear=0
shrinkage=0.025


Tree=14
num_leaves=16
num_cat=0
split_feature=5 0 5 1 4 3 4 4 4 4 4 3 0 5 1
split_gain=194049 42704.9 9990.46 7461.97 2439.76 2383.17 1419.08 570.315 356.128 294.437 221.143 183.145 142.637 72.1043 64.1219
threshold=299.52400000000006 3.5000000000000004 278.24150000000003 56.583000000000006 1826.9415000000001 489.58850000000007 1661.6445000000001 1636.5410000000004 1730.3280000000002 1610.7190000000003 1664.6180000000002 882.16200000000015 2.5000000000000004 400.8780000000001 66.848500000000016
decision_type=2 2 2 2 2 2 2 2 2 2 2 2 2 2 2
left_child=2 6 5 -3 -5 -1 9 -4 14 -2 -7 -6 -10 -11 -8
right_child=1 3 7 4 11 10 8 -9 12 13 -12 -13 -14 -15 -16
leaf_value=-1.5791221895290697 -0.20948034601826826 0.47151037018473557 -0.80004817339090217 1.0866794576247534 1.3665306625944194 -1.2321712889322423 0.19058672487735737 -0.4241097874111599 0.19662091116751401 0.075269407148544618 -0.88416301837334244 1.691430825772493 0.36735893125119412 -0.056376172716800968 0.073982762708896546
leaf_weight=26 5.9999999999999991 7.9999999999999991 4.9999999999999982 19 13.000000000000002 7.9999999999999982 5.0000000000000027 7 5.9999999999999973 4.9999999999999982 5 8.9999999999999982 9 5 7.9999999999999991
leaf_count=26 6 8 5 19 13 8 5 7 6 5 5 9 9 5 8
internal_value=0.000269643 0.679543 -1.2362 1.18565 1.32199 -1.43053 0.113087 -0.591401 0.219866 -0.074107 -1.11384 1.51354 0.302632 0.0095093 0.121133
internal_weight=144 93 51 49 41 39 44 12 28 16 13 22 15 10 13
internal_count=144 93 51 49 41 39 44 12 28 16 13 22 15 10 13
is_linear=0
shrinkage=0.025


Tree=15
num_leaves=16
num_cat=0
split_feature=1 0 5 1 4 3 0 4 4 3 4 2 1 0 4
split_gain=184657 40637 9483.38 7083.11 2332.65 2258.54 1356.45 540.34 373.904 283.667 209.222 78.9742 51.0635 50.7182 16.7123
threshold=48.252000000000002 3.5000000000000004 278.24150000000003 56.583000000000006 1875.2530000000002 489.58850000000007 1.5000000000000002 1636.5410000000004 1737.0670000000002 568.22250000000008 1664.6180000000002 26.000000000000004 65.010000000000005 2.5000000000000004 1790.8060000000003
decision_type=2 2 2 2 2 2 2 2 2 2 2 2 2 2 2
left_child=2 6 5 -3 14 -1 9 -4 13 -2 -7 -10 -11 -8 -5
right_child=1 3 7 4 -6 10 8 -9 11 12 -12 -13 -14 -15 -16
leaf_value=-1.5399454852096908 -0.22483368252332397 0.46077086053243499 -0.78081624874701872 1.008200385922291 1.5563394508863753 -1.2021183479123001 0.084608022159919472 -0.41466794808705648 0.23930610841320413 0.047729235310708329 -0.86290910243988028 0.38987065592119768 -0.058498829947068121 0.17767631920372567 1.2088973743814819
leaf_weight=26 4.9999999999999991 7.9999999999999991 4.9999999999999982 12.000000000000002 14.999999999999998 7.9999999999999982 8.0000000000000036 7 5.9999999999999982 5.9999999999999982 5 6 5 8 13.999999999999998
leaf_count=26 5 8 5 12 15 8 8 7 6 6 5 6 5 8 14
internal_value=0.00027472 0.662905 -1.2059 1.1566 1.28945 -1.39524 0.110333 -0.577631 0.21473 -0.0726795 -1.0868 0.319848 -0.000627023 0.132838 1.12472
internal_weight=144 93 51 49 41 39 44 12 28 16 13 12 11 16 26
internal_count=144 93 51 49 41 39 44 12 28 16 13 12 11 16 26
is_linear=0
shrinkage=0.025


Tree=16
num_leaves=17
num_cat=0
split_feature=5 0 5 1 3 4 4 4 4 3 4 0 4 4 4 3
split_gain=175772 38681.6 8983.28 6721.67 2140.4 2052.62 1300.97 507.082 332.778 270.819 197.934 131.301 97.1148 45.576 42.7501 22.8545
threshold=299.52400000000006 3.5000000000000004 278.24150000000003 60.95150000000001 489.58850000000007 1875.2530000000002 1661.6445000000001 1636.5410000000004 1782.5045000000002 594.7170000000001 1664.6180000000002 2.5000000000000004 1790.8060000000003 1726.3270000000002 1730.3280000000002 384.22950000000009
decision_type=2 2 2 2 2 2 2 2 2 2 2 2 2 2 2 2
left_child=2 6 4 -3 15 12 9 -4 11 -2 -6 13 -5 -8 -13 -1
right_child=1 3 7 5 10 -7 8 -9 -10 -11 -12 14 -14 -15 -16 -17
leaf_value=-1.6719068630881928 -0.18589992390738597 0.49592771789301998 -0.76204659021817722 0.98340863712498372 -1.1727983288648651 1.5179428853486716 0.065027484815153774 -0.40676254762543568 0.39311215143937334 0.019315795924352567 -0.84216605333181505 0.17003317842116722 1.2032203081882364 0.16182229288162722 0.29116652195270237 -1.3931869340497396
leaf_weight=9.0000000000000018 6.9999999999999991 8.9999999999999982 4.9999999999999982 12.000000000000002 7.9999999999999982 14.999999999999998 7.0000000000000036 7 4.9999999999999991 8.9999999999999982 5 5 12.999999999999998 6 5 17
leaf_count=9 7 9 5 12 8 15 7 7 5 9 5 5 13 6 5 17
internal_value=0.000271173 0.646765 -1.17653 1.12844 -1.36082 1.26755 0.10765 -0.564966 0.209891 -0.0715756 -1.06041 0.166961 1.1064 0.111572 0.235244 -1.50174
internal_weight=144 93 51 49 39 40 44 12 28 16 13 23 25 13 10 26
internal_count=144 93 51 49 39 40 44 12 28 16 13 23 25 13 10 26
is_linear=0
shrinkage=0.025


Tree=17
num_leaves=17
num_cat=0
split_feature=1 0 5 1 0 3 4 4 3 4 4 5 4 2 0 3
split_gain=167301 36805.9 8529.87 6381.73 2148.01 2031.86 1239.79 479.914 332.782 269.847 187.246 150.481 133.978 88.7998 79.0434 23.6609
threshold=48.252000000000002 3.5000000000000004 278.24150000000003 56.583000000000006 5.5000000000000009 489.58850000000007 1675.7920000000001 1636.5410000000004 594.7170000000001 1782.5045000000002 1664.6180000000002 405.31800000000004 1817.4895000000004 26.000000000000004 2.5000000000000004 384.22950000000009
decision_type=2 2 2 2 2 2 2 2 2 2 2 2 2 2 2 2
left_child=2 6 5 -3 12 15 8 -4 -2 13 -7 -10 -5 14 -8 -1
right_child=1 3 7 4 -6 10 9 -9 11 -11 -12 -13 -14 -15 -16 -17
leaf_value=-1.6310178487197211 -0.18138152551319855 0.44018886787135431 -0.74372818470001234 0.95462893633775314 1.4695707945176115 -1.1441934957736877 0.074564655870199142 -0.39783697393205425 0.11982808363053109 0.38366233935722938 -0.82192170253166774 -0.05447662097792471 1.1770599297114783 0.25740422241149413 0.19643610533740785 -1.3587622631427856
leaf_weight=9.0000000000000018 7.0000000000000027 7.9999999999999991 4.9999999999999982 14.000000000000002 15.999999999999998 7.9999999999999982 7.0000000000000053 7 5.9999999999999982 4.9999999999999991 5 6 10.999999999999998 5.9999999999999991 7 17
leaf_count=9 7 8 5 14 16 8 7 7 6 5 5 6 11 6 7 17
internal_value=0.000225507 0.630947 -1.14786 1.1008 1.2269 -1.32745 0.105065 -0.55189 -0.046915 0.220076 -1.03467 0.0331089 1.06111 0.175723 0.137497 -1.46478
internal_weight=144 93 51 49 41 39 44 12 19 25 13 12 25 20 14 26
internal_count=144 93 51 49 41 39 44 12 19 25 13 12 25 20 14 26
is_linear=0
shrinkage=0.025


Tree=18
num_leaves=17
num_cat=0
split_feature=5 0 5 1 3 3 0 4 4 4 4 4 1 2 0 3
split_gain=159276 35032.2 8085.78 6046.8 1928.82 1895.82 1190.06 450.7 323.319 252.841 223.967 177.127 77.0617 73.0107 43.3861 24.3343
threshold=299.52400000000006 3.5000000000000004 278.24150000000003 60.95150000000001 489.58850000000007 866.5150000000001 1.5000000000000002 1636.5410000000004 1737.0670000000002 1610.7190000000003 1790.8060000000003 1664.6180000000002 65.010000000000005 26.000000000000004 2.5000000000000004 384.22950000000009
decision_type=2 2 2 2 2 2 2 2 2 2 2 2 2 2 2 2
left_child=2 6 4 -3 15 10 9 -4 14 -2 -5 -6 -11 -10 -8 -1
right_child=1 3 7 5 11 -7 8 -9 13 12 -12 -13 -14 -15 -16 -17
leaf_value=-1.5911288137021269 -0.19432702593265042 0.4739128745120505 -0.72585009244772114 0.93469675877055158 -1.1162863801165326 1.4906545138749923 0.079451062003286832 -0.39011611607339641 0.22141351603692583 0.076603117814430841 1.1658313880732032 -0.80216395488152126 -0.059491877143199617 0.36492744645764752 0.16565485611194519 -1.3251881810121759
leaf_weight=9.0000000000000018 5.9999999999999991 8.9999999999999982 4.9999999999999982 12.000000000000002 7.9999999999999982 11.999999999999998 8.0000000000000036 7 5.9999999999999982 4.9999999999999982 15.999999999999998 5 5 6 8 17
leaf_count=9 6 9 5 12 8 12 8 7 6 5 16 5 5 6 8 17
internal_value=0.00017619 0.615586 -1.12004 1.07397 -1.2949 1.20593 0.10253 -0.539714 0.200317 -0.0688796 1.07415 -1.00955 0.00860083 0.298079 0.124143 -1.42874
internal_weight=144 93 51 49 39 40 44 12 28 16 28 13 10 12 16 26
internal_count=144 93 51 49 39 40 44 12 28 16 28 13 10 12 16 26
is_linear=0
shrinkage=0.025


Tree=19
num_leaves=18
num_cat=0
split_feature=1 0 5 1 0 3 4 4 4 4 4 4 0 5 3 4 3
split_gain=151603 33337.1 7675.82 5749.76 1975.69 1830.99 1139.88 426.06 290.897 238.807 167.546 114.906 114.422 67.3784 41.4006 38.8772 24.8857
threshold=48.252000000000002 3.5000000000000004 278.24150000000003 56.583000000000006 5.5000000000000009 489.58850000000007 1661.6445000000001 1636.5410000000004 1782.5045000000002 1610.7190000000003 1664.6180000000002 1817.4895000000004 2.5000000000000004 400.8780000000001 718.77850000000012 1730.3280000000002 384.22950000000009
decision_type=2 2 2 2 2 2 2 2 2 2 2 2 2 2 2 2 2
left_child=2 6 5 -3 11 16 9 -4 12 -2 -7 -5 14 -11 -8 -14 -1
right_child=1 3 7 4 -6 10 8 -9 -10 13 -12 -13 15 -15 -16 -17 -18
leaf_value=-1.5522152942159899 -0.18962557354281029 0.42052792688695401 -0.70840178636404194 0.90805845059139623 1.3998431264618298 -1.0890598622764029 0.065685776757394371 -0.38168543312284675 0.36704732913237353 0.071200599807959342 -0.78288116455078116 1.1180834668023247 0.15761003849598076 -0.056054483440059866 0.15992105786616984 0.27242475839761582 -1.2924436901890957
leaf_weight=9.0000000000000018 5.9999999999999991 7.9999999999999991 4.9999999999999982 14.000000000000002 15.999999999999998 7.9999999999999982 8.0000000000000018 7 4.9999999999999991 4.9999999999999982 5 10.999999999999998 5 5 5.0000000000000009 5 17
leaf_count=9 6 8 5 14 16 8 8 7 5 5 5 11 5 5 5 5 17
internal_value=0.000129086 0.600532 -1.09277 1.04769 1.1674 -1.26315 0.100042 -0.527301 0.195746 -0.067711 -0.98504 1.00866 0.15561 0.007599 0.103899 0.219356 -1.39357
internal_weight=144 93 51 49 41 39 44 12 28 16 13 25 23 10 13 10 26
internal_count=144 93 51 49 41 39 44 12 28 16 13 25 23 10 13 10 26
is_linear=0
shrinkage=0.025


Tree=20
num_leaves=17
num_cat=0
split_feature=5 0 5 1 4 3 0 4 4 3 3 4 0 1 0 3
split_gain=144327 31728.7 7277.61 5443.66 1879.03 1738.12 1085.7 400.441 293.203 232.836 220.992 158.476 91.6366 51.5421 44.8094 25.3252
threshold=299.52400000000006 3.5000000000000004 278.24150000000003 56.583000000000006 1826.9415000000001 489.58850000000007 1.5000000000000002 1636.5410000000004 1730.3280000000002 568.22250000000008 882.16200000000015 1664.6180000000002 2.5000000000000004 65.010000000000005 2.5000000000000004 384.22950000000009
decision_type=2 2 2 2 2 2 2 2 2 2 2 2 2 2 2 2
left_child=2 6 5 -3 -5 15 9 -4 14 -2 -6 -7 -10 -11 -8 -1
right_child=1 3 7 4 10 11 8 -9 12 13 -12 -13 -14 -15 -16 -17
leaf_value=-1.5142535002335256 -0.20392703499931555 0.41179382568452416 -0.69137289524078371 0.93288922955592479 1.1723864353064333 -1.0624974506657299 0.060002256588389452 -0.37414251168568929 0.17341697021172606 0.047800945466564548 1.4698064410168195 -0.76406191495748654 0.32113884765168899 -0.058923243100826542 0.15213235492507615 -1.260508342121923
leaf_weight=9.0000000000000018 4.9999999999999991 7.9999999999999991 4.9999999999999982 19 13.000000000000002 7.9999999999999982 7.0000000000000018 7 4.9999999999999973 5.9999999999999982 8.9999999999999982 5 9 5 7 17
leaf_count=9 5 8 5 19 13 8 7 7 5 6 9 5 9 5 7 17
internal_value=8.75185e-05 0.585907 -1.06626 1.02215 1.13863 -1.23217 0.0976393 -0.515591 0.191041 -0.0660775 1.30626 -0.961125 0.271655 -0.000784375 0.107649 -1.35928
internal_weight=144 93 51 49 41 39 44 12 28 16 22 13 14 11 14 26
internal_count=144 93 51 49 41 39 44 12 28 16 22 13 14 11 14 26
is_linear=0
shrinkage=0.025


Tree=21
num_leaves=17
num_cat=0
split_feature=1 0 5 1 0 3 4 4 4 4 4 4 2 0 5 3
split_gain=137374 30195.2 6908.62 5168.9 1687.43 1649.94 1044.78 378.53 267.778 219.17 149.888 139.58 105.051 110.188 63.4558 25.6628
threshold=48.252000000000002 3.5000000000000004 278.24150000000003 60.95150000000001 5.5000000000000009 489.58850000000007 1661.6445000000001 1636.5410000000004 1782.5045000000002 1610.7190000000003 1664.6180000000002 1790.8060000000003 26.000000000000004 2.5000000000000004 400.8780000000001 384.22950000000009
decision_type=2 2 2 2 2 2 2 2 2 2 2 2 2 2 2 2
left_child=2 6 5 -3 11 15 9 -4 12 -2 -7 -5 13 -8 -11 -1
right_child=1 3 7 4 -6 10 8 -9 -10 14 -12 -13 -14 -15 -16 -17
leaf_value=-1.4772201081980827 -0.18213420149780091 0.4421845446462217 -0.67475335047795237 0.84323874797139831 1.3333986352991176 -1.0365828397797376 0.0521345104657761 -0.36604355838563707 0.35121458860544058 0.068547026239908659 -0.74569502793825571 1.0562441190083822 0.2384130039522725 0.18075456037753967 -0.054947205804861503 -1.2293620320253595
leaf_weight=9.0000000000000018 5.9999999999999991 8.9999999999999982 4.9999999999999982 11.000000000000002 15.999999999999998 7.9999999999999982 9.0000000000000071 7 4.9999999999999991 4.9999999999999982 5 12.999999999999998 5.9999999999999991 8 5 17
leaf_count=9 6 9 5 11 16 8 9 7 5 5 5 13 6 8 5 17
internal_value=4.41333e-05 0.571579 -1.0403 0.997146 1.11916 -1.20196 0.0952554 -0.503728 0.186881 -0.0653403 -0.937791 0.966444 0.148383 0.114132 0.00681069 -1.32583
internal_weight=144 93 51 49 40 39 44 12 28 16 13 24 23 17 10 26
internal_count=144 93 51 49 40 39 44 12 28 16 13 24 23 17 10 26
is_linear=0
shrinkage=0.025


Tree=22
num_leaves=16
num_cat=0
split_feature=5 0 5 1 3 3 0 4 4 3 4 4 2 0 3
split_gain=130786 28741.2 6548.19 4904.05 1739.28 1566.23 994.906 355.21 268.039 214.195 141.759 125.699 68.0318 34.3251 25.907
threshold=299.52400000000006 3.5000000000000004 278.24150000000003 56.583000000000006 866.5150000000001 489.58850000000007 1.5000000000000002 1636.5410000000004 1737.0670000000002 594.7170000000001 1664.6180000000002 1826.9415000000001 26.000000000000004 2.5000000000000004 384.22950000000009
decision_type=2 2 2 2 2 2 2 2 2 2 2 2 2 2 2
left_child=2 6 5 -3 11 14 9 -4 13 -2 -7 -5 -10 -8 -1
right_child=1 3 7 4 -6 10 8 -9 12 -11 -12 -13 -14 -15 -16
leaf_value=-1.4410924787106718 -0.16543903081781336 0.39342919849767921 -0.65853332189413227 0.88680754254261651 1.3547644677709363 -1.0113003288827291 0.073083048390519836 -0.35895822511778935 0.19870130169776182 0.017055912704571435 -0.72776969212752107 1.0862669926063688 0.33510588138334207 0.14999692636292156 -1.1989853703698448
leaf_weight=9.0000000000000018 6.9999999999999991 7.9999999999999991 4.9999999999999982 19.000000000000004 11.999999999999998 7.9999999999999982 8.0000000000000036 7 5.9999999999999982 8.9999999999999982 5 9.9999999999999982 6 8 17
leaf_count=9 7 8 5 19 12 8 8 7 6 9 5 10 6 8 17
internal_value=1.39399e-06 0.557663 -1.01509 0.972858 1.08343 -1.17249 0.0929494 -0.492633 0.182362 -0.0637652 -0.915024 0.962599 0.271382 0.112994 -1.2932
internal_weight=144 93 51 49 41 39 44 12 28 16 13 29 12 16 26
internal_count=144 93 51 49 41 39 44 12 28 16 13 29 12 16 26
is_linear=0
shrinkage=0.025


Tree=23
num_leaves=17
num_cat=0
split_feature=1 0 5 1 4 3 4 4 4 3 3 4 2 0 5 3
split_gain=124481 27349.2 6217.83 4675.84 2132.03 1486.76 954.417 336.175 246.857 222.076 204.159 134.063 97.8484 102.004 42.762 26.0657
threshold=48.252000000000002 3.5000000000000004 278.24150000000003 55.964500000000008 1826.9415000000001 489.58850000000007 1661.6445000000001 1636.5410000000004 1782.5045000000002 882.16200000000015 568.22250000000008 1664.6180000000002 26.000000000000004 2.5000000000000004 400.8780000000001 384.22950000000009
decision_type=2 2 2 2 2 2 2 2 2 2 2 2 2 2 2 2
left_child=2 6 5 -3 -5 15 10 -4 12 -6 -2 -7 13 -8 -12 -1
right_child=1 3 7 4 9 11 8 -9 -10 -11 14 -13 -14 -15 -16 -17
leaf_value=-1.4058483455492101 -0.19187501408159735 0.21433285658176132 -0.6427031810467061 0.83982614053262261 1.0860945802746396 -0.986634496363198 0.048693910729059015 -0.3510344366232554 0.33602809080710783 1.3688701007677162 0.042631211588459637 -0.71027519702911368 0.22815901117940107 0.17239047354314385 -0.054575080252610708 -1.1693593113921412
leaf_weight=9.0000000000000018 4.9999999999999991 4.9999999999999991 4.9999999999999982 22 13.000000000000002 7.9999999999999982 9.0000000000000071 7 4.9999999999999991 8.9999999999999982 5.9999999999999982 5 5.9999999999999991 8 5 17
leaf_count=9 5 5 5 22 13 8 9 7 5 9 6 5 6 8 5 17
internal_value=-1.80855e-05 0.544018 -0.990359 0.949034 1.03115 -1.14373 0.0906966 -0.481209 0.178272 1.21312 -0.0627918 -0.892809 0.141322 0.108304 -0.0016274 -1.26138
internal_weight=144 93 51 49 44 39 44 12 28 22 16 13 23 17 11 26
internal_count=144 93 51 49 44 39 44 12 28 22 16 13 23 17 11 26
is_linear=0
shrinkage=0.025


Tree=24
num_leaves=16
num_cat=0
split_feature=5 0 5 1 0 5 0 4 4 4 4 4 1 2 0
split_gain=118492 26027.4 5899.76 4441.71 1502.76 1416.31 912.728 317.04 243.937 200.597 194.803 127.024 73.5745 62.6732 30.5896
threshold=299.52400000000006 3.5000000000000004 278.24150000000003 60.95150000000001 5.5000000000000009 247.91600000000003 1.5000000000000002 1636.5410000000004 1737.0670000000002 1664.6180000000002 1610.7190000000003 1790.8060000000003 65.010000000000005 26.000000000000004 2.5000000000000004
decision_type=2 2 2 2 2 2 2 2 2 2 2 2 2 2 2
left_child=2 6 5 -3 11 -1 10 -4 14 -7 -2 -5 -12 -10 -8
right_child=1 3 7 4 -6 9 8 -9 13 -11 12 -13 -14 -15 -16
leaf_value=-1.2445444934624286 -0.17171007465691338 0.41132102375445162 -0.62725360210125269 0.78013922742434894 1.2405778260878577 -0.98135685266232964 0.070195416638218738 -0.34366454084714254 0.18940117070751811 -0.69320129981407752 0.072901709492389985 0.97942021976817761 -0.060076354558651249 0.32017363348314837 0.14292503079263175
leaf_weight=24 5.9999999999999991 8.9999999999999982 4.9999999999999982 11.000000000000002 15.999999999999998 9.9999999999999982 8.0000000000000036 7 5.9999999999999982 4.9999999999999991 4.9999999999999982 12.999999999999998 5 6 8
leaf_count=24 6 9 5 11 16 10 8 7 6 5 5 13 5 6 8
internal_value=-5.79441e-05 0.530729 -0.966281 0.925837 1.03895 -1.11569 0.0884964 -0.470275 0.174138 -0.895772 -0.0615994 0.895337 0.00641587 0.259067 0.107953
internal_weight=144 93 51 49 40 39 44 12 28 15 16 24 10 12 16
internal_count=144 93 51 49 40 39 44 12 28 15 16 24 10 12 16
is_linear=0
shrinkage=0.025


Tree=25
num_leaves=15
num_cat=0
split_feature=1 0 1 1 4 3 4 3 4 3 3 1 2 0
split_gain=112783 24772.4 5594.12 4249.27 1937.14 951.465 875.112 456.355 227.121 221.18 188.152 116.075 90.893 93.7648
threshold=48.252000000000002 3.5000000000000004 41.88900000000001 55.964500000000008 1826.9415000000001 438.47750000000002 1661.6445000000001 586.65050000000008 1782.5045000000002 882.16200000000015 594.7170000000001 45.717000000000006 26.000000000000004 2.5000000000000004
decision_type=2 2 2 2 2 2 2 2 2 2 2 2 2 2
left_child=2 6 5 -3 -5 -1 10 11 12 -6 -2 -4 13 -8
right_child=1 3 7 4 9 -7 8 -9 -10 -11 -12 -13 -14 -15
leaf_value=-1.2583846668620688 -0.1559080137871206 0.2029228311318618 -0.73398573215191187 0.79919411813890617 1.0322714198719369 -0.95392792198684195 0.045846432965734693 -0.31094237107496997 0.32151143000676086 1.3057617705801261 0.015139833610990775 -0.49309516503260681 0.21843120628787627 0.16441646094729259
leaf_weight=18 6.9999999999999991 4.9999999999999991 4.9999999999999982 22 13.000000000000002 18 9.0000000000000071 4.9999999999999991 4.9999999999999991 8.9999999999999982 8.9999999999999982 5 5.9999999999999991 8
leaf_count=18 7 5 5 22 13 18 9 5 5 9 9 5 6 8
internal_value=-5.28924e-05 0.517789 -0.942711 0.903253 0.981529 -1.1123 0.0863492 -0.52633 0.170209 1.15497 -0.0606174 -0.625693 0.134775 0.10298
internal_weight=144 93 51 49 44 36 44 15 28 22 16 10 23 17
internal_count=144 93 51 49 44 36 44 15 28 22 16 10 23 17
is_linear=0
shrinkage=0.025


Tree=26
num_leaves=18
num_cat=0
split_feature=5 0 5 1 4 3 0 4 4 3 3 4 2 1 3 0 5
split_gain=107312 23568 5345.87 4035.89 1845.47 1297.65 835.72 282.584 222.373 211.244 180.001 113.47 57.7258 51.9706 51.7342 27.7547 2.573
threshold=299.52400000000006 3.5000000000000004 278.24150000000003 55.964500000000008 1826.9415000000001 489.58850000000007 1.5000000000000002 1636.5410000000004 1737.0670000000002 882.16200000000015 568.22250000000008 1664.6180000000002 26.000000000000004 65.010000000000005 384.22950000000009 2.5000000000000004 368.90600000000006
decision_type=2 2 2 2 2 2 2 2 2 2 2 2 2 2 2 2 2
left_child=2 6 5 -3 16 14 10 -4 15 -6 -2 -7 -10 -12 -1 -8 -5
right_child=1 3 7 4 9 11 8 -9 12 -11 13 -13 -14 -15 -16 -17 -18
leaf_value=-1.3102532967277192 -0.18056321816089063 0.19849482958133405 -0.5957903275123011 0.63709325607006317 1.0068556308746337 -0.91443389566933253 0.067026189133161412 -0.32764078577359518 0.18053037894348947 1.2738273434017016 0.04689460300630139 -0.65881295020763675 0.30589594071911225 -0.060268770960661071 -1.0836899435797405 0.13633912060318923 0.81328009616496966
leaf_weight=9.0000000000000018 4.9999999999999991 4.9999999999999991 4.9999999999999982 5.0000000000000027 13.000000000000002 7.9999999999999982 8.0000000000000036 7 5.9999999999999982 8.9999999999999982 5.9999999999999982 5 6 5 17 8 17
leaf_count=9 5 5 5 5 13 8 8 7 6 9 6 5 6 5 17 8 17
internal_value=-4.37968e-05 0.505084 -0.919558 0.881061 0.957347 -1.06178 0.0842615 -0.447408 0.166212 1.12662 -0.0593568 -0.827684 0.247303 -0.00191081 -1.17157 0.103015 0.779394
internal_weight=144 93 51 49 44 39 44 12 28 22 16 13 12 11 26 16 22
internal_count=144 93 51 49 44 39 44 12 28 22 16 13 12 11 26 16 22
is_linear=0
shrinkage=0.025


Tree=27
num_leaves=17
num_cat=0
split_feature=1 0 5 1 0 5 4 4 4 4 3 4 2 0 4 5
split_gain=102168 22436.8 5079.25 3819.83 1435.93 1152.47 802.907 265.32 208.906 171.739 101.942 90.4389 84.5925 86.1817 75.7162 59.3137
threshold=48.252000000000002 3.5000000000000004 251.82550000000003 56.583000000000006 5.5000000000000009 278.24150000000003 1661.6445000000001 1636.5410000000004 1782.5045000000002 1610.7190000000003 384.22950000000009 1664.6180000000002 26.000000000000004 2.5000000000000004 1817.4895000000004 400.8780000000001
decision_type=2 2 2 2 2 2 2 2 2 2 2 2 2 2 2 2
left_child=2 6 10 -3 14 11 9 -7 12 -2 -1 -4 13 -8 -5 -11
right_child=1 3 5 4 -6 7 8 -9 -10 15 -12 -13 -14 -15 -16 -17
leaf_value=-1.2782089689503542 -0.16193941985407184 0.34820567747441739 -0.88999599615732794 0.74089224775072537 1.1542419021512256 -0.58146846844599809 0.043160911276936498 -0.32117919193373784 0.30763496435605564 0.065029623760626876 -1.0487032240563698 -0.64297608779026894 0.20922988153273062 0.15681150123113541 0.9121998361178808 -0.054365338385105128
leaf_weight=9.0000000000000018 5.9999999999999991 7.9999999999999991 7.0000000000000018 14.000000000000002 15.999999999999998 4.9999999999999982 9.0000000000000071 7 4.9999999999999991 4.9999999999999982 18 5 5.9999999999999991 8 10.999999999999998 5
leaf_count=9 6 8 7 14 16 5 9 7 5 5 18 5 6 8 11 5
internal_value=-5.81771e-05 0.492812 -0.897261 0.859656 0.957246 -0.623608 0.0822125 -0.43749 0.162539 -0.0585537 -1.13409 -0.799401 0.128563 0.0979177 0.822959 0.00531415
internal_weight=144 93 51 49 41 24 44 12 28 16 27 12 23 17 25 10
internal_count=144 93 51 49 41 24 44 12 28 16 27 12 23 17 25 10
is_linear=0
shrinkage=0.025


Tree=28
num_leaves=16
num_cat=0
split_feature=5 0 5 1 0 5 0 4 4 4 3 3 4 2 0
split_gain=97244.9 21350.2 4821.47 3660.47 1682.28 1093.65 765.925 250.752 202.498 200.137 166.677 98.2766 85.5841 53.1573 24.5441
threshold=299.52400000000006 3.5000000000000004 251.82550000000003 55.964500000000008 5.5000000000000009 278.24150000000003 1.5000000000000002 1636.5410000000004 1737.0670000000002 1790.8060000000003 594.7170000000001 384.22950000000009 1664.6180000000002 26.000000000000004 2.5000000000000004
decision_type=2 2 2 2 2 2 2 2 2 2 2 2 2 2 2
left_child=2 6 11 -3 9 12 10 -7 14 -5 -2 -1 -4 -10 -8
right_child=1 3 5 4 -6 7 8 -9 13 -11 -12 -13 -14 -15 -16
leaf_value=-1.2469484992649242 -0.14694961381869184 0.18857118349808916 -0.86836415926615362 0.68248212035273159 1.1257421281602651 -0.56749085829808166 0.064427065176934695 -0.31419511867894068 0.17206910617889901 0.86949937310017344 0.014037910557311517 -1.0227737678276314 -0.62751994316394499 0.29224283156856412 0.12974874896974098
leaf_weight=9.0000000000000018 6.9999999999999991 4.9999999999999991 7.0000000000000018 14.000000000000002 15.999999999999998 4.9999999999999982 8.0000000000000036 7 5.9999999999999982 13.999999999999998 8.9999999999999982 18 5 6 8
leaf_count=9 7 5 7 14 16 5 8 7 6 14 9 18 5 6 8
internal_value=-9.2404e-05 0.480757 -0.875413 0.838607 0.911259 -0.60877 0.0802226 -0.42741 0.158678 0.781539 -0.0572616 -1.10616 -0.780047 0.236064 0.0983637
internal_weight=144 93 51 49 44 24 44 12 28 28 16 27 12 12 16
internal_count=144 93 51 49 44 24 44 12 28 28 16 27 12 12 16
is_linear=0
shrinkage=0.025


Tree=29
num_leaves=17
num_cat=0
split_feature=1 0 5 1 4 5 4 4 3 3 4 5 3 4 2 0
split_gain=92561.3 20316.1 4576.02 3467.32 1614.3 1037.33 734.045 236.668 215.501 201.954 164.471 120.159 94.7259 80.9854 62.5643 46.1022
threshold=48.252000000000002 3.5000000000000004 251.82550000000003 55.964500000000008 1826.9415000000001 278.24150000000003 1675.7920000000001 1636.5410000000004 882.16200000000015 594.7170000000001 1782.5045000000002 405.31800000000004 384.22950000000009 1664.6180000000002 26.000000000000004 2.5000000000000004
decision_type=2 2 2 2 2 2 2 2 2 2 2 2 2 2 2 2
left_child=2 6 12 -3 -5 13 9 -7 -6 -2 14 -11 -1 -4 15 -8
right_child=1 3 5 4 8 7 10 -9 -10 11 -12 -13 -14 -15 -16 -17
leaf_value=-1.2164524824722951 -0.14337791941232145 0.18531672862859874 -0.84725808832380478 0.72252865868645755 0.93253569747462406 -0.55384924411773695 0.052642962005403263 -0.30748179124461278 1.1882675295290741 0.10128535214931736 0.29437034038396986 -0.054414240871706314 -0.99748540867815982 -0.61243533262839678 0.2002596805172582 0.1455233306520515
leaf_weight=9.0000000000000018 7.0000000000000027 4.9999999999999991 7.0000000000000018 22 13.000000000000002 4.9999999999999982 7.0000000000000053 7 8.9999999999999982 5.9999999999999982 4.9999999999999991 6 18 5 5.9999999999999991 7
leaf_count=9 7 5 7 22 13 5 7 7 9 6 5 6 18 5 6 7
internal_value=-0.000132979 0.468994 -0.854114 0.81807 0.888782 -0.594321 0.0782786 -0.417634 1.04697 -0.0386313 0.166781 0.0237173 -1.07893 -0.761162 0.132223 0.100567
internal_weight=144 93 51 49 44 24 44 12 22 19 25 12 27 12 20 14
internal_count=144 93 51 49 44 24 44 12 22 19 25 12 27 12 20 14
is_linear=0
shrinkage=0.025


Tree=30
num_leaves=17
num_cat=0
split_feature=5 0 5 1 3 5 0 4 4 4 4 4 0 4 1 0
split_gain=88102.2 19332 4343.7 3303.48 1184.36 984.351 702.121 223.642 184.831 152.417 138.773 91.9129 82.7648 76.6294 71.2662 36.5212
threshold=299.52400000000006 3.5000000000000004 251.82550000000003 60.95150000000001 866.5150000000001 278.24150000000003 1.5000000000000002 1636.5410000000004 1726.3270000000002 1610.7190000000003 1790.8060000000003 1497.5800000000002 2.5000000000000004 1664.6180000000002 65.010000000000005 2.5000000000000004
decision_type=2 2 2 2 2 2 2 2 2 2 2 2 2 2 2 2
left_child=2 6 11 -3 10 13 9 -7 15 -2 -5 -1 -10 -4 -11 -8
right_child=1 3 5 4 -6 7 8 -9 12 14 -12 -13 -14 -15 -16 -17
leaf_value=-1.1420890499168717 -0.1526331582377034 0.35430712077928628 -0.82666501469082265 0.68729674855216594 1.1183118804556427 -0.54053555635305561 0.033326014203409977 -0.30079601771301689 0.13157104104757314 0.07038891521783977 0.86246588671648949 -0.93980014902172671 0.2599501109641531 -0.59771332924182585 -0.060486687834446232 0.11873476677056816
leaf_weight=14.000000000000002 5.9999999999999991 8.9999999999999982 7.0000000000000018 12.000000000000002 11.999999999999998 4.9999999999999982 6.0000000000000018 7 5.9999999999999973 4.9999999999999982 15.999999999999998 12.999999999999998 9 5 5 7
leaf_count=14 6 9 7 12 12 5 6 7 6 5 16 13 9 5 5 7
internal_value=-0.000160769 0.457526 -0.833318 0.798044 0.895594 -0.58018 0.0763905 -0.408014 0.151509 -0.0552367 0.792845 -1.05236 0.211088 -0.742733 0.00492565 0.0805122
internal_weight=144 93 51 49 40 24 44 12 28 16 28 27 15 12 10 13
internal_count=144 93 51 49 40 24 44 12 28 16 28 27 15 12 10 13
is_linear=0
shrinkage=0.025


Tree=31
num_leaves=17
num_cat=0
split_feature=1 0 5 1 0 5 4 4 4 4 3 3 2 4 0 1
split_gain=83876.9 18402.6 4118.81 3150.67 1487.91 931.296 674.257 209.599 176.983 170.11 146.604 94.7927 73.95 72.5034 71.5754 41.0562
threshold=48.252000000000002 3.5000000000000004 251.82550000000003 55.964500000000008 5.5000000000000009 278.24150000000003 1661.6445000000001 1636.5410000000004 1782.5045000000002 1790.8060000000003 568.22250000000008 384.22950000000009 26.000000000000004 1664.6180000000002 2.5000000000000004 65.010000000000005
decision_type=2 2 2 2 2 2 2 2 2 2 2 2 2 2 2 2
left_child=2 6 11 -3 9 13 10 -7 12 -5 -2 -1 14 -4 -8 -12
right_child=1 3 5 4 -6 7 8 -9 -10 -11 15 -13 -14 -15 -16 -17
leaf_value=-1.158770714635434 -0.16384530617640569 0.17549453423573425 -0.80657247437371105 0.63266990084043684 1.0474380552032849 -0.5275419088510368 0.038406798486476323 -0.2949719187286165 0.28166253841840305 0.80558698143757579 0.040794504554040975 -0.94819611926655212 0.19221732962516047 -0.58334521697117725 0.14196212370766373 -0.054450114529866422
leaf_weight=9.0000000000000018 4.9999999999999991 4.9999999999999991 7.0000000000000018 14.000000000000002 15.999999999999998 4.9999999999999982 9.0000000000000071 7 4.9999999999999991 13.999999999999998 5.9999999999999982 18 5.9999999999999991 5 8 5
leaf_count=9 5 5 7 14 16 5 9 7 5 14 6 18 6 5 8 5
internal_value=-0.000188367 0.446389 -0.813122 0.778619 0.846024 -0.56659 0.0745275 -0.399038 0.148141 0.724273 -0.0544574 -1.02644 0.116883 -0.724751 0.0882955 -0.00258613
internal_weight=144 93 51 49 44 24 44 12 28 28 16 27 23 12 17 11
internal_count=144 93 51 49 44 24 44 12 28 28 16 27 23 12 17 11
is_linear=0
shrinkage=0.025


Tree=32
num_leaves=17
num_cat=0
split_feature=5 0 5 1 0 5 0 4 2 4 4 3 0 4 1 1
split_gain=79816.9 17506 3913.01 2994.02 1414.91 885.985 645.627 199.447 170.857 161.758 139.368 91.2481 80.0796 68.5954 67.9286 23.6768
threshold=299.52400000000006 3.5000000000000004 251.82550000000003 55.964500000000008 5.5000000000000009 278.24150000000003 1.5000000000000002 1636.5410000000004 26.000000000000004 1790.8060000000003 1610.7190000000003 384.22950000000009 2.5000000000000004 1664.6180000000002 65.010000000000005 72.086000000000013
decision_type=2 2 2 2 2 2 2 2 2 2 2 2 2 2 2 2
left_child=2 6 11 -3 9 13 10 -7 12 -5 -2 -1 -8 -4 -12 -14
right_child=1 3 5 4 -6 7 8 -9 -10 -11 14 -13 15 -15 -16 -17
leaf_value=-1.1304311938907785 -0.14662675011542536 0.17147896931721618 -0.78696827491124433 0.61707592547779344 1.0215753967379348 -0.51486060802753164 0.049059076105122959 -0.28794910907745358 0.25111484924952188 0.78573096839474965 0.067972084994499513 -0.92475172870761768 0.10698735923055679 -0.56932249527711132 -0.059802539990498449 0.18639029879723823
leaf_weight=9.0000000000000018 5.9999999999999991 4.9999999999999991 7.0000000000000018 14.000000000000002 15.999999999999998 4.9999999999999982 9.0000000000000036 7 6.9999999999999991 13.999999999999998 4.9999999999999982 18 6 5 5 6
leaf_count=9 6 5 7 14 16 5 9 7 7 14 5 18 6 5 5 6
internal_value=-0.000224189 0.435411 -0.793239 0.759448 0.825156 -0.55293 0.0727196 -0.389488 0.144754 0.706422 -0.0534941 -1.00117 0.107207 -0.707205 0.00404232 0.149196
internal_weight=144 93 51 49 44 24 44 12 28 28 16 27 21 12 10 12
internal_count=144 93 51 49 44 24 44 12 28 28 16 27 21 12 10 12
is_linear=0
shrinkage=0.025


Tree=33
num_leaves=17
num_cat=0
split_feature=1 0 5 1 3 5 4 4 2 3 4 0 4 4 1 4
split_gain=75989.5 16662.8 3710.43 2849.27 1063.24 838.087 617.833 186.814 163.175 134.83 111.405 97.6815 90.967 64.8941 39.3879 19.0245
threshold=48.252000000000002 3.5000000000000004 251.82550000000003 60.95150000000001 866.5150000000001 278.24150000000003 1661.6445000000001 1636.5410000000004 26.000000000000004 568.22250000000008 1790.8060000000003 2.5000000000000004 1497.5800000000002 1664.6180000000002 65.010000000000005 1730.3280000000002
decision_type=2 2 2 2 2 2 2 2 2 2 2 2 2 2 2 2
left_child=2 6 12 -3 10 13 9 -7 11 -2 -5 -8 -1 -4 -11 -13
right_child=1 3 5 4 -6 7 8 -9 -10 14 -12 15 -14 -15 -16 -17
leaf_value=-1.0611792000246718 -0.15741375524264117 0.32882742570794155 -0.7678405814700654 0.63798573603395548 1.0418928083826284 -0.50248416203718926 0.036859327230764467 -0.28239894145064881 0.22876698867134421 0.039736365887426565 0.7981927118183656 0.10800989851928672 -0.87054688497023158 -0.55563685618914083 -0.053552276153977091 0.18825670251479515
leaf_weight=14.000000000000002 4.9999999999999991 8.9999999999999982 7.0000000000000018 12.000000000000002 11.999999999999998 4.9999999999999982 9 7 9.0000000000000018 5.9999999999999982 15.999999999999998 5 12.999999999999998 5 5 5
leaf_count=14 5 9 7 12 12 5 9 7 9 6 16 5 13 5 5 5
internal_value=-0.000258491 0.424803 -0.774027 0.740939 0.831536 -0.539988 0.0709545 -0.380938 0.141422 -0.0525097 0.734589 0.0980308 -0.976515 -0.690083 -0.00275503 0.15116
internal_weight=144 93 51 49 40 24 44 12 28 16 28 19 27 12 11 10
internal_count=144 93 51 49 40 24 44 12 28 16 28 19 27 12 11 10
is_linear=0
shrinkage=0.025


Tree=34
num_leaves=16
num_cat=0
split_feature=2 0 1 4 3 3 3 3 4 3 0 0 1 3 1
split_gain=72367 18033.6 3394.42 2025.23 1069.04 518.72 494.596 398.167 351.921 206.567 83.012 82.5902 33.2834 5.901 3.10905
threshold=15.000000000000002 3.5000000000000004 41.88900000000001 1826.9415000000001 559.32100000000003 641.1735000000001 438.47750000000002 586.65050000000008 1726.3270000000002 882.16200000000015 2.5000000000000004 2.5000000000000004 65.010000000000005 685.96150000000011 65.572500000000005
decision_type=2 2 2 2 2 2 2 2 2 2 2 2 2 2 2
left_child=2 4 6 5 -2 -3 -1 -4 11 -5 -10 12 -6 -14 -7
right_child=1 3 7 9 8 14 -8 -9 10 -11 -12 -13 13 -15 -16
leaf_value=-1.0097060297871685 -0.28417456012505754 0.33650033840766302 -0.54957900669263759 0.82124125812992887 0.045818653266604316 0.68273099912724011 -0.77835050460904154 -0.27039758697632821 0.11688707633357914 1.0570727928825048 0.23802270759706912 0.10872835525208049 -0.040480897317712129 -0.0020759309713657081 0.5488390896055434
leaf_weight=18 4.9999999999999991 5.0000000000000027 8.9999999999999982 13.000000000000002 8.0000000000000053 14.000000000000002 17 5.9999999999999991 6.9999999999999973 8.9999999999999982 9 6.9999999999999991 4.9999999999999982 5 6.9999999999999991
leaf_count=18 5 5 9 13 8 14 17 6 7 9 9 7 5 5 7
internal_value=-0.00028081 0.408268 -0.766945 0.746197 0.0539167 0.587738 -0.90243 -0.443016 0.096357 0.926428 0.1872 0.0371433 0.00834711 -0.0218182 0.643758
internal_weight=144 94 50 48 46 26 35 15 41 22 16 25 18 10 21
internal_count=144 94 50 48 46 26 35 15 41 22 16 25 18 10 21
is_linear=0
shrinkage=0.025


Tree=35
num_leaves=17
num_cat=0
split_feature=2 0 1 4 3 2 5 3 4 3 0 0 4 1 1 5
split_gain=68848.6 17160.4 3226.36 1926.55 1018.08 496.964 482.65 378.649 334.95 197.085 78.9555 78.6343 32.4329 26.9652 26.8545 13.9185
threshold=15.000000000000002 3.5000000000000004 41.88900000000001 1826.9415000000001 559.32100000000003 18.000000000000004 241.11950000000002 586.65050000000008 1726.3270000000002 882.16200000000015 2.5000000000000004 2.5000000000000004 1675.7920000000001 65.010000000000005 65.010000000000005 376.35850000000011
decision_type=2 2 2 2 2 2 2 2 2 2 2 2 2 2 2 2
left_child=2 4 6 5 -2 -3 -1 -4 11 -5 -10 12 13 -6 15 -7
right_child=1 3 7 9 8 14 -8 -9 10 -11 -12 -13 -14 -15 -16 -17
leaf_value=-0.9856787791618935 -0.27734345289377066 0.3531778443244194 -0.53613820075988772 0.80102130716497233 0.020292875915765746 0.56742259722489552 -0.75812539832536574 -0.26385571572088429 0.11404607231832216 1.0312204132909362 0.23220150418903518 0.1060856514920791 0.060988301898424441 -0.050834600651456452 0.54424246113474772 0.75205833779440967
leaf_weight=18 4.9999999999999991 6.0000000000000027 8.9999999999999982 13.000000000000002 7.0000000000000053 5.0000000000000018 17 5.9999999999999991 6.9999999999999973 8.9999999999999982 9 6.9999999999999991 4.9999999999999991 6 7.9999999999999991 7
leaf_count=18 5 6 9 13 7 5 17 6 7 9 9 7 5 6 8 7
internal_value=-0.000237729 0.398256 -0.748033 0.727902 0.0525885 0.573346 -0.880124 -0.432212 0.0940055 0.903692 0.182632 0.0362357 0.0081359 -0.0127133 0.635183 0.685792
internal_weight=144 94 50 48 46 26 35 15 41 22 16 25 18 13 20 12
internal_count=144 94 50 48 46 26 35 15 41 22 16 25 18 13 20 12
is_linear=0
shrinkage=0.025


Tree=36
num_leaves=16
num_cat=0
split_feature=2 0 1 4 3 3 5 3 4 3 0 0 1 3 1
split_gain=65505.9 16332.9 3066.62 1831.01 969.567 476.72 458.913 360.088 318.761 188.035 75.0968 74.8505 30.9572 5.29074 3.9739
threshold=15.000000000000002 3.5000000000000004 41.88900000000001 1826.9415000000001 559.32100000000003 641.1735000000001 241.11950000000002 586.65050000000008 1726.3270000000002 882.16200000000015 2.5000000000000004 2.5000000000000004 65.010000000000005 685.96150000000011 65.572500000000005
decision_type=2 2 2 2 2 2 2 2 2 2 2 2 2 2 2
left_child=2 4 6 5 -2 -3 -1 -4 11 -5 -10 12 -6 -14 -7
right_child=1 3 7 9 8 14 -8 -9 10 -11 -12 -13 13 -15 -16
leaf_value=-0.96130765296600684 -0.27067653811894932 0.31889151243063102 -0.52302613776663076 0.78129918503038798 0.044082106831597086 0.65043710184768877 -0.73939265373141272 -0.25747210825643235 0.11127411868009306 1.0060003612352455 0.22652266388354092 0.10350718270573352 -0.038823420095902228 -0.0024168746975752019 0.52227116028467813
leaf_weight=18 4.9999999999999991 5.0000000000000027 8.9999999999999982 13.000000000000002 8.0000000000000053 14.000000000000002 17 5.9999999999999991 6.9999999999999973 8.9999999999999982 9 6.9999999999999991 4.9999999999999982 5 6.9999999999999991
leaf_count=18 5 5 9 13 8 14 17 6 7 9 9 7 5 5 7
internal_value=-0.000171173 0.388528 -0.729587 0.710128 0.0512974 0.559439 -0.858369 -0.421672 0.0917162 0.881514 0.178175 0.0353582 0.00794087 -0.021147 0.613104
internal_weight=144 94 50 48 46 26 35 15 41 22 16 25 18 10 21
internal_count=144 94 50 48 46 26 35 15 41 22 16 25 18 10 21
is_linear=0
shrinkage=0.025


Tree=37
num_leaves=17
num_cat=0
split_feature=2 0 1 4 3 2 3 3 4 3 0 0 4 1 1 5
split_gain=62321.1 15542.1 2914.79 1741.79 923.344 460.461 447.914 342.435 303.39 179.397 71.4262 71.2655 31.1409 26.7542 24.4199 16.2746
threshold=15.000000000000002 3.5000000000000004 41.88900000000001 1826.9415000000001 559.32100000000003 18.000000000000004 438.47750000000002 586.65050000000008 1726.3270000000002 882.16200000000015 2.5000000000000004 2.5000000000000004 1675.7920000000001 65.010000000000005 65.010000000000005 376.35850000000011
decision_type=2 2 2 2 2 2 2 2 2 2 2 2 2 2 2 2
left_child=2 4 6 5 -2 -3 -1 -4 11 -5 -10 12 14 15 -6 -7
right_child=1 3 7 9 8 13 -8 -9 10 -11 -12 -13 -14 -15 -16 -17
leaf_value=-0.93845318595131699 -0.26416989335646995 0.33424435584775847 -0.51023473480473391 0.76206264568097648 0.018728205147716719 0.53974108145787136 -0.72015550691027974 -0.25124294219478482 0.10856953932282827 0.98139709804369069 0.22098270369612649 0.1009913819945521 0.059531812255199136 0.51783916775773209 -0.04895905794635895 0.71796989838282255
leaf_weight=18 4.9999999999999991 6.0000000000000027 8.9999999999999982 13.000000000000002 7.0000000000000053 5.0000000000000018 17 5.9999999999999991 6.9999999999999973 8.9999999999999982 9 6.9999999999999991 4.9999999999999991 7.9999999999999991 6 7
leaf_count=18 5 6 9 13 7 5 17 6 7 9 9 7 5 8 6 7
internal_value=-0.000132571 0.379 -0.711596 0.692717 0.0500337 0.54574 -0.837153 -0.411389 0.089478 0.85988 0.173827 0.0344941 0.00773969 0.605189 -0.0126858 0.653876
internal_weight=144 94 50 48 46 26 35 15 41 22 16 25 18 20 13 12
internal_count=144 94 50 48 46 26 35 15 41 22 16 25 18 20 13 12
is_linear=0
shrinkage=0.025


Tree=38
num_leaves=17
num_cat=0
split_feature=2 0 1 4 3 2 3 3 4 3 0 0 4 1 1 5
split_gain=59295.3 14792.6 2770.47 1655.41 879.348 438.228 425.885 328.245 288.726 171.154 67.9347 67.836 29.6598 25.6288 23.2523 15.164
threshold=15.000000000000002 3.5000000000000004 41.88900000000001 1826.9415000000001 559.32100000000003 18.000000000000004 438.47750000000002 579.34900000000016 1726.3270000000002 882.16200000000015 2.5000000000000004 2.5000000000000004 1675.7920000000001 65.010000000000005 65.010000000000005 376.35850000000011
decision_type=2 2 2 2 2 2 2 2 2 2 2 2 2 2 2 2
left_child=2 4 6 5 -2 -3 -1 -4 11 -5 -10 12 14 15 -6 -7
right_child=1 3 7 9 8 13 -8 -9 10 -11 -12 -13 -14 -15 -16 -17
leaf_value=-0.91524968199677537 -0.25781966035182663 0.32615778215469837 -0.51253901225764575 0.74329975373817203 0.018273006959093927 0.52676654412196211 -0.70236095883125493 -0.26341064588891133 0.10593069462726518 0.9573955618816874 0.21557823782381802 0.098536731716659332 0.05810075860757094 0.50520894352982681 -0.047774565123742618 0.70051923460430565
leaf_weight=18 4.9999999999999991 6.0000000000000027 7.9999999999999982 13.000000000000002 7.0000000000000053 5.0000000000000018 17 7 6.9999999999999973 8.9999999999999982 9 6.9999999999999991 4.9999999999999991 7.9999999999999991 6 7
leaf_count=18 5 6 8 13 7 5 17 7 7 9 9 7 5 8 6 7
internal_value=-7.14765e-05 0.369742 -0.694049 0.675802 0.0488054 0.532503 -0.81646 -0.401357 0.0872991 0.838777 0.169585 0.0336588 0.00755425 0.590502 -0.0123778 0.638047
internal_weight=144 94 50 48 46 26 35 15 41 22 16 25 18 20 13 12
internal_count=144 94 50 48 46 26 35 15 41 22 16 25 18 20 13 12
is_linear=0
shrinkage=0.025


Tree=39
num_leaves=17
num_cat=0
split_feature=2 0 3 4 3 3 3 4 4 3 0 0 5 4 4 1
split_gain=56416.8 14079.3 2644.88 1573.3 837.45 588.846 423.762 274.771 167.858 149.962 64.6133 64.5714 54.4291 28.2492 22.1487 5.83986
threshold=15.000000000000002 3.5000000000000004 506.53550000000001 1826.9415000000001 559.32100000000003 579.34900000000016 641.1735000000001 1726.3270000000002 1954.2620000000004 384.22950000000009 2.5000000000000004 2.5000000000000004 278.24150000000003 1675.7920000000001 1646.2505000000003 65.572500000000005
decision_type=2 2 2 2 2 2 2 2 2 2 2 2 2 2 2 2
left_child=2 4 9 6 -2 12 -3 11 -5 -1 -9 13 -4 14 -6 -8
right_child=1 3 5 8 7 -7 15 10 -10 -11 -12 -13 -14 -15 -16 -17
leaf_value=-0.95918656224789789 -0.25162206108753499 0.29339836744161735 -0.60342176375181766 0.7468446996476914 0.013603869407642169 -0.25700830568869909 0.60528671439264858 0.10335599045372675 0.97802015735257053 -0.76696100943159362 0.21030594265979269 0.096141740100251297 -0.43427691643054667 0.056704106296484286 -0.05234999559246576 0.48471128675672742
leaf_weight=9.0000000000000018 4.9999999999999991 5.0000000000000027 9.0000000000000018 16.000000000000004 8.0000000000000053 6.9999999999999991 14.000000000000002 6.9999999999999973 5.9999999999999991 20 9 6.9999999999999991 4.9999999999999991 4.9999999999999991 4.9999999999999991 6.9999999999999991
leaf_count=9 5 5 9 16 8 7 14 7 6 20 9 7 5 5 5 7
internal_value=-1.44161e-05 0.360711 -0.676938 0.6593 0.0476073 -0.455787 0.519586 0.0851733 0.818192 -0.832821 0.165446 0.0328438 -0.550068 0.00737325 -0.0120771 0.570106
internal_weight=144 94 50 48 46 21 26 41 22 29 16 25 14 18 13 21
internal_count=144 94 50 48 46 21 26 41 22 29 16 25 14 18 13 21
is_linear=0
shrinkage=0.025


Tree=40
num_leaves=19
num_cat=0
split_feature=2 0 3 4 3 3 2 4 4 3 4 0 5 1 1 0 5 3
split_gain=53682.2 13397.7 2513.93 1496.8 797.542 560.466 405.965 261.498 161.1 143.58 61.4802 61.4678 51.4058 27.7138 25.3421 18.7697 16.9926 4.24971
threshold=15.000000000000002 3.5000000000000004 506.53550000000001 1826.9415000000001 559.32100000000003 579.34900000000016 18.000000000000004 1726.3270000000002 1954.2620000000004 384.22950000000009 1782.5045000000002 2.5000000000000004 278.24150000000003 65.010000000000005 65.010000000000005 2.5000000000000004 376.35850000000011 685.96150000000011
decision_type=2 2 2 2 2 2 2 2 2 2 2 2 2 2 2 2 2 2
left_child=2 4 9 6 -2 12 -3 11 -5 -1 15 13 -4 -6 16 -9 -8 -15
right_child=1 3 5 8 7 -7 14 10 -10 -11 -12 -13 -14 17 -16 -17 -18 -19
leaf_value=-0.93572819543921393 -0.24557345280280482 0.30865329388649215 -0.58866416682367717 0.7284040910226327 0.041395434010319559 -0.25076157251993814 0.50105319206531207 0.088508333337883813 0.95435839776069875 -0.74797682620511208 0.23535595352833091 0.093804962353573898 -0.42383757096070512 -0.036178418993949898 0.48069694914468908 0.1614844349714426 0.66878090037239912 -0.0034397522990520174
leaf_weight=9.0000000000000018 4.9999999999999991 6.0000000000000027 9.0000000000000018 16.000000000000004 8.0000000000000053 6.9999999999999991 5.0000000000000018 5.9999999999999982 5.9999999999999991 20 4.9999999999999991 6.9999999999999991 4.9999999999999991 4.9999999999999982 7.9999999999999991 5 7 5
leaf_count=9 5 6 9 16 8 7 5 6 6 20 5 7 5 5 8 5 7 5
internal_value=-4.04963e-06 0.35187 -0.660318 0.643143 0.0464375 -0.4447 0.506863 0.0830982 0.798127 -0.812297 0.161409 0.0320466 -0.536684 0.00719385 0.56262 0.124082 0.608356 -0.02032
internal_weight=144 94 50 48 46 21 26 41 22 29 16 25 14 18 20 11 12 10
internal_count=144 94 50 48 46 21 26 41 22 29 16 25 14 18 20 11 12 10
is_linear=0
shrinkage=0.025


Tree=41
num_leaves=17
num_cat=0
split_feature=2 0 3 4 3 3 3 4 3 2 5 0 0 4 4 1
split_gain=51084.3 12751.3 2392.32 1422.71 759.627 644.72 389.418 249.116 157.825 109.527 79.0894 59.0694 58.5243 27.1386 20.2323 6.21952
threshold=15.000000000000002 3.5000000000000004 489.58850000000007 1826.9415000000001 559.32100000000003 579.34900000000016 641.1735000000001 1726.3270000000002 882.16200000000015 11.000000000000002 278.24150000000003 2.5000000000000004 2.5000000000000004 1675.7920000000001 1646.2505000000003 65.572500000000005
decision_type=2 2 2 2 2 2 2 2 2 2 2 2 2 2 2 2
left_child=2 4 9 6 -2 10 -3 12 -5 -1 -4 -9 13 14 -6 -8
right_child=1 3 5 8 7 -7 15 11 -10 -11 -12 -13 -14 -15 -16 -17
leaf_value=-0.86406681983025513 -0.23967024775651785 0.27800096090023313 -0.58625410658414212 0.68867638472354764 0.012498928679198745 -0.24466667224963509 0.57666399646812749 0.098182734143402867 0.89044834012570595 -0.67539614933293046 -0.4136491656303406 0.20041029271872146 0.091524979141023421 0.055365557338182741 -0.050536701656304875 0.46124650438626608
leaf_weight=18.000000000000004 4.9999999999999991 5.0000000000000027 12.000000000000005 13.000000000000002 8.0000000000000053 6.9999999999999991 14.000000000000002 6.9999999999999973 8.9999999999999982 7.9999999999999991 4.9999999999999991 9 6.9999999999999991 4.9999999999999991 4.9999999999999991 6.9999999999999991
leaf_count=18 5 5 12 13 8 7 14 7 9 8 5 9 7 5 5 7
internal_value=1.53082e-05 0.343287 -0.644106 0.627445 0.0453136 -0.45733 0.494569 0.0810928 0.778554 -0.811661 -0.540961 0.157527 0.0312631 0.00701106 -0.0120492 0.542965
internal_weight=144 94 50 48 46 24 26 41 22 26 17 16 25 18 13 21
internal_count=144 94 50 48 46 24 26 41 22 26 17 16 25 18 13 21
is_linear=0
shrinkage=0.025


Tree=42
num_leaves=18
num_cat=0
split_feature=2 0 3 0 3 3 2 4 2 5 4 1 4 4 4 0 4
split_gain=48606.9 12133.7 2274.51 1364.07 723.429 613.344 487.243 237.082 103.311 74.7244 57.9922 57.5604 97.9718 49.3012 28.7818 16.6089 2.35832
threshold=15.000000000000002 3.5000000000000004 489.58850000000007 5.5000000000000009 559.32100000000003 579.34900000000016 18.000000000000004 1726.3270000000002 11.000000000000002 278.24150000000003 1782.5045000000002 65.010000000000005 1623.3660000000002 1790.8060000000003 1664.6180000000002 2.5000000000000004 1954.2620000000004
decision_type=2 2 2 2 2 2 2 2 2 2 2 2 2 2 2 2 2
left_child=2 4 8 6 -2 9 -3 11 -1 -4 15 12 -6 -8 -13 -9 -5
right_child=1 3 5 16 7 -7 13 10 -10 -11 -12 14 -14 -15 -16 -17 -18
leaf_value=-0.84270252395462197 -0.23390893844457775 0.29205148143153042 -0.57183802166923126 0.72511440445395081 0.0035841809165093191 -0.23871991684039437 0.49042784034228704 0.083991615330019309 -0.6589230770018043 -0.40370568037033083 0.22537228327531081 -0.050207798928022386 0.15218611038648164 0.61028052585225723 0.023364315894634828 0.15278504651326397 0.90972597829757196
leaf_weight=18.000000000000004 4.9999999999999991 5.9999999999999991 12.000000000000005 9.9999999999999982 6.0000000000000018 6.9999999999999991 12.000000000000002 5.9999999999999982 7.9999999999999991 4.9999999999999991 4.9999999999999991 4.9999999999999991 5 13.999999999999998 8.9999999999999982 5 5.9999999999999991
leaf_count=18 5 6 12 10 6 7 12 6 8 5 5 5 5 14 9 5 6
internal_value=2.50265e-05 0.334869 -0.628284 0.612062 0.0442002 -0.446156 0.511255 0.0791172 -0.791664 -0.527729 0.153683 0.0305044 0.0727535 0.559178 -0.00316048 0.117543 0.804797
internal_weight=144 94 50 48 46 24 32 41 26 17 16 25 11 26 14 11 16
internal_count=144 94 50 48 46 24 32 41 26 17 16 25 11 26 14 11 16
is_linear=0
shrinkage=0.025


Tree=43
num_leaves=18
num_cat=0
split_feature=2 0 3 0 3 3 2 4 1 4 1 4 4 5 4 0 4
split_gain=46251.7 11546.1 2164.07 1299.38 689.065 481.818 462.964 225.818 152.441 55.229 54.839 93.3121 46.7729 42.4702 27.4076 15.8175 2.75189
threshold=15.000000000000002 3.5000000000000004 506.53550000000001 5.5000000000000009 559.32100000000003 579.34900000000016 18.000000000000004 1726.3270000000002 30.656500000000005 1782.5045000000002 65.010000000000005 1623.3660000000002 1790.8060000000003 278.24150000000003 1664.6180000000002 2.5000000000000004 1954.2620000000004
decision_type=2 2 2 2 2 2 2 2 2 2 2 2 2 2 2 2 2
left_child=2 4 8 6 -2 13 -3 10 -1 15 11 -6 -8 -4 -12 -9 -5
right_child=1 3 5 16 7 -7 12 9 -10 -11 14 -13 -14 -15 -16 -17 -18
leaf_value=-0.91219298762659828 -0.22828613313344809 0.28498571611219842 -0.54594459015390129 0.70734201506072403 0.0034974681754266048 -0.23291769607199564 0.4783681400486679 0.081959560080882052 -0.70499742771017149 0.21995467956249534 -0.049000879090565899 0.14852779278388387 0.59523838875998913 -0.39400120056592502 0.022792906249346941 0.14911232636525079 0.88771649022256183
leaf_weight=6.0000000000000027 4.9999999999999991 5.9999999999999991 9.0000000000000018 9.9999999999999982 6.0000000000000018 6.9999999999999991 12.000000000000002 5.9999999999999982 23 4.9999999999999991 4.9999999999999991 5 13.999999999999998 4.9999999999999991 8.9999999999999982 5 5.9999999999999991
leaf_count=6 5 6 9 10 6 7 12 6 23 5 5 5 14 5 9 5 6
internal_value=4.82436e-05 0.32668 -0.612849 0.597077 0.0431359 -0.412783 0.498692 0.077214 -0.753863 0.149988 0.0297686 0.071007 0.545409 -0.498081 -0.00308872 0.114713 0.785184
internal_weight=144 94 50 48 46 21 32 41 29 16 25 11 26 14 14 11 16
internal_count=144 94 50 48 46 21 32 41 29 16 25 11 26 14 14 11 16
is_linear=0
shrinkage=0.025


Tree=44
num_leaves=19
num_cat=0
split_feature=2 0 3 4 3 3 3 4 3 2 5 4 0 4 4 1 5 0
split_gain=44012.1 10986.9 2065.18 1240.97 656.334 553.016 343.148 215.09 140.448 103.245 65.5723 52.5969 52.328 24.106 18.2004 15.2282 40.0412 15.0635
threshold=15.000000000000002 3.5000000000000004 489.58850000000007 1826.9415000000001 559.32100000000003 579.34900000000016 641.1735000000001 1726.3270000000002 882.16200000000015 11.000000000000002 278.24150000000003 1782.5045000000002 2.5000000000000004 1675.7920000000001 1646.2505000000003 65.572500000000005 372.63200000000006 2.5000000000000004
decision_type=2 2 2 2 2 2 2 2 2 2 2 2 2 2 2 2 2 2
left_child=2 4 9 6 -2 10 -3 12 -5 -1 -4 17 13 14 -6 16 -8 -9
right_child=1 3 5 8 7 -7 15 11 -10 -11 -12 -13 -14 -15 -16 -17 -18 -19
leaf_value=-0.80301218661633167 -0.22279848708556252 0.25556371166155872 -0.5433737786089784 0.63946016485040824 0.011450188043640874 -0.22725649989313551 0.42839471743657009 0.079976665925595075 0.82830400881559962 -0.62502503743985816 -0.3845300133411701 0.21466730053608238 0.08603164930310514 0.051701275832377949 -0.048334800623930418 0.42402267522282067 0.58668108919392459 0.14552789788979748
leaf_weight=18.000000000000004 4.9999999999999991 5.0000000000000027 12.000000000000005 13.000000000000002 8.0000000000000053 6.9999999999999991 5.0000000000000027 5.9999999999999982 8.9999999999999982 7.9999999999999991 4.9999999999999991 4.9999999999999991 6.9999999999999991 4.9999999999999991 4.9999999999999991 6.9999999999999991 8.9999999999999982 5
leaf_count=18 5 5 12 13 8 7 5 6 9 8 5 5 7 5 5 7 9 5
internal_value=6.54467e-05 0.318691 -0.597809 0.582459 0.0420973 -0.424275 0.458426 0.0753567 0.723537 -0.753484 -0.501742 0.146381 0.0290506 0.00612073 -0.0118333 0.503801 0.537068 0.111951
internal_weight=144 94 50 48 46 24 26 41 22 26 17 16 25 18 13 21 14 11
internal_count=144 94 50 48 46 24 26 41 22 26 17 16 25 18 13 21 14 11
is_linear=0
shrinkage=0.025


Tree=45
num_leaves=18
num_cat=0
split_feature=2 0 3 0 3 3 2 4 2 5 1 4 4 4 4 0 4
split_gain=41880.9 10456.1 1963.47 1188.71 625.146 526.1 420.71 204.887 97.4417 61.9356 51.8142 87.2988 50.0899 42.6306 25.1926 14.3451 3.80616
threshold=15.000000000000002 3.5000000000000004 489.58850000000007 5.5000000000000009 559.32100000000003 579.34900000000016 18.000000000000004 1726.3270000000002 11.000000000000002 278.24150000000003 65.010000000000005 1623.3660000000002 1782.5045000000002 1790.8060000000003 1664.6180000000002 2.5000000000000004 1954.2620000000004
decision_type=2 2 2 2 2 2 2 2 2 2 2 2 2 2 2 2 2
left_child=2 4 8 6 -2 9 -3 10 -1 -4 11 -6 15 -8 -12 -9 -5
right_child=1 3 5 16 7 -7 13 12 -10 -11 14 -13 -14 -15 -16 -17 -18
leaf_value=-0.78315747596405361 -0.21744275757899653 0.2705141063659422 -0.53001213699090655 0.67366515701892338 0.0031358304523652586 -0.22173290600379311 0.4548389094774839 0.078041748942867417 -0.60978052441666764 -0.37528652044442984 -0.04759450348523947 0.14341295430293446 0.20950702841465293 0.56616851846936722 0.02123484358839367 0.14202962792836701 0.84619989395141604
leaf_weight=18.000000000000004 4.9999999999999991 5.9999999999999991 12.000000000000005 9.9999999999999982 6.0000000000000018 6.9999999999999991 12.000000000000002 5.9999999999999982 7.9999999999999991 4.9999999999999991 4.9999999999999991 5 4.9999999999999991 13.999999999999998 8.9999999999999982 5 5.9999999999999991
leaf_count=18 5 6 12 10 6 7 12 6 8 5 5 5 5 14 9 5 6
internal_value=9.57945e-05 0.310911 -0.583123 0.568229 0.0410813 -0.41391 0.474171 0.0735415 -0.73492 -0.48947 0.0283456 0.0684321 0.142861 0.518698 -0.00358316 0.109256 0.748091
internal_weight=144 94 50 48 46 24 32 41 26 17 25 11 16 26 14 11 16
internal_count=144 94 50 48 46 24 32 41 26 17 25 11 16 26 14 11 16
is_linear=0
shrinkage=0.025


Tree=46
num_leaves=17
num_cat=0
split_feature=2 0 3 0 3 3 2 4 1 5 1 4 0 4 4 4
split_gain=39851.7 9949.72 1866.77 1132.34 595.452 500.493 399.745 195.152 94.7681 58.4967 49.3643 83.1464 48.0276 40.4413 23.99 4.05878
threshold=15.000000000000002 3.5000000000000004 489.58850000000007 5.5000000000000009 559.32100000000003 579.34900000000016 18.000000000000004 1726.3270000000002 30.656500000000005 278.24150000000003 65.010000000000005 1623.3660000000002 2.5000000000000004 1790.8060000000003 1664.6180000000002 1954.2620000000004
decision_type=2 2 2 2 2 2 2 2 2 2 2 2 2 2 2 2
left_child=2 4 8 6 -2 9 -3 10 -1 -4 11 -6 -9 -8 -12 -5
right_child=1 3 5 15 7 -7 13 12 -10 -11 14 -13 -14 -15 -16 -17
leaf_value=-0.85316550808568103 -0.21221575920398422 0.26396941446488903 -0.51697905180884163 0.65715376816543891 0.003059964795266427 -0.21634356288446321 0.44365434216671296 0.086027879102362551 -0.66780511601136472 -0.36626519698363086 -0.046450402644964361 0.13996553283471325 0.17804895522801772 0.55221366244302672 0.020715513177539994 0.82572727511006017
leaf_weight=6.0000000000000027 4.9999999999999991 5.9999999999999991 12.000000000000005 9.9999999999999982 6.0000000000000018 6.9999999999999991 12.000000000000002 6.9999999999999973 20 4.9999999999999991 4.9999999999999991 5 9 13.999999999999998 8.9999999999999982 5.9999999999999991
leaf_count=6 5 6 12 10 6 7 12 7 20 5 5 5 9 14 9 6
internal_value=0.000115677 0.303308 -0.568799 0.554318 0.0400923 -0.403797 0.462519 0.0717727 -0.716814 -0.477498 0.027662 0.0667895 0.139426 0.505926 -0.00350066 0.72986
internal_weight=144 94 50 48 46 24 32 41 26 17 25 11 16 26 14 16
internal_count=144 94 50 48 46 24 32 41 26 17 25 11 16 26 14 16
is_linear=0
shrinkage=0.025


Tree=47
num_leaves=18
num_cat=0
split_feature=2 0 3 3 3 3 3 2 0 0 2 5 0 1 5 4 1
split_gain=37921.5 9468.52 1775.21 1084.18 567.089 476.132 316.374 189.594 152.24 144.45 97.1169 55.2447 29.8654 20.0591 46.5982 7.60681 7.32555
threshold=15.000000000000002 3.5000000000000004 489.58850000000007 756.86750000000006 559.32100000000003 579.34900000000016 641.1735000000001 26.000000000000004 1.5000000000000002 5.5000000000000009 11.000000000000002 278.24150000000003 2.5000000000000004 65.010000000000005 376.35850000000011 1764.3165000000001 72.086000000000013
decision_type=2 2 2 2 2 2 2 2 2 2 2 2 2 2 2 2 2
left_child=2 4 10 6 -2 11 -3 8 -6 -5 -1 -4 -10 14 -8 -9 -14
right_child=1 3 5 9 7 -7 13 15 12 -11 -12 -13 16 -15 -16 -17 -18
leaf_value=-0.74600895839733083 -0.20711442002883326 0.23482215037712673 -0.50426644809910481 0.55451838912033447 -0.048287671415702144 -0.21108521380358272 0.41228324828609325 0.12787175255437053 0.037726449286160257 0.74478963866378312 -0.57805476886470142 -0.35746075648527881 0.074295818373080205 0.40015066891181761 0.56353661839554947 0.18746409714221954 0.12101129639533258
leaf_weight=18.000000000000004 4.9999999999999991 5.0000000000000027 12.000000000000005 8 9.0000000000000018 6.9999999999999991 6.0000000000000027 5.9999999999999982 9 13 7.9999999999999991 4.9999999999999991 6 7.9999999999999991 7.9999999999999991 5 6
leaf_count=18 5 5 12 8 9 7 6 6 9 13 8 5 6 8 8 5 6
internal_value=0.000123321 0.295882 -0.554842 0.540747 0.0391096 -0.393932 0.42953 0.0700269 0.0369202 0.678279 -0.699186 -0.46582 0.0736079 0.471211 0.505522 0.157935 0.0993569
internal_weight=144 94 50 48 46 24 27 41 30 21 26 17 21 22 14 11 12
internal_count=144 94 50 48 46 24 27 41 30 21 26 17 21 22 14 11 12
is_linear=0
shrinkage=0.025


Tree=48
num_leaves=18
num_cat=0
split_feature=2 0 3 4 3 3 3 2 0 3 1 5 3 4 1 5 4
split_gain=36085.1 9010.99 1687.78 1030.66 540.139 452.956 287.682 180.568 144.932 124.216 97.9573 52.1698 29.209 25.8885 23.2839 34.326 7.24222
threshold=15.000000000000002 3.5000000000000004 489.58850000000007 1826.9415000000001 559.32100000000003 579.34900000000016 641.1735000000001 26.000000000000004 1.5000000000000002 882.16200000000015 30.656500000000005 278.24150000000003 718.77850000000012 1702.9405000000004 65.572500000000005 372.63200000000006 1764.3165000000001
decision_type=2 2 2 2 2 2 2 2 2 2 2 2 2 2 2 2 2
left_child=2 4 10 6 -2 11 -3 8 -6 -5 -1 -4 13 -10 15 -8 -9
right_child=1 3 5 9 7 -7 14 16 12 -11 -12 -13 -14 -15 -16 -17 -18
leaf_value=-0.81515303427173191 -0.20213571167909183 0.22917738190064052 -0.49186645023158315 0.57858647577690347 -0.047106725236643901 -0.20595466991265618 0.38903065919876073 0.12477808017884534 0.078539626845499338 0.75281716222348427 -0.63426475855383557 -0.34886794915566077 0.11344007054964703 0.0095821754105629466 0.37932580113410952 0.53388709400011147 0.18295775330983674
leaf_weight=6.0000000000000027 4.9999999999999991 5.0000000000000027 12.000000000000005 13.000000000000002 9.0000000000000018 6.9999999999999991 5.0000000000000027 5.9999999999999982 8.0000000000000018 8.9999999999999982 20 4.9999999999999991 6.9999999999999991 5.9999999999999991 6.9999999999999991 8.9999999999999982 5
leaf_count=6 5 5 12 13 9 7 5 6 8 9 20 5 7 6 7 9 5
internal_value=0.000148845 0.288658 -0.541212 0.527533 0.0381649 -0.384308 0.414555 0.0683392 0.0360288 0.656059 -0.68196 -0.454426 0.0718256 0.0496257 0.456055 0.488449 0.15413
internal_weight=144 94 50 48 46 24 26 41 30 22 26 17 21 14 21 14 11
internal_count=144 94 50 48 46 24 26 41 30 22 26 17 21 14 21 14 11
is_linear=0
shrinkage=0.025


Tree=49
num_leaves=19
num_cat=0
split_feature=2 0 3 3 3 3 3 2 1 0 0 5 0 1 5 2 4 1
split_gain=34339 8575.77 1606.25 984.351 514.458 358.264 285.397 171.985 147.982 137.96 135.135 47.7715 28.3774 19.6828 42.6724 11.4113 6.89476 6.70475
threshold=15.000000000000002 3.5000000000000004 506.53550000000001 756.86750000000006 559.32100000000003 586.65050000000008 641.1735000000001 26.000000000000004 30.656500000000005 1.5000000000000002 5.5000000000000009 278.24150000000003 2.5000000000000004 65.010000000000005 376.35850000000011 11.000000000000002 1764.3165000000001 72.086000000000013
decision_type=2 2 2 2 2 2 2 2 2 2 2 2 2 2 2 2 2 2
left_child=2 4 8 6 -2 11 -3 9 -1 -6 -5 -4 -11 14 -8 -10 -9 -14
right_child=1 3 5 10 7 -7 13 16 15 12 -12 -13 17 -15 -16 -17 -18 -19
leaf_value=-0.79543157239114037 -0.1972766791398709 0.22366830798295814 -0.46933593749999986 0.52695800385824054 -0.045954658155855914 -0.1829905128286731 0.39231252362651192 0.12175925489394897 -0.64278757446690604 0.035160624980926508 0.70956665674845376 -0.33593470896444017 0.071154294283159308 0.38006032443628085 0.53663390206127637 -0.51935548666046893 0.17855972945690154 0.11589859550999056
leaf_weight=6.0000000000000027 4.9999999999999991 5.0000000000000027 9.0000000000000018 8 9.0000000000000018 5.9999999999999991 6.0000000000000027 5.9999999999999982 15.000000000000002 9 13 5.9999999999999991 6 7.9999999999999991 7.9999999999999991 7.9999999999999991 5 6
leaf_count=6 5 5 9 8 9 6 6 6 15 9 13 6 6 8 8 8 5 6
internal_value=0.000167505 0.28161 -0.527933 0.514645 0.0372403 -0.355553 0.408679 0.0666891 -0.649427 0.0351547 0.645688 -0.42118 0.0700805 0.448276 0.481267 -0.604756 0.150417 0.0951621
internal_weight=144 94 50 48 46 21 27 41 29 30 21 15 21 22 14 23 11 12
internal_count=144 94 50 48 46 21 27 41 29 30 21 15 21 22 14 23 11 12
is_linear=0
shrinkage=0.025


Tree=50
num_leaves=19
num_cat=0
split_feature=2 0 3 3 3 3 2 2 0 0 2 5 1 3 4 5 4 1
split_gain=32681.6 8161.39 1533.64 935.675 490.01 408.973 271.734 163.798 131.338 128.131 93.026 45.5623 32.5402 27.4601 24.6291 13.1986 6.56363 5.74619
threshold=15.000000000000002 3.5000000000000004 489.58850000000007 756.86750000000006 559.32100000000003 579.34900000000016 18.000000000000004 26.000000000000004 1.5000000000000002 5.5000000000000009 11.000000000000002 278.24150000000003 65.010000000000005 718.77850000000012 1702.9405000000004 376.35850000000011 1764.3165000000001 31.505000000000006
decision_type=2 2 2 2 2 2 2 2 2 2 2 2 2 2 2 2 2 2
left_child=2 4 10 6 -2 11 -3 8 -6 -5 17 -4 15 14 -10 -8 -9 -1
right_child=1 3 5 9 7 -7 12 16 13 -11 -12 -13 -14 -15 -16 -17 -18 -19
leaf_value=-0.78976250925371627 -0.19253445508388375 0.2368656144988151 -0.46741696498433072 0.51410536417147001 -0.044830765607564334 -0.19597008725007378 0.39231550326714126 0.11881346452620722 0.075081349909305539 0.69209626443458327 -0.53442560521567739 -0.33240634753153875 0.37079056356011375 0.10870688805977502 0.0078838600266364321 0.52354528031698089 0.17426742361142084 -0.63340297527000555
leaf_weight=6.0000000000000062 4.9999999999999991 6.0000000000000027 12.000000000000005 8 9.0000000000000018 6.9999999999999991 5.0000000000000027 5.9999999999999982 8.0000000000000018 13 7.9999999999999991 4.9999999999999991 7.9999999999999991 6.9999999999999991 5.9999999999999991 7.9999999999999991 5 11.999999999999998
leaf_count=6 5 6 12 8 9 7 5 6 8 13 8 5 8 7 6 8 5 12
internal_value=0.00016731 0.274734 -0.515031 0.502069 0.0363409 -0.365475 0.398747 0.065082 0.0343061 0.629839 -0.649192 -0.432108 0.442269 0.0683838 0.0468871 0.479876 0.146793 -0.693697
internal_weight=144 94 50 48 46 24 27 41 30 21 26 17 21 21 14 13 11 18
internal_count=144 94 50 48 46 24 27 41 30 21 26 17 21 21 14 13 11 18
is_linear=0
shrinkage=0.025


Tree=51
num_leaves=18
num_cat=0
split_feature=2 0 3 3 3 3 3 0 0 2 2 4 0 5 1 5 1
split_gain=31104.9 7767.22 1459.64 889.358 466.713 389.064 262.435 157.972 121.487 88.405 87.3849 57.8744 43.054 43.0111 18.4892 36.9006 5.98346
threshold=15.000000000000002 3.5000000000000004 489.58850000000007 756.86750000000006 559.32100000000003 579.34900000000016 641.1735000000001 2.5000000000000004 5.5000000000000009 11.000000000000002 26.000000000000004 1737.0670000000002 1.5000000000000002 278.24150000000003 65.010000000000005 372.63200000000006 31.505000000000006
decision_type=2 2 2 2 2 2 2 2 2 2 2 2 2 2 2 2 2
left_child=2 4 9 6 -2 13 -3 10 -5 16 12 -9 -6 -4 15 -8 -1
right_child=1 3 5 8 7 -7 14 11 -10 -11 -12 -13 -14 -15 -16 -17 -18
leaf_value=-0.77065532899671896 -0.18790622089917844 0.21185042628875134 -0.45592309842344164 0.50156621293323789 -0.043734362462292529 -0.1912069225890769 0.36231242326589708 0.073685583581284783 0.67505602619864724 -0.52139084280990977 0.09745053599278132 0.17188242208666921 0.032738174141749087 -0.32441580387262198 0.36174688746289513 0.50290797897007156 -0.61782747253042758
leaf_weight=6.0000000000000062 4.9999999999999991 5.0000000000000027 12.000000000000005 8 9.0000000000000036 6.9999999999999991 5.0000000000000027 7.9999999999999991 13 7.9999999999999991 6.9999999999999991 7.9999999999999991 9 4.9999999999999991 7.9999999999999991 8.9999999999999982 11.999999999999998
leaf_count=6 5 5 12 8 9 7 5 8 13 8 7 8 9 5 8 9 12
internal_value=0.000164386 0.268026 -0.502453 0.489804 0.0354605 -0.356546 0.389062 0.0635106 0.614379 -0.633338 0.0238285 0.124377 -0.00548983 -0.421539 0.427009 0.458594 -0.676748
internal_weight=144 94 50 48 46 24 27 41 21 26 25 16 18 17 22 14 18
internal_count=144 94 50 48 46 24 27 41 21 26 25 16 18 17 22 14 18
is_linear=0
shrinkage=0.025


Tree=52
num_leaves=17
num_cat=0
split_feature=2 0 3 4 3 3 3 0 4 1 2 5 4 0 1 5
split_gain=29603.7 7392.3 1389.2 847.518 444.478 370.952 238.345 150.352 118.318 86.4926 83.1867 60.6307 55.0738 40.9743 23.7144 27.3576
threshold=15.000000000000002 3.5000000000000004 489.58850000000007 1826.9415000000001 559.32100000000003 586.65050000000008 641.1735000000001 2.5000000000000004 1954.2620000000004 30.656500000000005 26.000000000000004 278.24150000000003 1737.0670000000002 1.5000000000000002 65.572500000000005 372.63200000000006
decision_type=2 2 2 2 2 2 2 2 2 2 2 2 2 2 2 2
left_child=2 4 9 6 -2 11 -3 10 -5 -1 13 -4 -9 -6 15 -8
right_child=1 3 5 8 7 -7 14 12 -10 -11 -12 -13 -14 -15 -16 -17
leaf_value=-0.74046992947978307 -0.1833892433689191 0.20675786848251626 -0.44471187513382687 0.53916959144450993 -0.04266477136508276 -0.16919613706488765 0.353602992571317 0.071888373247007059 0.71927441012474791 -0.57406313490159444 0.095081945094797338 -0.31300367924474903 0.16769017155577501 0.031937511913154436 0.34157059325112238 0.48457533432089761
leaf_weight=6.0000000000000027 4.9999999999999991 5.0000000000000027 12.000000000000005 16.000000000000004 9.0000000000000036 5.9999999999999991 5.0000000000000027 7.9999999999999991 5.9999999999999991 20 6.9999999999999991 5.9999999999999991 7.9999999999999991 9 6.9999999999999991 8.9999999999999982
leaf_count=6 5 5 12 16 9 6 5 8 6 20 7 6 8 9 7 9
internal_value=0.000156263 0.261474 -0.490182 0.477834 0.0345902 -0.347836 0.375383 0.0619646 0.594383 -0.617872 0.02325 -0.4048 0.121345 -0.00535389 0.413143 0.443527
internal_weight=144 94 50 48 46 24 26 41 22 26 25 18 16 18 21 14
internal_count=144 94 50 48 46 24 26 41 22 26 25 18 16 18 21 14
is_linear=0
shrinkage=0.025


Tree=53
num_leaves=18
num_cat=0
split_feature=2 0 5 0 3 3 2 2 0 1 5 4 1 0 4 2 1
split_gain=28170.9 7035.79 1325.89 808.998 423.303 333.132 294.816 144.559 112.3 97.4635 49.6455 33.999 24.8719 23.7691 21.9435 9.32813 6.38461
threshold=15.000000000000002 3.5000000000000004 251.82550000000003 5.5000000000000009 559.32100000000003 586.65050000000008 18.000000000000004 26.000000000000004 1.5000000000000002 30.656500000000005 278.24150000000003 1790.8060000000003 76.620000000000019 2.5000000000000004 1954.2620000000004 11.000000000000002 68.285500000000013
decision_type=2 2 2 2 2 2 2 2 2 2 2 2 2 2 2 2 2
left_child=2 4 9 6 -2 10 -3 8 -6 -1 -4 -8 13 -10 -5 -11 -9
right_child=1 3 5 14 7 -7 11 16 12 15 -12 -13 -14 -15 -16 -17 -18
leaf_value=-0.72255533433729557 -0.17898084486906346 0.21860974142628331 -0.43018154416765458 0.54923856305141072 -0.041621340228163661 -0.16510268233476147 0.37183982661513021 0.11039867304986524 0.0055524209814686917 -0.58258656690150123 -0.30543101295348141 0.46609144680936576 0.10587569186764378 0.069949526210194041 0.70187259181853268 -0.45075561083280125 0.16367431649794945
leaf_weight=6.0000000000000027 4.9999999999999991 5.9999999999999991 11.000000000000005 9.9999999999999982 9.0000000000000018 5.9999999999999991 12.000000000000002 5.9999999999999982 6.0000000000000009 16.000000000000004 5.9999999999999991 13.999999999999998 5.9999999999999991 9 5.9999999999999991 4.9999999999999991 5
leaf_count=6 5 6 11 10 9 6 12 6 6 16 6 14 6 9 6 5 5
internal_value=0.000171656 0.255088 -0.478153 0.466165 0.0337414 -0.333528 0.388597 0.0604564 0.0315471 -0.597948 -0.390288 0.425809 0.0630608 0.0446849 0.614512 -0.555806 0.137217
internal_weight=144 94 50 48 46 23 32 41 30 27 17 26 21 15 16 21 11
internal_count=144 94 50 48 46 23 32 41 30 27 17 26 21 15 16 21 11
is_linear=0
shrinkage=0.025


Tree=54
num_leaves=19
num_cat=0
split_feature=2 0 3 3 3 3 3 0 0 2 2 5 3 0 1 1 5 1
split_gain=26810.3 6695.21 1266.22 774.984 403.181 333.672 227.647 138.946 107.916 83.1235 73.9964 53.0769 51.6855 36.9117 27.2564 20.4021 32.3631 7.81787
threshold=15.000000000000002 3.5000000000000004 489.58850000000007 756.86750000000006 559.32100000000003 586.65050000000008 641.1735000000001 2.5000000000000004 5.5000000000000009 11.000000000000002 26.000000000000004 278.24150000000003 732.42400000000009 1.5000000000000002 65.572500000000005 65.010000000000005 376.35850000000011 31.505000000000006
decision_type=2 2 2 2 2 2 2 2 2 2 2 2 2 2 2 2 2 2
left_child=2 4 9 6 -2 11 -3 10 -5 17 13 -4 14 -6 -9 16 -8 -1
right_child=1 3 5 8 7 -7 15 12 -10 -11 -12 -13 -14 -15 -16 -17 -18 -19
leaf_value=-0.7178500590785849 -0.17467842113513216 0.19579600462546703 -0.42221902472073891 0.46541675474585553 -0.040603427977665592 -0.16110825988073504 0.3480272031599474 0.12552863250558197 0.62785626758228652 -0.48253059736112275 0.089532668226295048 -0.29804154442202663 0.18263020056944629 0.030202785620222918 0.044446687111931456 0.33362304640979307 0.47525795262034348 -0.57419279207948781
leaf_weight=6.0000000000000062 4.9999999999999991 5.0000000000000027 12.000000000000005 8 9.0000000000000036 5.9999999999999991 6.0000000000000027 4.9999999999999982 13 7.9999999999999991 6.9999999999999991 5.9999999999999991 4.9999999999999991 9 6 7.9999999999999991 7.9999999999999991 11.999999999999998
leaf_count=6 5 5 12 8 9 6 6 5 13 8 7 6 5 9 6 8 8 12
internal_value=0.000163626 0.248848 -0.466467 0.454753 0.0329246 -0.330591 0.360753 0.0589974 0.571008 -0.588362 0.0217837 -0.384625 0.11608 -0.00518879 0.0829972 0.396085 0.426488 -0.629509
internal_weight=144 94 50 48 46 24 27 41 21 26 25 18 16 18 11 22 14 18
internal_count=144 94 50 48 46 24 27 41 21 26 25 18 16 18 11 22 14 18
is_linear=0
shrinkage=0.025


Tree=55
num_leaves=17
num_cat=0
split_feature=2 0 3 3 3 5 2 3 2 0 0 1 1 0 5 4
split_gain=25516.8 6371.66 1210.33 736.658 384.026 239.919 217.827 146.617 133.416 102.322 101.097 31.0011 22.8573 21.7491 8.45305 5.98458
threshold=15.000000000000002 3.5000000000000004 523.92100000000016 756.86750000000006 559.32100000000003 241.11950000000002 18.000000000000004 586.65050000000008 26.000000000000004 5.5000000000000009 1.5000000000000002 65.010000000000005 76.620000000000019 2.5000000000000004 376.35850000000011 1764.3165000000001
decision_type=2 2 2 2 2 2 2 2 2 2 2 2 2 2 2 2
left_child=2 4 5 6 -2 -1 -3 -4 10 -5 -6 14 13 -12 -8 -10
right_child=1 3 7 9 8 -7 11 -9 15 -11 12 -13 -14 -15 -16 -17
leaf_value=-0.60750027960473374 -0.17047942234919622 0.20735612300134465 -0.32621761560440071 0.45406512865206078 -0.039610409088756716 -0.45398155229036202 0.34877332448959331 -0.15721048143121508 0.10549098474364127 0.61239768013809659 0.0046873763684303514 0.32548590171627889 0.10073958942967076 0.066270469193873194 0.46366627972300462 0.15682036693279558
leaf_weight=18 4.9999999999999991 6.0000000000000027 8.9999999999999982 8 9.0000000000000018 17 5.0000000000000027 5.9999999999999991 5.9999999999999982 13 6.0000000000000009 7.9999999999999991 5.9999999999999991 9 7.9999999999999991 5
leaf_count=18 5 6 9 8 9 17 5 6 6 13 6 8 6 9 8 5
internal_value=0.000161598 0.242773 -0.455073 0.443641 0.0321307 -0.535973 0.351986 -0.261655 0.0575772 0.556992 0.0298069 0.390904 0.0597092 0.0421053 0.425525 0.131318
internal_weight=144 94 50 48 46 35 27 15 41 21 30 21 21 15 13 11
internal_count=144 94 50 48 46 35 27 15 41 21 30 21 21 15 13 11
is_linear=0
shrinkage=0.025


Tree=56
num_leaves=18
num_cat=0
split_feature=2 0 3 3 3 3 3 0 0 2 2 4 5 0 1 5 1
split_gain=24278.2 6063.91 1151.66 700.189 365.771 301.621 209.343 128.188 97.0154 80.878 66.0104 48.437 36.5766 33.2567 19.0235 20.004 11.4966
threshold=15.000000000000002 3.5000000000000004 489.58850000000007 756.86750000000006 559.32100000000003 579.34900000000016 641.1735000000001 2.5000000000000004 5.5000000000000009 11.000000000000002 26.000000000000004 1737.0670000000002 267.84700000000004 1.5000000000000002 65.572500000000005 372.63200000000006 31.505000000000006
decision_type=2 2 2 2 2 2 2 2 2 2 2 2 2 2 2 2 2
left_child=2 4 9 6 -2 12 -3 10 -5 16 13 -9 -4 -6 15 -8 -1
right_child=1 3 5 8 7 -7 14 11 -10 -11 -12 -13 -14 -15 -16 -17 -18
leaf_value=-0.68578512899337196 -0.16638136173670109 0.18542495232362002 -0.41269173855875024 0.4429903704945633 -0.038641674233519496 -0.16864842271121841 0.32179445578501753 0.064739691266199439 0.59731970628102615 -0.45781663917913673 0.084436058004697168 0.15443023334189163 -0.30269612603717383 0.028566458821296686 0.31168145669831171 0.43687249445447734 -0.54639313885423002
leaf_weight=6.0000000000000062 4.9999999999999991 5.0000000000000027 10.000000000000005 8 9.0000000000000036 6.9999999999999991 5.0000000000000027 7.9999999999999991 13 7.9999999999999991 6.9999999999999991 7.9999999999999991 6.9999999999999991 9 6.9999999999999991 9.9999999999999982 11.999999999999998
leaf_count=6 5 5 10 8 9 7 5 8 13 8 7 8 7 9 7 10 12
internal_value=0.000196248 0.236846 -0.443852 0.432804 0.031353 -0.314282 0.343437 0.0561879 0.54332 -0.560094 0.0204463 0.111015 -0.371518 -0.00502428 0.377299 0.403334 -0.599951
internal_weight=144 94 50 48 46 24 27 41 21 26 25 16 17 18 22 15 18
internal_count=144 94 50 48 46 24 27 41 21 26 25 16 17 18 22 15 18
is_linear=0
shrinkage=0.025


Tree=57
num_leaves=19
num_cat=0
split_feature=2 0 3 4 3 5 3 3 3 3 0 2 1 0 1 5 0 1
split_gain=23106.6 5771.17 1100.14 667.417 348.346 218.003 190.173 132.495 123.958 106.889 62.3161 56.4308 26.5305 25.854 25.8036 20.9604 10.188 3.36396
threshold=15.000000000000002 3.5000000000000004 523.92100000000016 1826.9415000000001 559.32100000000003 241.11950000000002 641.1735000000001 586.65050000000008 728.83900000000006 882.16200000000015 2.5000000000000004 26.000000000000004 65.572500000000005 2.5000000000000004 65.572500000000005 376.35850000000011 1.5000000000000002 30.656500000000005
decision_type=2 2 2 2 2 2 2 2 2 2 2 2 2 2 2 2 2 2
left_child=2 4 5 6 -2 17 -3 -4 10 -5 11 16 -12 -10 15 -8 -6 -1
right_child=1 3 7 9 8 -7 14 -9 13 -11 12 -13 -14 -15 -16 -17 -18 -19
leaf_value=-0.65828573011582858 -0.16238180983525058 0.1809676229953765 -0.31000522997068325 0.45905380393519535 -0.037696633196395365 -0.43200660056846091 0.32406021395037232 -0.14932679732240015 0.084253822152431213 0.60960043305936074 0.11874207089870015 0.074250721358335922 0.039113331033337494 0.17156691940931171 0.29829336934619483 0.43649329266897063 0.0038828468130480856 -0.52808035240798701
leaf_weight=6.0000000000000027 4.9999999999999991 5.0000000000000027 8.9999999999999982 13.000000000000002 9.0000000000000018 17 6.0000000000000027 5.9999999999999991 4.9999999999999982 8.9999999999999982 5.0000000000000018 4.9999999999999991 6 5 6.9999999999999991 7.9999999999999991 5.9999999999999991 11.999999999999998
leaf_count=6 5 5 9 13 9 17 6 6 5 9 5 5 6 5 7 8 6 12
internal_value=0.000186332 0.231056 -0.433015 0.422225 0.0305836 -0.510141 0.331333 -0.248627 0.0548203 0.525634 0.029674 0.00313705 0.0768939 0.130541 0.36503 0.393639 -0.0211504 -0.578308
internal_weight=144 94 50 48 46 35 26 15 41 22 31 20 11 10 21 14 15 18
internal_count=144 94 50 48 46 35 26 15 41 22 31 20 11 10 21 14 15 18
is_linear=0
shrinkage=0.025


Tree=58
num_leaves=18
num_cat=0
split_feature=2 0 5 4 3 3 3 2 3 3 0 5 1 1 0 1 2
split_gain=21989.5 5492.21 1050.36 637.542 331.82 256.962 187.35 118.953 118.747 87.3155 86.1329 43.2603 23.128 19.7134 18.7762 5.72611 2.36368
threshold=15.000000000000002 3.5000000000000004 251.82550000000003 1790.8060000000003 559.32100000000003 586.65050000000008 882.16200000000015 26.000000000000004 641.1735000000001 384.22950000000009 1.5000000000000002 278.24150000000003 65.010000000000005 76.620000000000019 2.5000000000000004 68.285500000000013 11.000000000000002
decision_type=2 2 2 2 2 2 2 2 2 2 2 2 2 2 2 2 2
left_child=2 4 9 8 -2 11 -5 10 -3 -1 -6 -4 -10 14 -12 -9 -11
right_child=1 3 5 6 7 -7 -8 15 12 16 13 -13 -14 -15 -16 -17 -18
leaf_value=-0.6147925262865811 -0.15847839936614039 0.17661744447854838 -0.37993740226541228 0.43293366833488539 -0.036774705803912608 -0.145714055975118 0.59469170985014541 0.098397720533032584 0.36550481215767239 -0.5065883817094744 0.0037889074894689734 -0.26664135994449739 0.25993936887154212 0.092994069187871869 0.061000586043962315 0.14764997225541332 -0.39292485989057102
leaf_weight=9.0000000000000018 4.9999999999999991 5.0000000000000027 11.000000000000005 20.000000000000004 9.0000000000000018 5.9999999999999991 8.9999999999999982 5.9999999999999982 8.9999999999999982 13.000000000000002 6.0000000000000009 5.9999999999999991 4.9999999999999991 5.9999999999999991 9 5 4.9999999999999991
leaf_count=9 5 5 11 20 9 6 9 6 9 13 6 6 5 6 9 5 5
internal_value=0.000200655 0.22542 -0.422399 0.411912 0.0298526 -0.293724 0.486907 0.053508 0.293502 -0.528999 0.0272908 -0.343589 0.332083 0.0548943 0.0385491 0.123134 -0.479749
internal_weight=144 94 50 48 46 23 29 41 19 27 30 17 14 21 15 11 18
internal_count=144 94 50 48 46 23 29 41 19 27 30 17 14 21 15 11 18
is_linear=0
shrinkage=0.025


Tree=59
num_leaves=19
num_cat=0
split_feature=2 0 3 0 3 3 2 2 0 2 5 2 4 1 0 1 4 1
split_gain=20926.5 5225.73 1004.29 610.213 316.048 257.891 227.995 113.297 81.9929 73.6682 33.7387 31.679 30.3269 18.7719 17.8647 13.2985 9.8946 5.44988
threshold=15.000000000000002 3.5000000000000004 489.58850000000007 5.5000000000000009 559.32100000000003 579.34900000000016 18.000000000000004 26.000000000000004 1.5000000000000002 11.000000000000002 267.84700000000004 26.000000000000004 1954.2620000000004 76.620000000000019 2.5000000000000004 31.505000000000006 1817.4895000000004 68.285500000000013
decision_type=2 2 2 2 2 2 2 2 2 2 2 2 2 2 2 2 2 2
left_child=2 4 9 6 -2 10 -3 8 -6 15 -4 16 -5 14 -10 -1 -8 -9
right_child=1 3 5 12 7 -7 11 17 13 -11 -12 -13 -14 -15 -16 -17 -18 -19
leaf_value=-0.63935461044311448 -0.15466882050610509 0.18542509002070273 -0.38290915582694235 0.47101619009878121 -0.035875325488007578 -0.15640040056573024 0.31321968024885138 0.09601712832527777 0.003697241073654543 -0.42440387446705891 -0.27926558653513589 0.44993514831249537 0.61129829652847789 0.090744212077509975 0.059508723887088499 -0.50763685429682492 0.39297231104638847 0.14410069218048679
leaf_weight=6.0000000000000062 4.9999999999999991 5.9999999999999991 10.000000000000005 9.9999999999999982 9.0000000000000018 6.9999999999999991 14.000000000000005 5.9999999999999982 6.0000000000000009 7.9999999999999991 6.9999999999999991 4.9999999999999991 5.9999999999999991 5.9999999999999991 9 11.999999999999998 6.9999999999999991 5
leaf_count=6 5 6 10 10 9 7 14 6 6 8 7 5 6 6 9 12 7 5
internal_value=0.000186552 0.219895 -0.412072 0.401807 0.0291302 -0.291114 0.334477 0.0522171 0.0266296 -0.520602 -0.344049 0.367148 0.530597 0.0535621 0.0376088 -0.558155 0.343319 0.120168
internal_weight=144 94 50 48 46 24 32 41 30 26 17 26 16 21 15 18 21 11
internal_count=144 94 50 48 46 24 32 41 30 26 17 26 16 21 15 18 21 11
is_linear=0
shrinkage=0.025


Tree=60
num_leaves=17
num_cat=0
split_feature=2 0 3 3 3 5 2 3 0 0 2 4 1 0 5 2
split_gain=19918 4974.01 956.8 581.674 301.025 191.486 176.055 112.768 109.733 85.8643 52.1451 42.7709 30.5316 26.9474 6.05381 4.16413
threshold=15.000000000000002 3.5000000000000004 523.92100000000016 756.86750000000006 559.32100000000003 233.59350000000003 18.000000000000004 586.65050000000008 2.5000000000000004 5.5000000000000009 26.000000000000004 1737.0670000000002 65.010000000000005 1.5000000000000002 376.35850000000011 11.000000000000002
decision_type=2 2 2 2 2 2 2 2 2 2 2 2 2 2 2 2
left_child=2 4 5 6 -2 -1 -3 -4 10 -5 13 -10 14 -6 -8 -7
right_child=1 3 7 9 8 15 12 -9 11 -11 -12 -13 -14 -15 -16 -17
leaf_value=-0.55004556430013563 -0.15095082027837636 0.18093900315223194 -0.28674055234245638 0.4000358790886111 -0.034997939933901233 -0.44282052008832073 0.30992275109657852 -0.13840483470309167 0.058296356113945569 0.5427281589219064 0.074770344876580769 0.14243541679731231 0.28498126297462284 0.025497740247975222 0.41150719712420208 -0.35569860353702459
leaf_weight=14.999999999999998 4.9999999999999991 6.0000000000000027 8.9999999999999982 8 9.0000000000000036 12.000000000000002 5.0000000000000027 5.9999999999999991 7.9999999999999991 13 6.9999999999999991 7.9999999999999991 7.9999999999999991 9 7.9999999999999991 7.9999999999999991
leaf_count=15 5 6 9 8 9 12 5 6 8 13 7 8 8 9 8 8
internal_value=0.000190553 0.21454 -0.402011 0.392016 0.0284253 -0.47393 0.310602 -0.23009 0.0509574 0.492715 0.0178946 0.101682 0.345533 -0.00473362 0.377819 -0.4119
internal_weight=144 94 50 48 46 35 27 15 41 21 25 16 21 18 13 20
internal_count=144 94 50 48 46 35 27 15 41 21 25 16 21 18 13 20
is_linear=0
shrinkage=0.025


Tree=61
num_leaves=20
num_cat=0
split_feature=2 0 3 3 3 3 2 3 4 1 1 3 5 0 1 0 3 5 2
split_gain=18953.5 4734.03 916.095 552.875 286.685 232.541 167.521 105.421 85.6887 71.2804 57.8825 78.3915 44.1906 36.5265 29.0877 23.6195 17.5863 5.60602 0.642621
threshold=15.000000000000002 3.5000000000000004 489.58850000000007 756.86750000000006 559.32100000000003 586.65050000000008 18.000000000000004 728.83900000000006 1954.2620000000004 30.656500000000005 65.010000000000005 615.27100000000007 267.84700000000004 1.5000000000000002 65.010000000000005 2.5000000000000004 682.85100000000011 376.35850000000011 11.000000000000002
decision_type=2 2 2 2 2 2 2 2 2 2 2 2 2 2 2 2 2 2 2
left_child=2 4 9 6 -2 12 -3 10 -5 -1 11 -6 -4 -12 17 -9 -15 -8 -11
right_child=1 3 5 8 7 -7 14 15 -10 18 13 -13 -14 16 -16 -17 -18 -19 -20
leaf_value=-0.60001270694117359 -0.14732219537075322 0.17656145057370576 -0.36441441190009 0.43230044716282889 0.013792437646124093 -0.13505633084043381 0.30247268401659433 0.075686420156405532 0.58337827344094551 -0.48826102993705045 -0.057425761222839315 0.14260850136096656 -0.26070068289593956 -0.016971622436092453 0.27803049349203346 0.15856342223974373 0.04062489601580993 0.40147042332625971 -0.39193449815114345
leaf_weight=6.0000000000000027 4.9999999999999991 6.0000000000000027 10.000000000000005 15.000000000000002 7.0000000000000018 5.9999999999999991 5.0000000000000027 4.9999999999999982 5.9999999999999991 13.000000000000002 5.0000000000000027 5 7.9999999999999991 4.9999999999999991 7.9999999999999991 5 8.9999999999999982 7.9999999999999991 6.9999999999999991
leaf_count=6 5 6 10 15 7 6 5 5 6 13 5 5 8 5 8 5 9 8 7
internal_value=0.000202567 0.209298 -0.39214 0.38244 0.0277278 -0.276637 0.303059 0.0497173 0.480621 -0.495784 0.0265305 0.0690262 -0.321759 -0.000683195 0.337135 0.119544 0.0200174 0.368649 -0.458823
internal_weight=144 94 50 48 46 24 27 41 21 26 31 12 18 19 21 10 14 13 20
internal_count=144 94 50 48 46 24 27 41 21 26 31 12 18 19 21 10 14 13 20
is_linear=0
shrinkage=0.025


Tree=62
num_leaves=18
num_cat=0
split_feature=2 0 3 0 3 3 2 2 0 4 2 5 4 1 4 4 1
split_gain=18039.5 4505.62 871.846 528.387 273.062 221.517 195.735 102.152 70.4681 69.0356 34.329 30.5358 29.5585 16.147 17.2727 7.93998 5.30697
threshold=15.000000000000002 3.5000000000000004 489.58850000000007 5.5000000000000009 559.32100000000003 579.34900000000016 18.000000000000004 26.000000000000004 1.5000000000000002 1436.7855000000002 26.000000000000004 267.84700000000004 1954.2620000000004 76.620000000000019 1702.9405000000004 1817.4895000000004 68.285500000000013
decision_type=2 2 2 2 2 2 2 2 2 2 2 2 2 2 2 2 2
left_child=2 4 9 6 -2 11 -3 8 -6 -1 15 -4 -5 14 -10 -8 -9
right_child=1 3 5 12 7 -7 10 16 13 -11 -12 -13 -14 -15 -16 -17 -18
leaf_value=-0.5858093661646685 -0.14378079448181849 0.17228979670232344 -0.35548269094205348 0.43676547489914247 -0.0337052139899005 -0.14500105530023574 0.28986746694000659 0.089750571885416602 0.059051455920789281 -0.44747569206917642 0.42179404405447152 -0.25815119412210258 0.56926429733153305 0.083683669855517728 0.0052095565117067756 0.36325771676169505 0.1362124306651262
leaf_weight=6.0000000000000027 4.9999999999999991 5.9999999999999991 10.000000000000005 9.9999999999999982 9.0000000000000018 6.9999999999999991 14.000000000000005 5.9999999999999982 8.0000000000000018 20 4.9999999999999991 6.9999999999999991 5.9999999999999991 5.9999999999999991 6.9999999999999991 6.9999999999999991 5
leaf_count=6 5 6 10 10 9 7 14 6 8 20 5 7 6 6 7 7 5
internal_value=0.000202696 0.204195 -0.382563 0.373108 0.027058 -0.269881 0.310461 0.0485192 0.0242295 -0.483675 0.340741 -0.318945 0.492944 0.0492014 0.0344066 0.317586 0.113036
internal_weight=144 94 50 48 46 24 32 41 30 26 26 17 16 21 15 21 11
internal_count=144 94 50 48 46 24 32 41 30 26 26 17 16 21 15 21 11
is_linear=0
shrinkage=0.025


Tree=63
num_leaves=18
num_cat=0
split_feature=2 0 3 0 3 3 3 0 3 2 2 4 2 4 0 4 3
split_gain=17167.6 4288.58 831.962 502.917 260.086 187.328 168.368 97.9278 95.8784 45.461 38.9905 38.0578 38.0516 28.3463 22.8784 11.6904 1.19275
threshold=15.000000000000002 3.5000000000000004 523.92100000000016 5.5000000000000009 559.32100000000003 641.1735000000001 384.22950000000009 2.5000000000000004 586.65050000000008 26.000000000000004 9.0000000000000018 1737.0670000000002 26.000000000000004 1954.2620000000004 1.5000000000000002 1817.4895000000004 489.58850000000007
decision_type=2 2 2 2 2 2 2 2 2 2 2 2 2 2 2 2 2
left_child=2 4 6 5 -2 -3 -1 9 -4 14 -8 -9 15 -5 -6 -7 -12
right_child=1 3 8 13 7 12 10 11 -10 -11 16 -13 -14 -15 -16 -17 -18
leaf_value=-0.54566746483678408 -0.14032452702522277 0.1527740248120748 -0.26516076585520876 0.42606043628617835 -0.032880903132583766 0.28043373823165879 -0.45533324035943706 0.054354241199609715 -0.12828074424497543 0.069229382856024632 -0.38712531491821889 0.13370265742627588 0.41165476670632001 0.55549177508200365 0.022858249460873392 0.35442854695849951 -0.30311733753450459
leaf_weight=8.9999999999999982 4.9999999999999991 4.9999999999999991 8.9999999999999982 9.9999999999999982 9.0000000000000036 15.000000000000005 10.000000000000002 7.9999999999999991 5.9999999999999991 6.9999999999999991 9.9999999999999982 7.9999999999999991 4.9999999999999991 5.9999999999999991 9 6.9999999999999991 5.9999999999999991
leaf_count=9 5 5 9 10 9 15 10 8 6 7 10 8 5 6 9 7 6
internal_value=0.000221086 0.199222 -0.37318 0.364017 0.0264042 0.302896 -0.440236 0.0473498 -0.212899 0.0161208 -0.399806 0.0952665 0.329323 0.480933 -0.00499772 0.307015 -0.359831
internal_weight=144 94 50 48 46 32 35 41 15 25 26 16 27 16 18 22 16
internal_count=144 94 50 48 46 32 35 41 15 25 26 16 27 16 18 22 16
is_linear=0
shrinkage=0.025


Tree=64
num_leaves=19
num_cat=0
split_feature=2 0 3 3 3 3 3 2 3 0 0 2 1 1 4 5 1 3
split_gain=16339.5 4082.19 791.637 481.204 247.697 160.179 147.095 93.8558 91.1705 74.3984 63.5039 36.9864 22.3798 14.9277 16.6147 13.3149 5.17911 0.995435
threshold=15.000000000000002 3.5000000000000004 523.92100000000016 756.86750000000006 559.32100000000003 384.22950000000009 641.1735000000001 26.000000000000004 586.65050000000008 5.5000000000000009 1.5000000000000002 9.0000000000000018 65.572500000000005 76.620000000000019 1702.9405000000004 372.63200000000006 68.285500000000013 489.58850000000007
decision_type=2 2 2 2 2 2 2 2 2 2 2 2 2 2 2 2 2 2
left_child=2 4 5 6 -2 -1 -3 10 -4 -5 -6 -7 15 14 -12 -8 -9 -13
right_child=1 3 8 9 7 11 12 16 -10 -11 13 17 -14 -15 -16 -17 -18 -19
leaf_value=-0.53232234249944277 -0.13695133998990058 0.14910156887311191 -0.25867585565732876 0.36152458830577572 -0.032076750306979457 -0.44417310976514612 0.26600948755557702 0.085384335056428007 -0.125177179421148 0.49278468652205032 0.056573536555941495 -0.37763695436365463 0.25024187299940326 0.079765183118081867 0.0038143921436534986 0.36100144760281433 0.13065398862728703 -0.29578384353268533
leaf_weight=8.9999999999999982 4.9999999999999991 5.0000000000000027 8.9999999999999982 8 9.0000000000000018 10.000000000000002 5.0000000000000027 5.9999999999999982 5.9999999999999991 13 8.0000000000000018 9.9999999999999982 6.9999999999999991 5.9999999999999991 6.9999999999999991 9.9999999999999982 5 5.9999999999999991
leaf_count=9 5 5 9 8 9 10 5 6 6 13 8 10 7 6 7 10 5 6
internal_value=0.000222816 0.194366 -0.364061 0.355146 0.0257563 -0.429473 0.281113 0.0461975 -0.207708 0.446722 0.0229157 -0.390031 0.309446 0.0466231 0.032409 0.333336 0.108039 -0.35105
internal_weight=144 94 50 48 46 35 27 41 15 21 30 26 22 21 15 15 11 16
internal_count=144 94 50 48 46 35 27 41 15 21 30 26 22 21 15 15 11 16
is_linear=0
shrinkage=0.025


Tree=65
num_leaves=17
num_cat=0
split_feature=2 0 3 3 3 2 3 0 1 2 3 5 4 1 0 2
split_gain=15550.9 3884.89 754.407 458.491 235.926 197.931 191.02 91.6938 67.1993 40.4991 35.6897 28.6052 26.2296 23.6213 20.2586 2.94325
threshold=15.000000000000002 3.5000000000000004 489.58850000000007 866.5150000000001 559.32100000000003 18.000000000000004 579.34900000000016 2.5000000000000004 30.656500000000005 26.000000000000004 732.42400000000009 267.84700000000004 1751.5525000000002 65.572500000000005 1.5000000000000002 11.000000000000002
decision_type=2 2 2 2 2 2 2 2 2 2 2 2 2 2 2 2
left_child=2 4 8 5 -2 -3 11 9 -1 14 13 -4 -7 -9 -6 -10
right_child=1 3 6 -5 7 12 -8 10 15 -11 -12 -13 -14 -15 -16 -17
leaf_value=-0.54707832951699498 -0.13365924306786978 0.15884573209670283 -0.33061651903040246 0.48316140682970893 -0.031292264746583011 0.25928046372201696 -0.13437747421363991 0.10341514566769967 -0.44196456526264988 0.064999852163924107 0.14661433467498192 -0.23836262755923801 0.34265817773753199 0.02884103951434935 0.021156663026498712 -0.35294419593281218
leaf_weight=6.0000000000000027 4.9999999999999991 5.9999999999999991 10.000000000000005 11.999999999999998 9.0000000000000036 7.0000000000000027 6.9999999999999991 4.9999999999999982 13.000000000000002 6.9999999999999991 4.9999999999999991 6.9999999999999991 23 6 9 6.9999999999999991
leaf_count=6 5 6 10 12 9 7 7 5 13 7 5 7 23 6 9 7
internal_value=0.000218859 0.189619 -0.355165 0.346466 0.025134 0.298448 -0.250352 0.0450842 -0.449218 0.0148711 0.0914486 -0.295916 0.325091 0.0640914 -0.00505481 -0.414672
internal_weight=144 94 50 48 46 36 24 41 26 25 16 17 30 11 18 20
internal_count=144 94 50 48 46 36 24 41 26 25 16 17 30 11 18 20
is_linear=0
shrinkage=0.025


Tree=66
num_leaves=17
num_cat=0
split_feature=2 0 3 0 3 2 5 0 3 2 4 2 4 2 0 4
split_gain=14799 3695.6 720.407 438.11 224.721 162.828 147.191 87.347 82.3564 38.553 34.166 32.2677 29.4868 20.7757 19.2803 7.21949
threshold=15.000000000000002 3.5000000000000004 523.92100000000016 5.5000000000000009 559.32100000000003 18.000000000000004 229.85700000000003 2.5000000000000004 586.65050000000008 26.000000000000004 1737.0670000000002 26.000000000000004 1954.2620000000004 11.000000000000002 1.5000000000000002 1817.4895000000004
decision_type=2 2 2 2 2 2 2 2 2 2 2 2 2 2 2 2
left_child=2 4 6 5 -2 -3 -1 9 -4 14 -9 15 -5 -8 -6 -7
right_child=1 3 8 12 7 11 13 10 -10 -11 -12 -13 -14 -15 -16 -17
leaf_value=-0.48890016938819258 -0.13044628506669631 0.15500268801566097 -0.24579983094464183 0.39473274689094695 -0.030526962487593925 0.26156909482579821 -0.39337705927835376 0.050518359661829187 -0.1188976320528215 0.063419993387328261 0.12565699568608915 0.38455329583241393 0.51844084724303208 -0.30868198353311294 0.020639244661383005 0.32870021528667875
leaf_weight=11.999999999999998 4.9999999999999991 5.9999999999999991 8.9999999999999982 9.9999999999999982 9.0000000000000036 14.000000000000005 14.000000000000002 7.9999999999999991 5.9999999999999991 6.9999999999999991 7.9999999999999991 4.9999999999999991 5.9999999999999991 8.9999999999999982 9 6.9999999999999991
leaf_count=12 5 6 9 10 9 14 14 8 6 7 8 5 6 9 9 7
internal_value=0.000192536 0.184957 -0.346493 0.337935 0.0245287 0.280912 -0.40889 0.0439999 -0.197354 0.0145102 0.0892523 0.308515 0.447028 -0.363236 -0.00492951 0.286895
internal_weight=144 94 50 48 46 32 35 41 15 25 16 26 16 23 18 21
internal_count=144 94 50 48 46 32 35 41 15 25 16 26 16 23 18 21
is_linear=0
shrinkage=0.025


Tree=67
num_leaves=21
num_cat=0
split_feature=2 0 3 3 3 3 3 3 2 1 1 3 5 3 1 1 0 5 0 2
split_gain=14083.1 3517.8 689.287 418.901 214.017 171.985 129.541 83.9479 69.5231 63.2171 54.8659 64.015 36.5425 31.6371 24.4975 21.3178 18.8666 16.4224 9.64904 1.99368
threshold=15.000000000000002 3.5000000000000004 489.58850000000007 756.86750000000006 559.32100000000003 586.65050000000008 641.1735000000001 728.83900000000006 26.000000000000004 30.656500000000005 65.010000000000005 615.27100000000007 278.24150000000003 682.85100000000011 65.010000000000005 73.855000000000004 2.5000000000000004 376.35850000000011 5.5000000000000009 11.000000000000002
decision_type=2 2 2 2 2 2 2 2 2 2 2 2 2 2 2 2 2 2 2 2
left_child=2 4 9 6 -2 12 -3 10 18 -1 11 -6 -4 -12 17 -15 -9 -8 -5 -11
right_child=1 3 5 8 7 -7 14 16 -10 19 13 -13 -14 15 -16 -17 -18 -19 -20 -21
leaf_value=-0.52201433797036412 -0.12731055405277472 0.13697776519335222 -0.3062376325247716 0.31290450480676446 0.013654573758443193 -0.11602107536408209 0.25618899714562188 0.066110591246531569 0.51817129758688119 -0.42049286437757072 -0.050811485104983824 0.13013025866105005 -0.20925910703597533 0.042596602712462593 0.23456922740471076 -0.022154020346128022 0.14006935037099397 0.34901018026398456 0.40819876380995201 -0.33623724910948011
leaf_weight=6.0000000000000027 4.9999999999999991 5.0000000000000027 12.000000000000005 6.0000000000000044 7.0000000000000018 5.9999999999999991 6.0000000000000027 4.9999999999999982 4.9999999999999991 13.000000000000002 6.0000000000000027 5 5.9999999999999991 7.9999999999999982 7.9999999999999991 5 5 7.9999999999999991 10 6.9999999999999991
leaf_count=6 5 5 12 6 7 6 6 5 5 13 6 5 6 8 8 5 5 8 10 7
internal_value=0.000208498 0.180449 -0.337988 0.329702 0.0239269 -0.237824 0.260653 0.0429293 0.415124 -0.427878 0.0222452 0.0636263 -0.276635 -0.00421562 0.287217 0.0176395 0.105234 0.313486 0.376845 -0.394686
internal_weight=144 94 50 48 46 24 27 41 21 26 31 12 18 19 22 13 10 14 16 20
internal_count=144 94 50 48 46 24 27 41 21 26 31 12 18 19 22 13 10 14 16 20
is_linear=0
shrinkage=0.025


Tree=68
num_leaves=18
num_cat=0
split_feature=2 0 3 0 3 3 2 2 4 0 2 3 5 1 4 4 1
split_gain=13404.9 3348.85 656.025 399.25 203.851 163.618 148.782 81.8908 61.736 52.1158 29.7594 28.8356 26.4072 12.151 14.926 6.82731 4.84104
threshold=15.000000000000002 3.5000000000000004 489.58850000000007 5.5000000000000009 559.32100000000003 579.34900000000016 18.000000000000004 26.000000000000004 1436.7855000000002 1.5000000000000002 26.000000000000004 898.2080000000002 267.84700000000004 76.620000000000019 1702.9405000000004 1817.4895000000004 68.285500000000013
decision_type=2 2 2 2 2 2 2 2 2 2 2 2 2 2 2 2 2
left_child=2 4 8 6 -2 12 -3 9 -1 -6 15 -5 -4 14 -11 -8 -9
right_child=1 3 5 11 7 -7 10 16 -10 13 -12 -13 -14 -15 -16 -17 -18
leaf_value=-0.50991437204422463 -0.12425020027619141 0.14697727277394265 -0.30702017615823168 0.37544583386065916 -0.02964722773303155 -0.12463714734961591 0.24875546206890686 0.078197567982058389 -0.38484553558991691 0.051707015113859625 0.36639340198957004 0.4947616369493546 -0.21988606188032367 0.071542066720224201 0.0017613575483361879 0.31298030151261225 0.1211670766656215
leaf_weight=6.0000000000000027 4.9999999999999991 5.9999999999999991 10.000000000000005 9.9999999999999982 9.0000000000000018 6.9999999999999991 14.000000000000005 5.9999999999999982 20 8.0000000000000018 4.9999999999999991 5.9999999999999991 6.9999999999999991 5.9999999999999991 6.9999999999999991 6.9999999999999991 5
leaf_count=6 5 6 10 10 9 7 14 6 20 8 5 6 7 6 7 7 5
internal_value=0.000220989 0.176068 -0.329732 0.321693 0.0233502 -0.232011 0.267268 0.0418963 -0.417427 0.0201568 0.293646 0.425822 -0.274188 0.0416387 0.0288111 0.272973 0.0996557
internal_weight=144 94 50 48 46 24 32 41 26 30 26 16 17 21 15 21 11
internal_count=144 94 50 48 46 24 32 41 26 30 26 16 17 21 15 21 11
is_linear=0
shrinkage=0.025


Tree=69
num_leaves=20
num_cat=0
split_feature=2 0 3 3 3 3 3 0 3 2 2 2 3 1 1 0 5 0 3
split_gain=12757.1 3187.54 626.427 381.455 194.165 131.599 118.749 78.0618 69.9949 67.8032 33.4195 33.2735 30.3194 24.6733 21.2603 16.7873 9.64099 8.06424 0.531418
threshold=15.000000000000002 3.5000000000000004 523.92100000000016 756.86750000000006 559.32100000000003 384.22950000000009 641.1735000000001 2.5000000000000004 586.65050000000008 26.000000000000004 9.0000000000000018 26.000000000000004 732.42400000000009 65.572500000000005 65.572500000000005 1.5000000000000002 372.63200000000006 5.5000000000000009 489.58850000000007
decision_type=2 2 2 2 2 2 2 2 2 2 2 2 2 2 2 2 2 2 2
left_child=2 4 5 6 -2 -1 -3 11 -4 17 -7 15 14 16 -9 -6 -8 -5 -12
right_child=1 3 8 9 7 10 13 12 -10 -11 18 -13 -14 -15 -16 -17 -18 -19 -20
leaf_value=-0.47251453658808834 -0.12126341955019877 0.12966260950152683 -0.22728709993155111 0.29776212553824122 -0.028922160228957286 -0.39386190666871901 0.2371238502172322 0.095725044951989122 -0.11019870223056885 0.49562988006151643 -0.3321526639601764 0.05845355494982666 0.1345053759905008 0.21692358023590513 0.025108961256281023 0.018819351105586343 0.32078707498662618 0.38782202309253166 -0.26025157282429356
leaf_weight=8.9999999999999982 4.9999999999999991 5.0000000000000027 8.9999999999999982 6.0000000000000044 9.0000000000000036 10.000000000000002 5.0000000000000027 4.9999999999999982 5.9999999999999991 4.9999999999999991 9.9999999999999982 6.9999999999999991 4.9999999999999991 6.9999999999999991 6 9 9.9999999999999982 10 5.9999999999999991
leaf_count=9 5 5 9 6 9 10 5 5 6 5 10 7 5 7 6 9 10 10 6
internal_value=0.00023586 0.171782 -0.321645 0.313856 0.0227862 -0.379824 0.247975 0.040887 -0.1826 0.395363 -0.344329 0.0130127 0.083665 0.273397 0.058455 -0.00503823 0.296469 0.35822 -0.308813
internal_weight=144 94 50 48 46 35 27 41 15 21 26 25 16 22 11 18 15 16 16
internal_count=144 94 50 48 46 35 27 41 15 21 26 25 16 22 11 18 15 16 16
is_linear=0
shrinkage=0.025


Tree=70
num_leaves=18
num_cat=0
split_feature=2 0 3 0 3 3 3 2 3 0 2 2 3 1 4 4 1
split_gain=12142.6 3034.39 596.061 364.32 184.944 136.021 125.195 75.8002 66.5551 46.8288 31.8723 31.5728 28.7838 11.1213 13.7096 9.63818 4.45596
threshold=15.000000000000002 3.5000000000000004 523.92100000000016 5.5000000000000009 559.32100000000003 641.1735000000001 384.22950000000009 26.000000000000004 586.65050000000008 1.5000000000000002 11.000000000000002 26.000000000000004 898.2080000000002 76.620000000000019 1702.9405000000004 1817.4895000000004 68.285500000000013
decision_type=2 2 2 2 2 2 2 2 2 2 2 2 2 2 2 2 2
left_child=2 4 6 5 -2 -3 -1 9 -4 -6 -8 15 -5 14 -11 -7 -9
right_child=1 3 8 12 7 11 10 16 -10 13 -12 -13 -14 -15 -16 -17 -18
leaf_value=-0.4609584865362748 -0.1183484320457165 0.12654572114921533 -0.22172844980074013 0.35696696113137638 -0.028214824944734564 0.23443261369278545 -0.36539850441026095 0.074875657885305355 -0.10753260101041487 0.049029812343963745 -0.28236875160067693 0.34919214798853948 0.47253939490164482 0.067956477211367702 0.0011737758914629618 0.29805591603120168 0.11611800531928354
leaf_weight=8.9999999999999982 4.9999999999999991 4.9999999999999991 8.9999999999999982 9.9999999999999982 9.0000000000000018 15.000000000000005 16.000000000000004 5.9999999999999982 5.9999999999999991 8.0000000000000018 9.9999999999999982 4.9999999999999991 5.9999999999999991 5.9999999999999991 6.9999999999999991 6.9999999999999991 5
leaf_count=9 5 5 9 10 9 15 16 6 6 8 10 5 6 6 7 7 5
internal_value=0.000246975 0.16761 -0.313786 0.30623 0.0222377 0.254254 -0.370538 0.0399039 -0.178148 0.01899 -0.335911 0.276753 0.405683 0.039355 0.0270885 0.257236 0.0954726
internal_weight=144 94 50 48 46 32 35 41 15 30 26 27 16 21 15 22 11
internal_count=144 94 50 48 46 32 35 41 15 30 26 27 16 21 15 22 11
is_linear=0
shrinkage=0.025


Tree=71
num_leaves=19
num_cat=0
split_feature=2 0 3 3 3 3 3 0 2 1 2 4 5 1 0 5 0 2
split_gain=11555.6 2888.2 572.203 347.342 176.157 139.932 107.085 73.2033 65.9848 58.4612 29.5549 28.5661 24.8515 24.4969 14.8635 13.5091 6.6752 2.11474
threshold=15.000000000000002 3.5000000000000004 489.58850000000007 756.86750000000006 559.32100000000003 579.34900000000016 641.1735000000001 2.5000000000000004 26.000000000000004 30.656500000000005 26.000000000000004 1737.0670000000002 267.84700000000004 65.010000000000005 1.5000000000000002 376.35850000000011 5.5000000000000009 11.000000000000002
decision_type=2 2 2 2 2 2 2 2 2 2 2 2 2 2 2 2 2 2
left_child=2 4 9 6 -2 12 -3 10 16 -1 14 -9 -4 15 -6 -8 -5 -11
right_child=1 3 5 8 7 -7 13 11 -10 17 -12 -13 -14 -15 -16 -17 -18 -19
leaf_value=-0.47617539744223292 -0.11550351667862671 0.12350375425930199 -0.28511339122173818 0.28334716712274838 -0.027524786507305877 -0.11551262344130214 0.23304741882508787 0.044980158656835557 0.47409826150307294 -0.38052762674562851 0.054783306643366815 0.11364009525717761 -0.20236469374762642 0.21003841685085767 0.017395833458589468 0.31751079152270067 0.36843433146383242 -0.30377463897069301
leaf_weight=6.0000000000000027 4.9999999999999991 5.0000000000000027 10.000000000000005 6.0000000000000044 9.0000000000000036 6.9999999999999991 6.0000000000000027 7.9999999999999991 4.9999999999999991 13.000000000000002 6.9999999999999991 7.9999999999999991 6.9999999999999991 7.9999999999999991 9 7.9999999999999991 10 6.9999999999999991
leaf_count=6 5 5 10 6 9 7 6 8 5 13 7 8 7 8 9 8 10 7
internal_value=0.00026095 0.163529 -0.306087 0.298768 0.0217007 -0.21485 0.235911 0.0389427 0.376537 -0.387974 0.0119545 0.0803664 -0.253862 0.260058 -0.00505145 0.285192 0.340496 -0.357
internal_weight=144 94 50 48 46 24 27 41 21 26 25 16 17 22 18 14 16 20
internal_count=144 94 50 48 46 24 27 41 21 26 25 16 17 22 18 14 16 20
is_linear=0
shrinkage=0.025


Tree=72
num_leaves=19
num_cat=0
split_feature=2 0 3 0 3 3 2 2 1 0 5 4 2 1 4 4 1 2
split_gain=10999.1 2749.69 544.544 332.07 167.767 133.813 125.516 69.7594 55.8586 42.1584 30.5958 28.7496 25.2915 10.266 13.1802 6.02284 4.32569 1.86296
threshold=15.000000000000002 3.5000000000000004 489.58850000000007 5.5000000000000009 559.32100000000003 586.65050000000008 18.000000000000004 26.000000000000004 30.656500000000005 1.5000000000000002 278.24150000000003 1954.2620000000004 26.000000000000004 76.620000000000019 1702.9405000000004 1817.4895000000004 68.285500000000013 11.000000000000002
decision_type=2 2 2 2 2 2 2 2 2 2 2 2 2 2 2 2 2 2
left_child=2 4 8 6 -2 10 -3 9 -1 -6 -4 -5 15 14 -11 -8 -9 -10
right_child=1 3 5 11 7 -7 12 16 17 13 -12 -13 -14 -15 -16 -17 -18 -19
leaf_value=-0.46465500400912352 -0.1127269942026872 0.13161468883195232 -0.27061648583803005 0.33929291472715489 -0.026851625416589808 -0.10213634495983921 0.22506744878392815 0.071264095412146664 -0.37115857673413816 0.046989178730220314 -0.18309676339549405 0.45135769228781425 0.33269338057591369 0.064727257624749221 0.0001009128780828582 0.28380596207247838 0.11144386868064218 -0.29639122949706181
leaf_weight=6.0000000000000027 4.9999999999999991 5.9999999999999991 12.000000000000005 9.9999999999999982 9.0000000000000018 5.9999999999999991 14.000000000000005 5.9999999999999982 13.000000000000002 8.0000000000000018 5.9999999999999991 5.9999999999999991 4.9999999999999991 5.9999999999999991 6.9999999999999991 6.9999999999999991 5 6.9999999999999991
leaf_count=6 5 6 12 10 9 6 14 6 13 8 6 6 5 6 7 7 5 7
internal_value=0.000266451 0.159555 -0.298613 0.291511 0.0211683 -0.209606 0.241898 0.0379953 -0.378499 0.0179325 -0.243845 0.386448 0.266102 0.0372569 0.0254795 0.247199 0.0913032 -0.348246
internal_weight=144 94 50 48 46 24 32 41 26 30 18 16 26 21 15 21 11 20
internal_count=144 94 50 48 46 24 32 41 26 30 18 16 26 21 15 21 11 20
is_linear=0
shrinkage=0.025


Tree=73
num_leaves=18
num_cat=0
split_feature=2 0 3 3 3 5 3 0 2 3 4 2 1 2 0 5 0
split_gain=10468.9 2617.24 518.569 316.205 159.796 111.395 98.1335 68.609 62.9298 56.5548 26.3842 26.2219 24.5244 17.7411 13.1525 7.87445 5.69733
threshold=15.000000000000002 3.5000000000000004 523.92100000000016 756.86750000000006 559.32100000000003 229.85700000000003 641.1735000000001 2.5000000000000004 26.000000000000004 586.65050000000008 1737.0670000000002 26.000000000000004 65.572500000000005 11.000000000000002 1.5000000000000002 372.63200000000006 5.5000000000000009
decision_type=2 2 2 2 2 2 2 2 2 2 2 2 2 2 2 2 2
left_child=2 4 5 6 -2 -1 -3 11 16 -4 -9 14 15 -7 -6 -8 -5
right_child=1 3 9 8 7 13 12 10 -10 -11 -12 -13 -14 -15 -16 -17 -18
leaf_value=-0.41334578091980978 -0.11001720715027588 0.11692180529666628 -0.20502613860627883 0.26962572220833048 -0.026194928327332358 -0.33118568373398038 0.21567456401311424 0.043165859053047699 0.45299271987034723 -0.09966530667678003 0.10916198721019235 0.051301113888621332 0.19383328557014468 -0.25754388829936159 0.016058837865357813 0.2917648371528177 0.350264061198515
leaf_weight=11.999999999999998 4.9999999999999991 5.0000000000000027 8.9999999999999982 6.0000000000000044 9.0000000000000036 14.000000000000002 5.0000000000000027 7.9999999999999991 4.9999999999999991 5.9999999999999991 7.9999999999999991 6.9999999999999991 6.9999999999999991 8.9999999999999982 9 9.9999999999999982 10
leaf_count=12 5 5 9 6 9 14 5 8 5 6 8 7 7 9 9 10 10
internal_value=0.000268222 0.15567 -0.291319 0.284409 0.0206572 -0.344249 0.224443 0.0370802 0.358605 -0.16483 0.0771814 0.010957 0.24755 -0.304892 -0.00505506 0.269655 0.323804
internal_weight=144 94 50 48 46 35 27 41 21 15 16 25 22 23 18 15 16
internal_count=144 94 50 48 46 35 27 41 21 15 16 25 22 23 18 15 16
is_linear=0
shrinkage=0.025


Tree=74
num_leaves=19
num_cat=0
split_feature=2 0 3 0 3 1 2 0 4 2 3 3 2 2 1 0 4 5
split_gain=9963 2491.69 497.541 303.06 152.186 121.887 114.55 65.3003 53.9556 30.2263 29.3558 25.4073 24.9615 23.499 19.7508 12.5175 5.83902 1.60447
threshold=15.000000000000002 3.5000000000000004 489.58850000000007 5.5000000000000009 559.32100000000003 45.883000000000003 18.000000000000004 2.5000000000000004 1436.7855000000002 11.000000000000002 898.2080000000002 732.42400000000009 26.000000000000004 26.000000000000004 65.572500000000005 1.5000000000000002 1817.4895000000004 263.84900000000005
decision_type=2 2 2 2 2 2 2 2 2 2 2 2 2 2 2 2 2 2
left_child=2 4 8 6 -2 9 -3 12 -1 17 -5 14 15 16 -9 -6 -8 -4
right_child=1 3 5 10 7 -7 13 11 -10 -11 -12 -13 -14 -15 -16 -17 -18 -19
leaf_value=-0.44408803293781873 -0.10737256453587458 0.12480531517536408 -0.3014940628638631 0.3223057615990732 -0.025554292098335585 -0.10644911461406284 0.21390040609198549 0.088108568581251004 -0.33123809889991684 -0.18294727206230166 0.43157046533400012 0.12181445016310764 0.050054212245676244 0.31707374499394347 0.020285979742484708 0.015666094681491022 0.27027762664688959 -0.22370175765110895
leaf_weight=6.0000000000000027 4.9999999999999991 5.9999999999999991 5.0000000000000053 9.9999999999999982 9.0000000000000036 6.9999999999999991 14.000000000000005 4.9999999999999982 20 6.9999999999999991 5.9999999999999991 4.9999999999999991 6.9999999999999991 4.9999999999999991 6 9 6.9999999999999991 5
leaf_count=6 5 6 5 10 9 7 14 5 20 7 6 5 7 5 6 9 7 5
internal_value=0.000285322 0.151886 -0.284169 0.277499 0.0201505 -0.199108 0.230115 0.0361782 -0.360519 -0.235508 0.368179 0.0753008 0.0106912 0.253232 0.0522489 -0.00492975 0.235124 -0.267869
internal_weight=144 94 50 48 46 24 32 41 26 17 16 16 25 26 11 18 21 10
internal_count=144 94 50 48 46 24 32 41 26 17 16 16 25 26 11 18 21 10
is_linear=0
shrinkage=0.025


Tree=75
num_leaves=20
num_cat=0
split_feature=2 0 3 0 3 1 4 2 1 0 2 3 2 1 4 4 1 2 5
split_gain=9482.75 2371.64 472.772 288.447 144.959 116.105 108.964 62.4911 52.1998 35.7853 28.8293 28.0668 25.6374 9.10535 12.2092 8.03182 4.05599 2.37189 1.50313
threshold=15.000000000000002 3.5000000000000004 489.58850000000007 5.5000000000000009 559.32100000000003 45.883000000000003 1715.7460000000003 26.000000000000004 30.656500000000005 1.5000000000000002 11.000000000000002 898.2080000000002 26.000000000000004 76.620000000000019 1702.9405000000004 1817.4895000000004 68.285500000000013 11.000000000000002 263.84900000000005
decision_type=2 2 2 2 2 2 2 2 2 2 2 2 2 2 2 2 2 2 2
left_child=2 4 8 6 -2 10 -3 9 -1 -6 18 -5 15 14 -11 -8 -9 -10 -4
right_child=1 3 5 11 7 -7 12 16 17 13 -12 -13 -14 -15 -16 -17 -18 -19 -20
leaf_value=-0.43357906495371151 -0.10479149256761258 0.11038043054823693 -0.29424661031136112 0.31440611025866344 -0.024929322172766138 -0.10386180954260958 0.20681675045113806 0.066587788130967857 -0.34450503407102634 0.043758575999882143 -0.17850063807434507 0.42112925437188919 0.309451778118427 0.0599834349847609 -0.00099521455251508307 0.26370838516288336 0.1050821451613536 -0.27433562344974943 -0.21832430225152233
leaf_weight=6.0000000000000027 4.9999999999999991 4.9999999999999991 5.0000000000000053 9.9999999999999982 9.0000000000000018 6.9999999999999991 15.000000000000005 5.9999999999999982 13.000000000000002 8.0000000000000018 6.9999999999999991 5.9999999999999991 4.9999999999999991 5.9999999999999991 6.9999999999999991 6.9999999999999991 5 6.9999999999999991 5
leaf_count=6 5 5 5 10 9 7 15 6 13 8 7 6 5 6 7 7 5 7 5
internal_value=0.000287397 0.148189 -0.277226 0.270739 0.0196658 -0.194303 0.224509 0.0353088 -0.351655 0.0163229 -0.22983 0.359209 0.244631 0.0341298 0.0230529 0.227188 0.0857608 -0.322967 -0.261433
internal_weight=144 94 50 48 46 24 32 41 26 30 17 16 27 21 15 22 11 20 10
internal_count=144 94 50 48 46 24 32 41 26 30 17 16 27 21 15 22 11 20 10
is_linear=0
shrinkage=0.025


Tree=76
num_leaves=19
num_cat=0
split_feature=2 0 3 3 3 3 3 2 0 4 5 1 4 2 0 5 0 2
split_gain=9026.87 2257.41 449.586 275.226 138.07 111.559 86.2123 61.8954 61.2779 50.9017 26.2024 25.2525 23.7047 22.1068 11.072 6.74707 3.9831 0.654746
threshold=15.000000000000002 3.5000000000000004 489.58850000000007 756.86750000000006 559.32100000000003 586.65050000000008 641.1735000000001 26.000000000000004 2.5000000000000004 1436.7855000000002 267.84700000000004 65.572500000000005 1737.0670000000002 26.000000000000004 1.5000000000000002 372.63200000000006 5.5000000000000009 11.000000000000002
decision_type=2 2 2 2 2 2 2 2 2 2 2 2 2 2 2 2 2 2
left_child=2 4 9 6 -2 10 -3 16 13 -1 -4 15 -10 14 -6 -8 -5 -11
right_child=1 3 5 7 8 -7 11 -9 12 17 -12 -13 -14 -15 -16 -17 -18 -19
leaf_value=-0.42357249875222458 -0.10227246387646748 0.10756570249795905 -0.25246988955666022 0.25018350424305064 -0.024319639218890136 -0.091556459593196068 0.2012333672780256 0.42481904855141278 0.040133199577287934 -0.33794581147490943 -0.17601227963843 0.17746707035435572 0.10265789084681652 0.046818180878957116 0.014445346286115438 0.27216816228978774 0.32395595709482827 -0.27277745328298431
leaf_weight=6.0000000000000027 4.9999999999999991 5.0000000000000027 10.000000000000005 6.0000000000000044 9.0000000000000036 5.9999999999999991 5.0000000000000027 4.9999999999999991 7.9999999999999991 12.000000000000002 7.9999999999999991 6.9999999999999991 7.9999999999999991 6.9999999999999991 9 9.9999999999999982 10 7.9999999999999991
leaf_count=6 5 5 10 6 9 6 5 5 8 12 8 7 8 7 9 10 10 8
internal_value=0.000277332 0.144581 -0.270483 0.264143 0.0191898 -0.189613 0.208213 0.333351 0.0344571 -0.343067 -0.220865 0.229855 0.0723541 0.00977172 -0.00492272 0.251564 0.299799 -0.314899
internal_weight=144 94 50 48 46 24 27 21 41 26 18 22 16 25 18 15 16 20
internal_count=144 94 50 48 46 24 27 21 41 26 18 22 16 25 18 15 16 20
is_linear=0
shrinkage=0.025


Tree=77
num_leaves=18
num_cat=0
split_feature=2 0 3 0 3 2 1 0 3 2 3 3 2 2 1 0 4
split_gain=8592.12 2149.12 429.043 263.267 131.494 100.626 96.7902 58.3228 47.2857 35.5061 27.5849 22.6945 21.0441 20.7077 18.5747 10.5375 5.21843
threshold=15.000000000000002 3.5000000000000004 523.92100000000016 5.5000000000000009 559.32100000000003 18.000000000000004 30.656500000000005 2.5000000000000004 586.65050000000008 11.000000000000002 898.2080000000002 732.42400000000009 26.000000000000004 26.000000000000004 65.572500000000005 1.5000000000000002 1817.4895000000004
decision_type=2 2 2 2 2 2 2 2 2 2 2 2 2 2 2 2 2
left_child=2 4 6 5 -2 -3 -1 12 -4 -8 -5 14 15 16 -9 -6 -7
right_child=1 3 8 10 7 13 9 11 -10 -11 -12 -13 -14 -15 -16 -17 -18
leaf_value=-0.41379485284128503 -0.099813992931292617 0.11497984566996174 -0.18556429173635403 0.29889355734282852 -0.02372486520072687 0.19849011461499705 -0.31291313742597893 0.083563589763182872 -0.089341382153572568 -0.23599610071556243 0.40228956822426093 0.11454292879654811 0.045680237975385451 0.29491332494295558 0.017891100625838 0.014092063401704248 0.25114161835776433
leaf_weight=5.9999999999999991 4.9999999999999991 5.9999999999999991 8.9999999999999982 9.9999999999999982 9.0000000000000036 14.000000000000005 19.000000000000004 4.9999999999999982 5.9999999999999991 9.9999999999999982 5.9999999999999991 4.9999999999999991 6.9999999999999991 4.9999999999999991 6 9 6.9999999999999991
leaf_count=6 5 6 9 10 9 14 19 5 6 10 6 5 7 5 6 9 7
internal_value=0.000280558 0.141066 -0.263879 0.257725 0.0187191 0.21357 -0.31202 0.033619 -0.148839 -0.288231 0.342232 0.0705913 0.00953476 0.235222 0.048813 -0.00480065 0.218303
internal_weight=144 94 50 48 46 32 35 41 15 29 16 16 25 26 11 18 21
internal_count=144 94 50 48 46 32 35 41 15 29 16 16 25 26 11 18 21
is_linear=0
shrinkage=0.025


Tree=78
num_leaves=20
num_cat=0
split_feature=2 0 3 0 3 1 4 2 2 0 4 2 2 1 4 4 0 1 5
split_gain=8176.96 2045.57 411.804 250.571 125.251 101.094 96.4209 56.0646 48.3074 30.3396 26.4278 25.8396 22.4792 8.07386 11.3064 7.02579 5.86684 3.79767 2.17544
threshold=15.000000000000002 3.5000000000000004 489.58850000000007 5.5000000000000009 559.32100000000003 45.883000000000003 1715.7460000000003 26.000000000000004 9.0000000000000018 1.5000000000000002 1954.2620000000004 11.000000000000002 26.000000000000004 76.620000000000019 1702.9405000000004 1817.4895000000004 2.5000000000000004 68.285500000000013 263.84900000000005
decision_type=2 2 2 2 2 2 2 2 2 2 2 2 2 2 2 2 2 2 2
left_child=2 4 8 6 -2 11 -3 9 16 -6 -5 18 15 14 -11 -8 -1 -9 -4
right_child=1 3 5 10 7 -7 12 17 -10 13 -12 -13 -14 -15 -16 -17 -18 -19 -20
leaf_value=-0.41689945113274346 -0.097414615979561442 0.10118454965547873 -0.27419468622941207 0.29154852839077222 -0.023144636821487666 -0.095685856458213592 0.19201029554793703 0.062247906228707683 -0.28311998944886974 0.040744880750411883 0.39258834700430595 -0.16494482987456852 0.28782406311768755 0.055559582575674976 -0.0022912826802995471 0.24503748350673252 -0.31552299453366184 0.099133551178070198 -0.20205712639368498
leaf_weight=6.0000000000000018 4.9999999999999991 4.9999999999999991 5.0000000000000053 9.9999999999999982 9.0000000000000018 6.9999999999999991 15.000000000000005 5.9999999999999982 13.999999999999998 8.0000000000000018 5.9999999999999991 6.9999999999999991 4.9999999999999991 5.9999999999999991 6.9999999999999991 6.9999999999999991 6 5 5
leaf_count=6 5 5 5 10 9 7 15 6 14 8 6 7 5 6 7 7 6 5 5
internal_value=0.000290676 0.137633 -0.257408 0.251447 0.0182689 -0.180033 0.208367 0.0328114 -0.326863 0.0148311 0.333895 -0.213175 0.22728 0.0312302 0.0208132 0.210994 -0.372317 0.0805966 -0.242918
internal_weight=144 94 50 48 46 24 32 41 26 30 16 17 27 21 15 22 12 11 10
internal_count=144 94 50 48 46 24 32 41 26 30 16 17 27 21 15 22 12 11 10
is_linear=0
shrinkage=0.025


Tree=79
num_leaves=20
num_cat=0
split_feature=2 0 3 3 3 3 4 2 0 4 1 2 4 2 5 0 3 0 2
split_gain=7784.02 1947.05 391.648 239.516 119.299 96.3033 76.1027 59.5817 54.7526 46.7292 25.8699 23.7073 21.3003 18.6 9.86537 9.31843 7.35399 2.77699 0.880267
threshold=15.000000000000002 3.5000000000000004 489.58850000000007 756.86750000000006 559.32100000000003 586.65050000000008 1715.7460000000003 26.000000000000004 2.5000000000000004 1436.7855000000002 65.010000000000005 9.0000000000000018 1737.0670000000002 26.000000000000004 368.90600000000006 1.5000000000000002 515.50500000000011 5.5000000000000009 11.000000000000002
decision_type=2 2 2 2 2 2 2 2 2 2 2 2 2 2 2 2 2 2 2
left_child=2 4 9 6 -2 11 -3 17 13 -1 14 -4 -10 15 -8 -6 -13 -5 -11
right_child=1 3 5 7 8 -7 10 -9 12 18 -12 16 -14 -15 -16 -17 -18 -19 -20
leaf_value=-0.39511976395883847 -0.095072923715297991 0.098752235083912357 -0.25268411713261729 0.23212634440391275 -0.022578600826470736 -0.084585648198281571 0.18705134070836571 0.3980363112229568 0.037316933764917092 -0.31382571712869106 0.16691352085369393 -0.20928425605480491 0.096558884685722809 0.042672760153396265 0.26035889516706057 0.012981009175596029 -0.14841080605983734 0.29978761182111852 -0.25292091311478038
leaf_weight=6.0000000000000027 4.9999999999999991 5.0000000000000027 6.0000000000000062 6.0000000000000044 9.0000000000000036 5.9999999999999991 5.0000000000000027 4.9999999999999991 7.9999999999999991 12.000000000000002 7.9999999999999991 4.9999999999999982 7.9999999999999991 6.9999999999999991 8.9999999999999982 9 7 10 7.9999999999999991
leaf_count=6 5 5 6 6 9 6 5 5 8 12 8 5 8 7 9 9 7 10 8
internal_value=0.000279469 0.134282 -0.251151 0.245321 0.0178268 -0.175688 0.193159 0.309873 0.0320201 -0.318888 0.213476 -0.204724 0.0678415 0.00868833 0.237269 -0.00478285 -0.176892 0.277671 -0.292271
internal_weight=144 94 50 48 46 24 27 21 41 26 22 18 16 25 14 18 12 16 20
internal_count=144 94 50 48 46 24 27 21 41 26 22 18 16 25 14 18 12 16 20
is_linear=0
shrinkage=0.025


Tree=80
num_leaves=20
num_cat=0
split_feature=2 0 3 0 3 1 2 3 1 2 3 3 3 2 2 1 4 4 5
split_gain=7410.03 1853.67 372.475 228.507 113.617 92.3096 88.4185 52.2851 47.1703 45.5929 43.2516 32.3179 26.6764 23.4634 18.1156 16.1038 6.24237 4.57764 2.4838
threshold=15.000000000000002 3.5000000000000004 489.58850000000007 5.5000000000000009 559.32100000000003 45.883000000000003 18.000000000000004 732.42400000000009 65.010000000000005 9.0000000000000018 602.59550000000013 682.85100000000011 898.2080000000002 11.000000000000002 26.000000000000004 73.855000000000004 1497.5800000000002 1817.4895000000004 263.84900000000005
decision_type=2 2 2 2 2 2 2 2 2 2 2 2 2 2 2 2 2 2 2
left_child=2 4 9 6 -2 13 -3 8 10 16 -6 -10 -5 18 17 -13 -1 -8 -4
right_child=1 3 5 12 7 -7 14 -9 11 -11 -12 15 -14 -15 -16 -17 -18 -19 -20
leaf_value=-0.39059831433826009 -0.092787517721836382 0.10591634021501146 -0.26173798487736599 0.27687566817975517 0.0064468029766313502 -0.090861021478970849 0.184266516776152 0.08383938527625541 -0.055125850090576724 -0.26897810747925666 0.10107071918825948 0.033054635072450926 0.37542081532939786 -0.15712743070390489 0.27422127907092758 -0.021992122668486377 -0.29164823752183178 0.23334171772003176 -0.19204446306595435
leaf_weight=7.0000000000000018 4.9999999999999991 5.9999999999999991 5.0000000000000053 9.9999999999999982 5.9999999999999982 6.9999999999999991 14.000000000000005 8.9999999999999982 6.0000000000000027 13.999999999999998 6 8.9999999999999982 5.9999999999999991 6.9999999999999991 4.9999999999999991 4.9999999999999991 5 6.9999999999999991 5
leaf_count=7 5 6 5 10 6 7 14 9 6 14 6 9 6 7 5 5 5 7 5
internal_value=0.000274713 0.131018 -0.245041 0.239362 0.0173896 -0.171444 0.198231 0.0312414 0.0159805 -0.311102 0.0547425 -0.00752657 0.318086 -0.20311 0.218515 0.0132742 -0.354929 0.202731 -0.231463
internal_weight=144 94 50 48 46 24 32 41 32 26 12 20 16 17 26 14 12 21 10
internal_count=144 94 50 48 46 24 32 41 32 26 12 20 16 17 26 14 12 21 10
is_linear=0
shrinkage=0.025


Tree=81
num_leaves=21
num_cat=0
split_feature=2 0 3 3 3 3 3 2 2 4 0 1 2 3 1 4 5 1 0 2
split_gain=7053.77 1764.54 354.226 217.973 108.202 88.3804 70.1807 57.4948 50.6919 44.287 26.4192 25.5895 21.4674 6.81521 6.69328 10.5425 5.359 3.69036 2.0827 1.12602
threshold=15.000000000000002 3.5000000000000004 489.58850000000007 756.86750000000006 559.32100000000003 586.65050000000008 641.1735000000001 26.000000000000004 26.000000000000004 1436.7855000000002 1.5000000000000002 65.572500000000005 9.0000000000000018 515.50500000000011 76.620000000000019 1702.9405000000004 372.63200000000006 68.285500000000013 5.5000000000000009 11.000000000000002
decision_type=2 2 2 2 2 2 2 2 2 2 2 2 2 2 2 2 2 2 2 2
left_child=2 4 9 6 -2 12 -3 18 10 -1 -6 16 -4 -14 15 -12 -8 -10 -5 -11
right_child=1 3 5 7 8 -7 11 -9 17 19 14 -13 13 -15 -16 -17 -18 -19 -20 -21
leaf_value=-0.37709125472653277 -0.090557046578480641 0.093224460531312614 -0.24080047184421144 0.22086502352068482 -0.022042046778875841 -0.08007376814080823 0.17928699667637155 0.38089044369184055 0.058141290626278333 -0.29851453265205746 0.038441738649839297 0.15316701415512299 -0.19963760651074927 -0.14132347438070508 0.050861947526854849 -0.0030947144867645368 0.24265428781509404 0.093944206246389772 0.2846875756394629 -0.24019166376532583
leaf_weight=6.0000000000000027 4.9999999999999991 5.0000000000000027 6.0000000000000062 6.0000000000000044 9.0000000000000018 5.9999999999999991 5.0000000000000027 4.9999999999999991 5.9999999999999982 12.000000000000002 8.0000000000000018 6.9999999999999991 4.9999999999999982 7 5.9999999999999991 6.9999999999999991 9.9999999999999982 5 10 7.9999999999999991
leaf_count=6 5 5 6 6 9 6 5 5 6 12 8 7 5 7 6 7 10 5 10 8
internal_value=0.000262481 0.127825 -0.239083 0.233532 0.0169608 -0.167306 0.183775 0.295109 0.030479 -0.303508 0.0133857 0.203273 -0.195116 -0.168598 0.0286927 0.0191902 0.224251 0.0759139 0.263853 -0.277856
internal_weight=144 94 50 48 46 24 27 21 41 26 30 22 18 12 21 15 15 11 16 20
internal_count=144 94 50 48 46 24 27 21 41 26 30 22 18 12 21 15 15 11 16 20
is_linear=0
shrinkage=0.025


Tree=82
num_leaves=17
num_cat=0
split_feature=2 0 3 0 3 4 1 0 3 2 3 4 2 2 0 4
split_gain=6714.96 1679.81 337.772 208.563 103.06 80.9471 80.8826 49.6412 37.707 30.0646 26.0286 19.0861 19.0643 15.9515 8.0804 6.15576
threshold=15.000000000000002 3.5000000000000004 523.92100000000016 5.5000000000000009 559.32100000000003 1715.7460000000003 30.656500000000005 2.5000000000000004 586.65050000000008 11.000000000000002 898.2080000000002 1737.0670000000002 26.000000000000004 26.000000000000004 1.5000000000000002 1817.4895000000004
decision_type=2 2 2 2 2 2 2 2 2 2 2 2 2 2 2 2
left_child=2 4 6 5 -2 -3 -1 13 -4 -8 -5 -9 15 14 -6 -7
right_child=1 3 8 10 7 12 9 11 -10 -11 -12 -13 -14 -15 -16 -17
leaf_value=-0.3683648040217738 -0.088380193251829886 0.090496242461869353 -0.16397057525489644 0.26318513341978489 -0.021502974597008326 0.17360283152053224 -0.2768106214702129 0.034958446230285052 -0.078136495813246692 -0.20719652362898289 0.35867464042478997 0.091032938965846133 0.26132764357786914 0.039009469421580428 0.011606786310996698 0.22222631904813983
leaf_weight=5.9999999999999991 4.9999999999999991 4.9999999999999991 8.9999999999999982 9.9999999999999982 9.0000000000000036 15.000000000000005 19.000000000000004 7.9999999999999991 5.9999999999999991 9.9999999999999982 5.9999999999999991 7.9999999999999991 4.9999999999999991 6.9999999999999991 9 6.9999999999999991
leaf_count=6 5 5 9 10 9 15 19 8 6 10 6 8 5 7 9 7
internal_value=0.000259484 0.124721 -0.233267 0.227859 0.0165503 0.188572 -0.275981 0.029744 -0.131199 -0.254432 0.303057 0.0638506 0.20589 0.00753267 -0.00493379 0.190993
internal_weight=144 94 50 48 46 32 35 41 15 29 16 16 27 25 18 22
internal_count=144 94 50 48 46 32 35 41 15 29 16 16 27 25 18 22
is_linear=0
shrinkage=0.025


Tree=83
num_leaves=19
num_cat=0
split_feature=1 0 3 3 2 4 2 2 4 4 1 1 1 3 5 5 1 4
split_gain=6392.48 1622.66 496.718 151.999 81.351 74.954 68.2297 37.1869 32.1318 25.6867 23.544 18.2807 41.2804 13.8827 12.5595 33.1325 8.1743 13.7633
threshold=52.783000000000008 3.5000000000000004 523.92100000000016 882.16200000000015 9.0000000000000018 1661.6445000000001 13.000000000000002 26.000000000000004 1751.5525000000002 1497.5800000000002 45.883000000000003 59.361000000000011 65.010000000000005 489.58850000000007 491.27100000000002 452.7195000000001 76.620000000000019 1702.9405000000004
decision_type=2 2 2 2 2 2 2 2 2 2 2 2 2 2 2 2 2 2
left_child=2 5 4 8 9 11 10 16 -3 -1 -4 -2 -13 -6 15 -10 17 -7
right_child=1 3 6 -5 13 7 -8 -9 14 -11 -12 12 -14 -15 -16 -17 -18 -19
leaf_value=-0.36444019344117912 -0.056237349154487727 0.16109113003693376 -0.17020136515299475 0.32794498542080763 -0.24758607807912317 0.044697466721901495 -0.034649193935817287 0.0864153942822114 0.20906225060239239 -0.26670461805855361 -0.0911236698237749 0.048276766905417816 -0.051332058943808073 -0.18059382592478107 0.16867220722712006 0.2938106682992751 0.048389807872233848 -0.007298887039466604
leaf_weight=6.9999999999999991 5.9999999999999991 9.9999999999999982 7.0000000000000018 8.9999999999999982 15.000000000000002 5.0000000000000027 5.9999999999999991 9.0000000000000018 16.000000000000007 7.9999999999999991 5 4.9999999999999982 5 5.9999999999999991 4.9999999999999991 5.9999999999999991 5.9999999999999991 7.9999999999999991
leaf_count=7 6 10 7 9 15 5 6 9 16 8 5 5 5 6 5 6 6 8
internal_value=0.000265281 0.129214 -0.214309 0.2327 -0.267892 0.0204311 -0.105309 0.0449952 0.20786 -0.316592 -0.139389 -0.0225036 -0.00143505 -0.230389 0.223825 0.23467 0.0246142 0.0129792
internal_weight=144 90 54 46 36 44 18 28 37 15 12 16 10 21 27 22 19 13
internal_count=144 90 54 46 36 44 18 28 37 15 12 16 10 21 27 22 19 13
is_linear=0
shrinkage=0.025


Tree=84
num_leaves=22
num_cat=0
split_feature=2 0 3 0 3 1 2 0 4 3 2 3 1 2 3 1 0 4 1 5 2
split_gain=6086.59 1520.94 308.117 189.231 93.4355 76.1274 74.1413 46.4645 40.7086 24.6156 19.9314 17.8538 16.3621 16.0403 14.5515 18.4135 12.9445 4.27879 29.2351 2.8781 1.14855
threshold=15.000000000000002 3.5000000000000004 489.58850000000007 5.5000000000000009 559.32100000000003 45.883000000000003 18.000000000000004 2.5000000000000004 1436.7855000000002 898.2080000000002 11.000000000000002 732.42400000000009 65.572500000000005 26.000000000000004 728.83900000000006 65.010000000000005 1.5000000000000002 1817.4895000000004 65.572500000000005 263.84900000000005 11.000000000000002
decision_type=2 2 2 2 2 2 2 2 2 2 2 2 2 2 2 2 2 2 2 2 2
left_child=2 4 8 6 -2 10 -3 14 -1 -5 19 12 -9 17 15 -6 -17 18 -8 -4 -10
right_child=1 3 5 9 7 -7 13 11 20 -11 -12 -13 -14 -15 -16 16 -18 -19 -20 -21 -22
leaf_value=-0.3519196402642033 -0.084087654718985924 0.095032478099869144 -0.23821081198178776 0.25019682435428398 0.026225269967462935 -0.081963167256779143 0.19482183249100382 0.074652248620986947 -0.27717714856882558 0.34206286630322857 -0.1417690720823076 0.10034441523827038 0.013206712589148552 0.24964282237566435 0.044171278923749918 -0.052085088659077884 0 0.21171604825390711 0.10957028292692624 -0.17329567762521594 -0.22274970194188565
leaf_weight=6.0000000000000027 4.9999999999999991 5.9999999999999991 5.0000000000000053 9.9999999999999982 8.0000000000000053 6.9999999999999991 9.0000000000000053 4.9999999999999982 12.000000000000002 5.9999999999999991 6.9999999999999991 4.9999999999999991 6 4.9999999999999991 4.9999999999999991 4.9999999999999982 7 6.9999999999999991 4.9999999999999991 5 7.9999999999999991
leaf_count=6 5 6 5 10 8 7 9 5 12 6 7 5 6 5 5 5 7 7 5 5 8
internal_value=0.00025538 0.11875 -0.222076 0.216891 0.0158208 -0.155143 0.179467 0.0283841 -0.282157 0.288521 -0.183899 0.0613805 0.0420824 0.19803 0.00689724 -0.00270447 -0.0222072 0.183443 0.166435 -0.20991 -0.257889
internal_weight=144 94 50 48 46 24 32 41 26 16 17 16 11 26 25 20 12 21 14 10 20
internal_count=144 94 50 48 46 24 32 41 26 16 17 16 11 26 25 20 12 21 14 10 20
is_linear=0
shrinkage=0.025


Tree=85
num_leaves=19
num_cat=0
split_feature=1 0 3 3 2 4 2 2 4 4 1 1 1 5 5 3 1 4
split_gain=5797.3 1472.03 450.317 137.769 74.7899 69.5781 61.8559 35.1072 28.5082 24.2641 21.0984 16.7097 38.5121 12.6136 31.5769 12.1103 7.09279 12.8385
threshold=52.783000000000008 3.5000000000000004 523.92100000000016 882.16200000000015 9.0000000000000018 1661.6445000000001 13.000000000000002 26.000000000000004 1751.5525000000002 1497.5800000000002 45.883000000000003 59.361000000000011 65.010000000000005 491.27100000000002 452.7195000000001 489.58850000000007 76.620000000000019 1702.9405000000004
decision_type=2 2 2 2 2 2 2 2 2 2 2 2 2 2 2 2 2 2
left_child=2 5 4 8 9 11 10 16 -3 -1 -4 -2 -13 14 -10 -6 17 -7
right_child=1 3 6 -5 15 7 -8 -9 13 -11 -12 12 -14 -15 -16 -17 -18 -19
leaf_value=-0.34780723253885903 -0.054176820910746049 0.15372837151528576 -0.16195547564162144 0.3123093408087026 -0.23542748344571962 0.043092113045545694 -0.033005591890504282 0.083348087988712849 0.19888523066485361 -0.25379560982308741 -0.086962927763278644 0.046253032179979184 -0.049956203567293966 0.15934591889381411 0.28095952233960553 -0.17215159708453764 0.045470913860105697 -0.0071231267301411182
leaf_weight=6.9999999999999991 5.9999999999999991 9.9999999999999982 7.0000000000000018 8.9999999999999982 15.000000000000002 5.0000000000000027 5.9999999999999991 9.0000000000000018 16.000000000000007 7.9999999999999991 5 4.9999999999999982 5 4.9999999999999991 5.9999999999999991 5.9999999999999991 5.9999999999999991 7.9999999999999991
leaf_count=7 6 10 7 9 15 5 6 9 16 8 5 5 5 5 6 6 6 8
internal_value=0.000252479 0.123052 -0.204088 0.221618 -0.255108 0.0194398 -0.100298 0.0431079 0.197964 -0.301749 -0.132749 -0.021923 -0.00176534 0.213051 0.223655 -0.219202 0.0233119 0.012456
internal_weight=144 90 54 46 36 44 18 28 37 15 12 16 10 27 22 21 19 13
internal_count=144 90 54 46 36 44 18 28 37 15 12 16 10 27 22 21 19 13
is_linear=0
shrinkage=0.025


Tree=86
num_leaves=20
num_cat=0
split_feature=2 0 3 3 0 3 1 2 4 4 1 2 3 1 2 5 0 3 2
split_gain=5518.91 1377.16 278.463 172.247 86.503 70.4672 65.8105 56.8019 55.6436 38.4494 25.2213 18.0449 15.4709 33.2208 15.1985 7.74145 7.44123 5.39202 1.28984
threshold=15.000000000000002 3.5000000000000004 489.58850000000007 756.86750000000006 2.5000000000000004 586.65050000000008 56.583000000000006 26.000000000000004 1715.7460000000003 1436.7855000000002 65.010000000000005 9.0000000000000018 732.42400000000009 65.010000000000005 26.000000000000004 368.90600000000006 1.5000000000000002 515.50500000000011 11.000000000000002
decision_type=2 2 2 2 2 2 2 2 2 2 2 2 2 2 2 2 2 2 2
left_child=2 4 9 8 6 11 -2 -5 -3 -1 15 -4 13 -6 16 -10 -8 -13 -11
right_child=1 3 5 7 12 -7 14 -9 10 18 -12 17 -14 -15 -16 -17 -18 -19 -20
leaf_value=-0.33589706190170765 -0.091760568664624079 0.081666526119582861 -0.21408856376524873 0.23140151662591057 0.090660213048641455 -0.069982744801429006 -0.02114361333458319 0.3437256134473361 0.15862268645029792 -0.26369305946787841 0.13613730145663752 -0.17619972137304457 0.096475039021326939 0.0068114435765892255 0.040055404390178379 0.2221084462559742 0.010627155670005342 -0.12445671343141132 -0.21157465242758033
leaf_weight=6.0000000000000027 5.0000000000000027 5.0000000000000027 6.0000000000000062 16.000000000000004 5.0000000000000018 5.9999999999999991 9.0000000000000036 4.9999999999999991 5.0000000000000027 12.000000000000002 7.9999999999999991 4.9999999999999982 4.9999999999999991 7 5.9999999999999991 8.9999999999999982 9 7 7.9999999999999991
leaf_count=6 5 5 6 16 5 6 9 5 5 12 8 5 5 7 6 9 9 7 8
internal_value=0.000242995 0.113077 -0.211466 0.206464 0.0151317 -0.147823 -0.0111066 0.261195 0.162242 -0.268589 0.179597 -0.172647 0.0595724 0.0427644 0.00626414 0.202076 -0.00524733 -0.148654 -0.245209
internal_weight=144 94 50 48 46 24 29 21 27 26 22 18 17 12 24 14 18 12 20
internal_count=144 94 50 48 46 24 29 21 27 26 22 18 17 12 24 14 18 12 20
is_linear=0
shrinkage=0.025


Tree=87
num_leaves=19
num_cat=0
split_feature=1 0 1 2 5 4 0 2 3 2 4 1 1 1 1 1 3 4
split_gain=5260.67 1333.72 407.505 127.765 87.1958 63.2313 62.8409 47.7562 37.4281 32.6891 20.6198 15.0586 36.6066 13.379 10.9738 8.77341 6.49774 13.6262
threshold=52.783000000000008 3.5000000000000004 42.535500000000006 26.000000000000004 241.11950000000002 1661.6445000000001 4.5000000000000009 13.000000000000002 756.86750000000006 26.000000000000004 1661.6445000000001 59.361000000000011 65.010000000000005 30.656500000000005 66.848500000000016 45.883000000000003 718.77850000000012 1702.9405000000004
decision_type=2 2 2 2 2 2 2 2 2 2 2 2 2 2 2 2 2 2
left_child=2 5 4 6 13 11 14 15 -8 16 -6 -2 -13 -1 -3 -4 17 -7
right_child=1 3 7 -5 10 9 8 -9 -10 -11 -12 12 -14 -15 -16 -17 -18 -19
leaf_value=-0.32811923642312313 -0.051462339585827244 0.16532363095499866 -0.13907424853398251 0.30475652130638686 -0.21361689758889463 0.04120232543120015 0.17625471227605577 -0.017714596482423638 0.24546829443989379 0.079976262496379388 -0.14036418703886178 0.045111920168766612 -0.048686958620181436 -0.25082271255430627 0.10372258559350044 -0.082666407181666429 0.040939431058035956 -0.011893355212588276
leaf_weight=6.0000000000000027 5.9999999999999991 4.9999999999999982 4.9999999999999982 7.9999999999999991 16.000000000000004 5.0000000000000018 14.000000000000002 4.9999999999999991 12.999999999999998 9.0000000000000018 4.9999999999999991 4.9999999999999982 5 11.999999999999998 6 5 6.9999999999999991 7
leaf_count=6 6 5 5 8 16 5 14 5 13 9 5 5 5 12 6 5 7 7
internal_value=0.000233997 0.117212 -0.194419 0.211034 -0.236954 0.0185862 0.189778 -0.0820834 0.211186 0.0411495 -0.197723 -0.020843 -0.00170002 -0.279979 0.134287 -0.113167 0.0220512 0.0104402
internal_weight=144 90 54 46 39 44 38 15 27 28 21 16 10 18 11 10 19 12
internal_count=144 90 54 46 39 44 38 15 27 28 21 16 10 18 11 10 19 12
is_linear=0
shrinkage=0.025


Tree=88
num_leaves=20
num_cat=0
split_feature=1 0 1 3 5 0 2 4 4 4 3 1 5 5 4 1 1 2 5
split_gain=5006.65 1269.2 387.555 122.068 83.0398 61.0891 45.4831 26.968 24.1389 19.5098 15.2429 14.4371 13.3182 29.3473 13.2363 8.34606 7.3184 6.81877 0.583569
threshold=52.783000000000008 3.5000000000000004 42.535500000000006 882.16200000000015 241.11950000000002 2.5000000000000004 13.000000000000002 1657.0175000000002 1751.5525000000002 1661.6445000000001 732.42400000000009 65.572500000000005 491.27100000000002 452.7195000000001 1436.7855000000002 45.883000000000003 59.361000000000011 26.000000000000004 463.14750000000009
decision_type=2 2 2 2 2 2 2 2 2 2 2 2 2 2 2 2 2 2 2
left_child=2 5 4 8 14 7 15 16 -3 -6 11 -7 13 -10 -1 -4 -2 18 -9
right_child=1 3 6 -5 9 10 -8 17 12 -11 -12 -13 -14 -15 -16 -17 -18 -19 -20
leaf_value=-0.3204555096164825 -0.050217282675927656 0.14279104231619369 -0.13573111570798435 0.29114340880642769 -0.20834240309986063 0.069520762677376099 -0.017288766142267448 0 0.18441039279655169 -0.13699005062763508 0.092796450394850516 0.01181762152081055 0.1452716174033972 0.26262494133364772 -0.24451536663243034 -0.080679234174581671 -0.012142365943226548 0.041814423581728571 0.012036967793336281
leaf_weight=6.0000000000000027 6.0000000000000018 9.9999999999999982 4.9999999999999982 8.9999999999999982 16.000000000000004 4.9999999999999982 4.9999999999999991 4.9999999999999982 16.000000000000007 4.9999999999999991 4.9999999999999991 6 4.9999999999999991 5.9999999999999991 11.999999999999998 5 7 4.9999999999999991 5
leaf_count=6 6 10 5 9 16 5 5 5 16 5 5 6 5 6 12 5 7 5 5
internal_value=0.000224883 0.114344 -0.189671 0.205868 -0.231152 0.0181323 -0.0801142 -0.00415325 0.183639 -0.192865 0.0567789 0.038931 0.19756 0.207972 -0.273141 -0.110449 -0.0303047 0.0185296 0.00617308
internal_weight=144 90 54 46 39 44 15 28 37 21 16 11 27 22 18 10 13 15 10
internal_count=144 90 54 46 39 44 15 28 37 21 16 11 27 22 18 10 13 15 10
is_linear=0
shrinkage=0.025


Tree=89
num_leaves=19
num_cat=0
split_feature=1 0 1 2 5 0 0 2 3 4 4 4 1 1 1 1 2 5
split_gain=4765.15 1207.75 368.582 120.357 79.0814 58.1873 57.1972 43.318 33.2268 25.6868 18.4586 14.5138 13.1825 10.7761 7.93927 6.96626 6.4928 0.555677
threshold=52.783000000000008 3.5000000000000004 42.535500000000006 26.000000000000004 241.11950000000002 2.5000000000000004 4.5000000000000009 13.000000000000002 756.86750000000006 1657.0175000000002 1661.6445000000001 1737.0670000000002 30.656500000000005 66.848500000000016 45.883000000000003 59.361000000000011 26.000000000000004 463.14750000000009
decision_type=2 2 2 2 2 2 2 2 2 2 2 2 2 2 2 2 2 2
left_child=2 5 4 6 12 9 13 14 -8 15 -6 -7 -1 -3 -4 -2 17 -11
right_child=1 3 7 -5 10 11 8 -9 -10 16 -12 -13 -14 -15 -16 -17 -18 -19
leaf_value=-0.31304033033309431 -0.049002347742357538 0.15771693598765599 -0.13246835057552048 0.29164332500318207 -0.20319814623138047 0.030201765432635825 0.16765817739594149 -0.01687317232672985 0.2330587618278735 0 -0.13369701779805696 0.079128291766817987 -0.23833103688036814 0.097560717982630552 -0.078739830851554851 -0.011847238718635507 0.040809269335407475 0.011747617904956523
leaf_weight=6.0000000000000027 6.0000000000000018 4.9999999999999982 4.9999999999999982 7.9999999999999991 16.000000000000004 7.9999999999999991 14.000000000000002 4.9999999999999991 12.999999999999998 4.9999999999999982 4.9999999999999991 7.9999999999999991 11.999999999999998 6 5 7 4.9999999999999991 5
leaf_count=6 6 5 5 8 16 8 14 5 13 5 5 8 12 6 5 7 5 5
internal_value=0.000220986 0.111554 -0.185038 0.200836 -0.225492 0.0176993 0.180259 -0.0781923 0.200675 -0.00404949 -0.188127 0.0554171 -0.266469 0.127344 -0.107797 -0.0295731 0.0180868 0.00602557
internal_weight=144 90 54 46 39 44 38 15 27 28 21 16 18 11 10 13 15 10
internal_count=144 90 54 46 39 44 38 15 27 28 21 16 18 11 10 13 15 10
is_linear=0
shrinkage=0.025


Tree=90
num_leaves=20
num_cat=0
split_feature=5 0 3 2 2 0 0 2 3 4 4 3 3 1 1 3 1 2 5
split_gain=4537.34 1149.98 349.849 114.435 66.054 55.3841 53.8694 47.7545 31.598 24.4666 20.1158 16.7928 14.0709 13.8618 10.4923 9.69998 6.63099 6.18236 0.529114
threshold=329.11450000000008 3.5000000000000004 523.92100000000016 26.000000000000004 9.0000000000000018 2.5000000000000004 4.5000000000000009 13.000000000000002 756.86750000000006 1657.0175000000002 1497.5800000000002 579.34900000000016 732.42400000000009 65.572500000000005 66.848500000000016 489.58850000000007 59.361000000000011 26.000000000000004 463.14750000000009
decision_type=2 2 2 2 2 2 2 2 2 2 2 2 2 2 2 2 2 2 2
left_child=2 5 4 6 10 9 14 11 -8 16 -1 -4 13 -7 -3 -6 -2 18 -11
right_child=1 3 7 -5 15 12 8 -9 -10 17 -12 -13 -14 -15 -16 -17 -18 -19 -20
leaf_value=-0.31041559643215605 -0.047816807992996688 0.15439247775536322 -0.14362643311421072 0.2845300747127068 -0.20667227977200553 0.066888364232503467 0.16352575421333312 -0.029853174450897402 0.22732056848930593 0 -0.22570934295654302 -0.076747655639281626 0.088663644286302412 0.010406454918707059 0.09520037645293819 -0.15056473093648112 -0.011559285885757871 0.039828277465242604 0.011465222990283599
leaf_weight=6.9999999999999991 6.0000000000000018 4.9999999999999982 7.0000000000000018 7.9999999999999991 15.000000000000002 4.9999999999999982 14.000000000000002 5.9999999999999991 12.999999999999998 4.9999999999999982 7.9999999999999991 5 4.9999999999999991 6 6 5.9999999999999991 7 4.9999999999999991 5
leaf_count=7 6 5 7 8 15 5 14 6 13 5 8 5 5 6 6 6 7 5 5
internal_value=0.000212962 0.108852 -0.180563 0.195972 -0.225538 0.0172692 0.175904 -0.0890543 0.195733 -0.00394829 -0.268885 -0.117578 0.0540673 0.0369276 0.124494 -0.192272 -0.0288592 0.0176546 0.0058816
internal_weight=144 90 54 46 36 44 38 18 27 28 15 12 16 11 11 21 13 15 10
internal_count=144 90 54 46 36 44 38 18 27 28 15 12 16 11 11 21 13 15 10
is_linear=0
shrinkage=0.025


Tree=91
num_leaves=19
num_cat=0
split_feature=1 0 1 3 2 2 5 0 2 0 5 1 0 1 1 4 1 1
split_gain=4320.53 1094.83 334.356 111.008 75.4263 53.1331 45.8946 42.0272 38.4056 27.1736 32.1267 20.3056 16.4777 7.1696 4.76148 2.92881 2.76699 1.74859
threshold=52.783000000000008 3.5000000000000004 42.535500000000006 898.2080000000002 11.000000000000002 26.000000000000004 226.16300000000004 1.5000000000000002 13.000000000000002 4.5000000000000009 400.8780000000001 66.848500000000016 2.5000000000000004 45.883000000000003 72.086000000000013 1737.0670000000002 64.674500000000009 68.285500000000013
decision_type=2 2 2 2 2 2 2 2 2 2 2 2 2 2 2 2 2 2
left_child=2 5 4 9 6 7 -1 16 13 11 -11 -3 -6 -4 -9 -16 -2 -7
right_child=1 3 8 -5 12 17 -8 14 -10 10 -12 -13 -14 -15 15 -17 -18 -19
leaf_value=-0.30287076764636556 -0.048339618598261191 0.17813521604384147 -0.12576473882565134 0.29419431071127616 -0.18490284884848252 0.050390120884103162 -0.21463505513966086 0.0079626362391180625 -0.016635738657071041 0.16185236871242523 0.22752344331571039 0.10885924377092503 -0.11456735753096065 -0.074680616993170509 0.044824674052576868 0.018696049576805481 -0.022472173023608419 0.077328292566996346
leaf_weight=7.0000000000000027 5.9999999999999982 5.9999999999999991 4.9999999999999982 5.9999999999999991 7.9999999999999982 5.9999999999999982 19 9.0000000000000018 4.9999999999999991 15.000000000000002 10.999999999999998 7.9999999999999991 5 5 5.9999999999999982 6 6 5
leaf_count=7 6 6 5 6 8 6 19 9 5 15 11 8 5 5 6 6 6 5
internal_value=0.000205597 0.106218 -0.176198 0.191223 -0.214729 0.016857 -0.240569 0.000844929 -0.0744291 0.17436 0.191209 0.140728 -0.160091 -0.10231 0.0221502 0.0323835 -0.0360888 0.0639086
internal_weight=144 90 54 46 39 44 26 33 15 40 26 14 13 10 21 12 12 11
internal_count=144 90 54 46 39 44 26 33 15 40 26 14 13 10 21 12 12 11
is_linear=0
shrinkage=0.025


Tree=92
num_leaves=20
num_cat=0
split_feature=5 0 1 2 2 0 0 5 2 3 1 1 0 0 3 1 1 3 1
split_gain=4114.41 1042.6 317.114 108.04 71.6317 51.8271 48.1753 43.8128 36.0928 27.9935 22.6115 18.6332 25.5955 15.6387 13.1719 13.3704 9.85964 6.93362 6.81944
threshold=329.11450000000008 3.5000000000000004 42.535500000000006 26.000000000000004 11.000000000000002 2.5000000000000004 4.5000000000000009 226.16300000000004 13.000000000000002 756.86750000000006 59.361000000000011 65.010000000000005 1.5000000000000002 2.5000000000000004 732.42400000000009 65.572500000000005 66.848500000000016 728.83900000000006 45.883000000000003
decision_type=2 2 2 2 2 2 2 2 2 2 2 2 2 2 2 2 2 2 2
left_child=2 5 4 6 7 10 16 -1 18 -8 -2 -12 -13 -6 15 -7 -3 -14 -4
right_child=1 3 8 -5 13 14 9 -9 -10 -11 11 12 17 -15 -16 -17 -18 -19 -20
leaf_value=-0.29550932745138792 -0.046286649569388327 0.14733541877223896 -0.12274154768540312 0.27250857382285892 -0.18039302331645318 0.064885081923924975 0.15550587244436773 -0.20932507291436198 -0.016753256378265528 0.21574104861779647 0.049142617216476989 -0.051295014872000749 -0.0011112053982085652 -0.11181333638154541 0.085519111557648742 0.0094504082650547078 0.090263450626404049 0.036804050407730611 -0.072885411060773383
leaf_weight=7.0000000000000027 6.0000000000000027 4.9999999999999982 4.9999999999999982 7.9999999999999991 7.9999999999999982 4.9999999999999982 14.000000000000002 19 4.9999999999999991 12.999999999999998 5.0000000000000027 5.0000000000000009 7 5 4.9999999999999991 6 6 5 5
leaf_count=7 6 5 5 8 8 5 14 19 5 13 5 5 7 5 5 6 6 5 5
internal_value=0.000202707 0.103655 -0.171942 0.186609 -0.209467 0.0164515 0.167159 -0.234655 -0.0728209 0.185927 -0.00407054 0.00769991 -0.00484615 -0.156205 0.052049 0.0354683 0.118485 0.0149287 -0.0998539
internal_weight=144 90 54 46 39 44 38 26 15 27 28 22 17 13 16 11 11 12 10
internal_count=144 90 54 46 39 44 38 26 15 27 28 22 17 13 16 11 11 12 10
is_linear=0
shrinkage=0.025


Tree=93
num_leaves=21
num_cat=0
split_feature=1 0 1 3 2 2 5 0 2 4 0 5 1 1 1 1 4 1 1 1
split_gain=3917.01 992.44 301.133 103.531 68.0273 50.3784 41.8246 38.3735 34.1273 24.3889 14.842 7.48934 36.3515 6.48616 6.05247 4.52505 3.0239 2.66189 1.49332 0.224059
threshold=52.783000000000008 3.5000000000000004 42.535500000000006 898.2080000000002 11.000000000000002 26.000000000000004 226.16300000000004 1.5000000000000002 13.000000000000002 1751.5525000000002 2.5000000000000004 491.27100000000002 80.036500000000018 45.883000000000003 65.010000000000005 72.086000000000013 1737.0670000000002 64.674500000000009 68.285500000000013 63.904000000000003
decision_type=2 2 2 2 2 2 2 2 2 2 2 2 2 2 2 2 2 2 2 2
left_child=2 5 4 9 6 7 -1 17 13 -3 -6 12 14 -4 19 -9 -17 -2 -7 -11
right_child=1 3 8 -5 10 18 -8 15 -10 11 -12 -13 -14 -15 -16 16 -18 -19 -20 -21
leaf_value=-0.28832680881023393 -0.046819864549944482 0.12561498249278352 -0.11979103409326995 0.28139936520207315 -0.17599319306815547 0.04905086736525259 -0.20414645560085776 0.0070203217222233813 -0.016622005804226951 0.14682289935075293 -0.10912551192136909 0.14222345981332993 0.24005795750353076 -0.071133358891193668 0.12508353682664725 0.043376148035449369 0.017027191505316765 -0.021497464035787887 0.07453986520950609 0.19547341600541146
leaf_weight=7.0000000000000027 5.9999999999999982 9.9999999999999982 4.9999999999999982 5.9999999999999991 7.9999999999999982 5.9999999999999982 19 9.0000000000000018 4.9999999999999991 5.0000000000000089 5 6.9999999999999991 6.9999999999999991 5 4.9999999999999991 5.9999999999999982 6 6 5 6
leaf_count=7 6 10 5 6 8 6 19 9 5 5 5 7 7 5 5 6 6 6 5 6
internal_value=0.000198083 0.101139 -0.167766 0.182072 -0.204334 0.0160575 -0.228886 0.000467477 -0.0711672 0.165816 -0.152413 0.178254 0.187846 -0.0974566 0.162244 0.0208296 0.0307992 -0.0348211 0.0618726 0.176488
internal_weight=144 90 54 46 39 44 26 33 15 40 13 30 23 10 16 21 12 12 11 11
internal_count=144 90 54 46 39 44 26 33 15 40 13 30 23 10 16 21 12 12 11 11
is_linear=0
shrinkage=0.025


Tree=94
num_leaves=18
num_cat=0
split_feature=5 0 3 2 4 0 0 2 3 1 2 1 0 3 4 1 3
split_gain=3730.35 945.426 286.407 102.414 55.7651 48.5209 43.4027 37.7781 24.4974 20.94 18.6635 18.4456 23.683 13.9601 12.4392 9.90432 6.39296
threshold=329.11450000000008 3.5000000000000004 523.92100000000016 26.000000000000004 1436.7855000000002 2.5000000000000004 4.5000000000000009 13.000000000000002 756.86750000000006 59.361000000000011 11.000000000000002 65.010000000000005 1.5000000000000002 579.34900000000016 1737.0670000000002 66.848500000000016 728.83900000000006
decision_type=2 2 2 2 2 2 2 2 2 2 2 2 2 2 2 2 2
left_child=2 5 4 6 -1 9 15 13 -8 -2 -6 -11 -13 -4 -7 -3 -14
right_child=1 3 7 -5 10 14 8 -9 -10 11 -12 12 16 -15 -16 -17 -18
leaf_value=-0.27969096629850326 -0.04480722287008837 0.14112208875326013 -0.13001290195518064 0.26118841607396198 -0.20680804396723651 0.026804098464185147 0.14802304699387347 -0.028128691546378599 0.20466055553970916 0.048382380604743924 -0.1556450831108406 -0.050006915227724935 -0.0016879859897825451 -0.069083994168501625 0.07205226030655025 0.084841819828556417 0.034703667404559935
leaf_weight=5.9999999999999991 6.0000000000000027 4.9999999999999982 7.0000000000000018 7.9999999999999991 18.000000000000004 7.9999999999999991 14.000000000000002 5.9999999999999991 12.999999999999998 5.0000000000000027 11.999999999999998 5.0000000000000009 7 5 7.9999999999999991 6 5
leaf_count=6 6 5 7 8 18 8 14 6 13 5 12 5 7 5 8 6 5
internal_value=0.000207234 0.0987136 -0.163705 0.177707 -0.204402 0.0156714 0.158823 -0.0808916 0.176643 -0.00418251 -0.187551 0.0071445 -0.00533316 -0.106277 0.0501156 0.112599 0.0136931
internal_weight=144 90 54 46 36 44 38 18 27 28 30 22 17 12 16 11 12
internal_count=144 90 54 46 36 44 38 18 27 28 30 22 17 12 16 11 12
is_linear=0
shrinkage=0.025


Tree=95
num_leaves=19
num_cat=0
split_feature=1 0 1 2 5 2 0 0 2 3 4 4 1 1 1 4 1 1
split_gain=3551.65 900.206 273.415 97.381 63.2686 47.5369 40.8761 35.0997 30.1506 23.294 14.249 11.7416 9.61704 5.7874 4.13507 3.10744 2.56155 1.35862
threshold=52.783000000000008 3.5000000000000004 42.535500000000006 26.000000000000004 241.11950000000002 26.000000000000004 4.5000000000000009 1.5000000000000002 13.000000000000002 756.86750000000006 1661.6445000000001 1436.7855000000002 66.848500000000016 45.883000000000003 72.086000000000013 1737.0670000000002 64.674500000000009 68.285500000000013
decision_type=2 2 2 2 2 2 2 2 2 2 2 2 2 2 2 2 2 2
left_child=2 5 4 6 11 7 12 16 13 -8 -6 -1 -3 -4 -9 -16 -2 -7
right_child=1 3 8 -5 10 17 9 14 -10 -11 -12 -13 -14 -15 15 -17 -18 -19
leaf_value=-0.27292425478658355 -0.045354608854939867 0.13813107466468447 -0.11353966628129666 0.25481796613553681 -0.17453188763724431 0.047456150862478445 0.14437459463804539 0.0064253673362343194 -0.016359972609923439 0.19962156758163918 -0.11391419722483707 -0.20589222419457359 0.082789195929804146 -0.067469820150962229 0.041844306982332664 0.015319982291229309 -0.020560981753853059 0.071961960167838956
leaf_weight=6.0000000000000027 5.9999999999999982 4.9999999999999982 4.9999999999999982 7.9999999999999991 16.000000000000004 5.9999999999999982 14.000000000000002 9.0000000000000018 4.9999999999999991 12.999999999999998 4.9999999999999991 11.999999999999998 6 5 5.9999999999999982 6 6 5
leaf_count=6 6 5 5 8 16 6 14 9 5 13 5 12 6 5 6 6 6 5
internal_value=0.000203775 0.096322 -0.159734 0.173403 -0.19458 0.0152893 0.154986 0.000146244 -0.0676856 0.172293 -0.161369 -0.231059 0.110074 -0.0924019 0.0196241 0.0291532 -0.0336005 0.0597929
internal_weight=144 90 54 46 39 44 38 33 15 27 21 18 11 10 21 12 12 11
internal_count=144 90 54 46 39 44 38 33 15 27 21 18 11 10 21 12 12 11
is_linear=0
shrinkage=0.025


Tree=96
num_leaves=20
num_cat=0
split_feature=5 0 1 3 5 0 2 0 1 1 1 1 0 4 3 1 4 3 1
split_gain=3381.68 857.028 259.515 94.5613 60.2491 45.4077 28.4305 21.332 25.2417 19.765 19.3912 18.2359 21.9186 13.4812 11.7663 13.1504 11.2369 5.89235 5.50383
threshold=329.11450000000008 3.5000000000000004 42.535500000000006 898.2080000000002 241.11950000000002 2.5000000000000004 13.000000000000002 4.5000000000000009 80.036500000000018 66.848500000000016 59.361000000000011 65.010000000000005 1.5000000000000002 1661.6445000000001 732.42400000000009 65.572500000000005 1436.7855000000002 728.83900000000006 45.883000000000003
decision_type=2 2 2 2 2 2 2 2 2 2 2 2 2 2 2 2 2 2 2
left_child=2 5 4 7 16 10 18 9 -9 -3 -2 -12 -13 -6 15 -7 -1 -14 -4
right_child=1 3 6 -5 13 14 -8 8 -10 -11 11 12 17 -15 -16 -17 -18 -19 -20
leaf_value=-0.26632124454744383 -0.043374362539860489 0.1600734221839136 -0.11081034667216816 0.26390929741244168 -0.17022245783864715 0.061740930607685686 -0.016308105679658746 0.14449671013855639 0.20356650609596105 0.093415456428760452 0.047624991834163632 -0.048755392991006355 -0.002222448007928 -0.11117587387561799 0.079856120537106806 0.0068931099387907202 -0.20082930404631819 0.032701500533865044 -0.065847952262713338
leaf_weight=6.0000000000000027 6.0000000000000027 5.9999999999999991 4.9999999999999982 5.9999999999999991 16.000000000000004 4.9999999999999982 4.9999999999999991 16.000000000000004 9.9999999999999982 7.9999999999999991 5.0000000000000027 5.0000000000000009 7 4.9999999999999991 4.9999999999999991 6 11.999999999999998 5 5
leaf_count=6 6 6 5 6 16 5 5 16 10 8 5 5 7 5 5 6 12 5 5
internal_value=0.000197717 0.093988 -0.155866 0.169198 -0.189816 0.0149217 -0.0661793 0.153717 0.168644 0.123923 -0.00428202 0.00661793 -0.00578383 -0.157404 0.0482433 0.0325929 -0.225415 0.0125243 -0.0901836
internal_weight=144 90 54 46 39 44 15 40 26 14 28 22 17 21 16 11 18 12 10
internal_count=144 90 54 46 39 44 15 40 26 14 28 22 17 21 16 11 18 12 10
is_linear=0
shrinkage=0.025


Tree=97
num_leaves=20
num_cat=0
split_feature=1 0 4 2 1 2 2 0 0 3 3 0 1 4 1 4 1 1 4
split_gain=3220.66 816.193 246.239 92.3216 58.1152 46.0173 45.0733 36.4171 32.0531 20.5535 13.555 13.0643 8.98421 4.05724 3.93719 3.18436 2.46572 1.15135 0.929038
threshold=52.783000000000008 3.5000000000000004 1633.2385000000002 26.000000000000004 45.717000000000006 9.0000000000000018 26.000000000000004 4.5000000000000009 1.5000000000000002 756.86750000000006 594.7170000000001 2.5000000000000004 66.848500000000016 1497.5800000000002 72.086000000000013 1737.0670000000002 64.674500000000009 68.285500000000013 1926.3670000000002
decision_type=2 2 2 2 2 2 2 2 2 2 2 2 2 2 2 2 2 2 2
left_child=2 6 5 7 -4 11 8 12 16 -9 -6 -1 -3 -7 -10 -16 -2 -8 -11
right_child=1 3 4 -5 10 13 17 9 14 18 -12 -13 -14 -15 15 -17 -18 -19 -20
leaf_value=-0.26958098027013966 -0.043941806689385451 0.13181068467406129 -0.12786097098951751 0.24425425529479985 -0.014883776633970204 -0.18746996856317283 0.046197985497213184 0.13725452536428476 0.0055777824848242423 0.20602129785025994 -0.071009549727806667 -0.19575409831070323 0.078526180405770571 -0.14631917574366587 0.040530556440353395 0.013832641933714189 -0.01966123431921005 0.069384225056721593 0.15553584671937504
leaf_weight=5.9999999999999991 5.9999999999999982 4.9999999999999982 9.0000000000000018 7.9999999999999991 5.9999999999999982 8.0000000000000018 5.9999999999999982 14.000000000000002 9.0000000000000018 7.9999999999999982 5 7.9999999999999991 6 11.999999999999998 5.9999999999999982 6 6 5 5
leaf_count=6 6 5 9 8 6 8 6 14 9 8 5 8 6 12 6 6 6 5 5
internal_value=0.000194582 0.091725 -0.152109 0.165121 -0.0812054 -0.193061 0.0145646 0.147237 -0.000104561 0.163591 -0.0413196 -0.230833 0.104779 -0.164535 0.0184371 0.0277297 -0.0324253 0.0578996 0.189349
internal_weight=144 90 54 46 20 34 44 38 33 27 11 14 11 20 21 12 12 11 13
internal_count=144 90 54 46 20 34 44 38 33 27 11 14 11 20 21 12 12 11 13
is_linear=0
shrinkage=0.025


Tree=98
num_leaves=19
num_cat=0
split_feature=5 0 1 3 2 2 5 0 2 0 1 1 0 1 1 4 1 1
split_gain=3067.59 777.421 234.03 88.8654 57.2073 42.9296 35.3008 30.5267 25.4917 18.9732 22.9688 19.1292 12.8707 4.76841 3.74866 3.02953 2.34479 1.09285
threshold=329.11450000000008 3.5000000000000004 42.535500000000006 898.2080000000002 11.000000000000002 26.000000000000004 226.16300000000004 1.5000000000000002 13.000000000000002 4.5000000000000009 80.036500000000018 66.848500000000016 2.5000000000000004 45.883000000000003 72.086000000000013 1737.0670000000002 64.674500000000009 68.285500000000013
decision_type=2 2 2 2 2 2 2 2 2 2 2 2 2 2 2 2 2 2
left_child=2 5 4 9 6 7 -1 16 13 11 -11 -3 -6 -4 -9 -16 -2 -7
right_child=1 3 8 -5 12 17 -8 14 -10 10 -12 -13 -14 -15 15 -17 -18 -19
leaf_value=-0.25725784301757798 -0.042878696803123728 0.1533761260490264 -0.10534999095476592 0.25284238861453151 -0.15498389761622364 0.045080293138181016 -0.18062020366390547 0.0054413698654135929 -0.015993724706081246 0.13726864545433609 0.19358764956979194 0.088211222610822551 -0.093891610090549152 -0.063097777905372451 0.039549978317752969 0.013497981621373082 -0.019185559030982756 0.06771633392916275
leaf_weight=7.0000000000000027 5.9999999999999982 5.9999999999999991 4.9999999999999982 5.9999999999999991 7.9999999999999982 5.9999999999999982 19 9.0000000000000018 4.9999999999999991 16.000000000000004 9.9999999999999982 7.9999999999999991 5 5 5.9999999999999982 6 6 5
leaf_count=7 6 6 5 6 8 6 19 9 5 16 10 8 5 5 6 6 6 5
internal_value=0.000191753 0.0895207 -0.148448 0.161152 -0.180689 0.0142145 -0.203107 -0.000100615 -0.0632629 0.146178 0.16029 0.117994 -0.13336 -0.0859979 0.0179933 0.0270613 -0.0316433 0.0565065
internal_weight=144 90 54 46 39 44 26 33 15 40 26 14 13 10 21 12 12 11
internal_count=144 90 54 46 39 44 26 33 15 40 26 14 13 10 21 12 12 11
is_linear=0
shrinkage=0.025


Tree=99
num_leaves=21
num_cat=0
split_feature=1 0 4 2 1 0 2 0 3 1 1 0 3 1 3 1 1 3 4 4
split_gain=2920.93 740.237 223.278 87.4621 51.9751 41.8504 41.7319 32.4652 18.1667 17.4692 18.6359 19.7256 13.3685 12.1765 10.8583 12.82 8.37827 5.25045 3.87084 1.83581
threshold=52.783000000000008 3.5000000000000004 1633.2385000000002 26.000000000000004 45.717000000000006 2.5000000000000004 9.0000000000000018 4.5000000000000009 756.86750000000006 59.361000000000011 65.010000000000005 1.5000000000000002 594.7170000000001 30.656500000000005 732.42400000000009 65.572500000000005 66.848500000000016 728.83900000000006 1497.5800000000002 1926.3670000000002
decision_type=2 2 2 2 2 2 2 2 2 2 2 2 2 2 2 2 2 2 2 2
left_child=2 5 6 7 -4 9 13 16 -9 -2 -11 -12 -6 -1 15 -7 -3 -13 -8 -10
right_child=1 3 4 -5 12 14 18 8 19 10 11 17 -14 -15 -16 -17 -18 -19 -20 -21
leaf_value=-0.26330356735449573 -0.041660767697518843 0.12576951149564525 -0.12146383575771164 0.23415071411830626 -0.013396560953509426 0.059606028061646693 -0.17872663590966198 0.13048811038614996 0.19626579400969718 0.047249661386012998 -0.047495471514188307 -0.0032511638477444645 -0.069053018952791492 -0.1903467935064565 0.076224034422865281 0.0055134049646796716 0.074492209188399758 0.029695728851052428 -0.13918280152023818 0.14628881766245913
leaf_weight=4.9999999999999991 6.0000000000000027 4.9999999999999982 9.0000000000000018 7.9999999999999991 5.9999999999999982 4.9999999999999982 8.0000000000000018 14.000000000000002 7.9999999999999982 5.0000000000000027 5.0000000000000009 7 5 8.9999999999999982 4.9999999999999991 6 6 5 11.999999999999998 5
leaf_count=5 6 5 9 8 6 5 8 14 8 5 5 7 5 9 5 6 6 5 12 5
internal_value=0.000189155 0.0873568 -0.144853 0.157254 -0.0773318 0.0138729 -0.183851 0.139892 0.15535 -0.00455906 0.00578744 -0.00674227 -0.0395879 -0.219832 0.0458642 0.0308379 0.0997414 0.010636 -0.156675 0.179646
internal_weight=144 90 54 46 20 44 34 38 27 28 22 17 11 14 16 11 11 12 20 13
internal_count=144 90 54 46 20 44 34 38 27 28 22 17 11 14 16 11 11 12 20 13
is_linear=0
shrinkage=0.025


Tree=100
num_leaves=21
num_cat=0
split_feature=5 0 4 3 1 2 2 0 4 1 1 5 1 1 4 1 4 1 1 1
split_gain=2782.7 705.222 211.845 83.5445 49.0713 40.7035 39.7743 27.8759 17.4117 11.645 10.7705 7.63798 29.2623 7.94016 3.68795 3.5742 3.09885 2.25934 1.26771 0.91843
threshold=329.11450000000008 3.5000000000000004 1633.2385000000002 898.2080000000002 45.717000000000006 26.000000000000004 9.0000000000000018 1.5000000000000002 1751.5525000000002 30.656500000000005 47.184000000000005 491.27100000000002 80.036500000000018 65.010000000000005 1497.5800000000002 72.086000000000013 1737.0670000000002 64.674500000000009 63.904000000000003 68.285500000000013
decision_type=2 2 2 2 2 2 2 2 2 2 2 2 2 2 2 2 2 2 2 2
left_child=2 5 6 8 -4 7 9 17 -3 -1 -6 12 13 18 -8 -9 -17 -2 -10 -7
right_child=1 3 4 -5 10 19 14 15 11 -11 -12 -13 -14 -15 -16 16 -18 -19 -20 -21
leaf_value=-0.25697416388071498 -0.041550406332938911 0.10504745022923341 -0.11849325169687684 0.24227590118685077 -0.010822581327878514 0.043885623303151905 -0.17436745021401379 0.0046569419457860601 0.12305538677252233 -0.18569157486376558 -0.061014257900176498 0.11660894569423463 0.20466265314155155 0.099777191648116478 -0.13576027154922488 0.038335398848979713 0.012120489079144692 -0.018336381480818793 0.16746923596628249 0.065298418643382858
leaf_weight=4.9999999999999991 5.9999999999999982 9.9999999999999982 9.0000000000000018 5.9999999999999991 4.9999999999999982 5.9999999999999982 8.0000000000000018 9.0000000000000018 5.0000000000000089 8.9999999999999982 6 6.9999999999999991 6.9999999999999991 4.9999999999999991 11.999999999999998 5.9999999999999982 6 6 6 5
leaf_count=5 6 10 9 6 5 6 8 9 5 9 6 7 7 5 12 6 6 6 6 5
internal_value=0.000186431 0.0852667 -0.141382 0.153491 -0.0756041 0.0135411 -0.17937 -0.000395413 0.139003 -0.214498 -0.0389121 0.14951 0.158378 0.135774 -0.152839 0.0168948 0.025744 -0.0305367 0.149951 0.0547226
internal_weight=144 90 54 46 20 44 34 33 40 14 11 30 23 16 20 21 12 12 11 11
internal_count=144 90 54 46 20 44 34 33 40 14 11 30 23 16 20 21 12 12 11 11
is_linear=0
shrinkage=0.025


Tree=101
num_leaves=20
num_cat=0
split_feature=2 0 3 2 0 0 3 1 4 4 3 1 3 2 1 0 3 4 2
split_gain=2651.28 650.114 136.362 100.625 65.6762 52.8193 35.0581 34.8036 23.4181 18.7275 15.8124 12.7158 26.5273 12.3626 10.0053 18.2694 4.83551 2.41426 2.39322
threshold=15.000000000000002 3.5000000000000004 489.58850000000007 26.000000000000004 4.5000000000000009 2.5000000000000004 586.65050000000008 56.583000000000006 1436.7855000000002 1730.3280000000002 756.86750000000006 65.010000000000005 732.42400000000009 9.0000000000000018 65.010000000000005 1.5000000000000002 728.83900000000006 1926.3670000000002 11.000000000000002
decision_type=2 2 2 2 2 2 2 2 2 2 2 2 2 2 2 2 2 2 2
left_child=2 5 8 4 9 7 13 -2 -1 -3 -6 -7 -13 -4 -9 -16 -17 -12 -10
right_child=1 3 6 -5 10 11 -8 14 18 -11 17 12 -14 -15 15 16 -18 -19 -20
leaf_value=-0.2371730139178613 -0.068050607952933995 0.041951403310222013 -0.15219831543584006 0.22450845764904492 0.12421300117398651 0.079029265848489849 -0.047125270818510361 0.027984038036730538 -0.18314614002821872 0.10455610669321483 0.18675422581230727 -0.00076036035186714606 0.073589041707320835 -0.10083008266863276 -0.04631506449614578 -0.0036813365709450507 0.027927139114875058 0.13773331940174102 -0.14384396832163746
leaf_weight=6.0000000000000027 5.0000000000000027 5.9999999999999982 6.0000000000000062 7.9999999999999991 14.000000000000002 5.0000000000000027 5.9999999999999991 7.0000000000000027 12.000000000000002 7 7.9999999999999982 6.9999999999999982 5 11.999999999999998 5.0000000000000009 7 5 5 7.9999999999999991
leaf_count=6 5 6 6 8 14 5 6 7 12 7 8 7 5 12 5 7 5 5 8
internal_value=0.000189839 0.078399 -0.146545 0.142563 0.125108 0.0110907 -0.102001 -0.00940072 -0.186522 0.0768297 0.147571 0.0458221 0.0308146 -0.119506 0.00322778 -0.00710016 0.00962832 0.170367 -0.169067
internal_weight=144 94 50 48 40 46 24 29 26 13 27 17 12 18 24 17 12 13 20
internal_count=144 94 50 48 40 46 24 29 26 13 27 17 12 18 24 17 12 13 20
is_linear=0
shrinkage=0.025


Tree=102
num_leaves=20
num_cat=0
split_feature=1 0 4 2 1 2 2 0 0 3 3 0 1 1 4 4 4 1 1
split_gain=2525.89 639.52 192.132 78.6391 44.1175 38.3528 36.5342 27.1991 25.2821 15.0897 12.7764 11.079 8.85496 3.41555 3.16496 3.04475 2.25605 2.16822 0.795656
threshold=52.783000000000008 3.5000000000000004 1633.2385000000002 26.000000000000004 45.717000000000006 26.000000000000004 9.0000000000000018 4.5000000000000009 1.5000000000000002 756.86750000000006 594.7170000000001 2.5000000000000004 66.848500000000016 72.086000000000013 1737.0670000000002 1497.5800000000002 1926.3670000000002 64.674500000000009 68.285500000000013
decision_type=2 2 2 2 2 2 2 2 2 2 2 2 2 2 2 2 2 2 2
left_child=2 5 6 7 -4 8 11 12 17 -9 -6 -1 -3 -10 -15 -8 -11 -2 -7
right_child=1 3 4 -5 10 18 15 9 13 16 -12 -13 -14 14 -16 -17 -18 -19 -20
leaf_value=-0.23952677249908449 -0.040060479121823471 0.11910888013931423 -0.11271695390991542 0.21903263563063091 -0.011686312383221044 0.042571838392365363 -0.16567764689282671 0.12115141069385366 0.0039349978951656291 0.18219924321988737 -0.06602020882643185 -0.17289064628321954 0.067752758149177791 0.037218530860639386 0.010842362384221725 -0.12940025222106061 0.13442242466486415 -0.017371419234381565 0.062975297237818043
leaf_weight=5.9999999999999991 5.9999999999999982 4.9999999999999982 9.0000000000000018 7.9999999999999991 5.9999999999999982 5.9999999999999982 8.0000000000000018 14.000000000000002 9.0000000000000018 7.9999999999999982 5 7.9999999999999991 6 5.9999999999999982 6 11.999999999999998 5 6 5
leaf_count=6 6 5 9 8 6 6 8 14 9 8 5 8 6 6 6 12 5 6 5
internal_value=0.000186441 0.0812461 -0.134691 0.146215 -0.0720424 0.0129416 -0.17087 0.129786 -0.000584285 0.143966 -0.0372331 -0.204508 0.0929181 0.0158811 0.0245268 -0.14547 0.166233 -0.0292892 0.0529167
internal_weight=144 90 54 46 20 44 34 38 33 27 11 14 11 21 12 20 13 12 11
internal_count=144 90 54 46 20 44 34 38 33 27 11 14 11 21 12 20 13 12 11
is_linear=0
shrinkage=0.025


Tree=103
num_leaves=18
num_cat=0
split_feature=5 0 4 3 1 0 4 1 1 0 0 1 1 1 4 2 3
split_gain=2406.79 609.423 182.15 77.5626 41.5733 36.7246 34.842 15.1335 18.3546 16.9261 14.4738 19.4518 18.186 10.5227 9.62555 9.18245 4.45091
threshold=329.11450000000008 3.5000000000000004 1633.2385000000002 898.2080000000002 45.717000000000006 2.5000000000000004 1436.7855000000002 59.361000000000011 65.010000000000005 1.5000000000000002 4.5000000000000009 66.848500000000016 80.036500000000018 47.184000000000005 1737.0670000000002 9.0000000000000018 728.83900000000006
decision_type=2 2 2 2 2 2 2 2 2 2 2 2 2 2 2 2 2
left_child=2 5 6 10 -4 7 -1 -2 -9 -10 11 -3 -12 -6 -7 -8 -11
right_child=1 3 4 -5 13 14 15 8 9 16 12 -13 -14 -15 -16 -17 -18
leaf_value=-0.22623551161058489 -0.039161865557393698 0.13913224089530207 -0.10996028962342633 0.22805751985119238 -0.0089806052354665915 0.022127547201405216 -0.17723555938870295 0.046153563490280707 -0.045170422078361 -0.004076777067449357 0.12074731724497711 0.074932683931618213 0.17078880106701574 -0.058484654320824517 0.061881700975865865 -0.13672161619741838 0.02624028511345386
leaf_weight=5.9999999999999991 6.0000000000000027 5.9999999999999991 9.0000000000000018 5.9999999999999991 4.9999999999999982 7.9999999999999991 10.000000000000002 5.0000000000000027 5.0000000000000009 7 16.000000000000004 7.9999999999999991 9.9999999999999982 6 7.9999999999999991 18 5
leaf_count=6 6 6 9 6 5 8 10 5 5 7 16 8 10 6 8 18 5
internal_value=0.000183586 0.0793094 -0.131476 0.142731 -0.0704673 0.0126308 -0.166705 -0.00463101 0.00499815 -0.00742962 0.12883 0.104107 0.141199 -0.0366566 0.0426004 -0.15239 0.00867596
internal_weight=144 90 54 46 20 44 34 28 22 17 40 14 26 11 16 28 12
internal_count=144 90 54 46 20 44 34 28 22 17 40 14 26 11 16 28 12
is_linear=0
shrinkage=0.025


Tree=104
num_leaves=20
num_cat=0
split_feature=1 0 1 2 2 2 0 0 0 2 3 0 1 1 4 4 1 1 1
split_gain=2291.44 580.281 173.223 74.4198 46.1383 36.1915 31.5487 24.065 23.1308 18.6393 13.261 11.3917 8.29596 3.12387 3.21424 2.9387 2.8003 2.08998 0.722271
threshold=52.783000000000008 3.5000000000000004 42.535500000000006 26.000000000000004 11.000000000000002 26.000000000000004 1.5000000000000002 4.5000000000000009 1.5000000000000002 13.000000000000002 756.86750000000006 2.5000000000000004 66.848500000000016 72.086000000000013 1737.0670000000002 1926.3670000000002 45.883000000000003 64.674500000000009 68.285500000000013
decision_type=2 2 2 2 2 2 2 2 2 2 2 2 2 2 2 2 2 2 2
left_child=2 5 4 7 6 8 -1 12 17 16 -9 -6 -3 -10 -15 -12 -4 -2 -7
right_child=1 3 9 -5 11 18 -8 10 13 -11 15 -13 -14 14 -16 -17 -18 -19 -20
leaf_value=-0.23167347023563989 -0.038831836081320244 0.11385124555000894 -0.089902954949782454 0.21000916405421935 -0.13368318487958214 0.041188985878421416 -0.15720438980820159 0.11518912050925507 0.0035112205325909273 -0.014459175616502763 0.1735677448714652 -0.077764110840283895 0.064300691696905318 0.035960896649668297 0.0094925868955831379 0.12625962644815444 -0.055828483689289811 -0.016594794266406566 0.060831305843133177
leaf_weight=6.0000000000000027 5.9999999999999982 4.9999999999999982 4.9999999999999982 7.9999999999999991 7.9999999999999982 5.9999999999999982 20 14.000000000000002 9.0000000000000018 4.9999999999999991 7.9999999999999982 5 6 5.9999999999999982 6 5 5 6 5
leaf_count=6 6 5 5 8 8 6 20 14 9 5 8 5 6 6 6 5 5 6 5
internal_value=0.000181694 0.0773883 -0.128284 0.139275 -0.156026 0.0123227 -0.176075 0.123329 -0.000814165 -0.0549665 0.136691 -0.113775 0.0885661 0.0149347 0.0232018 0.157656 -0.074417 -0.0282701 0.0511558
internal_weight=144 90 54 46 39 44 26 38 33 15 27 13 11 21 12 13 10 12 11
internal_count=144 90 54 46 39 44 26 38 33 15 27 13 11 21 12 13 10 12 11
is_linear=0
shrinkage=0.025


Tree=105
num_leaves=20
num_cat=0
split_feature=5 0 4 3 1 2 2 0 0 1 1 0 1 1 4 4 1 1 4
split_gain=2182.21 552.669 165.127 73.0397 37.23 34.4701 32.9627 22.0303 12.9607 18.5768 16.5512 10.5189 10.3755 2.97422 3.0584 2.59945 1.9874 0.684397 0.102821
threshold=329.11450000000008 3.5000000000000004 1633.2385000000002 898.2080000000002 45.717000000000006 26.000000000000004 9.0000000000000018 1.5000000000000002 4.5000000000000009 66.848500000000016 80.036500000000018 2.5000000000000004 47.184000000000005 72.086000000000013 1737.0670000000002 1497.5800000000002 64.674500000000009 68.285500000000013 1907.0695000000003
decision_type=2 2 2 2 2 2 2 2 2 2 2 2 2 2 2 2 2 2 2
left_child=2 5 6 8 -4 7 11 16 9 -3 -10 -1 -6 -9 -15 -8 -2 -7 -12
right_child=1 3 4 -5 12 17 15 13 10 -11 18 -13 -14 14 -16 -17 -18 -19 -20
leaf_value=-0.22394932162377146 -0.037892357284022918 0.13314132373179161 -0.10447273455236267 0.2186191704965407 -0.0076566576957702651 0.040192477573310181 -0.15345599942091032 0.0034253485419827954 0.11468531101206202 0.070648282439243509 0.18243737495862525 -0.16051673075047937 -0.056736830189343418 0.035090875289132517 0.0092629269546558781 -0.11980811093674333 -0.016193307128043906 0.059369015922913174 0.1358799290198546
leaf_weight=5.9999999999999991 5.9999999999999982 5.9999999999999991 9.0000000000000018 5.9999999999999991 4.9999999999999982 5.9999999999999982 8.0000000000000018 9.0000000000000018 16.000000000000004 7.9999999999999991 4.9999999999999982 7.9999999999999991 6 5.9999999999999982 6 11.999999999999998 6 5 5
leaf_count=6 6 6 9 6 5 6 8 9 16 8 5 8 6 6 6 12 6 5 5
internal_value=0.000182161 0.0755263 -0.125184 0.135923 -0.0670907 0.0120269 -0.158727 -0.000792902 0.122461 0.0990171 0.134185 -0.190561 -0.0350744 0.0145758 0.0226429 -0.134715 -0.0275886 0.0499252 0.162402
internal_weight=144 90 54 46 20 44 34 33 40 14 26 14 11 21 12 20 12 11 10
internal_count=144 90 54 46 20 44 34 33 40 14 26 14 11 21 12 20 12 11 10
is_linear=0
shrinkage=0.025


Tree=106
num_leaves=23
num_cat=0
split_feature=1 0 4 2 1 0 2 0 1 1 0 3 1 1 3 1 1 5 3 4 5 5
split_gain=2079.16 526.657 156.62 70.7365 35.1186 33.9191 31.4091 21.2433 13.6447 18.5756 15.2656 12.185 11.6004 10.1338 8.99032 12.1098 7.76238 5.15182 3.95592 2.47498 1.60874 1.30163
threshold=52.783000000000008 3.5000000000000004 1633.2385000000002 26.000000000000004 45.717000000000006 2.5000000000000004 9.0000000000000018 4.5000000000000009 59.361000000000011 65.010000000000005 1.5000000000000002 594.7170000000001 80.036500000000018 30.656500000000005 732.42400000000009 65.572500000000005 66.848500000000016 491.27100000000002 728.83900000000006 1497.5800000000002 382.15650000000005 368.90600000000006
decision_type=2 2 2 2 2 2 2 2 2 2 2 2 2 2 2 2 2 2 2 2 2 2
left_child=2 5 6 7 -4 8 13 16 -2 -10 -11 -6 20 -1 15 -7 -3 -14 -12 -8 21 -9
right_child=1 3 4 -5 11 14 19 12 9 10 18 -13 17 -15 -16 -17 -18 -19 -20 -21 -22 -23
leaf_value=-0.22415832006014311 -0.037633217678916045 0.10882679980534776 -0.10191769463860467 0.20153906199990251 -0.0096158969786859366 0.054828471633104184 -0.14971316791162256 0.098501121539335934 0.045705848645705406 -0.044031940135531689 -0.0048910573331846126 -0.062582147150085518 0.17402963945942546 -0.1601526120434637 0.068144336256843338 0.0023899469404451302 0.061035795846293039 0.12297538288177981 0.02368037587461563 -0.11686201115123562 0.087632971085034872 0.13749727698472827
leaf_weight=4.9999999999999991 6.0000000000000027 4.9999999999999982 9.0000000000000018 7.9999999999999991 5.9999999999999982 4.9999999999999982 8.0000000000000018 5.0000000000000018 5.0000000000000027 5.0000000000000009 7 5 5.9999999999999982 8.9999999999999982 4.9999999999999991 6 6 6 5 11.999999999999998 4.9999999999999991 5
leaf_count=5 6 5 9 8 6 5 8 5 5 5 7 5 6 9 5 6 6 6 5 12 5 5
internal_value=0.000182056 0.073726 -0.122188 0.132684 -0.0656034 0.0117382 -0.154858 0.117176 -0.00484749 0.00429625 -0.00820022 -0.0344907 0.129754 -0.185935 0.0405417 0.0268907 0.084426 0.151039 0.00710429 -0.131417 0.11088 0.120435
internal_weight=144 90 54 46 20 44 34 38 28 22 17 11 27 14 16 11 11 12 12 20 15 10
internal_count=144 90 54 46 20 44 34 38 28 22 17 11 27 14 16 11 11 12 12 20 15 10
is_linear=0
shrinkage=0.025


Tree=107
num_leaves=22
num_cat=0
split_feature=5 0 4 3 1 2 2 0 4 1 0 5 1 1 1 4 4 1 1 1 3
split_gain=1980.31 501.738 148.813 68.889 33.2664 32.6842 29.9328 20.1177 11.8238 9.7237 9.69123 7.13517 23.114 9.0423 2.84521 3.10723 2.35617 1.98687 1.91766 0.564212 0.236667
threshold=329.11450000000008 3.5000000000000004 1633.2385000000002 898.2080000000002 45.717000000000006 26.000000000000004 9.0000000000000018 1.5000000000000002 1751.5525000000002 47.184000000000005 2.5000000000000004 491.27100000000002 80.036500000000018 65.010000000000005 72.086000000000013 1737.0670000000002 1497.5800000000002 63.904000000000003 64.674500000000009 68.285500000000013 669.98900000000015
decision_type=2 2 2 2 2 2 2 2 2 2 2 2 2 2 2 2 2 2 2 2 2
left_child=2 5 6 8 -4 7 10 18 20 -6 -1 12 13 17 -9 -16 -8 -10 -2 -7 -3
right_child=1 3 4 -5 9 19 16 14 11 -11 -12 -13 -14 -15 15 -17 -18 -19 -20 -21 -22
leaf_value=-0.21336609202046553 -0.03673721590349751 0.099947585853246562 -0.099425143068251384 0.20972120934917082 -0.0072414511671433091 0.039128277498868214 -0.14606163036532513 0.0027724991916962282 0.10284047550879971 -0.054754820009393072 -0.15269552701857037 0.095398546755313882 0.17402933604187437 0.078620736759442547 0.034071102065424769 0.0081290965479227806 -0.11398835250588715 0.14381210919349424 -0.01545993640057502 0.057270641281054559 0.072966611213408958
leaf_weight=5.9999999999999991 5.9999999999999982 4.9999999999999982 9.0000000000000018 5.9999999999999991 4.9999999999999982 5.9999999999999982 8.0000000000000018 9.0000000000000018 5.0000000000000089 6 7.9999999999999991 6.9999999999999991 6.9999999999999991 4.9999999999999991 5.9999999999999982 6 11.999999999999998 6 6 5 5
leaf_count=6 6 5 9 6 5 6 8 9 5 6 8 7 7 5 6 6 12 6 6 5 5
internal_value=0.000187482 0.071962 -0.119238 0.129508 -0.0640766 0.0114577 -0.151084 -0.00102332 0.116462 -0.0337844 -0.181424 0.125169 0.133276 0.11344 0.0136627 0.0215485 -0.128199 0.127469 -0.0266289 0.0483618 0.0882749
internal_weight=144 90 54 46 20 44 34 33 40 11 14 30 23 16 21 12 20 11 12 11 10
internal_count=144 90 54 46 20 44 34 33 40 11 14 30 23 16 21 12 20 11 12 11 10
is_linear=0
shrinkage=0.025


Tree=108
num_leaves=21
num_cat=0
split_feature=1 0 1 2 2 0 0 0 2 1 1 0 3 3 3 1 1 4 3 3
split_gain=1886.83 478.23 141.247 66.9073 40.2086 31.8441 28.7484 18.8739 15.4158 12.6446 18.2104 14.1542 10.4165 10.0255 8.44177 11.6543 7.63276 3.97267 3.63821 1.87456
threshold=52.783000000000008 3.5000000000000004 42.535500000000006 26.000000000000004 11.000000000000002 2.5000000000000004 1.5000000000000002 4.5000000000000009 13.000000000000002 59.361000000000011 65.010000000000005 1.5000000000000002 473.29000000000002 756.86750000000006 732.42400000000009 65.572500000000005 66.848500000000016 1926.3670000000002 728.83900000000006 568.22250000000008
decision_type=2 2 2 2 2 2 2 2 2 2 2 2 2 2 2 2 2 2 2 2
left_child=2 5 4 7 6 9 -1 16 19 -2 -11 -12 -6 -9 15 -7 -3 -15 -13 -4
right_child=1 3 8 -5 12 14 -8 13 -10 10 11 18 -14 17 -16 -17 -18 -19 -20 -21
leaf_value=-0.21263252227537086 -0.036445751593958929 0.10447077258275106 -0.08109612854627464 0.19331456306504044 -0.12096869204102495 0.053269044481790984 -0.14232181375569639 0.10427807252591764 -0.01327648965212015 0.044920927400772359 -0.042951514213704134 -0.0052017507867680654 -0.068327384270154501 0.157431389355078 0.065838326040941933 0.0018444455919727201 0.057499650313008202 0.11124309444656738 0.022193767760808648 -0.051740061262479188
leaf_weight=6.0000000000000027 6.0000000000000027 4.9999999999999982 4.9999999999999982 7.9999999999999991 7.9999999999999982 4.9999999999999982 20 14.000000000000002 4.9999999999999991 5.0000000000000027 5.0000000000000009 7 5 7.9999999999999982 4.9999999999999991 6 6 5 5 5
leaf_count=6 6 5 5 8 8 5 20 14 5 5 5 7 5 8 5 6 6 5 5 5
internal_value=0.000193118 0.0702533 -0.116379 0.126436 -0.141434 0.0111827 -0.160094 0.111385 -0.0501504 -0.00488538 0.00391648 -0.00845307 -0.102159 0.123259 0.0390922 0.0258647 0.0804461 0.141716 0.00628729 -0.067843
internal_weight=144 90 54 46 39 44 26 38 15 28 22 17 13 27 16 11 11 13 12 10
internal_count=144 90 54 46 39 44 26 38 15 28 22 17 13 27 16 11 11 13 12 10
is_linear=0
shrinkage=0.025


Tree=109
num_leaves=21
num_cat=0
split_feature=5 0 4 3 2 1 1 0 0 1 1 1 2 1 4 1 4 5 5 1
split_gain=1796.2 455.251 134.913 64.8584 30.9921 29.8019 28.041 18.3718 10.5382 17.6358 13.5191 9.5683 6.50586 2.72349 3.14902 1.85085 0.701491 0.528763 1.44562 0.458529
threshold=329.11450000000008 3.5000000000000004 1633.2385000000002 898.2080000000002 26.000000000000004 45.717000000000006 30.656500000000005 1.5000000000000002 4.5000000000000009 66.848500000000016 80.036500000000018 47.184000000000005 11.000000000000002 72.086000000000013 1737.0670000000002 64.674500000000009 1907.0695000000003 382.15650000000005 368.90600000000006 68.285500000000013
decision_type=2 2 2 2 2 2 2 2 2 2 2 2 2 2 2 2 2 2 2 2
left_child=2 4 6 8 7 -4 -1 15 9 -3 17 -7 -8 -9 -15 -2 -12 18 -10 -6
right_child=1 3 5 -5 19 11 12 13 10 -11 16 -13 -14 14 -16 -17 -18 -19 -20 -21
leaf_value=-0.19692862399162786 -0.035622842177268001 0.12253056831898229 -0.094483514389266124 0.20110783057828108 0.038093153555547044 -0.0060523344920231752 -0.14355046624361081 0.0021580628483839652 0.091325935320212173 0.062261468244761968 0.16590065314219551 -0.053118402907444573 -0.10962503126689367 0.033094893828515083 0.0070600407378327446 -0.014755405533698297 0.12192195172493273 0.08584448964365067 0.12881928774026721 0.055253978159565176
leaf_weight=5.9999999999999991 5.9999999999999982 5.9999999999999991 9.0000000000000018 5.9999999999999991 5.9999999999999982 4.9999999999999982 17.000000000000004 9.0000000000000018 5.0000000000000053 7.9999999999999991 4.9999999999999982 6 10.999999999999998 5.9999999999999982 6 6 5 5.9999999999999991 5 5
leaf_count=6 6 6 9 6 6 5 17 9 5 8 5 6 11 6 6 6 5 6 5 5
internal_value=0.000193191 0.0685503 -0.113545 0.123366 0.0109156 -0.0610176 -0.143869 -0.00123585 0.110731 0.0895411 0.121323 -0.0323264 -0.131139 0.0127979 0.0205091 -0.0257045 0.146856 0.103672 0.112353 0.0468525
internal_weight=144 90 54 46 44 20 34 33 40 14 26 11 28 21 12 12 10 16 10 11
internal_count=144 90 54 46 44 20 34 33 40 14 26 11 28 21 12 12 10 16 10 11
is_linear=0
shrinkage=0.025


Tree=110
num_leaves=21
num_cat=0
split_feature=1 0 4 2 0 1 2 0 1 1 0 3 4 3 3 1 1 4 3 4
split_gain=1712.1 434.232 127.675 63.648 29.9079 27.9908 27.178 16.6323 11.7177 17.8371 13.1269 11.5205 8.99153 8.71915 7.92907 11.2157 7.11688 4.24017 3.34402 1.94173
threshold=52.783000000000008 3.5000000000000004 1633.2385000000002 26.000000000000004 2.5000000000000004 45.717000000000006 9.0000000000000018 4.5000000000000009 59.361000000000011 65.010000000000005 1.5000000000000002 594.7170000000001 1497.5800000000002 756.86750000000006 732.42400000000009 65.572500000000005 66.848500000000016 1926.3670000000002 728.83900000000006 1497.5800000000002
decision_type=2 2 2 2 2 2 2 2 2 2 2 2 2 2 2 2 2 2 2 2
left_child=2 4 6 7 8 -4 12 16 -2 -10 -11 -7 -1 -9 15 -6 -3 -15 -12 -8
right_child=1 3 5 -5 14 11 19 13 9 10 18 -13 -14 17 -16 -17 -18 -19 -20 -21
leaf_value=-0.19517426921261685 -0.035296639415525598 0.099858476336185775 -0.092172777717528132 0.18561494772027182 0.051763898821977475 -0.0077754009635217745 -0.13512299613254825 0.099165401954046425 0.044142364653257188 -0.041900912858545768 -0.0054844067742427184 -0.059198977590466911 -0.13821854094664254 0.14981605933933725 0.063622560409399176 0.0013334556933372252 0.05460220219627502 0.10449606214578333 0.020776813190716961 -0.10552818745863245
leaf_weight=6.9999999999999982 6.0000000000000027 4.9999999999999982 9.0000000000000018 7.9999999999999991 4.9999999999999982 5.9999999999999982 8.0000000000000018 14.000000000000002 5.0000000000000027 5.0000000000000009 7 5 7 7.9999999999999982 4.9999999999999991 6 6 5 5 11.999999999999998
leaf_count=7 6 5 9 8 5 6 8 14 5 5 7 5 7 8 5 6 6 5 5 12
internal_value=0.000205221 0.066943 -0.110838 0.120479 0.0106537 -0.0597293 -0.14034 0.105833 -0.00491603 0.00355663 -0.00868215 -0.0319011 -0.169132 0.117004 0.0377023 0.024883 0.0767007 0.134327 0.00551653 -0.118649
internal_weight=144 90 54 46 44 20 34 38 28 22 17 11 14 27 16 11 11 13 12 20
internal_count=144 90 54 46 44 20 34 38 28 22 17 11 14 27 16 11 11 13 12 20
is_linear=0
shrinkage=0.025


Tree=111
num_leaves=20
num_cat=0
split_feature=2 0 3 2 0 0 3 1 2 4 1 3 1 0 2 3 1 5 3
split_gain=1630.3 395.941 84.9226 72.9152 39.0693 38.8706 24.4464 23.5162 16.3985 14.8961 13.3357 21.3167 9.83973 12.5033 8.67087 8.32009 4.60724 4.13848 3.18533
threshold=15.000000000000002 3.5000000000000004 489.58850000000007 26.000000000000004 2.5000000000000004 4.5000000000000009 586.65050000000008 56.583000000000006 9.0000000000000018 1730.3280000000002 65.010000000000005 732.42400000000009 65.010000000000005 1.5000000000000002 9.0000000000000018 756.86750000000006 30.656500000000005 491.27100000000002 728.83900000000006
decision_type=2 2 2 2 2 2 2 2 2 2 2 2 2 2 2 2 2 2 2
left_child=2 4 8 5 7 9 14 -2 16 -3 -6 -12 -9 -14 -4 -7 -1 -17 -15
right_child=1 3 6 -5 10 15 -8 12 -10 -11 11 -13 13 18 -16 17 -18 -19 -20
leaf_value=-0.19978005702678966 -0.056826535526376468 0.028988532830149901 -0.12133970164483579 0.18108775034183411 0.072660550818993447 0.096721183896904261 -0.034122198586532419 0.02632572982046338 -0.12325988764494239 0.084207343806823085 -0.0044637903881569706 0.062093168124556536 -0.040893678467434171 -0.0053511051254140005 -0.078881130013309556 0.14912918607393905 -0.14505039056142172 0.1056638485481662 0.020277370075480292
leaf_weight=5.0000000000000018 5.0000000000000027 5.9999999999999982 6.0000000000000062 7.9999999999999991 5.0000000000000027 14.000000000000002 5.9999999999999991 7.0000000000000027 13.999999999999998 7 6.9999999999999982 5 5.0000000000000009 7 11.999999999999998 6.9999999999999982 7 6 5
leaf_count=5 5 6 6 8 5 14 6 7 14 7 7 5 5 7 12 7 7 6 5
internal_value=0.000202147 0.0615326 -0.11486 0.111607 0.00899664 0.0968485 -0.0796989 -0.00861937 -0.146413 0.0596418 0.0388709 0.0237291 0.00175878 -0.00847283 -0.0942805 0.114147 -0.170858 0.131068 0.00538233
internal_weight=144 94 50 48 46 40 24 29 26 13 17 12 24 17 18 27 12 13 12
internal_count=144 94 50 48 46 40 24 29 26 13 17 12 24 17 18 27 12 13 12
is_linear=0
shrinkage=0.025


Tree=112
num_leaves=21
num_cat=0
split_feature=5 0 4 3 2 0 1 0 1 0 1 1 2 1 4 1 4 5 5 1
split_gain=1553.6 393.57 115.788 60.6074 29.0717 25.6204 25.125 15.9733 9.23124 8.91548 17.53 11.7178 5.30236 2.63404 3.37742 1.81084 1.24423 1.18747 1.70847 0.326857
threshold=329.11450000000008 3.5000000000000004 1633.2385000000002 898.2080000000002 26.000000000000004 1.5000000000000002 45.717000000000006 1.5000000000000002 47.184000000000005 4.5000000000000009 66.848500000000016 80.036500000000018 9.0000000000000018 72.086000000000013 1737.0670000000002 64.674500000000009 1907.0695000000003 382.15650000000005 368.90600000000006 68.285500000000013
decision_type=2 2 2 2 2 2 2 2 2 2 2 2 2 2 2 2 2 2 2 2
left_child=2 4 5 9 7 -1 -4 15 -8 10 -3 17 -7 -9 -15 -2 -13 18 -11 -6
right_child=1 3 6 -5 19 12 8 13 -10 11 -12 16 -14 14 -16 -17 -18 -19 -20 -21
leaf_value=-0.17585389846708721 -0.034178724500440787 0.11568580500541195 -0.087649515012036189 0.18971262035831329 0.036849639636854975 -0.13665213691336767 -0.0047675093779197117 0.0010677674785256382 -0.050933181641683457 0.084421789904053302 0.056136055590539448 0.1547264695167542 -0.10504953241661977 0.032075756788253793 0.0052592511048480377 -0.013631314928493191 0.1120071443227621 0.077924082163841502 0.12101385547564576 0.052720249186341564
leaf_weight=7.9999999999999991 5.9999999999999982 5.9999999999999991 9.0000000000000018 5.9999999999999991 5.9999999999999982 11.000000000000002 4.9999999999999982 9.0000000000000018 6 5.0000000000000053 7.9999999999999991 4.9999999999999982 14.999999999999998 5.9999999999999982 6 6 5 5.9999999999999991 5 5
leaf_count=8 6 6 9 6 6 11 5 9 6 5 8 5 15 6 6 6 5 6 5 5
internal_value=0.000197473 0.0637715 -0.10558 0.114739 0.0101808 -0.133677 -0.0569036 -0.00158499 -0.0305202 0.102574 0.0830153 0.112344 -0.119409 0.0115 0.019076 -0.0243994 0.136104 0.0959194 0.104854 0.0449878
internal_weight=144 90 54 46 44 34 20 33 11 40 14 26 26 21 12 12 10 16 10 11
internal_count=144 90 54 46 44 34 20 33 11 40 14 26 26 21 12 12 10 16 10 11
is_linear=0
shrinkage=0.025


Tree=113
num_leaves=19
num_cat=0
split_feature=1 0 4 3 2 0 1 0 3 3 5 1 5 2 4 3 1 1
split_gain=1481.11 375.475 109.501 57.524 27.6888 24.4029 23.5548 15.2144 11.0133 8.28089 21.7321 20.7673 13.7282 5.04215 2.65092 6.43597 1.72197 0.308012
threshold=52.783000000000008 3.5000000000000004 1633.2385000000002 898.2080000000002 26.000000000000004 1.5000000000000002 45.717000000000006 1.5000000000000002 594.7170000000001 756.86750000000006 491.27100000000002 65.572500000000005 368.90600000000006 9.0000000000000018 1702.9405000000004 718.77850000000012 64.674500000000009 68.285500000000013
decision_type=2 2 2 2 2 2 2 2 2 2 2 2 2 2 2 2 2 2
left_child=2 4 5 9 7 -1 -4 16 -8 11 -11 12 -3 -7 -9 -16 -2 -6
right_child=1 3 6 -5 17 13 8 14 -10 10 -12 -13 -14 -15 15 -17 -18 -19
leaf_value=-0.17156478166580202 -0.033351820130502023 0.071941777898205578 -0.085505913003631237 0.18512280085875144 0.035958115299863203 -0.13329683659332137 -0.0066038687863657561 0.0224011175516175 -0.05683579713535996 0.14627755473299728 0.080515064133538136 0.050052387163870865 0.12194590472749303 -0.10245785030879473 -0.014604965513271673 0.020114115687708059 -0.013301524471852087 0.051452937235052759
leaf_weight=7.9999999999999991 5.9999999999999982 7.0000000000000062 9.0000000000000018 5.9999999999999991 5.9999999999999982 11.000000000000002 5.9999999999999982 8.0000000000000018 5 7.9999999999999982 7 6.9999999999999991 10.999999999999998 14.999999999999998 5.9999999999999982 7 6 5
leaf_count=8 6 7 9 6 6 11 6 8 5 8 7 7 11 15 6 7 6 5
internal_value=0.000208343 0.0622816 -0.103072 0.112064 0.00993676 -0.130398 -0.055725 -0.0015449 -0.0301554 0.100207 0.117134 0.0891529 0.103573 -0.116471 0.0112245 0.00401673 -0.0238115 0.0439059
internal_weight=144 90 54 46 44 34 20 33 11 40 15 25 18 26 21 13 12 11
internal_count=144 90 54 46 44 34 20 33 11 40 15 25 18 26 21 13 12 11
is_linear=0
shrinkage=0.025


Tree=114
num_leaves=22
num_cat=0
split_feature=1 0 1 2 2 2 0 0 0 2 0 1 1 5 4 3 5 1 5 3 1
split_gain=1409.66 357.407 104.413 57.6441 33.7788 26.3756 24.5091 14.4873 12.9568 11.2663 9.08098 6.67618 6.54567 6.50688 2.52292 6.12788 2.40329 1.63741 1.42652 0.940647 0.29012
threshold=52.783000000000008 3.5000000000000004 42.535500000000006 26.000000000000004 11.000000000000002 26.000000000000004 1.5000000000000002 1.5000000000000002 4.5000000000000009 13.000000000000002 2.5000000000000004 66.848500000000016 80.036500000000018 491.27100000000002 1702.9405000000004 718.77850000000012 382.15650000000005 64.674500000000009 368.90600000000006 568.22250000000008 68.285500000000013
decision_type=2 2 2 2 2 2 2 2 2 2 2 2 2 2 2 2 2 2 2 2 2
left_child=2 5 4 8 6 7 -1 17 11 19 -6 -3 16 -14 -9 -16 18 -2 -10 -4 -7
right_child=1 3 9 -5 10 20 -8 14 12 -11 -12 -13 13 -15 15 -17 -18 -19 -20 -21 -22
leaf_value=-0.18706092026925847 -0.032544920329124698 0.091799802275804393 -0.069099313135330506 0.17115596285680448 -0.10367586758078601 0.035088161234894104 -0.12294147622467269 0.021854748304297279 0.080663047322573525 -0.011974938844258969 -0.055586452438281121 0.048528987782136074 0.14398997714442593 0.095509134070767499 -0.014251620616884004 0.019625231587431496 0.06877648463616004 -0.012979713346688976 0.11517347716368159 -0.045829068066982115 0.050216088415338436
leaf_weight=6.0000000000000027 5.9999999999999982 4.9999999999999982 4.9999999999999982 7.9999999999999991 7.9999999999999982 5.9999999999999982 20 8.0000000000000018 5.0000000000000018 4.9999999999999991 5 6 5.9999999999999982 6 5.9999999999999982 7 4.9999999999999991 6 5 5 5
leaf_count=6 6 5 5 8 8 6 20 8 5 5 5 6 6 6 6 7 5 6 5 5 5
internal_value=0.000208969 0.0607668 -0.10055 0.109337 -0.122095 0.00969611 -0.139101 -0.0015091 0.0954613 -0.0435788 -0.0863971 0.0695972 0.105363 0.121815 0.0109505 0.00391603 0.09069 -0.0232379 0.0999608 -0.0587135 0.04285
internal_weight=144 90 54 46 39 44 26 33 38 15 13 11 27 12 21 13 15 12 10 10 11
internal_count=144 90 54 46 39 44 26 33 38 15 13 11 27 12 21 13 15 12 10 10 11
is_linear=0
shrinkage=0.025


Tree=115
num_leaves=21
num_cat=0
split_feature=5 0 4 2 0 2 1 0 1 1 1 1 4 4 1 3 4 3 3 4
split_gain=1342.78 340.605 99.2581 54.7327 25.6572 23.2999 21.1773 12.1962 9.98306 17.6772 12.0085 8.8552 8.41607 6.83226 6.47149 6.24591 4.87795 2.46695 1.46359 0.320631
threshold=329.11450000000008 3.5000000000000004 1633.2385000000002 26.000000000000004 2.5000000000000004 9.0000000000000018 45.717000000000006 4.5000000000000009 59.361000000000011 65.010000000000005 73.121000000000009 47.184000000000005 1497.5800000000002 1737.0670000000002 66.848500000000016 756.86750000000006 1926.3670000000002 728.83900000000006 489.58850000000007 1790.8060000000003
decision_type=2 2 2 2 2 2 2 2 2 2 2 2 2 2 2 2 2 2 2 2
left_child=2 4 5 7 8 12 -4 14 -2 -10 -11 -8 -1 -6 -3 19 -17 -12 -7 -9
right_child=1 3 6 -5 13 18 11 15 9 10 17 -13 -14 -15 -16 16 -18 -19 -20 -21
leaf_value=-0.17493044734001162 -0.032994444860566026 0.089913175426996686 -0.081286444482596004 0.16698142653558315 0.017288199571392888 -0.11062369252506055 -0.0036061421036720277 0.094849145153294415 0.043275729452188168 -0.041077301536615048 -0.0051473795539802979 -0.048766881936500139 -0.12194876935746934 0.050749766972006831 0.047354900476432607 0.13280095036436876 0.089132576891062409 0.017398551342865592 -0.081330836163117329 0.070781019197490344
leaf_weight=6.9999999999999982 6.0000000000000027 4.9999999999999982 9.0000000000000018 7.9999999999999991 7.9999999999999991 15.000000000000002 4.9999999999999982 9.0000000000000018 5.0000000000000027 5.0000000000000027 6.9999999999999982 6 7 7.9999999999999991 6 7.9999999999999982 5 5 4.9999999999999991 4.9999999999999991
leaf_count=7 6 5 9 8 8 15 5 9 5 5 7 6 7 8 6 8 5 5 5 5
internal_value=0.000213893 0.0593178 -0.098125 0.106732 0.00946129 -0.124143 -0.0530417 0.0932076 -0.00495469 0.00286456 -0.00931341 -0.0287818 -0.150618 0.0345161 0.0680713 0.102826 0.117705 0.00427552 -0.10424 0.0874594
internal_weight=144 90 54 46 44 34 20 38 28 22 17 11 14 16 11 27 13 12 20 14
internal_count=144 90 54 46 44 34 20 38 28 22 17 11 14 16 11 27 13 12 20 14
is_linear=0
shrinkage=0.025


Tree=116
num_leaves=22
num_cat=0
split_feature=1 0 4 3 2 2 1 0 3 1 0 1 1 4 3 4 5 5 1 3 1
split_gain=1279.1 324.55 94.1974 53.9389 24.8977 22.2011 20.0038 13.5224 10.4169 8.06449 7.19334 16.3947 9.6273 2.54416 5.52636 1.56718 1.51125 1.52036 1.50035 1.36312 0.221565
threshold=52.783000000000008 3.5000000000000004 1633.2385000000002 898.2080000000002 26.000000000000004 9.0000000000000018 45.717000000000006 1.5000000000000002 594.7170000000001 30.656500000000005 4.5000000000000009 66.848500000000016 80.036500000000018 1702.9405000000004 718.77850000000012 1907.0695000000003 382.15650000000005 368.90600000000006 64.674500000000009 489.58850000000007 68.285500000000013
decision_type=2 2 2 2 2 2 2 2 2 2 2 2 2 2 2 2 2 2 2 2 2
left_child=2 4 5 10 7 9 -4 18 -8 -1 11 -3 16 -9 -15 -14 17 -12 -2 -7 -6
right_child=1 3 6 -5 20 19 8 13 -10 -11 12 -13 15 14 -16 -17 -18 -19 -20 -21 -22
leaf_value=-0.17928595818006077 -0.031574373572103444 0.10654131904725106 -0.079298461131427578 0.17476293791926678 0.034087201568388174 -0.10789448995339242 -0.0053816796310486338 0.021324331567781723 -0.054187863334440256 -0.12535755452902422 0.076559719758538008 0.049358809193051086 0.14083716479631572 -0.013908808918729906 0.018262136173951955 0.10038942534189957 0.069238790389030205 0.11035628135387712 -0.012786785128616515 -0.079375768854067885 0.048378443546020056
leaf_weight=4.9999999999999991 5.9999999999999982 5.9999999999999991 9.0000000000000018 5.9999999999999991 5.9999999999999982 15.000000000000002 5.9999999999999982 8.0000000000000018 5 8.9999999999999982 5.0000000000000053 7.9999999999999991 4.9999999999999982 5.9999999999999982 7 5 5.9999999999999991 5 6 4.9999999999999991 5
leaf_count=5 6 6 9 6 6 15 6 8 5 9 5 8 5 6 7 5 6 5 6 5 5
internal_value=0.000212666 0.0578984 -0.095766 0.104182 0.00923035 -0.121113 -0.051841 -0.00165442 -0.0282494 -0.14696 0.0927468 0.075109 0.10155 0.0103827 0.00333354 0.123101 0.0866508 0.0954131 -0.0226467 -0.101683 0.0414427
internal_weight=144 90 54 46 44 34 20 33 11 14 40 14 26 21 13 10 16 10 12 20 11
internal_count=144 90 54 46 44 34 20 33 11 14 40 14 26 21 13 10 16 10 12 20 11
is_linear=0
shrinkage=0.025


Tree=117
num_leaves=20
num_cat=0
split_feature=5 0 4 2 0 0 1 4 1 1 1 1 1 1 5 3 1 2 3
split_gain=1218.86 309.421 89.3317 52.0359 23.9386 21.7193 18.858 10.7933 17.6455 9.28826 17.2068 11.3977 8.30202 7.60715 6.708 6.41595 9.64551 3.9729 2.19963
threshold=329.11450000000008 3.5000000000000004 1633.2385000000002 26.000000000000004 2.5000000000000004 1.5000000000000002 45.717000000000006 1817.4895000000004 65.572500000000005 59.361000000000011 65.010000000000005 73.121000000000009 47.184000000000005 62.278000000000006 491.27100000000002 732.42400000000009 65.572500000000005 9.0000000000000018 728.83900000000006
decision_type=2 2 2 2 2 2 2 2 2 2 2 2 2 2 2 2 2 2 2
left_child=2 4 5 7 9 -1 -4 8 13 -2 -11 -12 -8 -3 -9 16 -6 -7 -13
right_child=1 3 6 -5 15 17 12 14 -10 10 11 18 -14 -15 -16 -17 -18 -19 -20
leaf_value=-0.15675540653670708 -0.03196182347113085 0.067052647780354399 -0.077359096058036952 0.16039406657218935 0.046602959013902233 -0.12021921511207306 -0.003390089021279262 0.12147719821204306 0.031164891985603252 0.042498115794016737 -0.040330445451232072 -0.0050345085354314917 -0.047120945035449911 0.10816967222425673 0.083659014737476486 0.056518496716251733 0 -0.092547933443596506 0.016251743953818312
leaf_weight=7.9999999999999991 6.0000000000000027 8.0000000000000018 9.0000000000000018 7.9999999999999991 4.9999999999999982 11.000000000000002 4.9999999999999982 9.0000000000000018 4.9999999999999991 5.0000000000000027 5.0000000000000027 6.9999999999999982 6 6.9999999999999991 8.9999999999999982 4.9999999999999991 6 14.999999999999998 5
leaf_count=8 6 8 9 8 5 11 5 9 5 5 5 7 6 7 9 5 6 15 5
internal_value=0.000216617 0.0565277 -0.0934744 0.10172 0.00900681 -0.11816 -0.0506922 0.0885593 0.0739213 -0.00491599 0.00262534 -0.00938708 -0.0277704 0.0874936 0.103764 0.0332088 0.0216818 -0.105131 0.00385333
internal_weight=144 90 54 46 44 34 20 38 20 28 22 17 11 15 18 16 11 26 12
internal_count=144 90 54 46 44 34 20 38 20 28 22 17 11 15 18 16 11 26 12
is_linear=0
shrinkage=0.025


Tree=118
num_leaves=22
num_cat=0
split_feature=2 0 3 3 0 1 3 1 2 1 1 1 1 1 3 5 2 1 3 5 3
split_gain=1160.78 279.716 60.358 59.5282 31.6238 27.4694 19.6841 17.8226 14.0755 13.0686 20.3394 9.703 10.8564 8.62356 23.3152 18.7595 6.74128 4.29515 3.11186 2.85704 2.09524
threshold=15.000000000000002 3.5000000000000004 489.58850000000007 898.2080000000002 2.5000000000000004 60.95150000000001 586.65050000000008 56.583000000000006 9.0000000000000018 65.010000000000005 72.086000000000013 65.010000000000005 73.121000000000009 64.413000000000025 756.86750000000006 491.27100000000002 11.000000000000002 30.656500000000005 728.83900000000006 263.84900000000005 728.83900000000006
decision_type=2 2 2 2 2 2 2 2 2 2 2 2 2 2 2 2 2 2 2 2 2
left_child=2 4 8 5 7 -3 16 -2 17 -6 -11 -9 -13 -7 18 -16 19 -1 -15 -4 -14
right_child=1 3 6 -5 9 13 -8 11 -10 10 -12 12 20 14 15 -17 -18 -19 -20 -21 -22
leaf_value=-0.17155934847318202 -0.050003586394282457 0.039384110117467445 -0.11052638727885011 0.1678919661669962 0.068052224585643126 0.1161847074394641 -0.026509360608554657 0.025399150989121849 -0.10263033475674375 -0.018143285230661818 0.046815022660626301 -0.039360963008724693 -0.0049121422693133359 0.034812681326785895 0.13008258459044669 0.069479749268955643 -0.05466812589476186 -0.12267459664079879 0.066413961121669168 -0.075653453088468964 0.015861076485508909
leaf_weight=5.0000000000000018 5.0000000000000027 7.9999999999999991 5.0000000000000053 5.9999999999999991 5.0000000000000027 8.9999999999999982 5.9999999999999991 7.0000000000000027 13.999999999999998 4.9999999999999982 7 5.0000000000000027 6.9999999999999982 5.0000000000000018 7.9999999999999982 7 5.9999999999999991 7 5 7 5
leaf_count=5 5 8 5 6 5 9 6 7 14 5 7 5 7 5 8 7 6 7 5 7 5
internal_value=0.000216805 0.0519689 -0.0968717 0.0940579 0.00780591 0.0827348 -0.0672104 -0.00803807 -0.123482 0.0346857 0.0197929 0.000994093 -0.00916086 0.0926085 0.0832167 0.10317 -0.0802684 -0.145624 0.0517283 -0.09186 0.00375903
internal_weight=144 94 50 48 46 42 24 29 26 17 12 24 17 34 25 15 18 12 10 12 12
internal_count=144 94 50 48 46 42 24 29 26 17 12 24 17 34 25 15 18 12 10 12 12
is_linear=0
shrinkage=0.025


Tree=119
num_leaves=21
num_cat=0
split_feature=1 0 4 2 2 0 1 0 3 0 1 1 5 2 5 4 3 1 5 1
split_gain=1106.69 280.75 80.5113 49.1402 23.6786 20.3825 16.9537 12.1614 9.91385 9.79393 5.61372 4.51276 6.65522 3.40936 2.42157 2.40822 4.63358 1.32663 1.1308 0.103672
threshold=52.783000000000008 3.5000000000000004 1633.2385000000002 26.000000000000004 26.000000000000004 1.5000000000000002 45.717000000000006 1.5000000000000002 594.7170000000001 4.5000000000000009 66.848500000000016 80.036500000000018 491.27100000000002 9.0000000000000018 382.15650000000005 1702.9405000000004 718.77850000000012 64.674500000000009 368.90600000000006 68.285500000000013
decision_type=2 2 2 2 2 2 2 2 2 2 2 2 2 2 2 2 2 2 2 2
left_child=2 4 5 9 7 -1 -4 17 -8 10 -3 14 -13 -7 18 -9 -17 -2 -11 -6
right_child=1 3 6 -5 19 13 8 15 -10 11 -12 12 -14 -15 -16 16 -18 -19 -20 -21
leaf_value=-0.14979847524224263 -0.030340055111915839 0.081826944534595214 -0.07373203356628831 0.15387885003555113 0.033277875281149345 -0.11409130415746144 -0.0044042807432913018 0.020042301623559574 -0.05198101877019954 0.071791530572451037 0.042364451421364656 0.12813912457035434 0.081769217935300634 -0.088087274761576406 0.059641256126073683 -0.013213208083423878 0.016244813556679418 -0.012583326836747509 0.102683334167187 0.046273253521380509
leaf_weight=7.9999999999999991 5.9999999999999982 4.9999999999999982 9.0000000000000018 7.9999999999999991 5.9999999999999982 11.000000000000002 5.9999999999999982 8.0000000000000018 5 5.0000000000000018 6 5.9999999999999982 6 14.999999999999998 4.9999999999999991 5.9999999999999982 7 6 5 5
leaf_count=8 6 5 9 8 6 11 6 8 5 5 6 6 6 15 5 6 7 6 5 5
internal_value=0.000211297 0.0538693 -0.0890644 0.0969167 0.00860196 -0.112503 -0.0484377 -0.00201016 -0.0266837 0.0841491 0.0615544 0.0927881 0.106777 -0.0999236 0.0802568 0.00940508 0.00255991 -0.021916 0.0890705 0.0400173
internal_weight=144 90 54 46 44 34 20 33 11 38 11 27 12 26 15 21 13 12 10 11
internal_count=144 90 54 46 44 34 20 33 11 38 11 27 12 26 15 21 13 12 10 11
is_linear=0
shrinkage=0.025


Tree=120
num_leaves=22
num_cat=0
split_feature=5 0 3 3 5 2 2 0 3 1 0 1 1 1 4 3 4 5 1 5 1
split_gain=1054.67 267.719 76.6626 48.2757 23.007 22.5557 14.1107 11.5805 7.98548 7.63571 6.0834 15.2868 7.79674 4.15172 2.29206 4.41177 1.8084 1.63506 1.26114 1.06872 0.0956662
threshold=329.11450000000008 3.5000000000000004 489.58850000000007 898.2080000000002 267.84700000000004 26.000000000000004 9.0000000000000018 1.5000000000000002 529.40300000000013 47.184000000000005 4.5000000000000009 66.848500000000016 80.036500000000018 30.656500000000005 1702.9405000000004 718.77850000000012 1907.0695000000003 382.15650000000005 64.674500000000009 368.90600000000006 68.285500000000013
decision_type=2 2 2 2 2 2 2 2 2 2 2 2 2 2 2 2 2 2 2 2 2
left_child=2 5 6 10 -4 7 13 18 -6 -10 11 -3 17 -1 -9 -16 -14 19 -2 -12 -7
right_child=1 3 4 -5 8 20 -8 14 9 -11 12 -13 16 -15 15 -17 -18 -19 -20 -21 -22
leaf_value=-0.16417774076645186 -0.029606022469459051 0.097902854411832746 -0.086463968718753129 0.16127023922820247 -0.064215274728261468 0.032472764460309861 -0.097295202236426515 0.019553465396165842 -0.0053155759169209397 -0.045344748732543752 0.07006577379428415 0.043045255005723093 0.12832428033535301 -0.11691987084017859 -0.01289353350237493 0.015849974642818173 0.089910722466615522 0.061818162568153867 -0.012278892268096246 0.10021498203277586 0.045160913548002439
leaf_weight=5.0000000000000018 5.9999999999999982 5.9999999999999991 10.000000000000002 5.9999999999999991 5.0000000000000027 5.9999999999999982 14.999999999999998 8.0000000000000018 5.9999999999999982 6 5.0000000000000053 7.9999999999999991 4.9999999999999982 7 5.9999999999999982 7 5 5.9999999999999991 6 5 5
leaf_count=5 6 6 10 6 5 6 15 8 6 6 5 8 5 7 6 7 5 6 6 5 5
internal_value=0.000216839 0.0525987 -0.0869351 0.0946353 -0.0563859 0.00839366 -0.116799 -0.0019629 -0.0378205 -0.0258479 0.0838563 0.0676915 0.0919296 -0.139082 0.00917539 0.00249469 0.11138 0.0784711 -0.0213882 0.0869323 0.0390552
internal_weight=144 90 54 46 27 44 27 33 17 12 40 14 26 12 21 13 10 16 12 10 11
internal_count=144 90 54 46 27 44 27 33 17 12 40 14 26 12 21 13 10 16 12 10 11
is_linear=0
shrinkage=0.025


Tree=121
num_leaves=20
num_cat=0
split_feature=1 0 1 2 2 0 1 5 0 2 3 0 3 4 1 5 4 3 4
split_gain=1006.28 226.375 111.684 42.4003 28.163 20.6943 18.9379 39.6923 15.4096 13.1882 12.6782 7.4083 6.28655 5.16472 19.2868 6.23011 2.79333 1.84779 2.39656
threshold=55.964500000000008 3.5000000000000004 42.535500000000006 26.000000000000004 11.000000000000002 1.5000000000000002 65.010000000000005 413.27850000000007 2.5000000000000004 15.000000000000002 602.59550000000013 2.5000000000000004 586.65050000000008 1817.4895000000004 65.572500000000005 491.27100000000002 1755.4370000000001 728.83900000000006 1707.4325000000001
decision_type=2 2 2 2 2 2 2 2 2 2 2 2 2 2 2 2 2 2 2
left_child=2 6 4 13 5 -1 10 -8 17 12 -2 -6 -4 14 16 -15 -3 18 -9
right_child=1 3 9 -5 11 -7 7 8 -10 -11 -12 -13 -14 15 -16 -17 -18 -19 -20
leaf_value=-0.16171059954550951 0.010091853600281938 0.10001372943321861 -0.063134278936518545 0.14784468950294868 -0.08592815864376907 -0.10363366028459947 -0.054046702799537452 0.0077921359011760135 0.044720012730941533 -0.007547956397352013 0.064411751012648288 -0.043294684302348348 -0.024543253045815686 0.11024715544089025 0.027027213430175414 0.07457302611159243 0.067905504064213834 0.014137720388288678 -0.016154190869285507
leaf_weight=6.0000000000000027 4.9999999999999982 7.0000000000000018 7.0000000000000018 7.9999999999999991 7.9999999999999982 20 6.0000000000000027 4.9999999999999982 8 8.9999999999999982 6 5 5 9.0000000000000018 4.9999999999999991 8.9999999999999982 6 5.0000000000000009 5
leaf_count=6 5 7 7 8 8 20 6 5 8 9 6 5 5 9 5 9 6 5 5
internal_value=0.000219648 0.0560309 -0.077822 0.0950357 -0.102793 -0.118216 0.0128353 0.00211123 0.0171546 -0.0308553 0.0404536 -0.0705298 -0.0478231 0.0825138 0.0705579 0.0934943 0.0865426 0.00197589 -0.00414046
internal_weight=144 84 60 44 39 26 40 29 23 21 11 13 12 36 18 18 13 15 10
internal_count=144 84 60 44 39 26 40 29 23 21 11 13 12 36 18 18 13 15 10
is_linear=0
shrinkage=0.025


Tree=122
num_leaves=21
num_cat=0
split_feature=1 0 1 3 2 0 1 5 0 2 3 0 3 1 0 5 3 3 4 4
split_gain=957.799 215.476 106.244 42.2146 26.7596 19.7472 18.037 37.7934 14.665 12.5562 12.0676 7.03788 5.97765 3.14154 20.224 9.61189 8.52207 1.75964 2.28311 0.711281
threshold=55.964500000000008 3.5000000000000004 42.535500000000006 898.2080000000002 11.000000000000002 1.5000000000000002 65.010000000000005 413.27850000000007 2.5000000000000004 15.000000000000002 602.59550000000013 2.5000000000000004 586.65050000000008 64.413000000000025 4.5000000000000009 376.35850000000011 756.86750000000006 728.83900000000006 1707.4325000000001 1907.0695000000003
decision_type=2 2 2 2 2 2 2 2 2 2 2 2 2 2 2 2 2 2 2 2
left_child=2 6 4 13 5 -1 10 -8 17 12 -2 -6 -4 15 -15 -3 -16 18 -9 -18
right_child=1 3 9 -5 11 -7 7 8 -10 -11 -12 -13 -14 14 16 -17 19 -19 -20 -21
leaf_value=-0.15779824487624622 0.0098492602602793661 0.070647238691647851 -0.061599765842159565 0.15497345794593137 -0.083832350300579547 -0.10106847259667842 -0.052739121781421733 0.0076048250095202387 0.043629280168835709 -0.0073633601646060547 0.062853401995474276 -0.042253947086059118 -0.023953270367704903 0.04016460940786977 0.061883673360270799 0.11969238212031702 0.11674512374785639 0.013797872166077675 -0.015765869044340571 0.085080740314263548
leaf_weight=6.0000000000000027 4.9999999999999982 6.9999999999999982 7.0000000000000018 5.9999999999999991 7.9999999999999982 20 6.0000000000000027 4.9999999999999982 8 8.9999999999999982 6 5 5 8.0000000000000018 6.0000000000000027 6 5.9999999999999982 5.0000000000000009 5 5
leaf_count=6 5 7 7 6 8 20 6 5 8 9 6 5 5 8 6 6 6 5 5 5
internal_value=0.000218145 0.0546687 -0.0759202 0.092723 -0.100276 -0.115312 0.0125248 0.00205784 0.016738 -0.0301094 0.0394783 -0.0688179 -0.046666 0.0821013 0.0747229 0.0948487 0.0902569 0.00192839 -0.00403798 0.10424
internal_weight=144 84 60 44 39 26 40 29 23 21 11 13 12 38 25 13 17 15 10 11
internal_count=144 84 60 44 39 26 40 29 23 21 11 13 12 38 25 13 17 15 10 11
is_linear=0
shrinkage=0.025


Tree=123
num_leaves=20
num_cat=0
split_feature=1 0 1 2 2 0 1 5 0 2 3 0 3 4 1 5 4 3 4
split_gain=911.778 205.186 101.069 40.4266 25.4258 18.8431 17.1789 35.9853 13.9563 11.9544 11.4862 6.6858 5.68382 4.54511 17.8179 5.99861 2.63571 1.67568 2.17505
threshold=55.964500000000008 3.5000000000000004 42.535500000000006 26.000000000000004 11.000000000000002 1.5000000000000002 65.010000000000005 413.27850000000007 2.5000000000000004 15.000000000000002 602.59550000000013 2.5000000000000004 586.65050000000008 1817.4895000000004 65.572500000000005 491.27100000000002 1755.4370000000001 728.83900000000006 1707.4325000000001
decision_type=2 2 2 2 2 2 2 2 2 2 2 2 2 2 2 2 2 2 2
left_child=2 6 4 13 5 -1 10 -8 17 12 -2 -6 -4 14 16 -15 -3 18 -9
right_child=1 3 9 -5 11 -7 7 8 -10 -11 -12 -13 -14 15 -16 -17 -18 -19 -20
leaf_value=-0.15398055007380818 0.0096124997219214081 0.095354831715424818 -0.060102549526426498 0.14197648865420648 -0.081787658755372222 -0.098566778904140603 -0.051463175808349894 0.0074220165610313429 0.042565151994548189 -0.0071832784168098301 0.061332756280899042 -0.041238226626928026 -0.02337746958319957 0.10492282801348228 0.025203188222188217 0.070274911043436639 0.064426333481265641 0.013466192556258576 -0.015386882080481602
leaf_weight=6.0000000000000027 4.9999999999999982 7.0000000000000018 7.0000000000000018 7.9999999999999991 7.9999999999999982 20 6.0000000000000027 4.9999999999999982 8 8.9999999999999982 6 5 5 9.0000000000000018 4.9999999999999991 8.9999999999999982 6 5.0000000000000009 5
leaf_count=6 5 7 7 8 8 20 6 5 8 9 6 5 5 9 5 9 6 5 5
internal_value=0.000221465 0.053348 -0.074065 0.0904826 -0.0978208 -0.11248 0.0122218 0.0020058 0.0163315 -0.0293815 0.0385266 -0.0671475 -0.045537 0.0782838 0.0670085 0.0886302 0.0823673 0.00188203 -0.00393797
internal_weight=144 84 60 44 39 26 40 29 23 21 11 13 12 36 18 18 13 15 10
internal_count=144 84 60 44 39 26 40 29 23 21 11 13 12 36 18 18 13 15 10
is_linear=0
shrinkage=0.025


Tree=124
num_leaves=20
num_cat=0
split_feature=1 0 1 3 2 0 2 2 1 5 3 3 1 0 5 3 0 4 5
split_gain=867.857 195.307 96.1456 40.1967 24.1582 17.9801 16.6528 11.3814 10.7298 24.4847 6.35509 5.40431 3.05437 18.8815 9.07449 7.79256 1.29585 0.838782 0.466671
threshold=55.964500000000008 3.5000000000000004 42.535500000000006 898.2080000000002 11.000000000000002 1.5000000000000002 26.000000000000004 15.000000000000002 65.010000000000005 413.27850000000007 473.29000000000002 586.65050000000008 64.413000000000025 4.5000000000000009 376.35850000000011 756.86750000000006 2.5000000000000004 1907.0695000000003 452.7195000000001
decision_type=2 2 2 2 2 2 2 2 2 2 2 2 2 2 2 2 2 2 2
left_child=2 6 4 12 5 -1 8 11 -2 -10 -6 -4 14 -14 -3 -15 18 -17 -11
right_child=1 3 7 -5 10 -7 -8 -9 9 16 -12 -13 13 15 -16 17 -18 -19 -20
leaf_value=-0.15025520978435386 0.026936159846259317 0.066934637145863646 -0.058641722674171108 0.14894565920675956 -0.079796637558355574 -0.096127004700131954 0.039531286049853356 -0.007007600771992104 -0.054038162328875941 -0.0028914981736586631 -0.040240929734248372 -0.022815512120723722 0.037445999445711683 0.058668105640718976 0.11438776966064207 0.11138218814326872 0.017038232905249442 0.080490215810445631 0.0071752285164210089
leaf_weight=6.0000000000000027 8.0000000000000018 6.9999999999999982 7.0000000000000018 5.9999999999999991 7.9999999999999982 20 9.9999999999999982 8.9999999999999982 5.0000000000000027 5.0000000000000018 5 5 8.0000000000000018 6.0000000000000027 6 5.9999999999999982 5.9999999999999991 5 6
leaf_count=6 8 7 7 6 8 20 10 9 5 5 5 5 8 6 6 6 6 5 6
internal_value=0.000219734 0.0520511 -0.0722552 0.0882809 -0.0954256 -0.109717 0.0119262 -0.0286713 0.00248231 -0.00651625 -0.0655178 -0.0444353 0.0779398 0.0707805 0.0903321 0.0857768 0.00785393 0.0991401 0.00251791
internal_weight=144 84 60 44 39 26 40 21 30 22 13 12 38 25 13 17 17 11 11
internal_count=144 84 60 44 39 26 40 21 30 22 13 12 38 25 13 17 17 11 11
is_linear=0
shrinkage=0.025


Tree=125
num_leaves=19
num_cat=0
split_feature=1 0 1 2 2 0 2 2 1 3 0 3 3 1 5 4 4 3
split_gain=826.131 186.005 91.462 38.5378 22.9534 17.1564 15.8473 10.8359 10.2143 23.3566 6.15551 5.13844 4.0001 16.7377 8.10375 2.11215 1.65926 1.1474
threshold=55.964500000000008 3.5000000000000004 42.535500000000006 26.000000000000004 11.000000000000002 1.5000000000000002 26.000000000000004 15.000000000000002 65.010000000000005 682.85100000000011 2.5000000000000004 586.65050000000008 756.86750000000006 65.572500000000005 491.27100000000002 1755.4370000000001 1737.0670000000002 699.50650000000007
decision_type=2 2 2 2 2 2 2 2 2 2 2 2 2 2 2 2 2 2
left_child=2 6 4 12 5 -1 8 11 -2 -10 -6 -4 13 15 -14 -3 17 -11
right_child=1 3 7 -5 10 -7 -8 -9 9 16 -12 -13 14 -15 -16 -17 -18 -19
leaf_value=-0.14662000325418281 0.02627918073316899 0.090915993518299487 -0.057216403012474354 0.13635870836130004 -0.077967175477888534 -0.093747623279543224 0.038562380865800619 -0.0068362192777187943 -0.04761237139182703 0.0063685238074797854 -0.039089421297495174 -0.022267059695262173 0.10695158673657311 0.023493139273845234 0.066194544376238548 0.06433550362906805 -0.00077940258047273087 0.023939632939604608
leaf_weight=6.0000000000000027 8.0000000000000018 7.0000000000000027 7.0000000000000018 7.9999999999999991 7.9999999999999982 20 9.9999999999999982 8.9999999999999982 6.0000000000000027 4.9999999999999982 5 5 6.9999999999999991 4.9999999999999991 8.9999999999999982 7.9999999999999991 5.9999999999999991 5
leaf_count=6 8 7 7 8 8 20 10 9 6 5 5 5 7 5 9 8 6 5
internal_value=0.000221292 0.0507915 -0.0704897 0.086148 -0.0930891 -0.107023 0.0116331 -0.0279783 0.00241929 -0.00635931 -0.0639277 -0.0433604 0.0742639 0.0646936 0.0852032 0.077855 0.00943025 0.0155738
internal_weight=144 84 60 44 39 26 40 21 30 22 13 12 36 20 16 15 16 10
internal_count=144 84 60 44 39 26 40 21 30 22 13 12 36 20 16 15 16 10
is_linear=0
shrinkage=0.025


Tree=126
num_leaves=21
num_cat=0
split_feature=1 0 1 3 2 1 5 0 3 2 4 4 3 1 0 5 1 4 4 3
split_gain=786.328 177.07 87.0063 38.2731 22.2415 15.2404 32.011 13.0472 10.932 10.3164 9.2239 9.0091 4.88554 2.99601 17.6046 8.64212 7.10614 2.09705 1.80047 0.094853
threshold=55.964500000000008 3.5000000000000004 42.535500000000006 898.2080000000002 9.0000000000000018 65.010000000000005 413.27850000000007 2.5000000000000004 602.59550000000013 15.000000000000002 1633.2385000000002 1497.5800000000002 586.65050000000008 64.413000000000025 4.5000000000000009 376.35850000000011 80.036500000000018 1907.0695000000003 1737.0670000000002 689.99850000000015
decision_type=2 2 2 2 2 2 2 2 2 2 2 2 2 2 2 2 2 2 2 2
left_child=2 5 4 13 11 8 -7 18 -2 12 -6 -1 -4 15 -15 -3 -16 -18 19 -8
right_child=1 3 9 -5 10 6 7 -9 -10 -11 -12 -13 -14 14 16 -17 17 -19 -20 -21
leaf_value=-0.1378814696437782 0.0079826079882108266 0.063374870601627567 -0.055825726480947579 0.14317481633155579 -0.081718588741712783 -0.048701251454410982 0.0042597785305518374 0.040602652619524698 0.058360798993418284 -0.0066690283301083959 -0.039869481898271115 -0.093173316763896591 -0.02173179651682193 0.034880913194359785 0.058456687298085924 0.10945186384262576 0.11201242621128378 0.076093535354504208 -0.010616794500786522 0.010084378662017675
leaf_weight=7.0000000000000027 4.9999999999999982 6.9999999999999982 7.0000000000000018 5.9999999999999991 17.000000000000004 6.0000000000000027 4.9999999999999982 8 6 8.9999999999999982 4.9999999999999991 9.9999999999999982 5 8.0000000000000018 7.0000000000000027 6 4.9999999999999982 5 5.0000000000000009 5
leaf_count=7 5 7 7 6 17 6 5 8 6 9 5 10 5 8 7 6 5 5 5 5
internal_value=0.000218924 0.0495561 -0.0687675 0.0840531 -0.0908098 0.0113488 0.00172522 0.0152403 0.0361247 -0.0273022 -0.0727086 -0.113044 -0.0423115 0.0739846 0.0670164 0.086072 0.0814848 0.0960197 0.00127515 0.00743526
internal_weight=144 84 60 44 39 40 29 23 11 21 22 17 12 38 25 13 17 10 15 10
internal_count=144 84 60 44 39 40 29 23 11 21 22 17 12 38 25 13 17 10 15 10
is_linear=0
shrinkage=0.025


Tree=127
num_leaves=19
num_cat=0
split_feature=1 0 1 2 2 2 2 1 5 4 4 3 4 5 5 1 4 3
split_gain=748.565 168.62 82.7688 36.7134 21.1807 15.0305 9.82188 9.26458 21.4001 8.75244 8.57781 4.64498 3.54094 15.3349 5.59595 1.98047 1.12462 2.12867
threshold=55.964500000000008 3.5000000000000004 42.535500000000006 26.000000000000004 9.0000000000000018 26.000000000000004 15.000000000000002 65.010000000000005 413.27850000000007 1633.2385000000002 1497.5800000000002 586.65050000000008 1817.4895000000004 391.6905000000001 491.27100000000002 62.278000000000006 1737.0670000000002 697.55800000000011
decision_type=2 2 2 2 2 2 2 2 2 2 2 2 2 2 2 2 2 2
left_child=2 5 4 12 10 7 11 -2 -9 -6 -1 -4 13 15 -14 -3 17 -10
right_child=1 3 6 -5 9 -7 -8 8 16 -11 -12 -13 14 -15 -16 -17 -18 -19
leaf_value=-0.13453018441796297 0.024829158732076959 0.058652174857354904 -0.054468850750062185 0.13097127566977249 -0.079699378997780554 0.037299534152535833 -0.0065059274273074202 -0.050683459539252941 -1.8380209803581216e-05 -0.038911080475036913 -0.090889655959372442 -0.021209396479221487 0.095123922889647258 0.021693880225603399 0.062321501128051598 0.086149882773558284 -0.0013298076126844654 0.021658002416933733
leaf_weight=7.0000000000000027 8.0000000000000018 6.0000000000000018 7.0000000000000018 7.9999999999999991 17.000000000000004 9.9999999999999982 8.9999999999999982 5.0000000000000027 5.0000000000000018 4.9999999999999991 9.9999999999999982 5 9.0000000000000018 4.9999999999999991 8.9999999999999982 7 5.9999999999999991 6
leaf_count=7 8 6 7 8 17 10 9 5 5 5 10 5 9 5 9 7 6 6
internal_value=0.000221601 0.0483597 -0.0670877 0.0820236 -0.088587 0.0110744 -0.0266424 0.00210213 -0.00625517 -0.0709197 -0.110287 -0.0412881 0.0704483 0.0603973 0.0796565 0.0746343 0.0071767 0.0118691
internal_weight=144 84 60 44 39 40 21 30 22 22 17 12 36 18 18 13 17 11
internal_count=144 84 60 44 39 40 21 30 22 22 17 12 36 18 18 13 17 11
is_linear=0
shrinkage=0.025


Tree=128
num_leaves=20
num_cat=0
split_feature=3 3 2 1 1 2 3 0 4 5 4 5 5 5 3 1 2 1 0
split_gain=712.908 159.673 58.7567 56.1008 71.8761 40.4442 27.5333 24.1416 22.7821 8.84173 8.19379 7.20576 6.23405 3.81499 2.0287 3.1888 1.36765 1.25598 0.131813
threshold=586.65050000000008 815.36700000000008 13.000000000000002 65.010000000000005 52.783000000000008 26.000000000000004 682.85100000000011 1.5000000000000002 1675.7920000000001 491.27100000000002 1610.7190000000003 405.31800000000004 278.24150000000003 376.35850000000011 732.42400000000009 73.855000000000004 9.0000000000000018 72.086000000000013 4.5000000000000009
decision_type=2 2 2 2 2 2 2 2 2 2 2 2 2 2 2 2 2 2 2
left_child=2 3 7 4 -2 9 -5 -1 -6 -3 -4 -8 16 -10 15 17 -9 -13 -15
right_child=1 5 10 6 8 -7 11 12 13 -11 -12 14 -14 18 -16 -17 -18 -19 -20
leaf_value=-0.12952066279119917 -0.022291231527924539 0.10416250248109134 -0.039888576618055026 -0.044891683973612317 0.023217836262718311 0.15860620458279889 0.039799209741445657 -0.089637677253861167 0.064009634891281933 0.060797332453986878 0.00045414890807408547 0 -0.049589133118429489 0.10189994669729666 0.016615741351700349 -0.01435554692378411 -0.071268704036871605 0.016829918096623112 0.075596708288559536
leaf_weight=6.9999999999999991 6.9999999999999991 6.0000000000000027 7.9999999999999982 5.9999999999999991 6.0000000000000027 5.9999999999999991 5.0000000000000027 15.000000000000002 9.0000000000000018 8.9999999999999982 5 5.0000000000000053 5.9999999999999991 5.9999999999999982 8.9999999999999982 4.9999999999999991 12.999999999999998 6 5
leaf_count=7 7 6 8 6 6 6 5 15 9 9 5 5 6 6 9 5 13 6 5
internal_value=0.000217724 0.0432856 -0.0714339 0.0247415 0.0481845 0.103349 0.00307003 -0.086092 0.0672317 0.079368 -0.0245057 0.0129375 -0.0764091 0.0800134 0.00724237 0.00175265 -0.0817195 0.00931176 0.091619
internal_weight=144 90 54 69 33 21 36 41 26 15 13 30 34 20 25 16 28 11 11
internal_count=144 90 54 69 33 21 36 41 26 15 13 30 34 20 25 16 28 11 11
is_linear=0
shrinkage=0.025


Tree=129
num_leaves=22
num_cat=0
split_feature=1 0 1 3 2 1 5 0 3 4 0 4 4 5 1 1 5 1 4 4 3
split_gain=678.856 152.907 75.1047 36.0661 19.578 13.5096 28.5034 11.8602 9.75631 9.16105 18.8609 8.10973 7.97213 3.17968 14.2786 17.8986 2.12891 4.77419 1.81032 0.111566 0.0573108
threshold=55.964500000000008 3.5000000000000004 42.535500000000006 898.2080000000002 9.0000000000000018 65.010000000000005 413.27850000000007 2.5000000000000004 602.59550000000013 1610.7190000000003 5.5000000000000009 1497.5800000000002 1633.2385000000002 491.27100000000002 80.036500000000018 65.668000000000021 368.90600000000006 64.413000000000025 1737.0670000000002 1661.6445000000001 689.99850000000015
decision_type=2 2 2 2 2 2 2 2 2 2 2 2 2 2 2 2 2 2 2 2 2
left_child=2 5 4 13 11 8 -7 18 -2 -4 19 -1 -6 14 15 16 -3 -18 20 -11 -8
right_child=1 3 9 -5 12 6 7 -9 -10 10 -12 -13 -14 -15 -16 -17 17 -19 -20 -21 -22
leaf_value=-0.12866621323757696 0.0072920209083419596 0.054582070330014477 -0.051085228448913916 0.13538981954897605 -0.075767221249813249 -0.046087974490177215 0.004398163608633556 0.038428946093815121 0.054886832160334423 0.0022865779411334261 -0.053085285654434794 -0.086464966512193875 -0.036842818787464725 0.049327173104716675 0.10475046585003533 0.023280293999179719 0.094289636321184131 0.0567800543629206 -0.010989415874847995 0.0081268305961902307 0.009322907546391852
leaf_weight=7.0000000000000027 4.9999999999999982 5.0000000000000098 6.0000000000000027 5.9999999999999991 17.000000000000004 6.0000000000000027 4.9999999999999982 8 6 4.9999999999999982 4.9999999999999991 9.9999999999999982 4.9999999999999991 6.9999999999999991 6.9999999999999991 5.9999999999999991 7.9999999999999982 5 5.0000000000000009 5 5
leaf_count=7 5 5 6 6 17 6 5 8 6 5 5 10 5 7 7 6 8 5 5 5 5
internal_value=0.000219658 0.0460619 -0.0638786 0.0781193 -0.0843589 0.0105546 0.00149235 0.0142488 0.033881 -0.0253477 -0.0144338 -0.105209 -0.0673887 0.0683823 0.0723013 0.0619978 0.0744373 0.0810365 0.000934514 0.00543135 0.0071176
internal_weight=144 84 60 44 39 40 29 23 11 21 15 17 22 38 31 24 18 13 15 10 10
internal_count=144 84 60 44 39 40 29 23 11 21 15 17 22 38 31 24 18 13 15 10 10
is_linear=0
shrinkage=0.025


Tree=130
num_leaves=20
num_cat=0
split_feature=3 3 2 1 5 2 3 0 3 5 4 5 5 5 3 1 1 2 0
split_gain=647.444 145.343 53.77 51.4499 64.962 38.9499 25.2348 22.5068 12.6641 8.34559 7.41109 6.7676 5.68594 5.27009 1.86719 2.95271 1.14751 1.11925 0.171284
threshold=586.65050000000008 815.36700000000008 13.000000000000002 65.010000000000005 329.11450000000008 26.000000000000004 682.85100000000011 1.5000000000000002 631.12600000000009 491.27100000000002 1610.7190000000003 405.31800000000004 376.35850000000011 278.24150000000003 732.42400000000009 73.855000000000004 72.086000000000013 9.0000000000000018 4.5000000000000009
decision_type=2 2 2 2 2 2 2 2 2 2 2 2 2 2 2 2 2 2 2
left_child=2 3 7 4 -2 9 -5 -1 -6 -3 -4 -8 -10 17 15 16 -13 -9 -14
right_child=1 5 10 6 8 -7 11 13 12 -11 -12 14 18 -15 -16 -17 -18 -19 -20
leaf_value=-0.12397999299897089 -0.020977192910181155 0.099108157427080165 -0.037799912109607606 -0.043097709984548628 0.033628573941273804 0.15270196843531825 0.038294262954821932 -0.085070299298355453 0.055523771374690806 0.057168608320795983 0.0005523240623565819 0 0.097471187960717007 -0.047822637110948557 0.015737468125703546 -0.014015582375801527 0.015946861584821056 -0.067869662922440163 0.072053903914414894
leaf_weight=6.9999999999999991 6.9999999999999991 6.0000000000000027 7.9999999999999982 5.9999999999999991 7.0000000000000027 5.9999999999999991 5.0000000000000027 15.000000000000002 8.0000000000000018 8.9999999999999982 5 5.0000000000000053 5.9999999999999982 5.9999999999999991 8.9999999999999982 4.9999999999999991 6 12.999999999999998 5
leaf_count=7 7 6 8 6 7 6 5 15 8 9 5 5 6 6 9 5 6 13 5
internal_value=0.000220596 0.0412639 -0.0680617 0.0235705 0.0460207 0.0985695 0.00281605 -0.0820838 0.0641287 0.07511 -0.0231695 0.0122648 0.0748332 -0.072747 0.00674669 0.00148037 0.00876009 -0.0776666 0.0875225
internal_weight=144 90 54 69 33 21 36 41 26 15 13 30 19 34 25 16 11 28 11
internal_count=144 90 54 69 33 21 36 41 26 15 13 30 19 34 25 16 11 28 11
is_linear=0
shrinkage=0.025


Tree=131
num_leaves=19
num_cat=0
split_feature=3 3 2 1 1 2 3 0 4 5 4 5 5 0 3 1 1 2
split_gain=616.262 138.377 51.1619 48.9919 62.1525 37.0867 24.0286 21.4375 20.0789 7.94732 7.05626 6.44662 4.9964 3.62122 1.77722 2.81184 1.09316 1.05587
threshold=586.65050000000008 815.36700000000008 13.000000000000002 65.010000000000005 52.783000000000008 26.000000000000004 682.85100000000011 1.5000000000000002 1675.7920000000001 491.27100000000002 1610.7190000000003 405.31800000000004 278.24150000000003 4.5000000000000009 732.42400000000009 73.855000000000004 72.086000000000013 9.0000000000000018
decision_type=2 2 2 2 2 2 2 2 2 2 2 2 2 2 2 2 2 2
left_child=2 3 7 4 -2 9 -5 -1 -6 -3 -4 -8 17 -10 15 16 -13 -9
right_child=1 5 10 6 8 -7 11 12 13 -11 -12 14 -14 -15 -16 -17 -18 -19
leaf_value=-0.12096659160322615 -0.020620383984512755 0.096710378892960025 -0.036877963455711926 -0.042055024182604206 0.021307174404782622 0.14900756535991547 0.037373726814985249 -0.082971526133386708 0.089918023783986126 0.055770461520423066 0.00053904684117207151 0 -0.046665638492953389 0.063010235814774634 0.015352584089597932 -0.013678669556975366 0.015561050332842333 -0.066198629547249199
leaf_weight=6.9999999999999991 6.9999999999999991 6.0000000000000027 7.9999999999999982 5.9999999999999991 6.0000000000000027 5.9999999999999991 5.0000000000000027 15.000000000000002 8.0000000000000018 8.9999999999999982 5 5.0000000000000053 5.9999999999999991 11.999999999999998 8.9999999999999982 4.9999999999999991 6 12.999999999999998
leaf_count=7 7 6 8 6 6 6 5 15 8 9 5 5 6 12 9 5 6 13
internal_value=0.000222233 0.0402652 -0.0663952 0.0230004 0.0449078 0.0961811 0.0027469 -0.0800734 0.0626205 0.0732857 -0.022602 0.0119678 -0.0709595 0.0746189 0.00658078 0.00144086 0.00854651 -0.0757532
internal_weight=144 90 54 69 33 21 36 41 26 15 13 30 34 20 25 16 11 28
internal_count=144 90 54 69 33 21 36 41 26 15 13 30 34 20 25 16 11 28
is_linear=0
shrinkage=0.025


Tree=132
num_leaves=21
num_cat=0
split_feature=1 0 1 3 2 2 4 0 1 5 4 4 5 1 1 5 1 4 3 4
split_gain=586.729 132.42 64.9813 33.5982 17.5907 11.8759 8.15408 17.2528 7.72234 17.8698 7.60101 6.96899 3.51992 11.9721 15.2989 2.0397 6.21106 1.28295 1.56086 0.0632291
threshold=55.964500000000008 3.5000000000000004 42.535500000000006 898.2080000000002 9.0000000000000018 26.000000000000004 1610.7190000000003 5.5000000000000009 65.010000000000005 413.27850000000007 1497.5800000000002 1633.2385000000002 491.27100000000002 80.036500000000018 65.668000000000021 376.35850000000011 64.413000000000025 1737.0670000000002 697.55800000000011 1661.6445000000001
decision_type=2 2 2 2 2 2 2 2 2 2 2 2 2 2 2 2 2 2 2 2
left_child=2 5 4 12 10 8 -4 19 -2 -10 -1 -6 13 14 15 -3 -17 18 -11 -8
right_child=1 3 6 -5 11 -7 7 -9 9 17 -12 -13 -14 -15 -16 16 -18 -19 -20 -21
leaf_value=-0.12065346832904547 0.022567491378726021 0.054274239722225316 -0.047802930445440324 0.12785951870103038 -0.070196660036264458 0.033105887392280146 0.0031244124930638537 -0.050201347298347035 -0.046411500083139275 0.00079424957243295782 -0.080227055853488424 -0.033828755897971304 0.044072295683953495 0.097077290465434396 0.021981472618156864 0.095856615420310737 0.052739530572524423 -0.0026236359630861586 0.019873837597908509 0.0079276335927156282
leaf_weight=7.0000000000000027 8.0000000000000018 7.0000000000000098 6.0000000000000027 5.9999999999999991 17.000000000000004 9.9999999999999982 4.9999999999999982 4.9999999999999991 5.0000000000000027 5.0000000000000018 9.9999999999999982 4.9999999999999991 6.9999999999999991 6.9999999999999991 5.9999999999999991 5.9999999999999982 5 5.9999999999999991 6 5
leaf_count=7 8 7 6 6 17 10 5 5 5 5 10 5 7 7 6 6 5 6 6 5
internal_value=0.000220733 0.0428396 -0.0593691 0.0726724 -0.07842 0.00979415 -0.0235238 -0.0132287 0.0018144 -0.00581119 -0.0981553 -0.0623668 0.0633022 0.067294 0.0578251 0.0693314 0.0776613 0.00645822 0.011482 0.00575693
internal_weight=144 84 60 44 39 40 21 15 30 22 17 22 38 31 24 18 11 17 11 10
internal_count=144 84 60 44 39 40 21 15 30 22 17 22 38 31 24 18 11 17 11 10
is_linear=0
shrinkage=0.025


Tree=133
num_leaves=21
num_cat=0
split_feature=3 3 2 1 1 2 3 0 4 5 4 5 5 0 3 1 1 2 3 3
split_gain=560.019 125.959 46.6572 45.2066 56.2249 35.7056 21.8906 19.9825 18.3946 7.50279 6.382 6.10159 4.19692 3.5326 1.72159 2.61551 1.07909 0.847084 0.337365 0.00299321
threshold=586.65050000000008 815.36700000000008 13.000000000000002 65.010000000000005 52.783000000000008 26.000000000000004 682.85100000000011 1.5000000000000002 1675.7920000000001 491.27100000000002 1610.7190000000003 405.31800000000004 278.24150000000003 4.5000000000000009 732.42400000000009 73.855000000000004 72.086000000000013 9.0000000000000018 489.58850000000007 685.96150000000011
decision_type=2 2 2 2 2 2 2 2 2 2 2 2 2 2 2 2 2 2 2 2
left_child=2 3 7 4 -2 9 -5 -1 -6 -3 -4 -8 17 -10 15 16 -13 -9 -19 -15
right_child=1 5 10 6 8 -7 11 12 13 -11 -12 14 -14 19 -16 -17 -18 18 -20 -21
leaf_value=-0.11579467008511227 -0.019359546030561128 0.092021963577116631 -0.035036842852104004 -0.04029539628855644 0.020262228373077597 0.14349106271420758 0.03597998237953734 -0.078728665568326639 0.086261081477490842 0.052417924498086389 0.00053516652148503517 -0.00054066447684398005 -0.045015532571461896 0.049115956746614897 0.014657965367255006 -0.013599588664678428 0.014818049414503957 -0.069387141378914441 -0.05038393552486712 0.065961462590429509
leaf_weight=6.9999999999999991 6.9999999999999991 6.0000000000000027 7.9999999999999982 5.9999999999999991 6.0000000000000027 5.9999999999999991 5.0000000000000027 15.000000000000002 8.0000000000000018 8.9999999999999982 5 5.0000000000000053 5.9999999999999991 4.9999999999999982 8.9999999999999982 4.9999999999999991 6 7.9999999999999982 5 7
leaf_count=7 7 6 8 6 6 6 5 15 8 9 5 5 6 5 9 5 6 8 5 7
internal_value=0.000220565 0.0383929 -0.0632838 0.02192 0.042964 0.0917418 0.00246437 -0.0763462 0.0598108 0.0693441 -0.0214598 0.0112679 -0.0675583 0.0712954 0.0060296 0.000977938 0.00784022 -0.071991 -0.063047 0.0599652
internal_weight=144 90 54 69 33 21 36 41 26 15 13 30 34 20 25 16 11 28 13 12
internal_count=144 90 54 69 33 21 36 41 26 15 13 30 34 20 25 16 11 28 13 12
is_linear=0
shrinkage=0.025


Tree=134
num_leaves=21
num_cat=0
split_feature=3 3 2 1 5 2 3 0 3 5 4 5 5 5 3 1 1 2 3 0
split_gain=533.1 119.928 44.4072 43.0415 53.7668 33.9969 20.8439 19.0238 10.0403 7.1443 6.07659 5.81236 5.04943 3.98187 1.63891 2.49042 1.02826 0.788933 0.311465 0.181554
threshold=586.65050000000008 815.36700000000008 13.000000000000002 65.010000000000005 329.11450000000008 26.000000000000004 682.85100000000011 1.5000000000000002 631.12600000000009 491.27100000000002 1610.7190000000003 405.31800000000004 376.35850000000011 278.24150000000003 732.42400000000009 73.855000000000004 72.086000000000013 9.0000000000000018 489.58850000000007 4.5000000000000009
decision_type=2 2 2 2 2 2 2 2 2 2 2 2 2 2 2 2 2 2 2 2
left_child=2 3 7 4 -2 9 -5 -1 -6 -3 -4 -8 -10 17 15 16 -13 -9 -19 -14
right_child=1 5 10 6 8 -7 11 13 12 -11 -12 14 19 -15 -16 -17 -18 18 -20 -21
leaf_value=-0.11298021657599344 -0.019019105823503604 0.089795626267310066 -0.034182285790036369 -0.039320508847313543 0.031133166866170014 0.1400195072254827 0.035115078936975713 -0.076786346655142931 0.049909654405058866 0.051135964683540494 0.00052230194784127733 -0.00052766779867502304 0.08903755949389551 -0.043926448759532742 0.014299482463494592 -0.013272675671256506 0.01445954808544728 -0.06769477288897445 -0.049172784044192376 0.065539193038757021
leaf_weight=6.9999999999999991 6.9999999999999991 6.0000000000000027 7.9999999999999982 5.9999999999999991 7.0000000000000027 5.9999999999999991 5.0000000000000027 15.000000000000002 8.0000000000000018 8.9999999999999982 5 5.0000000000000053 5.9999999999999982 5.9999999999999991 8.9999999999999982 4.9999999999999991 6 7.9999999999999982 5 5
leaf_count=7 7 6 8 6 7 6 5 15 8 9 5 5 6 6 9 5 6 8 5 5
internal_value=0.000218775 0.0374626 -0.0617404 0.0213883 0.0419222 0.0895191 0.00240342 -0.0744842 0.0583971 0.0676601 -0.020934 0.0109947 0.0679477 -0.0659077 0.00588066 0.00094984 0.0076478 -0.0702287 -0.0615186 0.0798292
internal_weight=144 90 54 69 33 21 36 41 26 15 13 30 19 34 25 16 11 28 13 11
internal_count=144 90 54 69 33 21 36 41 26 15 13 30 19 34 25 16 11 28 13 11
is_linear=0
shrinkage=0.025


Tree=135
num_leaves=20
num_cat=0
split_feature=3 3 1 1 1 2 3 4 2 2 4 5 5 0 4 3 1 3 3
split_gain=507.487 114.181 42.3016 40.9863 51.2763 32.3697 19.8473 16.7776 13.0919 8.20929 7.11301 6.80279 5.53683 3.23131 2.62623 1.5602 2.37129 0.995787 0.0060456
threshold=586.65050000000008 815.36700000000008 42.535500000000006 65.010000000000005 52.783000000000008 26.000000000000004 682.85100000000011 1675.7920000000001 9.0000000000000018 15.000000000000002 1497.5800000000002 491.27100000000002 405.31800000000004 4.5000000000000009 1596.1025000000002 732.42400000000009 73.855000000000004 699.50650000000007 685.96150000000011
decision_type=2 2 2 2 2 2 2 2 2 2 2 2 2 2 2 2 2 2 2
left_child=2 3 8 4 -2 11 -5 -6 10 -4 -1 -3 -8 -9 -10 16 17 -14 -15
right_child=1 5 9 6 7 -7 12 13 14 -11 -12 -13 15 18 -16 -17 -18 -19 -20
leaf_value=-0.11317791545556646 -0.018600873690512446 0.087623152329075679 -0.045560283524294698 -0.038369204176049082 0.019221018236731321 0.13663193744517144 0.034270965623167823 0.082281334952610266 -0.065520799380761593 -0.0092568330628716444 -0.074449063983618044 0.049885356831161881 -0.00058025944118316288 0.046735534645043895 -0.040302114188671107 0.013949766868482467 -0.0129536208911584 0.014164467900991438 0.062873805604047234
leaf_weight=7.0000000000000027 6.9999999999999991 6.0000000000000027 6.9999999999999991 5.9999999999999991 6.0000000000000027 5.9999999999999991 5.0000000000000027 8.0000000000000018 16.000000000000004 8.9999999999999982 9.9999999999999982 8.9999999999999982 5.0000000000000053 4.9999999999999982 4.9999999999999991 8.9999999999999982 4.9999999999999991 6 7
leaf_count=7 7 6 7 6 6 6 5 8 16 9 10 9 5 5 5 9 5 6 7
internal_value=0.000217608 0.0365559 -0.0602346 0.0208709 0.0409086 0.0873503 0.00234396 0.0569978 -0.0745817 -0.0255831 -0.0915995 0.066017 0.0107282 0.0679665 -0.0600122 0.00573537 0.00092244 0.00746003 0.0571284
internal_weight=144 90 54 69 33 21 36 26 38 16 17 15 30 20 21 25 16 11 12
internal_count=144 90 54 69 33 21 36 26 38 16 17 15 30 20 21 25 16 11 12
is_linear=0
shrinkage=0.025


Tree=136
num_leaves=21
num_cat=0
split_feature=1 0 4 3 2 4 2 1 1 0 4 1 5 1 1 5 1 4 1 3
split_gain=483.277 109.364 54.1307 31.0064 30.2766 12.1325 10.165 10.0082 23.8129 9.50732 7.78356 6.79996 4.0164 9.38847 12.4611 1.78076 5.4417 1.72522 1.38415 0.164611
threshold=55.964500000000008 3.5000000000000004 1726.3270000000002 898.2080000000002 9.0000000000000018 1610.7190000000003 11.000000000000002 65.010000000000005 66.848500000000016 2.5000000000000004 1497.5800000000002 59.615000000000009 491.27100000000002 80.036500000000018 65.668000000000021 376.35850000000011 64.413000000000025 1737.0670000000002 42.535500000000006 685.96150000000011
decision_type=2 2 2 2 2 2 2 2 2 2 2 2 2 2 2 2 2 2 2 2
left_child=2 7 4 12 10 18 -7 11 -9 17 -1 -2 13 14 15 -3 -17 19 -6 -10
right_child=1 3 -4 -5 5 6 -8 8 9 -11 -12 -13 -14 -15 -16 16 -18 -19 -20 -21
leaf_value=-0.11042706537991756 0.0066626748786522806 0.049183212469021409 0.023907637854035088 0.11890307241870511 -0.063364532381989233 -0.052495403924295983 -0.0093180113267607827 -0.047440128314953547 0.0020112285533776652 0.033411910112311191 -0.071598947473934735 0.046487995501487474 0.037419561984845327 0.087645597176419357 0.020327956854335725 0.087815450852917101 0.04765514118167069 -0.011600125495057841 -0.044070057979514521 0.0086246927659357746
leaf_weight=7.0000000000000027 4.9999999999999982 7.0000000000000098 4.9999999999999991 5.9999999999999991 17.000000000000004 5.9999999999999991 7.9999999999999991 5.0000000000000027 4.9999999999999982 8.0000000000000018 10.999999999999998 6 6.9999999999999991 6.9999999999999991 5.9999999999999991 5.9999999999999982 5 4.9999999999999991 5.9999999999999991 6
leaf_count=7 5 7 5 6 17 6 8 5 5 8 11 6 7 7 6 6 5 5 6 6
internal_value=0.000216419 0.0388967 -0.0538646 0.0660087 -0.0610184 -0.0475466 -0.0283894 0.00886247 0.00105821 0.0115223 -0.087815 0.0289394 0.0570454 0.0611687 0.0527341 0.0631254 0.0708493 0.000222891 -0.0588084 0.00581978
internal_weight=144 84 60 44 55 37 14 40 29 24 18 11 38 31 24 18 11 16 23 11
internal_count=144 84 60 44 55 37 14 40 29 24 18 11 38 31 24 18 11 16 23 11
is_linear=0
shrinkage=0.025


Tree=137
num_leaves=21
num_cat=0
split_feature=1 0 4 3 2 4 2 1 1 0 4 3 5 1 1 5 1 4 1 3
split_gain=460.04 104.142 51.5349 29.5167 28.8149 11.5284 9.67733 9.53365 22.6795 9.04835 7.41153 6.49186 3.8215 8.92571 11.8624 1.69306 5.1721 1.64368 1.30444 0.156173
threshold=55.964500000000008 3.5000000000000004 1726.3270000000002 898.2080000000002 9.0000000000000018 1610.7190000000003 11.000000000000002 65.010000000000005 66.848500000000016 2.5000000000000004 1497.5800000000002 602.59550000000013 491.27100000000002 80.036500000000018 65.668000000000021 376.35850000000011 64.413000000000025 1737.0670000000002 42.535500000000006 685.96150000000011
decision_type=2 2 2 2 2 2 2 2 2 2 2 2 2 2 2 2 2 2 2 2
left_child=2 7 4 12 10 18 -7 11 -9 17 -1 -2 13 14 15 -3 -17 19 -6 -10
right_child=1 3 -4 -5 5 6 -8 8 9 -11 -12 -13 -14 -15 -16 16 -18 -19 -20 -21
leaf_value=-0.1077430743310186 0.0064715250395238405 0.047987787508302189 0.023332934597363839 0.11602638690702377 -0.061798839132453112 -0.051225352719906837 -0.0090907425415225167 -0.046299740371222642 0.0019628817358842265 0.032596985868564458 -0.0698409380125148 0.045389276887139958 0.036510058784753906 0.085515322619014317 0.019836151599884035 0.085690883667238316 0.04650958561553404 -0.011321276340347072 -0.043003847930700549 0.0084160307242024321
leaf_weight=7.0000000000000027 4.9999999999999982 7.0000000000000098 4.9999999999999991 5.9999999999999991 17.000000000000004 5.9999999999999991 7.9999999999999991 5.0000000000000027 4.9999999999999982 8.0000000000000018 10.999999999999998 6 6.9999999999999991 6.9999999999999991 5.9999999999999991 5.9999999999999982 5 4.9999999999999991 5.9999999999999991 6
leaf_count=7 5 7 5 6 17 6 8 5 5 8 11 6 7 7 6 6 5 5 6 6
internal_value=0.000217414 0.0379566 -0.0525472 0.0644135 -0.0595276 -0.0463832 -0.0277036 0.00864721 0.00102919 0.0112422 -0.0856714 0.0282425 0.0556666 0.0596904 0.051462 0.0616014 0.0691414 0.000217021 -0.0573627 0.00568182
internal_weight=144 84 60 44 55 37 14 40 29 24 18 11 38 31 24 18 11 16 23 11
internal_count=144 84 60 44 55 37 14 40 29 24 18 11 38 31 24 18 11 16 23 11
is_linear=0
shrinkage=0.025


Tree=138
num_leaves=21
num_cat=0
split_feature=1 0 1 3 4 2 2 4 1 5 1 5 1 1 4 4 5 1 4 3
split_gain=437.922 99.1702 49.2641 28.0982 22.1009 12.9077 9.42175 8.55912 6.05645 14.308 4.63784 3.63597 8.48555 11.2923 2.07741 1.85077 1.63092 3.4305 1.46514 1.07814
threshold=55.964500000000008 3.5000000000000004 41.88900000000001 898.2080000000002 1726.3270000000002 9.0000000000000018 26.000000000000004 1657.0175000000002 65.010000000000005 413.27850000000007 30.656500000000005 491.27100000000002 80.036500000000018 65.668000000000021 1596.1025000000002 1596.1025000000002 368.90600000000006 64.413000000000025 1737.0670000000002 697.55800000000011
decision_type=2 2 2 2 2 2 2 2 2 2 2 2 2 2 2 2 2 2 2 2
left_child=2 6 5 11 7 10 8 15 -2 -10 -1 12 13 16 -7 -4 -3 -18 19 -11
right_child=1 3 4 -5 -6 14 -8 -9 9 18 -12 -13 -14 -15 -16 -17 17 -19 -20 -21
leaf_value=-0.11119802015332075 0.0197127581733029 0.043276243255688504 -0.029320497552935861 0.1132192946249439 0.02277204987521355 -0.060812547545374178 0.029200280141815839 -0.053028305619955064 -0.041749879918419365 0.0019334305937473582 -0.074462801685520261 0.035622661282670574 0.083436824215783023 0.019356244922645632 -0.037967399679697478 -0.0072066237863439775 0.076891168806611052 0.045391566105760055 -0.0041466039154798755 0.017934346799888919
leaf_weight=4.9999999999999991 8.0000000000000018 5.0000000000000098 5.0000000000000053 5.9999999999999991 4.9999999999999991 16.000000000000004 9.9999999999999982 8.9999999999999982 5.0000000000000027 5.0000000000000018 9.9999999999999982 6.9999999999999991 6.9999999999999991 5.9999999999999991 4.9999999999999991 5 7.9999999999999982 5 5.9999999999999991 6
leaf_count=5 8 5 5 6 5 16 10 9 5 5 10 7 7 6 5 5 8 5 6 6
internal_value=0.000218252 0.0370392 -0.0512621 0.0628569 -0.0231668 -0.0697264 0.00843721 -0.0354324 0.00132725 -0.00541944 -0.0880921 0.0543211 0.0582479 0.0502206 -0.0558417 -0.0187442 0.0601143 0.0657419 0.00555453 0.0109372
internal_weight=144 84 60 44 24 36 40 19 30 22 15 38 31 24 21 10 18 13 17 11
internal_count=144 84 60 44 24 36 40 19 30 22 15 38 31 24 21 10 18 13 17 11
is_linear=0
shrinkage=0.025


Tree=139
num_leaves=20
num_cat=0
split_feature=3 3 2 1 5 2 0 3 3 5 5 4 5 5 3 1 1 2 0
split_gain=416.974 95.6078 35.6293 34.4937 43.9244 31.7337 16.915 16.8443 7.48208 6.31941 5.12992 4.99084 4.3234 3.00463 1.41529 2.1004 0.914631 0.47441 0.282566
threshold=586.65050000000008 815.36700000000008 13.000000000000002 65.010000000000005 329.11450000000008 26.000000000000004 1.5000000000000002 682.85100000000011 631.12600000000009 491.27100000000002 405.31800000000004 1610.7190000000003 376.35850000000011 278.24150000000003 732.42400000000009 73.855000000000004 72.086000000000013 11.000000000000002 4.5000000000000009
decision_type=2 2 2 2 2 2 2 2 2 2 2 2 2 2 2 2 2 2 2
left_child=2 3 6 4 -2 9 -1 -5 -6 -3 -9 -4 -10 17 15 16 -12 -8 -14
right_child=1 5 11 7 8 -7 13 10 12 -11 14 -13 18 -15 -16 -17 -18 -19 -20
leaf_value=-0.10213130530383852 -0.017871871942447295 0.079295230777032877 -0.030042889859618213 -0.035697249323129648 0.028403149603400363 0.1282166109690743 -0.065056593149443551 0.032184339185746799 0.043803145463873684 0.043392626168307573 -0.0013504839860475964 0.0013640963400785738 0.079877646507755418 -0.03873122548384051 0.012550242115621982 -0.012892881608926333 0.012769366632546148 -0.050073176870743433 0.058031843889218095
leaf_weight=6.9999999999999991 6.9999999999999991 6.0000000000000027 7.9999999999999982 5.9999999999999991 7.0000000000000027 5.9999999999999991 21.000000000000004 5.0000000000000027 8.0000000000000018 8.9999999999999982 5.0000000000000053 5 5.9999999999999982 5.9999999999999991 8.9999999999999982 4.9999999999999991 6 6.9999999999999991 5
leaf_count=7 7 6 8 6 7 6 21 5 8 9 5 5 6 6 9 5 6 7 5
internal_value=0.00021631 0.0331558 -0.0545796 0.0188023 0.0371843 0.0796361 -0.0659941 0.00180532 0.0520781 0.0586903 0.00953395 -0.0180309 0.0603486 -0.0579637 0.00473479 0.000160776 0.00633014 -0.0617368 0.0712729
internal_weight=144 90 54 69 33 21 41 36 26 15 30 13 19 34 25 16 11 28 11
internal_count=144 90 54 69 33 21 41 36 26 15 30 13 19 34 25 16 11 28 11
is_linear=0
shrinkage=0.025


Tree=140
num_leaves=21
num_cat=0
split_feature=1 0 4 3 2 4 2 2 4 1 5 5 1 1 5 1 4 3 3 1
split_gain=397.102 90.0954 45.4511 26.4789 25.2052 10.0456 8.81965 8.42784 6.68795 5.57552 13.3028 3.64211 7.5495 10.1741 1.52794 4.5853 1.44883 0.946883 0.940277 0.0241589
threshold=55.964500000000008 3.5000000000000004 1726.3270000000002 898.2080000000002 9.0000000000000018 1610.7190000000003 11.000000000000002 26.000000000000004 1497.5800000000002 65.010000000000005 413.27850000000007 491.27100000000002 80.036500000000018 65.668000000000021 376.35850000000011 64.413000000000025 1737.0670000000002 506.53550000000001 697.55800000000011 68.285500000000013
decision_type=2 2 2 2 2 2 2 2 2 2 2 2 2 2 2 2 2 2 2 2
left_child=2 7 4 11 8 17 -7 9 -1 -2 -11 12 13 14 -3 -16 18 -6 -12 -9
right_child=1 3 -4 -5 5 6 -8 19 -10 10 16 -13 -14 -15 15 -17 -18 -19 -20 -21
leaf_value=-0.10070926211256943 0.018931063246436231 0.044471468196974791 0.022431779710146097 0.10874623040999135 -0.057753524588949882 -0.048073605712383026 -0.0078759158348164927 0.022271621024992787 -0.064843928601060599 -0.040214522225925531 0.0022927752481057082 0.033113095575633147 0.079311665395895639 0.018594128277993973 0.080001098302102877 0.043153959312118011 -0.0042482075131227894 -0.041681478514025608 0.017296758678651623 0.031733475467906544
leaf_weight=7.0000000000000027 8.0000000000000018 7.0000000000000098 4.9999999999999991 5.9999999999999991 16.000000000000004 5.9999999999999991 7.9999999999999991 4.9999999999999982 10.999999999999998 5.0000000000000027 5.0000000000000018 6.9999999999999991 6.9999999999999991 5.9999999999999991 5.9999999999999982 5 5.9999999999999991 6.9999999999999991 6 5
leaf_count=7 8 7 5 6 16 6 8 5 11 5 5 7 7 6 6 5 6 7 6 5
internal_value=0.000216876 0.0352802 -0.0488051 0.0598885 -0.0553616 -0.0430673 -0.025626 0.00801665 -0.0798137 0.00128949 -0.00518208 0.0516124 0.0555106 0.0479188 0.0573133 0.0644337 0.00539671 -0.0533174 0.0107511 0.0276546
internal_weight=144 84 60 44 55 37 14 40 18 30 22 38 31 24 18 11 17 23 11 10
internal_count=144 84 60 44 55 37 14 40 18 30 22 38 31 24 18 11 17 23 11 10
is_linear=0
shrinkage=0.025


Tree=141
num_leaves=21
num_cat=0
split_feature=2 0 2 0 2 4 1 4 1 1 0 3 0 3 4 1 3 5 4 5
split_gain=378.131 93.4493 37.0979 31.4614 22.7478 12.3841 14.5426 9.79009 8.78393 9.56326 8.13614 7.88478 6.39562 4.32972 2.78587 5.00323 1.88344 1.69319 1.30015 1.21563
threshold=15.000000000000002 4.5000000000000009 26.000000000000004 2.5000000000000004 9.0000000000000018 1790.8060000000003 65.010000000000005 1686.0285000000001 59.361000000000011 65.010000000000005 1.5000000000000002 631.12600000000009 2.5000000000000004 699.50650000000007 1926.3670000000002 80.036500000000018 489.58850000000007 382.15650000000005 1730.3280000000002 368.90600000000006
decision_type=2 2 2 2 2 2 2 2 2 2 2 2 2 2 2 2 2 2 2 2
left_child=4 3 14 8 12 6 11 16 -2 -10 -11 -5 -1 -8 15 17 -6 19 -12 -3
right_child=1 2 -4 5 7 -7 13 -9 9 10 18 -13 -14 -15 -16 -17 -18 -19 -20 -21
leaf_value=-0.10095808858111975 -0.031169684502917013 0.040113962957492193 0.12635656939103054 0.019581062450177135 -0.056311666881534411 0.053224124881924822 -0.018246297996777759 -0.01504894681274891 0.030340925489480659 -0.034487653151154506 0.0097439996277292572 0.061490371020940619 -0.064751009862931058 0.011680339142266245 0.032163986850243347 0.074648297536704267 -0.039442167943343522 0.031482965384538361 -0.0066053908031720376 0.063657395885540868
leaf_weight=6.0000000000000027 7.0000000000000027 5.0000000000000053 4.9999999999999991 7.0000000000000018 14.000000000000002 8.9999999999999982 4.9999999999999982 6.9999999999999991 5.0000000000000027 5.0000000000000009 7 5 11.999999999999998 7 4.9999999999999991 6.9999999999999991 10.999999999999998 4.9999999999999991 5 5
leaf_count=6 7 5 5 7 14 9 5 7 5 5 7 5 12 7 5 7 11 5 5 5
internal_value=0.000217764 0.0297589 0.0643276 0.0117474 -0.0551919 0.0283769 0.0186447 -0.0419947 -0.00719781 0.000585396 -0.00834459 0.0378675 -0.0778655 -0.000781337 0.0519501 0.0560604 -0.0493106 0.0464357 0.00283269 0.0530256
internal_weight=144 94 32 62 50 33 24 32 29 22 17 12 18 12 27 22 25 15 12 10
internal_count=144 94 32 62 50 33 24 32 29 22 17 12 18 12 27 22 25 15 12 10
is_linear=0
shrinkage=0.025


Tree=142
num_leaves=21
num_cat=0
split_feature=1 0 4 2 2 4 2 2 4 1 5 4 1 1 4 5 4 3 3 1
split_gain=360.095 81.59 42.1103 25.0528 22.658 8.98542 8.13406 7.9717 6.10899 5.03505 12.4109 1.54281 4.39603 7.60101 2.15565 1.50649 1.44696 0.859083 0.823601 0.0168123
threshold=55.964500000000008 3.5000000000000004 1726.3270000000002 26.000000000000004 9.0000000000000018 1610.7190000000003 11.000000000000002 26.000000000000004 1497.5800000000002 65.010000000000005 413.27850000000007 1926.3670000000002 80.036500000000018 65.572500000000005 1782.5045000000002 491.27100000000002 1737.0670000000002 697.55800000000011 506.53550000000001 68.285500000000013
decision_type=2 2 2 2 2 2 2 2 2 2 2 2 2 2 2 2 2 2 2 2
left_child=2 7 4 11 8 18 -7 9 -1 -2 -11 12 13 14 -3 -14 17 -12 -6 -9
right_child=1 3 -4 -5 5 6 -8 19 -10 10 16 -13 15 -15 -16 -17 -18 -19 -20 -21
leaf_value=-0.095933344618727712 0.017887480411587688 0.058657220064424948 0.02208781634958891 0.097181704681275835 -0.0550019328240995 -0.046153006822832167 -0.0075412022267899882 0.021564082725224306 -0.061661909360970768 -0.038865698845340628 0.0024287340159599583 0.031390812018742928 0.076718223553437465 0.014395591931847427 0.035985521179053091 0.0495734044135763 -0.0044480673848621309 0.016805284854865842 -0.03979589426890015 0.030688200310732307
leaf_weight=7.0000000000000027 8.0000000000000018 10.000000000000009 4.9999999999999991 7.9999999999999991 16.000000000000004 5.9999999999999991 7.9999999999999991 4.9999999999999982 10.999999999999998 5.0000000000000027 5.0000000000000018 4.9999999999999991 4.9999999999999982 4.9999999999999991 5.9999999999999991 5 5.9999999999999991 6 6.9999999999999991 5
leaf_count=7 8 10 5 8 16 6 8 5 11 5 5 5 5 5 6 5 6 6 7 5
internal_value=0.000219253 0.0336092 -0.0464622 0.0570274 -0.0527741 -0.0411102 -0.0245941 0.00766248 -0.0759661 0.00111986 -0.00502736 0.047582 0.0499355 0.0423949 0.0507817 0.0645065 0.00518861 0.0105422 -0.0508109 0.026761
internal_weight=144 84 60 44 55 37 14 40 18 30 22 36 31 21 16 10 17 11 23 10
internal_count=144 84 60 44 55 37 14 40 18 30 22 36 31 21 16 10 17 11 23 10
is_linear=0
shrinkage=0.025


Tree=143
num_leaves=21
num_cat=0
split_feature=2 3 0 2 1 2 5 4 1 1 0 0 5 3 1 5 3 4 3 3
split_gain=343.274 85.9626 39.1704 28.8777 22.1202 20.5127 12.5915 8.66767 7.97845 8.96794 7.69534 5.85274 5.62292 4.73132 2.45618 1.72324 1.68534 1.28303 1.09899 0.597011
threshold=15.000000000000002 815.36700000000008 2.5000000000000004 26.000000000000004 65.010000000000005 9.0000000000000018 376.35850000000011 1686.0285000000001 59.361000000000011 65.010000000000005 1.5000000000000002 2.5000000000000004 491.27100000000002 699.50650000000007 55.964500000000008 429.80250000000007 489.58850000000007 1730.3280000000002 711.90600000000006 653.49550000000011
decision_type=2 2 2 2 2 2 2 2 2 2 2 2 2 2 2 2 2 2 2 2
left_child=5 2 8 12 6 11 14 16 -2 -10 -11 -1 -3 -6 -4 -15 -7 -12 -8 -16
right_child=1 3 4 -5 13 7 18 -9 9 10 17 -13 -14 15 19 -17 -18 -19 -20 -21
leaf_value=-0.096194588657348326 -0.029917368923391509 0.072149950938840024 0.014746530755208079 0.11897252222463006 -0.0083526846862608355 -0.053568020798790611 0.078945664029855006 -0.014643257421751819 0.029163912855661812 -0.033723456412553775 0.0094417624796430261 -0.061572267163972384 0.038495508662384492 0.026465301029384145 0.045155303180217744 0.0075969119105608225 -0.037549883095614078 -0.0068025899048034955 0.053050301668162519 0.028265647360911736
leaf_weight=6.0000000000000027 7.0000000000000027 6.0000000000000027 5.0000000000000027 5.9999999999999991 6.0000000000000027 14.000000000000002 4.9999999999999982 6.9999999999999991 5.0000000000000027 5.0000000000000009 7 11.999999999999998 8.9999999999999982 6.9999999999999982 4.9999999999999982 6 10.999999999999998 5 5 5
leaf_count=6 7 6 5 6 6 14 5 7 5 5 7 12 9 7 5 6 11 5 5 5
internal_value=0.000219006 0.028366 0.0154263 0.0727178 0.0302481 -0.0525746 0.045629 -0.0400359 -0.00707217 0.000344486 -0.00829969 -0.074112 0.0528117 0.00968044 0.030327 0.0180986 -0.0469236 0.00257026 0.0674146 0.0375528
internal_weight=144 94 73 21 44 50 25 32 29 22 17 18 15 19 15 13 25 12 10 10
internal_count=144 94 73 21 44 50 25 32 29 22 17 18 15 19 15 13 25 12 10 10
is_linear=0
shrinkage=0.025


Tree=144
num_leaves=21
num_cat=0
split_feature=2 0 2 0 2 4 1 4 1 1 0 3 1 3 4 1 3 4 4 2
split_gain=326.777 82.0416 33.0006 27.491 19.5267 10.5406 12.7768 8.24046 7.59492 8.54249 7.32896 6.74024 5.60642 3.80812 2.56087 4.3243 1.59761 1.52479 1.22194 0.23914
threshold=15.000000000000002 4.5000000000000009 26.000000000000004 2.5000000000000004 9.0000000000000018 1790.8060000000003 65.010000000000005 1686.0285000000001 59.361000000000011 65.010000000000005 1.5000000000000002 631.12600000000009 30.656500000000005 699.50650000000007 1926.3670000000002 80.036500000000018 489.58850000000007 1782.5045000000002 1730.3280000000002 11.000000000000002
decision_type=2 2 2 2 2 2 2 2 2 2 2 2 2 2 2 2 2 2 2 2
left_child=4 3 14 8 12 6 11 16 -2 -10 -11 -5 -1 -8 15 17 -6 -3 -12 -18
right_child=1 2 -4 5 7 -7 13 -9 9 10 18 -13 -14 -15 -16 -17 19 -19 -20 -21
leaf_value=-0.096960162944518535 -0.029190210641051314 0.051743285539673556 0.11856788087349671 0.018439366316629773 -0.052247682948347543 0.049283235163792322 -0.017219219700648238 -0.014287344014479057 0.028462857924974862 -0.032912796993668253 0.009212275284032026 0.05724127166546307 -0.061401089619506501 0.010844910300026336 0.029549054285654654 0.069637822028663421 -0.041958337292195336 0.032423808229052352 -0.0066390656722852799 -0.028623227517192176
leaf_weight=5.0000000000000027 7.0000000000000027 8.0000000000000053 4.9999999999999991 7.0000000000000018 14.000000000000002 8.9999999999999982 4.9999999999999982 6.9999999999999991 5.0000000000000027 5.0000000000000009 7 5 12.999999999999998 7 4.9999999999999991 6.9999999999999991 5.9999999999999982 6.9999999999999991 5 5
leaf_count=5 7 8 5 7 14 9 5 7 5 5 7 5 13 7 5 7 6 7 5 5
internal_value=0.00022021 0.0276827 0.0600729 0.0108057 -0.051289 0.0263514 0.0173641 -0.0390534 -0.00690082 0.000334034 -0.00810124 0.0353826 -0.0723042 -0.000836606 0.0484023 0.0523261 -0.0457698 0.043355 0.00250453 -0.0366279
internal_weight=144 94 32 62 50 33 24 32 29 22 17 12 18 12 27 22 25 15 12 11
internal_count=144 94 32 62 50 33 24 32 29 22 17 12 18 12 27 22 25 15 12 11
is_linear=0
shrinkage=0.025


Tree=145
num_leaves=22
num_cat=0
split_feature=2 3 0 2 1 2 5 4 1 1 0 4 5 3 1 5 3 4 3 3 2
split_gain=311.088 78.3566 35.4189 26.6494 20.5444 18.5818 11.8161 7.83844 7.22983 8.13723 6.98002 5.39193 5.23665 4.18357 2.21555 1.56992 1.50859 1.16376 0.994053 0.607234 0.223673
threshold=15.000000000000002 815.36700000000008 2.5000000000000004 26.000000000000004 65.010000000000005 9.0000000000000018 376.35850000000011 1686.0285000000001 59.361000000000011 65.010000000000005 1.5000000000000002 1497.5800000000002 491.27100000000002 699.50650000000007 55.964500000000008 429.80250000000007 489.58850000000007 1730.3280000000002 711.90600000000006 653.49550000000011 11.000000000000002
decision_type=2 2 2 2 2 2 2 2 2 2 2 2 2 2 2 2 2 2 2 2 2
left_child=5 2 8 12 6 11 14 16 -2 -10 -11 -1 -3 -6 -4 -15 -7 -12 -8 -16 -18
right_child=1 3 4 -5 13 7 18 -9 9 10 17 -13 -14 15 19 -17 20 -19 -20 -21 -22
leaf_value=-0.089274050088392329 -0.028480726529637131 0.068881251687003681 0.013948792792283563 0.11378432358464888 -0.0080120837976855579 -0.05095988745000999 0.075710196678455077 -0.013940081973042754 0.027778655061354986 -0.032121624138492795 0.0089883655723598261 -0.057128454718206614 0.036452625708087633 0.02483401637938288 0.04311980714018529 0.0068407527561629962 -0.040943215378830514 -0.0064794731612962016 0.050902752692882816 0.026528119238523336 -0.027935169809811318
leaf_weight=7.0000000000000027 7.0000000000000027 6.0000000000000027 5.0000000000000027 5.9999999999999991 6.0000000000000027 14.000000000000002 4.9999999999999982 6.9999999999999991 5.0000000000000027 5.0000000000000009 7 10.999999999999998 8.9999999999999982 6.9999999999999982 4.9999999999999982 6 5.9999999999999982 5 5 5 5
leaf_count=7 7 6 5 6 6 14 5 7 5 5 7 11 9 7 5 6 6 5 5 5 5
internal_value=0.000217963 0.0270133 0.0146586 0.0693581 0.028753 -0.0500393 0.043575 -0.0381012 -0.00673362 0.000323853 -0.00790753 -0.0705419 0.050242 0.00893451 0.0287634 0.0168536 -0.0446524 0.00244041 0.0646703 0.0356293 -0.0357465
internal_weight=144 94 73 21 44 50 25 32 29 22 17 18 15 19 15 13 25 12 10 10 11
internal_count=144 94 73 21 44 50 25 32 29 22 17 18 15 19 15 13 25 12 10 10 11
is_linear=0
shrinkage=0.025


Tree=146
num_leaves=20
num_cat=0
split_feature=3 3 1 1 2 0 0 2 0 5 4 0 5 5 4 4 3 0 1
split_gain=296.391 51.5006 51.3191 43.0381 25.3724 11.408 8.28425 8.78238 14.5688 4.98539 4.49972 3.85242 3.67348 2.73145 1.61191 1.48912 0.756107 0.307716 0.145022
threshold=631.12600000000009 815.36700000000008 42.535500000000006 65.010000000000005 26.000000000000004 1.5000000000000002 5.5000000000000009 13.000000000000002 2.5000000000000004 491.27100000000002 1661.6445000000001 3.5000000000000004 376.35850000000011 413.27850000000007 1610.7190000000003 1737.0670000000002 699.50650000000007 4.5000000000000009 80.036500000000018
decision_type=2 2 2 2 2 2 2 2 2 2 2 2 2 2 2 2 2 2 2
left_child=2 3 5 12 9 -1 7 -4 14 -3 -7 13 -2 -5 -9 16 -15 -14 -17
right_child=1 4 6 11 -6 10 -8 8 -10 -11 -12 -13 17 15 -16 18 -18 -19 -20
leaf_value=-0.083255249770676221 0.036569073650895081 0.067214768307824246 -0.03211900230887673 -0.015949415816710538 0.11103147537477553 -0.052678343175931744 -0.041129537843740904 -0.0070147315340657358 0.027435802413922985 0.035561120088981546 -0.024693984452348491 0.019930236077890167 0.069286700025681533 0.0043143262051873717 -0.026741492153646851 -0.0057560785960119511 0.017401480961304443 0.049679129979071701 0
leaf_weight=7.9999999999999991 8.0000000000000018 6.0000000000000027 6.0000000000000062 5.0000000000000027 5.9999999999999991 26.000000000000004 4.9999999999999991 6.0000000000000018 7.9999999999999991 8.9999999999999982 4.9999999999999991 7.9999999999999991 5.9999999999999982 7.0000000000000018 5 4.9999999999999982 5 5 5
leaf_count=8 8 6 6 5 6 26 5 6 8 9 5 8 6 7 5 5 5 5 5
internal_value=0.000217671 0.0345844 -0.0371114 0.0214891 0.0676787 -0.0559636 -0.0123538 -0.00626831 0.0020795 0.0490226 -0.048392 0.00491997 0.0515768 0.000312689 -0.0164105 0.00417532 0.0100656 0.0615321 -0.00282929
internal_weight=144 75 69 54 21 39 30 25 19 15 31 35 19 27 11 22 12 11 10
internal_count=144 75 69 54 21 39 30 25 19 15 31 35 19 27 11 22 12 11 10
is_linear=0
shrinkage=0.025


Tree=147
num_leaves=20
num_cat=0
split_feature=3 3 1 1 2 2 0 3 4 5 4 5 0 5 4 4 3 3 2
split_gain=282.32 66.3314 25.2434 32.1472 24.7651 24.1564 13.9957 13.5668 10.1969 4.74606 3.90933 3.81741 2.82885 2.0127 1.62686 1.2774 1.25515 0.752877 0.14182
threshold=586.65050000000008 815.36700000000008 65.010000000000005 52.783000000000008 13.000000000000002 26.000000000000004 1.5000000000000002 682.85100000000011 1675.7920000000001 491.27100000000002 1610.7190000000003 405.31800000000004 4.5000000000000009 278.24150000000003 1782.5045000000002 1737.0670000000002 732.42400000000009 699.50650000000007 11.000000000000002
decision_type=2 2 2 2 2 2 2 2 2 2 2 2 2 2 2 2 2 2 2
left_child=4 2 3 -2 6 9 -1 -4 -5 -3 -6 -9 -10 18 -14 17 -17 -13 -8
right_child=1 5 7 8 10 -7 13 11 12 -11 -12 15 14 -15 -16 16 -18 -19 -20
leaf_value=-0.0870578138364686 -0.015979853293134109 0.065588606269128824 -0.032827211291559279 0.014351952178103301 -0.025034341724907479 0.10834523078895385 -0.05277628593568532 0.027305849240376379 0.065155892873682605 0.034691419322853509 0.0027052964155490577 0.0034991214832951929 0.052989672557000191 -0.031341928751358099 0.031115720186743041 -0.0087478180933329812 0.0059855714492085899 0.016983175420990353 -0.041244030247131983
leaf_weight=6.9999999999999991 6.9999999999999991 6.0000000000000027 5.9999999999999991 6.0000000000000027 7.9999999999999982 5.9999999999999991 21.000000000000004 5.0000000000000027 8.0000000000000018 8.9999999999999982 5 6.0000000000000018 5.9999999999999982 5.9999999999999991 6 6.9999999999999982 7 5 6.9999999999999991
leaf_count=7 7 6 6 6 8 6 21 5 8 9 5 6 6 6 6 7 7 5 7
internal_value=0.000217585 0.0273231 0.0153647 0.0310891 -0.0448693 0.0660401 -0.0543859 0.00082405 0.0438345 0.0478329 -0.0143912 0.00776852 0.0523877 -0.047153 0.0428445 0.00362575 -0.00131255 0.00993367 -0.0502505
internal_weight=144 90 69 33 54 21 41 36 26 15 13 30 20 34 12 25 14 11 28
internal_count=144 90 69 33 54 21 41 36 26 15 13 30 20 34 12 25 14 11 28
is_linear=0
shrinkage=0.025


Tree=148
num_leaves=21
num_cat=0
split_feature=3 3 1 1 2 0 0 2 0 5 4 0 5 5 4 4 3 0 1 2
split_gain=269.012 46.6012 46.4648 38.832 22.9985 10.3513 7.72949 8.00248 13.5542 4.51812 4.14705 3.53391 3.51554 2.49033 1.61728 1.40226 0.650734 0.215288 0.125284 0.0357391
threshold=631.12600000000009 815.36700000000008 42.535500000000006 65.010000000000005 26.000000000000004 1.5000000000000002 5.5000000000000009 13.000000000000002 2.5000000000000004 491.27100000000002 1661.6445000000001 3.5000000000000004 376.35850000000011 413.27850000000007 1610.7190000000003 1737.0670000000002 699.50650000000007 4.5000000000000009 80.036500000000018 9.0000000000000018
decision_type=2 2 2 2 2 2 2 2 2 2 2 2 2 2 2 2 2 2 2 2
left_child=2 3 5 12 9 -1 7 -4 14 -3 19 13 -2 -5 -9 16 -15 -14 -17 -7
right_child=1 4 6 11 -6 10 -8 8 -10 -11 -12 -13 17 15 -16 18 -18 -19 -20 -21
leaf_value=-0.079290365155150255 0.034480999373808129 0.064001783055643843 -0.030583656050505142 -0.015181768026489469 0.10572397329153554 -0.055092778508780409 -0.039579810775243314 -0.0063981654663239733 0.026517665004584846 0.033842988344638246 -0.023330806453640648 0.019135558150890401 0.066034057736396798 0.0043766824942496072 -0.026104856089044073 -0.0054782610601530638 0.016574926588397758 0.047631781883179555 0 -0.045166345045600145
leaf_weight=7.9999999999999991 8.0000000000000018 6.0000000000000027 6.0000000000000062 5.0000000000000027 5.9999999999999991 12.000000000000005 4.9999999999999991 6.0000000000000018 7.9999999999999991 8.9999999999999982 4.9999999999999991 7.9999999999999991 5.9999999999999982 7.0000000000000018 5 4.9999999999999982 5 5 5 13.999999999999998
leaf_count=8 8 6 6 5 6 12 5 6 8 9 5 8 6 7 5 5 5 5 5 14
internal_value=0.000217432 0.0329588 -0.0353453 0.0204999 0.0644413 -0.0532843 -0.0117849 -0.00590626 0.0020589 0.0466721 -0.0460678 0.00475869 0.0490802 0.000343538 -0.0157736 0.00403331 0.00975014 0.0587809 -0.00276101 -0.0501811
internal_weight=144 75 69 54 21 39 30 25 19 15 31 35 19 27 11 22 12 11 10 26
internal_count=144 75 69 54 21 39 30 25 19 15 31 35 19 27 11 22 12 11 10 26
is_linear=0
shrinkage=0.025


Tree=149
num_leaves=22
num_cat=0
split_feature=1 0 4 3 2 2 2 4 4 5 1 1 1 5 5 1 4 3 1 3 1
split_gain=256.14 57.889 34.3045 23.6847 16.5495 6.4619 5.91734 5.57115 4.79976 4.57665 4.48817 7.64423 3.82759 10.4314 1.3978 2.27427 1.35308 0.996696 1.68342 0.606291 0.05995
threshold=55.964500000000008 3.5000000000000004 1726.3270000000002 898.2080000000002 9.0000000000000018 26.000000000000004 13.000000000000002 1582.5550000000001 1497.5800000000002 491.27100000000002 80.036500000000018 65.668000000000021 65.010000000000005 413.27850000000007 368.90600000000006 64.413000000000025 1737.0670000000002 489.58850000000007 45.717000000000006 699.50650000000007 68.285500000000013
decision_type=2 2 2 2 2 2 2 2 2 2 2 2 2 2 2 2 2 2 2 2 2
left_child=2 5 4 9 8 12 17 -8 -1 10 11 14 -2 -14 -3 -16 19 -6 -19 -15 -7
right_child=1 3 -4 -5 6 20 7 -9 -10 -11 -12 -13 13 16 15 -17 -18 18 -20 -21 -22
leaf_value=-0.0822743372370799 0.015252405859348245 0.032182051069461315 0.022636899638634463 0.094061753249937485 -0.048267619922512855 0.018685239317038888 -0.03939699931786611 -0.0048329483924640544 -0.052110864142222074 0.020864047151472834 0.06306066306100952 0.013329766979140621 -0.035752381470340926 0.0039633395210389149 0.060749946789043711 0.035211924592462862 -0.0046779702808107098 -0.025198948688598146 -0.045578493274027299 0.01617649088685329 0.027580148132088089
leaf_weight=7.0000000000000027 8.0000000000000018 5.0000000000000098 4.9999999999999991 5.9999999999999991 12.000000000000002 4.9999999999999982 4.9999999999999982 7 10.999999999999998 6.9999999999999991 6.9999999999999991 5.9999999999999991 5.0000000000000027 6.0000000000000018 7.9999999999999982 5 5.9999999999999991 6.9999999999999982 6 5 5
leaf_count=7 8 5 5 6 12 5 5 7 11 7 7 6 5 6 8 5 6 7 6 5 5
internal_value=0.00021503 0.0283772 -0.0391545 0.0481037 -0.0448562 0.00651553 -0.0348803 -0.0197469 -0.064685 0.04036 0.0445602 0.0386361 0.000623986 -0.00472862 0.0467636 0.0517047 0.00463297 -0.0418803 -0.0352477 0.00981611 0.0237088
internal_weight=144 84 60 44 55 40 37 12 18 38 31 24 30 22 18 13 17 25 13 11 10
internal_count=144 84 60 44 55 40 37 12 18 38 31 24 30 22 18 13 17 25 13 11 10
is_linear=0
shrinkage=0.025


Tree=150
num_leaves=21
num_cat=0
split_feature=3 3 1 1 2 0 0 2 0 4 4 5 0 5 4 4 0 5 3 0
split_gain=244.462 42.4968 42.1166 35.4828 22.0541 9.68141 7.24212 7.15938 12.758 4.42536 3.71675 3.30249 3.22428 2.16676 1.574 1.32481 1.1599 0.840891 0.594051 0.236766
threshold=631.12600000000009 815.36700000000008 42.535500000000006 65.010000000000005 26.000000000000004 1.5000000000000002 5.5000000000000009 13.000000000000002 2.5000000000000004 1926.3670000000002 1661.6445000000001 376.35850000000011 3.5000000000000004 413.27850000000007 1610.7190000000003 1737.0670000000002 2.5000000000000004 491.27100000000002 699.50650000000007 4.5000000000000009
decision_type=2 2 2 2 2 2 2 2 2 2 2 2 2 2 2 2 2 2 2 2
left_child=2 3 5 11 9 -1 7 -4 14 17 -7 -2 13 -5 -9 18 -17 -3 -15 -13
right_child=1 4 6 12 -6 10 -8 8 -10 -11 -12 19 -14 15 -16 16 -18 -19 -20 -21
leaf_value=-0.075895205721622561 0.032732492212842135 0.063563103056870948 -0.028905374196267864 -0.014219108381523527 0.1018738295282087 -0.04769523226805316 -0.038157247923887694 -0.0060906713528017815 0.025698798676816431 0.023098408086941795 -0.022233351262716149 0.063305934398405025 0.018210293170882436 0.0041228557005524614 -0.025518705015285654 -0.01127663847918694 0.0053566716862126027 0.041843939629884856 0.015787632476824978 0.045394789556471193
leaf_weight=7.9999999999999991 8.0000000000000018 5.0000000000000018 6.0000000000000062 5.0000000000000027 5.9999999999999991 26.000000000000004 4.9999999999999991 6.0000000000000018 7.9999999999999991 4.9999999999999991 4.9999999999999991 5.9999999999999982 7.9999999999999991 7.0000000000000018 5 4.9999999999999982 5 5 5 5
leaf_count=8 8 5 6 5 6 26 5 6 8 5 5 6 8 7 5 5 5 5 5 5
internal_value=0.000213275 0.0314253 -0.0336876 0.0195265 0.0614904 -0.0507671 -0.0112537 -0.0055632 0.00196723 0.0441269 -0.0437974 0.0468467 0.00447817 0.000259451 -0.0153312 0.00370479 -0.00289547 0.0538595 0.00926477 0.0562321
internal_weight=144 75 69 54 21 39 30 25 19 15 31 19 35 27 11 22 10 10 12 11
internal_count=144 75 69 54 21 39 30 25 19 15 31 19 35 27 11 22 10 10 12 11
is_linear=0
shrinkage=0.025


Tree=151
num_leaves=22
num_cat=0
split_feature=3 3 1 1 2 0 0 2 0 4 4 5 0 5 4 4 0 5 3 0 2
split_gain=232.739 40.4781 40.0461 33.7889 20.9852 9.21992 6.89581 6.81479 12.148 4.21193 3.52438 3.14448 3.06856 2.06411 1.49796 1.262 1.10508 0.795895 0.565092 0.218898 0.00843092
threshold=631.12600000000009 815.36700000000008 42.535500000000006 65.010000000000005 26.000000000000004 1.5000000000000002 5.5000000000000009 13.000000000000002 2.5000000000000004 1926.3670000000002 1661.6445000000001 376.35850000000011 3.5000000000000004 413.27850000000007 1610.7190000000003 1737.0670000000002 2.5000000000000004 491.27100000000002 699.50650000000007 4.5000000000000009 9.0000000000000018
decision_type=2 2 2 2 2 2 2 2 2 2 2 2 2 2 2 2 2 2 2 2 2
left_child=2 3 5 11 9 -1 7 -4 14 17 20 -2 13 -5 -9 18 -17 -3 -15 -13 -7
right_child=1 4 6 12 -6 10 -8 8 -10 -11 -12 19 -14 15 -16 16 -18 -19 -20 -21 -22
leaf_value=-0.07404410206690068 0.031934138878089616 0.062035144865512815 -0.028206051405399047 -0.013877303540133504 0.099409139733160692 -0.051036547954942335 -0.037240005227235647 -0.0059433159328276079 0.025071998685598375 0.022543157293246345 -0.021698895039466714 0.061774337772400156 0.017766139710821759 0.004022647461129558 -0.02490527582569764 -0.011005565760513914 0.0052279055942423061 0.040838076002322699 0.015408122539520262 0.044303568280660177 -0.04188149917713354
leaf_weight=7.9999999999999991 8.0000000000000018 5.0000000000000018 6.0000000000000062 5.0000000000000027 5.9999999999999991 12.000000000000005 4.9999999999999991 6.0000000000000018 7.9999999999999991 4.9999999999999991 4.9999999999999991 5.9999999999999982 7.9999999999999991 7.0000000000000018 5 4.9999999999999982 5 5 5 5 13.999999999999998
leaf_count=8 8 5 6 5 6 12 5 6 8 5 5 6 8 7 5 5 5 5 5 5 14
internal_value=0.000214305 0.0306689 -0.0328634 0.0190554 0.0600119 -0.0495181 -0.0109865 -0.00543227 0.00191325 0.0430701 -0.0427147 0.0457156 0.00436965 0.000252922 -0.0149648 0.00361673 -0.00282292 0.0525677 0.00904388 0.0548776 -0.046512
internal_weight=144 75 69 54 21 39 30 25 19 15 31 19 35 27 11 22 10 10 12 11 26
internal_count=144 75 69 54 21 39 30 25 19 15 31 19 35 27 11 22 10 10 12 11 26
is_linear=0
shrinkage=0.025


Tree=152
num_leaves=22
num_cat=0
split_feature=3 3 1 1 2 0 0 2 0 4 4 5 0 5 4 4 0 5 3 0 2
split_gain=221.605 38.5553 38.0909 32.1759 19.9679 8.7747 6.56603 6.48677 11.5672 4.00871 3.34496 2.99396 2.92035 1.96632 1.42557 1.20217 1.05285 0.753157 0.537523 0.202073 0.00980354
threshold=631.12600000000009 815.36700000000008 42.535500000000006 65.010000000000005 26.000000000000004 1.5000000000000002 5.5000000000000009 13.000000000000002 2.5000000000000004 1926.3670000000002 1661.6445000000001 376.35850000000011 3.5000000000000004 413.27850000000007 1610.7190000000003 1737.0670000000002 2.5000000000000004 491.27100000000002 699.50650000000007 4.5000000000000009 11.000000000000002
decision_type=2 2 2 2 2 2 2 2 2 2 2 2 2 2 2 2 2 2 2 2 2
left_child=2 3 5 11 9 -1 7 -4 14 17 20 -2 13 -5 -9 18 -17 -3 -15 -13 -7
right_child=1 4 6 12 -6 10 -8 8 -10 -11 -12 19 -14 15 -16 16 -18 -19 -20 -21 -22
leaf_value=-0.072238147113381376 0.031155256999701977 0.060543914311207231 -0.027523646509695406 -0.013543714683216343 0.097004078136336422 -0.047976483453761078 -0.036344813956664161 -0.0057995259761810282 0.024460486558879294 0.022001253784849094 -0.021177286769335089 0.060279797930871293 0.01733281939494901 0.0039248748889399885 -0.024306589508285889 -0.010741008538752797 0.0051022345021080502 0.039856391228162313 0.01503773469191331 0.043238578135004396 -0.038319716039227278
leaf_weight=7.9999999999999991 8.0000000000000018 5.0000000000000018 6.0000000000000062 5.0000000000000027 5.9999999999999991 18.000000000000007 4.9999999999999991 6.0000000000000018 7.9999999999999991 4.9999999999999991 4.9999999999999991 5.9999999999999982 7.9999999999999991 7.0000000000000018 5 4.9999999999999982 5 5 5 5 7.9999999999999991
leaf_count=8 8 5 6 5 6 18 5 6 8 5 5 6 8 7 5 5 5 5 5 5 8
internal_value=0.000213343 0.0299308 -0.0320633 0.0185956 0.058569 -0.0483066 -0.0107257 -0.00530444 0.00186066 0.0420387 -0.0416672 0.0446119 0.00426379 0.000246558 -0.0146073 0.0035308 -0.00275212 0.051307 0.0088283 0.0535558 -0.0453681
internal_weight=144 75 69 54 21 39 30 25 19 15 31 19 35 27 11 22 10 10 12 11 26
internal_count=144 75 69 54 21 39 30 25 19 15 31 19 35 27 11 22 10 10 12 11 26
is_linear=0
shrinkage=0.025


Tree=153
num_leaves=20
num_cat=0
split_feature=1 0 4 3 2 2 5 4 3 1 1 3 1 1 4 5 1 1 1
split_gain=211.013 47.3606 30.5549 22.2327 14.4789 5.57221 4.87205 4.50025 8.03144 4.2703 3.61853 9.16535 3.58094 6.54184 1.53057 1.21536 1.96546 0.240012 0.0943489
threshold=55.964500000000008 3.5000000000000004 1726.3270000000002 898.2080000000002 9.0000000000000018 26.000000000000004 491.27100000000002 1610.7190000000003 568.22250000000008 30.656500000000005 65.010000000000005 682.85100000000011 80.036500000000018 65.668000000000021 1737.0670000000002 368.90600000000006 64.413000000000025 73.855000000000004 68.285500000000013
decision_type=2 2 2 2 2 2 2 2 2 2 2 2 2 2 2 2 2 2 2
left_child=2 5 4 6 9 10 12 -6 -9 -1 -2 -12 13 15 17 -3 -17 -13 -7
right_child=1 3 -4 -5 7 18 -8 8 -10 -11 11 14 -14 -15 -16 16 -18 -19 -20
leaf_value=-0.080746719241142212 0.014748314659043053 0.029105034642494584 0.022756834643391465 0.088068161087651406 -0.03849021010261415 0.016955210239841392 0.016348704271432427 -0.00049805510789155969 -0.038303415435883725 -0.050051564316857949 -0.03052699744941725 0.015203556103202016 0.057025713577038707 0.011717533200017869 -0.0045514903211545553 0.055612882317566295 0.031935536431578482 0.006400380197625892 0.025883970158891035
leaf_weight=5.0000000000000027 8.0000000000000018 5.0000000000000098 4.9999999999999991 5.9999999999999991 23 4.9999999999999982 6.9999999999999991 6.9999999999999982 7 12.999999999999998 6.0000000000000027 4.9999999999999982 6.9999999999999991 5.9999999999999991 5.9999999999999991 7.9999999999999982 5 5 5
leaf_count=5 8 5 5 6 23 5 7 7 7 13 6 5 7 6 6 8 5 5 5
internal_value=0.000212455 0.0257744 -0.0355203 0.0436177 -0.0409041 0.00599636 0.0361422 -0.0315818 -0.019762 -0.0594403 0.000522849 -0.00468001 0.0404382 0.0351172 0.00519267 0.0426339 0.0472228 0.0111363 0.0219621
internal_weight=144 84 60 44 55 40 38 37 14 18 30 22 31 24 16 18 13 10 10
internal_count=144 84 60 44 55 40 38 37 14 18 30 22 31 24 16 18 13 10 10
is_linear=0
shrinkage=0.025


Tree=154
num_leaves=20
num_cat=0
split_feature=3 3 1 0 0 0 2 0 5 2 1 1 4 4 5 1 3 4 1
split_gain=201.41 35.344 34.7849 19.4815 8.16393 6.21198 5.89749 11.0137 4.63702 4.61806 3.40273 6.22628 2.978 1.4179 1.15177 1.86347 0.780647 1.45878 0.227567
threshold=631.12600000000009 898.2080000000002 42.535500000000006 3.5000000000000004 1.5000000000000002 5.5000000000000009 13.000000000000002 2.5000000000000004 491.27100000000002 26.000000000000004 80.036500000000018 65.668000000000021 1661.6445000000001 1610.7190000000003 368.90600000000006 64.413000000000025 682.85100000000011 1737.0670000000002 73.855000000000004
decision_type=2 2 2 2 2 2 2 2 2 2 2 2 2 2 2 2 2 2 2
left_child=2 3 4 9 -1 6 -4 13 10 16 11 14 -6 -8 -5 -16 -2 18 -18
right_child=1 -3 5 8 12 -7 7 -9 -10 -11 -12 -13 -14 -15 15 -17 17 -19 -20
leaf_value=-0.069150965606294038 -0.0053150340073531647 0.085937479138374337 -0.026081238485752545 0.028405393602756297 -0.043178172921406403 -0.035081020112221056 -0.0053720143052839444 0.023987054406869705 0.015951340024669965 0.023350849152421166 0.05563967203100522 0.011434044136155036 -0.020291571634320115 -0.023796464158938477 0.054256470319701412 0.031167854039141758 0.01483808649847141 -0.0044413736390490682 0.0062465247053366431
leaf_weight=7.9999999999999991 6.0000000000000027 5.9999999999999991 6.0000000000000062 5.0000000000000098 26.000000000000004 4.9999999999999991 6.0000000000000018 7.9999999999999991 6.9999999999999991 9.0000000000000018 6.9999999999999991 5.9999999999999991 4.9999999999999991 5 7.9999999999999982 5 4.9999999999999982 5.9999999999999991 5
leaf_count=8 6 6 6 5 26 5 6 8 7 9 7 6 5 5 8 5 5 6 5
internal_value=0.000213379 0.0285448 -0.0305571 0.0233021 -0.0460796 -0.0101649 -0.00489317 0.00193467 0.0352691 0.00846084 0.0394609 0.0342696 -0.0396806 -0.0141338 0.0416035 0.0460777 0.00215767 0.00506811 0.0108716
internal_weight=144 75 69 69 39 30 25 19 38 31 31 24 31 11 18 13 22 16 10
internal_count=144 75 69 69 39 30 25 19 38 31 31 24 31 11 18 13 22 16 10
is_linear=0
shrinkage=0.025


Tree=155
num_leaves=22
num_cat=0
split_feature=3 3 1 1 2 2 0 2 0 4 1 5 0 5 4 4 4 0 3 3 0
split_gain=191.736 33.8129 33.0744 28.3336 19.2533 7.98857 5.91483 5.61352 10.4873 4.23637 3.45593 2.7455 2.59298 1.75921 1.59525 1.34937 1.15239 1.07718 0.683599 0.484814 0.241626
threshold=631.12600000000009 815.36700000000008 42.535500000000006 65.010000000000005 26.000000000000004 9.0000000000000018 5.5000000000000009 13.000000000000002 2.5000000000000004 1926.3670000000002 30.656500000000005 376.35850000000011 3.5000000000000004 413.27850000000007 1633.2385000000002 1610.7190000000003 1737.0670000000002 2.5000000000000004 849.64100000000019 699.50650000000007 4.5000000000000009
decision_type=2 2 2 2 2 2 2 2 2 2 2 2 2 2 2 2 2 2 2 2 2
left_child=2 3 5 11 9 10 7 -4 15 18 -1 -2 13 -5 -7 -9 19 -18 -3 -15 -13
right_child=1 4 6 12 -6 14 -8 8 -10 -11 -12 20 -14 16 -16 -17 17 -19 -20 -21 -22
leaf_value=-0.077393150444214104 0.028819993174657579 0.05669523093562856 -0.025450240271616575 -0.013039401789697308 0.092340629716073319 -0.038131050782841298 -0.034237727866722988 -0.0052420470983751341 0.02340200428919095 0.018265730257217703 -0.048846032067400513 0.056724281368717079 0.016101786130812114 0.003641981931610238 -0.019984565159449214 -0.023224433368215194 -0.011106459248381169 0.0049158186651766288 0.037125582076036008 0.014204981722510777 0.040232608152123595
leaf_weight=5.0000000000000027 8.0000000000000018 5.0000000000000018 6.0000000000000062 5.0000000000000027 5.9999999999999991 17.000000000000004 4.9999999999999991 6.0000000000000018 7.9999999999999991 4.9999999999999991 11.999999999999998 5.9999999999999982 7.9999999999999991 7.0000000000000018 4.9999999999999991 5 4.9999999999999982 5 5 5 5
leaf_count=5 8 5 6 5 6 17 5 6 8 5 12 6 8 7 5 5 5 5 5 5 5
internal_value=0.00021237 0.0278552 -0.0298098 0.0172389 0.0546751 -0.0449462 -0.00992381 -0.00477829 0.0018817 0.0385099 -0.0581172 0.0416523 0.00378911 3.38068e-06 -0.0342804 -0.0137962 0.00311472 -0.00303346 0.0479528 0.00830641 0.050192
internal_weight=144 75 69 54 21 39 30 25 19 15 17 19 35 27 22 11 22 10 10 12 11
internal_count=144 75 69 54 21 39 30 25 19 15 17 19 35 27 22 11 22 10 10 12 11
is_linear=0
shrinkage=0.025


Tree=156
num_leaves=20
num_cat=0
split_feature=3 3 1 0 0 0 2 0 5 2 1 1 4 4 3 1 3 4 1
split_gain=182.574 33.1256 31.4625 17.4362 7.66166 5.63185 5.3432 9.98599 4.63974 4.23341 3.09408 5.72098 2.75109 1.28411 1.1479 2.55615 0.726118 1.35581 0.226819
threshold=631.12600000000009 898.2080000000002 42.535500000000006 3.5000000000000004 1.5000000000000002 5.5000000000000009 13.000000000000002 2.5000000000000004 491.27100000000002 26.000000000000004 80.036500000000018 65.668000000000021 1661.6445000000001 1610.7190000000003 685.96150000000011 64.413000000000025 682.85100000000011 1737.0670000000002 73.855000000000004
decision_type=2 2 2 2 2 2 2 2 2 2 2 2 2 2 2 2 2 2 2
left_child=2 3 4 9 -1 6 -4 13 10 16 11 14 -6 -8 -5 -16 -2 18 -18
right_child=1 -3 5 8 12 -7 7 -9 -10 -11 -12 -13 -14 -15 15 -17 17 -19 -20
leaf_value=-0.066175224432131141 -0.0051742905570614688 0.082743008578977276 -0.024834508744008332 0.029427927442722802 -0.041018419917530691 -0.033414704639178054 -0.0051152230751129873 0.022831223441696753 0.01420742380950186 0.022323278479440049 0.053054877132591272 0.010767855038565975 -0.019045881411203974 -0.022666153841866894 0.057032338361586304 0.029683524370193476 0.014372485388930031 -0.0043236401052244248 0.0058564696174401498
leaf_weight=7.9999999999999991 6.0000000000000027 5.9999999999999991 6.0000000000000062 7.0000000000000098 26.000000000000004 4.9999999999999991 6.0000000000000018 7.9999999999999991 6.9999999999999991 9.0000000000000018 6.9999999999999991 5.9999999999999991 4.9999999999999991 5 5.9999999999999982 5 4.9999999999999982 5.9999999999999991 5
leaf_count=8 6 6 6 7 26 5 6 8 7 9 7 6 5 5 6 5 5 6 5
internal_value=0.0002106 0.0271851 -0.0290853 0.0221107 -0.0438484 -0.0096885 -0.00466612 0.00183009 0.0334329 0.00806659 0.0376151 0.032659 -0.0376593 -0.0134668 0.0396888 0.0454647 0.00202943 0.00483852 0.0104353
internal_weight=144 75 69 69 39 30 25 19 38 31 31 24 31 11 18 11 22 16 10
internal_count=144 75 69 69 39 30 25 19 38 31 31 24 31 11 18 11 22 16 10
is_linear=0
shrinkage=0.025


Tree=157
num_leaves=21
num_cat=0
split_feature=3 3 1 0 2 4 5 1 4 5 2 0 1 1 4 5 3 4 1 5
split_gain=173.809 31.5381 29.9152 16.6058 7.65784 5.44944 10.3158 8.58138 6.72169 4.41651 4.02814 3.21076 2.93916 5.44576 1.42052 1.14887 0.691743 1.29228 0.215066 0.0839602
threshold=631.12600000000009 898.2080000000002 42.535500000000006 3.5000000000000004 9.0000000000000018 1646.2505000000003 299.52400000000006 59.361000000000011 1610.7190000000003 491.27100000000002 26.000000000000004 2.5000000000000004 80.036500000000018 65.668000000000021 1633.2385000000002 387.64350000000007 682.85100000000011 1737.0670000000002 73.855000000000004 368.90600000000006
decision_type=2 2 2 2 2 2 2 2 2 2 2 2 2 2 2 2 2 2 2 2
left_child=2 3 4 10 11 7 -7 8 -4 12 16 -1 13 15 -6 19 -2 18 -18 -5
right_child=1 -3 5 9 14 6 -8 -9 -10 -11 -12 -13 -14 -15 -16 -17 17 -19 -20 -21
leaf_value=-0.071848077927866238 -0.0050491056014453188 0.080741161108016976 -0.029876203459477203 0.026322381198406165 -0.035992496989147603 -0.00051551833748817453 -0.044997016376545344 0.026793092259993923 0.0069266374913915492 0.013862103679113918 0.021777329259835498 -0.04556776486071093 0.051765349424547615 0.010507341942960217 -0.018835059066231438 0.050620583731394546 0.014026993083266116 -0.004219036387099374 0.0057156886045749361 0.036867963867943464
leaf_weight=6.0000000000000027 6.0000000000000027 5.9999999999999991 6.0000000000000053 5.0000000000000098 17.000000000000004 6.9999999999999982 6 4.9999999999999991 6 6.9999999999999991 9.0000000000000018 10.999999999999998 6.9999999999999991 5.9999999999999991 4.9999999999999991 4.9999999999999991 4.9999999999999982 5.9999999999999991 5 7.9999999999999991
leaf_count=6 6 6 6 5 17 7 6 5 6 7 9 11 7 6 5 5 5 6 5 8
internal_value=0.000209731 0.026529 -0.0283741 0.0215771 -0.0427699 -0.00945882 -0.0215109 -2.69319e-05 -0.0115604 0.0326265 0.00787022 -0.0556434 0.0367076 0.0318726 -0.0323542 0.0387319 0.00197971 0.00472246 0.0101874 0.0333669
internal_weight=144 75 69 69 39 30 13 17 12 38 31 17 31 24 22 18 22 16 10 13
internal_count=144 75 69 69 39 30 13 17 12 38 31 17 31 24 22 18 22 16 10 13
is_linear=0
shrinkage=0.025


Tree=158
num_leaves=21
num_cat=0
split_feature=3 3 2 1 5 2 3 0 4 5 5 4 1 4 5 3 4 3 0 2
split_gain=166.044 39.9709 18.5506 17.7462 20.0844 15.3739 9.67307 9.59661 4.43241 3.07201 2.77561 2.56733 2.47648 2.31034 1.12186 1.04158 1.86959 0.755855 0.377021 0.0836169
threshold=586.65050000000008 815.36700000000008 26.000000000000004 65.010000000000005 329.11450000000008 13.000000000000002 682.85100000000011 1.5000000000000002 1926.3670000000002 405.31800000000004 376.35850000000011 1610.7190000000003 56.583000000000006 1737.0670000000002 278.24150000000003 732.42400000000009 1707.4325000000001 849.64100000000019 2.5000000000000004 11.000000000000002
decision_type=2 2 2 2 2 2 2 2 2 2 2 2 2 2 2 2 2 2 2 2
left_child=5 3 8 4 -2 7 -5 -1 17 -8 12 -7 -6 -12 19 16 -11 -3 -18 -9
right_child=1 2 -4 6 10 11 9 14 -10 15 13 -13 -14 -15 -16 -17 18 -19 -20 -21
leaf_value=-0.06883810982108117 -0.012289140725301372 0.053550636309843774 0.087961304380047706 -0.028884365661971029 0.038525057297486509 -0.018989940914438994 0.022900584569344139 -0.040220989279870722 0.0148298134884009 0.010236119765501744 0.02892091827046487 0.0034341407223389695 0.014563374780118463 0.052190409328152498 -0.023896040833525121 0.0084253877330490445 -0.012906043632672387 0.034169373410538981 -0.0031895783699808578 -0.031197216299672922
leaf_weight=6.9999999999999991 6.9999999999999991 5.0000000000000018 5.9999999999999991 5.9999999999999991 5.0000000000000018 7.9999999999999982 5.0000000000000027 21.000000000000004 4.9999999999999991 5.0000000000000062 5.9999999999999991 5 7 7.9999999999999991 5.9999999999999991 8.9999999999999982 4.9999999999999982 5 6 6.9999999999999991
leaf_count=7 7 5 6 6 5 8 5 21 5 5 6 5 7 8 6 9 5 5 6 7
internal_value=0.000208008 0.0209972 0.0510551 0.01171 0.0248939 -0.0343672 -0.000411477 -0.0418652 0.0352473 0.00539529 0.0349698 -0.0103492 0.0251178 0.0428536 -0.0359053 0.00169066 -0.00207772 0.0448426 -0.00786936 -0.0382466
internal_weight=144 90 21 69 33 54 36 41 15 30 26 13 12 14 34 25 16 10 11 28
internal_count=144 90 21 69 33 54 36 41 15 30 26 13 12 14 34 25 16 10 11 28
is_linear=0
shrinkage=0.025


Tree=159
num_leaves=21
num_cat=0
split_feature=3 3 3 0 4 4 2 1 1 5 2 1 1 1 5 2 1 4 3 5
split_gain=158.079 29.5281 27.0189 14.7523 10.5724 23.1032 8.03765 6.69282 5.4655 4.41751 3.66127 2.66298 4.91759 2.24886 1.08852 0.64837 1.24819 0.603679 1.13019 0.0745306
threshold=631.12600000000009 898.2080000000002 529.40300000000013 3.5000000000000004 1726.3270000000002 1646.2505000000003 9.0000000000000018 48.252000000000002 59.361000000000011 491.27100000000002 26.000000000000004 80.036500000000018 65.668000000000021 30.656500000000005 387.64350000000007 11.000000000000002 40.565000000000005 1702.9405000000004 718.77850000000012 368.90600000000006
decision_type=2 2 2 2 2 2 2 2 2 2 2 2 2 2 2 2 2 2 2 2
left_child=2 3 6 10 5 8 13 -7 -4 11 17 12 14 -1 19 -8 -17 -2 -19 -5
right_child=1 -3 4 9 -6 7 15 -9 -10 -11 -12 -13 -14 -15 -16 16 -18 18 -20 -21
leaf_value=-0.071077163746723765 0.0073822112663126556 0.077761208145849164 -0.0060460013053987302 0.024993949555433662 0.023386910615059046 -0.023191355517314331 -0.037624387345884143 -0.063708722791992689 0.025983520769155943 0.012253676272100875 0.020853383648310499 0.049355142623082632 0.010073060277969607 -0.046112133767090592 0.048430797916192272 -0.018837915088345369 -0.034887582803558963 -0.0081526951036519479 0.0058295181978286967 0.035067130643420104
leaf_weight=4.9999999999999991 8.0000000000000018 5.9999999999999991 9.0000000000000053 5.0000000000000098 4.9999999999999991 5.9999999999999982 9.0000000000000018 5 4.9999999999999991 6.9999999999999991 9.0000000000000018 6.9999999999999991 5.9999999999999991 9.9999999999999982 4.9999999999999991 7.9999999999999982 7 6.9999999999999982 7 7.9999999999999991
leaf_count=5 8 6 9 5 5 6 9 5 5 7 9 7 6 10 5 8 7 7 7 8
internal_value=0.000207725 0.0253082 -0.0270516 0.0205174 -0.00907181 -0.0157472 -0.0407334 -0.0425287 0.00550994 0.0309331 0.00759322 0.0350054 0.0303951 -0.0553418 0.0369153 -0.0311697 -0.0267705 0.0019733 -0.00108992 0.0317249
internal_weight=144 75 69 69 30 25 39 11 14 38 31 31 24 15 18 24 15 22 14 13
internal_count=144 75 69 69 30 25 39 11 14 38 31 31 24 15 18 24 15 22 14 13
is_linear=0
shrinkage=0.025


Tree=160
num_leaves=22
num_cat=0
split_feature=3 3 2 1 1 2 3 2 4 4 4 5 4 2 4 3 4 3 3 3 0
split_gain=150.929 36.4898 17.7557 16.6142 18.6704 14.0759 8.94259 5.63456 4.95421 4.41084 3.35164 2.83696 2.46506 1.06531 5.80713 0.980168 1.80395 0.765796 0.746125 0.614646 0.358765
threshold=586.65050000000008 815.36700000000008 26.000000000000004 65.010000000000005 52.783000000000008 9.0000000000000018 682.85100000000011 13.000000000000002 1675.7920000000001 1926.3670000000002 1497.5800000000002 405.31800000000004 1610.7190000000003 22.000000000000004 1771.7550000000003 732.42400000000009 1707.4325000000001 849.64100000000019 489.58850000000007 523.92100000000016 2.5000000000000004
decision_type=2 2 2 2 2 2 2 2 2 2 2 2 2 2 2 2 2 2 2 2 2
left_child=5 3 9 4 -2 10 -5 18 -6 17 -1 -8 -9 14 -10 16 -13 -3 -7 -20 -18
right_child=1 2 -4 6 8 7 11 12 13 -11 -12 15 -14 -15 -16 -17 20 -19 19 -21 -22
leaf_value=-0.06542638465762135 -0.011936827138480214 0.051433684218388315 0.084824182141211735 -0.027952213369069563 0.012824049988581283 -0.035920837155131037 0.021826748292033474 -0.018408679507854513 0.048880785030703366 0.013055574707686902 -0.040459189557337343 0.0098872890266088215 0.0035584257199214042 0.047169748888067582 0.011659989047508972 0.0079835795579761611 -0.012818180583417419 0.032381749778197931 -0.017735454722517925 -0.031868286631428273 -0.0033089808038165485
leaf_weight=7.0000000000000027 6.9999999999999991 5.0000000000000018 5.9999999999999991 5.9999999999999991 6.0000000000000027 12.000000000000002 5.0000000000000027 7.9999999999999982 6.0000000000000018 4.9999999999999991 10.999999999999998 5.0000000000000062 5 8.9999999999999982 5 8.9999999999999982 4.9999999999999982 5 5.9999999999999982 5 6
leaf_count=7 7 5 6 6 6 12 5 8 6 5 11 5 5 9 5 9 5 5 6 5 6
internal_value=0.000204065 0.0200249 0.0487448 0.0111504 0.0239072 -0.0327596 -0.000576299 -0.0234491 0.0336227 0.0333046 -0.0508496 0.00500635 -0.00993919 0.0396116 0.0325842 0.00144614 -0.00220718 0.042852 -0.0308797 -0.0247254 -0.00789466
internal_weight=144 90 21 69 33 54 36 36 26 15 18 30 13 20 11 25 16 10 23 11 11
internal_count=144 90 21 69 33 54 36 36 26 15 18 30 13 20 11 25 16 10 23 11 11
is_linear=0
shrinkage=0.025


Tree=161
num_leaves=22
num_cat=0
split_feature=3 3 2 1 1 2 0 3 3 4 4 4 3 1 2 4 4 3 2 1 1
split_gain=143.696 34.7599 16.8956 15.8187 17.7787 13.3929 8.8294 5.43405 7.03347 4.71339 4.1991 3.18951 1.84405 1.78204 1.00708 5.52585 0.829533 0.7254 0.60952 1.18145 0.518023
threshold=586.65050000000008 815.36700000000008 26.000000000000004 65.010000000000005 52.783000000000008 9.0000000000000018 1.5000000000000002 529.40300000000013 568.22250000000008 1675.7920000000001 1926.3670000000002 1497.5800000000002 689.99850000000015 67.984500000000011 22.000000000000004 1771.7550000000003 1737.0670000000002 849.64100000000019 11.000000000000002 40.565000000000005 73.855000000000004
decision_type=2 2 2 2 2 2 2 2 2 2 2 2 2 2 2 2 2 2 2 2 2
left_child=5 3 10 4 -2 11 -5 18 -9 -6 17 -1 -8 -14 15 -11 -15 -3 -7 -20 -18
right_child=1 2 -4 6 9 7 12 8 -10 14 -12 -13 13 16 -16 -17 20 -19 19 -21 -22
leaf_value=-0.063836160467730593 -0.011646696821682984 0.05019729647498862 0.082771987011355741 -0.030749073022833241 0.012513790507951084 -0.035973977491907443 -0.0049372120962842643 0.0072348545615871758 -0.030893195191254982 0.047698183694193416 0.012741739059296939 -0.03946577218095107 0.021223134203599035 0.011580539614923533 0.046016140184972604 0.011379700927780224 0.0059555456472130935 0.031603341997386167 -0.017797279048983646 -0.033367709763762014 -0.0047406583769066674
leaf_weight=7.0000000000000027 6.9999999999999991 5.0000000000000018 5.9999999999999991 4.9999999999999991 6.0000000000000027 9.0000000000000018 9.0000000000000018 6.9999999999999982 5 6.0000000000000018 4.9999999999999991 10.999999999999998 5.0000000000000027 6.0000000000000027 8.9999999999999982 5 4.9999999999999982 5 7.9999999999999982 7 6
leaf_count=7 7 5 6 5 6 9 9 7 5 6 5 11 5 6 9 5 5 5 8 7 6
internal_value=0.000201942 0.0195422 0.0475734 0.0108801 0.0233277 -0.0319619 -0.000561633 -0.0228784 -0.00879538 0.0328087 0.0325079 -0.0496092 0.00443314 0.00833272 0.0386511 0.0317994 0.00426605 0.0418248 -0.0297374 -0.0254892 2.91746e-05
internal_weight=144 90 21 69 33 54 36 36 12 26 15 18 31 22 20 11 17 10 24 15 11
internal_count=144 90 21 69 33 54 36 36 12 26 15 18 31 22 20 11 17 10 24 15 11
is_linear=0
shrinkage=0.025


Tree=162
num_leaves=20
num_cat=0
split_feature=3 3 1 0 0 0 5 2 0 3 3 1 1 4 4 4 3 1 3
split_gain=136.942 27.2669 23.491 12.1791 6.62841 5.02824 4.58443 4.13137 9.47773 3.26585 3.21448 2.32612 4.26243 2.17813 1.82054 1.24674 1.1378 2.45894 0.328465
threshold=631.12600000000009 898.2080000000002 42.535500000000006 3.5000000000000004 1.5000000000000002 5.5000000000000009 491.27100000000002 13.000000000000002 2.5000000000000004 732.42400000000009 663.07700000000011 80.036500000000018 65.668000000000021 1661.6445000000001 1737.0670000000002 1610.7190000000003 685.96150000000011 64.413000000000025 685.96150000000011
decision_type=2 2 2 2 2 2 2 2 2 2 2 2 2 2 2 2 2 2 2
left_child=2 3 4 9 -1 7 11 -4 15 10 -2 12 16 -6 18 -9 -5 -18 -12
right_child=1 -3 5 6 13 -7 -8 8 -10 -11 14 -13 -14 -15 -16 -17 17 -19 -20
leaf_value=-0.058605281536172088 0.017229690354677918 0.073958236652035866 -0.021403837876935134 0.024550432587663297 -0.035194053660139779 -0.030813328119424672 0.0095522962989182114 -0.0046522545718377618 0.022496825165864903 0.019734321946136495 -0.0027973186081418628 0.045981037174351508 0.0093097157295673125 -0.015707926738720675 -0.016132820490747692 -0.021919234426548848 0.051031768850741857 0.024793239224415557 0.0056440902813788378
leaf_weight=7.9999999999999991 6.0000000000000062 5.9999999999999991 6.0000000000000062 7.0000000000000098 26.000000000000004 4.9999999999999991 6.9999999999999991 6.0000000000000018 7.9999999999999991 8.9999999999999982 4.9999999999999982 6.9999999999999991 5.9999999999999991 4.9999999999999991 4.9999999999999991 5 5.9999999999999982 5 6
leaf_count=8 6 6 6 7 26 5 7 6 8 9 5 7 6 5 5 5 6 5 6
internal_value=0.000199451 0.0235621 -0.0251714 0.0189607 -0.0379293 -0.00840341 0.0284266 -0.00366285 0.00203906 0.0072095 0.00189778 0.0325599 0.0282461 -0.032212 -0.00391626 -0.0128637 0.0343179 0.0398725 0.00171404
internal_weight=144 75 69 69 39 30 38 25 19 31 22 31 24 31 16 11 18 11 11
internal_count=144 75 69 69 39 30 38 25 19 31 22 31 24 31 16 11 18 11 11
is_linear=0
shrinkage=0.025


Tree=163
num_leaves=19
num_cat=0
split_feature=3 3 1 0 0 4 5 1 4 5 2 1 1 4 3 1 4 3
split_gain=130.37 25.9602 22.335 11.6006 6.31125 4.79526 10.7923 7.29214 5.79056 4.36414 3.19846 2.20907 4.05716 2.06504 1.08164 2.33669 0.564767 0.946947
threshold=631.12600000000009 898.2080000000002 42.535500000000006 3.5000000000000004 1.5000000000000002 1646.2505000000003 299.52400000000006 59.361000000000011 1610.7190000000003 491.27100000000002 26.000000000000004 80.036500000000018 65.668000000000021 1661.6445000000001 685.96150000000011 64.413000000000025 1702.9405000000004 718.77850000000012
decision_type=2 2 2 2 2 2 2 2 2 2 2 2 2 2 2 2 2 2
left_child=2 3 4 10 -1 7 -7 8 -4 11 16 12 14 -6 -5 -16 -2 -18
right_child=1 -3 5 9 13 6 -8 -9 -10 -11 -12 -13 -14 -15 15 -17 17 -19
leaf_value=-0.057175884741108601 0.0070123228085477163 0.072168923962500783 -0.027013913385810363 0.023953721072110828 -0.034320918356871788 0.0015463723904556703 -0.043540356668733772 0.025348539306567264 0.0071302717731844979 0.0093201221471341956 0.019427119265310461 0.044863442259116308 0.0090844803519787333 -0.015330332173750953 0.049797129054223344 0.024197248369455335 -0.007649440256257853 0.0051426214592841758
leaf_weight=7.9999999999999991 8.0000000000000018 5.9999999999999991 6.0000000000000053 7.0000000000000098 26.000000000000004 6.9999999999999982 6 4.9999999999999991 6 6.9999999999999991 9.0000000000000018 6.9999999999999991 5.9999999999999991 4.9999999999999991 5.9999999999999982 5 6.9999999999999982 7
leaf_count=8 8 6 6 7 26 7 6 5 6 7 9 7 6 5 6 5 7 7
internal_value=0.000198047 0.0229935 -0.0245564 0.0185031 -0.0369966 -0.00820472 -0.0195126 0.000496153 -0.0100023 0.0277416 0.00703306 0.0317748 0.0275665 -0.0314159 0.0334909 0.0389123 0.00177711 -0.00118303
internal_weight=144 75 69 69 39 30 13 17 12 38 31 31 24 31 18 11 22 14
internal_count=144 75 69 69 39 30 13 17 12 38 31 31 24 31 18 11 22 14
is_linear=0
shrinkage=0.025


Tree=164
num_leaves=22
num_cat=0
split_feature=3 3 2 1 5 2 3 2 4 4 5 5 1 4 4 4 4 3 3 3 3
split_gain=124.589 30.4508 16.2516 14.4943 15.5878 12.2947 8.15885 4.5907 4.35594 2.85604 2.5162 2.39045 2.50994 2.17002 1.85799 0.961438 0.79451 0.775524 0.553782 0.764799 0.318109
threshold=586.65050000000008 815.36700000000008 26.000000000000004 65.010000000000005 329.11450000000008 9.0000000000000018 682.85100000000011 13.000000000000002 1926.3670000000002 1497.5800000000002 405.31800000000004 376.35850000000011 56.583000000000006 1610.7190000000003 1737.0670000000002 1751.5525000000002 1782.5045000000002 849.64100000000019 489.58850000000007 523.92100000000016 699.50650000000007
decision_type=2 2 2 2 2 2 2 2 2 2 2 2 2 2 2 2 2 2 2 2 2
left_child=5 3 8 4 -2 9 -5 18 17 -1 -8 12 -6 -9 -13 20 -17 -3 -7 -20 -12
right_child=1 2 -4 6 11 7 10 13 -10 -11 15 14 -14 -15 -16 16 -18 -19 19 -21 -22
leaf_value=-0.060113046566645269 -0.010728581487718556 0.04749890795120823 0.078914579172288224 -0.026997474220491226 0.035191196575760829 -0.0321920807488629 0.020319961498563095 -0.016803183742776152 0.0098003599506158098 -0.037051516195892226 0.00083970643820301138 0.025658793074469412 0.011353195375866361 0.0037924819840834678 0.046562573204680192 -0.01148590042900581 0.0016704071117865462 0.029086140870080823 -0.015018670116701436 -0.029952410952402992 0.0087000547658379508
leaf_weight=7.0000000000000027 6.9999999999999991 5.0000000000000018 5.9999999999999991 5.9999999999999991 5.0000000000000018 12.000000000000002 5.0000000000000027 7.9999999999999982 4.9999999999999991 10.999999999999998 6.0000000000000027 5.9999999999999991 7 5 7.9999999999999991 4.9999999999999982 6 5 5.9999999999999982 5 7.9999999999999991
leaf_count=7 7 5 6 6 5 12 5 8 5 11 6 6 7 5 8 5 6 5 6 5 8
internal_value=0.000198348 0.0182075 0.0444446 0.0100989 0.0220147 -0.0297503 -0.000850665 -0.0210546 0.0297174 -0.0466506 0.00448147 0.0308926 0.0218022 -0.00884964 0.0381794 0.00112803 -0.00429644 0.0391659 -0.0277634 -0.022332 0.00547864
internal_weight=144 90 21 69 33 54 36 36 15 18 30 26 12 13 14 25 11 10 23 11 14
internal_count=144 90 21 69 33 54 36 36 15 18 30 26 12 13 14 25 11 10 23 11 14
is_linear=0
shrinkage=0.025


Tree=165
num_leaves=22
num_cat=0
split_feature=3 3 2 1 1 2 0 2 4 4 1 4 3 1 3 2 4 3 3 3 1
split_gain=118.626 29.0049 15.4646 13.8 14.9706 11.698 8.07126 4.37008 4.14713 3.84577 2.72748 2.06658 1.55729 1.55629 1.14994 5.11999 0.783535 0.735012 0.521615 0.726706 0.516
threshold=586.65050000000008 815.36700000000008 26.000000000000004 65.010000000000005 52.783000000000008 9.0000000000000018 1.5000000000000002 13.000000000000002 1926.3670000000002 1675.7920000000001 30.656500000000005 1610.7190000000003 689.99850000000015 67.984500000000011 663.07700000000011 22.000000000000004 1737.0670000000002 849.64100000000019 489.58850000000007 523.92100000000016 73.855000000000004
decision_type=2 2 2 2 2 2 2 2 2 2 2 2 2 2 2 2 2 2 2 2 2
left_child=5 3 8 4 -2 10 -5 18 17 -6 -1 -9 -8 -14 -11 -16 -15 -3 -7 -20 -18
right_child=1 2 -4 6 9 7 12 11 -10 14 -12 -13 13 16 15 -17 20 -19 19 -21 -22
leaf_value=-0.062477945479062838 -0.010601903042859503 0.04635710762097283 0.077005355636919695 -0.0296879813934748 0.011791484238159266 -0.0314004719501636 -0.0046562775483597867 -0.016393350337336705 0.0095647741324053365 0.044798374527858342 -0.038045201205055827 0.0037013163933387163 0.019577800281918953 0.010843617469072336 0.014324546729524932 0.046493708414416149 0.005536792212380813 0.028386955251559039 -0.014655315154983153 -0.029232400025312712 -0.0051332723769930092
leaf_weight=5.0000000000000027 6.9999999999999991 5.0000000000000018 5.9999999999999991 4.9999999999999991 6.0000000000000027 12.000000000000002 9.0000000000000018 7.9999999999999982 4.9999999999999991 7.0000000000000027 12.999999999999998 5 5.0000000000000027 6.0000000000000027 6.9999999999999982 6 4.9999999999999982 5 5.9999999999999982 5 6
leaf_count=5 7 5 6 5 6 12 9 8 5 7 13 5 5 6 7 6 5 5 6 5 6
internal_value=0.00019678 0.0177699 0.0433768 0.00985555 0.0214825 -0.0290262 -0.000827769 -0.0205424 0.029007 0.0301833 -0.0455127 -0.00863096 0.00394751 0.00753378 0.0354676 0.029746 0.00373229 0.0382274 -0.0270887 -0.0217966 -0.000159372
internal_weight=144 90 21 69 33 54 36 36 15 26 18 13 31 22 20 13 17 10 23 11 11
internal_count=144 90 21 69 33 54 36 36 15 26 18 13 31 22 20 13 17 10 23 11 11
is_linear=0
shrinkage=0.025


Tree=166
num_leaves=23
num_cat=0
split_feature=3 1 1 1 3 3 0 0 2 0 5 4 0 5 4 4 1 1 0 3 1 1
split_gain=113.106 24.2904 19.2752 9.65156 13.4133 22.0879 5.83152 4.61035 3.47576 8.89219 2.20942 1.84621 1.54183 1.40875 1.30009 1.15658 0.725981 0.701196 0.439069 0.338447 0.102911 0.0407515
threshold=631.12600000000009 86.39500000000001 42.535500000000006 65.010000000000005 815.36700000000008 849.64100000000019 1.5000000000000002 5.5000000000000009 13.000000000000002 2.5000000000000004 376.35850000000011 1661.6445000000001 3.5000000000000004 413.27850000000007 1610.7190000000003 1737.0670000000002 85.232000000000014 40.565000000000005 4.5000000000000009 699.50650000000007 80.036500000000018 32.572500000000005
decision_type=2 2 2 2 2 2 2 2 2 2 2 2 2 2 2 2 2 2 2 2 2 2
left_child=2 3 6 10 12 -6 -1 8 -4 14 -2 17 13 -5 -10 19 -7 21 -12 -15 -17 -8
right_child=1 -3 7 4 5 16 11 -9 9 -11 18 -13 -14 15 -16 20 -18 -19 -20 -21 -22 -23
leaf_value=-0.053783362631390746 0.020993228674661815 0.068985758337282363 -0.019406542951060857 -0.011954899003299376 0.072674671961710999 0.015339023580488107 -0.021990795318896909 -0.029121788419209996 -0.0040012784782917253 0.021909761483349458 0.04603149025670944 -0.013888665402415568 0.012131919348385277 0.0037267345107263976 -0.021567337702100092 -0.0061694903585773255 0.0016090051271021363 -0.040040657172600427 0.030497435251107582 0.012680201633618427 -0.00077098403305101847 -0.030165637090382443
leaf_weight=7.9999999999999991 8.0000000000000018 5.9999999999999991 6.0000000000000062 5.0000000000000027 4.9999999999999991 4.9999999999999982 5.0000000000000098 4.9999999999999991 6.0000000000000018 7.9999999999999991 5.9999999999999982 4.9999999999999991 7.9999999999999991 7.0000000000000018 5 4.9999999999999982 5 6.9999999999999991 5 5 5 13.999999999999998
leaf_count=8 8 6 6 5 5 5 5 5 6 8 6 5 8 7 5 5 5 7 5 5 5 14
internal_value=0.000194716 0.0214278 -0.0228619 0.0170868 0.0112058 0.0308249 -0.0344194 -0.00766728 -0.00312971 0.00209385 0.0322201 -0.0290695 0.00263481 -0.000201706 -0.01234 0.0024968 0.00876272 -0.0318129 0.0397528 0.00770652 -0.00366083 -0.0283309
internal_weight=144 75 69 69 50 15 39 30 25 19 19 31 35 27 11 22 10 26 11 12 10 19
internal_count=144 75 69 69 50 15 39 30 25 19 19 31 35 27 11 22 10 26 11 12 10 19
is_linear=0
shrinkage=0.025


Tree=167
num_leaves=22
num_cat=0
split_feature=3 3 4 2 1 3 3 0 4 1 4 5 0 5 4 0 1 5 1 0 3
split_gain=107.714 23.3837 18.8549 13.7218 9.21837 12.6833 10.6622 8.4538 4.83925 11.9443 6.20105 2.10324 1.46787 1.34154 1.10283 0.940734 0.470212 0.911431 0.449697 0.413616 0.321737
threshold=631.12600000000009 898.2080000000002 1726.3270000000002 11.000000000000002 65.010000000000005 815.36700000000008 849.64100000000019 1.5000000000000002 1646.2505000000003 59.361000000000011 1610.7190000000003 376.35850000000011 3.5000000000000004 413.27850000000007 1737.0670000000002 2.5000000000000004 32.786000000000008 263.84900000000005 40.565000000000005 4.5000000000000009 699.50650000000007
decision_type=2 2 2 2 2 2 2 2 2 2 2 2 2 2 2 2 2 2 2 2 2
left_child=2 4 3 7 11 12 -7 -1 9 10 18 -2 13 -6 20 -16 -9 -18 -5 -13 -15
right_child=1 -3 -4 8 5 6 -8 16 -10 -11 -12 19 -14 14 15 -17 17 -19 -20 -21 -22
leaf_value=-0.064443949537892495 0.020481199062452077 0.067573832696483982 0.023608664394571231 -0.017888714473407976 -0.011667521512852259 0.055325537727725117 0.012116625208569612 -0.021277997700067653 -0.034185749737005076 0.024643090825814468 0.0036041175285654683 0.044917825537343185 0.011836018767662167 0.0036361537149382944 -0.011105050282696122 0.0038506447265927602 -0.038006072430337053 -0.025165628335114733 -0.02969677968352449 0.029764323910841575 0.012375389211452923
leaf_weight=5.9999999999999991 8.0000000000000018 5.9999999999999991 4.9999999999999991 5.0000000000000062 5.0000000000000027 5.9999999999999991 8.9999999999999982 5.0000000000000027 5.9999999999999991 4.9999999999999991 5.9999999999999991 5.9999999999999982 7.9999999999999991 7.0000000000000018 4.9999999999999982 5 12.000000000000002 8.9999999999999982 9.9999999999999982 5 5
leaf_count=6 8 6 5 5 5 6 9 5 6 5 6 6 8 7 5 5 12 9 10 5 5
internal_value=0.000191277 0.0209123 -0.0223088 -0.025978 0.0166531 0.0109051 0.029983 -0.0375511 -0.0142047 -0.00932019 -0.0176218 0.0314433 0.00256942 -0.000197121 0.00243511 -0.00357578 -0.0308528 -0.0328513 -0.0261302 0.038796 0.00752314
internal_weight=144 75 69 64 69 50 15 32 32 26 21 19 35 27 22 10 26 21 15 11 12
internal_count=144 75 69 64 69 50 15 32 32 26 21 19 35 27 22 10 26 21 15 11 12
is_linear=0
shrinkage=0.025


Tree=168
num_leaves=23
num_cat=0
split_feature=3 1 4 2 1 4 3 0 4 1 4 5 1 3 2 1 4 1 1 1 0 1
split_gain=102.556 22.2781 17.956 13.0622 8.77968 12.0763 12.2746 8.04964 4.60859 11.3742 5.90493 2.00211 0.756492 0.692005 0.921523 0.864299 0.476297 0.956727 0.792958 0.424297 0.389504 0.221206
threshold=631.12600000000009 86.39500000000001 1726.3270000000002 11.000000000000002 65.010000000000005 1817.4895000000004 849.64100000000019 1.5000000000000002 1646.2505000000003 59.361000000000011 1610.7190000000003 376.35850000000011 85.232000000000014 682.85100000000011 26.000000000000004 73.855000000000004 1636.5410000000004 36.984500000000004 32.786000000000008 40.565000000000005 4.5000000000000009 67.984500000000011
decision_type=2 2 2 2 2 2 2 2 2 2 2 2 2 2 2 2 2 2 2 2 2 2
left_child=2 4 3 7 11 13 -7 -1 9 10 19 -2 -8 -6 15 21 17 18 -9 -5 -13 -15
right_child=1 -3 -4 8 5 6 12 16 -10 -11 -12 20 -14 14 -16 -17 -18 -19 -20 -21 -22 -23
leaf_value=-0.062884820372827596 0.019981657986233869 0.065954904690865554 0.023041148010927898 -0.017458697121876914 -0.0069536847420609907 0.049625189880636023 0.014679032363570658 -0.02076650731838664 -0.033358674604565867 0.024050708917471079 0.0035169207400852632 0.043831104040145875 0.00074582044035196302 0.014033504317586223 -0.0054470714992813528 -0.0002807126016072605 -0.036077647421347059 -0.015705226762936668 -0.036569756393631296 -0.028968916541221097 0.029048835199612835 0.0062888194185992084
leaf_weight=5.9999999999999991 8.0000000000000018 5.9999999999999991 4.9999999999999991 5.0000000000000062 4.9999999999999991 8.0000000000000018 4.9999999999999982 5.0000000000000053 5.9999999999999991 4.9999999999999991 5.9999999999999991 5.9999999999999982 5 5.0000000000000053 5.9999999999999991 8.9999999999999982 8.9999999999999982 4.9999999999999991 7 9.9999999999999982 5 7
leaf_count=6 8 6 5 5 5 8 5 5 6 5 6 6 5 5 6 9 9 5 7 10 5 7
internal_value=0.000189236 0.0204083 -0.0217654 -0.0253462 0.0162505 0.01064 0.0269031 -0.0366384 -0.0138579 -0.00908968 -0.0171917 0.0306852 0.0079862 0.00134286 0.00296505 0.00545619 -0.0301 -0.02648 -0.0305359 -0.0254946 0.0378622 0.00979539
internal_weight=144 75 69 64 69 50 18 32 32 26 21 19 10 32 27 21 26 17 12 15 11 12
internal_count=144 75 69 64 69 50 18 32 32 26 21 19 10 32 27 21 26 17 12 15 11 12
is_linear=0
shrinkage=0.025


Tree=169
num_leaves=23
num_cat=0
split_feature=3 3 4 2 1 3 3 0 4 1 4 5 0 5 4 4 1 1 1 0 3 1
split_gain=97.6531 21.7042 17.102 12.4402 8.41692 11.5293 9.7319 7.66132 4.3889 10.8314 5.62302 1.90579 1.2833 1.25942 1.06426 0.448377 0.908289 0.751104 0.400241 0.366664 0.299193 0.0837188
threshold=631.12600000000009 898.2080000000002 1726.3270000000002 11.000000000000002 65.010000000000005 815.36700000000008 849.64100000000019 1.5000000000000002 1646.2505000000003 59.361000000000011 1610.7190000000003 376.35850000000011 3.5000000000000004 413.27850000000007 1737.0670000000002 1636.5410000000004 36.984500000000004 32.786000000000008 40.565000000000005 4.5000000000000009 699.50650000000007 80.036500000000018
decision_type=2 2 2 2 2 2 2 2 2 2 2 2 2 2 2 2 2 2 2 2 2 2
left_child=2 4 3 7 11 12 -7 -1 9 10 18 -2 13 -6 20 16 17 -9 -5 -13 -15 -16
right_child=1 -3 -4 8 5 6 -8 15 -10 -11 -12 19 -14 14 21 -17 -18 -19 -20 -21 -22 -23
leaf_value=-0.061363413737666218 0.019494300517367148 0.064869178687372506 0.022487274643320305 -0.017039017307643685 -0.011328039407873377 0.052720559989252395 0.011435546074062587 -0.020267312400616109 -0.032551610049220824 0.023472566788013169 0.0034318341483031548 0.042770673959485951 0.011035256124124296 0.0035732550598267035 -0.0058483637797717876 -0.035195312981048353 -0.015327697247266771 -0.035680908958117159 -0.028258894544606117 0.028350545007448925 0.012021483051089139 -0.00090955589503909518
leaf_weight=5.9999999999999991 8.0000000000000018 5.9999999999999991 4.9999999999999991 5.0000000000000062 5.0000000000000027 5.9999999999999991 8.9999999999999982 5.0000000000000053 5.9999999999999991 4.9999999999999991 5.9999999999999991 5.9999999999999982 7.9999999999999991 7.0000000000000018 4.9999999999999982 8.9999999999999982 4.9999999999999991 7 9.9999999999999982 5 5 5
leaf_count=6 8 6 5 5 5 6 9 5 6 5 6 6 8 7 5 9 5 7 10 5 5 5
internal_value=0.000185557 0.0199155 -0.0212376 -0.0247325 0.0158123 0.0103188 0.0285082 -0.035753 -0.0135195 -0.00886484 -0.016772 0.0299455 0.00237021 -0.000213523 0.00233549 -0.0293719 -0.0258428 -0.0297986 -0.0248746 0.036951 0.00733518 -0.00356776
internal_weight=144 75 69 64 69 50 15 32 32 26 21 19 35 27 22 26 17 12 15 11 12 10
internal_count=144 75 69 64 69 50 15 32 32 26 21 19 35 27 22 26 17 12 15 11 12 10
is_linear=0
shrinkage=0.025


Tree=170
num_leaves=22
num_cat=0
split_feature=3 3 4 2 1 4 0 4 1 4 5 4 3 4 5 4 4 5 1 1 1
split_gain=92.9854 20.6641 16.2886 11.8478 8.05217 10.2251 7.29161 4.17967 10.3145 5.35462 3.65195 3.32175 5.17201 1.08446 0.743114 0.433247 0.421957 0.888044 1.21169 0.377461 0.0425487
threshold=631.12600000000009 898.2080000000002 1726.3270000000002 11.000000000000002 64.413000000000025 1790.8060000000003 1.5000000000000002 1646.2505000000003 59.361000000000011 1610.7190000000003 376.35850000000011 1907.0695000000003 815.36700000000008 1751.5525000000002 409.39200000000005 1702.9405000000004 1636.5410000000004 245.00850000000003 32.786000000000008 40.565000000000005 73.855000000000004
decision_type=2 2 2 2 2 2 2 2 2 2 2 2 2 2 2 2 2 2 2 2 2
left_child=2 4 3 6 10 13 -1 8 9 19 -2 12 -7 14 -6 -16 17 18 -8 -5 -17
right_child=1 -3 -4 7 5 11 16 -9 -10 -11 -12 -13 -14 -15 15 20 -18 -19 -20 -21 -22
leaf_value=-0.059878815133725442 0.019018829722956918 0.063299764356305521 0.021946714961758026 -0.016629425078057303 -0.0042842960988099697 0.014173659634695421 -0.019780118648822467 -0.031764073105108356 0.022908322283854851 0.0033488060197522564 0.044845746871497894 0.0062688208936202902 0.041600731274356012 -0.0067043017686867143 0.011175202596415244 0.00081235473402417645 -0.034334558519818217 -0.017081499968965849 -0.039511471184400404 -0.027566274912918316 0.0044768103613303245
leaf_weight=5.9999999999999991 7.9999999999999982 5.9999999999999991 4.9999999999999991 5.0000000000000062 5.0000000000000062 9.0000000000000053 5.0000000000000053 5.9999999999999991 4.9999999999999991 5.9999999999999991 7 5.9999999999999991 8.9999999999999982 7.9999999999999991 7.0000000000000027 4.9999999999999982 8.9999999999999982 6.9999999999999991 5 9.9999999999999982 5
leaf_count=6 8 6 5 5 5 9 5 6 5 6 7 6 9 8 7 5 9 7 5 10 5
internal_value=0.000182023 0.0194349 -0.0207226 -0.0241336 0.0154306 0.0108202 -0.0348891 -0.0131895 -0.00864554 -0.0163626 0.0315851 0.0229129 0.0282623 0.00101694 0.00391607 0.00642239 -0.0286615 -0.0252211 -0.0303496 -0.0242697 0.00281899
internal_weight=144 75 69 64 69 54 32 32 26 21 15 24 18 30 22 17 26 17 10 15 10
internal_count=144 75 69 64 69 54 32 32 26 21 15 24 18 30 22 17 26 17 10 15 10
is_linear=0
shrinkage=0.025


Tree=171
num_leaves=22
num_cat=0
split_feature=3 3 2 4 1 3 3 5 1 3 5 4 5 0 5 4 0 1 2 0 3
split_gain=88.5369 19.6751 15.7241 10.9485 7.66723 10.4641 9.01195 5.10764 5.27278 7.9882 4.69868 2.38714 1.73798 1.22387 1.17418 0.994872 0.843204 0.676931 0.790896 0.327179 0.288935
threshold=631.12600000000009 898.2080000000002 9.0000000000000018 1726.3270000000002 65.010000000000005 815.36700000000008 849.64100000000019 356.43250000000006 48.252000000000002 529.40300000000013 376.35850000000011 1497.5800000000002 376.35850000000011 3.5000000000000004 413.27850000000007 1737.0670000000002 2.5000000000000004 40.565000000000005 11.000000000000002 4.5000000000000009 699.50650000000007
decision_type=2 2 2 2 2 2 2 2 2 2 2 2 2 2 2 2 2 2 2 2 2
left_child=2 4 11 7 12 13 -7 8 9 17 -9 -1 -2 14 -6 20 -17 18 -4 -14 -16
right_child=1 -3 3 -5 5 6 -8 10 -10 -11 -12 -13 19 -15 15 16 -18 -19 -20 -21 -22
leaf_value=-0.052444586157798734 0.018554955484663564 0.061768317703277835 -0.024576599026719707 0.021419150597200946 -0.011015432908271361 0.050438594241296091 0.010714527312666179 0.01581193698713413 -0.040637813446422422 0.011972915438505321 -0.017783577396319462 -0.031559347800378293 0.040786689856360039 0.010700993457945384 0.0033227320294827211 -0.010656711290805388 0.0034941597698399645 -0.028233286430654321 -0.012018796501726641 0.027033405865614226 0.011610303131433632
leaf_weight=7.0000000000000027 8.0000000000000018 5.9999999999999991 7.0000000000000062 4.9999999999999991 5.0000000000000027 5.9999999999999991 8.9999999999999982 4.9999999999999982 6.9999999999999991 4.9999999999999991 5 10.999999999999998 5.9999999999999982 7.9999999999999991 7.0000000000000018 4.9999999999999982 5 8.9999999999999982 7.9999999999999991 5 5
leaf_count=7 8 6 7 5 5 6 9 5 7 5 5 11 6 8 7 5 5 9 8 5 5
internal_value=0.000177563 0.0189645 -0.0202207 -0.0130021 0.0150566 0.00981201 0.027141 -0.0168471 -0.0212178 -0.0162412 -0.000882601 -0.0402371 0.028547 0.00223778 -0.000284128 0.00217576 -0.00352895 -0.0222212 -0.0182076 0.0352412 0.00701207
internal_weight=144 75 69 51 69 50 15 46 36 29 10 18 19 35 27 22 10 24 15 11 12
internal_count=144 75 69 51 69 50 15 46 36 29 10 18 19 35 27 22 10 24 15 11 12
is_linear=0
shrinkage=0.025


Tree=172
num_leaves=22
num_cat=0
split_feature=3 1 2 4 1 4 3 3 5 1 3 5 5 0 4 1 5 1 2 4 1
split_gain=84.298 18.8953 14.9649 10.4272 7.38566 9.28297 6.42943 13.5766 4.86211 5.01809 7.60785 4.47558 3.35377 2.28471 1.0008 0.907835 0.678897 0.641305 0.751351 0.408009 0.0417483
threshold=631.12600000000009 86.39500000000001 9.0000000000000018 1726.3270000000002 64.413000000000025 1790.8060000000003 849.64100000000019 815.36700000000008 356.43250000000006 48.252000000000002 529.40300000000013 376.35850000000011 376.35850000000011 2.5000000000000004 1751.5525000000002 85.232000000000014 409.39200000000005 40.565000000000005 11.000000000000002 1702.9405000000004 73.855000000000004
decision_type=2 2 2 2 2 2 2 2 2 2 2 2 2 2 2 2 2 2 2 2 2
left_child=2 4 13 8 12 14 7 -7 9 10 17 -10 -2 -1 16 -8 -6 18 -4 -18 -21
right_child=1 -3 3 -5 5 6 15 -9 11 -11 -12 -13 -14 -15 -16 -17 19 -19 -20 20 -22
leaf_value=-0.052750016220154267 0.018102396134196262 0.060454946179543771 -0.023979250590006489 0.020904266834259035 -0.0041253259262213279 0.013529372069498764 0.013473159189407644 0.064925023913383478 0.015431842609093744 -0.03965008821752336 0.011685105241261998 -0.01735608980346184 0.042859911753071675 -0.031652376996200597 -0.0064962846931160964 -0.0011974116644034019 0.010713747886216471 -0.027542798690821813 -0.011725655293501008 0.00063763725786254982 0.0042361740882580091
leaf_weight=6.0000000000000027 7.9999999999999982 5.9999999999999991 7.0000000000000062 4.9999999999999991 5.0000000000000062 9.0000000000000018 4.9999999999999982 4.9999999999999991 4.9999999999999982 6.9999999999999991 4.9999999999999991 5 7 11.999999999999998 7.9999999999999991 5 7.0000000000000027 8.9999999999999982 7.9999999999999991 4.9999999999999982 5
leaf_count=6 8 6 7 5 5 9 5 5 5 7 5 5 7 12 8 5 7 9 8 5 5
internal_value=0.000175809 0.0185077 -0.019728 -0.0126849 0.0146778 0.0102615 0.0217836 0.0326289 -0.0164376 -0.020702 -0.0158453 -0.00085844 0.0301501 -0.039256 0.000919257 0.00613568 0.00370636 -0.0216816 -0.0177665 0.00610365 0.00260724
internal_weight=144 75 69 51 69 54 24 14 46 36 29 10 15 18 30 10 22 24 15 17 10
internal_count=144 75 69 51 69 54 24 14 46 36 29 10 15 18 30 10 22 24 15 17 10
is_linear=0
shrinkage=0.025


Tree=173
num_leaves=22
num_cat=0
split_feature=3 3 2 4 1 4 4 3 1 1 5 3 5 1 4 4 5 4 4 4 1
split_gain=80.2614 18.2706 14.2431 9.9307 7.05539 8.76995 4.76519 11.45 10.9939 3.47524 3.19034 3.01224 6.36652 3.71162 2.17623 0.952993 0.647294 0.432285 0.663342 0.387431 0.0395205
threshold=631.12600000000009 898.2080000000002 9.0000000000000018 1726.3270000000002 64.413000000000025 1790.8060000000003 1646.2505000000003 529.40300000000013 48.252000000000002 59.361000000000011 376.35850000000011 832.14450000000011 491.27100000000002 80.036500000000018 1497.5800000000002 1751.5525000000002 409.39200000000005 1551.0235000000002 1497.5800000000002 1702.9405000000004 73.855000000000004
decision_type=2 2 2 2 2 2 2 2 2 2 2 2 2 2 2 2 2 2 2 2 2
left_child=2 4 14 6 10 15 7 17 -8 -9 -2 13 -13 -7 -1 16 -6 18 -4 -18 -21
right_child=1 -3 3 -5 5 11 8 9 -10 -11 -12 12 -14 -15 -16 -17 19 -19 -20 20 -22
leaf_value=-0.049961029075913932 0.017660874091997382 0.059308499866916289 -0.023530653191775802 0.020401759703571984 -0.0040261597014390445 0.017237522473765737 -0.0043419135161317322 -0.0032784576325312906 -0.056743601824228565 0.022244891065817615 0.041818178196748094 0.029664904047404572 -0.0061546277975843789 0.046420366793441074 -0.030007274814748339 -0.0063378387607815811 0.010453344532288607 -0.027794597054953164 -0.010609021073637101 0.00062230940764913204 0.0041343431346691564
leaf_weight=7.0000000000000027 7.9999999999999982 5.9999999999999991 8.0000000000000018 4.9999999999999991 5.0000000000000062 7.0000000000000018 4.9999999999999982 8.9999999999999982 5 4.9999999999999991 7 5.9999999999999982 6 5 10.999999999999998 7.9999999999999991 7.0000000000000027 8.9999999999999982 4.9999999999999991 4.9999999999999982 5
leaf_count=7 8 6 8 5 5 7 5 9 5 5 7 6 6 5 11 8 7 9 5 5 5
internal_value=0.000173728 0.0180615 -0.0192474 -0.0123754 0.0142957 0.00997882 -0.0160381 -0.0116248 -0.0312642 0.00593392 0.0294184 0.0211781 0.0118454 0.0300612 -0.0382995 0.000897098 0.00361769 -0.0228076 -0.0188915 0.00595923 0.00254751
internal_weight=144 75 69 51 69 54 46 36 10 14 15 24 12 12 18 30 22 22 13 17 10
internal_count=144 75 69 51 69 54 46 36 10 14 15 24 12 12 18 30 22 22 13 17 10
is_linear=0
shrinkage=0.025


Tree=174
num_leaves=22
num_cat=0
split_feature=3 1 1 1 4 3 3 2 0 5 2 4 5 0 4 1 1 2 5 4 1
split_gain=76.4251 17.5795 13.6118 6.73181 8.30574 6.03391 12.75 4.48001 4.42204 3.89021 5.53343 3.72969 3.0348 1.79072 0.907483 0.89941 0.707321 0.700652 0.61718 0.367867 0.0374041
threshold=631.12600000000009 86.39500000000001 42.535500000000006 64.413000000000025 1790.8060000000003 849.64100000000019 815.36700000000008 9.0000000000000018 5.5000000000000009 372.63200000000006 13.000000000000002 1636.5410000000004 376.35850000000011 2.5000000000000004 1751.5525000000002 85.232000000000014 40.565000000000005 11.000000000000002 409.39200000000005 1702.9405000000004 73.855000000000004
decision_type=2 2 2 2 2 2 2 2 2 2 2 2 2 2 2 2 2 2 2 2 2
left_child=2 3 7 12 14 6 -6 13 9 10 -4 -12 -2 -1 18 -7 17 -9 -5 -20 -21
right_child=1 -3 8 4 5 15 -8 16 -10 -11 11 -13 -14 -15 -16 -17 -18 -19 19 20 -22
leaf_value=-0.0502650702191937 0.017230121182595814 0.058085371938443958 -0.015498265191431944 -0.0039293766594850048 0.012618319042350931 0.012780605371181784 0.062409563477222735 -0.022854557509223609 -0.027000418420021349 -0.018820078670978548 0.00040581898970736409 0.027230194427313337 0.040801764610740865 -0.030855416912319408 -0.006183257158391361 -0.0018223426519678187 -0.027729782938129374 -0.011035540450091771 0.010199270213747186 0.00060734989551397491 0.0040349596968063933
leaf_weight=6.0000000000000027 7.9999999999999982 5.9999999999999991 6.0000000000000098 5.0000000000000062 9.0000000000000018 4.9999999999999982 4.9999999999999991 7.0000000000000027 4.9999999999999991 5.9999999999999991 6.9999999999999982 6 7 10.999999999999998 7.9999999999999991 5 6.9999999999999991 7.9999999999999991 7.0000000000000027 4.9999999999999982 5
leaf_count=6 8 6 6 5 9 5 5 7 5 6 7 6 7 11 8 5 7 8 7 5 5
internal_value=0.000170804 0.0176261 -0.0187803 0.0139321 0.00971477 0.0206137 0.0311175 -0.0284929 -0.00600751 -0.00157836 0.00394062 0.013106 0.0287046 -0.0382834 0.000875473 0.00546402 -0.0205945 -0.0168615 0.00353117 0.0058183 0.00248922
internal_weight=144 75 69 69 54 24 14 39 30 25 19 13 15 17 30 10 22 15 22 17 10
internal_count=144 75 69 69 54 24 14 39 30 25 19 13 15 17 30 10 22 15 22 17 10
is_linear=0
shrinkage=0.025


Tree=175
num_leaves=22
num_cat=0
split_feature=3 3 4 2 0 1 3 3 4 1 4 5 0 5 4 0 1 5 3 1 0
split_gain=72.7779 16.9692 13.1821 9.64422 6.59219 6.45745 8.51011 7.32737 3.86235 8.80683 4.63788 1.44841 1.17681 1.0387 0.924278 0.76987 0.69737 0.739843 0.28714 0.276577 0.268299
threshold=631.12600000000009 898.2080000000002 1726.3270000000002 11.000000000000002 1.5000000000000002 65.010000000000005 815.36700000000008 849.64100000000019 1646.2505000000003 59.361000000000011 1610.7190000000003 376.35850000000011 3.5000000000000004 413.27850000000007 1737.0670000000002 2.5000000000000004 32.786000000000008 263.84900000000005 699.50650000000007 40.565000000000005 4.5000000000000009
decision_type=2 2 2 2 2 2 2 2 2 2 2 2 2 2 2 2 2 2 2 2 2
left_child=2 5 3 4 -1 11 12 -8 9 10 19 -2 13 -7 18 -16 -6 -18 -15 -5 -13
right_child=1 -3 -4 8 16 6 7 -9 -10 -11 -12 20 -14 14 15 -17 17 -19 -20 -21 -22
leaf_value=-0.054796726280643096 0.016809873182962575 0.056951450051799891 0.02004244112624572 -0.01493172815356115 -0.01514881281898571 -0.010635765505811336 0.04539713724966972 0.0095594530722693267 -0.029355185845446205 0.021977699490693902 0.0040106518494506032 0.037143603015330533 0.010227108410582312 0.0027868761318839246 -0.010534777363332422 0.0029759155084880494 -0.031953516700228696 -0.020578492546211122 0.010992507435954533 -0.024554220733104967 0.024551277607679362
leaf_weight=5.9999999999999991 8.0000000000000018 5.9999999999999991 4.9999999999999991 5.0000000000000062 5.0000000000000027 5.0000000000000027 5.9999999999999991 8.9999999999999982 5.9999999999999991 4.9999999999999991 5.9999999999999991 5.9999999999999982 7.9999999999999991 7.0000000000000018 4.9999999999999982 5 12.000000000000002 8.9999999999999982 5 9.9999999999999982 5
leaf_count=6 8 6 5 5 5 5 6 9 6 5 6 6 8 7 5 5 12 9 5 10 5
internal_value=0.000167371 0.0172012 -0.0183258 -0.0213959 -0.0311 0.013572 0.00875769 0.0243855 -0.0115202 -0.00716404 -0.0143034 0.025953 0.00192406 -0.000547262 0.00176444 -0.00373099 -0.0252072 -0.0273776 0.0064325 -0.0216676 0.0320721
internal_weight=144 75 69 64 32 69 50 15 32 26 21 19 35 27 22 10 26 21 12 15 11
internal_count=144 75 69 64 32 69 50 15 32 26 21 19 35 27 22 10 26 21 12 15 11
is_linear=0
shrinkage=0.025


Tree=176
num_leaves=23
num_cat=0
split_feature=3 3 4 2 0 1 0 1 4 1 4 5 5 1 4 4 4 1 1 4 1 3
split_gain=69.2957 16.155 12.5541 9.18074 6.27656 6.18046 7.62876 3.69641 3.6782 8.38664 4.41668 2.78643 1.66156 1.40067 1.15635 1.00566 0.660464 0.713082 0.899019 0.619362 0.260344 0.0721595
threshold=631.12600000000009 898.2080000000002 1726.3270000000002 11.000000000000002 1.5000000000000002 64.413000000000025 4.5000000000000009 82.540000000000006 1646.2505000000003 59.361000000000011 1610.7190000000003 376.35850000000011 409.39200000000005 73.855000000000004 1737.0670000000002 1875.2530000000002 1636.5410000000004 36.984500000000004 32.786000000000008 1702.9405000000004 40.565000000000005 718.77850000000012
decision_type=2 2 2 2 2 2 2 2 2 2 2 2 2 2 2 2 2 2 2 2 2 2
left_child=2 5 3 4 -1 11 7 12 9 10 20 -2 -7 19 -15 -8 17 18 -6 -14 -5 -21
right_child=1 -3 -4 8 16 6 15 -9 -10 -11 -12 -13 13 14 -16 -17 -18 -19 -20 21 -22 -23
leaf_value=-0.053470999290866232 0.016399877363952198 0.055573592791634221 0.019560652054273167 -0.014572792045342215 -0.014784658241730454 -0.013659211506064112 0.028996128459339545 0.020383691643514942 -0.028644978447306541 0.021449389709876136 0.0039136195134732033 0.038994704931974405 0.013845743525486717 0.0037636436522006989 -0.012139923257693168 0.015501417642141264 -0.030843277615697492 -0.011708291161518832 -0.030423270993762543 0.00045053763315081605 -0.023952401473241694 0.0049954337426103071
leaf_weight=5.9999999999999991 7.9999999999999982 5.9999999999999991 4.9999999999999991 5.0000000000000062 5.0000000000000053 5.0000000000000027 9.0000000000000018 5.9999999999999991 5.9999999999999991 4.9999999999999991 5.9999999999999991 7 5.0000000000000027 4.9999999999999982 6 7.9999999999999991 8.9999999999999982 4.9999999999999991 7 4.9999999999999982 9.9999999999999982 5
leaf_count=6 8 6 5 5 5 5 9 6 6 5 6 7 5 5 6 8 9 5 7 5 10 5
internal_value=0.000165603 0.0167872 -0.0178795 -0.0208759 -0.0303444 0.0132455 0.00920383 0.00275461 -0.0112388 -0.00698633 -0.0139542 0.0274007 -0.000726204 0.00179849 -0.0048613 0.0229724 -0.0245923 -0.0208902 -0.0243588 0.00676427 -0.021141 0.00289893
internal_weight=144 75 69 64 32 69 54 37 32 26 21 15 31 26 11 17 26 17 12 15 15 10
internal_count=144 75 69 64 32 69 54 37 32 26 21 15 31 26 11 17 26 17 12 15 15 10
is_linear=0
shrinkage=0.025


Tree=177
num_leaves=22
num_cat=0
split_feature=3 1 2 4 1 4 3 3 4 1 3 1 5 0 1 4 5 4 4 4 1
split_gain=65.9835 15.5864 12.1184 8.43508 5.90171 7.17385 5.78623 11.5973 4.3682 10.7132 9.58555 2.99603 2.65042 1.92691 0.961857 0.818439 0.532154 0.517674 0.567836 0.326764 0.0346692
threshold=631.12600000000009 86.39500000000001 9.0000000000000018 1726.3270000000002 64.413000000000025 1790.8060000000003 849.64100000000019 815.36700000000008 1646.2505000000003 48.252000000000002 529.40300000000013 59.361000000000011 376.35850000000011 2.5000000000000004 85.232000000000014 1751.5525000000002 409.39200000000005 1551.0235000000002 1497.5800000000002 1702.9405000000004 73.855000000000004
decision_type=2 2 2 2 2 2 2 2 2 2 2 2 2 2 2 2 2 2 2 2 2
left_child=2 4 13 8 12 15 7 -7 10 -10 17 -12 -2 -1 -8 16 -6 18 -4 -18 -21
right_child=1 -3 3 -5 5 6 14 -9 9 -11 11 -13 -14 -15 -16 -17 19 -19 -20 20 -22
leaf_value=-0.047377192493407931 0.01599988072383695 0.054479176527069462 -0.020758118607648982 0.019090443333754176 -0.0036565851133603267 0.011720182386267443 0.011870954887798203 0.059203844574781561 -0.0025532446846437571 -0.054189417281976099 -0.0027578859306547957 0.020933779157125035 0.038046917402082013 -0.028063412963366903 -0.0032454344408156771 -0.0059655845392404538 0.009515940977467427 -0.025675114114647325 -0.0088801844296260528 0.00043970724711051359 0.0037218436025656179
leaf_weight=6.0000000000000027 7.9999999999999982 5.9999999999999991 8.0000000000000018 4.9999999999999991 5.0000000000000062 9.0000000000000018 4.9999999999999982 4.9999999999999991 4.9999999999999982 5 8.9999999999999982 4.9999999999999991 7 11.999999999999998 5 7.9999999999999991 7.0000000000000027 8.9999999999999982 4.9999999999999991 4.9999999999999982 5
leaf_count=6 8 6 8 5 5 9 5 5 5 5 9 5 7 12 5 8 7 9 5 5 5
internal_value=0.000162231 0.0163819 -0.0174462 -0.0111067 0.0129032 0.00895316 0.0190822 0.0293617 -0.0144845 -0.0290502 -0.0102658 0.00579106 0.026736 -0.0350199 0.00427478 0.000735854 0.00326084 -0.0205002 -0.0164881 0.00538691 0.00224412
internal_weight=144 75 69 51 69 54 24 14 46 10 36 14 15 18 10 30 22 22 13 17 10
internal_count=144 75 69 51 69 54 24 14 46 10 36 14 15 18 10 30 22 22 13 17 10
is_linear=0
shrinkage=0.025


Tree=178
num_leaves=22
num_cat=0
split_feature=3 3 2 4 0 1 4 1 3 1 1 4 5 1 4 4 2 4 4 4 0
split_gain=62.832 15.0127 11.5315 8.03494 5.69831 7.85503 4.16216 10.2016 9.12708 3.4116 2.85398 1.83747 1.41019 1.12433 1.08661 0.79183 2.46736 2.09152 0.48994 0.538519 0.378658
threshold=631.12600000000009 898.2080000000002 9.0000000000000018 1726.3270000000002 4.5000000000000009 65.010000000000005 1646.2505000000003 48.252000000000002 529.40300000000013 82.540000000000006 59.361000000000011 1497.5800000000002 409.39200000000005 73.855000000000004 1737.0670000000002 1755.4370000000001 22.000000000000004 1875.2530000000002 1551.0235000000002 1497.5800000000002 2.5000000000000004
decision_type=2 2 2 2 2 2 2 2 2 2 2 2 2 2 2 2 2 2 2 2 2
left_child=2 4 11 6 5 -2 8 -8 18 12 -10 -1 -7 20 -15 -6 -17 -18 19 -4 -14
right_child=1 -3 3 -5 15 9 7 -9 10 -11 -12 -13 13 14 -16 16 17 -19 -20 -21 -22
leaf_value=-0.044851723478900041 0.030743118313451608 0.053376549482345582 -0.020251822762373015 0.018631537860402694 0.031552366253275115 -0.013231865259317244 -0.0024918683329955317 -0.052886786569769556 -0.0026904371202639914 0.018971818397122045 0.020430563504879293 -0.02657626944461039 0.0013534826019571883 0.0035279912444261411 -0.011883576148219646 0.0051051205685061765 0.034617100055846901 0.014926431430276577 -0.025047190236332624 -0.0086667189016365088 0.0098065054975450035
leaf_weight=7.0000000000000027 6.9999999999999991 5.9999999999999991 8.0000000000000018 4.9999999999999991 5.0000000000000027 5.0000000000000027 4.9999999999999982 5 8.9999999999999982 5.9999999999999991 4.9999999999999991 10.999999999999998 7.0000000000000018 4.9999999999999982 6 6.0000000000000027 6.9999999999999991 7.9999999999999991 8.9999999999999982 4.9999999999999991 7
leaf_count=7 7 6 8 5 5 5 5 5 9 6 5 11 7 5 6 6 7 8 9 5 7
internal_value=0.000159411 0.0159872 -0.0170231 -0.0108382 0.012573 0.00689096 -0.0141352 -0.0283548 -0.010016 0.00207428 0.00565049 -0.0341668 -0.0013671 0.00104243 -0.00482881 0.0217982 0.0191411 0.0245322 -0.020003 -0.0160895 0.00574661
internal_weight=144 75 69 51 69 43 46 10 36 36 14 18 30 25 11 26 21 15 22 13 14
internal_count=144 75 69 51 69 43 46 10 36 36 14 18 30 25 11 26 21 15 22 13 14
is_linear=0
shrinkage=0.025


Tree=179
num_leaves=21
num_cat=0
split_feature=3 1 2 0 1 2 5 0 1 2 0 4 1 4 5 4 0 3 3 1
split_gain=59.9893 16.5436 6.96427 6.21955 6.87066 4.54224 5.32666 3.61391 2.45413 2.09187 1.75878 1.5414 1.08912 2.26517 0.806911 0.672787 0.897256 0.234991 1.01444 0.0615151
threshold=586.65050000000008 86.39500000000001 9.0000000000000018 2.5000000000000004 52.783000000000008 26.000000000000004 491.27100000000002 4.5000000000000009 65.010000000000005 13.000000000000002 2.5000000000000004 1610.7190000000003 80.036500000000018 1782.5045000000002 413.27850000000007 1737.0670000000002 1.5000000000000002 489.58850000000007 523.92100000000016 80.53100000000002
decision_type=2 2 2 2 2 2 2 2 2 2 2 2 2 2 2 2 2 2 2 2
left_child=2 3 10 15 -5 6 7 8 -6 17 -1 -11 13 -9 -10 16 -2 -4 -19 -7
right_child=1 -3 9 4 5 19 -8 12 14 11 -12 -13 -14 -15 -16 -17 -18 18 -20 -21
leaf_value=-0.045145846470709738 -0.0053261107242688873 0.05214722146911005 -0.021609559740687973 -0.0094015594571828856 0.018156410481144736 0.02558513242871531 -0.01096722591453447 0.027809138150840258 -0.0071782916282805117 -0.012533642836596547 -0.026682364610863513 0.0047957002436025773 0.032626956629176293 0.0078210220568709909 0.0061745397446136309 -0.0098382698031715485 0.0063570084232019214 -0.0072949851232190291 -0.023186866448332483 0.035929877941425027
leaf_weight=6.0000000000000027 8.0000000000000036 5.9999999999999991 12.000000000000002 6.9999999999999991 8.0000000000000018 5.9999999999999982 4.9999999999999991 8.0000000000000018 4.9999999999999982 7.9999999999999982 11.999999999999998 5 5.9999999999999991 6.9999999999999991 6 4.9999999999999991 8 5.9999999999999982 5 5
leaf_count=6 8 6 12 7 8 6 5 8 5 8 12 5 6 7 6 5 8 6 5 5
internal_value=0.000156837 0.012656 -0.0206219 0.00970318 0.0136228 0.0165463 0.0128748 0.0159259 0.00780404 -0.0140822 -0.033334 -0.00580214 0.0230723 0.0187892 0 -0.00201442 0.000444652 -0.018618 -0.0149152 0.0309565
internal_weight=144 90 54 84 63 56 45 40 19 36 18 13 21 15 11 21 16 23 11 11
internal_count=144 90 54 84 63 56 45 40 19 36 18 13 21 15 11 21 16 23 11 11
is_linear=0
shrinkage=0.025


Tree=180
num_leaves=22
num_cat=0
split_feature=3 3 2 0 5 1 3 5 3 2 4 4 3 4 3 4 0 3 3 3 4
split_gain=57.1149 15.9642 6.6265 5.90435 6.55184 2.83027 4.40219 2.46309 2.8929 1.99159 1.67431 1.60883 4.61594 1.46797 0.686238 0.640766 0.854063 0.220459 0.965023 0.00408901 0.00273818
threshold=586.65050000000008 898.2080000000002 9.0000000000000018 2.5000000000000004 329.11450000000008 64.413000000000025 699.50650000000007 376.35850000000011 641.1735000000001 13.000000000000002 1497.5800000000002 1907.0695000000003 815.36700000000008 1610.7190000000003 742.71150000000011 1737.0670000000002 1.5000000000000002 489.58850000000007 523.92100000000016 407.4405000000001 1782.5045000000002
decision_type=2 2 2 2 2 2 2 2 2 2 2 2 2 2 2 2 2 2 2 2 2
left_child=2 3 10 15 -5 7 -7 8 -6 17 -1 12 14 -11 20 16 -2 19 -19 -4 -8
right_child=1 -3 9 4 5 6 11 -9 -10 13 -12 -13 -14 -15 -16 -17 -18 18 -20 -21 -22
leaf_value=-0.042728392034769039 -0.0051962061262712219 0.051143439594776401 -0.016659641552429924 -0.0092124049448304712 0.028526564447149141 -0.0073483716576330117 0.011025859637615753 0.035959987114701004 0.0037555824544641273 -0.012227943811065907 -0.025268580059387855 0.0036723957006489076 0.032720419894094056 0.0046804198457931091 0.003019025146720871 -0.0096017724619461946 0.0062019594558855385 -0.0071184934867966568 -0.022629489928770521 -0.02351022608992126 0.016403089836239813
leaf_weight=7.0000000000000027 8.0000000000000036 5.9999999999999991 5.0000000000000018 6.9999999999999991 6.0000000000000018 5.9999999999999991 5.0000000000000089 6.9999999999999991 6 7.9999999999999982 10.999999999999998 5.9999999999999991 8.9999999999999982 5 5.9999999999999991 4.9999999999999991 8 5.9999999999999982 5 7 5
leaf_count=7 8 6 5 7 6 6 5 7 6 8 11 6 9 5 6 5 8 6 5 7 5
internal_value=0.000153809 0.01235 -0.0201208 0.00944935 0.0132685 0.0161236 0.0119176 0.0240396 0.0165081 -0.0137401 -0.0325221 0.0157098 0.0184971 -0.00565765 0.0101141 -0.00196613 0.000431925 -0.0181665 -0.0145588 -0.0210782 0.0141059
internal_weight=144 90 54 84 63 56 37 19 12 36 18 31 25 13 16 21 16 23 11 12 10
internal_count=144 90 54 84 63 56 37 19 12 36 18 31 25 13 16 21 16 23 11 12 10
is_linear=0
shrinkage=0.025


Tree=181
num_leaves=22
num_cat=0
split_feature=3 3 4 2 0 0 1 4 1 4 1 5 1 4 1 4 2 4 5 4 1
split_gain=54.431 13.171 10.4605 7.25481 5.73226 5.1056 7.03673 3.22483 7.06023 3.77865 2.87746 1.2819 0.955577 0.997581 0.912203 0.772804 2.27455 1.91076 0.636856 0.37265 0.285658
threshold=631.12600000000009 898.2080000000002 1726.3270000000002 11.000000000000002 1.5000000000000002 4.5000000000000009 65.010000000000005 1646.2505000000003 59.361000000000011 1610.7190000000003 82.540000000000006 409.39200000000005 73.855000000000004 1737.0670000000002 32.786000000000008 1755.4370000000001 22.000000000000004 1875.2530000000002 263.84900000000005 1707.4325000000001 40.565000000000005
decision_type=2 2 2 2 2 2 2 2 2 2 2 2 2 2 2 2 2 2 2 2 2
left_child=2 5 3 4 -1 6 -2 8 9 20 11 -8 19 -14 -6 -7 -17 -18 -16 -13 -5
right_child=1 -3 -4 7 14 15 10 -9 -10 -11 -12 12 13 -15 18 16 17 -19 -20 -21 -22
leaf_value=-0.049039656284355346 0.028879222604963513 0.049906098962791502 0.018317186689147582 -0.012592593620390204 -0.010806705573430421 0.029969422526370998 -0.012722109430111365 -0.026296691754232011 0.020054275370561161 0.0040810130897068206 0.017267118826989208 0.01062001902610063 0.0034741888825710007 -0.011287542870418438 -0.028097494850393197 0.0043624512610896914 0.032624718878004284 0.013823198599786297 -0.017670026162396307 0.0019268371974644457 -0.021883992580514329
leaf_weight=5.9999999999999991 6.9999999999999991 5.9999999999999991 4.9999999999999991 5.0000000000000062 5.0000000000000027 5.0000000000000027 5.0000000000000027 5.9999999999999991 4.9999999999999991 5.9999999999999991 5.9999999999999991 5.0000000000000027 4.9999999999999982 6 12.000000000000002 6.0000000000000027 6.9999999999999991 7.9999999999999991 8.9999999999999982 8.9999999999999982 9.9999999999999982
leaf_count=6 7 6 5 5 5 5 5 6 5 6 6 5 5 6 12 6 7 8 9 9 10
internal_value=0.000150288 0.0148826 -0.0158417 -0.0185786 -0.0269983 0.0116836 0.00630476 -0.0100048 -0.00602533 -0.0124243 0.00174545 -0.00141129 0.000884286 -0.00452384 -0.0215286 0.0204155 0.0178205 0.0229933 -0.0238964 0.00522542 -0.0190755
internal_weight=144 75 69 64 32 69 43 32 26 21 36 30 25 11 26 26 21 15 21 14 15
internal_count=144 75 69 64 32 69 43 32 26 21 36 30 25 11 26 26 21 15 21 14 15
is_linear=0
shrinkage=0.025


Tree=182
num_leaves=23
num_cat=0
split_feature=3 1 4 2 0 1 3 3 4 1 4 5 1 1 3 3 1 3 5 1 5 3
split_gain=51.8279 12.6529 9.9625 6.90623 5.45757 4.89339 6.01862 15.2576 3.07106 6.72342 3.59857 1.23041 1.03938 0.865176 0.800499 1.16268 0.90942 0.808054 0.603205 0.269378 0.189496 0.0233336
threshold=631.12600000000009 86.39500000000001 1726.3270000000002 11.000000000000002 1.5000000000000002 65.010000000000005 815.36700000000008 849.64100000000019 1646.2505000000003 59.361000000000011 1610.7190000000003 376.35850000000011 85.232000000000014 32.786000000000008 732.42400000000009 756.86750000000006 73.855000000000004 689.99850000000015 263.84900000000005 40.565000000000005 382.15650000000005 711.90600000000006
decision_type=2 2 2 2 2 2 2 2 2 2 2 2 2 2 2 2 2 2 2 2 2 2
left_child=2 5 3 4 -1 11 14 -8 9 10 19 -2 -9 -6 16 -16 17 -7 -15 -5 -13 -19
right_child=1 -3 -4 8 13 6 7 12 -10 -11 -12 20 -14 18 15 -17 -18 21 -20 -21 -22 -23
leaf_value=-0.047853212731499825 0.013821398625831774 0.048852640823010475 0.017876871274067806 -0.012289887087312153 -0.010546929045365401 -0.0039837367589706926 0.055085248442796553 0.010060092205038441 -0.025660480056408676 0.019572201027319984 0.003982278716660315 0.03311885469234907 -0.0056924579808345192 -0.027406572770388396 0.01565586924552918 -0.00097479714694110513 -0.010259966781506173 0.0077141402862392948 -0.017237878315474679 -0.021347620170198235 0.022186018814963678 0.0041374890914847766
leaf_weight=5.9999999999999991 8.0000000000000018 5.9999999999999991 4.9999999999999991 5.0000000000000062 5.0000000000000027 9.0000000000000053 4.9999999999999991 4.9999999999999982 5.9999999999999991 4.9999999999999991 5.9999999999999991 4.9999999999999982 5 12.000000000000002 4.9999999999999982 5 4.9999999999999991 4.9999999999999982 8.9999999999999982 9.9999999999999982 6 6
leaf_count=6 8 6 5 5 5 9 5 5 6 5 6 5 5 12 5 5 5 5 9 10 6 6
internal_value=0.000148739 0.0145246 -0.015456 -0.0181272 -0.0263426 0.011389 0.00719642 0.0203391 -0.00976033 -0.00587548 -0.0121209 0.022167 0.00210409 -0.0210035 0.00144475 0.00736192 -0.000912153 0.00144137 -0.0233113 -0.018612 0.0277698 0.00598357
internal_weight=144 75 69 64 32 69 50 15 32 26 21 19 10 26 35 10 25 20 21 15 11 11
internal_count=144 75 69 64 32 69 50 15 32 26 21 19 10 26 35 10 25 20 21 15 11 11
is_linear=0
shrinkage=0.025


Tree=183
num_leaves=23
num_cat=0
split_feature=3 3 4 2 0 0 1 4 1 4 1 5 1 4 4 4 2 4 1 1 4 1
split_gain=49.3511 12.2533 9.48823 6.57441 5.19596 4.7017 6.48049 2.92461 6.40268 3.42712 2.50561 1.20928 0.882694 0.937206 0.83525 0.771513 2.18585 1.69578 0.603613 0.977971 0.365407 0.25396
threshold=631.12600000000009 898.2080000000002 1726.3270000000002 11.000000000000002 1.5000000000000002 4.5000000000000009 65.010000000000005 1646.2505000000003 59.361000000000011 1610.7190000000003 82.540000000000006 409.39200000000005 73.855000000000004 1737.0670000000002 1636.5410000000004 1755.4370000000001 22.000000000000004 1875.2530000000002 36.984500000000004 32.786000000000008 1707.4325000000001 40.565000000000005
decision_type=2 2 2 2 2 2 2 2 2 2 2 2 2 2 2 2 2 2 2 2 2 2
left_child=2 5 3 4 -1 6 -2 8 9 21 11 -8 20 -14 18 -7 -17 -18 19 -6 -13 -5
right_child=1 -3 -4 7 14 15 10 -9 -10 -11 -12 12 13 -15 -16 16 17 -19 -20 -21 -22 -23
leaf_value=-0.046695474463124428 0.027591175130671927 0.047956653828582455 0.017447137832641603 -0.011994457216216952 -0.010293397250083765 0.028946119632858477 -0.012376766709180972 -0.025039661919037184 0.019101715489075737 0.0038859340572549445 0.016038041009056953 0.010348013695329422 0.0033881180561505832 -0.010915992813627986 -0.027105442726093793 0.0037331660909037411 0.031059862983723482 0.013299761433154348 -0.00839296906040265 -0.025914536726971468 0.001750342823241068 -0.020824394364129098
leaf_weight=5.9999999999999991 6.9999999999999991 5.9999999999999991 4.9999999999999991 5.0000000000000062 5.0000000000000053 5.0000000000000027 5.0000000000000027 5.9999999999999991 4.9999999999999991 5.9999999999999991 5.9999999999999991 5.0000000000000027 4.9999999999999982 6 8.9999999999999982 6.0000000000000027 6.9999999999999991 7.9999999999999991 4.9999999999999991 7 8.9999999999999982 9.9999999999999982
leaf_count=6 7 6 5 5 5 5 5 6 5 6 6 5 5 6 9 6 7 8 5 7 9 10
internal_value=0.000147406 0.0141758 -0.0150797 -0.0176868 -0.025703 0.0110902 0.00592789 -0.00952187 -0.00572932 -0.0118249 0.00155189 -0.00139097 0.000837376 -0.00435812 -0.0204914 0.0194696 0.0169026 0.0219697 -0.0166427 -0.0197836 0.00501147 -0.0181599
internal_weight=144 75 69 64 32 69 43 32 26 21 36 30 25 11 26 26 21 15 17 12 14 15
internal_count=144 75 69 64 32 69 43 32 26 21 36 30 25 11 26 26 21 15 17 12 14 15
is_linear=0
shrinkage=0.025


Tree=184
num_leaves=21
num_cat=0
split_feature=3 3 2 4 1 0 4 1 3 1 1 0 3 5 3 1 4 4 4 4
split_gain=46.9974 11.665 9.04731 6.38816 4.48684 5.60556 3.76798 10.0772 7.07312 2.38545 2.25442 1.54078 1.25858 1.1522 1.12401 0.840492 0.892883 0.657944 0.435626 0.347648
threshold=631.12600000000009 898.2080000000002 9.0000000000000018 1726.3270000000002 65.010000000000005 4.5000000000000009 1646.2505000000003 48.252000000000002 529.40300000000013 82.540000000000006 59.361000000000011 2.5000000000000004 685.96150000000011 409.39200000000005 849.64100000000019 73.855000000000004 1737.0670000000002 1551.0235000000002 1497.5800000000002 1707.4325000000001
decision_type=2 2 2 2 2 2 2 2 2 2 2 2 2 2 2 2 2 2 2 2
left_child=2 4 11 6 12 9 8 -8 17 13 -10 -1 -2 -6 -7 19 -17 18 -4 -15
right_child=1 -3 3 -5 5 14 7 -9 10 -11 -12 -13 -14 15 -16 16 -18 -19 -20 -21
leaf_value=-0.040900075435638401 0.01429630632183569 0.046796411203761254 -0.01657308996087167 0.017027738203222936 -0.012079247832298272 0.027352157918115461 -9.2445159904085673e-05 -0.050055928299060228 -0.0018951771294941076 0.015650024144880235 0.018642539645616827 -0.023717448017636283 0.028142437371222868 0.010099262916124778 0.012151466335894333 0.0033066728940376873 -0.01065189619248192 -0.022577971697825452 -0.0062902674580422729 0.0017075356946367284
leaf_weight=6.0000000000000027 10.000000000000002 5.9999999999999991 8.0000000000000018 4.9999999999999991 5.0000000000000027 6.9999999999999982 4.9999999999999982 5 8.9999999999999982 5.9999999999999991 4.9999999999999991 11.999999999999998 8.9999999999999982 5.0000000000000027 7 4.9999999999999982 6 8.9999999999999982 4.9999999999999991 8.9999999999999982
leaf_count=6 10 6 8 5 5 7 5 5 9 6 5 12 9 5 7 5 6 9 5 9
internal_value=0.000145021 0.013835 -0.0147143 -0.00923433 0.0108238 0.00680822 -0.0121773 -0.0256884 -0.00826852 0.0015151 0.00551096 -0.0299002 0.0211449 -0.00135542 0.020118 0.000818589 -0.00424974 -0.0170642 -0.0128681 0.00489264
internal_weight=144 75 69 51 69 50 46 10 36 36 14 18 19 30 14 25 11 22 13 14
internal_count=144 75 69 51 69 50 46 10 36 36 14 18 19 30 14 25 11 22 13 14
is_linear=0
shrinkage=0.025


Tree=185
num_leaves=21
num_cat=0
split_feature=3 1 2 4 1 4 3 4 1 3 1 0 3 1 4 3 4 1 0 4
split_gain=44.7508 11.2617 8.60907 6.08539 4.28525 5.17231 9.13385 3.59013 9.5961 6.73491 2.14768 1.46653 1.19592 1.07841 0.623829 0.500675 0.609011 0.621827 0.460455 0.413174
threshold=631.12600000000009 86.39500000000001 9.0000000000000018 1726.3270000000002 65.010000000000005 1817.4895000000004 849.64100000000019 1646.2505000000003 48.252000000000002 529.40300000000013 59.361000000000011 2.5000000000000004 685.96150000000011 85.232000000000014 1551.0235000000002 682.85100000000011 1751.5525000000002 73.121000000000009 2.5000000000000004 1497.5800000000002
decision_type=2 2 2 2 2 2 2 2 2 2 2 2 2 2 2 2 2 2 2 2
left_child=2 4 11 7 12 15 -7 9 -9 14 -11 -1 -2 -8 19 -6 18 -18 -17 -4
right_child=1 -3 3 -5 5 6 13 8 -10 10 -12 -13 -14 -15 -16 16 17 -19 -20 -21
leaf_value=-0.039910557097004279 0.013945906618883938 0.045886895637358385 -0.016168868205532792 0.016618415340781213 -0.0065360826368515302 0.03682348701376012 0.0092064547567413425 -9.0223507812389964e-05 -0.048852660392339403 -0.0018488274522773598 0.018194401550751468 -0.023134232202514274 0.027454171200161394 -0.0068637772696092713 -0.022025792729919374 0.0010738423742029971 0.002732815899916234 -0.0089132304410808345 0.0097650490442497875 -0.0061390587307799324
leaf_weight=6.0000000000000027 10.000000000000002 5.9999999999999991 8.0000000000000018 4.9999999999999991 4.9999999999999991 8.0000000000000018 4.9999999999999982 4.9999999999999982 5 8.9999999999999982 4.9999999999999991 11.999999999999998 8.9999999999999982 5 8.9999999999999982 9.0000000000000053 5.9999999999999982 5 6.9999999999999991 4.9999999999999991
leaf_count=6 10 6 8 5 5 8 5 5 5 9 5 12 9 5 9 9 6 5 7 5
internal_value=0.000141754 0.0135007 -0.0143579 -0.00901134 0.010542 0.00661712 0.0172601 -0.0118841 -0.0250738 -0.0080675 0.00537688 -0.0291721 0.020629 0.00107176 -0.0166507 0.000521576 0.00191295 -0.00251387 0.00502702 -0.0125574
internal_weight=144 75 69 51 69 50 18 46 10 36 14 18 19 10 22 32 27 11 16 13
internal_count=144 75 69 51 69 50 18 46 10 36 14 18 19 10 22 32 27 11 16 13
is_linear=0
shrinkage=0.025


Tree=186
num_leaves=22
num_cat=0
split_feature=3 3 2 0 1 1 3 3 3 5 3 3 5 3 0 1 1 4 4 2 3
split_gain=42.672 12.4774 5.28766 4.69184 5.41779 2.58878 3.41741 2.36529 5.80496 1.86847 3.27525 1.75374 5.62374 3.0589 1.39578 0.673025 0.62319 0.445297 0.941139 0.320115 0.0247186
threshold=586.65050000000008 898.2080000000002 9.0000000000000018 2.5000000000000004 52.783000000000008 64.413000000000025 699.50650000000007 568.22250000000008 529.40300000000013 376.35850000000011 641.1735000000001 832.14450000000011 491.27100000000002 777.19350000000009 2.5000000000000004 40.565000000000005 76.620000000000019 1707.4325000000001 1657.0175000000002 11.000000000000002 728.83900000000006
decision_type=2 2 2 2 2 2 2 2 2 2 2 2 2 2 2 2 2 2 2 2 2
left_child=2 3 14 16 -5 9 -7 8 15 10 -6 13 -13 20 -1 19 17 18 -2 -4 -8
right_child=1 -3 7 4 5 6 11 -9 -10 -11 -12 12 -14 -15 -16 -17 -18 -19 -20 -21 -22
leaf_value=-0.038944978194852008 -0.0091254338478812761 0.04497948191579311 -0.015170052637242594 -0.0089070006791088334 0.027819670965113938 -0.0068432746875670657 0.0089415174398210645 -0.027491711997068846 0.010769514977518055 0.032098880596458906 0.0016158345061534594 0.022513305996694877 -0.011121773321722303 0.034805322839663581 -0.022565357655775352 -0.020427341888780183 0.0045493725236625442 -0.010785142518579961 0.0058714564603108612 -0.0070696530159471971 0.013444112286698529
leaf_weight=6.0000000000000027 5.0000000000000018 5.9999999999999991 7.0000000000000062 6.9999999999999991 6.0000000000000018 5.9999999999999991 6.0000000000000062 4.9999999999999991 6.9999999999999991 6.9999999999999991 6 5.9999999999999982 6 4.9999999999999991 11.999999999999998 8.9999999999999982 5.9999999999999991 4.9999999999999991 5 7.9999999999999991 7.9999999999999991
leaf_count=6 5 6 7 7 6 6 6 5 7 7 6 6 6 5 12 9 6 5 5 8 8
internal_value=0.000137819 0.010681 -0.0173856 0.00811521 0.0115205 0.0141188 0.0101106 -0.0116863 -0.00893707 0.0216725 0.0150615 0.0134549 0.00568668 0.0181858 -0.0284619 -0.014778 -0.00205412 -0.00480286 -0.00153634 -0.0110819 0.0117556
internal_weight=144 90 54 84 63 56 37 36 31 19 12 31 12 19 18 24 21 15 10 15 14
internal_count=144 90 54 84 63 56 37 36 31 19 12 31 12 19 18 24 21 15 10 15 14
is_linear=0
shrinkage=0.025


Tree=187
num_leaves=21
num_cat=0
split_feature=3 1 4 2 0 1 4 3 3 4 1 4 5 1 1 4 5 3 0 1
split_gain=40.6556 10.5007 8.04611 5.4618 4.80105 3.97789 4.43402 5.24919 9.16137 2.48013 5.46614 3.14215 2.07079 1.05455 0.975765 0.720073 0.555339 0.449716 0.430284 0.24674
threshold=631.12600000000009 86.39500000000001 1726.3270000000002 11.000000000000002 1.5000000000000002 64.413000000000025 1790.8060000000003 849.64100000000019 815.36700000000008 1646.2505000000003 59.361000000000011 1610.7190000000003 376.35850000000011 85.232000000000014 32.786000000000008 1751.5525000000002 263.84900000000005 682.85100000000011 2.5000000000000004 40.565000000000005
decision_type=2 2 2 2 2 2 2 2 2 2 2 2 2 2 2 2 2 2 2 2
left_child=2 5 3 4 -1 12 15 8 -8 10 11 19 -2 -9 -6 17 -16 -7 -19 -5
right_child=1 -3 -4 9 14 6 7 13 -10 -11 -12 -13 -14 -15 16 -17 -18 18 -20 -21
leaf_value=-0.043537509104897898 0.011958205417400546 0.044140945627324041 0.016256474159084832 -0.010887404835711292 -0.007651244275845008 -0.0029647994606244914 0.0088522811339277266 0.0087673740604749095 0.051010257693437422 -0.02293171981770185 0.017791427729221491 0.0042474165198303033 0.03131869998243119 -0.0071325737374046657 -0.024684843555337087 -0.0059865638125324401 -0.015075406253985738 0.0010505496524274352 0.0094591663632955826 -0.019436711401623841
leaf_weight=5.9999999999999991 7.9999999999999982 5.9999999999999991 4.9999999999999991 5.0000000000000062 5.0000000000000027 6.0000000000000062 9.0000000000000018 4.9999999999999982 4.9999999999999991 5.9999999999999991 4.9999999999999991 5.9999999999999991 7 5 12.000000000000002 7.9999999999999991 8.9999999999999982 8.9999999999999982 6.9999999999999991 9.9999999999999982
leaf_count=6 8 6 5 5 5 6 9 5 5 6 5 6 7 5 12 8 9 9 7 10
internal_value=0.00013516 0.0128686 -0.0136847 -0.0160867 -0.023395 0.0100115 0.00676651 0.0147291 0.0245031 -0.00863963 -0.00514388 -0.01078 0.0213685 0.000710879 -0.0184021 0.000299651 -0.0208065 0.00267519 0.00487784 -0.0168499
internal_weight=144 75 69 64 32 69 54 24 14 32 26 21 15 10 26 30 21 22 16 15
internal_count=144 75 69 64 32 69 54 24 14 32 26 21 15 10 26 30 21 22 16 15
is_linear=0
shrinkage=0.025


Tree=188
num_leaves=24
num_cat=0
split_feature=3 2 0 4 2 4 1 1 0 4 4 0 4 1 3 4 4 1 4 3 3 4 1
split_gain=38.71 10.3321 16.7115 7.66328 5.31756 3.38902 9.3197 5.94004 3.24837 4.42513 3.06086 2.67001 1.31819 1.30676 0.927001 0.626175 2.21583 0.35042 0.577732 1.34483 0.704273 0.278486 0.110997
threshold=631.12600000000009 26.000000000000004 4.5000000000000009 1726.3270000000002 9.0000000000000018 1646.2505000000003 48.252000000000002 59.361000000000011 4.5000000000000009 1926.3670000000002 1633.2385000000002 2.5000000000000004 1497.5800000000002 45.717000000000006 473.29000000000002 1755.4370000000001 1805.2390000000003 65.668000000000021 1702.9405000000004 718.77850000000012 777.19350000000009 1875.2530000000002 32.572500000000005
decision_type=2 2 2 2 2 2 2 2 2 2 2 2 2 2 2 2 2 2 2 2 2 2 2
left_child=3 8 11 4 12 7 -7 10 17 15 13 -3 -1 14 22 -10 -17 -2 -19 -20 -21 -18 -6
right_child=1 2 -4 -5 5 6 -8 -9 9 -11 -12 -13 -14 -15 -16 16 21 18 19 20 -22 -23 -24
leaf_value=-0.036226915236976395 0.0071975585073232613 -0.00074534317335257132 0.067170196198500107 0.015865693929103707 -0.010426908717132512 0.00024425036345536894 -0.047302821851693655 0.017363748928675284 0.026997624720948212 -0.0070593669831466215 0.0042921332822692003 0.022772424895730281 -0.020839163195341827 -0.025615190083701767 -0.0021041162312030793 0.0013988906947466034 0.025351199259360635 0.0071531392273402944 -0.0093338378591508366 0.0096495004641192605 -0.0027296964938823987 0.015092894635521449 -0.017165326869682127
leaf_weight=7.0000000000000027 6.0000000000000027 5.0000000000000018 4.9999999999999991 4.9999999999999991 5.0000000000000098 4.9999999999999982 5 4.9999999999999991 5.0000000000000062 4.9999999999999991 5.9999999999999991 7 10.999999999999998 5.9999999999999991 4.9999999999999991 5.0000000000000027 6.9999999999999982 6.0000000000000027 8.0000000000000018 5.9999999999999982 5 5 8.9999999999999982
leaf_count=7 6 5 5 5 5 5 5 5 5 5 6 7 11 6 5 5 7 6 8 6 5 5 9
internal_value=0.000133327 0.0125586 0.0296146 -0.0133516 -0.015696 -0.0110595 -0.0238681 -0.0073548 0.00745334 0.0137671 -0.0114675 0.0130193 -0.0272243 -0.0153034 -0.0117491 0.0185776 0.0157434 0.0018612 0.000483908 -0.00160963 0.00396272 0.0214969 -0.0150275
internal_weight=144 75 17 69 64 46 10 36 58 27 31 12 18 25 19 22 17 31 25 19 11 12 14
internal_count=144 75 17 69 64 46 10 36 58 27 31 12 18 25 19 22 17 31 25 19 11 12 14
is_linear=0
shrinkage=0.025


Tree=189
num_leaves=23
num_cat=0
split_feature=3 1 2 0 2 4 3 4 1 4 5 3 3 4 0 1 1 1 4 4 5 1
split_gain=36.9041 11.4704 4.6582 4.10214 5.20306 4.5774 13.9481 8.06668 10.5063 7.91983 5.51957 2.42861 5.3877 1.90877 1.2598 0.667258 0.573041 0.412993 0.402325 0.899197 0.323182 0.0810089
threshold=586.65050000000008 86.39500000000001 9.0000000000000018 2.5000000000000004 26.000000000000004 1755.4370000000001 711.90600000000006 1726.3270000000002 65.572500000000005 1702.9405000000004 491.27100000000002 568.22250000000008 529.40300000000013 1805.2390000000003 2.5000000000000004 40.565000000000005 76.620000000000019 80.036500000000018 1707.4325000000001 1657.0175000000002 245.00850000000003 80.53100000000002
decision_type=2 2 2 2 2 2 2 2 2 2 2 2 2 2 2 2 2 2 2 2 2 2
left_child=2 3 14 16 5 7 -7 9 -9 -5 13 12 15 -8 -1 20 18 -15 19 -2 -4 -6
right_child=1 -3 11 4 21 6 10 8 -10 -11 -12 -13 -14 17 -16 -17 -18 -19 -20 -21 -22 -23
leaf_value=-0.036507084773432799 -0.0089676281867118925 0.042820258654894361 -0.013101164891344042 0.018825868784409491 0.02133253768326775 -0.036853966575402457 0.0027465929062320598 0.05695508282918197 0.005641155539510341 -0.016159433304953078 -0.013577018903854949 -0.026795587058250719 0.010936963878985909 0.014759004245010711 -0.020968689378656327 -0.019255359568025758 0.0042996223775609846 0.026717046864571103 -0.010356211554832184 0.0056889581422393124 -0.0049435089432424114 0.030726185269080671
leaf_weight=6.0000000000000027 5.0000000000000018 5.9999999999999991 9.0000000000000053 9.0000000000000053 5.9999999999999982 5.0000000000000027 5.0000000000000062 4.9999999999999982 5 6.9999999999999991 4.9999999999999991 4.9999999999999991 6.9999999999999991 4.9999999999999982 11.999999999999998 8.9999999999999982 5.9999999999999991 6 4.9999999999999991 5 5.9999999999999991 5
leaf_count=6 5 6 9 9 6 5 5 5 5 7 5 5 7 5 12 9 6 6 5 5 6 5
internal_value=0.000131632 0.00993696 -0.0161639 0.00747718 0.0106617 0.00726598 -0.000117035 0.0146412 0.0320344 0.0034321 0.00883605 -0.0108127 -0.00803954 0.0159984 -0.0265611 -0.0136707 -0.00202801 0.0217538 -0.00466456 -0.00154893 -0.0100283 0.0261864
internal_weight=144 90 54 84 63 52 26 26 10 16 21 36 31 16 18 24 21 11 15 10 15 11
internal_count=144 90 54 84 63 52 26 26 10 16 21 36 31 16 18 24 21 11 15 10 15 11
is_linear=0
shrinkage=0.025


Tree=190
num_leaves=24
num_cat=0
split_feature=3 3 4 2 0 1 0 4 1 4 3 3 5 1 1 1 4 3 4 1 5 3 3
split_gain=35.3609 9.63587 6.9283 4.84492 4.47113 3.81266 4.43338 2.26474 4.874 2.91344 1.93999 3.75444 1.65261 1.1165 1.06369 0.916268 0.850362 0.52078 0.512634 0.511807 0.48676 0.237083 0.0364924
threshold=631.12600000000009 898.2080000000002 1726.3270000000002 11.000000000000002 1.5000000000000002 64.413000000000025 4.5000000000000009 1646.2505000000003 59.361000000000011 1610.7190000000003 689.99850000000015 663.07700000000011 409.39200000000005 82.540000000000006 32.786000000000008 73.855000000000004 1737.0670000000002 849.64100000000019 1702.9405000000004 65.668000000000021 263.84900000000005 515.50500000000011 718.77850000000012
decision_type=2 2 2 2 2 2 2 2 2 2 2 2 2 2 2 2 2 2 2 2 2 2 2
left_child=2 5 3 4 -1 10 12 8 9 21 11 -2 -7 15 -6 18 -17 19 -14 -8 -16 -5 -20
right_child=1 -3 -4 7 14 6 17 -9 -10 -11 -12 -13 13 -15 20 16 -18 -19 22 -21 -22 -23 -24
leaf_value=-0.041292550871449132 0.028255239562489671 0.041959881079533405 0.015017203757396111 -0.012723204544654072 -0.006016273395373267 -0.011855983017728881 0.01335126224618691 -0.021626576889426478 0.017018312788926637 0.0044988810655570794 0.033123638251653084 -0.0018000806753452005 0.011421180853190323 0.012864931744913903 -0.023193859107425951 0.0029778610055263229 -0.010638508723387794 0.010472388436189958 0 0.026536029247710338 -0.014157246020825015 -0.021008085516782907 0.0029867665269053892
leaf_weight=5.9999999999999991 4.9999999999999982 5.9999999999999991 4.9999999999999991 10.000000000000005 5.0000000000000027 4.9999999999999991 5.0000000000000018 5.9999999999999991 4.9999999999999991 5.9999999999999991 4.9999999999999991 5 5.0000000000000027 5.9999999999999991 12.000000000000002 4.9999999999999982 6 6.9999999999999991 4.9999999999999982 5 8.9999999999999982 4.9999999999999991 5
leaf_count=6 5 6 5 10 5 5 5 6 5 6 5 5 5 6 12 5 6 7 5 5 9 5 5
internal_value=0.000129519 0.0120055 -0.0127585 -0.0149879 -0.0218714 0.00926895 0.00609505 -0.00797252 -0.00463284 -0.00995876 0.0203822 0.0133644 0.00117705 0.00331328 -0.0170609 0.000979959 -0.00439499 0.0165881 0.00500979 0.0204572 -0.0195501 -0.0158072 0.00152046
internal_weight=144 75 69 64 32 69 54 32 26 21 15 10 37 32 26 26 11 17 15 10 21 15 10
internal_count=144 75 69 64 32 69 54 32 26 21 15 10 37 32 26 26 11 17 15 10 21 15 10
is_linear=0
shrinkage=0.025


Tree=191
num_leaves=24
num_cat=0
split_feature=3 2 1 4 2 3 5 0 3 1 5 0 0 1 5 3 1 3 4 5 1 5 0
split_gain=33.6761 9.57844 15.5321 6.59896 4.6518 3.24877 2.95701 4.16276 2.71538 2.68354 2.76935 2.31737 1.1873 0.909466 1.36954 0.926158 0.665787 0.429037 0.809296 0.309879 0.196084 0.124607 0.00913231
threshold=631.12600000000009 26.000000000000004 82.540000000000006 1726.3270000000002 9.0000000000000018 602.59550000000013 499.30500000000006 3.5000000000000004 529.40300000000013 48.252000000000002 356.43250000000006 2.5000000000000004 2.5000000000000004 80.036500000000018 382.15650000000005 685.96150000000011 40.565000000000005 682.85100000000011 1737.0670000000002 245.00850000000003 73.855000000000004 391.6905000000001 4.5000000000000009
decision_type=2 2 2 2 2 2 2 2 2 2 2 2 2 2 2 2 2 2 2 2 2 2 2
left_child=3 6 11 4 12 8 7 17 16 -10 -11 -3 -1 14 15 -9 19 -2 20 -6 -19 -16 -14
right_child=1 2 -4 -5 5 -7 -8 13 9 10 -12 -13 22 -15 21 -17 -18 18 -20 -21 -22 -23 -24
leaf_value=-0.035051564343513961 -0.005126829862955113 -0.00066351648240994918 0.064341448448025265 0.014656214244090594 -0.012255034603826376 -0.027251007383869541 -0.0094866513064311413 0.010134620459810371 0.015234175983529824 -0.019912414847371676 0.0047708505704518282 0.021230925433337686 -0.022846675255606255 0.021635728414453895 0.0073622351082471716 0.025677560384456923 -0.018420455726268502 0.010473537674316996 -0.0044507163066056466 -0.0043176257442082127 0.0029062779763570192 0.0013792694116441101 -0.016287188664559395
leaf_weight=6.0000000000000027 6.0000000000000027 5.0000000000000018 4.9999999999999991 4.9999999999999991 9.0000000000000018 5.9999999999999991 5.9999999999999991 6.0000000000000053 4.9999999999999991 4.9999999999999982 6 7 5.9999999999999982 8.9999999999999982 4.9999999999999982 5 8.9999999999999982 4.9999999999999982 5.9999999999999991 5.9999999999999991 5 5 6
leaf_count=6 6 5 5 5 9 6 6 6 5 5 6 7 6 9 5 5 9 5 6 6 5 5 6
internal_value=0.000128658 0.0117184 0.0281388 -0.0124483 -0.0146244 -0.0102854 0.00680394 0.00873672 -0.0075866 0.000324224 -0.00649244 0.0121445 -0.0254093 0.0147637 0.0115832 0.0176436 -0.0128712 0.000402894 0.0025914 -0.00926089 0.00694363 0.004579 -0.0199902
internal_weight=144 75 17 69 64 46 58 52 40 16 11 12 18 30 21 11 24 22 16 15 10 10 12
internal_count=144 75 17 69 64 46 58 52 40 16 11 12 18 30 21 11 24 22 16 15 10 10 12
is_linear=0
shrinkage=0.025


Tree=192
num_leaves=21
num_cat=0
split_feature=3 1 4 2 0 1 4 3 3 4 1 4 5 1 1 4 5 3 0 3
split_gain=32.0729 9.34816 6.28624 4.55406 4.18008 3.5987 3.25172 5.2498 8.39952 2.11336 4.60821 2.66869 1.81928 1.09938 0.988177 0.691939 0.424956 0.39318 0.388969 0.220774
threshold=631.12600000000009 86.39500000000001 1726.3270000000002 11.000000000000002 1.5000000000000002 64.413000000000025 1790.8060000000003 849.64100000000019 815.36700000000008 1646.2505000000003 59.361000000000011 1610.7190000000003 376.35850000000011 32.786000000000008 85.232000000000014 1751.5525000000002 263.84900000000005 682.85100000000011 2.5000000000000004 515.50500000000011
decision_type=2 2 2 2 2 2 2 2 2 2 2 2 2 2 2 2 2 2 2 2
left_child=2 5 3 4 -1 12 15 8 -8 10 11 19 -2 -6 -9 17 -15 -7 -19 -5
right_child=1 -3 -4 9 13 6 7 14 -10 -11 -12 -13 -14 16 -16 -17 -18 18 -20 -21
leaf_value=-0.039721278641973772 0.010725211115871991 0.040935581898496998 0.014303903081096137 -0.012054890313861409 -0.005146420403168748 -0.0028167206133084878 0.0072979455651796367 0.006337303940493328 0.047622418804810593 -0.02065859147978406 0.016802437660785822 0.004400605143558594 0.028857809325887093 -0.022251093402871337 -0.0090386635086570771 -0.0060457690391780405 -0.013713918658702272 0.00087011548002129027 0.0088650734422521457 -0.020038765258728886
leaf_weight=5.9999999999999991 7.9999999999999982 5.9999999999999991 4.9999999999999991 10.000000000000005 5.0000000000000027 6.0000000000000062 9.0000000000000018 4.9999999999999982 4.9999999999999991 5.9999999999999991 4.9999999999999991 5.9999999999999991 7 12.000000000000002 5 7.9999999999999991 8.9999999999999982 8.9999999999999982 6.9999999999999991 4.9999999999999991
leaf_count=6 8 6 5 10 5 6 9 5 5 6 5 6 7 12 5 8 9 9 7 5
internal_value=0.000126048 0.0114368 -0.0121477 -0.0142719 -0.0209446 0.00874275 0.00566006 0.0124785 0.0222555 -0.00747169 -0.00424638 -0.00942819 0.0195377 -0.0162936 -0.00125461 0.000117371 -0.0188152 0.0024491 0.00451133 -0.0150271
internal_weight=144 75 69 64 32 69 54 24 14 32 26 21 15 26 10 30 21 22 16 15
internal_count=144 75 69 64 32 69 54 24 14 32 26 21 15 26 10 30 21 22 16 15
is_linear=0
shrinkage=0.025


Tree=193
num_leaves=24
num_cat=0
split_feature=3 2 0 2 4 3 5 0 3 1 5 0 0 1 5 3 1 3 4 5 1 5 0
split_gain=30.5397 9.18816 14.9796 6.09149 4.21439 3.14185 2.99563 3.77218 2.44818 2.60777 2.50405 2.09152 1.11762 0.825412 1.27484 0.874883 0.662861 0.401818 0.759735 0.296946 0.179741 0.104303 0.0183274
threshold=631.12600000000009 26.000000000000004 4.5000000000000009 9.0000000000000018 1726.3270000000002 602.59550000000013 499.30500000000006 3.5000000000000004 529.40300000000013 48.252000000000002 356.43250000000006 2.5000000000000004 2.5000000000000004 80.036500000000018 382.15650000000005 685.96150000000011 40.565000000000005 682.85100000000011 1737.0670000000002 245.00850000000003 73.855000000000004 391.6905000000001 4.5000000000000009
decision_type=2 2 2 2 2 2 2 2 2 2 2 2 2 2 2 2 2 2 2 2 2 2 2
left_child=3 6 11 12 5 8 7 17 16 -10 -11 -3 -1 14 15 -9 19 -2 20 -5 -19 -16 -14
right_child=1 2 -4 4 -6 -7 -8 13 9 10 -12 -13 22 -15 21 -17 -18 18 -20 -21 -22 -23 -24
leaf_value=-0.033660788978299765 -0.0049892516781373164 -0.00061516174867462634 0.06279068188025401 -0.011451965959175772 0.013960057783585328 -0.026422010842830908 -0.010046001722014721 0.0095568316898518909 0.015110541478945661 -0.019066566882583388 0.004398938376576669 0.02017369133213328 -0.021893540505440009 0.020586419224982031 0.0067949858709023554 0.024644619341080004 -0.017622727244768457 0.010085541740632977 -0.0043385852789205887 -0.0037287906172775451 0.0028154995292425152 0.0012839191378309174 -0.015423659403477945
leaf_weight=6.0000000000000027 6.0000000000000027 5.0000000000000018 4.9999999999999991 9.0000000000000018 4.9999999999999991 5.9999999999999991 5.9999999999999991 6.0000000000000053 4.9999999999999991 4.9999999999999982 6 7 5.9999999999999982 8.9999999999999982 4.9999999999999982 5 8.9999999999999982 4.9999999999999982 5.9999999999999991 5.9999999999999991 5 5 6
leaf_count=6 6 5 5 9 5 6 6 6 5 5 6 7 6 9 5 5 9 5 6 6 5 5 6
internal_value=0.000124129 0.0111614 0.0272421 -0.0118525 -0.00735113 -0.00974502 0.00634927 0.00829622 -0.00709337 0.000413709 -0.0063056 0.0115411 -0.0243167 0.0140334 0.0109983 0.0168441 -0.0121118 0.000360488 0.00248063 -0.00853464 0.00669955 0.00424121 -0.0190669
internal_weight=144 75 17 69 51 46 58 52 40 16 11 12 18 30 21 11 24 22 16 15 10 10 12
internal_count=144 75 17 69 51 46 58 52 40 16 11 12 18 30 21 11 24 22 16 15 10 10 12
is_linear=0
shrinkage=0.025


Tree=194
num_leaves=22
num_cat=0
split_feature=2 0 2 1 5 0 5 3 3 4 4 4 3 5 4 3 1 4 1 5 4
split_gain=29.2885 11.5516 13.3654 7.79083 3.84722 3.41861 1.76803 2.56266 1.46816 1.32458 1.53552 1.14672 1.14229 2.2056 1.4344 0.783452 0.833918 0.774203 0.272495 0.272112 0.0424535
threshold=15.000000000000002 2.5000000000000004 26.000000000000004 82.540000000000006 499.30500000000006 1.5000000000000002 340.53400000000005 669.98900000000015 631.12600000000009 1686.0285000000001 1636.5410000000004 1582.5550000000001 815.36700000000008 382.15650000000005 1782.5045000000002 489.58850000000007 32.572500000000005 1737.0670000000002 67.984500000000011 245.00850000000003 1707.4325000000001
decision_type=2 2 2 2 2 2 2 2 2 2 2 2 2 2 2 2 2 2 2 2 2
left_child=5 8 4 -4 6 -1 -3 -8 11 10 15 -2 13 -9 18 16 -7 20 -15 -18 -10
right_child=1 2 3 -5 -6 9 7 12 17 -11 -12 -13 -14 14 -16 -17 19 -19 -20 -21 -22
leaf_value=-0.030267978100696716 -0.001779666371070421 0.023779053889936019 0.01965117810500993 0.061325852529933805 -0.00980295334311743 -0.0055210410402371261 -0.0025029629286702562 0.022067709843958568 0.0047917457245704185 -0.0034982303643356204 -0.026157002403370794 -0.017746251868084071 0.020082947324313552 0.014204829845290912 -0.0051611330420259505 -0.005402341213725184 -0.022097944323387415 -0.0080459019330401827 0.0055282575769289837 -0.012926408858789552 0.0012756736375964604
leaf_weight=7.9999999999999991 5.0000000000000018 5.9999999999999991 6.9999999999999982 5 5.9999999999999991 5.0000000000000062 8.9999999999999982 6.0000000000000027 7.0000000000000018 8.9999999999999982 5.9999999999999991 7 8.9999999999999982 5.0000000000000018 5.9999999999999991 8.9999999999999982 6.9999999999999982 4.9999999999999991 6 6 5
leaf_count=8 5 6 7 5 6 5 9 6 7 9 6 7 9 5 6 9 7 5 6 6 5
internal_value=0.000121604 0.00834925 0.0141945 0.0378388 0.00869547 -0.0152931 0.011115 0.00912493 -0.00471685 -0.0122812 -0.0146034 -0.0113342 0.0124293 0.00923324 0.00442682 -0.0118165 -0.0148603 0 0.00976699 -0.0182196 0.0034741
internal_weight=144 94 65 12 53 50 47 41 29 42 33 12 32 23 17 27 18 17 11 13 12
internal_count=144 94 65 12 53 50 47 41 29 42 33 12 32 23 17 27 18 17 11 13 12
is_linear=0
shrinkage=0.025


Tree=195
num_leaves=23
num_cat=0
split_feature=2 0 2 0 5 0 5 3 3 4 4 3 4 3 5 4 1 4 1 4 1 4
split_gain=27.8949 11.0017 12.7299 7.66227 3.66436 3.25038 1.68247 2.44105 1.39865 1.26102 1.50364 1.26346 1.0905 1.08494 2.09913 1.36695 0.748057 0.737655 0.510813 0.290653 0.258705 0.040073
threshold=15.000000000000002 2.5000000000000004 26.000000000000004 4.5000000000000009 499.30500000000006 1.5000000000000002 340.53400000000005 669.98900000000015 631.12600000000009 1686.0285000000001 1596.1025000000002 473.29000000000002 1582.5550000000001 815.36700000000008 382.15650000000005 1782.5045000000002 35.686500000000002 1737.0670000000002 40.565000000000005 1497.5800000000002 67.984500000000011 1707.4325000000001
decision_type=2 2 2 2 2 2 2 2 2 2 2 2 2 2 2 2 2 2 2 2 2 2
left_child=5 8 4 -4 6 -1 -3 -8 12 10 11 16 -2 14 -9 20 19 21 -12 -7 -16 -10
right_child=1 2 3 -5 -6 9 7 13 17 -11 18 -13 -14 -15 15 -17 -18 -19 -20 -21 -22 -23
leaf_value=-0.029529734800865012 -0.0017368857104044684 0.023203754665390139 0.018916318027509586 0.060207832697778935 -0.009565785935809536 -0.004133419799976619 -0.0024417491204550734 0.021533813856301758 0.0046752798267536673 -0.0034126754283257156 -0.013771529044382849 0.00077448232242694273 -0.017314918833370836 0.019591788054727347 0.01386336801716914 -0.0050362672897115834 -0.021490837218096623 -0.0078524906904651574 -0.026139658451494241 -0.012969623878598211 0.0053945092754738942 0.0012450085523036808
leaf_weight=7.9999999999999991 5.0000000000000018 5.9999999999999991 6.9999999999999982 5 5.9999999999999991 5.0000000000000053 8.9999999999999982 6.0000000000000027 7.0000000000000018 8.9999999999999982 4.9999999999999982 4.9999999999999991 7 8.9999999999999982 5.0000000000000018 5.9999999999999991 4.9999999999999991 4.9999999999999991 7 6 6 5
leaf_count=8 5 6 7 5 6 5 9 6 7 9 5 5 7 9 5 6 5 5 7 6 6 5
internal_value=0.000118236 0.00814796 0.0138525 0.0369285 0.00848508 -0.0149251 0.0108467 0.00890414 -0.00460261 -0.0119868 -0.014253 -0.00994719 -0.0110614 0.0121293 0.00901165 0.00432038 -0.0133431 0 -0.021399 -0.00921031 0.00953442 0.0033923
internal_weight=144 94 65 12 53 50 47 41 29 42 33 21 12 32 23 17 16 17 12 11 11 12
internal_count=144 94 65 12 53 50 47 41 29 42 33 21 12 32 23 17 16 17 12 11 11 12
is_linear=0
shrinkage=0.025


Tree=196
num_leaves=24
num_cat=0
split_feature=2 1 0 4 1 1 2 0 0 0 3 2 4 4 4 3 3 4 4 4 1 1 4
split_gain=26.5681 10.7345 7.23278 4.32029 6.21907 3.42478 3.19514 2.10519 1.88456 3.21939 1.33245 1.29436 2.66875 2.29274 1.1509 1.18209 1.08062 1.04285 1.03702 0.70284 0.608457 0.218091 0.0378152
threshold=15.000000000000002 86.39500000000001 2.5000000000000004 1907.0695000000003 82.540000000000006 65.010000000000005 9.0000000000000018 4.5000000000000009 5.5000000000000009 4.5000000000000009 631.12600000000009 22.000000000000004 1771.7550000000003 1737.0670000000002 1596.1025000000002 458.17200000000008 699.50650000000007 1497.5800000000002 1582.5550000000001 1737.0670000000002 55.964500000000008 32.572500000000005 1707.4325000000001
decision_type=2 2 2 2 2 2 2 2 2 2 2 2 2 2 2 2 2 2 2 2 2 2 2
left_child=6 2 10 4 5 11 17 16 9 14 18 12 20 -13 15 21 -7 -1 -2 22 -4 -8 -12
right_child=1 -3 3 -5 -6 7 8 -9 -10 -11 19 13 -14 -15 -16 -17 -18 -19 -20 -21 -22 -23 -24
leaf_value=-0.030993664264678939 -0.0016951338029824762 0.03979500312838824 0.011142027263457954 -0.0061501320644577117 0.036992225243199249 -0.012138842304165539 -0.0069162412761495529 0.014406395703554155 -0.023597060831693505 0.010799372196197511 0.0045616445028119597 0.010333179213249916 -0.0034856768181690798 0.035111590704092609 -0.021525125327305154 0.0023132182442798066 0.0020583718124291173 -0.017369914360876596 -0.016894069865035513 -0.0076637292638994173 0.024907013601981675 -0.014910461448339952 0.0012150803580880164
leaf_weight=7.0000000000000027 5.0000000000000018 5.9999999999999991 5.0000000000000018 7.9999999999999991 5.9999999999999991 5.0000000000000027 5.0000000000000089 5.9999999999999991 4.9999999999999991 4.9999999999999991 7.0000000000000018 4.9999999999999982 4.9999999999999991 5 4.9999999999999991 4.9999999999999991 8.9999999999999982 10.999999999999998 7 4.9999999999999991 5 7 5
leaf_count=7 5 6 5 8 6 5 5 6 5 5 7 5 5 5 5 5 9 11 7 5 5 7 5
internal_value=0.000114899 0.00795155 0.00568091 0.0107001 0.0133814 0.0100559 -0.0145661 0.00223439 -0.009659 -0.00687739 -0.00449113 0.0161961 0.0111401 0.0232905 -0.0110122 -0.0076332 -0.00302359 -0.0230191 -0.0107952 0 0.0185005 -0.01185 0.00331248
internal_weight=144 94 88 59 51 45 50 20 32 27 29 25 15 10 22 17 14 18 12 17 10 12 12
internal_count=144 94 88 59 51 45 50 20 32 27 29 25 15 10 22 17 14 18 12 17 10 12 12
is_linear=0
shrinkage=0.025


Tree=197
num_leaves=24
num_cat=0
split_feature=2 1 0 4 1 1 0 0 3 2 4 4 4 4 3 3 4 1 4 1 1 4 4
split_gain=25.3025 10.2197 6.8898 4.11568 5.91908 3.26285 3.0669 2.00451 1.26941 1.23202 2.54372 2.18165 1.21042 1.44887 1.15755 1.02945 0.986128 0.757144 0.669676 0.57782 0.522503 0.305958 0.0356739
threshold=15.000000000000002 86.39500000000001 2.5000000000000004 1907.0695000000003 82.540000000000006 65.010000000000005 1.5000000000000002 4.5000000000000009 631.12600000000009 22.000000000000004 1771.7550000000003 1737.0670000000002 1686.0285000000001 1596.1025000000002 473.29000000000002 699.50650000000007 1582.5550000000001 35.686500000000002 1737.0670000000002 55.964500000000008 40.565000000000005 1497.5800000000002 1707.4325000000001
decision_type=2 2 2 2 2 2 2 2 2 2 2 2 2 2 2 2 2 2 2 2 2 2 2
left_child=6 2 8 4 5 9 -1 15 16 10 19 -11 13 14 17 -7 -2 21 22 -4 -15 -8 -10
right_child=1 -3 3 -5 -6 7 12 -9 18 11 -12 -13 -14 20 -16 -17 -18 -19 -20 -21 -22 -23 -24
leaf_value=-0.028396216223425252 -0.0016543854314547309 0.038832219651028996 0.01087419035343023 -0.0060001281339947775 0.036097251407561759 -0.011847043467255732 -0.0033663417284305235 0.01405785390806775 0.0044507710935754894 0.010084785459688508 -0.003401886442532906 0.034267563143601777 -0.0029728909387536674 -0.012982981981566322 0.00088951985996503112 0.002008031154780284 -0.01648345098365098 -0.020769594079599933 -0.00747950501480283 0.024308288312302181 -0.025332280269099606 -0.012307506343049387 0.0011858717538416384
leaf_weight=7.9999999999999991 5.0000000000000018 5.9999999999999991 5.0000000000000018 7.9999999999999991 5.9999999999999991 5.0000000000000027 5.0000000000000053 5.9999999999999991 7.0000000000000018 4.9999999999999982 4.9999999999999991 5 8.9999999999999982 4.9999999999999982 4.9999999999999991 8.9999999999999982 7 4.9999999999999991 4.9999999999999991 5 7 6 5
leaf_count=8 5 6 5 8 6 5 5 6 7 5 5 5 9 5 5 9 7 5 5 5 7 6 5
internal_value=0.000112861 0.00776078 0.00554485 0.0104438 0.013061 0.00981569 -0.014214 0.0021796 -0.00438236 0.0158092 0.0108723 0.0227336 -0.0113612 -0.0135796 -0.00936028 -0.00294935 -0.0105355 -0.0126119 0 0.0180587 -0.0205864 -0.00848764 0.0032346
internal_weight=144 94 88 59 51 45 50 20 29 25 15 10 42 33 21 14 12 16 17 10 12 11 12
internal_count=144 94 88 59 51 45 50 20 29 25 15 10 42 33 21 14 12 16 17 10 12 11 12
is_linear=0
shrinkage=0.025


Tree=198
num_leaves=24
num_cat=0
split_feature=2 2 0 0 1 5 2 3 3 3 0 0 4 5 3 4 4 3 3 4 1 4 4
split_gain=24.1014 10.2686 13.5138 5.37471 4.18008 3.2567 3.07991 1.91211 6.16969 3.10964 1.87873 3.05845 1.74675 1.41781 2.14897 1.13901 1.08439 1.07955 0.983062 0.980274 0.228706 0.14026 0.38676
threshold=15.000000000000002 26.000000000000004 4.5000000000000009 1.5000000000000002 65.572500000000005 499.30500000000006 9.0000000000000018 615.27100000000007 641.1735000000001 682.85100000000011 5.5000000000000009 4.5000000000000009 1610.7190000000003 382.15650000000005 815.36700000000008 1782.5045000000002 1596.1025000000002 458.17200000000008 663.07700000000011 1497.5800000000002 32.572500000000005 1726.3270000000002 1747.1955
decision_type=2 2 2 2 2 2 2 2 2 2 2 2 2 2 2 2 2 2 2 2 2 2 2
left_child=6 3 4 12 -3 7 19 -5 -9 18 11 16 -2 -11 15 21 17 20 -10 -1 -8 -15 -23
right_child=1 2 -4 5 -6 -7 10 8 9 13 -12 -13 -14 14 -16 -17 -18 -19 -20 -21 -22 22 -24
leaf_value=-0.029897796652383259 -0.0018879428325641542 0.028685064757099501 0.058420908587196702 -0.0062522456049919134 0.00037665139933106619 -0.010870588951999502 -0.0061447336060854556 0.035523172874505134 0.0031261611586579914 0.022533261202848875 -0.02295836052642419 0.01093372772805966 -0.021131915118425122 0.010944816556114395 0.018262544365437786 -0.0053303698258053873 -0.020517488479470977 0.0024444899163567103 -0.011524290735683132 -0.016689329900379694 -0.014165331017122499 0 0.0094102400294955695
leaf_weight=7.0000000000000027 5.9999999999999982 5.0000000000000027 4.9999999999999991 4.9999999999999991 8.9999999999999982 5.9999999999999991 5.0000000000000089 4.9999999999999991 4.9999999999999982 4.9999999999999991 4.9999999999999991 4.9999999999999991 6 5.0000000000000098 8.9999999999999982 5.9999999999999991 4.9999999999999991 4.9999999999999991 6 10.999999999999998 7 4.9999999999999982 6
leaf_count=7 6 5 5 5 9 6 5 5 5 5 5 5 6 5 9 6 5 5 6 11 7 5 6
internal_value=0.000110223 0.00757462 0.0239019 0.00336919 0.0108364 0.00630675 -0.0138722 0.00816843 0.00959762 0.00667426 -0.00905903 -0.00628924 -0.0118011 0.0102271 0.00807041 0.00371763 -0.0103231 -0.00704835 -0.00481648 -0.0221667 -0.0110814 0.00721171 0.00523809
internal_weight=144 94 19 75 14 63 50 57 52 47 32 27 12 36 31 22 22 17 11 18 12 16 11
internal_count=144 94 19 75 14 63 50 57 52 47 32 27 12 36 31 22 22 17 11 18 12 16 11
is_linear=0
shrinkage=0.025


Tree=199
num_leaves=24
num_cat=0
split_feature=2 1 0 4 1 1 2 0 0 0 3 2 4 4 4 3 3 4 4 4 1 1 4
split_gain=22.9535 9.8378 6.28288 4.1065 5.5855 3.04659 2.92907 1.82473 1.78888 2.9138 1.19678 1.12654 2.44565 2.08273 1.03219 1.02897 0.977126 0.942739 0.931892 0.645976 0.529 0.21654 0.0289615
threshold=15.000000000000002 86.39500000000001 2.5000000000000004 1907.0695000000003 82.540000000000006 65.010000000000005 9.0000000000000018 4.5000000000000009 5.5000000000000009 4.5000000000000009 631.12600000000009 22.000000000000004 1771.7550000000003 1737.0670000000002 1596.1025000000002 458.17200000000008 699.50650000000007 1582.5550000000001 1497.5800000000002 1737.0670000000002 55.964500000000008 32.572500000000005 1707.4325000000001
decision_type=2 2 2 2 2 2 2 2 2 2 2 2 2 2 2 2 2 2 2 2 2 2 2
left_child=6 2 10 4 5 11 18 16 9 14 17 12 20 -13 15 21 -7 -2 -1 22 -4 -8 -12
right_child=1 -3 3 -5 -6 7 8 -9 -10 -11 19 13 -14 -15 -16 -17 -18 -19 -20 -21 -22 -23 -24
leaf_value=-0.029171115035812042 -0.0015482507646083824 0.037876328232983543 0.010562241707856836 -0.0065231636989998027 0.034889910057667763 -0.011576313009628875 -0.0059970238140801997 0.013318446302606214 -0.022406478398121321 0.010670897321632277 0.0042920261517994914 0.0094408197901569898 -0.0035640771285845685 0.033040057351955997 -0.020024280371860818 0.0023857279752309505 0.0019194447941592208 -0.016048778976417249 -0.01627954716927239 -0.0073503830185263023 0.023470183175343731 -0.013821034811230169 0.001259936005450212
leaf_weight=7.0000000000000027 5.0000000000000018 5.9999999999999991 5.0000000000000018 7.9999999999999991 5.9999999999999991 5.0000000000000027 5.0000000000000089 5.9999999999999991 4.9999999999999991 4.9999999999999991 7.0000000000000018 4.9999999999999982 4.9999999999999991 5 4.9999999999999991 4.9999999999999991 8.9999999999999982 7 10.999999999999998 4.9999999999999991 5 7 5
leaf_count=7 5 6 5 8 6 5 5 6 5 5 7 5 5 5 5 5 9 7 11 5 5 7 5
internal_value=0.000108245 0.00739292 0.00521916 0.0098978 0.0125135 0.00936112 -0.0135369 0.001982 -0.00884135 -0.00613705 -0.00425924 0.0151522 0.0104234 0.0217795 -0.0100751 -0.00687734 -0.0029076 -0.0102338 -0.0216271 0 0.0174724 -0.0108152 0.00317248
internal_weight=144 94 88 59 51 45 50 20 32 27 29 25 15 10 22 17 14 12 18 17 10 12 12
internal_count=144 94 88 59 51 45 50 20 32 27 29 25 15 10 22 17 14 12 18 17 10 12 12
is_linear=0
shrinkage=0.025


Tree=200
num_leaves=22
num_cat=0
split_feature=3 1 2 1 0 0 3 3 4 4 4 4 3 0 1 3 1 4 2 1 0
split_gain=21.9107 9.11095 3.22963 2.9818 7.25006 6.40943 2.88763 4.13229 2.39892 2.91106 2.7179 1.93687 8.90579 0.892525 0.720273 0.497848 0.380949 0.473501 0.203696 0.184202 0.0252507
threshold=586.65050000000008 86.39500000000001 9.0000000000000018 65.010000000000005 5.5000000000000009 1.5000000000000002 568.22250000000008 529.40300000000013 1726.3270000000002 1755.4370000000001 1686.0285000000001 1907.0695000000003 815.36700000000008 2.5000000000000004 40.565000000000005 689.99850000000015 67.984500000000011 1737.0670000000002 11.000000000000002 73.855000000000004 4.5000000000000009
decision_type=2 2 2 2 2 2 2 2 2 2 2 2 2 2 2 2 2 2 2 2 2
left_child=2 3 13 4 8 -5 7 14 10 -10 -2 12 15 -1 18 -7 -17 -18 -4 -19 -15
right_child=1 -3 6 5 -6 11 -8 -9 9 -11 -12 -13 -14 20 -16 16 17 19 -20 -21 -22
leaf_value=-0.029443109035491927 0.020733824354119412 0.036959964304321233 -0.0095032010529798178 -0.024642563697237236 -0.0076038563219101548 -0.0037170172507024323 -0.025318730464921547 0.011579280372502075 0.041199109359429442 0.013190214221294108 -0.0011839595833613029 -0.0063640617208964231 0.032040758927663164 -0.019012357006149911 -0.015616723226950222 0.0091365065568914713 0.0068307182361041306 0.0015943586826324468 -0.0032329846582398181 -0.0046793958690438051 -0.013081812738410886
leaf_weight=6.0000000000000027 8.0000000000000018 5.9999999999999991 7.0000000000000062 4.9999999999999991 8.9999999999999982 9.0000000000000018 4.9999999999999991 6.9999999999999991 4.9999999999999982 5 5.9999999999999991 7.9999999999999991 6.9999999999999991 5.9999999999999982 8.9999999999999982 5.0000000000000027 6.0000000000000027 4.9999999999999982 7.9999999999999991 6 6
leaf_count=6 8 6 7 5 9 9 5 7 5 5 6 8 7 6 9 5 6 5 8 6 6
internal_value=0.000106321 0.0076636 -0.0124479 0.00547333 0.0113116 0.00164178 -0.00799431 -0.00501559 0.0184608 0.0278504 0.0113681 0.00462014 0.00698653 -0.0211006 -0.00996311 0.00111994 0.00317066 0.00125749 -0.00632786 -0.00173853 -0.0164126
internal_weight=144 90 54 84 33 51 36 31 24 10 14 46 38 18 24 31 22 17 15 11 12
internal_count=144 90 54 84 33 51 36 31 24 10 14 46 38 18 24 31 22 17 15 11 12
is_linear=0
shrinkage=0.025


Tree=201
num_leaves=24
num_cat=0
split_feature=3 2 1 4 5 2 0 0 4 1 4 4 1 3 3 4 0 4 5 3 4 1 1
split_gain=20.9979 7.94013 12.6858 5.03032 3.16533 3.16489 3.39976 2.58903 2.31007 4.07843 2.22528 1.62822 1.28688 0.567088 2.07244 1.38383 1.37402 0.443845 1.22486 0.361107 0.72247 0.306692 0.124833
threshold=631.12600000000009 26.000000000000004 82.540000000000006 1726.3270000000002 499.30500000000006 11.000000000000002 1.5000000000000002 3.5000000000000004 1646.2505000000003 59.361000000000011 1610.7190000000003 1790.8060000000003 32.786000000000008 756.86750000000006 849.64100000000019 1790.8060000000003 4.5000000000000009 1636.5410000000004 245.00850000000003 682.85100000000011 1737.0670000000002 40.565000000000005 73.855000000000004
decision_type=2 2 2 2 2 2 2 2 2 2 2 2 2 2 2 2 2 2 2 2 2 2 2
left_child=3 4 11 5 7 6 -1 19 9 10 21 -3 -8 15 -15 16 -9 18 -14 -2 22 -7 -21
right_child=1 2 -4 -5 -6 8 12 13 -10 -11 -12 -13 17 14 -16 -17 -18 -19 -20 20 -22 -23 -24
leaf_value=-0.03419358110460903 -0.0048593053954743542 0.00025416344644561882 0.056905308482237162 0.013813643558667259 -0.012064421176910402 -0.0067717378923239525 -0.0013725914347630271 0.0029256872622476443 -0.019805411105194404 0.017087701765390543 0.0050079257768248361 0.018747915088709804 -0.021310742142108763 0.027716296280805887 0.0045958986326765545 -0.0022936616164560501 0.018694747798144815 -0.020370952655439797 -0.0047970848416702613 0.009224333606946928 -0.0044205993774437133 -0.015374201762617805 0.0029816148086236065
leaf_weight=5.9999999999999991 6.0000000000000027 6.0000000000000018 4.9999999999999991 4.9999999999999991 5.9999999999999991 5.0000000000000062 5.0000000000000027 6.0000000000000044 5.9999999999999991 4.9999999999999991 5.9999999999999991 6 5.0000000000000018 4.9999999999999982 5 4.9999999999999991 9 8.9999999999999982 7 4.9999999999999982 5.9999999999999991 9.9999999999999982 5
leaf_count=6 6 6 5 5 6 5 5 6 6 5 6 6 5 5 5 5 9 9 7 5 6 10 5
internal_value=0.000102922 0.00925644 0.0241989 -0.00982648 0.00478717 -0.0117301 -0.0172952 0.00679431 -0.00605336 -0.00270514 -0.00759343 0.00975925 -0.0131166 0.0115473 0.0165954 0.00882198 0.0125909 -0.0158145 -0.0120168 0.00021106 0.00222612 -0.0127158 0.00634519
internal_weight=144 75 17 69 58 64 32 52 32 26 21 12 26 30 10 20 15 21 12 22 16 15 10
internal_count=144 75 17 69 58 64 32 52 32 26 21 12 26 30 10 20 15 21 12 22 16 15 10
is_linear=0
shrinkage=0.025


Tree=202
num_leaves=23
num_cat=0
split_feature=3 3 4 2 3 1 0 3 1 5 5 0 0 5 0 3 1 4 4 5 0 4
split_gain=19.9991 7.90651 4.79196 3.06216 3.44186 2.8079 2.60087 1.71478 2.60986 2.60289 1.19497 1.04054 1.74132 0.940525 0.843488 0.802437 0.684104 0.505922 0.284741 0.194664 0.0283124 0.00212825
threshold=631.12600000000009 898.2080000000002 1726.3270000000002 9.0000000000000018 602.59550000000013 65.010000000000005 4.5000000000000009 529.40300000000013 48.252000000000002 356.43250000000006 409.39200000000005 3.5000000000000004 2.5000000000000004 376.35850000000011 2.5000000000000004 849.64100000000019 40.565000000000005 1737.0670000000002 1790.8060000000003 245.00850000000003 4.5000000000000009 1707.4325000000001
decision_type=2 2 2 2 2 2 2 2 2 2 2 2 2 2 2 2 2 2 2 2 2 2
left_child=2 5 3 14 7 13 10 16 -9 -10 -7 12 17 -2 -1 -8 19 21 -15 -5 -16 -12
right_child=1 -3 -4 4 -6 6 15 8 9 -11 11 -13 -14 18 20 -17 -18 -19 -20 -21 -22 -23
leaf_value=-0.028300541591259727 0.0076442320808404809 0.036146003410460481 0.01348158192749207 -0.0081777229986113031 -0.025328164908193774 -0.011272306826252205 0.018445566260359356 0.01578789195762231 -0.018650885083927562 0.0052760947495698917 0.0029915477059060478 -0.0066220143887524806 0.013547581531925174 0.0143596004093847 -0.018197590353027471 0.0059432562712269515 -0.014873956797806467 -0.0070454636020048592 0.02466903059528424 -0.0019710005306067964 -0.012398067669522377 0.0012973195443359703
leaf_weight=6.0000000000000027 8.0000000000000018 5.9999999999999991 4.9999999999999991 9.0000000000000018 5.9999999999999991 4.9999999999999991 6.9999999999999982 4.9999999999999991 4.9999999999999982 6 6.0000000000000089 6.9999999999999991 7.9999999999999991 5.9999999999999982 5.9999999999999982 7 8.9999999999999982 4.9999999999999991 5 5.9999999999999991 6 5
leaf_count=6 8 6 5 9 6 5 7 5 5 6 6 7 8 6 6 7 9 5 5 6 6 5
internal_value=0.000101183 0.00903456 -0.00958899 -0.0114472 -0.00792221 0.00656132 0.00339248 -0.0051672 0.00110026 -0.00562704 -0.000146328 0.00166888 0.00417345 0.0147131 -0.0202009 0.0124542 -0.00937172 -0.000545849 0.0195142 -0.00583587 -0.0156511 0.00236997
internal_weight=144 75 69 64 46 69 50 40 16 11 36 31 24 19 18 14 24 16 11 15 12 11
internal_count=144 75 69 64 46 69 50 40 16 11 36 31 24 19 18 14 24 16 11 15 12 11
is_linear=0
shrinkage=0.025


Tree=203
num_leaves=24
num_cat=0
split_feature=2 2 0 0 1 5 0 3 3 3 4 5 3 4 4 4 3 3 1 1 4 4 4
split_gain=19.1031 9.37778 12.2739 4.4727 3.77082 3.46254 2.64449 1.57402 5.84957 2.7654 1.56544 1.29705 1.78473 1.10546 1.00454 1.47805 1.01549 0.928923 0.783415 0.588787 0.412618 0.152941 0.336855
threshold=15.000000000000002 26.000000000000004 4.5000000000000009 1.5000000000000002 65.572500000000005 499.30500000000006 1.5000000000000002 615.27100000000007 641.1735000000001 682.85100000000011 1610.7190000000003 382.15650000000005 815.36700000000008 1782.5045000000002 1686.0285000000001 1596.1025000000002 473.29000000000002 663.07700000000011 35.686500000000002 40.565000000000005 1497.5800000000002 1726.3270000000002 1747.1955
decision_type=2 2 2 2 2 2 2 2 2 2 2 2 2 2 2 2 2 2 2 2 2 2 2
left_child=6 3 4 10 -3 7 -1 -5 -9 17 -2 -11 13 21 15 16 18 -10 20 -17 -8 -13 -23
right_child=1 2 -4 5 -6 -7 14 8 9 11 -12 12 -14 -15 -16 19 -18 -19 -20 -21 -22 22 -24
leaf_value=-0.02550374683242564 -0.0017150806203003856 0.026846850849688037 0.05524028411779839 -0.0057375718194704788 0 -0.012302137809174676 -0.00080271443495383537 0.033863401473858037 0.0026778678194834642 0.020892207496441328 -0.01994193975002535 0.010380374145908977 0.016370103767384656 -0.0057970930011041703 -0.0020735957376334982 -0.011007185675239624 0.0020616268595823875 -0.011556937136957721 -0.01875884358484585 -0.023657957857681641 -0.010784681153393559 -1.9098402789005856e-05 0.0084591068267341578
leaf_weight=7.9999999999999991 5.9999999999999982 5.0000000000000027 4.9999999999999991 4.9999999999999991 8.9999999999999982 5.9999999999999991 5.0000000000000053 4.9999999999999991 4.9999999999999982 4.9999999999999991 6 5.0000000000000098 8.9999999999999982 5.9999999999999991 8.9999999999999982 4.9999999999999982 4.9999999999999991 6 4.9999999999999991 7 6 4.9999999999999982 6
leaf_count=8 6 5 5 5 9 6 5 5 5 5 6 5 9 6 9 5 5 6 5 7 6 5 6
internal_value=9.88876e-05 0.00674529 0.0223463 0.00272749 0.00989791 0.0054095 -0.0123485 0.00733223 0.00863006 0.00578706 -0.0111085 0.00914026 0.00708295 0.0031141 -0.00970418 -0.0117226 -0.00750541 -0.00504269 -0.0105608 -0.0187561 -0.00645439 0.00656328 0.00456225
internal_weight=144 94 19 75 14 63 50 57 52 47 12 36 31 22 42 33 21 11 16 12 11 16 11
internal_count=144 94 19 75 14 63 50 57 52 47 12 36 31 22 42 33 21 11 16 12 11 16 11
is_linear=0
shrinkage=0.025


Tree=204
num_leaves=22
num_cat=0
split_feature=3 1 4 2 3 4 1 1 3 1 5 0 5 5 4 1 4 1 4 3 2
split_gain=18.2616 7.81068 4.43805 2.90226 3.3927 2.87731 6.46873 3.67069 1.55496 2.58304 2.43854 1.43269 0.902001 0.869519 0.78841 0.653012 0.596784 0.719391 0.270778 0.242931 0.177727
threshold=631.12600000000009 86.39500000000001 1726.3270000000002 9.0000000000000018 602.59550000000013 1907.0695000000003 82.540000000000006 65.010000000000005 529.40300000000013 48.252000000000002 356.43250000000006 4.5000000000000009 376.35850000000011 409.39200000000005 1497.5800000000002 40.565000000000005 1737.0670000000002 73.121000000000009 1790.8060000000003 699.50650000000007 11.000000000000002
decision_type=2 2 2 2 2 2 2 2 2 2 2 2 2 2 2 2 2 2 2 2 2
left_child=2 5 3 14 8 6 7 12 15 -10 -11 13 -2 -9 -1 20 19 -18 -14 -15 -5
right_child=1 -3 -4 4 -6 -7 -8 11 9 10 -12 -13 18 16 -16 -17 17 -19 -20 -21 -22
leaf_value=-0.026408610699905279 0.0071780520241434961 0.035575237713994512 0.013034578470083383 -0.0082940866213498804 -0.024796160046131381 -0.0077000075360623811 0.032299828673562694 -0.011008464143826405 0.015787149693530341 -0.018122640710610614 0.0050330982693741391 0.011481798857810997 0.013770533172834307 0.00097024821471877189 -0.014554567528622492 -0.014160015475531314 0.0032392337309339876 -0.0088740236765362263 0.023801808517712811 0.0081571416356242613 -0.0024751292240646917
leaf_weight=7.0000000000000027 8.0000000000000018 5.9999999999999991 4.9999999999999991 7.0000000000000027 5.9999999999999991 7.9999999999999991 5.9999999999999991 5.0000000000000027 4.9999999999999991 4.9999999999999982 6 5.9999999999999991 5.9999999999999982 8.0000000000000018 10.999999999999998 8.9999999999999982 4.9999999999999982 7 5 4.9999999999999991 7.9999999999999991
leaf_count=7 8 6 5 7 6 8 6 5 5 5 6 6 6 8 11 9 5 7 5 5 8
internal_value=9.62201e-05 0.0086331 -0.00916307 -0.0109519 -0.0075208 0.0061762 0.00803567 0.00525859 -0.00478793 0.00117658 -0.0055163 0.000511529 0.0140889 -0.00170264 -0.0194727 -0.00879279 0.000181517 -0.00375401 0.0187854 0.00391085 -0.00534628
internal_weight=144 75 69 64 46 69 61 55 40 16 11 36 19 30 18 24 25 12 11 13 15
internal_count=144 75 69 64 46 69 61 55 40 16 11 36 19 30 18 24 25 12 11 13 15
is_linear=0
shrinkage=0.025


Tree=205
num_leaves=23
num_cat=0
split_feature=2 2 1 0 1 5 0 4 3 3 3 5 3 4 0 1 3 1 2 4 4 3
split_gain=17.535 8.95474 11.9165 4.08937 3.55636 3.49461 2.47194 1.4946 1.40692 5.69474 2.58079 1.20491 1.64043 1.0651 0.915631 2.22472 0.898116 0.712278 0.640271 0.153068 0.307369 0.0699126
threshold=15.000000000000002 26.000000000000004 82.540000000000006 1.5000000000000002 65.572500000000005 499.30500000000006 1.5000000000000002 1610.7190000000003 615.27100000000007 641.1735000000001 682.85100000000011 382.15650000000005 815.36700000000008 1782.5045000000002 5.5000000000000009 42.535500000000006 663.07700000000011 32.572500000000005 11.000000000000002 1726.3270000000002 1747.1955 458.17200000000008
decision_type=2 2 2 2 2 2 2 2 2 2 2 2 2 2 2 2 2 2 2 2 2 2
left_child=6 3 4 7 -3 8 -1 -2 -5 -10 16 -12 13 19 15 17 -11 -8 21 -13 -21 -19
right_child=1 2 -4 5 -6 -7 14 -9 9 10 11 12 -14 -15 -16 -17 -18 18 -20 20 -22 -23
leaf_value=-0.024549209743258318 -0.0015152455337585945 0.025906257890164836 0.054115966592843713 -0.0053140037334882297 0 -0.012690700458422785 -0.0017008971136349888 -0.019320514702027843 0.033156115762316266 0.0025880723475263673 0.020025903273087283 0.010096008158647078 0.015619033888873202 -0.0058365847584941691 -0.016961191885355047 0.0049910443834960466 -0.011405797843490877 -0.0114787718710991 -0.006380370673411186 -5.6685937138704152e-05 0.0080320455404298899 -0.01777883253829635
leaf_weight=7.9999999999999991 5.9999999999999982 5.0000000000000027 4.9999999999999991 4.9999999999999991 8.9999999999999982 5.9999999999999991 5.0000000000000027 6 4.9999999999999991 4.9999999999999982 4.9999999999999991 5.0000000000000098 8.9999999999999982 5.9999999999999991 7.9999999999999991 6.9999999999999991 6 5.0000000000000027 7.9999999999999991 4.9999999999999982 6 8.9999999999999982
leaf_count=8 6 5 5 5 9 6 5 6 5 5 5 5 9 6 8 7 6 5 8 5 6 9
internal_value=9.5208e-05 0.00646335 0.021708 0.00253728 0.00944656 0.00510261 -0.01183 -0.0106911 0.00703526 0.00826245 0.00545844 0.00869879 0.00671511 0.00290839 -0.00927286 -0.00733869 -0.00500071 -0.0105944 -0.0125259 0.00629649 0.00430839 -0.0158102
internal_weight=144 94 19 75 14 63 50 12 57 52 47 36 31 22 42 34 11 27 22 16 11 14
internal_count=144 94 19 75 14 63 50 12 57 52 47 36 31 22 42 34 11 27 22 16 11 14
is_linear=0
shrinkage=0.025


Tree=206
num_leaves=23
num_cat=0
split_feature=2 1 0 4 1 1 0 0 3 2 4 4 4 4 4 3 3 1 4 1 5 4
split_gain=16.6986 8.56863 4.7397 4.12956 4.48032 2.64037 2.35089 1.35648 1.07058 0.954395 2.45629 1.70747 0.92583 1.47589 0.898873 0.797482 0.622433 0.721189 0.556482 0.350217 0.101277 0.0275025
threshold=15.000000000000002 86.39500000000001 2.5000000000000004 1907.0695000000003 82.540000000000006 65.010000000000005 1.5000000000000002 4.5000000000000009 631.12600000000009 22.000000000000004 1771.7550000000003 1737.0670000000002 1686.0285000000001 1636.5410000000004 1582.5550000000001 699.50650000000007 506.53550000000001 32.572500000000005 1737.0670000000002 55.964500000000008 245.00850000000003 1702.9405000000004
decision_type=2 2 2 2 2 2 2 2 2 2 2 2 2 2 2 2 2 2 2 2 2 2
left_child=6 2 8 4 5 9 -1 15 14 10 19 -11 13 16 -2 -7 17 -8 21 -4 -19 -10
right_child=1 -3 3 -5 -6 7 12 -9 18 11 -12 -13 -14 -15 -16 -17 -18 20 -20 -21 -22 -23
leaf_value=-0.023950448148406866 -0.0011358998142755943 0.034752197581673819 0.010363816985717183 -0.0081113305124567783 0.03101586411076207 -0.010749710207948312 -0.0016600094735622383 0.01106942941044127 0.0043295128751666299 0.0084342754374329872 -0.0048099014621514544 0.029834864431848893 -0.0017278477792506634 -0.022191470236547533 -0.015272726242740947 0.001429527969625981 -0.00093068553795737613 -0.015459922157375645 -0.0067417037377778726 0.021291346418169828 -0.0098738145218060444 0.0014170125727691956
leaf_weight=7.9999999999999991 5.0000000000000018 5.9999999999999991 5.0000000000000018 7.9999999999999991 5.9999999999999991 5.0000000000000027 5.0000000000000062 5.9999999999999991 6.0000000000000018 4.9999999999999982 4.9999999999999991 5 8.9999999999999982 5.9999999999999991 7 8.9999999999999982 5.9999999999999991 7.9999999999999991 4.9999999999999991 5 7.9999999999999991 6
leaf_count=8 5 6 5 8 6 5 5 6 6 5 5 5 9 6 7 9 6 8 5 5 8 6
internal_value=9.30163e-05 0.00630763 0.00427965 0.00834483 0.0109722 0.00814665 -0.0115441 0.00128137 -0.00394859 0.0135355 0.00918391 0.0196323 -0.00904911 -0.0109857 -0.00960003 -0.00292231 -0.00830474 -0.010324 3.32325e-05 0.0162605 -0.0129004 0.00302282
internal_weight=144 94 88 59 51 45 50 20 29 25 15 10 42 33 12 14 27 21 17 10 16 12
internal_count=144 94 88 59 51 45 50 20 29 25 15 10 42 33 12 14 27 21 17 10 16 12
is_linear=0
shrinkage=0.025


Tree=207
num_leaves=24
num_cat=0
split_feature=2 2 0 0 5 1 2 0 0 4 3 3 3 5 3 4 4 3 3 0 0 4 4
split_gain=15.9069 8.62869 11.4695 3.70671 3.49661 3.37284 2.24386 2.01283 2.31251 1.42321 1.34296 5.38435 2.44363 1.14958 1.50691 1.02565 1.00357 0.920593 0.843777 0.767295 0.490592 0.156234 0.272452
threshold=15.000000000000002 26.000000000000004 4.5000000000000009 1.5000000000000002 499.30500000000006 65.572500000000005 9.0000000000000018 5.5000000000000009 4.5000000000000009 1610.7190000000003 615.27100000000007 641.1735000000001 682.85100000000011 382.15650000000005 815.36700000000008 1782.5045000000002 1596.1025000000002 458.17200000000008 663.07700000000011 2.5000000000000004 1.5000000000000002 1726.3270000000002 1747.1955
decision_type=2 2 2 2 2 2 2 2 2 2 2 2 2 2 2 2 2 2 2 2 2 2 2
left_child=6 3 5 9 10 -3 19 8 16 -2 -5 -12 18 -14 15 21 17 20 -13 -1 -8 -15 -23
right_child=1 2 -4 4 -6 -7 7 -9 -10 -11 11 12 13 14 -16 -17 -18 -19 -20 -21 -22 22 -24
leaf_value=-0.026031362000972981 -0.0013370978255425733 0.025122676173654868 0.052913389799113454 -0.0053801072904696833 -0.013051609706974799 -2.9865001409274078e-05 -0.0020672440421409294 -0.021482599813204547 0.010636185209911605 -0.01870896143297995 0.032085257281477639 0.00233118599997117 0.019368085494408244 0.0098636840470135018 0.014905882879848715 -0.0058582117961299036 -0.017577174123233327 0.0040016389698184166 -0.011226694598313301 -0.014036860921588103 -0.012702298091284724 -3.8133525791076513e-05 0.0075633767571660765
leaf_weight=6.0000000000000027 5.9999999999999982 5.0000000000000027 4.9999999999999991 4.9999999999999991 5.9999999999999991 8.9999999999999982 5.0000000000000089 4.9999999999999991 4.9999999999999991 6 4.9999999999999991 4.9999999999999982 4.9999999999999991 5.0000000000000098 8.9999999999999982 5.9999999999999991 4.9999999999999991 4.9999999999999991 6 11.999999999999998 7 4.9999999999999982 6
leaf_count=6 6 5 5 5 6 9 5 5 5 6 5 5 5 5 9 6 5 5 6 12 7 5 6
internal_value=9.091e-05 0.00615662 0.0211205 0.00230307 0.00474646 0.00909248 -0.0112668 -0.00715684 -0.00431952 -0.0102898 0.00668088 0.00788071 0.00515423 0.00830837 0.00637176 0.00272139 -0.00784004 -0.00473242 -0.00502083 -0.0183458 -0.00848002 0.00604851 0.00405756
internal_weight=144 94 19 75 63 14 50 32 27 12 57 52 47 36 31 22 22 17 11 18 12 16 11
internal_count=144 94 19 75 63 14 50 32 27 12 57 52 47 36 31 22 22 17 11 18 12 16 11
is_linear=0
shrinkage=0.025


Tree=208
num_leaves=24
num_cat=0
split_feature=3 1 4 4 1 1 2 0 4 1 4 1 0 5 5 4 1 4 5 1 4 3 3
split_gain=15.2063 7.32273 4.06253 2.92747 5.61888 3.0971 2.46796 2.82333 2.17768 3.68494 1.80723 1.31613 1.19795 0.87179 0.795352 0.568583 0.6556 0.457711 1.04693 0.333237 0.256881 0.222895 0.0553668
threshold=631.12600000000009 86.39500000000001 1726.3270000000002 1907.0695000000003 82.540000000000006 65.010000000000005 11.000000000000002 1.5000000000000002 1646.2505000000003 59.361000000000011 1610.7190000000003 32.786000000000008 4.5000000000000009 376.35850000000011 409.39200000000005 1737.0670000000002 73.121000000000009 1636.5410000000004 245.00850000000003 40.565000000000005 1790.8060000000003 699.50650000000007 515.50500000000011
decision_type=2 2 2 2 2 2 2 2 2 2 2 2 2 2 2 2 2 2 2 2 2 2 2
left_child=2 3 6 4 5 13 7 -1 9 10 19 -9 14 -2 -7 21 -17 18 -13 -8 -15 -16 -21
right_child=1 -3 -4 -5 -6 12 8 11 -10 -11 -12 17 -14 20 15 16 -18 -19 -20 22 -22 -23 -24
leaf_value=-0.030374950026312183 0.0061520163514992079 0.033961196117583782 0.012870336868442023 -0.0084939087173197345 0.0299946851307346 -0.010495631224833997 -0.005113209977459442 0.00010347801905411933 -0.018396484022659639 0.016995560148587593 0.0048687102213021242 -0.018735754432586512 0.010461329800948022 0.012679954618215564 0.0010169031257491283 0.0030335599655070562 -0.0085235162366492055 -0.018432953953742986 -0.0035147476100569792 -0.010226148281071804 0.022333917480248669 0.0079186987346754629 -0.016600265368246114
leaf_weight=5.9999999999999991 8.0000000000000018 5.9999999999999991 4.9999999999999991 7.9999999999999991 5.9999999999999991 5.0000000000000027 5.0000000000000062 5.0000000000000027 5.9999999999999991 4.9999999999999991 5.9999999999999991 5.0000000000000018 5.9999999999999991 5.9999999999999982 8.0000000000000018 4.9999999999999982 7 8.9999999999999982 7 4.9999999999999982 5 4.9999999999999991 5
leaf_count=6 8 6 5 8 6 5 5 5 6 5 6 5 6 6 8 5 7 9 7 5 5 5 5
internal_value=8.85684e-05 0.00787938 -0.00835993 0.00550173 0.00737941 0.0047899 -0.0100729 -0.0149876 -0.00505687 -0.00181386 -0.00646934 -0.0111842 0.000426906 0.012901 -0.00159458 0.0002052 -0.00363482 -0.0139064 -0.0101625 -0.0110912 0.0175002 0.0038459 -0.0137988
internal_weight=144 75 69 69 61 55 64 32 32 26 21 26 36 19 30 25 12 21 12 15 11 13 10
internal_count=144 75 69 69 61 55 64 32 32 26 21 26 36 19 30 25 12 21 12 15 11 13 10
is_linear=0
shrinkage=0.025


Tree=209
num_leaves=23
num_cat=0
split_feature=2 1 3 3 3 5 1 2 3 3 0 0 1 4 3 3 3 3 4 1 1 0
split_gain=14.7851 11.0077 8.48715 4.41084 5.06484 3.19127 3.15397 2.09257 2.843 2.54564 1.8558 0.727626 0.706881 0.48377 1.29772 0.715737 1.17265 0.322746 0.711732 0.155785 0.0701447 0.0496129
threshold=26.000000000000004 82.540000000000006 586.65050000000008 602.59550000000013 631.12600000000009 499.30500000000006 65.572500000000005 9.0000000000000018 568.22250000000008 529.40300000000013 3.5000000000000004 2.5000000000000004 40.565000000000005 1726.3270000000002 711.90600000000006 849.64100000000019 756.86750000000006 682.85100000000011 1737.0670000000002 35.397500000000008 73.855000000000004 4.5000000000000009
decision_type=2 2 2 2 2 2 2 2 2 2 2 2 2 2 2 2 2 2 2 2 2 2
left_child=2 6 7 -4 -5 10 -2 11 9 12 17 -1 19 -12 -15 16 -16 -6 20 -9 -19 -13
right_child=1 -3 3 4 5 -7 -8 8 -10 -11 13 21 -14 14 15 -17 -18 18 -20 -21 -22 -23
leaf_value=-0.025035384970326563 0.024242652995655155 0.051668040225139024 0.024726601804678255 -0.016421137005090718 -0.0048191269679415585 -0.013386295375324065 -7.5313376019830292e-05 -0.0060907545489380507 -0.024054468523424407 0.010356010015933746 0.01688268148841765 -0.015881641545603356 -0.013099587003133545 -0.0010122181226809815 0.0080514538448258482 0.0029585038240139299 0.024009721267681857 0.0082548541375077698 -0.0047086634395283556 -0.00063124891190278923 0.0032402356370137284 -0.010231456617193838
leaf_weight=6.0000000000000027 5.0000000000000027 4.9999999999999991 4.9999999999999991 8.9999999999999982 6.0000000000000027 5.9999999999999991 8.9999999999999982 9.0000000000000053 4.9999999999999991 5.9999999999999991 5.0000000000000027 5.9999999999999982 8.9999999999999982 7.0000000000000027 8.0000000000000018 4.9999999999999991 4.9999999999999991 4.9999999999999982 5.9999999999999991 5.9999999999999991 5 6
leaf_count=6 5 5 5 9 6 6 9 9 5 6 5 6 9 7 8 5 5 5 6 6 5 6
internal_value=8.70384e-05 0.0205231 -0.00303707 0.00253767 0.000794514 0.00353464 0.00874077 -0.0106149 -0.0069273 -0.00389098 0.00555481 -0.0175616 -0.00756053 0.0095781 0.00794519 0.0114701 0.0145547 0 0.0018877 -0.00402623 0.00598279 -0.013373
internal_weight=144 19 125 72 67 58 14 53 35 30 52 18 24 30 25 18 13 22 16 15 10 12
internal_count=144 19 125 72 67 58 14 53 35 30 52 18 24 30 25 18 13 22 16 15 10 12
is_linear=0
shrinkage=0.025


Tree=210
num_leaves=23
num_cat=0
split_feature=2 0 3 3 3 1 5 2 3 3 0 0 1 4 3 3 3 3 4 1 1 0
split_gain=14.082 10.7504 8.08681 4.20074 4.82121 3.05958 3.03964 1.99246 2.70763 2.42448 1.76798 0.69079 0.671658 0.459847 1.23717 0.680729 1.11606 0.307372 0.678394 0.147863 0.0662513 0.0459783
threshold=26.000000000000004 4.5000000000000009 586.65050000000008 602.59550000000013 631.12600000000009 65.572500000000005 499.30500000000006 9.0000000000000018 568.22250000000008 529.40300000000013 3.5000000000000004 2.5000000000000004 40.565000000000005 1726.3270000000002 711.90600000000006 849.64100000000019 756.86750000000006 682.85100000000011 1737.0670000000002 35.397500000000008 73.855000000000004 4.5000000000000009
decision_type=2 2 2 2 2 2 2 2 2 2 2 2 2 2 2 2 2 2 2 2 2 2
left_child=2 5 7 -4 -5 -2 10 11 9 12 17 -1 19 -12 -15 16 -16 -6 20 -9 -19 -13
right_child=1 -3 3 4 6 -7 -8 8 -10 -11 13 21 -14 14 15 -17 -18 18 -20 -21 -22 -23
leaf_value=-0.024429690261040953 0.0236598970225224 0.050805884184172513 0.024132211821583604 -0.016019533380218175 -0.0047025348750814287 -0.00028817661045848033 -0.013062433658107636 -0.0059417958654787197 -0.023476235840756161 0.010105462131961701 0.016476846643938458 -0.015497408314578 -0.012779217043324659 -0.00098761506378650609 0.0078550767191833369 0.0028873857397299545 0.023432564764068679 0.008056420388703165 -0.0045947443588726941 -0.00061597675385494392 0.0031623454048083375 -0.0099839221926466114
leaf_weight=6.0000000000000027 5.0000000000000027 4.9999999999999991 4.9999999999999991 8.9999999999999982 6.0000000000000027 8.9999999999999982 5.9999999999999991 9.0000000000000053 4.9999999999999991 5.9999999999999991 5.0000000000000027 5.9999999999999982 8.9999999999999982 7.0000000000000027 8.0000000000000018 4.9999999999999991 4.9999999999999991 4.9999999999999982 5.9999999999999991 5.9999999999999991 5 6
leaf_count=6 5 5 5 9 6 9 6 9 5 6 5 6 9 7 8 5 5 5 6 6 5 6
internal_value=8.53459e-05 0.0200297 -0.00296337 0.00247797 0.000776366 0.00838945 0.0034502 -0.0103604 -0.00676065 -0.00379631 0.0054222 -0.01714 -0.0073782 0.00934914 0.00775455 0.0111964 0.0142054 0 0.0018426 -0.00392984 0.00584192 -0.013052
internal_weight=144 19 125 72 67 14 58 53 35 30 52 18 24 30 25 18 13 22 16 15 10 12
internal_count=144 19 125 72 67 14 58 53 35 30 52 18 24 30 25 18 13 22 16 15 10 12
is_linear=0
shrinkage=0.025


Tree=211
num_leaves=23
num_cat=0
split_feature=2 1 3 3 3 1 5 2 3 3 0 0 1 4 3 3 3 3 4 2 1 0
split_gain=13.4124 10.3159 7.70545 4.00065 4.5893 2.93073 2.89523 1.89714 2.57869 2.30911 1.68433 0.655764 0.638162 0.437081 1.17949 0.647414 1.06216 0.292732 0.64663 0.146261 0.0625561 0.0425478
threshold=26.000000000000004 82.540000000000006 586.65050000000008 602.59550000000013 631.12600000000009 65.572500000000005 499.30500000000006 9.0000000000000018 568.22250000000008 529.40300000000013 3.5000000000000004 2.5000000000000004 40.565000000000005 1726.3270000000002 711.90600000000006 849.64100000000019 756.86750000000006 682.85100000000011 1737.0670000000002 11.000000000000002 73.855000000000004 4.5000000000000009
decision_type=2 2 2 2 2 2 2 2 2 2 2 2 2 2 2 2 2 2 2 2 2 2
left_child=2 5 7 -4 -5 -2 10 11 9 12 17 -1 19 -12 -15 16 -16 -6 20 -9 -19 -13
right_child=1 -3 3 4 6 -7 -8 8 -10 -11 13 21 -14 14 15 -17 -18 18 -20 -21 -22 -23
leaf_value=-0.023838647959693773 0.02309114917969473 0.049696012815603846 0.023552112338634638 -0.015627751240263815 -0.0045887641188117742 -0.00034410840750712427 -0.012746406767156819 -0.0064738675227595634 -0.022911903720635635 0.0098609751751345988 0.016080769767554896 -0.015122470884553853 -0.012466681799243977 -0.00096361084530750872 0.0076634897844775037 0.002817977778613567 0.022869281528087763 0.0078627561398137077 -0.0044835811781306417 -0.0012734674576033909 0.0030863272742583194 -0.0097423747902916323
leaf_weight=6.0000000000000027 5.0000000000000027 4.9999999999999991 4.9999999999999991 8.9999999999999982 6.0000000000000027 8.9999999999999982 5.9999999999999991 7.0000000000000062 4.9999999999999991 5.9999999999999991 5.0000000000000027 5.9999999999999982 8.9999999999999982 7.0000000000000027 8.0000000000000018 4.9999999999999991 4.9999999999999991 4.9999999999999982 5.9999999999999991 7.9999999999999991 5 6
leaf_count=6 5 5 5 9 6 9 6 7 5 6 5 6 9 7 8 5 5 5 6 8 5 6
internal_value=8.36699e-05 0.0195483 -0.00289147 0.00241968 0.000758631 0.00814494 0.00336779 -0.0101121 -0.00659806 -0.00370396 0.00529278 -0.0167287 -0.00720032 0.00912571 0.00756851 0.0109294 0.0138645 0 0.00179858 -0.00383581 0.00570443 -0.0127387
internal_weight=144 19 125 72 67 14 58 53 35 30 52 18 24 30 25 18 13 22 16 15 10 12
internal_count=144 19 125 72 67 14 58 53 35 30 52 18 24 30 25 18 13 22 16 15 10 12
is_linear=0
shrinkage=0.025


Tree=212
num_leaves=24
num_cat=0
split_feature=2 0 1 0 4 2 4 2 4 5 3 3 1 1 1 0 4 4 4 1 4 1 5
split_gain=12.7747 10.0761 7.4056 2.91823 3.71889 8.07313 5.41643 11.2132 4.07119 3.21858 3.19145 3.39908 2.84344 2.61199 1.53481 1.51595 1.19029 1.16747 1.39623 0.799588 0.931733 0.486323 0.380557
threshold=26.000000000000004 4.5000000000000009 42.535500000000006 1.5000000000000002 1764.3165000000001 22.000000000000004 1726.3270000000002 22.000000000000004 1702.9405000000004 499.30500000000006 594.7170000000001 559.32100000000003 65.572500000000005 62.278000000000006 65.572500000000005 1.5000000000000002 1610.7190000000003 1817.4895000000004 1875.2530000000002 32.572500000000005 1661.6445000000001 40.565000000000005 245.00850000000003
decision_type=2 2 2 2 2 2 2 2 2 2 2 2 2 2 2 2 2 2 2 2 2 2 2
left_child=2 12 15 16 6 -6 8 -8 10 17 11 -5 -2 -12 -10 -1 -4 -7 -19 -17 21 22 -21
right_child=1 -3 3 4 5 9 7 -9 14 -11 13 -13 -14 -15 -16 19 -18 18 -20 20 -22 -23 -24
leaf_value=-0.021589007651115339 0.022536073868664398 0.048871127086190069 -0.0018065392610526858 0.012074592938789942 -0.029137870044477512 -0.0013570625845414498 0.049681669301711612 0.0033197891842776336 -0.020741657697810584 -0.012438026725524857 0.030221680164910288 -0.016480012710850971 -0.00054467095102628943 0.0054709672086661852 -0.0010196784403748236 0 -0.01775353382672033 0.021104443055247113 0.0037311949166319055 -0.013671139461874225 -0.00088233083773117812 -0.018859359554739465 -0.0047273417033495448
leaf_weight=7.9999999999999991 5.0000000000000027 4.9999999999999991 5.9999999999999982 5.0000000000000053 6.0000000000000027 5.0000000000000062 4.9999999999999973 9 4.9999999999999982 5.9999999999999991 4.9999999999999982 5 8.9999999999999982 6 5 5.0000000000000027 6 5.9999999999999982 6 8.0000000000000053 4.9999999999999991 6.9999999999999991 5.9999999999999991
leaf_count=8 5 5 6 5 6 5 5 9 5 6 5 5 9 6 5 5 6 6 6 8 5 7 6
internal_value=8.19593e-05 0.0190785 -0.00282139 0.00126767 0.00314078 -0.00379611 0.00763589 0.0204322 0.00172294 0.00295511 0.00799125 -0.00212335 0.00781173 0.0171717 -0.0112166 -0.0118307 -0.0100428 0.00854211 0.0127238 -0.00915005 -0.0108984 -0.0131934 -0.0100467
internal_weight=144 19 125 86 74 29 45 14 31 23 21 10 14 11 10 39 12 17 12 31 26 21 14
internal_count=144 19 125 86 74 29 45 14 31 23 21 10 14 11 10 39 12 17 12 31 26 21 14
is_linear=0
shrinkage=0.025


Tree=213
num_leaves=24
num_cat=0
split_feature=3 1 4 4 1 1 3 2 4 4 1 0 1 3 3 5 0 0 4 1 3 1 0
split_gain=12.2316 7.45334 3.42444 3.25091 4.88935 2.65502 2.02343 3.06105 1.10068 1.53496 2.50388 0.964521 0.961008 0.805058 1.82312 0.746888 0.637357 0.622316 0.520541 0.596104 0.190799 0.162953 0.0375247
threshold=631.12600000000009 86.39500000000001 1726.3270000000002 1907.0695000000003 82.540000000000006 65.010000000000005 602.59550000000013 9.0000000000000018 1633.2385000000002 1582.5550000000001 42.535500000000006 4.5000000000000009 45.883000000000003 699.50650000000007 663.07700000000011 409.39200000000005 1.5000000000000002 2.5000000000000004 1737.0670000000002 73.121000000000009 699.50650000000007 35.686500000000002 4.5000000000000009
decision_type=2 2 2 2 2 2 2 2 2 2 2 2 2 2 2 2 2 2 2 2 2 2 2
left_child=2 3 6 4 5 13 7 17 9 10 16 15 -10 14 -2 -7 -9 -1 20 -20 -17 -18 -19
right_child=1 -3 -4 -5 -6 11 -8 8 12 -11 -12 -13 -14 -15 -16 18 21 22 19 -21 -22 -23 -24
leaf_value=-0.02300075037825491 0.017762532445692241 0.033369894728304872 0.011985753791836593 -0.010077664369671812 0.027750027323922805 -0.010236067897998365 -0.022807769285094356 -0.00061645651092895977 0.0095937798550773078 -0.017384314296707028 0.010315234069862674 0.009208834064185295 -0.0042653210761566312 0.01939752594597878 -0.00067252964816159671 0.00098414712517363241 -0.007286347470317896 -0.014480976916609276 0.0028094158704894097 -0.0082034383176101573 0.0073910758400765747 -0.014737426441523337 -0.0093189360033119877
leaf_weight=6.0000000000000027 6.0000000000000018 5.9999999999999991 4.9999999999999991 7.9999999999999991 5.9999999999999991 5.0000000000000027 5.9999999999999991 5.0000000000000098 5.9999999999999982 5.9999999999999991 5.9999999999999991 5.9999999999999991 6 5.9999999999999991 7 8.0000000000000018 4.9999999999999982 5.9999999999999982 4.9999999999999982 7 4.9999999999999991 6 6
leaf_count=6 6 6 5 8 6 5 6 5 6 6 6 6 6 6 7 8 5 6 5 7 5 6 6
internal_value=7.98683e-05 0.00706811 -0.00749646 0.0046731 0.00665466 0.0042385 -0.00907057 -0.00755451 -0.00362583 -0.00634025 -0.00314244 0.000197929 0.00260545 0.0117474 0.00788148 -0.00161191 -0.00833127 -0.0160804 0.000130865 -0.00354146 0.0036177 -0.0116528 -0.0121975
internal_weight=144 75 69 69 61 55 64 58 40 28 22 36 12 19 13 30 16 18 25 12 13 11 12
internal_count=144 75 69 69 61 55 64 58 40 28 22 36 12 19 13 30 16 18 25 12 13 11 12
is_linear=0
shrinkage=0.025


Tree=214
num_leaves=23
num_cat=0
split_feature=2 1 1 0 4 3 4 2 4 3 3 5 1 1 1 0 4 3 1 4 1 5
split_gain=12.1113 9.59882 6.68976 2.68197 3.73865 7.81023 5.0528 10.5948 3.84824 3.04796 3.18361 2.8946 2.66628 2.50063 1.44803 1.44756 1.09627 1.00035 0.797917 0.838453 0.462253 0.360114
threshold=26.000000000000004 82.540000000000006 42.535500000000006 1.5000000000000002 1764.3165000000001 714.43250000000012 1726.3270000000002 22.000000000000004 1702.9405000000004 594.7170000000001 559.32100000000003 499.30500000000006 65.572500000000005 62.278000000000006 65.572500000000005 1.5000000000000002 1610.7190000000003 815.36700000000008 32.572500000000005 1661.6445000000001 40.565000000000005 245.00850000000003
decision_type=2 2 2 2 2 2 2 2 2 2 2 2 2 2 2 2 2 2 2 2 2 2
left_child=2 12 15 16 6 -6 8 -8 9 10 -5 17 -2 -11 -10 -1 -4 -7 -17 20 21 -20
right_child=1 -3 3 4 5 11 7 -9 14 13 -12 -13 -14 -15 -16 18 -18 -19 19 -21 -22 -23
leaf_value=-0.020842676507536236 0.02183437571645928 0.047653267933772156 -0.0017890114096864582 0.011676483773268173 -0.03181524107662529 0.00089004211856619122 0.048232363307705306 0.0031645907534529334 -0.020102685661270076 0.029564216145529204 -0.015957030525001192 -0.012769249946840347 -0.00051182693923297151 0.0053408836465208753 -0.000941740316697038 0.00020691700852834246 -0.017107719903992066 0.012796108602829604 -0.013079054315188299 -0.00092138792746342146 -0.01813687830646005 -0.00439025160045393
leaf_weight=7.9999999999999991 5.0000000000000027 4.9999999999999991 5.9999999999999982 5.0000000000000053 5.0000000000000027 9.0000000000000053 4.9999999999999973 9 4.9999999999999982 4.9999999999999982 5 5.9999999999999991 8.9999999999999982 6 5 5.0000000000000027 6 8.9999999999999982 8.0000000000000053 4.9999999999999991 6.9999999999999991 5.9999999999999991
leaf_count=8 5 5 6 5 5 9 5 9 5 5 5 6 9 6 5 5 6 9 8 5 7 6
internal_value=7.74808e-05 0.0185743 -0.00274923 0.00113659 0.00293307 -0.00402212 0.00744093 0.0198009 0.00172781 0.00782257 -0.00205969 0.00193154 0.00757605 0.0167944 -0.0108511 -0.011312 -0.00970572 0.00698696 -0.00869451 -0.0104425 -0.0126204 -0.00955759
internal_weight=144 19 125 86 74 29 45 14 31 21 10 24 14 11 10 39 12 18 31 26 21 14
internal_count=144 19 125 86 74 29 45 14 31 21 10 24 14 11 10 39 12 18 31 26 21 14
is_linear=0
shrinkage=0.025


Tree=215
num_leaves=23
num_cat=0
split_feature=2 0 1 1 0 4 1 4 2 4 3 3 5 1 1 0 4 3 1 4 1 5
split_gain=11.536 9.43522 6.37017 2.5993 2.55493 3.56174 7.49329 4.81341 10.0903 3.66727 2.90369 3.03259 2.76451 2.38046 1.37823 1.37609 1.04295 0.941566 0.760906 0.797534 0.438626 0.341765
threshold=26.000000000000004 4.5000000000000009 42.535500000000006 65.572500000000005 1.5000000000000002 1764.3165000000001 64.413000000000025 1726.3270000000002 22.000000000000004 1702.9405000000004 594.7170000000001 559.32100000000003 499.30500000000006 62.278000000000006 65.572500000000005 1.5000000000000002 1610.7190000000003 815.36700000000008 32.572500000000005 1661.6445000000001 40.565000000000005 245.00850000000003
decision_type=2 2 2 2 2 2 2 2 2 2 2 2 2 2 2 2 2 2 2 2 2 2
left_child=2 3 15 -2 16 7 -7 9 -9 10 11 -6 17 -12 -11 -1 -4 -8 -17 20 21 -20
right_child=1 -3 4 -5 5 6 12 8 -10 14 13 -13 -14 -15 -16 18 -18 -19 19 -21 -22 -23
leaf_value=-0.020334318220024794 0.021309510951575166 0.046954600341044934 -0.0017457285235005044 -0.00075187395104085633 0.011395798910122639 -0.031149552905788771 0.00092428848957237938 0.047072932038169653 0.003087195903872666 -0.019619447666292013 0.028853536712435582 -0.01557344841555907 -0.012460316969983041 0.0052116688581243624 -0.0009191022290346712 0.00020194417582108408 -0.016693823327941278 0.012483161116909725 -0.012760053095748503 -0.00089923921399391615 -0.017696051744537224 -0.0042840358831228746
leaf_weight=7.9999999999999991 5.0000000000000027 4.9999999999999991 5.9999999999999982 8.9999999999999982 5.0000000000000053 5.0000000000000027 9.0000000000000053 4.9999999999999973 9 4.9999999999999982 4.9999999999999982 5 5.9999999999999991 6 5 5.0000000000000027 6 8.9999999999999982 8.0000000000000053 4.9999999999999991 6.9999999999999991 5.9999999999999991
leaf_count=8 5 5 6 9 5 5 9 5 9 5 5 5 6 6 5 5 6 9 8 5 7 6
internal_value=7.54743e-05 0.0181279 -0.00268309 0.00722833 0.00110846 0.00286219 -0.00392579 0.00726234 0.0193262 0.00168514 0.00763571 -0.00200723 0.00190473 0.0163929 -0.0105932 -0.0110388 -0.00947338 0.00684607 -0.00848497 -0.010192 -0.0123163 -0.009327
internal_weight=144 19 125 14 86 74 29 45 14 31 21 10 24 11 10 39 12 18 31 26 21 14
internal_count=144 19 125 14 86 74 29 45 14 31 21 10 24 11 10 39 12 18 31 26 21 14
is_linear=0
shrinkage=0.025


Tree=216
num_leaves=24
num_cat=0
split_feature=1 2 0 4 1 1 0 3 3 5 4 4 1 1 0 3 1 3 3 5 4 5 4
split_gain=11.021 7.97439 3.3563 4.62511 3.26016 2.3026 1.68256 1.35482 2.5187 1.21804 2.66596 1.48 1.10482 2.64668 2.90196 0.856007 0.820812 0.796019 0.722723 0.440756 0.302964 0.172417 0.0120246
threshold=86.39500000000001 15.000000000000002 2.5000000000000004 1907.0695000000003 82.540000000000006 64.413000000000025 1.5000000000000002 689.99850000000015 663.07700000000011 292.14100000000008 1686.0285000000001 1636.5410000000004 59.361000000000011 65.010000000000005 1.5000000000000002 489.58850000000007 32.572500000000005 699.50650000000007 742.71150000000011 340.53400000000005 1730.3280000000002 245.00850000000003 1782.5045000000002
decision_type=2 2 2 2 2 2 2 2 2 2 2 2 2 2 2 2 2 2 2 2 2 2 2
left_child=1 6 12 4 5 7 -1 8 19 10 11 15 -3 -14 -15 16 -8 -7 22 -4 -16 -18 -19
right_child=-2 2 3 -5 -6 17 9 -9 -10 -11 -12 -13 13 14 20 -17 21 18 -20 -21 -22 -23 -24
leaf_value=-0.019838359146719664 0.032689735521712608 -0.012297582692311451 0.020203017106940651 -0.010847623291902428 0.026456598120350994 -0.0062986545505062195 0.00019708983600139575 0.024106564630682656 -0.0055616611758103739 -0.01758978424533721 0.011153412753572831 -0.019182901126482799 0.014642182365059845 -0.021309408201621124 0.0043331221185831555 0.0019320954154762955 -0.014407602697610858 0.0061055660068702203 -0.0018749282488392457 0.0094568323704504187 -0.0035382473984589937 -0.0074414444606631025 0.010112693102564662
leaf_weight=7.9999999999999991 5.9999999999999991 7.0000000000000027 6.0000000000000053 7.9999999999999991 5.9999999999999991 6.0000000000000027 5.0000000000000098 4.9999999999999991 4.9999999999999991 5.9999999999999991 4.9999999999999991 5.9999999999999991 5.0000000000000027 5.0000000000000009 7 6.9999999999999991 6.9999999999999982 5.0000000000000018 6.9999999999999991 6 5 6 5
leaf_count=8 6 7 6 8 6 6 5 5 5 6 5 6 5 5 7 7 7 5 7 6 5 6 5
internal_value=7.35046e-05 -0.0013808 0.00313805 0.00656147 0.00934842 0.00693271 -0.0093397 0.0126835 0.00900991 -0.0072258 -0.0053763 -0.00813685 -0.00378125 -0.000928828 -0.00569822 -0.00530499 -0.0081784 0.00131611 0.00411834 0.0151755 0.000946688 -0.0114486 0.00839068
internal_weight=144 138 88 59 51 45 50 22 17 42 36 31 29 22 17 25 18 23 17 12 12 13 10
internal_count=144 138 88 59 51 45 50 22 17 42 36 31 29 22 17 25 18 23 17 12 12 13 10
is_linear=0
shrinkage=0.025


Tree=217
num_leaves=23
num_cat=0
split_feature=2 0 1 1 5 1 5 0 4 1 3 2 1 4 4 3 3 3 0 0 1 1
split_gain=10.9582 9.00825 5.74277 2.44907 2.42845 8.52476 2.48452 1.97523 1.81447 1.34885 3.1251 1.23291 1.00895 0.691114 0.524117 1.10549 0.617009 0.766902 0.476694 0.125077 0.0968228 0.0181434
threshold=26.000000000000004 4.5000000000000009 42.535500000000006 65.572500000000005 299.52400000000006 55.964500000000008 499.30500000000006 3.5000000000000004 1686.0285000000001 65.010000000000005 682.85100000000011 9.0000000000000018 40.565000000000005 1737.0670000000002 1726.3270000000002 711.90600000000006 849.64100000000019 756.86750000000006 2.5000000000000004 1.5000000000000002 35.686500000000002 73.855000000000004
decision_type=2 2 2 2 2 2 2 2 2 2 2 2 2 2 2 2 2 2 2 2 2 2
left_child=2 3 11 -2 8 -6 7 9 -4 -7 -11 18 19 21 -9 -16 17 -17 -1 -13 -21 -12
right_child=1 -3 4 -5 5 6 -8 14 -10 10 13 12 -14 -15 15 16 -18 -19 -20 20 -22 -23
leaf_value=-0.021713521740128906 0.020683751212289686 0.045834193564951414 0.0027258113608695568 -0.00072699498952082976 -0.024758515416122066 0.0079406107707721413 -0.012774185595973847 0.015839625780399019 0.022553372540726108 -0.019002031823319762 0.0073999463831289471 0.00038430808344855875 -0.014193591961844103 -0.0046655489049190957 -0.0015737927001383562 0.0074374069334802815 0.0020588100028152648 0.020499554734963638 -0.01189295171893069 -0.0066881758160889163 -0.001346108095290569 0.0038731683332186469
leaf_weight=6.0000000000000027 5.0000000000000027 4.9999999999999991 6.9999999999999982 8.9999999999999982 7.9999999999999991 8.0000000000000018 5.9999999999999991 5.0000000000000027 5 6.0000000000000027 4.9999999999999982 5.0000000000000027 6.9999999999999991 5.9999999999999991 7.0000000000000027 8.0000000000000018 4.9999999999999991 4.9999999999999991 10.999999999999998 4.9999999999999982 5 5
leaf_count=6 5 5 7 9 8 8 6 5 5 6 5 5 7 6 7 8 5 5 11 5 5 5
internal_value=7.21853e-05 0.0176669 -0.00261618 0.00701529 0.000983211 -0.000702838 0.00226011 0.00382175 0.011324 -0.000679 -0.00391301 -0.0105497 -0.00645152 0.00183295 0.00833858 0.00667496 0.00993353 0.0127905 -0.0156439 -0.0026171 -0.00421846 0.00586963
internal_weight=144 19 125 14 86 74 66 60 12 30 22 39 22 16 30 25 18 13 17 15 10 10
internal_count=144 19 125 14 86 74 66 60 12 30 22 39 22 16 30 25 18 13 17 15 10 10
is_linear=0
shrinkage=0.025


Tree=218
num_leaves=24
num_cat=0
split_feature=1 2 0 4 1 5 0 5 4 4 1 1 0 5 3 3 1 2 5 5 4 4 5
split_gain=10.5421 7.31579 3.08462 4.5363 3.05445 2.21528 1.58437 1.23807 2.45628 1.4348 1.02604 2.43797 2.77784 0.987573 1.92744 0.787576 0.80415 0.707201 0.586359 0.503516 0.29368 0.189162 0.166998
threshold=86.39500000000001 15.000000000000002 2.5000000000000004 1907.0695000000003 82.540000000000006 396.88850000000008 1.5000000000000002 292.14100000000008 1686.0285000000001 1636.5410000000004 59.361000000000011 65.010000000000005 1.5000000000000002 340.53400000000005 685.96150000000011 489.58850000000007 32.572500000000005 22.000000000000004 409.39200000000005 368.90600000000006 1730.3280000000002 1790.8060000000003 245.00850000000003
decision_type=2 2 2 2 2 2 2 2 2 2 2 2 2 2 2 2 2 2 2 2 2 2 2
left_child=1 6 10 4 5 13 -1 8 9 15 -3 -12 -13 -4 19 16 -8 -16 -7 -15 -14 -20 -18
right_child=-2 2 3 -5 -6 18 7 -9 -10 -11 11 12 20 14 17 -17 22 -19 21 -21 -22 -23 -24
leaf_value=-0.019161756351453868 0.031971584392651436 -0.011862707061744807 0.020038703805015923 -0.010979932473927012 0.025581983356706556 -0.0065992232742569101 0.00059485971354521119 -0.017359199831562658 0.010800330097285602 -0.018582209812537318 0.014038062138626201 -0.020758175420073355 0.0043474553088243629 -0.0048947811986391337 0.007787220953748778 0.0020074266060772865 -0.01382304628690084 0.0214512086683704 0 0.0056233889633609396 -0.0033978468308655109 0.0064609562118466066 -0.0070088077516805725
leaf_weight=7.9999999999999991 5.9999999999999991 7.0000000000000027 6.0000000000000027 7.9999999999999991 5.9999999999999991 6.0000000000000027 5.0000000000000098 5.9999999999999991 4.9999999999999991 5.9999999999999991 5.0000000000000027 5.0000000000000009 7 5.0000000000000018 4.9999999999999982 6.9999999999999991 6.9999999999999982 6 5.9999999999999982 6 5 5 6
leaf_count=8 6 7 6 8 6 6 5 6 5 6 5 5 7 5 5 7 7 6 6 6 5 5 6
internal_value=7.16945e-05 -0.00135047 0.00297732 0.00625968 0.00902067 0.00668142 -0.00897381 -0.00692201 -0.00506165 -0.00771293 -0.0036549 -0.000903681 -0.00548312 0.0109803 0.00829519 -0.00492793 -0.00768611 0.0156019 -0.000371689 0.000728763 0.00101499 0.00297073 -0.0109266
internal_weight=144 138 88 59 51 45 50 42 36 31 29 22 17 28 22 25 18 11 17 11 12 11 13
internal_count=144 138 88 59 51 45 50 42 36 31 29 22 17 28 22 25 18 11 17 11 12 11 13
is_linear=0
shrinkage=0.025


Tree=219
num_leaves=23
num_cat=0
split_feature=2 1 1 5 1 5 1 0 4 1 3 0 1 4 4 4 3 4 5 1 5 1
split_gain=10.438 8.70918 5.17351 2.43304 8.07561 2.51387 2.32992 1.80771 1.72195 1.24118 2.97777 1.17994 0.696498 0.700909 0.688113 0.51256 1.03946 0.556736 0.50428 0.396461 0.285498 0.00840927
threshold=26.000000000000004 82.540000000000006 42.535500000000006 299.52400000000006 55.964500000000008 499.30500000000006 65.572500000000005 3.5000000000000004 1686.0285000000001 65.010000000000005 682.85100000000011 1.5000000000000002 32.572500000000005 1661.6445000000001 1737.0670000000002 1726.3270000000002 711.90600000000006 1875.2530000000002 413.27850000000007 40.565000000000005 245.00850000000003 73.855000000000004
decision_type=2 2 2 2 2 2 2 2 2 2 2 2 2 2 2 2 2 2 2 2 2 2
left_child=2 6 11 8 -5 7 -2 9 -4 -6 -11 -1 -13 19 21 -9 -17 18 -18 20 -14 -12
right_child=1 -3 3 4 5 -7 -8 15 -10 10 14 12 13 -15 -16 16 17 -19 -20 -21 -22 -23
leaf_value=-0.018694396184121328 0.020102952637423104 0.044937439176898734 0.0028256332521980065 -0.02423759975993052 0.0075925427239115625 -0.013065446396508527 -0.00077729141440890416 0.015355519291300031 0.022157747785632426 -0.018507258834377403 0.0072119877387124762 0.00058056033001496201 -0.011648465915605782 -0.00063560013301097436 -0.0046544760690941924 -0.001681680108110109 0.007589060589412432 0.0028512227799623244 0.018765092383210474 -0.016445951810520557 -0.0038709998190883665 0.0040376578099452524
leaf_weight=7.9999999999999991 5.0000000000000027 4.9999999999999991 6.9999999999999982 7.9999999999999991 8.0000000000000018 5.9999999999999991 8.9999999999999982 5.0000000000000027 5 6.0000000000000027 4.9999999999999982 5.0000000000000027 8.0000000000000053 4.9999999999999991 5.9999999999999991 7.0000000000000027 7.0000000000000018 5.9999999999999991 5 6.9999999999999991 5.9999999999999991 5
leaf_count=8 5 5 7 8 8 6 9 5 5 6 5 5 8 5 6 7 7 6 5 7 6 5
internal_value=7.04101e-05 0.0172427 -0.00255316 0.000862563 -0.000824959 0.00205871 0.00677002 0.00363027 0.0112143 -0.0006737 -0.00377723 -0.0100831 -0.00771521 -0.00935052 0.00182965 0.00795159 0.00631108 0.00947238 0.0125795 -0.011341 -0.00850476 0.00585766
internal_weight=144 19 125 86 74 66 14 60 12 30 22 39 31 26 16 30 25 18 12 21 14 10
internal_count=144 19 125 86 74 66 14 60 12 30 22 39 31 26 16 30 25 18 12 21 14 10
is_linear=0
shrinkage=0.025


Tree=220
num_leaves=24
num_cat=0
split_feature=1 2 0 4 1 1 2 0 0 3 3 4 1 1 1 3 3 3 0 0 5 1 4
split_gain=10.0911 6.71711 2.83338 4.45267 2.79752 2.14731 1.47125 2.57753 1.62929 1.21231 2.47221 1.03608 0.995413 0.945952 2.99605 0.742033 0.658029 0.71362 0.655521 0.531544 0.488005 0.475273 0.0143481
threshold=86.39500000000001 15.000000000000002 2.5000000000000004 1907.0695000000003 82.540000000000006 64.413000000000025 9.0000000000000018 5.5000000000000009 4.5000000000000009 689.99850000000015 663.07700000000011 1596.1025000000002 76.620000000000019 65.010000000000005 59.361000000000011 458.17200000000008 699.50650000000007 742.71150000000011 1.5000000000000002 2.5000000000000004 340.53400000000005 73.121000000000009 1782.5045000000002
decision_type=2 2 2 2 2 2 2 2 2 2 2 2 2 2 2 2 2 2 2 2 2 2 2
left_child=1 6 12 4 5 9 19 8 11 10 20 15 13 14 -3 18 -7 22 -8 -1 -4 -15 -18
right_child=-2 2 3 -5 -6 16 7 -9 -10 -11 -12 -13 -14 21 -16 -17 17 -19 -20 -21 -22 -23 -24
leaf_value=-0.020744476154927274 0.031280295310481904 -0.011430765267060543 0.019871513978127493 -0.01110701653879227 0.024562138751629863 -0.0058731058672551149 0.0012850736733525968 -0.021442014638047954 0.010417665340579474 0.022833538084076004 -0.0058910389502461139 -0.014905146774477684 0.005304529514884756 -0.016885196847411306 0.013457949258960209 0.005825322751815503 0.0056154900445387883 -0.0023536308202892538 -0.01025403103687697 -0.010776847900181522 0.0087542006806019812 -0.0057806655374025139 0.0095457691430615669
leaf_weight=6.0000000000000027 5.9999999999999991 7.0000000000000053 6.0000000000000053 7.9999999999999991 5.9999999999999991 6.0000000000000027 5.0000000000000089 4.9999999999999991 4.9999999999999991 4.9999999999999991 4.9999999999999991 4.9999999999999991 5.9999999999999991 4.9999999999999982 5 4.9999999999999991 5.0000000000000018 6.9999999999999991 7 11.999999999999998 6 6 5
leaf_count=6 6 7 6 8 6 6 5 5 5 5 5 5 6 5 5 5 5 7 7 12 6 6 5
internal_value=7.00295e-05 -0.0013212 0.00282531 0.00597158 0.00870791 0.00646703 -0.00862613 -0.00529312 -0.00212095 0.0120194 0.00853756 -0.00509512 -0.00352997 -0.00591437 -0.000907391 -0.00199738 0.00104436 0.0035984 -0.00540136 -0.0143595 0.01465 -0.0111512 0.00785182
internal_weight=144 138 88 59 51 45 50 32 27 22 17 22 29 23 12 17 23 17 12 18 12 11 10
internal_count=144 138 88 59 51 45 50 32 27 22 17 22 29 23 12 17 23 17 12 18 12 11 10
is_linear=0
shrinkage=0.025


Tree=221
num_leaves=23
num_cat=0
split_feature=2 0 2 0 5 1 0 5 4 4 5 3 4 5 4 3 4 3 1 5 4 4
split_gain=9.89203 8.50357 4.71173 2.43545 3.11097 2.23855 1.42111 1.23368 2.26173 1.4007 0.981634 1.17007 1.32779 1.11424 0.947035 0.909491 1.02494 0.714583 0.75623 0.150393 0.140936 0.20927
threshold=26.000000000000004 4.5000000000000009 15.000000000000002 1.5000000000000002 499.30500000000006 65.572500000000005 1.5000000000000002 292.14100000000008 1686.0285000000001 1636.5410000000004 340.53400000000005 682.85100000000011 1687.9340000000002 382.15650000000005 1610.7190000000003 815.36700000000008 1782.5045000000002 489.58850000000007 32.572500000000005 245.00850000000003 1726.3270000000002 1747.1955
decision_type=2 2 2 2 2 2 2 2 2 2 2 2 2 2 2 2 2 2 2 2 2 2
left_child=2 5 6 14 10 -2 -1 8 9 17 -5 12 -12 -13 -4 16 20 18 -8 -20 -15 -22
right_child=1 -3 3 4 -6 -7 7 -9 -10 -11 11 13 -14 15 -16 -17 -18 -19 19 -21 21 -23
leaf_value=-0.018068288693704259 0.019513053590288515 0.044149255222426007 -0.0013778988872804952 0.01400169889546103 -0.013335212452277062 -0.00095112747386219402 0.0009669141987195363 -0.016878326862089097 0.010596531142409032 -0.01789457407975269 0.0065864462946211141 0.017192025368030255 -0.0087047192835953188 0.0085565086686983528 -0.015614232517057847 0.011108102876207105 -0.0069420912423201146 0.0021786065280644429 -0.012945640252696145 -0.0064750609558916847 -0.00044504218519880224 0.0062009376548831496
leaf_weight=7.9999999999999991 5.0000000000000027 4.9999999999999991 5.9999999999999982 6.9999999999999991 5.9999999999999991 8.9999999999999982 5.0000000000000098 5.9999999999999991 4.9999999999999991 5.9999999999999991 5.9999999999999991 4.9999999999999991 7.9999999999999991 5.0000000000000098 6 8.9999999999999982 5.9999999999999991 6.9999999999999991 6.9999999999999982 6 4.9999999999999982 6
leaf_count=8 5 5 6 7 6 9 5 6 5 6 6 5 8 5 6 9 6 7 7 6 5 6
internal_value=6.88009e-05 0.0167861 -0.002485 0.00146499 0.00344966 0.00644137 -0.00841713 -0.00647228 -0.00461974 -0.00716623 0.00527879 0.00398177 -0.00206287 0.0063654 -0.0087378 0.0044801 0.00163669 -0.00442024 -0.00705088 -0.0101973 0.00497688 0.00311443
internal_weight=144 19 125 75 63 14 50 42 36 31 57 50 14 36 12 31 22 25 18 13 16 11
internal_count=144 19 125 75 63 14 50 42 36 31 57 50 14 36 12 31 22 25 18 13 16 11
is_linear=0
shrinkage=0.025


Tree=222
num_leaves=24
num_cat=0
split_feature=1 2 4 1 0 5 2 0 0 4 1 5 3 1 1 0 2 3 0 5 0 1 4
split_gain=9.66665 6.02593 2.81808 4.16156 2.63838 2.01212 1.41789 2.48146 1.54075 0.99047 0.951565 0.928575 1.74165 0.877613 2.88077 0.778463 0.684914 0.684612 0.652759 0.536293 0.500511 0.452838 0.184258
threshold=86.39500000000001 15.000000000000002 1907.0695000000003 82.540000000000006 2.5000000000000004 396.88850000000008 9.0000000000000018 5.5000000000000009 4.5000000000000009 1596.1025000000002 76.620000000000019 340.53400000000005 685.96150000000011 65.010000000000005 59.361000000000011 3.5000000000000004 22.000000000000004 458.17200000000008 1.5000000000000002 409.39200000000005 2.5000000000000004 73.121000000000009 1790.8060000000003
decision_type=2 2 2 2 2 2 2 2 2 2 2 2 2 2 2 2 2 2 2 2 2 2 2
left_child=1 6 3 4 10 11 20 8 9 17 13 -6 15 14 -3 -13 -14 18 -8 -7 -1 -15 -21
right_child=-2 2 -4 -5 5 19 7 -9 -10 -11 -12 12 16 21 -16 -17 -18 -19 -20 22 -22 -23 -24
leaf_value=-0.020035721890387988 0.03061434823659159 -0.011268489044353668 -0.011297960336342819 0.023767562691242465 0.019052001545506129 -0.0064896457978794609 0.0016885162904285438 -0.020785033043760521 0.010359030694011243 -0.014314588610655987 0.0051891136073297069 0.0077119060433827871 0.0069836920270553013 -0.016421142413925668 0.013135569621450625 -0.0053871276878541506 0.020358123053466119 0.0058077491963138949 -0.0098283265665587444 -0.00012397536962863899 -0.010360203326114868 -0.0055782638272390724 0.006109444240036491
leaf_weight=6.0000000000000027 5.9999999999999991 7.0000000000000053 7.9999999999999991 5.9999999999999991 6.0000000000000027 6.0000000000000027 5.0000000000000089 4.9999999999999991 4.9999999999999991 4.9999999999999991 5.9999999999999991 5.0000000000000018 4.9999999999999982 4.9999999999999982 5 6 6 4.9999999999999991 7 5.9999999999999982 11.999999999999998 6 5
leaf_count=6 6 7 8 6 6 6 5 5 5 5 6 5 5 5 5 6 6 5 7 6 12 6 5
internal_value=6.73904e-05 -0.00129408 0.00263276 0.00406611 0.0023921 0.00618085 -0.00821316 -0.00494362 -0.0018328 -0.00472834 -0.00344626 0.0102787 0.00767961 -0.00577816 -0.000949029 0.000486761 0.0146237 -0.00170252 -0.00497817 -0.000536938 -0.0138388 -0.0108237 0.00265629
internal_weight=144 138 88 80 74 45 50 32 27 22 29 28 22 23 12 11 11 17 12 17 18 11 11
internal_count=144 138 88 80 74 45 50 32 27 22 29 28 22 23 12 11 11 17 12 17 18 11 11
is_linear=0
shrinkage=0.025


Tree=223
num_leaves=24
num_cat=0
split_feature=2 0 3 3 1 5 0 1 0 3 2 4 3 5 3 4 4 5 3 1 1 3 3
split_gain=9.40004 8.14025 4.31432 3.51432 3.89289 2.60021 2.27948 2.11751 1.52829 2.60225 1.53276 1.3932 2.34942 1.07726 0.976282 0.834261 0.774231 0.993715 0.772477 0.810457 0.442193 0.588244 0.108379
threshold=26.000000000000004 4.5000000000000009 586.65050000000008 602.59550000000013 55.964500000000008 499.30500000000006 1.5000000000000002 65.572500000000005 1.5000000000000002 374.15350000000007 13.000000000000002 1686.0285000000001 669.98900000000015 382.15650000000005 815.36700000000008 1782.5045000000002 1596.1025000000002 267.84700000000004 473.29000000000002 32.572500000000005 66.848500000000016 718.77850000000012 438.47750000000002
decision_type=2 2 2 2 2 2 2 2 2 2 2 2 2 2 2 2 2 2 2 2 2 2 2
left_child=2 7 8 -4 -5 6 -6 -2 9 -1 16 -8 -13 -14 15 20 18 -18 19 -10 -15 -22 -21
right_child=1 -3 3 4 5 -7 11 -9 10 -11 -12 12 13 14 -16 -17 17 -19 -20 22 21 -23 -24
leaf_value=-0.029104038127339804 0.018954238027352112 0.043134944248371394 0.021345971782620141 -0.020768689478819189 -0.012270457670092584 -0.013584254057176651 0.015320719804407823 -0.00094574005700490951 0.0013297074689314907 -0.0064369097534243197 0.0074037349854524318 -0.01088992384893279 0.015291181831590592 0.0099137668856061293 0.010636994202175868 -0.0068818537713659384 -0.006227982941124104 -0.020495728212587824 0.0044401870324061463 -0.0070338732634599409 -0.0035093602000011341 0.0074888909352011966 -0.013722178082053477
leaf_weight=4.9999999999999991 5.0000000000000027 4.9999999999999991 4.9999999999999991 4.9999999999999991 4.9999999999999991 5.9999999999999991 6.9999999999999991 8.9999999999999982 5.0000000000000027 8.9999999999999982 4.9999999999999991 5.9999999999999991 5.9999999999999991 5.0000000000000062 8.9999999999999982 5.9999999999999991 8.9999999999999982 4.9999999999999991 4.9999999999999991 4.9999999999999982 6.9999999999999982 5 5
leaf_count=5 5 5 5 5 5 6 7 9 5 9 5 6 6 5 9 6 9 5 5 5 7 5 5
internal_value=6.61437e-05 0.0163627 -0.00242312 0.00154764 0 0.00174819 0.00345569 0.00624023 -0.0078264 -0.0149162 -0.00518632 0.00506379 0.00334179 0.00566687 0.00373973 0.000918489 -0.00710682 -0.0116285 -0.00379594 -0.00664585 0.00379223 0.00101843 -0.0107041
internal_weight=144 19 125 72 67 62 56 14 53 14 39 51 44 38 32 23 34 14 20 15 17 12 10
internal_count=144 19 125 72 67 62 56 14 53 14 39 51 44 38 32 23 34 14 20 15 17 12 10
is_linear=0
shrinkage=0.025


Tree=224
num_leaves=24
num_cat=0
split_feature=1 2 4 1 0 1 2 0 0 3 3 4 1 0 1 1 3 0 3 0 1 5 0
split_gain=9.2674 5.4084 2.81375 3.91594 2.47689 1.92661 1.35066 2.39411 1.47128 1.03441 2.23892 0.940331 0.906708 0.825101 0.82222 2.74243 0.630178 0.647426 0.533822 0.45076 0.443606 0.400611 0.00195586
threshold=86.39500000000001 15.000000000000002 1907.0695000000003 82.540000000000006 2.5000000000000004 64.413000000000025 9.0000000000000018 5.5000000000000009 4.5000000000000009 689.99850000000015 663.07700000000011 1596.1025000000002 76.620000000000019 4.5000000000000009 65.010000000000005 59.361000000000011 458.17200000000008 1.5000000000000002 699.50650000000007 2.5000000000000004 73.121000000000009 340.53400000000005 4.5000000000000009
decision_type=2 2 2 2 2 2 2 2 2 2 2 2 2 2 2 2 2 2 2 2 2 2 2
left_child=1 6 3 4 12 9 19 8 11 10 21 16 14 18 15 -3 17 -8 -7 -1 -16 -6 -21
right_child=-2 2 -4 -5 5 13 7 -9 -10 -11 -12 -13 -14 -15 20 -17 -18 -19 -20 22 -22 -23 -24
leaf_value=-0.019215006789853484 0.029973623000325696 -0.011062535434029987 -0.011469918066953744 0.022994592593562221 0.018550997828283601 -0.0093251288223725037 0.0020206135805123089 -0.020191095396876337 0.01033294511994777 0.021192956343293191 -0.0057581571288979963 -0.013749123805274186 0.0050300838185414198 0.0066621880897361312 -0.016093307124594086 0.012746946298732208 0.0057360426594431583 -0.0094512058835890551 0.00061110591081872028 -0.011642731293555232 -0.0053740127658050861 0.0083667160522553231 -0.0078189996882311753
leaf_weight=6.0000000000000027 5.9999999999999991 7.0000000000000053 7.9999999999999991 5.9999999999999991 6.0000000000000053 5.0000000000000027 5.0000000000000089 4.9999999999999991 4.9999999999999991 4.9999999999999991 4.9999999999999991 4.9999999999999991 5.9999999999999991 8.9999999999999982 4.9999999999999982 5 4.9999999999999991 7 8.9999999999999982 5.9999999999999982 6 6 6
leaf_count=6 6 7 8 6 6 5 5 5 5 5 5 5 6 9 5 5 5 7 9 6 6 6 6
internal_value=6.39575e-05 -0.00126891 0.00245072 0.00388351 0.00225931 0.00593085 -0.00782406 -0.00463422 -0.00158008 0.0111892 0.00796206 -0.00441259 -0.0033967 0.000794122 -0.00567328 -0.000993126 -0.00146593 -0.00461406 -0.00293088 -0.013313 -0.0105584 0.013782 -0.00999285
internal_weight=144 138 88 80 74 45 50 32 27 22 17 22 29 23 23 12 17 12 14 18 11 12 12
internal_count=144 138 88 80 74 45 50 32 27 22 17 22 29 23 23 12 17 12 14 18 11 12 12
is_linear=0
shrinkage=0.025


Tree=225
num_leaves=24
num_cat=0
split_feature=2 1 3 5 3 5 1 0 3 2 0 4 5 3 1 4 3 3 4 3 3 3 1
split_gain=8.93497 7.89828 3.90818 3.62322 3.82668 2.86638 2.02012 1.46255 2.4272 1.42548 0.958478 0.75375 0.977111 0.704649 0.799788 0.580878 0.915888 0.485047 0.352749 0.586327 0.112639 0.0863366 0.000387175
threshold=26.000000000000004 82.540000000000006 586.65050000000008 299.52400000000006 631.12600000000009 499.30500000000006 65.572500000000005 1.5000000000000002 374.15350000000007 13.000000000000002 3.5000000000000004 1596.1025000000002 267.84700000000004 473.29000000000002 32.572500000000005 1726.3270000000002 711.90600000000006 832.14450000000011 1737.0670000000002 682.85100000000011 438.47750000000002 728.83900000000006 73.855000000000004
decision_type=2 2 2 2 2 2 2 2 2 2 2 2 2 2 2 2 2 2 2 2 2 2 2
left_child=2 6 7 -4 -5 10 -2 8 -1 11 18 13 -13 14 -9 -12 -17 21 19 -6 -16 -18 -21
right_child=1 -3 3 4 5 -7 -8 9 -10 -11 15 12 -14 -15 20 16 17 -19 -20 22 -22 -23 -24
leaf_value=-0.028146711665277296 0.01840158021816302 0.042320547539454238 0.021518360594144234 -0.015126923698446027 -0.0038668790171223254 -0.013813660798534272 -0.0010327213978440421 0.0016762957263451346 -0.0062449895392131562 0.0072121112105938108 0.014835824029376866 -0.0058911488128259139 -0.020019871031847568 0.004344286167850861 -0.0066165250869324585 -0.0021695984527468669 0.0078859620476857944 0.0027962685847241018 -0.0048974538730802916 0.0070119935499790773 -0.013300621079710813 0.014080729436189416 0.0041687698318408073
leaf_weight=4.9999999999999991 5.0000000000000027 4.9999999999999991 4.9999999999999991 8.9999999999999982 6.0000000000000062 5.9999999999999991 8.9999999999999982 5.0000000000000027 8.9999999999999982 4.9999999999999991 5.0000000000000027 8.9999999999999982 4.9999999999999991 4.9999999999999991 4.9999999999999982 7.0000000000000027 5.0000000000000018 6.9999999999999991 5.9999999999999991 4.9999999999999982 5 6 5
leaf_count=5 5 5 5 9 6 6 9 5 9 5 5 9 5 5 5 7 5 7 6 5 5 6 5
internal_value=6.22482e-05 0.0159507 -0.00236444 0.00141413 -0.000127164 0.00222289 0.00598149 -0.0075071 -0.0144413 -0.00492503 0.00414304 -0.00677819 -0.011236 -0.00351545 -0.00624029 0.00703529 0.00532022 0.00829344 0.000114915 0.00210897 -0.0102764 0.0115676 0.00582255
internal_weight=144 19 125 72 67 58 14 53 14 39 52 34 14 20 15 30 25 18 22 16 10 11 10
internal_count=144 19 125 72 67 58 14 53 14 39 52 34 14 20 15 30 25 18 22 16 10 11 10
is_linear=0
shrinkage=0.025


Tree=226
num_leaves=24
num_cat=0
split_feature=1 2 4 1 0 1 2 0 0 3 3 4 1 1 0 0 3 0 3 0 5 4 0
split_gain=8.89028 4.92435 2.79011 3.65535 2.31494 1.84912 1.26655 2.42025 1.40465 0.966559 2.18545 0.892489 0.869312 1.94131 2.51905 0.752506 0.580002 0.641723 0.503167 0.404723 0.38488 0.278056 0.00178607
threshold=86.39500000000001 15.000000000000002 1907.0695000000003 82.540000000000006 2.5000000000000004 64.413000000000025 9.0000000000000018 5.5000000000000009 4.5000000000000009 689.99850000000015 663.07700000000011 1596.1025000000002 59.361000000000011 65.010000000000005 1.5000000000000002 4.5000000000000009 458.17200000000008 1.5000000000000002 699.50650000000007 2.5000000000000004 340.53400000000005 1730.3280000000002 4.5000000000000009
decision_type=2 2 2 2 2 2 2 2 2 2 2 2 2 2 2 2 2 2 2 2 2 2 2
left_child=1 6 3 4 12 9 19 8 11 10 20 16 -3 -14 -15 18 17 -8 -7 -1 -6 -16 -21
right_child=-2 2 -4 -5 5 15 7 -9 -10 -11 -12 -13 13 14 21 -17 -18 -19 -20 22 -22 -23 -24
leaf_value=-0.018429922048122643 0.029356307788721975 -0.010859749204893075 -0.011557553306494547 0.022196768801058493 0.018167185975659261 -0.0090821011994893664 0.0023327545083772633 -0.020046819918430769 0.010298174594600614 0.020540075577222386 -0.0058128559961915013 -0.013204145911507882 0.012557558378634537 -0.019412649136323193 0.0045517364012387885 0.0062876134301009402 0.0056633893973552264 -0.0090910640648669671 0.00056073081669519135 -0.011254583563535446 0.0081766055956963568 -0.0029685373561313512 -0.0075285741037899442
leaf_weight=6.0000000000000027 5.9999999999999991 7.0000000000000027 7.9999999999999991 5.9999999999999991 6.0000000000000053 5.0000000000000027 5.0000000000000089 4.9999999999999991 4.9999999999999991 4.9999999999999991 4.9999999999999991 4.9999999999999991 5.0000000000000027 5.0000000000000009 7 8.9999999999999982 4.9999999999999991 7 8.9999999999999982 5.9999999999999982 6 5 6
leaf_count=6 6 7 8 6 6 5 5 5 5 5 5 5 5 5 7 9 5 7 9 6 6 5 6
internal_value=6.13464e-05 -0.00124394 0.00230486 0.00373205 0.00216227 0.00571219 -0.00749903 -0.00440932 -0.00134143 0.0108632 0.00773864 -0.00411204 -0.00330481 -0.000768485 -0.00486103 0.000680079 -0.00124277 -0.00426847 -0.00287452 -0.0128143 0.0134903 0.00131853 -0.009648
internal_weight=144 138 88 80 74 45 50 32 27 22 17 22 29 22 17 23 17 12 14 18 12 12 12
internal_count=144 138 88 80 74 45 50 32 27 22 17 22 29 22 17 23 17 12 14 18 12 12 12
is_linear=0
shrinkage=0.025


Tree=227
num_leaves=23
num_cat=0
split_feature=2 0 2 1 5 3 4 1 3 3 4 4 5 3 4 1 0 1 1 5 0 0
split_gain=8.5191 7.62442 3.54117 1.91257 1.90717 2.39028 2.80624 2.7679 4.7304 2.73951 2.5601 1.63583 1.0099 0.82442 0.870679 0.674579 0.518363 0.801122 0.403368 0.612766 0.383867 0.000789508
threshold=26.000000000000004 4.5000000000000009 9.0000000000000018 65.572500000000005 499.30500000000006 682.85100000000011 1747.1955 65.010000000000005 586.65050000000008 568.22250000000008 1687.9340000000002 1633.2385000000002 382.15650000000005 815.36700000000008 1782.5045000000002 45.717000000000006 2.5000000000000004 35.686500000000002 76.620000000000019 429.80250000000007 2.5000000000000004 4.5000000000000009
decision_type=2 2 2 2 2 2 2 2 2 2 2 2 2 2 2 2 2 2 2 2 2 2
left_child=2 3 20 -2 5 6 7 8 9 11 -10 15 -7 14 18 16 17 -4 19 -14 -1 -22
right_child=1 -3 4 -5 -6 12 -8 -9 10 -11 -12 -13 13 -15 -16 -17 -18 -19 -20 -21 21 -23
leaf_value=-0.017984036524449614 0.017865221494307301 0.041482212688200744 0 -0.0010415972461645573 -0.014024717120393632 0.01544779329918898 -0.020380431843491701 -0.016933987265632999 0.021768273912915373 -0.021154825426996329 0.0016612692577082937 0.0099828507210458495 0.006572136670971904 0.0098732687330440345 -0.0070488174596140462 -0.012425122983180562 0.0045644892102035765 -0.012411118470705473 0.0096949550824669706 -0.0037000815558712926 -0.010982295463702855 -0.0073464308414728403
leaf_weight=6.0000000000000027 5.0000000000000027 4.9999999999999991 9.0000000000000089 8.9999999999999982 5.9999999999999991 4.9999999999999991 4.9999999999999991 5.9999999999999991 7.9999999999999991 4.9999999999999991 7.9999999999999991 5.9999999999999991 7.0000000000000053 8.9999999999999982 5.9999999999999991 4.9999999999999991 4.9999999999999991 4.9999999999999991 4.9999999999999991 7 5.9999999999999982 6
leaf_count=6 5 5 9 9 6 5 5 6 8 5 8 6 7 9 6 5 5 5 5 7 6 6
internal_value=5.9646e-05 0.0155742 -0.00230969 0.00577933 -0.00056235 0.000251179 -0.00278349 -0.00115218 0.000738981 -0.00438314 0.0119366 -0.00142488 0.005097 0.00345684 0.0010373 -0.0043874 -0.00209971 -0.00459857 0.00370274 0.00136823 -0.0125076 -0.00941706
internal_weight=144 19 125 14 107 101 62 57 51 35 16 30 39 34 25 24 19 14 19 14 18 12
internal_count=144 19 125 14 107 101 62 57 51 35 16 30 39 34 25 24 19 14 19 14 18 12
is_linear=0
shrinkage=0.025


Tree=228
num_leaves=23
num_cat=0
split_feature=1 2 4 3 5 5 3 3 3 0 5 4 4 3 4 3 1 1 3 1 1 5
split_gain=8.53535 4.46304 2.78721 3.44205 2.33917 3.84887 2.78752 1.92284 2.14626 1.20055 1.1657 2.02811 1.34188 0.721887 0.568172 0.557536 0.752915 0.331135 0.308504 0.289059 0.210624 0.121754
threshold=86.39500000000001 15.000000000000002 1907.0695000000003 815.36700000000008 405.31800000000004 413.27850000000007 594.7170000000001 641.1735000000001 669.98900000000015 1.5000000000000002 292.14100000000008 1686.0285000000001 1636.5410000000004 714.43250000000012 1702.9405000000004 489.58850000000007 32.572500000000005 55.020000000000003 732.42400000000009 63.904000000000003 73.121000000000009 245.00850000000003
decision_type=2 2 2 2 2 2 2 2 2 2 2 2 2 2 2 2 2 2 2 2 2 2
left_child=1 9 3 4 6 -6 17 -8 -9 -1 11 12 15 19 -7 16 -11 -3 20 -10 -16 -18
right_child=-2 2 -4 -5 5 14 7 8 13 10 -12 -13 -14 -15 18 -17 21 -19 -20 -21 -22 -23
leaf_value=-0.016038927728900823 0.028761564711889915 -5.3997223193828753e-06 -0.011699443503578264 0.020096074003312325 -0.020957105743488469 0.0084380876989318728 0.01913911370641512 -0.0059125761708451611 0.0091626133196629021 0.0023118172127466886 -0.015483280151121079 0.010805375000032097 -0.016493185426318838 0.0031703770408527026 0 0.002473223769468152 -0.011297245150328513 -0.0089095418010988539 0.0024018209465556661 0.019116891318788895 -0.0074041848053009451 -0.0054714112993209585
leaf_weight=7.9999999999999991 5.9999999999999991 4.9999999999999982 7.9999999999999991 6.9999999999999991 6.0000000000000027 5.0000000000000027 8.9999999999999982 7.0000000000000027 4.9999999999999982 5.0000000000000098 5.9999999999999991 4.9999999999999991 5.9999999999999991 5.9999999999999991 5.0000000000000018 6.9999999999999991 6.9999999999999982 6 8.9999999999999982 5 5 6
leaf_count=8 6 5 8 7 6 5 9 7 5 5 6 5 6 6 5 7 7 6 9 5 5 6
internal_value=5.71466e-05 -0.00122164 0.00215633 0.00358322 0.00193213 -0.00338641 0.00567018 0.00940121 0.00540471 -0.00717669 -0.005391 -0.00359818 -0.00601577 0.010445 0.0010915 -0.00334065 -0.00567261 -0.00504618 -0.000844463 0.0145396 -0.00387847 -0.00882674
internal_weight=144 138 88 80 73 30 43 32 23 50 42 36 31 16 24 25 18 11 19 10 10 13
internal_count=144 138 88 80 73 30 43 32 23 50 42 36 31 16 24 25 18 11 19 10 10 13
is_linear=0
shrinkage=0.025


Tree=229
num_leaves=23
num_cat=0
split_feature=2 1 2 5 3 5 4 2 1 1 4 4 0 3 4 4 3 3 0 4 3 3
split_gain=8.14646 7.29358 3.27483 1.95726 2.1852 3.76705 6.80405 4.30037 3.97716 1.81657 1.30974 1.0206 0.785373 0.719426 0.609419 0.560543 0.828004 0.471619 0.361081 0.353501 0.51503 0.0849527
threshold=26.000000000000004 82.540000000000006 9.0000000000000018 499.30500000000006 631.12600000000009 299.52400000000006 1646.2505000000003 13.000000000000002 59.361000000000011 65.572500000000005 1686.0285000000001 1596.1025000000002 3.5000000000000004 458.17200000000008 1482.9910000000002 1726.3270000000002 711.90600000000006 832.14450000000011 2.5000000000000004 1737.0670000000002 682.85100000000011 728.83900000000006
decision_type=2 2 2 2 2 2 2 2 2 2 2 2 2 2 2 2 2 2 2 2 2 2
left_child=2 9 18 4 5 7 8 10 -7 -2 11 13 19 14 -4 -14 -17 21 -1 20 -6 -18
right_child=1 -3 3 -5 12 6 -8 -9 -10 -11 -12 -13 15 -15 -16 16 17 -19 -20 -21 -22 -23
leaf_value=-0.017382884265915031 0.017423861556184968 0.040567634254693979 0.00028677462385250937 -0.014218104089940748 -0.0034324137764351944 -0.016075614037422036 -0.033984345582223706 0.020090194977819921 0.01483600936256922 -0.00099940871449412643 0.008261055205590449 -0.013398516026791187 0.014079843346889193 0.0056840213445516728 -0.011692940601362632 -0.0023545896427498909 0.0072349868392428494 0.0021984285778469509 -0.0090675168737509582 -0.0048516975565543099 0.0056399346493622854 0.01325395252976206
leaf_weight=6.0000000000000027 5.0000000000000027 4.9999999999999991 5.0000000000000053 5.9999999999999991 6.0000000000000062 4.9999999999999982 5.9999999999999991 5.9999999999999991 5 8.9999999999999982 4.9999999999999991 6.9999999999999991 5.0000000000000027 4.9999999999999991 5 7.0000000000000027 5.0000000000000018 6.9999999999999991 11.999999999999998 5.9999999999999991 9.9999999999999982 6
leaf_count=6 5 5 5 6 6 5 6 6 5 9 5 7 5 5 5 7 5 7 12 6 10 6
internal_value=5.55328e-05 0.0152271 -0.00226121 -0.000580278 0.000244036 -0.00352351 -0.0134043 0.00128139 -0.000509406 0.00564504 -0.00296937 -0.00562948 0.00381807 -0.0017931 -0.00569236 0.00643666 0.00475881 0.00758929 -0.0120685 0.000165128 0.00216027 0.0108077
internal_weight=144 19 125 107 101 49 16 33 10 14 27 22 52 15 10 30 25 18 18 22 16 11
internal_count=144 19 125 107 101 49 16 33 10 14 27 22 52 15 10 30 25 18 18 22 16 11
is_linear=0
shrinkage=0.025


Tree=230
num_leaves=23
num_cat=0
split_feature=1 2 4 1 0 5 0 5 4 4 3 3 5 2 4 3 1 5 4 4 1 4
split_gain=8.19932 4.06165 2.75769 3.2396 2.04445 1.7478 1.15073 1.13552 1.8834 1.28387 0.850601 0.883369 0.801618 1.49663 1.1536 0.528113 0.748606 0.48602 0.409767 0.146772 0.119187 0.0282986
threshold=86.39500000000001 15.000000000000002 1907.0695000000003 82.540000000000006 2.5000000000000004 340.53400000000005 1.5000000000000002 292.14100000000008 1686.0285000000001 1636.5410000000004 631.12600000000009 568.22250000000008 396.88850000000008 22.000000000000004 1737.0670000000002 489.58850000000007 32.572500000000005 409.39200000000005 1737.0670000000002 1790.8060000000003 35.686500000000002 1675.7920000000001
decision_type=2 2 2 2 2 2 2 2 2 2 2 2 2 2 2 2 2 2 2 2 2 2
left_child=1 6 3 4 10 -6 -1 8 9 15 11 -3 13 -7 -15 16 -8 -14 21 -19 -18 -12
right_child=-2 2 -4 -5 5 12 7 -9 -10 -11 18 -13 17 14 -16 -17 20 19 -20 -21 -22 -23
leaf_value=-0.015553492135027561 0.028188795860736599 -0.0011086344238250482 -0.011758849606281376 0.020826710856729939 0.01769044158920165 -0.0012912960318119627 0.0026067685049313712 -0.015088174420018349 0.010513668256596879 -0.01593996141586573 0.0045079104279955968 -0.014851142655337046 -0.0063908005918135767 0.0033123260544192408 0.018587410543113945 0.002576175035210326 -0.0060034336121866441 -0.00015244729771849612 -0.0054286196863708586 0.00539314113534951 -0.011870753793762279 0.0015464567430576101
leaf_weight=7.9999999999999991 5.9999999999999991 6.0000000000000018 7.9999999999999991 5.9999999999999991 5.9999999999999991 9.0000000000000018 5.0000000000000098 5.9999999999999991 4.9999999999999991 5.9999999999999991 5.0000000000000018 6 6.0000000000000027 5.9999999999999982 7 6.9999999999999991 7.9999999999999982 5.9999999999999982 4.9999999999999991 5 5 7
leaf_count=8 6 6 8 6 6 9 5 6 5 6 5 6 6 6 7 7 8 6 5 5 5 7
internal_value=5.49107e-05 -0.00119828 0.00202372 0.00344345 0.00196481 0.00530183 -0.00687937 -0.00513165 -0.00336351 -0.00569488 -0.00317136 -0.00821317 0.00328347 0.00641828 0.0117891 -0.00307946 -0.0053517 -0.000728128 0.000369 0.00230796 -0.00850046 0.00293653
internal_weight=144 138 88 80 74 45 50 42 36 31 29 12 39 22 13 25 18 17 17 11 13 12
internal_count=144 138 88 80 74 45 50 42 36 31 29 12 39 22 13 25 18 17 17 11 13 12
is_linear=0
shrinkage=0.025


Tree=231
num_leaves=24
num_cat=0
split_feature=1 5 3 3 1 3 0 1 2 4 4 2 0 4 1 2 4 3 4 0 4 5 1
split_gain=7.80733 3.89738 2.73324 5.03221 2.51474 2.59204 2.53545 2.28753 6.70692 1.4471 1.46089 1.3262 1.21536 0.817569 0.750572 0.39615 0.294408 0.253256 0.230349 0.151053 0.679054 0.397698 0.0627292
threshold=86.39500000000001 329.11450000000008 849.64100000000019 815.36700000000008 65.010000000000005 594.7170000000001 1.5000000000000002 47.184000000000005 13.000000000000002 1686.0285000000001 1730.3280000000002 22.000000000000004 1.5000000000000002 1533.0285000000001 85.232000000000014 9.0000000000000018 1702.9405000000004 718.77850000000012 1782.5045000000002 4.5000000000000009 1596.1025000000002 263.84900000000005 66.848500000000016
decision_type=2 2 2 2 2 2 2 2 2 2 2 2 2 2 2 2 2 2 2 2 2 2 2
left_child=1 7 3 4 5 -3 -6 8 12 -7 -11 -12 -1 15 -4 -14 -8 22 -19 20 -15 -21 -18
right_child=-2 2 14 -5 6 9 16 -9 -10 10 11 -13 13 19 -16 -17 17 18 -20 21 -22 -23 -24
leaf_value=-0.017565734189055448 0.027506808948612984 -0.0062338635739352969 -0.0025894695463088845 0.027601551142736127 -0.018646231981424188 0.020347387981989103 0.0056447357942278524 -0.020769950891694717 0.019749315954264133 -0.0031198626564395027 0.0047985655505482748 0.021459836355195591 0.0045217474904627759 -0.0054023971988095155 -0.016630466726536935 -0.0045045484788715836 -0.00099916776212362096 0.0050204034564235514 -0.001296507018027691 -0.011300015177291177 -0.017941468389919741 -0.001507917527229555 -0.0050763547407566669
leaf_weight=6.9999999999999991 5.9999999999999991 6.9999999999999991 4.9999999999999982 4.9999999999999991 4.9999999999999991 7.0000000000000027 5.0000000000000027 5.9999999999999991 5.9999999999999991 6.0000000000000027 7.9999999999999982 5 4.9999999999999982 7.0000000000000018 5 7 5.0000000000000018 5.9999999999999991 7.9999999999999991 4.9999999999999982 5 6 7
leaf_count=7 6 7 5 5 5 7 5 6 6 6 8 5 5 7 5 7 5 6 8 5 5 6 7
internal_value=5.3462e-05 -0.0011692 0.00218753 0.00386299 0.00204994 0.00702451 -0.00248917 -0.00640264 -0.00450206 0.0106621 0.00685397 0.0115295 -0.00807334 -0.00605033 -0.00992095 -0.000628661 0.000179562 -0.000858789 0.00135529 -0.00879535 -0.0109379 -0.00619278 -0.00352422
internal_weight=144 138 84 74 69 33 36 54 48 26 19 13 42 35 10 12 31 26 14 23 12 11 12
internal_count=144 138 84 74 69 33 36 54 48 26 19 13 42 35 10 12 31 26 14 23 12 11 12
is_linear=0
shrinkage=0.025


Tree=232
num_leaves=22
num_cat=0
split_feature=2 0 2 5 3 4 1 3 3 4 1 3 5 3 4 1 1 0 0 0 1
split_gain=7.65811 7.22004 2.95664 2.1475 1.90274 2.59633 2.56764 4.03365 2.50293 2.31466 1.66783 1.56056 0.934946 0.702957 0.855037 0.590958 0.3784 0.534967 0.3371 0.197796 0.0583436
threshold=26.000000000000004 4.5000000000000009 9.0000000000000018 499.30500000000006 682.85100000000011 1747.1955 65.010000000000005 586.65050000000008 568.22250000000008 1687.9340000000002 65.572500000000005 529.40300000000013 382.15650000000005 815.36700000000008 1782.5045000000002 40.565000000000005 76.620000000000019 2.5000000000000004 2.5000000000000004 1.5000000000000002 35.686500000000002
decision_type=2 2 2 2 2 2 2 2 2 2 2 2 2 2 2 2 2 2 2 2 2
left_child=2 10 18 4 5 6 7 8 11 -9 -2 15 -6 14 16 19 17 -14 -1 -4 -21
right_child=1 -3 3 -5 12 -7 -8 9 -10 -11 -12 -13 13 -15 -16 -17 -18 -19 -20 20 -22
leaf_value=-0.016647927270781602 0.016523565428976244 0.039968407668325545 0.0031768634006416811 -0.014882540077932419 0.014543184351462585 -0.019362373334857134 -0.016074284283264028 0.020637494934404772 -0.019804620778617953 0.0015125856984679294 -0.0011250364029800279 0.010189870600738834 -0.0051488448955261867 0.0089373233667372383 -0.007235838764257008 -0.0088532613737144234 0.0092229795713837329 0.0048424482300027244 -0.0086144241805905953 -0.0046704081818461423 -0.00052773377929742505
leaf_weight=6.0000000000000027 5.0000000000000027 4.9999999999999991 5.0000000000000062 5.9999999999999991 4.9999999999999991 4.9999999999999991 5.9999999999999991 7.9999999999999991 4.9999999999999991 7.9999999999999991 8.9999999999999982 5.9999999999999991 5.0000000000000062 8.9999999999999982 5.9999999999999991 8.9999999999999982 4.9999999999999991 8.9999999999999982 11.999999999999998 4.9999999999999982 5
leaf_count=6 5 5 5 6 5 5 6 8 5 8 9 6 5 9 6 9 5 9 12 5 5
internal_value=5.07149e-05 0.0147608 -0.00219525 -0.000597311 0.0002667 -0.00243942 -0.000870584 0.000949476 -0.00377891 0.0112889 0.00523396 -0.000953095 0.00459112 0.00301454 0.000778723 -0.00385168 0.00342375 0.00116384 -0.0115145 -0.00069149 -0.00277258
internal_weight=144 19 125 107 101 62 57 51 35 16 14 30 39 34 25 24 19 14 18 15 10
internal_count=144 19 125 107 101 62 57 51 35 16 14 30 39 34 25 24 19 14 18 15 10
is_linear=0
shrinkage=0.025


Tree=233
num_leaves=23
num_cat=0
split_feature=3 1 5 1 3 5 3 1 0 4 5 5 4 0 1 4 5 5 4 5 0 3
split_gain=7.52543 3.559 2.46409 5.7525 2.30712 3.51148 2.06247 2.31962 2.57737 1.73539 1.68688 0.886302 2.04623 0.833327 0.71265 0.525204 0.414627 0.391067 0.27218 0.260203 0.17543 0.102601
threshold=898.2080000000002 42.535500000000006 299.52400000000006 55.964500000000008 832.14450000000011 491.27100000000002 777.19350000000009 65.010000000000005 1.5000000000000002 1686.0285000000001 387.64350000000007 372.63200000000006 1722.1610000000003 1.5000000000000002 32.572500000000005 1661.6445000000001 251.82550000000003 413.27850000000007 1730.3280000000002 245.00850000000003 3.5000000000000004 728.83900000000006
decision_type=2 2 2 2 2 2 2 2 2 2 2 2 2 2 2 2 2 2 2 2 2 2
left_child=1 13 9 -4 6 -6 7 10 -9 -3 11 -5 -13 -1 -15 16 19 20 -19 -16 -10 -20
right_child=-2 2 3 4 5 -7 -8 8 17 -11 -12 12 -14 14 15 -17 -18 18 21 -21 -22 -23
leaf_value=-0.014755632202481717 0.027002357595389888 0.003436540268982451 -0.018813465551837633 0.010228070746297415 0.0054284423890133063 -0.021134843729856995 0.017700820082738513 -0.018110148665996698 -0.0059315565507858962 0.022880367848735587 0.019437418314778521 -0.012033337963601721 0.0085466427935494312 0.0028305025627979844 -0.0086218500078269564 0 -0.013517054345277028 0.0071378980608036088 -0.0017507472133729612 -0.001024290958706003 0.00014734522349411439 0.0031556504133802184
leaf_weight=7.9999999999999991 5.9999999999999991 6.9999999999999982 8.9999999999999982 9.0000000000000053 5.9999999999999982 6 5.9999999999999991 4.9999999999999991 5.0000000000000018 5 5.9999999999999991 4.9999999999999982 7 5.0000000000000027 8.0000000000000053 4.9999999999999991 7.9999999999999991 7.0000000000000027 4.9999999999999982 4.9999999999999991 6 5
leaf_count=8 6 7 9 9 6 6 6 5 5 5 6 5 7 5 8 5 8 7 5 5 6 5
internal_value=4.90259e-05 -0.00115119 0.00136008 -0.000100926 0.00208482 -0.00787948 0.00393373 0.00248202 -0.00193238 0.0118829 0.00789789 0.00438966 0 -0.00753228 -0.00554549 -0.00721327 -0.00893233 0.00102014 0.0034127 -0.0058542 -0.00256076 0.000593676
internal_weight=144 138 99 87 78 12 66 60 33 12 27 21 12 39 31 26 21 28 17 13 11 10
internal_count=144 138 99 87 78 12 66 60 33 12 27 21 12 39 31 26 21 28 17 13 11 10
is_linear=0
shrinkage=0.025


Tree=234
num_leaves=23
num_cat=0
split_feature=1 1 4 1 5 1 1 0 4 5 4 5 2 1 0 5 4 1 0 0 3 1
split_gain=7.36613 3.3717 2.38108 3.08959 2.45551 5.35413 2.41863 2.34792 1.65202 1.60595 0.874038 3.10684 0.812937 0.879974 0.318401 0.573374 0.588686 0.38415 0.272551 0.204851 0.081587 0.0594425
threshold=86.39500000000001 42.535500000000006 1907.0695000000003 82.540000000000006 299.52400000000006 55.964500000000008 65.010000000000005 1.5000000000000002 1686.0285000000001 387.64350000000007 1782.5045000000002 372.63200000000006 9.0000000000000018 40.565000000000005 4.5000000000000009 409.39200000000005 1737.0670000000002 73.121000000000009 2.5000000000000004 1.5000000000000002 697.55800000000011 35.686500000000002
decision_type=2 2 2 2 2 2 2 2 2 2 2 2 2 2 2 2 2 2 2 2 2 2
left_child=1 12 3 4 8 -6 9 -8 -3 10 11 -7 18 19 15 -9 20 -18 -1 -14 -17 -21
right_child=-2 2 -4 -5 5 6 7 14 -10 -11 -12 -13 13 -15 -16 16 17 -19 -20 21 -22 -23
leaf_value=-0.016100898913798786 0.026715129782115262 0.003353013750165701 -0.011576170888417062 0.01952652406668471 -0.018353354542151742 0.017992722134037697 -0.017674809164152698 -0.0082252516912726201 0.022330359398172447 0.018967158569683951 -0.0045601363652027571 -0.0037267926035494344 0.0034551991660219522 -0.011224220910420022 0.0055204240274765795 0.0025804129447071587 0.0020129522344527343 -0.0070932594894040973 -0.0085981552979709341 -0.0045155224318687735 0.0077608909959403357 -0.00036715958267450325
leaf_weight=6.0000000000000027 5.9999999999999991 6.9999999999999982 7.9999999999999991 5.9999999999999991 8.9999999999999982 8.0000000000000089 4.9999999999999991 5.0000000000000027 5 5.9999999999999991 4.9999999999999991 7.9999999999999991 5.0000000000000027 6.9999999999999991 5.9999999999999991 5.0000000000000018 4.9999999999999982 6 10.999999999999998 4.9999999999999982 5 5
leaf_count=6 6 7 8 6 9 8 5 5 5 6 5 8 5 7 6 5 5 6 11 5 5 5
internal_value=4.85068e-05 -0.00113885 0.00130517 0.00247421 0.00121283 -0.000504458 0.00203543 -0.00208843 0.0115991 0.00770641 0.00428151 0.00714387 -0.0073498 -0.00403096 0.000402772 -0.000763641 0.00101481 -0.00288043 -0.0114753 -0.000488349 0.00539459 -0.00261176
internal_weight=144 138 99 91 85 73 64 37 12 27 21 16 39 22 32 26 21 11 17 15 10 10
internal_count=144 138 99 91 85 73 64 37 12 27 21 16 39 22 32 26 21 11 17 15 10 10
is_linear=0
shrinkage=0.025


Tree=235
num_leaves=22
num_cat=0
split_feature=2 0 2 5 3 4 1 2 4 5 1 1 1 5 3 4 3 4 1 5 0
split_gain=7.24741 6.80672 2.619 2.25782 1.71052 2.53891 2.41022 3.65115 3.09611 3.56348 2.94661 2.18169 1.55026 0.874165 0.648083 0.8566 0.644972 0.405056 0.353825 0.474365 0.291694
threshold=26.000000000000004 4.5000000000000009 9.0000000000000018 499.30500000000006 682.85100000000011 1747.1955 65.010000000000005 13.000000000000002 1636.5410000000004 340.53400000000005 59.361000000000011 45.717000000000006 65.572500000000005 382.15650000000005 815.36700000000008 1782.5045000000002 506.53550000000001 1482.9910000000002 76.620000000000019 429.80250000000007 2.5000000000000004
decision_type=2 2 2 2 2 2 2 2 2 2 2 2 2 2 2 2 2 2 2 2 2
left_child=2 12 20 4 5 6 7 11 10 -10 -9 16 -2 -6 15 18 17 -4 19 -15 -1
right_child=1 -3 3 -5 13 -7 -8 8 9 -11 -12 -13 -14 14 -16 -17 -18 -19 -20 -21 -22
leaf_value=-0.015711361410156364 0.015988374293710167 0.038834778326921733 0.0011974926402147559 -0.015279491750463364 0.013977241759689955 -0.019044569965738518 -0.015491788496353454 -0.010408473964326263 0.027959849105940928 0.0015833655913029946 0.013633157828679451 -0.018664775043725969 -0.0010225533290118304 0.0057291707256808821 0.0085157786349199082 -0.0073411656994252436 0.005974872829392552 -0.0074096121541831822 0.0089399406829705607 -0.0033049229881726202 -0.0081869928929649421
leaf_weight=6.0000000000000027 5.0000000000000027 4.9999999999999991 5.0000000000000062 5.9999999999999991 4.9999999999999991 4.9999999999999991 5.9999999999999991 8.0000000000000018 6.9999999999999982 6 4.9999999999999991 5.9999999999999991 8.9999999999999982 7.0000000000000053 8.9999999999999982 5.9999999999999991 4.9999999999999991 8.9999999999999982 4.9999999999999991 7 11.999999999999998
leaf_count=6 5 5 5 6 5 5 6 8 7 6 5 6 9 7 9 6 5 9 5 7 12
internal_value=4.74916e-05 0.014358 -0.00213718 -0.000632303 0.000253953 -0.00231116 -0.000760002 0.00100248 0.00755423 0.0160892 -0.00100054 -0.00576761 0.00510437 0.00435469 0.0028296 0.000681629 -0.00147772 -0.00427405 0.00333033 0.00114117 -0.0109089
internal_weight=144 19 125 107 101 62 57 51 26 13 13 25 14 39 34 25 19 14 19 14 18
internal_count=144 19 125 107 101 62 57 51 26 13 13 25 14 39 34 25 19 14 19 14 18
is_linear=0
shrinkage=0.025


Tree=236
num_leaves=23
num_cat=0
split_feature=1 5 3 3 1 2 5 5 3 3 3 0 4 1 3 4 2 1 3 1 4 5
split_gain=7.09611 3.06103 2.71428 4.4718 2.27374 5.97261 2.16068 3.58621 1.81855 1.74429 1.77043 1.13123 0.810995 0.669978 0.663432 0.560936 0.419918 0.271381 0.216191 0.170127 0.149994 0.7805
threshold=86.39500000000001 329.11450000000008 849.64100000000019 815.36700000000008 47.184000000000005 13.000000000000002 405.31800000000004 413.27850000000007 594.7170000000001 641.1735000000001 669.98900000000015 1.5000000000000002 1533.0285000000001 85.232000000000014 714.43250000000012 1702.9405000000004 9.0000000000000018 63.904000000000003 732.42400000000009 73.121000000000009 1596.1025000000002 267.84700000000004
decision_type=2 2 2 2 2 2 2 2 2 2 2 2 2 2 2 2 2 2 2 2 2 2
left_child=1 4 3 6 5 11 8 -8 -3 -10 -11 -1 16 -4 17 -9 -13 -12 19 -17 -14 -22
right_child=-2 2 13 -5 -6 -7 7 15 9 10 14 12 20 -15 -16 18 -18 -19 -20 -21 21 -23
leaf_value=-0.016384095845003482 0.026220259274686537 -0.005621678547726737 -0.0032156702131032945 0.025903192459820559 -0.020067947093517551 0.019015325972389793 -0.020151372123209207 0.0084291208535432743 0.017492980262993472 -0.0058353885697821749 0.0078148764343215892 0.00539830096352559 -0.0047358453818937612 -0.01657581550445264 0.0020892712648116771 0 -0.0039248507262931919 0.017300345920599421 0.0019101454914324798 -0.0065036152095462249 -0.0045855157097558618 -0.016543443212586065
leaf_weight=6.9999999999999991 5.9999999999999991 6.9999999999999991 4.9999999999999982 4.9999999999999991 5.9999999999999991 5.9999999999999991 6.0000000000000027 5.0000000000000027 8.9999999999999982 7.0000000000000027 4.9999999999999982 4.9999999999999982 8.0000000000000018 5 5.9999999999999991 5.0000000000000018 7 5 8.9999999999999982 5 8.9999999999999982 5.9999999999999991
leaf_count=7 6 7 5 5 6 6 6 5 9 7 5 5 8 5 6 5 7 5 9 5 9 6
internal_value=4.67975e-05 -0.00111843 0.00185513 0.00352585 -0.00575682 -0.00386615 0.00181606 -0.0031896 0.00569508 0.00822898 0.00443051 -0.00723918 -0.00529198 -0.0102123 0.00901559 0.00113068 0 0.0129264 -0.000792649 -0.00333747 -0.00802112 -0.00960566
internal_weight=144 138 84 74 54 48 69 30 39 32 23 42 35 10 16 24 12 10 19 10 23 15
internal_count=144 138 84 74 54 48 69 30 39 32 23 42 35 10 16 24 12 10 19 10 23 15
is_linear=0
shrinkage=0.025


Tree=237
num_leaves=22
num_cat=0
split_feature=2 1 2 5 3 5 4 3 1 1 4 3 5 3 4 1 1 3 4 0 1
split_gain=6.91669 6.55495 2.43674 2.28494 1.56175 3.80051 6.3224 3.93244 3.09897 1.48253 0.884521 1.73189 0.84822 0.710552 0.684725 0.53271 0.313101 0.43529 0.278961 0.208998 0.0473647
threshold=26.000000000000004 82.540000000000006 9.0000000000000018 499.30500000000006 631.12600000000009 299.52400000000006 1646.2505000000003 529.40300000000013 59.361000000000011 65.572500000000005 1686.0285000000001 669.98900000000015 382.15650000000005 815.36700000000008 1782.5045000000002 40.565000000000005 66.848500000000016 718.77850000000012 1497.5800000000002 1.5000000000000002 35.686500000000002
decision_type=2 2 2 2 2 2 2 2 2 2 2 2 2 2 2 2 2 2 2 2 2
left_child=2 9 18 4 5 7 8 15 -7 -2 -6 -12 -13 14 16 19 -14 -18 -1 -4 -21
right_child=1 -3 3 -5 10 6 -8 -9 -10 -11 11 12 13 -15 -16 -17 17 -19 -20 20 -22
leaf_value=-0.014703449834552068 0.015588726171363997 0.038045255094766618 0.0036228124508992385 -0.015371623046455847 0.011455022491605229 -0.014178334721005884 -0.032694541326453608 0.015823897654595586 0.013107190252496646 -0.0010441604050119289 -0.010302333209303119 0.012427828953631464 0.0076095772620576978 0.0081422565722554623 -0.0072042348133700505 -0.0081058040220776343 -0.0032561838922158977 0.0059784845744546202 -0.0075802390696480884 -0.0042264858260750776 -0.00046168277040123932
leaf_weight=7.0000000000000027 5.0000000000000027 4.9999999999999991 5.0000000000000027 5.9999999999999991 6.9999999999999991 4.9999999999999982 5.9999999999999991 8.9999999999999982 5 8.9999999999999982 5.9999999999999991 5.9999999999999991 5.0000000000000062 8.9999999999999982 5.9999999999999991 8.9999999999999982 7.9999999999999982 5 10.999999999999998 4.9999999999999982 5
leaf_count=7 5 5 5 6 7 5 6 9 5 9 6 6 5 9 6 9 8 5 11 5 5
internal_value=4.51963e-05 0.0140255 -0.00208884 -0.00063675 0.000254886 -0.00292804 -0.0128565 0.00189658 -0.000423525 0.00494402 0.00327785 0.00193314 0.00389036 0.00223493 0 -0.00336212 0.00241523 0.000237683 -0.0105502 -0.000364464 -0.0025126
internal_weight=144 19 125 107 101 49 16 33 10 14 52 45 39 33 24 24 18 13 18 15 10
internal_count=144 19 125 107 101 49 16 33 10 14 52 45 39 33 24 24 18 13 18 15 10
is_linear=0
shrinkage=0.025


Tree=238
num_leaves=23
num_cat=0
split_feature=1 2 4 1 4 2 4 1 3 3 5 4 3 4 0 3 3 4 3 4 0 3
split_gain=6.84084 2.83378 2.06298 3.04797 1.28853 7.24665 5.56437 9.14421 2.02275 5.73966 1.67649 0.723685 0.722269 0.683944 0.556225 0.900383 1.41231 0.70121 0.333409 0.26476 0.257366 0.555825
threshold=86.39500000000001 9.0000000000000018 1907.0695000000003 82.540000000000006 1764.3165000000001 22.000000000000004 1726.3270000000002 59.615000000000009 622.14800000000014 602.59550000000013 400.8780000000001 1686.0285000000001 697.55800000000011 1790.8060000000003 4.5000000000000009 568.22250000000008 529.40300000000013 1596.1025000000002 682.85100000000011 1497.5800000000002 1.5000000000000002 458.17200000000008
decision_type=2 2 2 2 2 2 2 2 2 2 2 2 2 2 2 2 2 2 2 2 2 2
left_child=1 19 3 4 6 -6 8 -8 9 14 -7 -10 -9 -12 15 16 17 20 -13 -1 -3 -22
right_child=-2 2 -4 -5 5 10 7 12 11 -11 13 18 -14 -15 -16 -17 -18 -19 -20 -21 21 -23
leaf_value=-0.014346074975199165 0.02574240018523509 0.0035357257216953814 -0.011808246932923795 0.018217332842534469 -0.028191539657212057 0.01519279796630143 0.042012976539822694 0.0092897535373385152 0.0099868346139808852 -0.029365603224589278 -0.0086619007748175558 -0.0028419578861859111 -0.0028762251112817057 0.0031842215872731881 0.0061819896746713385 -0.011199038764161449 0.0099126957837612408 -0.011621911798675473 0.0054377665725321711 -0.0073941173630633532 -0.0077136876992881312 0.0024138498450479197
leaf_weight=7.0000000000000027 5.9999999999999991 5.0000000000000098 7.9999999999999991 5.9999999999999991 6.0000000000000027 5.0000000000000027 5.0000000000000027 4.9999999999999982 9.0000000000000018 4.9999999999999991 4.9999999999999982 6.9999999999999982 7 7 4.9999999999999991 5.9999999999999991 5.9999999999999991 4.9999999999999991 5 10.999999999999998 6.9999999999999982 6
leaf_count=7 6 5 8 6 6 5 5 5 9 5 5 7 7 7 5 6 6 5 5 11 7 6
internal_value=4.38555e-05 -0.00110006 0.000283502 0.00117785 0.000169087 -0.00502804 0.0016329 0.0143061 -0.00164589 -0.00464383 0.00330739 0.00470251 0.00215966 -0.00171029 -0.00139179 -0.00253824 -0.000639114 -0.00350736 0.000538057 -0.0102943 -0.0010817 -0.00297899
internal_weight=144 138 120 112 106 23 83 17 66 45 17 21 12 12 40 35 29 23 12 18 18 13
internal_count=144 138 120 112 106 23 83 17 66 45 17 21 12 12 40 35 29 23 12 18 18 13
is_linear=0
shrinkage=0.025


Tree=239
num_leaves=23
num_cat=0
split_feature=3 2 1 3 5 5 3 3 3 0 5 4 4 3 4 3 1 5 3 3 1 1
split_gain=6.59538 2.72382 2.25398 2.71245 1.82954 3.33995 2.00185 1.75665 1.65184 0.971309 1.20085 1.58047 1.29011 0.56554 0.483975 0.468501 0.737064 0.351554 0.331581 0.192681 0.163963 0.110329
threshold=898.2080000000002 15.000000000000002 84.075500000000019 815.36700000000008 405.31800000000004 413.27850000000007 594.7170000000001 641.1735000000001 669.98900000000015 1.5000000000000002 292.14100000000008 1686.0285000000001 1636.5410000000004 728.83900000000006 1702.9405000000004 489.58850000000007 32.572500000000005 348.37200000000007 697.55800000000011 732.42400000000009 73.121000000000009 35.686500000000002
decision_type=2 2 2 2 2 2 2 2 2 2 2 2 2 2 2 2 2 2 2 2 2 2
left_child=1 9 3 4 6 -6 17 -8 -9 -1 11 12 15 18 -7 16 -11 -3 -10 20 -16 -18
right_child=-2 2 -4 -5 5 14 7 8 13 10 -12 -13 -14 -15 19 -17 21 -19 -20 -21 -22 -23
leaf_value=-0.013692053695913498 0.02527671167927404 -0.0089658887627033102 -0.010131104388173023 0.018822278665198436 -0.019514590658758185 0.0078036658895703414 0.017318888579535747 -0.0056939184458719332 0.0070696108283535139 0.0038714797737506635 -0.014338495558308018 0.01038451914030772 -0.014709265199640107 0.0013149100248343671 0 0.003465218788995925 -0.0048205685120348528 0 0.016719601819148427 0.001786390329083509 -0.0062732606839675164 -0.010329289132585892
leaf_weight=7.9999999999999991 5.9999999999999991 4.9999999999999982 8.9999999999999982 5.9999999999999991 6.0000000000000027 5.0000000000000027 8.9999999999999982 7.0000000000000027 5.9999999999999982 5.0000000000000098 5.9999999999999991 4.9999999999999991 5.9999999999999991 4.9999999999999991 5.0000000000000018 6.9999999999999991 7.9999999999999982 6 5 8.9999999999999982 5 5
leaf_count=8 6 5 9 6 6 5 9 7 6 5 6 5 6 5 5 7 8 6 5 9 5 5
internal_value=4.32824e-05 -0.00107977 0.00155677 0.0029263 0.00155485 -0.00314595 0.00486279 0.00802635 0.00421831 -0.00573269 -0.0041293 -0.00232342 -0.00446657 0.00864883 0.00102202 -0.0018615 -0.00401699 -0.00420769 0.0117878 -0.000760219 -0.0031648 -0.00715841
internal_weight=144 138 88 79 73 30 43 32 23 50 42 36 31 16 24 25 18 11 11 19 10 13
internal_count=144 138 88 79 73 30 43 32 23 50 42 36 31 16 24 25 18 11 11 19 10 13
is_linear=0
shrinkage=0.025


Tree=240
num_leaves=22
num_cat=0
split_feature=2 0 0 5 5 1 2 3 3 4 1 3 4 5 3 4 2 1 3 4 5
split_gain=6.48567 6.27321 2.32018 2.45923 2.50475 2.67627 5.16742 2.07504 2.05328 1.54073 1.39165 0.962156 0.829127 0.774696 0.591583 0.710016 0.424491 0.20688 0.305955 0.163741 0.807818
threshold=26.000000000000004 4.5000000000000009 1.5000000000000002 499.30500000000006 329.11450000000008 47.184000000000005 13.000000000000002 374.15350000000007 641.1735000000001 1582.5550000000001 65.572500000000005 669.98900000000015 1533.0285000000001 382.15650000000005 815.36700000000008 1782.5045000000002 9.0000000000000018 66.848500000000016 718.77850000000012 1596.1025000000002 267.84700000000004
decision_type=2 2 2 2 2 2 2 2 2 2 2 2 2 2 2 2 2 2 2 2 2
left_child=2 10 7 4 5 6 12 -1 -6 -9 -2 -10 16 -13 15 17 -4 -15 -19 -14 -21
right_child=1 -3 3 -5 8 -7 -8 9 11 -11 -12 13 19 14 -16 -17 -18 18 -20 20 -22
leaf_value=-0.023486194597297477 0.015012011777323017 0.037077159463213043 0.0058896836072493061 -0.015797101309703243 0.017693567588444679 -0.019121065663714562 0.021817644542226428 0.0034994753750248082 -0.0054308996450655716 -0.012287722573411175 -0.0011000487209378701 0.012116353826657419 -0.0042694055997743825 0.0070354713413577716 0.0077571288608495438 -0.0070120838891354308 -0.0034666368634336518 -0.0019491650243630499 0.0057559906084162097 -0.0041781880244936634 -0.016303612538162742
leaf_weight=5.0000000000000027 5.0000000000000027 4.9999999999999991 4.9999999999999982 5.9999999999999991 5.9999999999999991 5.9999999999999991 4.9999999999999991 6.9999999999999991 7.9999999999999991 7.9999999999999991 8.9999999999999982 5.9999999999999991 8.0000000000000018 5.0000000000000062 8.9999999999999982 5.9999999999999991 7 7.9999999999999982 5 8.9999999999999982 5.9999999999999991
leaf_count=5 5 5 5 6 6 6 5 7 8 8 9 6 8 5 9 6 7 8 5 9 6
internal_value=4.23579e-05 0.0135804 -0.00202384 -0.000517528 0.000425888 -0.00381955 -0.00140952 -0.0097867 0.00413461 -0.00488902 0.00469662 0.00230956 -0.0048683 0.00394884 0.00236214 0.000239981 0.000362014 0.00277651 0.00096197 -0.00763064 -0.0092613
internal_weight=144 19 125 105 99 46 40 20 53 15 14 47 35 39 33 24 12 18 13 23 15
internal_count=144 19 125 105 99 46 40 20 53 15 14 47 35 39 33 24 12 18 13 23 15
is_linear=0
shrinkage=0.025


Tree=241
num_leaves=24
num_cat=0
split_feature=1 2 4 1 4 2 4 1 3 3 5 0 3 4 0 3 3 4 4 0 3 4 1
split_gain=6.43316 2.58685 2.1268 2.83525 1.31607 6.85598 5.23471 8.73651 1.82371 5.56786 1.55056 0.692516 0.640145 0.600129 0.554119 0.870669 1.27938 0.665953 0.273782 0.273094 0.530891 0.239075 0.154408
threshold=86.39500000000001 9.0000000000000018 1907.0695000000003 82.540000000000006 1764.3165000000001 22.000000000000004 1726.3270000000002 59.615000000000009 622.14800000000014 602.59550000000013 400.8780000000001 3.5000000000000004 697.55800000000011 1790.8060000000003 4.5000000000000009 568.22250000000008 529.40300000000013 1596.1025000000002 1664.6180000000002 1.5000000000000002 458.17200000000008 1497.5800000000002 72.086000000000013
decision_type=2 2 2 2 2 2 2 2 2 2 2 2 2 2 2 2 2 2 2 2 2 2 2
left_child=1 21 3 4 6 -6 8 -8 9 14 -7 18 -9 -12 15 16 17 19 -10 -3 -21 -1 -20
right_child=-2 2 -4 -5 5 10 7 12 11 -11 13 -13 -14 -15 -16 -17 -18 -19 22 20 -22 -23 -24
leaf_value=-0.013715502640439399 0.024962600308560557 0.003955223860863874 -0.012024141549382633 0.017596259671113185 -0.027593444780476619 0.014476970217835436 0.041041568695352595 0.008799066394567491 0.006561244568393485 -0.028706786638269057 -0.008287962343848241 0.012489265138999776 -0.0026487208825225626 0.0027999375785131833 0.0064054722396227034 -0.010816803129930651 0.0096038861019957459 -0.011073439188588125 -0.0035671877101636851 -0.0074017079857488484 0.0024964034797683833 -0.0070811017042225512 0.0022484250622050411
leaf_weight=7.0000000000000027 5.9999999999999991 5.0000000000000098 7.9999999999999991 5.9999999999999991 6.0000000000000027 5.0000000000000027 5.0000000000000027 4.9999999999999982 5.0000000000000062 4.9999999999999991 4.9999999999999982 4.9999999999999991 7 7 4.9999999999999991 5.9999999999999991 5.9999999999999991 4.9999999999999991 4.9999999999999982 6.9999999999999982 6 10.999999999999998 6
leaf_count=7 6 5 8 6 6 5 5 5 5 5 5 5 7 7 5 6 6 5 5 7 6 11 6
internal_value=4.13165e-05 -0.00106773 0.000253741 0.00116174 0.000188332 -0.00506409 0.00166752 0.0139593 -0.00151228 -0.00435987 0.00304316 0.00451432 0.00208478 -0.00177769 -0.00115773 -0.00230396 -0.00043785 -0.00317152 0.00182156 -0.000810298 -0.00277005 -0.0098522 -0.000299923
internal_weight=144 138 120 112 106 23 83 17 66 45 17 21 12 12 40 35 29 23 16 18 13 18 11
internal_count=144 138 120 112 106 23 83 17 66 45 17 21 12 12 40 35 29 23 16 18 13 18 11
is_linear=0
shrinkage=0.025


Tree=242
num_leaves=22
num_cat=0
split_feature=2 1 0 5 5 1 2 3 3 4 1 3 4 5 3 4 2 1 3 4 5
split_gain=6.16102 6.04346 2.16626 2.48301 2.31896 2.53194 4.82141 1.96635 1.95189 1.41423 1.31943 0.946904 0.818133 0.776119 0.550685 0.661365 0.421619 0.183372 0.287448 0.160247 0.813129
threshold=26.000000000000004 82.540000000000006 1.5000000000000002 499.30500000000006 329.11450000000008 47.184000000000005 13.000000000000002 641.1735000000001 374.15350000000007 1582.5550000000001 65.572500000000005 669.98900000000015 1533.0285000000001 382.15650000000005 815.36700000000008 1782.5045000000002 9.0000000000000018 66.848500000000016 718.77850000000012 1596.1025000000002 267.84700000000004
decision_type=2 2 2 2 2 2 2 2 2 2 2 2 2 2 2 2 2 2 2 2 2
left_child=2 10 8 4 5 6 12 -6 -1 -10 -2 -9 16 -13 15 17 -4 -15 -19 -14 -21
right_child=1 -3 3 -5 7 -7 -8 11 9 -11 -12 13 19 14 -16 -17 -18 18 -20 20 -22
leaf_value=-0.022761833302390105 0.01456222302065445 0.036298175901174547 0.0060459082767080809 -0.01586970733779092 0.017269080733099292 -0.018535527899380653 0.021126514644576953 -0.0054647281516070779 0.0033107363424884776 -0.011810017876872206 -0.0011236719508736354 0.012012792859346637 -0.0040791855534402328 0.0066692475086221233 0.0074589588881834703 -0.0067923743638300133 -0.0032712127909892128 -0.0018790120071527075 0.0055875328199293172 -0.0039177754605391425 -0.016062843631352148
leaf_weight=5.0000000000000027 5.0000000000000027 4.9999999999999991 4.9999999999999982 5.9999999999999991 5.9999999999999991 5.9999999999999991 4.9999999999999991 7.9999999999999991 6.9999999999999991 7.9999999999999991 8.9999999999999982 5.9999999999999991 8.0000000000000018 5.0000000000000062 8.9999999999999982 5.9999999999999991 7 7.9999999999999982 5 8.9999999999999982 5.9999999999999991
leaf_count=5 5 5 5 6 6 6 5 8 7 8 9 6 8 5 9 6 7 8 5 9 6
internal_value=4.12118e-05 0.0132363 -0.00197239 -0.000516418 0.000431603 -0.00365279 -0.00130817 0.00400045 -0.00947358 -0.00472071 0.0045166 0.0022141 -0.00465047 0.00384098 0.00225413 0.00020515 0.000543934 0.00265535 0.000939187 -0.0073958 -0.00900547
internal_weight=144 19 125 105 99 46 40 53 20 15 14 47 35 39 33 24 12 18 13 23 15
internal_count=144 19 125 105 99 46 40 53 20 15 14 47 35 39 33 24 12 18 13 23 15
is_linear=0
shrinkage=0.025


Tree=243
num_leaves=24
num_cat=0
split_feature=1 2 3 3 4 3 4 1 3 3 3 4 1 0 3 4 1 3 0 1 0 3 4
split_gain=6.2134 2.39749 2.14176 4.35787 1.67081 6.18835 4.90943 8.3802 1.69663 5.32202 1.30312 0.684837 0.619824 0.564686 0.803493 1.22079 0.644203 0.495512 0.469277 0.753579 0.359262 0.340608 0.220884
threshold=86.39500000000001 9.0000000000000018 849.64100000000019 815.36700000000008 1764.3165000000001 711.90600000000006 1726.3270000000002 59.615000000000009 622.14800000000014 602.59550000000013 742.71150000000011 1686.0285000000001 85.232000000000014 4.5000000000000009 568.22250000000008 1610.7190000000003 45.717000000000006 697.55800000000011 2.5000000000000004 35.686500000000002 4.5000000000000009 682.85100000000011 1497.5800000000002
decision_type=2 2 2 2 2 2 2 2 2 2 2 2 2 2 2 2 2 2 2 2 2 2 2
left_child=1 22 3 4 6 -6 8 -8 9 13 20 -10 -4 14 15 16 18 -9 19 -3 -7 -13 -1
right_child=-2 2 12 -5 5 10 7 17 11 -11 -12 21 -14 -15 -16 -17 -18 -19 -20 -21 -22 -23 -24
leaf_value=-0.01322900797757837 0.024532256455671406 0.0012237657686573968 -0.0039232948365119794 0.023587635829328345 -0.029838422585565291 0.0018464029990494829 0.040063008866631035 0.008401060749131899 0.0095193749794776975 -0.027980096552234431 -0.0074868444383384726 -0.0030850815328045027 -0.016874408442527054 0.0065911181772557587 -0.010382452607154848 0.010532564970736321 -0.010622702739559689 -0.0013871667787387241 0.0057513970165298531 -0.010610183185109727 0.01167669525513282 0.0052934268596940308 -0.0068318395139483207
leaf_weight=7.0000000000000027 5.9999999999999991 9.0000000000000089 4.9999999999999982 4.9999999999999991 5.0000000000000027 4.9999999999999982 5.0000000000000027 4.9999999999999991 9.0000000000000018 4.9999999999999991 5.9999999999999991 6.9999999999999982 5 4.9999999999999991 5.9999999999999991 4.9999999999999991 4.9999999999999991 7.9999999999999991 4.9999999999999991 4.9999999999999991 5 5 10.999999999999998
leaf_count=7 6 9 5 5 5 5 5 5 9 5 6 7 5 5 6 5 5 8 5 5 5 5 11
internal_value=4.01823e-05 -0.00104961 0.000222211 0.00124644 0.000127872 -0.00613246 0.00171865 0.0132219 -0.00143018 -0.00417743 0.00147541 0.00438167 -0.0107253 -0.0010466 -0.00220446 -0.000410129 -0.00280971 0.00235309 -0.000599325 -0.00300453 0.00701668 0.000333052 -0.00950634
internal_weight=144 138 120 110 105 21 84 18 66 45 16 21 10 40 35 29 24 13 19 14 10 12 18
internal_count=144 138 120 110 105 21 84 18 66 45 16 21 10 40 35 29 24 13 19 14 10 12 18
is_linear=0
shrinkage=0.025


Tree=244
num_leaves=23
num_cat=0
split_feature=3 1 5 1 3 5 3 1 0 5 4 5 4 0 1 4 5 5 5 4 0 3
split_gain=5.95609 2.32579 2.47088 4.59107 2.48777 3.03451 1.70261 1.84265 2.06712 1.48027 1.45981 0.677943 1.80833 0.647114 0.750711 0.363492 0.400068 0.35149 0.226095 0.217938 0.0940616 0.0724527
threshold=898.2080000000002 42.535500000000006 299.52400000000006 55.964500000000008 832.14450000000011 491.27100000000002 777.19350000000009 65.010000000000005 1.5000000000000002 387.64350000000007 1686.0285000000001 372.63200000000006 1722.1610000000003 1.5000000000000002 32.572500000000005 1661.6445000000001 251.82550000000003 413.27850000000007 245.00850000000003 1730.3280000000002 3.5000000000000004 728.83900000000006
decision_type=2 2 2 2 2 2 2 2 2 2 2 2 2 2 2 2 2 2 2 2 2 2
left_child=1 13 10 -4 6 -6 7 9 -9 11 -3 -5 -13 -1 -15 16 18 20 -16 -19 -10 -21
right_child=-2 2 3 4 5 -7 -8 8 17 -11 -12 12 -14 14 15 -17 -18 19 -20 21 -22 -23
leaf_value=-0.012547894036851644 0.024018944559558747 0.0037497780699696811 -0.017177354009902997 0.0087457353411161329 0.0035270928179905302 -0.021165187428555179 0.015919681446206185 -0.016327813898141568 -0.0050720175429747657 0.017722252654212137 0.021644408155519226 -0.01150286740695055 0.0078398037287924025 0.0041640120630080856 -0.0071656763939777482 0 -0.012046825654077824 0.0064086893715688724 -0.00014805025555408345 -0.001408441060742077 -0.00022864890314878953 0.0026995060741543189
leaf_weight=7.9999999999999991 5.9999999999999991 6.9999999999999982 8.9999999999999982 9.0000000000000053 5.9999999999999982 6 5.9999999999999991 4.9999999999999991 5.0000000000000018 5.9999999999999991 5 4.9999999999999982 7 5.0000000000000027 8.0000000000000053 4.9999999999999991 7.9999999999999991 7.0000000000000027 4.9999999999999991 4.9999999999999982 6 5
leaf_count=8 6 7 9 9 6 6 6 5 5 6 5 5 7 5 8 5 8 7 5 5 6 5
internal_value=3.91956e-05 -0.00102761 0.00100044 -0.000462225 0.00148946 -0.00886116 0.00341136 0.00209103 -0.00184008 0.00691987 0.0115409 0.00363644 -0.000173633 -0.00618645 -0.00443481 -0.0061553 -0.00758549 0.000800141 -0.00460442 0.00307303 -0.00259305 0.000535641
internal_weight=144 138 99 87 78 12 66 60 33 27 12 21 12 39 31 26 21 28 13 17 11 10
internal_count=144 138 99 87 78 12 66 60 33 27 12 21 12 39 31 26 21 28 13 17 11 10
is_linear=0
shrinkage=0.025


Tree=245
num_leaves=23
num_cat=0
split_feature=2 0 5 3 4 3 1 2 4 3 5 4 4 1 0 1 3 4 1 3 4 1
split_gain=5.86628 5.85101 2.10013 2.39162 2.11188 2.6566 1.27152 1.24692 0.824776 1.55191 0.763784 0.660074 2.1893 1.3778 0.798471 0.713711 0.572678 0.57544 0.208133 0.346053 0.203362 0.134442
threshold=26.000000000000004 4.5000000000000009 499.30500000000006 631.12600000000009 1726.3270000000002 602.59550000000013 65.572500000000005 9.0000000000000018 1686.0285000000001 669.98900000000015 382.15650000000005 1633.2385000000002 1582.5550000000001 42.535500000000006 1.5000000000000002 45.883000000000003 815.36700000000008 1782.5045000000002 66.848500000000016 718.77850000000012 1497.5800000000002 35.686500000000002
decision_type=2 2 2 2 2 2 2 2 2 2 2 2 2 2 2 2 2 2 2 2 2 2
left_child=2 6 3 4 5 7 -2 20 -5 -10 -11 12 13 14 -9 -13 17 18 -12 -20 -1 -16
right_child=1 -3 -4 8 -6 -7 -8 11 9 10 16 15 -14 -15 21 -17 -18 -19 19 -21 -22 -23
leaf_value=-0.012795256699124966 0.014198534140506609 0.035604954073921995 -0.016129038014238883 0.010717868191487571 0.010960426525427745 -0.021166058004863802 -0.0011986408949546195 0.0043034735708855579 -0.010049548649018811 0.011482812812732113 0.0062650834210216918 0.009595476935106902 -0.017909208656503604 0.01014808948722578 -0.0037912092959651584 -0.002868908299849583 0.0071244290341501669 -0.0067866717555349872 -0.0028733501812761154 0.0053580906255564715 -0.0066301708664728469 -0.010118416168036
leaf_weight=7.0000000000000027 5.0000000000000027 4.9999999999999991 5.9999999999999991 6.9999999999999991 4.9999999999999991 5.9999999999999991 8.9999999999999982 5.0000000000000098 5.9999999999999991 5.9999999999999991 5.0000000000000062 5.9999999999999982 4.9999999999999991 5.9999999999999991 4.9999999999999982 5 8.9999999999999982 5.9999999999999991 7.9999999999999982 5 10.999999999999998 6
leaf_count=7 5 5 6 7 5 6 9 5 6 6 5 6 5 6 5 5 9 6 8 5 11 6
internal_value=3.83239e-05 0.0129141 -0.00192631 -0.00117386 -0.004298 -0.0055799 0.00433485 -0.00381833 0.00282857 0.0015317 0.0033875 -0.00119651 -0.00331912 7.19707e-05 -0.00370805 0.00386818 0.00181766 -0.000163154 0.00202632 0.000231106 -0.00921065 -0.00747308
internal_weight=144 19 125 119 67 62 14 56 52 45 39 38 27 22 16 11 33 24 18 13 18 11
internal_count=144 19 125 119 67 62 14 56 52 45 39 38 27 22 16 11 33 24 18 13 18 11
is_linear=0
shrinkage=0.025


Tree=246
num_leaves=24
num_cat=0
split_feature=1 2 3 3 4 2 4 1 5 3 3 0 1 0 3 3 4 3 4 0 3 4 4
split_gain=5.89981 2.12587 2.12098 4.01103 1.6964 5.97811 4.48853 7.89357 1.65695 1.52119 4.96001 0.649606 0.577109 0.487206 0.752196 1.17259 0.65804 0.438559 0.315777 0.264051 0.509764 0.254033 0.192871
threshold=86.39500000000001 9.0000000000000018 849.64100000000019 815.36700000000008 1764.3165000000001 22.000000000000004 1726.3270000000002 59.615000000000009 400.8780000000001 622.14800000000014 602.59550000000013 3.5000000000000004 85.232000000000014 4.5000000000000009 568.22250000000008 529.40300000000013 1596.1025000000002 697.55800000000011 1790.8060000000003 1.5000000000000002 458.17200000000008 1664.6180000000002 1497.5800000000002
decision_type=2 2 2 2 2 2 2 2 2 2 2 2 2 2 2 2 2 2 2 2 2 2 2
left_child=1 22 3 4 6 -6 9 -8 -7 10 13 21 -4 14 15 16 19 -9 -10 -3 -21 -11 -1
right_child=-2 2 12 -5 5 8 7 17 18 11 -12 -13 -14 -15 -16 -17 -18 -19 -20 20 -22 -23 -24
leaf_value=-0.012484261600507626 0.023903633365708013 0.0042000247398391276 -0.0041214562092836094 0.02262585516481732 -0.0268577052340392 0.013751252146007923 0.038769911745419841 0.0078640947548242711 -0.0078872282982606883 0.0061773215926502964 -0.026868927134917332 0.011933554307772563 -0.016669546275471264 0.0062236497393594334 -0.0098556564820389617 0.0094017743223136496 -0.010679127025203065 -0.0013398821658750135 0.00068325151223689316 -0.0069727296837502062 0.0027307445483822973 -0.0004339411904636239 -0.00646737672037229
leaf_weight=7.0000000000000027 5.9999999999999991 5.0000000000000098 4.9999999999999982 4.9999999999999991 6.0000000000000027 4.9999999999999991 5.0000000000000027 4.9999999999999991 4.9999999999999982 5.0000000000000062 4.9999999999999991 4.9999999999999991 5 4.9999999999999991 5.9999999999999991 5.9999999999999991 4.9999999999999991 7.9999999999999991 5 6.9999999999999982 6 10.999999999999998 10.999999999999998
leaf_count=7 6 5 5 5 6 5 5 5 5 5 5 5 5 5 6 6 5 8 5 7 6 11 11
internal_value=3.73984e-05 -0.00102431 0.000172726 0.00119215 0.00011854 -0.00618971 0.00172141 0.0127203 0.00223986 -0.00128878 -0.00389124 0.00421304 -0.0107219 -0.000868544 -0.00194683 -0.000211417 -0.00283252 0.00217093 -0.00355007 -0.000490819 -0.00242599 0.00160567 -0.00898743
internal_weight=144 138 120 110 105 21 84 18 15 66 45 21 10 40 35 29 23 13 10 18 13 16 18
internal_count=144 138 120 110 105 21 84 18 15 66 45 21 10 40 35 29 23 13 10 18 13 16 18
is_linear=0
shrinkage=0.025


Tree=247
num_leaves=24
num_cat=0
split_feature=5 2 5 0 5 1 2 3 4 3 4 3 4 5 5 4 4 3 3 1 4 3 4
split_gain=5.62994 2.80116 4.17534 2.16677 1.95272 2.40446 4.28562 2.01103 1.87274 1.80124 1.19214 0.902816 0.870401 0.885732 0.741082 0.609999 0.879716 0.555054 0.456549 0.725494 0.146309 0.109396 0.0728795
threshold=506.85250000000002 26.000000000000004 491.27100000000002 1.5000000000000002 329.11450000000008 47.184000000000005 13.000000000000002 641.1735000000001 1790.8060000000003 374.15350000000007 1582.5550000000001 682.85100000000011 1596.1025000000002 267.84700000000004 382.15650000000005 1847.0430000000003 1782.5045000000002 663.07700000000011 473.29000000000002 32.572500000000005 1726.3270000000002 438.47750000000002 1747.1955
decision_type=2 2 2 2 2 2 2 2 2 2 2 2 2 2 2 2 2 2 2 2 2 2 2
left_child=1 2 3 9 5 6 12 -6 -3 -1 -11 17 18 -14 -13 16 20 -9 19 -5 -16 -21 -22
right_child=-2 8 -4 4 7 -7 -8 11 -10 10 -12 14 13 -15 15 -17 -18 -19 -20 21 22 -23 -24
leaf_value=-0.021451161837635121 0.02335105360515656 -0.0002595735168675096 -0.022344159671375832 0.0045432430333816054 0.017128395265148533 -0.017866021130354175 0.020068504833258116 0.0016835341355405178 0.016122643721451904 0.0032290762717214721 -0.010646898517521418 0.012672457256569314 -0.0034755400032736362 -0.016098764502713758 0.0065848877814669894 0.0091229850839402906 -0.0087533592676314019 -0.0092792930562169314 0.005588915757834911 -0.003595891859955513 -0.00076575074344873448 -0.009617211784307772 0.0031169040042216011
leaf_weight=5.0000000000000027 5.9999999999999991 8.0000000000000018 5.9999999999999991 5.0000000000000027 5.9999999999999991 5.9999999999999991 4.9999999999999991 4.9999999999999982 8.9999999999999982 6.9999999999999991 7.9999999999999991 4.9999999999999991 8.9999999999999982 5.9999999999999991 5.0000000000000098 5.9999999999999991 4.9999999999999991 6 4.9999999999999991 4.9999999999999982 4.9999999999999982 5 6
leaf_count=5 6 8 6 5 6 6 5 5 9 7 8 5 9 6 5 6 5 6 5 5 5 5 6
internal_value=3.6858e-05 -0.00100008 -0.00234663 -0.00125545 0.000312223 -0.00336518 -0.0010809 0.00378953 0.00842732 -0.00869313 -0.00413192 0.00182868 -0.00423461 -0.00875245 0.0039682 0.00222902 0.00013287 -0.0042435 -0.000731233 -0.002966 0.00306076 -0.00685864 0.00125829
internal_weight=144 138 121 115 95 46 40 49 17 20 15 43 35 15 32 27 21 11 20 15 16 10 11
internal_count=144 138 121 115 95 46 40 49 17 20 15 43 35 15 32 27 21 11 20 15 16 10 11
is_linear=0
shrinkage=0.025


Tree=248
num_leaves=24
num_cat=0
split_feature=1 2 3 3 4 3 4 1 4 0 3 1 5 4 1 3 1 1 5 3 1 0 4
split_gain=5.43585 1.98084 2.05274 3.81046 1.65964 5.74414 4.22096 7.52522 1.4784 2.44478 1.25055 0.536047 0.502777 1.65687 1.71106 0.760649 0.742796 0.807066 0.77452 0.413104 0.31581 0.287782 0.171837
threshold=86.39500000000001 9.0000000000000018 849.64100000000019 815.36700000000008 1764.3165000000001 711.90600000000006 1726.3270000000002 59.615000000000009 1715.7460000000003 4.5000000000000009 742.71150000000011 85.232000000000014 413.27850000000007 1646.2505000000003 59.361000000000011 631.12600000000009 55.020000000000003 42.535500000000006 267.84700000000004 697.55800000000011 66.848500000000016 1.5000000000000002 1497.5800000000002
decision_type=2 2 2 2 2 2 2 2 2 2 2 2 2 2 2 2 2 2 2 2 2 2 2
left_child=1 22 3 4 6 -6 8 -8 9 12 20 -4 13 14 16 -15 17 18 21 -9 -7 -3 -1
right_child=-2 2 11 -5 5 10 7 19 -10 -11 -12 -13 -14 15 -16 -17 -18 -19 -20 -21 -22 -23 -24
leaf_value=-0.011992214288976453 0.022944629961444488 0.0042587505698275588 -0.0041577052898131885 0.022066237748815463 -0.02894871522887393 0.011026254876588404 0.037814308588321369 0.0076053212611721117 -0.014002495825004119 0.014770664923614072 -0.0075594426872539191 -0.016287626254443938 0.0035033750408531533 -0.018555525890909714 0.01162593397837613 -0.0042621323408988795 -0.01140840593725443 0.006846193512601237 -0.011753029032395439 -0.001325580648646304 0.0017812913789664608 -0.0030799140546308914 -0.0062676300352904959
leaf_weight=7.0000000000000027 5.9999999999999991 5.0000000000000098 4.9999999999999982 4.9999999999999991 5.0000000000000027 4.9999999999999982 5.0000000000000027 4.9999999999999991 4.9999999999999991 5.9999999999999991 5.9999999999999991 5 8.9999999999999982 4.9999999999999982 5.9999999999999991 5 4.9999999999999991 5.9999999999999991 4.9999999999999991 7.9999999999999991 5 8.9999999999999982 10.999999999999998
leaf_count=7 6 5 5 5 5 5 5 5 5 6 6 5 9 5 6 5 5 6 5 8 5 9 11
internal_value=3.56873e-05 -0.000983072 0.000172053 0.0011751 0.000128347 -0.00611097 0.00171383 0.0123798 -0.0012048 -9.30495e-05 0.00121794 -0.0105457 -0.00178483 -0.00285723 -0.000299778 -0.0117551 -0.00278751 -0.000936867 -0.00350549 0.00207787 0.00665189 -0.000347867 -0.00866986
internal_weight=144 138 120 110 105 21 84 18 66 61 16 10 55 46 36 10 30 25 19 13 10 14 18
internal_count=144 138 120 110 105 21 84 18 66 61 16 10 55 46 36 10 30 25 19 13 10 14 18
is_linear=0
shrinkage=0.025


Tree=249
num_leaves=22
num_cat=0
split_feature=2 0 5 0 5 1 2 3 1 1 4 4 3 5 3 4 2 4 5 1 3
split_gain=5.43831 5.47039 2.30927 2.13468 1.88387 2.29769 4.04611 1.88146 1.68915 1.25017 1.1369 0.879904 0.875214 0.692804 0.473866 0.547604 0.452439 0.182031 0.89983 0.148567 0.263709
threshold=26.000000000000004 4.5000000000000009 499.30500000000006 1.5000000000000002 329.11450000000008 47.184000000000005 13.000000000000002 641.1735000000001 31.505000000000006 65.572500000000005 1582.5550000000001 1533.0285000000001 669.98900000000015 382.15650000000005 815.36700000000008 1782.5045000000002 9.0000000000000018 1596.1025000000002 267.84700000000004 66.848500000000016 718.77850000000012
decision_type=2 2 2 2 2 2 2 2 2 2 2 2 2 2 2 2 2 2 2 2 2
left_child=2 9 3 8 5 6 11 -6 -1 -2 -10 16 -9 -14 15 19 -5 -13 -19 -15 -21
right_child=1 -3 -4 4 7 -7 -8 12 10 -11 -12 17 13 14 -16 -17 -18 18 -20 20 -22
leaf_value=-0.02083641683252957 0.013917850387784142 0.034372631589380594 -0.016746883959539476 0.006975580314890698 0.016621911045043701 -0.017425410617743772 0.019531896395178942 -0.0054809036176288279 0.0031284973529788354 -0.0013499054040395373 -0.010419669711008307 -0.0034868612612892931 0.011185681615625659 0.0059126313775777735 0.0067930011524130474 -0.0062994490963436903 -0.0026503778994083401 -0.003311749797759821 -0.016020647147970815 -0.0019470496699441134 0.0052094012691388612
leaf_weight=5.0000000000000027 5.0000000000000027 4.9999999999999991 5.9999999999999991 4.9999999999999982 5.9999999999999991 5.9999999999999991 4.9999999999999991 7.9999999999999991 6.9999999999999991 8.9999999999999982 7.9999999999999991 8.0000000000000018 5.9999999999999991 5.0000000000000062 8.9999999999999982 5.9999999999999991 7 8.9999999999999982 5.9999999999999991 7.9999999999999982 5
leaf_count=5 5 5 6 5 6 6 5 8 7 9 8 8 6 5 9 6 7 9 6 8 5
internal_value=3.43059e-05 0.0124318 -0.00185698 -0.00106891 0.000429453 -0.00325043 -0.00101697 0.00364702 -0.00847849 0.00413406 -0.00405698 -0.00408233 0.00190075 0.00346707 0.0019671 6.45528e-05 0.00130658 -0.00693484 -0.00862145 0.00230048 0.000747961
internal_weight=144 19 125 119 99 46 40 53 20 14 15 35 47 39 33 24 12 23 15 18 13
internal_count=144 19 125 119 99 46 40 53 20 14 15 35 47 39 33 24 12 23 15 18 13
is_linear=0
shrinkage=0.025


Tree=250
num_leaves=23
num_cat=0
split_feature=1 1 3 3 5 1 1 0 5 4 5 4 0 1 1 4 5 4 5 3 4 1
split_gain=5.26918 1.83996 2.37939 3.27342 2.36695 4.20923 1.96719 1.65952 1.39922 1.3752 0.586448 1.60382 0.566712 0.733596 0.478816 0.276645 0.367189 0.251537 0.197169 0.156853 0.167491 0.0329753
threshold=86.39500000000001 42.535500000000006 849.64100000000019 815.36700000000008 299.52400000000006 55.964500000000008 65.010000000000005 1.5000000000000002 387.64350000000007 1686.0285000000001 372.63200000000006 1722.1610000000003 1.5000000000000002 32.572500000000005 85.232000000000014 1661.6445000000001 251.82550000000003 1702.9405000000004 245.00850000000003 718.77850000000012 1782.5045000000002 66.848500000000016
decision_type=2 2 2 2 2 2 2 2 2 2 2 2 2 2 2 2 2 2 2 2 2 2
left_child=1 12 3 4 9 -6 8 -8 10 -3 -7 -12 -1 -14 -4 16 18 -9 -15 21 -21 -19
right_child=-2 2 14 -5 5 6 7 17 -10 -11 11 -13 13 15 -16 -17 -18 19 -20 20 -22 -23
leaf_value=-0.011509014740188768 0.022588558062430351 0.0035664320612947154 -0.0044862422232444478 0.02141165425642752 -0.016574365159739621 0.0081661139412418614 -0.015349028259515764 0.0049349625200892835 0.017108023515151394 0.020937807342180838 -0.010798537301329469 0.0074181031435728078 0.0045808309259322937 -0.0064113962759331919 -0.016039664520380588 -7.2801811620593063e-05 -0.011136431033473192 -0.0011822750935187702 0 0.0037973191621917535 -0.0016058082516282437 -0.0043484499435483782
leaf_weight=7.9999999999999991 5.9999999999999991 6.9999999999999982 4.9999999999999982 4.9999999999999991 8.9999999999999982 9.0000000000000053 4.9999999999999991 5.0000000000000027 5.9999999999999991 5 4.9999999999999982 7 5.0000000000000027 8.0000000000000053 5 4.9999999999999991 7.9999999999999991 5.0000000000000018 4.9999999999999991 5.9999999999999991 7.9999999999999991 7
leaf_count=8 6 7 5 5 9 9 5 5 6 5 5 7 5 8 5 5 8 5 5 6 8 7
internal_value=3.34109e-05 -0.000969473 0.00083315 0.00215116 0.000941718 -0.000765406 0.00151854 -0.00227857 0.00660684 0.0111315 0.00341444 -0.000122299 -0.00555816 -0.00391846 -0.0105867 -0.00562313 -0.00687253 -4.54844e-05 -0.00402491 -0.00108133 0.000642659 -0.00317268
internal_weight=144 138 99 89 84 72 63 36 27 12 21 12 39 31 10 26 21 31 13 26 14 12
internal_count=144 138 99 89 84 72 63 36 27 12 21 12 39 31 10 26 21 31 13 26 14 12
is_linear=0
shrinkage=0.025


Tree=251
num_leaves=23
num_cat=0
split_feature=2 1 5 3 5 4 4 1 2 4 1 0 4 3 5 3 4 1 3 0 0 4
split_gain=5.18804 5.2868 2.31814 1.97723 1.77854 5.86317 3.95885 2.69762 1.4885 1.25771 1.186 1.0986 0.777436 1.44195 0.670305 0.477696 0.485209 0.436642 0.50896 0.16707 0.0986161 0.0713707
threshold=26.000000000000004 82.540000000000006 499.30500000000006 631.12600000000009 299.52400000000006 1646.2505000000003 1686.0285000000001 59.361000000000011 13.000000000000002 1636.5410000000004 65.572500000000005 1.5000000000000002 1686.0285000000001 669.98900000000015 382.15650000000005 815.36700000000008 1782.5045000000002 32.572500000000005 506.53550000000001 2.5000000000000004 3.5000000000000004 1515.8975000000003
decision_type=2 2 2 2 2 2 2 2 2 2 2 2 2 2 2 2 2 2 2 2 2 2
left_child=2 10 3 4 6 7 8 -6 9 11 -2 -1 -5 -14 -15 16 19 -13 21 -16 -21 -19
right_child=1 -3 -4 12 5 -7 -8 -9 -10 -11 -12 17 13 14 15 -17 -18 18 -20 20 -22 -23
leaf_value=-0.013083029392227117 0.013514722862209255 0.033710421908360259 -0.016732455069018947 0.010269886001737581 -0.012007096194877078 -0.030202721564039109 0.014356281144953357 0.013446013428843938 0.0079135350166605074 -0.017824022729809468 -0.0013537561242549642 0.0044707153565608504 -0.0098087610857140652 0.01072955761224993 -0.00099324342122094397 0.0065178771260315975 -0.0062200384725245739 -0.0033245042987888837 0.0023986217520770526 0.0063920535234501591 0.0012891789662629184 -0.0075613807643885216
leaf_weight=6.9999999999999991 5.0000000000000027 4.9999999999999991 5.9999999999999991 6.9999999999999991 4.9999999999999982 5.9999999999999991 7.9999999999999991 5 4.9999999999999991 4.9999999999999991 8.9999999999999982 5.0000000000000027 5.9999999999999991 5.9999999999999991 7.0000000000000062 8.9999999999999982 5.9999999999999991 6.0000000000000027 5.9999999999999991 4.9999999999999982 6 8.9999999999999982
leaf_count=7 5 5 6 7 5 6 8 5 5 5 9 5 6 6 7 9 6 6 6 5 6 9
internal_value=3.23492e-05 0.0121415 -0.00181471 -0.00102525 -0.00386671 -0.0110972 -0.00153942 0.000611017 -0.00457847 -0.0062877 0.00398394 -0.00440528 0.00261269 0.00135375 0.00314423 0.0016711 -0.000133636 -0.00193922 -0.00355213 0.00187254 0.003793 -0.00601491
internal_weight=144 19 125 119 67 16 51 10 43 38 14 33 52 45 39 33 24 26 21 18 11 15
internal_count=144 19 125 119 67 16 51 10 43 38 14 33 52 45 39 33 24 26 21 18 11 15
is_linear=0
shrinkage=0.025


end of trees

feature_importances:
compute_units=1057
memory_bandwidth_gbps=1004
boost_clock_mhz=966
generation_index=755
vram_gb=567
board_power_w=519

parameters:
[boosting: gbdt]
[objective: regression]
[metric: l1,l2]
[tree_learner: serial]
[device_type: cpu]
[data_sample_strategy: bagging]
[data: ]
[valid: ]
[num_iterations: 700]
[learning_rate: 0.025]
[num_leaves: 24]
[num_threads: 1]
[seed: 20260722]
[deterministic: 1]
[force_col_wise: 1]
[force_row_wise: 0]
[histogram_pool_size: -1]
[max_depth: -1]
[min_data_in_leaf: 5]
[min_sum_hessian_in_leaf: 0.001]
[bagging_fraction: 1]
[pos_bagging_fraction: 1]
[neg_bagging_fraction: 1]
[bagging_freq: 0]
[bagging_seed: 22340]
[bagging_by_query: 0]
[feature_fraction: 1]
[feature_fraction_bynode: 1]
[feature_fraction_seed: 15416]
[extra_trees: 0]
[extra_seed: 16664]
[early_stopping_round: 0]
[early_stopping_min_delta: 0]
[first_metric_only: 0]
[max_delta_step: 0]
[lambda_l1: 0.05]
[lambda_l2: 0.2]
[linear_lambda: 0]
[min_gain_to_split: 0]
[drop_rate: 0.1]
[max_drop: 50]
[skip_drop: 0.5]
[xgboost_dart_mode: 0]
[uniform_drop: 0]
[drop_seed: 24626]
[top_rate: 0.2]
[other_rate: 0.1]
[min_data_per_group: 100]
[max_cat_threshold: 32]
[cat_l2: 10]
[cat_smooth: 10]
[max_cat_to_onehot: 4]
[top_k: 20]
[monotone_constraints: ]
[monotone_constraints_method: basic]
[monotone_penalty: 0]
[feature_contri: ]
[forcedsplits_filename: ]
[refit_decay_rate: 0.9]
[cegb_tradeoff: 1]
[cegb_penalty_split: 0]
[cegb_penalty_feature_lazy: ]
[cegb_penalty_feature_coupled: ]
[path_smooth: 0]
[interaction_constraints: ]
[verbosity: -1]
[saved_feature_importance_type: 0]
[use_quantized_grad: 0]
[num_grad_quant_bins: 4]
[quant_train_renew_leaf: 0]
[stochastic_rounding: 1]
[linear_tree: 0]
[max_bin: 255]
[max_bin_by_feature: ]
[min_data_in_bin: 3]
[bin_construct_sample_cnt: 200000]
[data_random_seed: 4439]
[is_enable_sparse: 1]
[enable_bundle: 1]
[use_missing: 1]
[zero_as_missing: 0]
[feature_pre_filter: 1]
[pre_partition: 0]
[two_round: 0]
[header: 0]
[label_column: ]
[weight_column: ]
[group_column: ]
[ignore_column: ]
[categorical_feature: ]
[forcedbins_filename: ]
[precise_float_parser: 0]
[parser_config_file: ]
[objective_seed: 28388]
[num_class: 1]
[is_unbalance: 0]
[scale_pos_weight: 1]
[sigmoid: 1]
[boost_from_average: 1]
[reg_sqrt: 0]
[alpha: 0.9]
[fair_c: 1]
[poisson_max_delta_step: 0.7]
[tweedie_variance_power: 1.5]
[lambdarank_truncation_level: 30]
[lambdarank_norm: 1]
[label_gain: ]
[lambdarank_position_bias_regularization: 0]
[eval_at: ]
[multi_error_top_k: 1]
[auc_mu_weights: ]
[num_machines: 1]
[local_listen_port: 12400]
[time_out: 120]
[machine_list_filename: ]
[machines: ]
[gpu_platform_id: -1]
[gpu_device_id: -1]
[gpu_device_id_list: ]
[gpu_use_dp: 0]
[num_gpu: 1]

end of parameters

pandas_categorical:[]
