tree
version=v4
num_class=1
num_tree_per_iteration=1
label_index=0
max_feature_idx=28
objective=regression
feature_names=core_count thread_count base_clock_ghz boost_clock_ghz tdp_watts core_base_clock_capacity core_boost_clock_capacity thread_core_ratio tdp_watts_per_core boost_capacity_per_watt generation__2x_zen_4_4x_zen_4c__4c2c7cfb generation__alder_lake__341e868c generation__broadwell_e__0803db6c generation__cascade_lake__643aed9f generation__coffee_lake__51de7902 generation__comet_lake__993c0b06 generation__haswell__e1f40b24 generation__haswell_e__9d971765 generation__ivy_bridge__11d6f943 generation__kaby_lake__188ab67d generation__raptor_lake__80029b0d generation__rocket_lake__6a5939ef generation__skylake__2fe9ca49 generation__zen__92e4accd generation__zen_2__5598ab79 generation__zen_3__83374461 generation__zen_4__ed8dd0a2 generation__zen_5__da45e8c9 generation__unknown
feature_infos=[4:32] [4:64] [1.7:4.7000000000000002] [3.2999999999999998:5.7000000000000002] [35:350] [10.199999999999999:118.40000000000001] [13.199999999999999:144] [1:2] [3.25:28] [0.1542857142857143:1.6615384615384616] none [0:1] none none [0:1] [0:1] none none none none [0:1] none [0:1] [0:1] [0:1] [0:1] [0:1] none none
tree_sizes=812 833 834 835 835 835 832 833 841 840 839 839 859 835 858 839 861 861 879 836 861 882 864 866 864 866 866 864 863 898 866 881 864 904 860 873 859 847 865 848 881 899 902 864 890 866 884 886 884 870 886 852 871 901 873 883 872 867 889 851 878 888 857 849 849 853 869 876 851 860 872 872 879 868 890 872 874 904 877 879 876 880 899 895 881 898 882 880 895 883 913 886 880 897 845 883 886 846 880 884 885 875 912 873 905 880 919 876 906 919 905 914 903 924 897 909 882 890 903 907 924 909 916 896 905 903 904 901 902 886 905 902 891 909 889 929 921 906 887 911 885 882 883 899 899 891 917 902 905 918 904 885 906 911 891 903 907 864 900 900 900 900 911 905 894 888 901 895 883 896 919 868 905 897 904 893 901 895 888 897 889 923 899 895 882 898 907 907 894 913 887 909 891 903 924 901 899 903 871 913 902 898 902 871 912 901 913 886 899 900 885 912 894 917 900 922 897 871 898 887 921 884 905 917 917 889 876 911 875 897 907 883 893 916 903 875 908 888 900 892 918 888 916 908 860 911 891 922 898 895 922 927 921 923 889 888 922 902 909 898 890 888 919 898 907 907 926 887 919 924 911 919 929 886 869 916 914 917 914 906 904 913 906 910 906 896 867 912 907 900 919 886 899 925 904 910 921 929 868 910 910 919 913 925 913 878 894 910 913 906 915 908 893 927 912 906 914 915 900 887 912 892 899 902 924 902 930 901 902 929 904 900 875 892 902 912 905 915 903 928 900 908 915 878 914 903 930 885 916 902 908 905 928 915 910 910 887 937 903 903 909 874 888 912 907 892 888 934 909 905 901 923 902 900 926 904 909 890 893

Tree=0
num_leaves=8
num_cat=0
split_feature=6 5 5 1 3 5 6
split_gain=126843 33414.8 23170.8 4897.38 4159.67 1286.87 1115.6
threshold=62.800000000000011 24.800000000000001 62.20000000000001 10.000000000000002 5.3500000000000005 42.600000000000009 72.800000000000011
decision_type=2 2 2 2 2 2 2
left_child=1 3 4 -1 6 -3 -2
right_child=2 5 -4 -5 -6 -7 -8
leaf_value=59.81884297422522 61.669395373697249 61.192680123946111 64.357440967953664 60.400360429004301 62.984685759374216 61.675442976319992 62.26448096791551
leaf_weight=31 6.0000000000000053 26 6.9999999999999991 24 5.9999999999999991 5.9999999999999991 7
leaf_count=31 6 26 7 24 6 6 7
internal_value=61.0664 60.5164 62.8969 60.0692 62.33 61.2865 62.0032
internal_weight=113 87 26 55 19 32 13
internal_count=113 87 26 55 19 32 13
is_linear=0
shrinkage=1


Tree=1
num_leaves=8
num_cat=0
split_feature=6 5 5 1 3 5 6
split_gain=119522 31458.5 21836 4609.03 3922.31 1213.71 1051.03
threshold=62.800000000000011 24.800000000000001 62.20000000000001 10.000000000000002 5.3500000000000005 42.600000000000009 72.800000000000011
decision_type=2 2 2 2 2 2 2
left_child=1 3 4 -1 6 -3 -2
right_child=2 5 -4 -5 -6 -7 -8
leaf_value=-1.210389613371629 0.58546963599420299 0.12250123883021698 3.1950328636169432 -0.64624290982553789 1.8625742229338613 0.59134166755983908 1.1631175804138181
leaf_weight=31 6.0000000000000053 26 6.9999999999999991 24 5.9999999999999991 5.9999999999999991 7
leaf_count=31 6 26 7 24 6 6 7
internal_value=0.000297452 -0.533554 1.77714 -0.967477 1.22684 0.213582 0.909535
internal_weight=113 87 26 55 19 32 13
internal_count=113 87 26 55 19 32 13
is_linear=0
shrinkage=0.03


Tree=2
num_leaves=8
num_cat=0
split_feature=6 5 5 1 3 5 6
split_gain=112623 29616.8 20578.1 4337.66 3698.5 1144.7 990.184
threshold=62.800000000000011 24.800000000000001 62.20000000000001 10.000000000000002 5.3500000000000005 42.600000000000009 72.800000000000011
decision_type=2 2 2 2 2 2 2
left_child=1 3 4 -1 6 -3 -2
right_child=2 5 -4 -5 -6 -7 -8
leaf_value=-1.1743106816365168 0.56847212099259847 0.11885425767712011 3.1018444188435872 -0.62701586735150039 1.8084995048276837 0.57417368981146033 1.1291933425267535
leaf_weight=31 6.0000000000000053 26 6.9999999999999991 24 5.9999999999999991 5.9999999999999991 7
leaf_count=31 6 26 7 24 6 6 7
internal_value=0.000589904 -0.517625 1.72539 -0.938655 1.19117 0.207309 0.883047
internal_weight=113 87 26 55 19 32 13
internal_count=113 87 26 55 19 32 13
is_linear=0
shrinkage=0.03


Tree=3
num_leaves=8
num_cat=0
split_feature=6 5 5 1 3 5 6
split_gain=106122 27882.9 19392.7 4082.27 3487.45 1079.62 932.861
threshold=62.800000000000011 24.800000000000001 62.20000000000001 10.000000000000002 5.3500000000000005 42.600000000000009 72.800000000000011
decision_type=2 2 2 2 2 2 2
left_child=1 3 4 -1 6 -3 -2
right_child=2 5 -4 -5 -6 -7 -8
leaf_value=-1.1393071900881255 0.55196809322603224 0.1153158472688826 3.0113740094502766 -0.60836084621996911 1.7559946946174867 0.55750414840636719 1.0962584781646727
leaf_weight=31 6.0000000000000053 26 6.9999999999999991 24 5.9999999999999991 5.9999999999999991 7
leaf_count=31 6 26 7 24 6 6 7
internal_value=0.000864906 -0.502172 1.67515 -0.910692 1.15653 0.201221 0.857331
internal_weight=113 87 26 55 19 32 13
internal_count=113 87 26 55 19 32 13
is_linear=0
shrinkage=0.03


Tree=4
num_leaves=8
num_cat=0
split_feature=6 5 5 1 3 5 6
split_gain=99996.7 26250.6 18275.5 3841.91 3288.44 1018.24 878.854
threshold=62.800000000000011 24.800000000000001 62.20000000000001 10.000000000000002 5.3500000000000005 42.600000000000009 72.800000000000011
decision_type=2 2 2 2 2 2 2
left_child=1 3 4 -1 6 -3 -2
right_child=2 5 -4 -5 -6 -7 -8
leaf_value=-1.1053470805975107 0.53594322450699283 0.11188278253176001 2.9235421784718829 -0.59026086294946589 1.7050141820599956 0.54131853201696944 1.0642843214670814
leaf_weight=31 6.0000000000000053 26 6.9999999999999991 24 5.9999999999999991 5.9999999999999991 7
leaf_count=31 6 26 7 24 6 6 7
internal_value=0.00112322 -0.48718 1.62637 -0.883562 1.12291 0.195311 0.832363
internal_weight=113 87 26 55 19 32 13
internal_count=113 87 26 55 19 32 13
is_linear=0
shrinkage=0.03


Tree=5
num_leaves=8
num_cat=0
split_feature=6 5 2 1 6 5 6
split_gain=94224.9 24713.8 17563.2 3615.7 2992.12 960.345 827.971
threshold=62.800000000000011 24.800000000000001 3.6500000000000008 10.000000000000002 85.600000000000009 42.600000000000009 72.800000000000011
decision_type=2 2 2 2 2 2 2
left_child=1 3 4 -1 6 -3 -2
right_child=2 5 -4 -5 -6 -7 -8
leaf_value=-1.0723992212002096 0.52038357311679417 0.10855192207027482 2.850389397939046 -0.57269937089652068 1.6414423075029925 0.52560282393809288 1.0332426675160722
leaf_weight=31 6.0000000000000053 26 6.9999999999999991 24 5.9999999999999991 5.9999999999999991 7
leaf_count=31 6 26 7 24 6 6 7
internal_value=0.00136562 -0.472636 1.57901 -0.857241 1.08571 0.189574 0.808123
internal_weight=113 87 26 55 19 32 13
internal_count=113 87 26 55 19 32 13
is_linear=0
shrinkage=0.03


Tree=6
num_leaves=8
num_cat=0
split_feature=6 5 5 1 3 5 6
split_gain=88786.2 23267 16633.7 3402.8 2795.57 905.742 780.031
threshold=62.800000000000011 24.800000000000001 62.20000000000001 10.000000000000002 5.3500000000000005 42.600000000000009 72.800000000000011
decision_type=2 2 2 2 2 2 2
left_child=1 3 4 -1 6 -3 -2
right_child=2 5 -4 -5 -6 -7 -8
leaf_value=-1.0404334776218123 0.50527568417210678 0.10532021986562332 2.7702477741241456 -0.55566036311062894 1.5903097731067286 0.51034339876424883 1.0031064399083451
leaf_weight=31 6.0000000000000053 26 6.9999999999999991 24 5.9999999999999991 5.9999999999999991 7
leaf_count=31 6 26 7 24 6 6 7
internal_value=0.0015927 -0.458526 1.53303 -0.831703 1.05302 0.184007 0.784589
internal_weight=113 87 26 55 19 32 13
internal_count=113 87 26 55 19 32 13
is_linear=0
shrinkage=0.03


Tree=7
num_leaves=8
num_cat=0
split_feature=6 5 2 1 6 5 6
split_gain=83661.5 21904.8 15990.5 3202.44 2538.79 854.243 734.865
threshold=62.800000000000011 24.800000000000001 3.6500000000000008 10.000000000000002 85.600000000000009 42.600000000000009 72.800000000000011
decision_type=2 2 2 2 2 2 2
left_child=1 3 4 -1 6 -3 -2
right_child=2 5 -4 -5 -6 -7 -8
leaf_value=-1.009420570226816 0.49060638889189639 0.10218473417158346 2.701203390757243 -0.53912832356681506 1.5304890872586157 0.49552697372051974 0.97384914239247622
leaf_weight=31 6.0000000000000053 26 6.9999999999999991 24 5.9999999999999991 5.9999999999999991 7
leaf_count=31 6 26 7 24 6 6 7
internal_value=0.00180521 -0.444837 1.48838 -0.806926 1.018 0.178603 0.76174
internal_weight=113 87 26 55 19 32 13
internal_count=113 87 26 55 19 32 13
is_linear=0
shrinkage=0.03


Tree=8
num_leaves=8
num_cat=0
split_feature=6 5 5 1 3 5 6
split_gain=78832.5 20622.5 15144.8 3013.88 2371.04 817.682 692.312
threshold=62.800000000000011 24.800000000000001 62.20000000000001 10.000000000000002 5.3500000000000005 31.700000000000003 72.800000000000011
decision_type=2 2 2 2 2 2 2
left_child=1 3 4 -1 6 -3 -2
right_child=2 5 -4 -5 -6 -7 -8
leaf_value=-0.97933208685654871 0.47636295226312408 0.029940863295003423 2.6252977339426677 -0.52308815445781731 1.4827116652457943 0.33326483392793882 0.94544524033864319
leaf_weight=31 6.0000000000000053 17 6.9999999999999991 24 5.9999999999999991 14.999999999999998 7
leaf_count=31 6 17 7 24 6 15 7
internal_value=0.00200376 -0.431557 1.44504 -0.782888 0.987316 0.173357 0.739557
internal_weight=113 87 26 55 19 32 13
internal_count=113 87 26 55 19 32 13
is_linear=0
shrinkage=0.03


Tree=9
num_leaves=8
num_cat=0
split_feature=6 5 2 1 6 5 6
split_gain=74283.5 19413.5 14563.9 2836.41 2148.79 782.173 652.221
threshold=62.800000000000011 24.800000000000001 3.6500000000000008 10.000000000000002 85.600000000000009 42.600000000000009 72.800000000000011
decision_type=2 2 2 2 2 2 2
left_child=1 3 4 -1 6 -3 -2
right_child=2 5 -4 -5 -6 -7 -8
leaf_value=-0.95014046265528762 0.46253306842619324 0.095125364622541966 2.5601294326782229 -0.50752519510994265 1.4264231429561489 0.47146526225151553 0.91786975145339944
leaf_weight=31 6.0000000000000053 26 6.9999999999999991 24 5.9999999999999991 5.9999999999999991 7
leaf_count=31 6 26 7 24 6 6 7
internal_value=0.00217756 -0.418688 1.40296 -0.759565 0.954333 0.168226 0.71802
internal_weight=113 87 26 55 19 32 13
internal_count=113 87 26 55 19 32 13
is_linear=0
shrinkage=0.03


Tree=10
num_leaves=8
num_cat=0
split_feature=6 5 5 1 3 5 6
split_gain=69995.9 18277 13794.2 2669.39 2005.92 747.031 614.449
threshold=62.800000000000011 24.800000000000001 62.20000000000001 10.000000000000002 5.3500000000000005 31.700000000000003 72.800000000000011
decision_type=2 2 2 2 2 2 2
left_child=1 3 4 -1 6 -3 -2
right_child=2 5 -4 -5 -6 -7 -8
leaf_value=-0.92181893972250128 0.44910470435696215 0.026232502734245256 2.4882273960113523 -0.49242527946952941 1.3817958917925433 0.31612557637848349 0.8910985557238259
leaf_weight=31 6.0000000000000053 17 6.9999999999999991 24 5.9999999999999991 14.999999999999998 7
leaf_count=31 6 17 7 24 6 15 7
internal_value=0.00235067 -0.406188 1.36211 -0.736937 0.925547 0.163286 0.697111
internal_weight=113 87 26 55 19 32 13
internal_count=113 87 26 55 19 32 13
is_linear=0
shrinkage=0.03


Tree=11
num_leaves=8
num_cat=0
split_feature=6 5 2 1 6 1 5
split_gain=65956.8 17205.5 13269.4 2512.21 1863.32 837.11 716.186
threshold=62.800000000000011 24.800000000000001 3.6500000000000008 10.000000000000002 72.800000000000011 26.000000000000004 42.600000000000009
decision_type=2 2 2 2 2 2 2
left_child=1 3 4 -1 -2 -6 -3
right_child=2 6 -4 -5 5 -7 -8
leaf_value=-0.8943416633972755 0.43606616259582526 0.088524976352243934 2.4267159907023115 -0.47777460428308849 0.78626047195926785 1.3323234844207761 0.44859973669052122
leaf_weight=31 6.0000000000000062 26 6.9999999999999991 24 5.9999999999999982 7 5.9999999999999991
leaf_count=31 6 26 7 24 6 7 6
internal_value=0.00250068 -0.394076 1.32244 -0.714984 0.894487 1.09614 0.158453
internal_weight=113 87 26 55 19 13 32
internal_count=113 87 26 55 19 13 32
is_linear=0
shrinkage=0.03


Tree=12
num_leaves=8
num_cat=0
split_feature=6 5 5 1 3 5 1
split_gain=62148.5 16198.4 12567.9 2364.27 1715.02 682.454 621.676
threshold=62.800000000000011 24.800000000000001 62.20000000000001 10.000000000000002 5.3500000000000005 31.700000000000003 5.0000000000000009
decision_type=2 2 2 2 2 2 2
left_child=1 3 4 6 -2 -3 -1
right_child=2 5 -4 -5 -6 -7 -8
leaf_value=-1.0959763253253436 0.65587261464108082 0.022829808818046436 2.3585547892252605 -0.46355983512953292 1.2897548084874304 0.29988173966345033 -0.76519097147761173
leaf_weight=9.0000000000000018 13.000000000000005 17 6.9999999999999991 24 5.9999999999999991 14.999999999999998 22
leaf_count=9 13 17 7 24 6 15 22
internal_value=0.00264663 -0.382311 1.28392 -0.693684 0.867474 0.1538 -0.867683
internal_weight=113 87 26 55 19 32 31
internal_count=113 87 26 55 19 32 31
is_linear=0
shrinkage=0.03


Tree=13
num_leaves=8
num_cat=0
split_feature=6 5 2 1 6 1 5
split_gain=58557 15252.8 12097.4 2227.3 1671.1 714.253 655.769
threshold=62.800000000000011 24.800000000000001 3.6500000000000008 10.000000000000002 72.800000000000011 26.000000000000004 42.600000000000009
decision_type=2 2 2 2 2 2 2
left_child=1 3 4 -1 -2 -6 -3
right_child=2 6 -4 -5 5 -7 -8
leaf_value=-0.84201226069377022 0.40436472340937535 0.08235471777504183 2.3005056269963582 -0.44976796492072174 0.7413249132710118 1.2477685260772702 0.42686962250740296
leaf_weight=31 6.0000000000000062 26 6.9999999999999991 24 5.9999999999999982 7 5.9999999999999991
leaf_count=31 6 26 7 24 6 7 6
internal_value=0.00268964 -0.370979 1.24639 -0.673128 0.838032 1.02891 0.149248
internal_weight=113 87 26 55 19 13 32
internal_count=113 87 26 55 19 13 32
is_linear=0
shrinkage=0.03


Tree=14
num_leaves=8
num_cat=0
split_feature=6 5 5 6 3 5 1
split_gain=55176 14359.9 11455.9 2125.35 1463.67 623.432 621.416
threshold=62.800000000000011 24.800000000000001 62.20000000000001 24.900000000000002 5.3500000000000005 31.700000000000003 5.0000000000000009
decision_type=2 2 2 2 2 2 2
left_child=1 3 4 6 -2 -3 -1
right_child=2 5 -4 -5 -6 -7 -8
leaf_value=-1.0391005449709685 0.61688467144966097 0.019710967831833417 2.2358246930440266 -0.42686096164815385 1.203253616209953 0.28448575085764255 -0.71482169817233909
leaf_weight=8.9999999999999982 13.000000000000005 17 6.9999999999999991 23 5.9999999999999991 14.999999999999998 23
leaf_count=9 13 17 7 23 6 15 23
internal_value=0.00281747 -0.359903 1.21008 -0.653075 0.812737 0.144867 -0.811959
internal_weight=113 87 26 55 19 32 32
internal_count=113 87 26 55 19 32 32
is_linear=0
shrinkage=0.03


Tree=15
num_leaves=8
num_cat=0
split_feature=6 5 2 3 6 1 1
split_gain=51987.5 13521.7 11032.2 2012.61 1498.93 701.121 607.579
threshold=62.800000000000011 24.800000000000001 3.6500000000000008 4.3500000000000005 72.800000000000011 5.0000000000000009 26.000000000000004
decision_type=2 2 2 2 2 2 2
left_child=1 3 4 5 -2 -1 -6
right_child=2 -3 -4 -5 6 -7 -8
leaf_value=-1.0086052061163862 0.37471554083208841 0.14057890838717821 2.1811031309763593 -0.3775695968605578 0.69905575413857746 -0.6783066080247655 1.168259641329447
leaf_weight=8.9999999999999982 6.0000000000000062 32 6.9999999999999991 19 5.9999999999999982 27 7
leaf_count=9 6 32 7 19 6 27 7
internal_value=0.00284886 -0.349235 1.17471 -0.633722 0.784992 -0.766039 0.965691
internal_weight=113 87 26 55 19 36 13
internal_count=113 87 26 55 19 36 13
is_linear=0
shrinkage=0.03


Tree=16
num_leaves=8
num_cat=0
split_feature=6 5 5 1 3 5 1
split_gain=48991.2 12731.1 10444.2 1921.09 1245.32 601.105 517.345
threshold=62.800000000000011 24.800000000000001 62.20000000000001 10.000000000000002 5.3500000000000005 42.600000000000009 5.0000000000000009
decision_type=2 2 2 2 2 2 2
left_child=1 3 4 6 -2 -3 -1
right_child=2 5 -4 -5 -6 -7 -8
leaf_value=-0.97900483255800963 0.58029470053586063 0.072402351084556296 2.1196582285563146 -0.40766972957563796 1.1219710128538067 0.40213604334861996 -0.67878493386345939
leaf_weight=9.0000000000000018 13.000000000000005 26 6.9999999999999991 24 5.9999999999999991 5.9999999999999991 22
leaf_count=9 13 26 7 24 6 6 22
internal_value=0.00289626 -0.338891 1.14048 -0.614936 0.761334 0.136388 -0.771711
internal_weight=113 87 26 55 19 32 31
internal_count=113 87 26 55 19 32 31
is_linear=0
shrinkage=0.03


Tree=17
num_leaves=8
num_cat=0
split_feature=6 5 2 3 6 1 6
split_gain=46159.3 11989.1 10063.8 1830.71 1344.7 614.716 582.435
threshold=62.800000000000011 24.800000000000001 3.6500000000000008 4.3500000000000005 72.800000000000011 5.0000000000000009 37.600000000000001
decision_type=2 2 2 2 2 2 2
left_child=1 3 4 5 -2 -1 -3
right_child=2 6 -4 -5 -6 -7 -8
leaf_value=-0.95027318373970371 0.34698945106998524 -0.087538782241867813 2.0681353696187337 -0.3525633330643177 0.90623804265802554 -0.64058443276321186 0.20587375443828992
leaf_weight=8.9999999999999982 6.0000000000000062 7.9999999999999991 6.9999999999999991 19 12.999999999999998 27 24
leaf_count=9 6 8 7 19 13 27 24
internal_value=0.00292802 -0.328834 1.10715 -0.596714 0.735165 -0.72287 0.132386
internal_weight=113 87 26 55 19 36 32
internal_count=113 87 26 55 19 36 32
is_linear=0
shrinkage=0.03


Tree=18
num_leaves=8
num_cat=0
split_feature=5 5 5 9 6 3 3
split_gain=43534.3 11834.1 8590.99 2466.68 1750.83 582.241 475.922
threshold=40.20000000000001 62.20000000000001 24.800000000000001 0.38307692307692315 24.900000000000002 5.3500000000000005 4.8500000000000005
decision_type=2 2 2 2 2 2 2
left_child=2 3 4 -2 -1 -5 -4
right_child=1 -3 6 5 -6 -7 -8
leaf_value=-0.72314290603495524 0.087200800987981927 2.0120379336675009 -0.056399936978934223 0.6539576708186754 -0.37394469528362667 1.0462212679463048 0.19940893740721152
leaf_weight=32 6.0000000000000027 6.9999999999999991 12.000000000000002 13.000000000000002 23 5.9999999999999991 13.999999999999998
leaf_count=32 6 7 12 13 23 6 14
internal_value=0.00291908 0.936355 -0.367225 0.621526 -0.579026 0.787516 0.0817568
internal_weight=113 32 81 25 55 19 26
internal_count=113 32 81 25 55 19 26
is_linear=0
shrinkage=0.03


Tree=19
num_leaves=8
num_cat=0
split_feature=6 5 2 1 6 5 1
split_gain=41038.4 10604.7 9168.37 1665.29 1175 523.56 472.09
threshold=62.800000000000011 24.800000000000001 3.6500000000000008 10.000000000000002 72.800000000000011 31.700000000000003 26.000000000000004
decision_type=2 2 2 2 2 2 2
left_child=1 3 4 -1 -2 -3 -6
right_child=2 5 -4 -5 6 -7 -8
leaf_value=-0.7076650382922246 0.32630869550089642 0.0093501823100932812 1.9612030633290609 -0.36898057649450855 0.61429768623844283 0.25187852761463114 1.0277535963058471
leaf_weight=31 6.0000000000000062 17 6.9999999999999991 24 5.9999999999999982 14.999999999999998 7
leaf_count=31 6 17 7 24 6 15 7
internal_value=0.00298273 -0.309835 1.04415 -0.561775 0.689301 0.12394 0.84924
internal_weight=113 87 26 55 19 32 13
internal_count=113 87 26 55 19 32 13
is_linear=0
shrinkage=0.03


Tree=20
num_leaves=8
num_cat=0
split_feature=5 5 5 9 3 1 3
split_gain=38713.2 10737.4 7587.91 2218.27 1611.15 567.278 466.192
threshold=40.20000000000001 62.20000000000001 24.800000000000001 0.38307692307692315 4.3500000000000005 5.0000000000000009 5.3500000000000005
decision_type=2 2 2 2 2 2 2
left_child=2 3 4 -2 5 -1 -5
right_child=1 -3 -4 6 -6 -7 -8
leaf_value=-0.88039363736691689 0.07699641581504571 1.9078198957443238 0.075971974002495987 0.61986543091860657 -0.31628737127874046 -0.58495755199123833 0.97445960444788771
leaf_weight=8.9999999999999982 6.0000000000000027 6.9999999999999991 26 13.000000000000002 19 27 5.9999999999999991
leaf_count=9 6 7 26 13 19 27 6
internal_value=0.0030595 0.883294 -0.345988 0.583502 -0.54504 -0.663314 0.740905
internal_weight=113 32 81 25 55 36 19
internal_count=113 32 81 25 55 36 19
is_linear=0
shrinkage=0.03


Tree=21
num_leaves=8
num_cat=0
split_feature=6 5 2 3 6 1 3
split_gain=36502.2 9378.67 8350.31 1517.2 1029.08 535.568 505.544
threshold=62.800000000000011 24.800000000000001 3.6500000000000008 4.3500000000000005 72.800000000000011 5.0000000000000009 4.7500000000000009
decision_type=2 2 2 2 2 2 2
left_child=1 3 4 5 -2 -1 -3
right_child=2 6 -4 -5 -6 -7 -8
leaf_value=-0.85455598789712661 0.30672939223627854 -0.0034996041765919437 1.8600235271453855 -0.30689759329659866 0.79623556180433797 -0.56753786928513472 0.23411126150025263
leaf_weight=8.9999999999999982 6.0000000000000062 15.999999999999998 6.9999999999999991 19 12.999999999999998 27 15.999999999999998
leaf_count=9 6 16 7 19 13 27 16
internal_value=0.00306741 -0.291955 0.985008 -0.528884 0.646538 -0.643659 0.115975
internal_weight=113 87 26 55 19 36 32
internal_count=113 87 26 55 19 36 32
is_linear=0
shrinkage=0.03


Tree=22
num_leaves=8
num_cat=0
split_feature=5 5 5 9 1 3 1
split_gain=34535.3 9761.92 6667.24 1962.82 1448.84 410.456 396.667
threshold=40.20000000000001 62.20000000000001 24.800000000000001 0.38307692307692315 10.000000000000002 4.8500000000000005 5.0000000000000009
decision_type=2 2 2 2 2 2 2
left_child=2 3 4 -2 6 -4 -1
right_child=1 -3 5 -5 -6 -7 -8
leaf_value=-0.82947662146195089 0.072211797929579158 1.81122177918752 -0.059288753476299201 0.69673264801502233 -0.33355606306929236 0.17821227898060435 -0.56859322393262701
leaf_weight=9.0000000000000018 6.0000000000000027 6.9999999999999991 12.000000000000002 19 24 13.999999999999998 22
leaf_count=9 6 7 12 19 24 14 22
internal_value=0.00305263 0.834434 -0.326622 0.54867 -0.513207 0.0689233 -0.649213
internal_weight=113 32 81 25 55 26 31
internal_count=113 32 81 25 55 26 31
is_linear=0
shrinkage=0.03


Tree=23
num_leaves=8
num_cat=0
split_feature=5 5 6 9 3 3 3
split_gain=32529.1 9204.93 6296.86 1847.65 880.117 860.385 380.096
threshold=40.20000000000001 62.20000000000001 27.800000000000001 0.38307692307692315 4.2500000000000009 4.8500000000000005 5.3500000000000005
decision_type=2 2 2 2 2 2 2
left_child=2 3 4 -2 -1 -4 -5
right_child=1 -3 5 6 -6 -7 -8
leaf_value=-0.65438929080963149 0.070115330296177961 1.7583945480982461 -0.13909983934834599 0.56642858808690832 -0.38326980907138031 0.16301456519647647 0.88738252978171062
leaf_weight=27 6.0000000000000027 6.9999999999999991 19 13.000000000000002 20 14.999999999999998 5.9999999999999991
leaf_count=27 6 7 19 13 20 15 6
internal_value=0.00301193 0.809885 -0.316944 0.532395 -0.541164 -0.00559636 0.676048
internal_weight=113 32 81 25 47 34 19
internal_count=113 32 81 25 47 34 19
is_linear=0
shrinkage=0.03


Tree=24
num_leaves=8
num_cat=0
split_feature=6 5 2 3 6 1 6
split_gain=30655.3 7828.95 7403.61 1308.19 836.413 462.104 431.216
threshold=62.800000000000011 24.800000000000001 3.6500000000000008 4.3500000000000005 72.800000000000011 5.0000000000000009 37.600000000000001
decision_type=2 2 2 2 2 2 2
left_child=1 3 4 5 -2 -1 -3
right_child=2 6 -4 -5 -6 -7 -8
leaf_value=-0.78592838784922725 0.27810831623692633 -0.083693650917309084 1.7264777588844298 -0.27779796730726958 0.71957090919668032 -0.51978018453892538 0.16864468444477426
leaf_weight=8.9999999999999982 6.0000000000000062 7.9999999999999991 6.9999999999999991 19 12.999999999999998 27 24
leaf_count=9 6 8 7 19 13 27 24
internal_value=0.00304221 -0.267321 0.90291 -0.483791 0.584589 -0.590333 0.105386
internal_weight=113 87 26 55 19 36 32
internal_count=113 87 26 55 19 36 32
is_linear=0
shrinkage=0.03


Tree=25
num_leaves=8
num_cat=0
split_feature=5 5 6 9 1 3 9
split_gain=28968.4 8379.55 5580.99 1653 813.263 765.777 344.689
threshold=40.20000000000001 62.20000000000001 27.800000000000001 0.38307692307692315 7.0000000000000009 4.8500000000000005 0.26564102564102571
decision_type=2 2 2 2 2 2 2
left_child=2 3 4 -2 -1 -4 -6
right_child=1 -3 5 -5 6 -7 -8
leaf_value=-0.67838025237238686 0.062653924342124648 1.6693386761347451 -0.13174887687899173 0.63565411150455464 -0.5076722201594599 0.15327147941840324 -0.29416296354481869
leaf_weight=17 6.0000000000000027 6.9999999999999991 19 19 16.000000000000004 14.999999999999998 13.999999999999998
leaf_count=17 6 7 19 19 16 15 14
internal_value=0.00301551 0.764449 -0.298921 0.499782 -0.510012 -0.00579976 -0.410692
internal_weight=113 32 81 25 47 34 30
internal_count=113 32 81 25 47 34 30
is_linear=0
shrinkage=0.03


Tree=26
num_leaves=8
num_cat=0
split_feature=5 5 5 9 5 1 3
split_gain=27285.6 7901.37 5280.47 1556.02 1169.74 402.315 383.858
threshold=40.20000000000001 62.20000000000001 24.800000000000001 0.38307692307692315 19.500000000000004 5.0000000000000009 4.3500000000000005
decision_type=2 2 2 2 2 2 2
left_child=2 3 4 -2 5 -1 -6
right_child=1 -3 -4 -5 6 -7 -8
leaf_value=-0.74295411897742225 0.060834936711095952 1.6206496922175089 0.061941775408864932 0.61678312599658958 -0.42825963334339406 -0.49272696465936322 -0.15709739550215299
leaf_weight=8.9999999999999982 6.0000000000000027 6.9999999999999991 26 19 8.0000000000000018 26 11.999999999999998
leaf_count=9 6 7 26 19 8 26 12
internal_value=0.00297282 0.741959 -0.290062 0.484957 -0.456113 -0.560969 -0.268803
internal_weight=113 32 81 25 55 35 20
internal_count=113 32 81 25 55 35 20
is_linear=0
shrinkage=0.03


Tree=27
num_leaves=8
num_cat=0
split_feature=6 2 5 1 6 5 1
split_gain=25772.9 6606.39 6526.35 1108.07 684.71 372.536 313.789
threshold=62.800000000000011 3.6500000000000008 24.800000000000001 10.000000000000002 76.800000000000026 29.200000000000006 5.0000000000000009
decision_type=2 2 2 2 2 2 2
left_child=2 4 3 6 -2 -4 -1
right_child=1 -3 5 -5 -6 -7 -8
leaf_value=-0.72115002673605189 0.32608132916948046 1.6056335934003192 -0.036430284801076671 -0.28561045612678054 0.69906544460969811 0.17399846172568822 -0.49026243712451006
leaf_weight=9.0000000000000018 9.0000000000000053 6.9999999999999991 11.999999999999998 24 9.9999999999999982 20 22
leaf_count=9 9 7 12 24 10 20 22
internal_value=0.00291182 0.828014 -0.244987 -0.44263 0.527704 0.095305 -0.561535
internal_weight=113 26 87 55 19 32 31
internal_count=113 26 87 55 19 32 31
is_linear=0
shrinkage=0.03


Tree=28
num_leaves=8
num_cat=0
split_feature=5 5 5 9 3 1 1
split_gain=24295.5 7182.25 4654.3 1404.42 1069.23 382.562 366.289
threshold=40.20000000000001 62.20000000000001 24.800000000000001 0.39364705882352941 4.3500000000000005 22.000000000000004 5.0000000000000009
decision_type=2 2 2 2 2 2 2
left_child=2 3 4 -2 6 -5 -1
right_child=1 -3 -4 5 -6 -7 -8
leaf_value=-0.69998585825381077 0.091038700242837209 1.5378818202018736 0.056859485397812069 0.37681929542172321 -0.24342538595199581 0.69490508689255004 -0.46296393326976715
leaf_weight=8.9999999999999982 7.0000000000000027 6.9999999999999991 26 6.0000000000000027 19 11.999999999999998 27
leaf_count=9 7 7 26 6 19 12 27
internal_value=0.00289145 0.700213 -0.273621 0.455262 -0.429516 0.594265 -0.525801
internal_weight=113 32 81 25 55 18 36
internal_count=113 32 81 25 55 18 36
is_linear=0
shrinkage=0.03


Tree=29
num_leaves=8
num_cat=0
split_feature=6 2 5 5 6 3 3
split_gain=22943.1 6035.34 5765.65 1020.66 594.181 359.717 341.925
threshold=62.800000000000011 3.6500000000000008 24.800000000000001 19.500000000000004 72.800000000000011 4.7500000000000009 4.3500000000000005
decision_type=2 2 2 2 2 2 2
left_child=2 4 3 -1 -2 -4 -5
right_child=1 -3 5 6 -6 -7 -8
leaf_value=-0.51468513868071808 0.23600776364726378 1.5244849054018654 -0.011833216106450117 -0.39231824973734403 0.60827792059291497 0.18849019222789343 -0.13685084217884502
leaf_weight=35 6.0000000000000062 6.9999999999999991 15.999999999999998 8.0000000000000018 12.999999999999998 15.999999999999998 11.999999999999998
leaf_count=35 6 7 16 8 13 16 12
internal_value=0.00287672 0.781367 -0.231017 -0.416785 0.49448 0.0888305 -0.241985
internal_weight=113 26 87 55 19 32 20
internal_count=113 26 87 55 19 32 20
is_linear=0
shrinkage=0.03


Tree=30
num_leaves=8
num_cat=0
split_feature=5 5 6 9 1 3 1
split_gain=21670.5 6528.56 4115.71 1244.77 650.871 622.483 276.496
threshold=40.20000000000001 62.20000000000001 27.800000000000001 0.38307692307692315 7.0000000000000009 4.8500000000000005 22.000000000000004
decision_type=2 2 2 2 2 2 2
left_child=2 3 4 -2 -1 -4 -5
right_child=1 -3 5 6 -6 -7 -8
leaf_value=-0.58989188316256491 0.048813259178592278 1.4600154248873392 -0.12009585767053069 0.35588477980705979 -0.35096718360256673 0.13687715254331892 0.62672407995570789
leaf_weight=17 6.0000000000000027 6.9999999999999991 19 6.0000000000000027 30 14.999999999999998 12.999999999999998
leaf_count=17 6 7 19 6 30 15 13
internal_value=0.00286961 0.661444 -0.258278 0.427972 -0.439552 -0.00654409 0.545872
internal_weight=113 32 81 25 47 34 19
internal_count=113 32 81 25 47 34 19
is_linear=0
shrinkage=0.03


Tree=31
num_leaves=8
num_cat=0
split_feature=5 5 5 3 5 3 1
split_gain=20416.2 7507.83 2597.07 1036.58 1007.32 609.864 317.738
threshold=31.700000000000003 62.20000000000001 19.500000000000004 5.3500000000000005 43.900000000000013 4.3500000000000005 5.0000000000000009
decision_type=2 2 2 2 2 2 2
left_child=2 3 6 4 -2 -4 -1
right_child=1 -3 5 -5 -6 -7 -8
leaf_value=-0.64702584183734402 0.080356226361973176 1.4174316215515137 -0.32260337370283465 0.66922887047131852 0.44721536571329285 -0.049731357529321139 -0.4254323715836037
leaf_weight=8.9999999999999982 14.000000000000002 6.9999999999999991 9.9999999999999982 6.9999999999999991 12.999999999999998 27 26
leaf_count=9 14 7 10 7 13 27 26
internal_value=0.00286699 0.535747 -0.301201 0.346952 0.259037 -0.124859 -0.485809
internal_weight=113 41 72 34 27 37 35
internal_count=113 41 72 34 27 37 35
is_linear=0
shrinkage=0.03


Tree=32
num_leaves=8
num_cat=0
split_feature=6 2 6 3 6 5 5
split_gain=19235.3 5362.58 4876.72 986.068 480.95 325.006 314.183
threshold=62.800000000000011 3.6500000000000008 32.70000000000001 4.3500000000000005 72.800000000000011 19.500000000000004 14.800000000000002
decision_type=2 2 2 2 2 2 2
left_child=2 4 3 6 -2 -5 -1
right_child=1 -3 -4 5 -6 -7 -8
leaf_value=-0.56183139497107204 0.21292853293880315 1.4158639061450957 0.090191731097606517 -0.35911654512087482 0.54794382442127576 -0.10130785248562939 -0.37453190625645222
leaf_weight=18 6.0000000000000062 6.9999999999999991 31 7.0000000000000027 12.999999999999998 11.999999999999998 19
leaf_count=18 6 7 31 7 13 12 19
internal_value=0.00284257 0.715658 -0.211318 -0.377979 0.445548 -0.19912 -0.468222
internal_weight=113 26 87 56 19 19 37
internal_count=113 26 87 56 19 19 37
is_linear=0
shrinkage=0.03


Tree=33
num_leaves=8
num_cat=0
split_feature=5 5 5 9 3 26 5
split_gain=18197.9 5596.91 3462.03 1088.9 839.859 317.208 305.452
threshold=40.20000000000001 62.20000000000001 24.800000000000001 0.53956923076923091 4.2500000000000009 1.0000000180025095e-35 19.500000000000004
decision_type=2 2 2 2 2 2 2
left_child=2 3 4 -2 -1 -4 -6
right_child=1 -3 5 -5 6 -7 -8
leaf_value=-0.48230594897014406 0.16238149562052315 1.3456428297360739 -0.0033262065727755704 0.56428378273063984 -0.34641478321769009 0.25829379978088235 -0.13772219137711958
leaf_weight=29 11.000000000000002 6.9999999999999991 21.000000000000004 13.999999999999998 13.000000000000002 4.9999999999999991 12.999999999999998
leaf_count=29 11 7 21 14 13 5 13
internal_value=0.00280301 0.606308 -0.236507 0.390199 -0.370959 0.0485157 -0.243974
internal_weight=113 32 81 25 55 26 26
internal_count=113 32 81 25 55 26 26
is_linear=0
shrinkage=0.03


Tree=34
num_leaves=8
num_cat=0
split_feature=5 5 5 9 5 3 1
split_gain=17169.6 6414.4 2164.31 898.11 541.213 494.365 288.24
threshold=31.700000000000003 62.20000000000001 19.500000000000004 0.39364705882352941 40.20000000000001 4.3500000000000005 5.0000000000000009
decision_type=2 2 2 2 2 2 2
left_child=2 3 6 -2 -5 -4 -1
right_child=1 -3 5 4 -6 -7 -8
leaf_value=-0.5973938761586729 0.07595338018501506 1.3063949314753214 -0.29311176471850453 0.16167378902435295 0.49784818591652336 -0.047389520279624883 -0.38747409139880695
leaf_weight=8.9999999999999982 9.9999999999999982 6.9999999999999991 9.9999999999999982 6.0000000000000027 18 27 26
leaf_count=9 10 7 10 6 18 27 26
internal_value=0.00279066 0.491468 -0.276054 0.316987 0.415897 -0.11506 -0.444584
internal_weight=113 41 72 34 24 37 35
internal_count=113 41 72 34 24 37 35
is_linear=0
shrinkage=0.03


Tree=35
num_leaves=8
num_cat=0
split_feature=6 2 6 6 1 26 9
split_gain=16177.2 5454.24 2787.06 755.369 530.143 487.545 224.226
threshold=56.399999999999999 3.6500000000000008 27.800000000000001 68.600000000000009 7.0000000000000009 1.0000000180025095e-35 0.26564102564102571
decision_type=2 2 2 2 2 2 2
left_child=2 3 4 -2 -1 -4 -6
right_child=1 -3 5 -5 6 -7 -8
leaf_value=-0.5146402512040249 0.10649681101674617 1.2242359267211542 -0.067244488298892971 0.44889728848324267 -0.37728823502858472 0.24979777119480645 -0.20657575959890662
leaf_weight=17 9.0000000000000018 7.9999999999999991 27 17 16.000000000000004 4.9999999999999991 13.999999999999998
leaf_count=17 9 8 27 17 16 5 14
internal_value=0.00274452 0.548027 -0.232707 0.332149 -0.379243 -0.0164162 -0.299568
internal_weight=113 34 79 26 47 32 30
internal_count=113 34 79 26 47 32 30
is_linear=0
shrinkage=0.03


Tree=36
num_leaves=8
num_cat=0
split_feature=5 5 5 9 5 6 1
split_gain=15284.1 5854.57 1927.5 782.199 480.331 463.75 261.235
threshold=31.700000000000003 62.20000000000001 19.500000000000004 0.39364705882352941 40.20000000000001 41.600000000000001 5.0000000000000009
decision_type=2 2 2 2 2 2 2
left_child=2 3 6 -2 -5 -4 -1
right_child=1 -3 5 4 -6 -7 -8
leaf_value=-0.56475809719251546 0.072135155376266025 1.2422765719890594 -0.16402342086989585 0.15002854654865869 0.46662538973839729 0.0919217385606068 -0.36513102276634624
leaf_weight=8.9999999999999982 9.9999999999999982 6.9999999999999991 29 6.0000000000000027 18 7.9999999999999991 26
leaf_count=9 10 7 29 6 18 8 26
internal_value=0.00270756 0.463773 -0.26038 0.297121 0.389432 -0.108447 -0.419424
internal_weight=113 41 72 34 24 37 35
internal_count=113 41 72 34 24 37 35
is_linear=0
shrinkage=0.03


Tree=37
num_leaves=8
num_cat=0
split_feature=5 5 3 3 5 5 5
split_gain=14437.7 5974.98 1519.49 879.744 822.055 377.228 249.492
threshold=29.200000000000006 62.20000000000001 4.3500000000000005 5.3500000000000005 43.900000000000013 19.500000000000004 14.800000000000002
decision_type=2 2 2 2 2 2 2
left_child=2 3 6 4 -2 -4 -1
right_child=1 -3 5 -5 -6 -7 -8
leaf_value=-0.48943543124984912 0.066526370700448756 1.2060435064633688 -0.3078562337160109 0.56391196678082145 0.37573605927554043 -0.058144787341870119 -0.3230746087804437
leaf_weight=18 19 6.9999999999999991 7.0000000000000027 6.9999999999999991 12.999999999999998 23 19
leaf_count=18 19 7 7 7 13 23 19
internal_value=0.00267598 0.410935 -0.277988 0.26276 0.193743 -0.118113 -0.406243
internal_weight=113 46 67 39 32 30 37
internal_count=113 46 67 39 32 30 37
is_linear=0
shrinkage=0.03


Tree=38
num_leaves=8
num_cat=0
split_feature=5 5 3 3 5 5 1
split_gain=13600.6 5632.27 1430.25 829.521 774.227 355.633 236.865
threshold=29.200000000000006 62.20000000000001 4.3500000000000005 5.3500000000000005 43.900000000000013 19.500000000000004 5.0000000000000009
decision_type=2 2 2 2 2 2 2
left_child=2 3 6 4 -2 -4 -1
right_child=1 -3 5 -5 -6 -7 -8
leaf_value=-0.53381980978924304 0.064551371261477475 1.1708672610918678 -0.29887709597746515 0.54746453940868367 0.36463477113030174 -0.056415481973953296 -0.34578608053795834
leaf_weight=8.9999999999999982 19 6.9999999999999991 7.0000000000000027 6.9999999999999991 12.999999999999998 23 28
leaf_count=9 19 7 7 7 13 23 28
internal_value=0.00265009 0.398897 -0.269755 0.255033 0.188014 -0.114644 -0.394188
internal_weight=113 46 67 39 32 30 37
internal_count=113 46 67 39 32 30 37
is_linear=0
shrinkage=0.03


Tree=39
num_leaves=8
num_cat=0
split_feature=5 5 3 3 5 5 5
split_gain=12812.3 5309.22 1346.39 782.165 729.182 335.274 227.681
threshold=29.200000000000006 62.20000000000001 4.3500000000000005 5.3500000000000005 43.900000000000013 19.500000000000004 14.800000000000002
decision_type=2 2 2 2 2 2 2
left_child=2 3 6 4 -2 -4 -1
right_child=1 -3 5 -5 -6 -7 -8
leaf_value=-0.46186462239904719 0.062635002955794342 1.1367169646422066 -0.29015984515349058 0.5314968357980252 0.35386146838014776 -0.05473760706549189 -0.30321781348437066
leaf_weight=18 19 6.9999999999999991 7.0000000000000027 6.9999999999999991 12.999999999999998 23 19
leaf_count=18 19 7 7 7 13 23 19
internal_value=0.00261856 0.387212 -0.261775 0.247534 0.182455 -0.111277 -0.382506
internal_weight=113 46 67 39 32 30 37
internal_count=113 46 67 39 32 30 37
is_linear=0
shrinkage=0.03


Tree=40
num_leaves=8
num_cat=0
split_feature=6 2 6 3 6 2 5
split_gain=12081 4531.44 2100.49 656.577 525.139 265.217 229.088
threshold=56.399999999999999 3.6500000000000008 32.70000000000001 4.2500000000000009 68.600000000000009 3.7500000000000004 19.500000000000004
decision_type=2 2 2 2 2 2 2
left_child=2 4 3 -1 -2 -4 -5
right_child=1 -3 5 6 -6 -7 -8
leaf_value=-0.39547935462945344 0.089108002548632381 1.0899425301591796 -0.020703792384890615 -0.27549847895448853 0.37465046525001522 0.20825256932166314 -0.095566888375377121
leaf_weight=30 9.0000000000000018 7.9999999999999991 17.000000000000004 13.000000000000002 17 5.9999999999999991 12.999999999999998
leaf_count=30 9 8 17 13 17 6 13
internal_value=0.00259127 0.47381 -0.200877 -0.299725 0.277301 0.0402397 -0.187006
internal_weight=113 34 79 56 26 23 26
internal_count=113 34 79 56 26 23 26
is_linear=0
shrinkage=0.03


Tree=41
num_leaves=8
num_cat=0
split_feature=6 6 8 5 3 3 5
split_gain=11415.4 4638.31 3437.09 697.403 617.682 347.386 215.733
threshold=76.800000000000026 32.70000000000001 8.4375000000000018 43.900000000000013 4.2500000000000009 4.8500000000000005 19.500000000000004
decision_type=2 2 2 2 2 2 2
left_child=1 4 -2 5 -1 -3 -6
right_child=2 3 -4 -5 6 -7 -8
leaf_value=-0.38369354596990624 0.43135535584843676 -0.052827366104832393 1.4160611805549033 0.30448990656570957 -0.26735874999653203 0.15051243442045131 -0.092743321890858099
leaf_weight=30 8.9999999999999982 16.000000000000004 4.9999999999999991 12.999999999999998 13.000000000000002 13.999999999999998 12.999999999999998
leaf_count=30 9 16 5 13 13 14 13
internal_value=0.0025648 -0.111307 0.798133 0.122702 -0.290817 0.0423832 -0.181483
internal_weight=113 99 14 43 56 30 26
internal_count=113 99 14 43 56 30 26
is_linear=0
shrinkage=0.03


Tree=42
num_leaves=8
num_cat=0
split_feature=6 6 8 5 3 3 14
split_gain=10760.4 4367.17 3243.16 656.797 581.09 327.135 204.325
threshold=76.800000000000026 32.70000000000001 8.4375000000000018 43.900000000000013 4.2500000000000009 4.8500000000000005 1.0000000180025095e-35
decision_type=2 2 2 2 2 2 2
left_child=1 4 -2 5 -1 -3 -6
right_child=2 3 -4 -5 6 -7 -8
leaf_value=-0.37225897039009243 0.41869601423325742 -0.051262111045696106 1.3752132555154652 0.29549361781640482 -0.13265254290458164 0.14606065982454261 -0.34628339107219991
leaf_weight=30 8.9999999999999982 16.000000000000004 4.9999999999999991 12.999999999999998 21.000000000000004 13.999999999999998 4.9999999999999991
leaf_count=30 9 16 5 13 21 14 5
internal_value=0.00256727 -0.107989 0.774973 0.119077 -0.282173 0.0411296 -0.176122
internal_weight=113 99 14 43 56 30 26
internal_count=113 99 14 43 56 30 26
is_linear=0
shrinkage=0.03


Tree=43
num_leaves=8
num_cat=0
split_feature=6 6 8 5 1 3 3
split_gain=10143.1 4112.18 3060.17 618.555 551.52 308.065 260.198
threshold=76.800000000000026 32.70000000000001 8.4375000000000018 43.900000000000013 7.0000000000000009 4.8500000000000005 4.3500000000000005
decision_type=2 2 2 2 2 2 2
left_child=1 4 -2 5 -1 -3 -6
right_child=2 3 -4 -5 6 -7 -8
leaf_value=-0.41665887560955311 0.40640820307576142 -0.049743235022933381 1.3355436592835646 0.28676312067291954 -0.28142771551069223 0.14174055153215437 -0.12372425657789132
leaf_weight=17 8.9999999999999982 16.000000000000004 4.9999999999999991 12.999999999999998 21 13.999999999999998 18
leaf_count=17 9 16 5 13 21 14 18
internal_value=0.00256051 -0.104778 0.752485 0.115559 -0.2738 0.0399131 -0.209682
internal_weight=113 99 14 43 56 30 39
internal_count=113 99 14 43 56 30 39
is_linear=0
shrinkage=0.03


Tree=44
num_leaves=8
num_cat=0
split_feature=6 5 8 5 1 26 23
split_gain=9561.28 3874.88 2887.5 606.716 497.058 253.79 207.935
threshold=76.800000000000026 24.800000000000001 8.4375000000000018 43.900000000000013 7.0000000000000009 1.0000000180025095e-35 1.0000000180025095e-35
decision_type=2 2 2 2 2 2 2
left_child=1 4 -2 5 -1 -3 -6
right_child=2 3 -4 -5 6 -7 -8
leaf_value=-0.40430445288502892 0.39448100957533588 -0.003107383442857793 1.2970183952038103 0.27829057725993073 -0.17432192721768563 0.22640382278997165 -0.36861899222097089
leaf_weight=17 8.9999999999999982 26.000000000000004 4.9999999999999991 12.999999999999998 32 4.9999999999999991 5.9999999999999991
leaf_count=17 9 26 5 13 32 5 6
internal_value=0.00255214 -0.101661 0.730649 0.107903 -0.269124 0.0350765 -0.206809
internal_weight=113 99 14 44 55 31 38
internal_count=113 99 14 44 55 31 38
is_linear=0
shrinkage=0.03


Tree=45
num_leaves=8
num_cat=0
split_feature=5 5 3 3 5 5 5
split_gain=9035.49 3922.32 938.92 559.851 614.14 253.573 206.811
threshold=29.200000000000006 62.20000000000001 4.3500000000000005 5.2500000000000009 43.900000000000013 19.500000000000004 14.800000000000002
decision_type=2 2 2 2 2 2 2
left_child=2 3 6 4 -2 -4 -1
right_child=1 -3 5 -5 -6 -7 -8
leaf_value=-0.39506349673637975 0.028039496980689377 0.96967981819684301 -0.24934238970279682 0.39745958188000846 0.3114413465559483 -0.044641630045812709 -0.24604023054242133
leaf_weight=18 18.000000000000004 6.9999999999999991 7.0000000000000027 9.9999999999999982 10.999999999999998 23 19
leaf_count=18 18 7 7 10 11 23 19
internal_value=0.00254121 0.325514 -0.219488 0.205499 0.136985 -0.0937898 -0.320313
internal_weight=113 46 67 39 29 30 37
internal_count=113 46 67 39 29 30 37
is_linear=0
shrinkage=0.03


Tree=46
num_leaves=8
num_cat=0
split_feature=6 6 8 5 3 5 3
split_gain=8538.39 3448.77 2669.56 514.402 470.537 177.107 164.291
threshold=76.800000000000026 32.70000000000001 8.4375000000000018 45.899999999999999 4.2500000000000009 19.500000000000004 4.8500000000000005
decision_type=2 2 2 2 2 2 2
left_child=1 4 -2 6 -1 -6 -3
right_child=2 3 -4 -5 5 -7 -8
leaf_value=-0.33181519768095963 0.36768757591428963 -0.013233852176875859 1.2349340899174028 0.29212963409283582 -0.23310948518189512 -0.075163289646469914 0.12051907239971978
leaf_weight=30 8.9999999999999982 18 4.9999999999999991 9.9999999999999982 13.000000000000002 12.999999999999998 14.999999999999998
leaf_count=30 9 18 5 10 13 13 15
internal_value=0.00250547 -0.0959754 0.690555 0.105805 -0.250765 -0.15537 0.0478775
internal_weight=113 99 14 43 56 26 33
internal_count=113 99 14 43 56 26 33
is_linear=0
shrinkage=0.03


Tree=47
num_leaves=8
num_cat=0
split_feature=6 6 8 5 1 23 5
split_gain=8048.42 3247.31 2518.89 484.62 457.564 224.11 174.871
threshold=76.800000000000026 32.70000000000001 8.4375000000000018 45.899999999999999 7.0000000000000009 1.0000000180025095e-35 19.500000000000004
decision_type=2 2 2 2 2 2 2
left_child=1 4 -2 -3 -1 6 -6
right_child=2 3 -4 -5 5 -7 -8
leaf_value=-0.37336924303409663 0.35689674665503529 0.046459232259048029 1.1993110310114345 0.28353759194121642 -0.21934642484894507 -0.33803532203038533 -0.077805076989310773
leaf_weight=17 8.9999999999999982 33 4.9999999999999991 9.9999999999999982 15.999999999999998 6.9999999999999991 15.999999999999998
leaf_count=17 9 33 5 10 16 7 16
internal_value=0.0025021 -0.0931112 0.670519 0.102686 -0.243312 -0.184967 -0.149545
internal_weight=113 99 14 43 56 39 32
internal_count=113 99 14 43 56 39 32
is_linear=0
shrinkage=0.03


Tree=48
num_leaves=8
num_cat=0
split_feature=5 5 3 3 5 5 5
split_gain=7599.23 3325.16 777.481 481.129 531.831 285.872 130.031
threshold=29.200000000000006 62.20000000000001 4.4500000000000011 5.2500000000000009 43.900000000000013 14.800000000000002 25.100000000000005
decision_type=2 2 2 2 2 2 2
left_child=2 3 5 4 -2 -1 -4
right_child=1 -3 6 -5 -6 -7 -8
leaf_value=-0.36418833646145493 0.023318370983495811 0.89176945567131027 -0.10152552405293556 0.36610189942752619 0.28701261632743158 -0.20720043760664919 0.055206772610545157
leaf_weight=18 18.000000000000004 6.9999999999999991 14.000000000000002 9.9999999999999982 10.999999999999998 28 6.9999999999999991
leaf_count=18 18 7 14 10 11 28 7
internal_value=0.00247316 0.298667 -0.201145 0.188168 0.124672 -0.269974 -0.0491827
internal_weight=113 46 67 39 29 46 21
internal_count=113 46 67 39 29 46 21
is_linear=0
shrinkage=0.03


Tree=49
num_leaves=8
num_cat=0
split_feature=6 5 8 5 1 3 23
split_gain=7186.56 2877.32 2329.41 441.175 400.338 189.341 166.349
threshold=76.800000000000026 24.800000000000001 8.4375000000000018 45.899999999999999 7.0000000000000009 4.4500000000000011 1.0000000180025095e-35
decision_type=2 2 2 2 2 2 2
left_child=1 4 -2 5 -1 -3 -6
right_child=2 3 -4 -5 6 -7 -8
leaf_value=-0.3534165180561154 0.33242736951812457 -0.1099261854540917 1.1420241055121787 0.2658262435040053 -0.14740838438272472 0.073289755950582791 -0.32086917907960955
leaf_weight=17 8.9999999999999982 5.9999999999999991 4.9999999999999991 9.9999999999999982 32 28 5.9999999999999991
leaf_count=17 9 6 5 10 32 28 6
internal_value=0.00244974 -0.0878987 0.633687 0.0926845 -0.232205 0.0404599 -0.176373
internal_weight=113 99 14 44 55 34 38
internal_count=113 99 14 44 55 34 38
is_linear=0
shrinkage=0.03


Tree=50
num_leaves=8
num_cat=0
split_feature=6 6 8 5 1 23 5
split_gain=6774.64 2714.78 2197.9 399.869 391.666 195.886 155.933
threshold=76.800000000000026 32.70000000000001 8.4375000000000018 45.899999999999999 7.0000000000000009 1.0000000180025095e-35 19.500000000000004
decision_type=2 2 2 2 2 2 2
left_child=1 4 -2 -3 -1 6 -6
right_child=2 3 -4 -5 5 -7 -8
leaf_value=-0.34293729710024456 0.32267134705315464 0.042642193845955717 1.1090810713401205 0.25800782217698942 -0.2014738330355397 -0.31169050017992656 -0.067956258057858113
leaf_weight=17 8.9999999999999982 33 4.9999999999999991 9.9999999999999982 15.999999999999998 6.9999999999999991 15.999999999999998
leaf_count=17 9 33 5 10 16 7 16
internal_value=0.0024226 -0.085298 0.615303 0.0937246 -0.222633 -0.168672 -0.135598
internal_weight=113 99 14 43 56 39 32
internal_count=113 99 14 43 56 39 32
is_linear=0
shrinkage=0.03


Tree=51
num_leaves=8
num_cat=0
split_feature=5 5 3 9 5 5 5
split_gain=6399.12 2816.53 652.125 416.483 304.005 183.167 170.104
threshold=29.200000000000006 62.20000000000001 4.3500000000000005 0.39364705882352941 40.20000000000001 19.500000000000004 14.800000000000002
decision_type=2 2 2 2 2 2 2
left_child=2 3 6 -2 -5 -4 -1
right_child=1 -3 5 4 -6 -7 -8
leaf_value=-0.33590094354126482 0.024700522207822952 0.82005235532919551 -0.21188557103276243 0.092103626909463276 0.30825320264795325 -0.037890903211102403 -0.20171494327485559
leaf_weight=18 11.999999999999998 6.9999999999999991 7.0000000000000027 9.0000000000000018 18 23 19
leaf_count=18 12 7 7 9 18 23 19
internal_value=0.00239237 0.274194 -0.184456 0.172498 0.237466 -0.0796737 -0.26849
internal_weight=113 46 67 39 27 30 37
internal_count=113 46 67 39 27 30 37
is_linear=0
shrinkage=0.03


Tree=52
num_leaves=8
num_cat=0
split_feature=6 5 8 5 1 3 23
split_gain=6043.77 2411.17 2036.78 372.312 340.782 169.813 142.278
threshold=76.800000000000026 24.800000000000001 8.4375000000000018 45.899999999999999 7.0000000000000009 4.4500000000000011 1.0000000180025095e-35
decision_type=2 2 2 2 2 2 2
left_child=1 4 -2 5 -1 -3 -6
right_child=2 3 -4 -5 6 -7 -8
leaf_value=-0.32442953508953715 0.29985319438187974 -0.10557695988685853 1.0563856846552626 0.24385502078953911 -0.13433910423600523 0.067919983014147339 -0.2947004381302864
leaf_weight=17 8.9999999999999982 5.9999999999999991 4.9999999999999991 9.9999999999999982 32 28 5.9999999999999991
leaf_count=17 9 6 5 10 32 28 6
internal_value=0.00234446 -0.0805087 0.581222 0.0847984 -0.21261 0.0368207 -0.161109
internal_weight=113 99 14 44 55 34 38
internal_count=113 99 14 44 55 34 38
is_linear=0
shrinkage=0.03


Tree=53
num_leaves=8
num_cat=0
split_feature=5 5 3 3 5 5 8
split_gain=5700.25 2516.16 584.253 383.514 422.416 209.269 136.69
threshold=29.200000000000006 62.20000000000001 4.2500000000000009 5.2500000000000009 43.900000000000013 19.500000000000004 15.72916666666667
decision_type=2 2 2 2 2 2 2
left_child=2 3 -1 4 -2 -4 -7
right_child=1 -3 5 -5 -6 6 -8
leaf_value=-0.27213435623474069 0.015807078913017941 0.77477958083152754 -0.18947450788437645 0.32154025526607738 0.25075558656028341 -0.0027770503726787859 -0.17647973271516651
leaf_weight=30 18.000000000000004 6.9999999999999991 12.999999999999998 9.9999999999999982 10.999999999999998 19.000000000000004 4.9999999999999991
leaf_count=30 18 7 13 10 11 19 5
internal_value=0.00231661 0.258848 -0.174033 0.162726 0.106084 -0.0934161 -0.0401865
internal_weight=113 46 67 39 29 37 24
internal_count=113 46 67 39 29 37 24
is_linear=0
shrinkage=0.03


Tree=54
num_leaves=8
num_cat=0
split_feature=6 5 8 1 5 3 23
split_gain=5395.62 2133.52 1884.72 349.712 290.892 179.044 142.297
threshold=76.800000000000026 25.100000000000005 8.4375000000000018 7.0000000000000009 45.899999999999999 4.4500000000000011 1.0000000180025095e-35
decision_type=2 2 2 2 2 2 2
left_child=1 3 -2 -1 5 -3 -5
right_child=2 4 -4 6 -6 -7 -8
leaf_value=-0.30719590760940729 0.27887220056160639 -0.10148754981256293 1.0061784725464307 -0.11962465539913283 0.22847488543566538 0.078605409832227802 -0.27824394949020881
leaf_weight=17 8.9999999999999982 6.0000000000000027 4.9999999999999991 35 9.9999999999999982 25 5.9999999999999991
leaf_count=17 9 6 5 35 10 25 6
internal_value=0.00228498 -0.0759989 0.549243 -0.192829 0.0893708 0.0432735 -0.144112
internal_weight=113 99 14 58 41 31 41
internal_count=113 99 14 58 41 31 41
is_linear=0
shrinkage=0.03


Tree=55
num_leaves=8
num_cat=0
split_feature=6 6 8 2 1 4 9
split_gain=5086.4 2012.78 1778.26 319.17 304.782 179.305 156.232
threshold=76.800000000000026 32.70000000000001 8.4375000000000018 3.7500000000000004 7.0000000000000009 100.00000000000001 0.45846153846153853
decision_type=2 2 2 2 2 2 2
left_child=1 4 -2 5 -1 -3 -7
right_child=2 3 -4 -5 -6 6 -8
leaf_value=-0.29808719607286677 0.27068790933360226 -0.047182810469107189 0.97715410112761514 0.24899757559706528 -0.14443825401175689 0.031008656159253179 0.19662533283233644
leaf_weight=17 8.9999999999999982 12.999999999999998 4.9999999999999991 7.9999999999999991 39 14.000000000000002 7.9999999999999991
leaf_count=17 9 13 5 8 39 14 8
internal_value=0.00225767 -0.0737496 0.533312 0.0803962 -0.192003 0.0406204 0.0925293
internal_weight=113 99 14 43 56 35 22
internal_count=113 99 14 43 56 35 22
is_linear=0
shrinkage=0.03


Tree=56
num_leaves=8
num_cat=0
split_feature=6 5 8 2 1 5 23
split_gain=4794.43 1897.89 1677.8 303.769 275.444 139.435 121.97
threshold=76.800000000000026 24.800000000000001 8.4375000000000018 4.0500000000000007 7.0000000000000009 43.900000000000013 1.0000000180025095e-35
decision_type=2 2 2 2 2 2 2
left_child=1 4 -2 5 -1 -3 -6
right_child=2 3 -4 -5 6 -7 -8
leaf_value=-0.28924856094426887 0.26274380564689642 0.0060385772761176616 0.94896692709280883 0.27000472195686831 -0.11774042084570163 0.13205818712711337 -0.26597252368926999
leaf_weight=17 8.9999999999999982 27 4.9999999999999991 5.9999999999999991 32 10.999999999999998 5.9999999999999991
leaf_count=17 9 27 5 6 32 11 6
internal_value=0.00225578 -0.0715375 0.517843 0.0751206 -0.188738 0.0430576 -0.142455
internal_weight=113 99 14 44 55 38 38
internal_count=113 99 14 44 55 38 38
is_linear=0
shrinkage=0.03


Tree=57
num_leaves=8
num_cat=0
split_feature=5 2 0 5 5 3 1
split_gain=4521.42 2162.53 710.297 481.237 216.366 191.077 124.295
threshold=29.200000000000006 4.0500000000000007 18.000000000000004 19.500000000000004 43.900000000000013 4.1500000000000012 5.0000000000000009
decision_type=2 2 2 2 2 2 2
left_child=3 2 4 6 -2 -5 -1
right_child=1 -3 -4 5 -6 -7 -8
leaf_value=-0.32968025580696436 0.015019612459691014 0.70894875407218927 0.43667343447285312 -0.20630589604377747 0.16902450352907183 -0.030464891660071554 -0.1951618144211878
leaf_weight=8.9999999999999982 18 6.9999999999999991 5.9999999999999991 6.9999999999999991 14.999999999999998 25 26
leaf_count=9 18 7 6 7 15 25 26
internal_value=0.00223869 0.230711 0.141656 -0.15482 0.0856635 -0.0700192 -0.231472
internal_weight=113 46 39 67 33 32 35
internal_count=113 46 39 67 33 32 35
is_linear=0
shrinkage=0.03


Tree=58
num_leaves=8
num_cat=0
split_feature=6 6 8 3 3 5 14
split_gain=4315.04 1682.72 1551.58 266.802 262.816 189.601 128.448
threshold=76.800000000000026 32.70000000000001 8.4375000000000018 4.2500000000000009 5.2500000000000009 43.900000000000013 1.0000000180025095e-35
decision_type=2 2 2 2 2 2 2
left_child=1 3 -2 -1 5 -3 -5
right_child=2 4 -4 6 -6 -7 -8
leaf_value=-0.23689493455239477 0.24621069260265518 -0.0052029643827722271 0.90582822533754193 -0.070288088403923324 0.2154879475158194 0.16015737708021957 -0.23844066739082337
leaf_weight=30 8.9999999999999982 26 4.9999999999999991 21.000000000000004 8.9999999999999982 7.9999999999999991 4.9999999999999991
leaf_count=30 9 26 5 21 9 8 5
internal_value=0.00220125 -0.0678051 0.491334 -0.175929 0.0731357 0.0343706 -0.104256
internal_weight=113 99 14 56 43 34 26
internal_count=113 99 14 56 43 34 26
is_linear=0
shrinkage=0.03


Tree=59
num_leaves=8
num_cat=0
split_feature=6 5 1 6 2 1 6
split_gain=4067.53 1585.82 1468.4 274.453 232.421 137.226 135.907
threshold=76.800000000000026 25.100000000000005 30.000000000000004 24.300000000000001 4.0500000000000007 7.0000000000000009 41.600000000000001
decision_type=2 2 2 2 2 2 2
left_child=1 3 -2 5 6 -1 -3
right_child=2 4 -4 -5 -6 -7 -8
leaf_value=-0.31644407348973397 0.20235758595350314 -0.070241585175196325 0.82480029690650181 -0.10008779398994902 0.24631643566633421 -0.17697678151366475 0.075965241212794132
leaf_weight=11.000000000000002 7.9999999999999982 6.9999999999999991 6 29 5.9999999999999991 18 28
leaf_count=11 8 7 6 29 6 18 28
internal_value=0.00218659 -0.065782 0.477084 -0.166507 0.0767874 -0.231735 0.0464483
internal_weight=113 99 14 58 41 29 35
internal_count=113 99 14 58 41 29 35
is_linear=0
shrinkage=0.03


Tree=60
num_leaves=8
num_cat=0
split_feature=6 6 8 2 3 4 9
split_gain=3833.8 1505.3 1418.93 250.128 237.35 146.792 135.043
threshold=76.800000000000026 32.70000000000001 8.4375000000000018 3.7500000000000004 4.2500000000000009 100.00000000000001 0.45846153846153853
decision_type=2 2 2 2 2 2 2
left_child=1 4 -2 5 -1 -3 -7
right_child=2 3 -4 -5 -6 6 -8
leaf_value=-0.2236013352397262 0.22898677934771 -0.045149176391688257 0.85949725985527026 0.21872221155864438 -0.098485768241736729 0.024121400518736364 0.17800142282392922
leaf_weight=30 8.9999999999999982 12.999999999999998 4.9999999999999991 7.9999999999999991 26 14.000000000000002 7.9999999999999991
leaf_count=30 9 13 5 8 26 14 8
internal_value=0.00215694 -0.0638296 0.463209 0.069472 -0.166096 0.0342661 0.0812448
internal_weight=113 99 14 43 56 35 22
internal_count=113 99 14 43 56 35 22
is_linear=0
shrinkage=0.03


Tree=61
num_leaves=8
num_cat=0
split_feature=6 2 5 4 1 26 23
split_gain=3620 2149.64 682.269 275.117 266.123 264.897 124.972
threshold=56.399999999999999 3.6500000000000008 19.500000000000004 145.00000000000003 26.000000000000004 1.0000000180025095e-35 1.0000000180025095e-35
decision_type=2 2 2 2 2 2 2
left_child=2 3 -1 4 -2 6 -4
right_child=1 -3 5 -5 -6 -7 -8
leaf_value=-0.20768707644533022 0.10485656616362654 0.68400733482546927 -0.035630968471891004 -0.03452840824921926 0.34671545390159852 0.17105749786473234 -0.1940567339383639
leaf_weight=35 13.000000000000005 7.9999999999999991 34 6.9999999999999991 5.9999999999999991 4.9999999999999991 4.9999999999999991
leaf_count=35 13 8 34 7 6 5 5
internal_value=0.00215316 0.260102 -0.10922 0.125387 0.184127 -0.0302755 -0.0568667
internal_weight=113 34 79 26 19 44 39
internal_count=113 34 79 26 19 44 39
is_linear=0
shrinkage=0.03


Tree=62
num_leaves=8
num_cat=0
split_feature=6 6 1 2 1 4 23
split_gain=3454.98 1335.53 1302.91 222.542 222.254 139.921 128.075
threshold=76.800000000000026 32.70000000000001 30.000000000000004 3.7500000000000004 7.0000000000000009 100.00000000000001 1.0000000180025095e-35
decision_type=2 2 2 2 2 2 2
left_child=1 4 -2 5 -1 -3 -6
right_child=2 3 -4 -5 6 -7 -8
leaf_value=-0.24735705456068346 0.18132770392952899 -0.045675188194621692 0.76725362593127822 0.20582926808333979 -0.089738554652803421 0.077715923733807896 -0.2315317440032959
leaf_weight=17 7.9999999999999982 12.999999999999998 6 7.9999999999999991 32 22 6.9999999999999991
leaf_count=17 8 13 6 8 32 22 7
internal_value=0.00213241 -0.0605088 0.439814 0.0650505 -0.156835 0.0318432 -0.116278
internal_weight=113 99 14 43 56 35 39
internal_count=113 99 14 43 56 35 39
is_linear=0
shrinkage=0.03


Tree=63
num_leaves=8
num_cat=0
split_feature=6 8 6 5 5 1 3
split_gain=3256.48 1260.24 1257.72 211.479 211.358 103.46 92.5404
threshold=76.800000000000026 8.4375000000000018 32.70000000000001 14.800000000000002 45.899999999999999 7.0000000000000009 4.8500000000000005
decision_type=2 2 2 2 2 2 2
left_child=2 -2 3 5 6 -1 -4
right_child=1 -3 4 -5 -6 -7 -8
leaf_value=-0.30080968408023606 0.20655753959780157 0.80036650272516097 -0.019745580888056492 -0.1093396843296866 0.18255580386694742 -0.15375365962152893 0.080565993692725907
leaf_weight=10 8.9999999999999982 4.9999999999999991 18 37 9.9999999999999982 9 14.999999999999998
leaf_count=10 9 5 18 37 10 9 15
internal_value=0.00210079 0.427024 -0.058714 -0.152193 0.063132 -0.233557 0.0260161
internal_weight=113 14 99 56 43 19 33
internal_count=113 14 99 56 43 19 33
is_linear=0
shrinkage=0.03


Tree=64
num_leaves=8
num_cat=0
split_feature=0 6 2 5 5 3 9
split_gain=3136.41 1601.42 495.532 301.107 160.008 98.8964 91.3543
threshold=18.000000000000004 41.600000000000001 3.7500000000000004 19.500000000000004 45.899999999999999 3.8500000000000001 0.5887179487179488
decision_type=2 2 2 2 2 2 2
left_child=1 3 4 5 -3 -1 -6
right_child=-2 2 -4 -5 6 -7 -8
leaf_value=-0.28521799529471048 0.60801928917566928 0.0106697010893274 0.3337977347771327 -0.061050462413899949 0.060144327302132886 -0.1612432951019967 0.22753758147839573
leaf_weight=7.9999999999999991 6.9999999999999991 22 6.9999999999999991 30 5.9999999999999982 27 6
leaf_count=8 7 22 7 30 6 27 6
internal_value=0.00207375 -0.0389971 0.107484 -0.131462 0.0591665 -0.191083 0.146322
internal_weight=113 106 41 65 34 35 12
internal_count=113 106 41 65 34 35 12
is_linear=0
shrinkage=0.03


Tree=65
num_leaves=8
num_cat=0
split_feature=0 6 2 5 5 3 9
split_gain=2955.74 1508.64 467.017 283.594 150.872 93.3183 86.1131
threshold=18.000000000000004 41.600000000000001 3.7500000000000004 19.500000000000004 45.899999999999999 3.8500000000000001 0.5887179487179488
decision_type=2 2 2 2 2 2 2
left_child=1 3 4 5 -3 -1 -6
right_child=-2 2 -4 -5 6 -7 -8
leaf_value=-0.27687015138021337 0.59028536558151234 0.010352493554253031 0.32406195481618244 -0.059231077652202535 0.058398205772522957 -0.15644156606539206 0.22093165037132076
leaf_weight=7.9999999999999991 6.9999999999999991 22 6.9999999999999991 30 5.9999999999999982 27 6
leaf_count=8 7 22 7 30 6 27 6
internal_value=0.00205077 -0.0378193 0.104355 -0.127566 0.0574465 -0.185427 0.142077
internal_weight=113 106 41 65 34 35 12
internal_count=113 106 41 65 34 35 12
is_linear=0
shrinkage=0.03


Tree=66
num_leaves=8
num_cat=0
split_feature=0 6 2 6 5 1 8
split_gain=2785.48 1421.24 440.142 268.069 142.744 107.399 98.3094
threshold=18.000000000000004 41.600000000000001 3.7500000000000004 24.300000000000001 43.900000000000013 7.0000000000000009 8.8392857142857171
decision_type=2 2 2 2 2 2 2
left_child=1 3 4 5 -3 -1 -6
right_child=-2 2 -4 -5 6 -7 -8
leaf_value=-0.26614057366337091 0.57306869904200219 0.0040146875326143644 0.31461015770832695 -0.068448921130013066 0.21861013689348774 -0.14336398185077276 0.05708278813558381
leaf_weight=11.000000000000002 6.9999999999999991 20 6.9999999999999991 36 5.9999999999999991 18 7.9999999999999991
leaf_count=11 7 20 7 36 6 18 8
internal_value=0.00202735 -0.036677 0.101317 -0.123786 0.0557766 -0.19149 0.128518
internal_weight=113 106 41 65 34 29 14
internal_count=113 106 41 65 34 29 14
is_linear=0
shrinkage=0.03


Tree=67
num_leaves=8
num_cat=0
split_feature=1 5 3 5 1 5 23
split_gain=2633.54 1219.64 195.474 200.004 191.35 109.673 91.1842
threshold=30.000000000000004 25.100000000000005 5.2500000000000009 43.900000000000013 7.0000000000000009 43.900000000000013 1.0000000180025095e-35
decision_type=2 2 2 2 2 2 2
left_child=1 4 3 -3 -1 -4 -6
right_child=-2 2 5 -5 6 -7 -8
leaf_value=-0.21675594627857211 0.4885593868856844 -0.0071887338431995537 0.26257355690002443 0.1721551634867986 -0.076860687049444418 0.090369885987715753 -0.20324273586273192
leaf_weight=17 8.9999999999999982 25 5.9999999999999991 6.9999999999999991 35 7.9999999999999991 5.9999999999999991
leaf_count=17 9 25 6 7 35 8 6
internal_value=0.00200347 -0.0409448 0.0742175 0.0328218 -0.132247 0.166936 -0.0962889
internal_weight=113 104 46 32 58 14 41
internal_count=113 104 46 32 58 14 41
is_linear=0
shrinkage=0.03


Tree=68
num_leaves=8
num_cat=0
split_feature=0 6 2 5 5 5 9
split_gain=2540.34 1250.38 399.764 245.941 121.799 84.409 78.8944
threshold=18.000000000000004 41.600000000000001 3.7500000000000004 19.500000000000004 45.899999999999999 13.800000000000002 0.5887179487179488
decision_type=2 2 2 2 2 2 2
left_child=1 3 4 5 -3 -1 -6
right_child=-2 2 -4 -5 6 -7 -8
leaf_value=-0.26497121930122375 0.54730603973070768 0.008738265391439199 0.29770418584346769 -0.053075313412195804 0.04738123874510488 -0.14521073294446821 0.20246537061948927
leaf_weight=6.9999999999999991 6.9999999999999991 22 6.9999999999999991 30 5.9999999999999982 28 6
leaf_count=7 7 22 7 30 6 28 6
internal_value=0.00196998 -0.0349915 0.094442 -0.116696 0.0510538 -0.170575 0.127094
internal_weight=113 106 41 65 34 35 12
internal_count=113 106 41 65 34 35 12
is_linear=0
shrinkage=0.03


Tree=69
num_leaves=8
num_cat=0
split_feature=0 5 5 1 7 3 23
split_gain=2394.02 1178.37 307.29 173.899 120.944 102.59 84.5749
threshold=18.000000000000004 25.100000000000005 45.899999999999999 7.0000000000000009 1.8333333333333337 4.4500000000000011 1.0000000180025095e-35
decision_type=2 2 2 2 2 2 2
left_child=1 3 5 -1 -4 -3 -5
right_child=-2 2 4 6 -6 -7 -8
leaf_value=-0.20530019518940948 0.53134293039639791 -0.088110590134897526 0.084952547699213038 -0.071784340287135401 0.25439025148101474 0.047616707201023366 -0.19343849243656283
leaf_weight=17 6.9999999999999991 5.9999999999999991 6.9999999999999973 35 9 26 5.9999999999999991
leaf_count=17 7 6 7 35 9 26 6
internal_value=0.00194522 -0.0339357 0.0758262 -0.124747 0.182318 0.0217321 -0.0904764
internal_weight=113 106 48 58 16 32 41
internal_count=113 106 48 58 16 32 41
is_linear=0
shrinkage=0.03


Tree=70
num_leaves=8
num_cat=0
split_feature=1 5 6 3 5 5 1
split_gain=2284.98 1006.85 168.583 148.353 174.785 104.985 88.79
threshold=30.000000000000004 25.100000000000005 24.300000000000001 5.2500000000000009 43.900000000000013 43.900000000000013 7.0000000000000009
decision_type=2 2 2 2 2 2 2
left_child=1 2 6 4 -3 -5 -1
right_child=-2 3 -4 5 -6 -7 -8
leaf_value=-0.23998088121414179 0.45512104200280229 -0.0069466571288094633 -0.069095287167862673 0.24062474058520408 0.16070501188437145 0.072999264016384027 -0.12840807297400067
leaf_weight=11.000000000000002 8.9999999999999982 25 29 5.9999999999999991 6.9999999999999991 7.9999999999999991 18
leaf_count=11 9 25 29 6 7 8 18
internal_value=0.00190553 -0.0380989 -0.121055 0.0665365 0.0304509 0.147322 -0.172134
internal_weight=113 104 58 46 32 14 29
internal_count=113 104 58 46 32 14 29
is_linear=0
shrinkage=0.03


Tree=71
num_leaves=8
num_cat=0
split_feature=0 6 2 6 4 5 3
split_gain=2184.22 1040.67 354.636 211.369 95.3219 158.547 92.0894
threshold=18.000000000000004 41.600000000000001 3.7500000000000004 24.300000000000001 145.00000000000003 42.600000000000009 5.0500000000000007
decision_type=2 2 2 2 2 2 2
left_child=1 3 4 -1 5 -3 -7
right_child=-2 2 -4 -5 -6 6 -8
leaf_value=-0.16704721958261645 0.50754286533842485 0.0035491053686595286 0.27711028585831321 -0.057819465455799794 -0.044783084828679154 0.24813931098351116 0.077561128810048077
leaf_weight=29 6.9999999999999991 14.000000000000002 6.9999999999999991 36 7.9999999999999991 4.9999999999999982 7
leaf_count=29 7 14 7 36 8 5 7
internal_value=0.00187367 -0.0323984 0.0856829 -0.106938 0.0448374 0.0726016 0.151661
internal_weight=113 106 41 65 34 26 12
internal_count=113 106 41 65 34 26 12
is_linear=0
shrinkage=0.03


Tree=72
num_leaves=8
num_cat=0
split_feature=1 5 1 2 2 6 23
split_gain=2074.16 889.049 154.393 142.299 135.49 105.035 76.9408
threshold=30.000000000000004 25.100000000000005 7.0000000000000009 4.0500000000000007 3.3500000000000001 41.600000000000001 1.0000000180025095e-35
decision_type=2 2 2 2 2 2 2
left_child=1 2 -1 4 -3 -6 -4
right_child=-2 3 6 -5 5 -7 -8
leaf_value=-0.19007536698219388 0.43366567425105884 0.11983621272173796 -0.064146793017333198 0.19604602471474677 -0.10609440934273497 0.034279378323622468 -0.18006032143869707
leaf_weight=17 8.9999999999999982 12.999999999999998 35 5.9999999999999991 6.0000000000000027 21 5.9999999999999991
leaf_count=17 9 13 35 6 6 21 6
internal_value=0.00186261 -0.0362512 -0.114203 0.0620727 0.0410641 0.00247932 -0.0819379
internal_weight=113 104 58 46 40 27 41
internal_count=113 104 58 46 40 27 41
is_linear=0
shrinkage=0.03


Tree=73
num_leaves=8
num_cat=0
split_feature=0 6 2 5 4 5 3
split_gain=2002.8 914.05 324.18 194.648 93.3795 145.584 82.8274
threshold=18.000000000000004 41.600000000000001 3.7500000000000004 19.500000000000004 145.00000000000003 42.600000000000009 5.0500000000000007
decision_type=2 2 2 2 2 2 2
left_child=1 3 4 -1 5 -3 -7
right_child=-2 2 -4 -5 -6 6 -8
leaf_value=-0.14878089793873103 0.48603442365924521 0.001969539178928858 0.26267778903245925 -0.044277872532014026 -0.048024023058937819 0.23538430672425495 0.073586141616106021
leaf_weight=35 6.9999999999999991 14.000000000000002 6.9999999999999991 30 7.9999999999999991 4.9999999999999982 7
leaf_count=35 7 14 7 30 8 5 7
internal_value=0.00181924 -0.0309982 0.0796667 -0.100856 0.0406283 0.0681216 0.143879
internal_weight=113 106 41 65 34 26 12
internal_count=113 106 41 65 34 26 12
is_linear=0
shrinkage=0.03


Tree=74
num_leaves=8
num_cat=0
split_feature=0 6 2 3 8 2 5
split_gain=1887.34 863.407 413.347 146.56 109.688 135.728 104.269
threshold=18.000000000000004 32.70000000000001 4.0500000000000007 3.8500000000000001 15.72916666666667 3.2500000000000004 45.899999999999999
decision_type=2 2 2 2 2 2 2
left_child=1 3 6 -1 5 -5 -3
right_child=-2 2 -4 4 -6 -7 -8
leaf_value=-0.19876311789859427 0.4718584361672401 -0.00046604881421749626 0.2898234074731027 -0.11268752439933662 -0.12991954202587541 0.038660452952608462 0.10256062836920629
leaf_weight=12.999999999999998 6.9999999999999991 32 5.9999999999999991 10.000000000000002 22 10.999999999999998 11.999999999999998
leaf_count=13 7 32 6 10 22 11 12
internal_value=0.00180845 -0.0300486 0.0604211 -0.110779 -0.0833479 -0.0337224 0.0279351
internal_weight=113 106 50 56 43 21 44
internal_count=113 106 50 56 43 21 44
is_linear=0
shrinkage=0.03


Tree=75
num_leaves=8
num_cat=0
split_feature=1 6 3 3 2 2 8
split_gain=1812.3 734.563 138.041 127.757 133.438 114.766 103.233
threshold=30.000000000000004 32.70000000000001 3.8500000000000001 4.8500000000000005 3.7500000000000004 3.3500000000000001 15.72916666666667
decision_type=2 2 2 2 2 2 2
left_child=1 2 -1 -3 5 -5 -4
right_child=-2 3 6 4 -6 -7 -8
leaf_value=-0.19289057352326133 0.40540488780840583 -0.008254787670448422 -0.032729591618309607 0.14782509030365351 0.21549554194173506 0.0080141200625190607 -0.12605706905996478
leaf_weight=12.999999999999998 8.9999999999999982 19 21 8.0000000000000053 5.9999999999999991 14.999999999999998 22
leaf_count=13 9 19 21 8 6 15 22
internal_value=0.00177823 -0.0338477 -0.1075 0.0521382 0.0915429 0.0575638 -0.0808758
internal_weight=113 104 56 48 29 23 43
internal_count=113 104 56 48 29 23 43
is_linear=0
shrinkage=0.03


Tree=76
num_leaves=8
num_cat=0
split_feature=0 3 5 15 6 3 8
split_gain=1729.63 771.551 336.971 183.471 147.585 106.107 101.75
threshold=18.000000000000004 4.4500000000000011 50.100000000000009 1.0000000180025095e-35 24.300000000000001 4.7500000000000009 7.9687500000000009
decision_type=2 2 2 2 2 2 2
left_child=1 4 3 5 -1 -3 -7
right_child=-2 2 -4 -5 -6 6 -8
leaf_value=-0.15850806568475329 0.45172966673970222 -0.02274350549094379 0.21722890077725701 -0.15005161230380715 -0.057728175263823449 -0.027612704192438418 0.11386370277666785
leaf_weight=27 6.9999999999999991 14.999999999999998 8.9999999999999982 4.9999999999999991 26 6.0000000000000027 18
leaf_count=27 7 15 9 5 26 6 18
internal_value=0.00174658 -0.0287499 0.05208 0.0174355 -0.1095 0.0396025 0.0784967
internal_weight=113 106 53 44 53 39 24
internal_count=113 106 53 44 53 39 24
is_linear=0
shrinkage=0.03


Tree=77
num_leaves=8
num_cat=0
split_feature=1 6 3 3 2 2 4
split_gain=1648.19 649.012 126.417 108.247 128.078 107.648 99.9663
threshold=30.000000000000004 32.70000000000001 3.8500000000000001 4.8500000000000005 3.7500000000000004 3.3500000000000001 100.00000000000001
decision_type=2 2 2 2 2 2 2
left_child=1 2 -1 6 5 -5 -3
right_child=-2 3 -4 4 -6 -7 -8
leaf_value=-0.18319547436454081 0.38663111070575923 -0.071704504630144883 -0.076022458529720699 0.13900776996845143 0.20621019636431048 0.0036683174183494167 0.064668307686629498
leaf_weight=12.999999999999998 8.9999999999999982 10.000000000000002 43 8.0000000000000053 5.9999999999999991 14.999999999999998 8.9999999999999982
leaf_count=13 9 10 43 8 6 15 9
internal_value=0.0017124 -0.0322616 -0.101492 0.048562 0.0848331 0.0516001 -0.007028
internal_weight=113 104 56 48 29 23 19
internal_count=113 104 56 48 29 23 19
is_linear=0
shrinkage=0.03


Tree=78
num_leaves=8
num_cat=0
split_feature=0 3 5 15 5 3 8
split_gain=1585.64 694.112 294.503 172.561 134.172 94.0003 97.9212
threshold=18.000000000000004 4.4500000000000011 50.100000000000009 1.0000000180025095e-35 14.800000000000002 4.7500000000000009 7.9687500000000009
decision_type=2 2 2 2 2 2 2
left_child=1 4 3 5 -1 -3 -7
right_child=-2 2 -4 -5 -6 6 -8
leaf_value=-0.17049129138936053 0.43253237088521324 -0.020426003450135653 0.20354730040482855 -0.14566808636371906 -0.069143629583122673 -0.029172311828982431 0.10956788408887255
leaf_weight=18 6.9999999999999991 14.999999999999998 8.9999999999999982 4.9999999999999991 35 6.0000000000000027 18
leaf_count=18 7 15 9 5 35 6 18
internal_value=0.0016863 -0.0275127 0.0491533 0.0167606 -0.104103 0.03826 0.0748664
internal_weight=113 106 53 44 53 39 24
internal_count=113 106 53 44 53 39 24
is_linear=0
shrinkage=0.03


Tree=79
num_leaves=8
num_cat=0
split_feature=1 6 1 2 23 8 2
split_gain=1499.92 573.953 120.683 97.0297 80.2595 71.9508 118.526
threshold=30.000000000000004 32.70000000000001 7.0000000000000009 3.7500000000000004 1.0000000180025095e-35 15.72916666666667 3.2500000000000004
decision_type=2 2 2 2 2 2 2
left_child=1 2 -1 -3 5 6 -4
right_child=-2 3 4 -5 -6 -7 -8
leaf_value=-0.1623882345110178 0.36884901379275586 0.025786085013133377 -0.11398096595819179 0.13937140107881735 -0.1569870360692342 -0.087256761539814098 0.062003561166279454
leaf_weight=17 8.9999999999999982 40 4.9999999999999991 7.9999999999999991 6.9999999999999991 17 9.9999999999999982
leaf_count=17 9 40 5 8 7 17 10
internal_value=0.00165099 -0.0307583 -0.0958624 0.0452478 -0.0661451 -0.0453752 0.00251548
internal_weight=113 104 56 48 39 32 15
internal_count=113 104 56 48 39 32 15
is_linear=0
shrinkage=0.03


Tree=80
num_leaves=8
num_cat=0
split_feature=0 3 5 15 5 3 8
split_gain=1458.91 616.4 262.477 162.219 119.591 86.9013 91.2225
threshold=18.000000000000004 4.4500000000000011 50.100000000000009 1.0000000180025095e-35 14.800000000000002 4.7500000000000009 7.9687500000000009
decision_type=2 2 2 2 2 2 2
left_child=1 4 3 5 -1 -3 -7
right_child=-2 2 -4 -5 -6 6 -8
leaf_value=-0.16126056888601284 0.41487645983695981 -0.020302310340216772 0.19160135787466301 -0.14221308066294741 -0.065565581397068778 -0.029073998774251611 0.1048111060687474
leaf_weight=18 6.9999999999999991 14.999999999999998 8.9999999999999982 4.9999999999999991 35 6.0000000000000027 18
leaf_count=18 7 15 9 5 35 6 18
internal_value=0.00160506 -0.0264022 0.0458446 0.0152647 -0.098578 0.036115 0.0713142
internal_weight=113 106 53 44 53 39 24
internal_count=113 106 53 44 53 39 24
is_linear=0
shrinkage=0.03


Tree=81
num_leaves=8
num_cat=0
split_feature=0 3 5 15 6 3 8
split_gain=1374.96 580.276 247.365 152.934 113.17 81.8148 85.9214
threshold=18.000000000000004 4.4500000000000011 50.100000000000009 1.0000000180025095e-35 22.200000000000003 4.7500000000000009 7.9687500000000009
decision_type=2 2 2 2 2 2 2
left_child=1 4 3 5 -1 -3 -7
right_child=-2 2 -4 -5 -6 6 -8
leaf_value=-0.14372821631510396 0.40277589440345762 -0.019701255417036774 0.18597827479891155 -0.13811077677286587 -0.055092582914927239 -0.028229918556828638 0.10170132390417896
leaf_weight=24 6.9999999999999991 14.999999999999998 8.9999999999999982 4.9999999999999991 29 6.0000000000000027 18
leaf_count=24 7 15 9 5 29 6 18
internal_value=0.00157123 -0.0256179 0.0444794 0.0147919 -0.0956471 0.0350377 0.0691917
internal_weight=113 106 53 44 53 39 24
internal_count=113 106 53 44 53 39 24
is_linear=0
shrinkage=0.03


Tree=82
num_leaves=8
num_cat=0
split_feature=1 6 1 2 23 4 5
split_gain=1319.05 475.585 107.137 91.2338 72.1208 62.0296 80.2812
threshold=30.000000000000004 32.70000000000001 7.0000000000000009 3.7500000000000004 1.0000000180025095e-35 74.500000000000014 19.500000000000004
decision_type=2 2 2 2 2 2 2
left_child=1 2 -1 -3 5 6 -4
right_child=-2 3 4 -5 -6 -7 -8
leaf_value=-0.15078050938110019 0.34588726646226392 0.021484462147328388 -0.060308303407958279 0.13158114796731532 -0.14621560404698056 -0.097503659506993648 0.057054596902883573
leaf_weight=17 8.9999999999999982 40 12.000000000000002 7.9999999999999991 6.9999999999999991 10.999999999999998 8.9999999999999982
leaf_count=17 9 40 12 8 7 11 9
internal_value=0.0015391 -0.0288526 -0.0881153 0.0403349 -0.0601314 -0.0404627 -0.00987543
internal_weight=113 104 56 48 39 32 21
internal_count=113 104 56 48 39 32 21
is_linear=0
shrinkage=0.03


Tree=83
num_leaves=8
num_cat=0
split_feature=0 3 5 15 5 2 8
split_gain=1265.13 516.403 219.845 143.785 101.677 76.1726 55.7638
threshold=18.000000000000004 4.4500000000000011 50.100000000000009 1.0000000180025095e-35 14.800000000000002 3.2500000000000004 14.79166666666667
decision_type=2 2 2 2 2 2 2
left_child=1 4 3 5 -1 -3 -7
right_child=-2 2 -4 -5 -6 6 -8
leaf_value=-0.14844465706374618 0.38634660323460895 -0.042580007703407953 0.17494033125431643 -0.13469526006625249 -0.060202102178538379 0.074326397467271557 -0.034067630664660377
leaf_weight=18 6.9999999999999991 8.9999999999999982 8.9999999999999982 4.9999999999999991 35 25.000000000000004 4.9999999999999991
leaf_count=18 7 9 9 5 35 25 5
internal_value=0.0014979 -0.0245822 0.0415446 0.0135571 -0.0906449 0.0331923 0.0561051
internal_weight=113 106 53 44 53 39 30
internal_count=113 106 53 44 53 39 30
is_linear=0
shrinkage=0.03


Tree=84
num_leaves=8
num_cat=0
split_feature=1 6 3 2 14 9 9
split_gain=1201.19 421.216 99.6466 84.8887 72.1222 90.3983 58.8526
threshold=30.000000000000004 32.70000000000001 3.8500000000000001 3.7500000000000004 1.0000000180025095e-35 0.40153846153846157 0.23212307692307693
decision_type=2 2 2 2 2 2 2
left_child=1 2 6 -3 5 -4 -1
right_child=-2 3 4 -5 -6 -7 -8
leaf_value=-0.10085869544889869 0.33006754900450297 0.019397833507452437 -0.071420166130209795 0.12558309701657516 -0.13069448982968049 0.035860446371576364 -0.23610876587721014
leaf_weight=7.9999999999999982 8.9999999999999982 40 23 7.9999999999999991 9.9999999999999982 9.9999999999999982 5
leaf_count=8 9 40 23 8 10 10 5
internal_value=0.0014632 -0.0275383 -0.0833107 0.0375742 -0.0607466 -0.0388455 -0.155781
internal_weight=113 104 56 48 43 33 13
internal_count=113 104 56 48 43 33 13
is_linear=0
shrinkage=0.03


Tree=85
num_leaves=8
num_cat=0
split_feature=0 3 7 5 23 1 8
split_gain=1164.41 464.902 160.301 124.982 97.8549 147.126 47.8291
threshold=18.000000000000004 4.8500000000000005 1.5500000000000003 50.100000000000009 1.0000000180025095e-35 18.000000000000004 10.520833333333334
decision_type=2 2 2 2 2 2 2
left_child=1 2 -1 6 5 -4 -3
right_child=-2 3 4 -5 -6 -7 -8
leaf_value=-0.14083992287352845 0.37062901735305787 0.074696593555537094 -0.043491358235478401 0.17619052744493252 -0.11823254917349135 0.096252682267165768 -0.01459294749342877
leaf_weight=18 6.9999999999999991 13.000000000000005 39 7.9999999999999991 10.999999999999998 7.9999999999999991 8.9999999999999982
leaf_count=18 7 13 39 8 11 8 9
internal_value=0.00141741 -0.0236024 -0.0630522 0.0760431 -0.0384844 -0.0193663 0.0382991
internal_weight=113 106 76 30 58 47 22
internal_count=113 106 76 30 58 47 22
is_linear=0
shrinkage=0.03


Tree=86
num_leaves=8
num_cat=0
split_feature=1 6 3 2 14 9 9
split_gain=1097.44 367.721 91.9176 80.0863 65.2145 83.7086 55.0306
threshold=30.000000000000004 32.70000000000001 3.8500000000000001 3.7500000000000004 1.0000000180025095e-35 0.40153846153846157 0.23212307692307693
decision_type=2 2 2 2 2 2 2
left_child=1 2 6 -3 5 -4 -1
right_child=-2 3 4 -5 -6 -7 -8
leaf_value=-0.095018467496081102 0.31548866866723352 0.016869491436588228 -0.067305715808580663 0.1199854803412426 -0.12328082238926608 0.035914892409654224 -0.22562653211446904
leaf_weight=7.9999999999999982 8.9999999999999982 40 23 7.9999999999999991 9.9999999999999982 9.9999999999999982 5
leaf_count=8 9 40 23 8 10 10 5
internal_value=0.00139572 -0.0263244 -0.0784348 0.0345132 -0.0567737 -0.0359536 -0.148023
internal_weight=113 104 56 48 43 33 13
internal_count=113 104 56 48 43 33 13
is_linear=0
shrinkage=0.03


Tree=87
num_leaves=8
num_cat=0
split_feature=0 3 15 7 1 26 5
split_gain=1071.9 418.035 240.027 147.547 108.314 102.589 153.753
threshold=18.000000000000004 4.7500000000000009 1.0000000180025095e-35 1.6333333333333335 7.0000000000000009 1.0000000180025095e-35 42.600000000000009
decision_type=2 2 2 2 2 2 2
left_child=1 4 3 -3 -1 6 -5
right_child=-2 2 -4 5 -6 -7 -8
leaf_value=-0.13166210880459742 0.35559424440066018 0.0052490758895874026 -0.13113280919881964 0.087929940521717029 -0.044380862572412375 0.043719583923617994 0.29718375817421938
leaf_weight=17 6.9999999999999991 11.999999999999998 4.9999999999999991 7.0000000000000018 52 6.9999999999999991 6
leaf_count=17 7 12 5 7 52 7 6
internal_value=0.00135224 -0.0226526 0.0584829 0.0887874 -0.066225 0.138288 0.187662
internal_weight=113 106 37 32 69 20 13
internal_count=113 106 37 32 69 20 13
is_linear=0
shrinkage=0.03


Tree=88
num_leaves=8
num_cat=0
split_feature=0 3 7 5 23 1 8
split_gain=1010.14 393.856 135.224 108.064 90.8431 129.181 45.3972
threshold=18.000000000000004 4.8500000000000005 1.5500000000000003 50.100000000000009 1.0000000180025095e-35 18.000000000000004 21.500000000000004
decision_type=2 2 2 2 2 2 2
left_child=1 2 -1 -3 5 6 -4
right_child=-2 3 4 -5 -6 -7 -8
leaf_value=-0.12972503126322568 0.34522274216016136 0.034658899194485421 -0.027039056046490081 0.16286866527505039 -0.11253908716142179 0.091037289296708457 -0.12268655198841139
leaf_weight=18 6.9999999999999991 22.000000000000004 34 7.9999999999999991 10.999999999999998 7.9999999999999991 4.9999999999999991
leaf_count=18 7 22 34 8 11 8 5
internal_value=0.00133764 -0.021965 -0.058276 0.06975 -0.0357068 -0.0172924 -0.0399032
internal_weight=113 106 76 30 58 47 39
internal_count=113 106 76 30 58 47 39
is_linear=0
shrinkage=0.03


Tree=89
num_leaves=8
num_cat=0
split_feature=1 5 23 15 2 2 5
split_gain=969.78 303.822 125.627 142.315 93.8616 81.3266 50.1024
threshold=30.000000000000004 19.500000000000004 1.0000000180025095e-35 1.0000000180025095e-35 4.0500000000000007 3.3500000000000001 13.800000000000002
decision_type=2 2 2 2 2 2 2
left_child=1 6 3 4 5 -3 -1
right_child=-2 2 -4 -5 -6 -7 -8
leaf_value=-0.16817846179008483 0.29657121058391489 0.071350599564611913 -0.13004211641274965 -0.12728206075154816 0.1380515880448123 -0.0062345807200454798 -0.077433162615337281
leaf_weight=6.9999999999999991 8.9999999999999982 19 4.9999999999999991 4.9999999999999991 6.9999999999999991 33 28
leaf_count=7 9 19 5 5 7 33 28
internal_value=0.00130993 -0.0247473 0.0117894 0.023264 0.0364344 0.0222499 -0.0964773
internal_weight=113 104 69 64 59 52 35
internal_count=113 104 69 64 59 52 35
is_linear=0
shrinkage=0.03


Tree=90
num_leaves=8
num_cat=0
split_feature=0 3 15 7 26 1 5
split_gain=928.148 356.918 210.408 133.811 98.7112 139.169 92.089
threshold=18.000000000000004 4.7500000000000009 1.0000000180025095e-35 1.6333333333333335 1.0000000180025095e-35 22.000000000000004 13.800000000000002
decision_type=2 2 2 2 2 2 2
left_child=1 6 3 -3 5 -5 -1
right_child=-2 2 -4 4 -6 -7 -8
leaf_value=-0.16327325781186422 0.33090396801630656 0.0027599311070364029 -0.12361045910761906 0.096014277935028036 0.036880513466118515 0.29969135862130386 -0.049307207724624505
leaf_weight=6.9999999999999991 6.9999999999999991 11.999999999999998 4.9999999999999991 8.0000000000000018 6.9999999999999991 4.9999999999999991 62
leaf_count=7 7 12 5 8 7 5 62
internal_value=0.00126927 -0.0210671 0.0539018 0.0822802 0.129418 0.177819 -0.0613291
internal_weight=113 106 37 32 20 13 69
internal_count=113 106 37 32 20 13 69
is_linear=0
shrinkage=0.03


Tree=91
num_leaves=8
num_cat=0
split_feature=1 5 23 15 2 2 6
split_gain=883.263 271.943 115.212 126.602 86.5923 76.6679 43.9076
threshold=30.000000000000004 19.500000000000004 1.0000000180025095e-35 1.0000000180025095e-35 4.0500000000000007 3.3500000000000001 72.800000000000011
decision_type=2 2 2 2 2 2 2
left_child=1 -1 3 4 5 -3 -7
right_child=-2 2 -4 -5 -6 6 -8
leaf_value=-0.091475380093113248 0.28303796115128893 0.06842005990445614 -0.12486857469265276 -0.12004477583445035 0.13196708302634458 0.0078582725119083485 -0.087000298454211297
leaf_weight=35 8.9999999999999982 19 4.9999999999999991 4.9999999999999991 6.9999999999999991 28 4.9999999999999991
leaf_count=35 9 19 5 5 7 28 5
internal_value=0.00125438 -0.0236128 0.0109535 0.0219439 0.0343671 0.0207446 -0.00690657
internal_weight=113 104 69 64 59 52 33
internal_count=113 104 69 64 59 52 33
is_linear=0
shrinkage=0.03


Tree=92
num_leaves=8
num_cat=0
split_feature=0 3 15 7 26 5 1
split_gain=856.461 323.997 187.96 120.974 94.6372 132.282 84.0615
threshold=18.000000000000004 4.7500000000000009 1.0000000180025095e-35 1.6333333333333335 1.0000000180025095e-35 42.600000000000009 7.0000000000000009
decision_type=2 2 2 2 2 2 2
left_child=1 6 3 -3 5 -5 -1
right_child=-2 2 -4 4 -6 -7 -8
leaf_value=-0.11625093286878668 0.31786945541699729 0.0024017710470762409 -0.11658194496081424 0.077835020472605987 0.032360567947228747 0.27174682074977502 -0.039345963508714978
leaf_weight=17 6.9999999999999991 11.999999999999998 4.9999999999999991 7.0000000000000018 6.9999999999999991 6 52
leaf_count=17 7 12 5 7 7 6 52
internal_value=0.00121995 -0.020236 0.0511912 0.0780137 0.122834 0.170208 -0.0585965
internal_weight=113 106 37 32 20 13 69
internal_count=113 106 37 32 20 13 69
is_linear=0
shrinkage=0.03


Tree=93
num_leaves=8
num_cat=0
split_feature=0 3 15 7 26 5 5
split_gain=807.111 305.193 177.251 114.044 89.2132 124.712 82.0891
threshold=18.000000000000004 4.7500000000000009 1.0000000180025095e-35 1.6333333333333335 1.0000000180025095e-35 42.600000000000009 13.800000000000002
decision_type=2 2 2 2 2 2 2
left_child=1 6 3 -3 5 -5 -1
right_child=-2 2 -4 4 -6 -7 -8
leaf_value=-0.15309331297874451 0.30859826485315961 0.0023309001961692435 -0.11321900367736815 0.075564831793308224 0.031416720387836293 0.26385739653341228 -0.045505399567694955
leaf_weight=6.9999999999999991 6.9999999999999991 11.999999999999998 4.9999999999999991 7.0000000000000018 6.9999999999999991 6 62
leaf_count=7 7 12 5 7 7 6 62
internal_value=0.00120655 -0.0196217 0.0497011 0.0757491 0.119266 0.165264 -0.0568527
internal_weight=113 106 37 32 20 13 69
internal_count=113 106 37 32 20 13 69
is_linear=0
shrinkage=0.03


Tree=94
num_leaves=8
num_cat=0
split_feature=2 0 3 1 23 6 2
split_gain=784.402 671.379 360.264 244.341 87.2375 120.233 93.794
threshold=4.0500000000000007 11.000000000000002 4.4500000000000011 26.000000000000004 1.0000000180025095e-35 24.300000000000001 3.4500000000000006
decision_type=2 2 2 2 2 2 2
left_child=2 -2 4 -4 5 -1 -6
right_child=1 -3 3 -5 6 -7 -8
leaf_value=-0.10745096911445703 0.035350522138178346 0.4867339444962831 0.0054192511092371011 0.19533621201912563 -0.21960336099068326 -0.0035679343896042005 -0.06247786040107408
leaf_weight=20 6.9999999999999982 5 40 6.9999999999999991 6.9999999999999982 20 7
leaf_count=20 7 5 40 7 7 20 7
internal_value=0.00119036 0.228446 -0.0261936 0.0344444 -0.0789311 -0.0558229 -0.143133
internal_weight=113 12 101 47 54 40 14
internal_count=113 12 101 47 54 40 14
is_linear=0
shrinkage=0.03


Tree=95
num_leaves=8
num_cat=0
split_feature=1 5 23 15 2 2 6
split_gain=749.22 216.182 96.4934 105.221 72.4381 72.3655 49.8354
threshold=30.000000000000004 19.500000000000004 1.0000000180025095e-35 1.0000000180025095e-35 4.0500000000000007 3.3500000000000001 72.800000000000011
decision_type=2 2 2 2 2 2 2
left_child=1 -1 3 4 5 -3 -7
right_child=-2 2 -4 -5 -6 6 -8
leaf_value=-0.0822360266800123 0.26069545782130704 0.064346468932926656 -0.11520372899679036 -0.11028207421302794 0.11974519626547891 0.0069124556095042132 -0.09414873416607196
leaf_weight=35 8.9999999999999982 19 4.9999999999999991 4.9999999999999991 6.9999999999999991 28 4.9999999999999991
leaf_count=35 9 19 5 5 7 28 5
internal_value=0.00117173 -0.0217299 0.00908886 0.0191512 0.030481 0.0180232 -0.00882958
internal_weight=113 104 69 64 59 52 33
internal_count=113 104 69 64 59 52 33
is_linear=0
shrinkage=0.03


Tree=96
num_leaves=8
num_cat=0
split_feature=0 3 15 8 8 1 23
split_gain=719.679 258.302 155.042 99.0235 89.081 72.1136 61.5356
threshold=18.000000000000004 4.7500000000000009 1.0000000180025095e-35 6.5312500000000009 8.8392857142857171 7.0000000000000009 1.0000000180025095e-35
decision_type=2 2 2 2 2 2 2
left_child=1 5 3 -3 -5 -1 -7
right_child=-2 2 -4 4 -6 6 -8
leaf_value=-0.10617292156183096 0.29140458782513934 -0.03903813185230378 -0.10710086290652934 0.19482162052585222 0.063155361732634002 -0.017790300490931395 -0.097342482294355132
leaf_weight=17 6.9999999999999991 5.9999999999999991 4.9999999999999991 6.0000000000000027 20 41 10.999999999999998
leaf_count=17 7 6 5 6 20 41 11
internal_value=0.00113882 -0.0185282 0.0452465 0.0696148 0.0948524 -0.0527799 -0.0349559
internal_weight=113 106 37 32 26 69 52
internal_count=113 106 37 32 26 69 52
is_linear=0
shrinkage=0.03


Tree=97
num_leaves=8
num_cat=0
split_feature=2 0 3 1 23 6 2
split_gain=704.016 615.263 310.675 207.701 82.6339 108.845 92.4894
threshold=4.0500000000000007 11.000000000000002 4.4500000000000011 26.000000000000004 1.0000000180025095e-35 24.300000000000001 3.4500000000000006
decision_type=2 2 2 2 2 2 2
left_child=2 -2 4 -4 5 -1 -6
right_child=1 -3 3 -5 6 -7 -8
leaf_value=-0.10045702025441841 0.031620240261157354 0.46366122818910149 0.0047187902011088462 0.17982000465194387 -0.21212657024463019 -0.0016332884855789712 -0.056397873709599165
leaf_weight=20 6.9999999999999982 5 40 6.9999999999999991 6.9999999999999982 20 7
leaf_count=20 7 5 40 7 7 20 7
internal_value=0.0011131 0.21641 -0.0248291 0.0314809 -0.0738026 -0.0513364 -0.136259
internal_weight=113 12 101 47 54 40 14
internal_count=113 12 101 47 54 40 14
is_linear=0
shrinkage=0.03


Tree=98
num_leaves=8
num_cat=0
split_feature=2 0 3 1 9 2 24
split_gain=663.875 580.288 292.705 195.767 80.3844 78.1055 46.1804
threshold=4.0500000000000007 11.000000000000002 4.4500000000000011 26.000000000000004 0.40153846153846157 3.0500000000000003 1.0000000180025095e-35
decision_type=2 2 2 2 2 2 2
left_child=2 -2 4 -4 5 -1 -7
right_child=1 -3 3 -5 -6 6 -8
leaf_value=0.030382072496704937 0.030697983801364903 0.45028638468338883 0.0045779310144595242 0.17457525908946991 -0.14790053563959457 -0.087564096202124034 0.0032148784783578685
leaf_weight=7.9999999999999991 6.9999999999999982 5 40 6.9999999999999991 9.9999999999999982 30 5.9999999999999991
leaf_count=8 7 5 40 7 10 30 6
internal_value=0.0010957 0.210165 -0.0240957 0.0305609 -0.071632 -0.0536735 -0.0724587
internal_weight=113 12 101 47 54 44 36
internal_count=113 12 101 47 54 44 36
is_linear=0
shrinkage=0.03


Tree=99
num_leaves=8
num_cat=0
split_feature=1 5 15 23 2 2 6
split_gain=635.211 171.712 78.4345 89.4362 55.7131 66.8021 55.9631
threshold=30.000000000000004 19.500000000000004 1.0000000180025095e-35 1.0000000180025095e-35 4.0500000000000007 3.3500000000000001 72.800000000000011
decision_type=2 2 2 2 2 2 2
left_child=1 -1 3 4 5 -3 -7
right_child=-2 2 -4 -5 -6 6 -8
leaf_value=-0.07392278212207283 0.2400525791878286 0.060574093665927656 -0.10458548179039587 -0.10277487808695206 0.10528473796943823 0.0069580176892749812 -0.10013841982071216
leaf_weight=35 8.9999999999999982 19 4.9999999999999991 4.9999999999999991 6.9999999999999991 28 4.9999999999999991
leaf_count=35 9 19 5 5 7 28 5
internal_value=0.00108831 -0.019998 0.00746814 0.0165442 0.0269944 0.0160636 -0.00972903
internal_weight=113 104 69 64 59 52 33
internal_count=113 104 69 64 59 52 33
is_linear=0
shrinkage=0.03


Tree=100
num_leaves=8
num_cat=0
split_feature=0 3 15 8 8 1 23
split_gain=620.322 202.99 132.7 86.6563 87.849 62.4069 49.7807
threshold=18.000000000000004 4.7500000000000009 1.0000000180025095e-35 6.5312500000000009 8.8392857142857171 7.0000000000000009 1.0000000180025095e-35
decision_type=2 2 2 2 2 2 2
left_child=1 5 3 -3 -5 -1 -7
right_child=-2 2 -4 4 -6 6 -8
leaf_value=-0.097226988852543883 0.27054310321807862 -0.039673844229790471 -0.1015685922365922 0.18464469309776049 0.054161272901709717 -0.015549261095454389 -0.087102868945470896
leaf_weight=17 6.9999999999999991 5.9999999999999991 4.9999999999999991 6.0000000000000027 20 41 10.999999999999998
leaf_count=17 7 6 5 6 20 41 11
internal_value=0.00105693 -0.0172012 0.0393339 0.0618906 0.0855097 -0.0475648 -0.0309901
internal_weight=113 106 37 32 26 69 52
internal_count=113 106 37 32 26 69 52
is_linear=0
shrinkage=0.03


Tree=101
num_leaves=8
num_cat=0
split_feature=2 0 3 1 4 6 4
split_gain=596.623 531.901 252.527 165.846 84.8149 61.742 55.1066
threshold=4.0500000000000007 11.000000000000002 4.4500000000000011 26.000000000000004 175.00000000000003 22.200000000000003 132.50000000000003
decision_type=2 2 2 2 2 2 2
left_child=2 -2 4 -4 5 -1 -7
right_child=1 -3 3 -5 -6 6 -8
leaf_value=-0.088667364334764562 0.02745938889682293 0.42911707754318523 0.0040019419300022412 0.16047164690991242 -0.18277343541383742 -0.043440890929265182 0.066099540270291843
leaf_weight=24 6.9999999999999982 5 40 6.9999999999999991 4.9999999999999991 20.000000000000004 4.9999999999999991
leaf_count=24 7 5 40 7 5 20 5
internal_value=0.00103295 0.199231 -0.0228477 0.0279189 -0.0670011 -0.0544622 -0.0211226
internal_weight=113 12 101 47 54 49 25
internal_count=113 12 101 47 54 49 25
is_linear=0
shrinkage=0.03


Tree=102
num_leaves=8
num_cat=0
split_feature=0 3 15 8 4 1 5
split_gain=565.313 177.488 122.479 78.7121 91.5952 102.762 58.6234
threshold=18.000000000000004 4.7500000000000009 1.0000000180025095e-35 6.5312500000000009 145.00000000000003 22.000000000000004 13.800000000000002
decision_type=2 2 2 2 2 2 2
left_child=1 6 3 -3 5 -5 -1
right_child=-2 2 -4 4 -6 -7 -8
leaf_value=-0.12609931508700054 0.25828267316023507 -0.038638205835896153 -0.098889501461615917 0.069094590257715277 -0.033452254201357182 0.22453789362540613 -0.035220498125461137
leaf_weight=6.9999999999999991 6.9999999999999991 5.9999999999999991 4.9999999999999991 16.000000000000007 4.9999999999999991 4.9999999999999991 62
leaf_count=7 7 6 5 16 5 5 62
internal_value=0.00102209 -0.0164071 0.0364569 0.0581342 0.080648 0.107945 -0.0447996
internal_weight=113 106 37 32 26 21 69
internal_count=113 106 37 32 26 21 69
is_linear=0
shrinkage=0.03


Tree=103
num_leaves=8
num_cat=0
split_feature=2 0 3 1 4 6 4
split_gain=555.679 497.17 225.599 144.391 82.8809 56.7691 51.9152
threshold=4.0500000000000007 11.000000000000002 4.4500000000000011 26.000000000000004 175.00000000000003 22.200000000000003 132.50000000000003
decision_type=2 2 2 2 2 2 2
left_child=2 -2 4 -4 5 -1 -7
right_child=1 -3 3 -5 -6 6 -8
leaf_value=-0.084192826669078222 0.02621245674788952 0.41453217607278081 0.0036208466673964884 0.14962151303887367 -0.1781784312197795 -0.04110441409198954 0.065208793786855831
leaf_weight=24 6.9999999999999982 5 40 6.9999999999999991 4.9999999999999991 20.000000000000004 4.9999999999999991
leaf_count=24 7 5 40 7 5 20 5
internal_value=0.00100187 0.192278 -0.0220443 0.0259393 -0.0637771 -0.0513961 -0.0194335
internal_weight=113 12 101 47 54 49 25
internal_count=113 12 101 47 54 49 25
is_linear=0
shrinkage=0.03


Tree=104
num_leaves=8
num_cat=0
split_feature=1 5 15 23 8 8 3
split_gain=531.465 125.495 64.3105 68.0456 58.3211 77.0931 53.769
threshold=30.000000000000004 19.500000000000004 1.0000000180025095e-35 1.0000000180025095e-35 6.5312500000000009 14.083333333333334 5.0500000000000007
decision_type=2 2 2 2 2 2 2
left_child=1 -1 3 4 -3 6 -6
right_child=-2 2 -4 -5 5 -7 -8
leaf_value=-0.064394759100607851 0.21957267169557187 -0.033150445629249917 -0.096271703289105337 -0.09065354630924187 0.033906797316102757 -0.034701105680535825 0.11360833174415998
leaf_weight=35 8.9999999999999982 12.999999999999998 4.9999999999999991 4.9999999999999991 25 9.9999999999999982 10.999999999999998
leaf_count=35 9 13 5 5 25 10 11
internal_value=0.000991071 -0.0182954 0.0051852 0.0134101 0.0225309 0.0383747 0.0587946
internal_weight=113 104 69 64 59 46 36
internal_count=113 104 69 64 59 46 36
is_linear=0
shrinkage=0.03


Tree=105
num_leaves=8
num_cat=0
split_feature=2 0 3 1 9 2 24
split_gain=511.635 460.141 205.043 132.482 84.2654 69.1342 40.683
threshold=4.0500000000000007 11.000000000000002 4.4500000000000011 26.000000000000004 0.40153846153846157 3.0500000000000003 1.0000000180025095e-35
decision_type=2 2 2 2 2 2 2
left_child=2 -2 4 -4 5 -1 -7
right_child=1 -3 3 -5 -6 6 -8
leaf_value=0.036320654110210696 0.02474679802854856 0.39831898047373837 0.0032152845432509235 0.14306539985040825 -0.13888087670592703 -0.074518787323787125 0.010473860713743396
leaf_weight=7.9999999999999991 6.9999999999999982 5 40 6.9999999999999991 9.9999999999999982 30 5.9999999999999991
leaf_count=8 7 5 40 7 10 30 6
internal_value=0.000962685 0.184503 -0.0211508 0.0245938 -0.060937 -0.0426403 -0.0603323
internal_weight=113 12 101 47 54 44 36
internal_count=113 12 101 47 54 44 36
is_linear=0
shrinkage=0.03


Tree=106
num_leaves=8
num_cat=0
split_feature=0 3 15 4 8 1 14
split_gain=489.693 136.033 104.079 69.1939 99.6924 87.3839 52.9314
threshold=18.000000000000004 4.7500000000000009 1.0000000180025095e-35 145.00000000000003 6.5312500000000009 22.000000000000004 1.0000000180025095e-35
decision_type=2 2 2 2 2 2 2
left_child=1 6 3 4 -3 -6 -1
right_child=-2 2 -4 -5 5 -7 -8
leaf_value=-0.028437065816935649 0.24039383808771772 -0.036752486575034334 -0.093711604934472295 -0.049819124214924293 0.064734242381872947 0.20813574534196119 -0.09998353660372751
leaf_weight=58 6.9999999999999991 6.0000000000000027 4.9999999999999991 4.9999999999999991 16.000000000000004 4.9999999999999991 10.999999999999998
leaf_count=58 7 6 5 5 16 5 11
internal_value=0.000956344 -0.0152644 0.0310155 0.0510117 0.0699682 0.10059 -0.0401207
internal_weight=113 106 37 32 27 21 69
internal_count=113 106 37 32 27 21 69
is_linear=0
shrinkage=0.03


Tree=107
num_leaves=8
num_cat=0
split_feature=2 0 3 1 4 6 9
split_gain=477.113 430.965 183.639 114.755 85.2828 52.02 41.9106
threshold=4.0500000000000007 11.000000000000002 4.4500000000000011 26.000000000000004 175.00000000000003 24.300000000000001 0.39364705882352941
decision_type=2 2 2 2 2 2 2
left_child=2 -2 4 -4 5 -1 -7
right_child=1 -3 3 -5 -6 6 -8
leaf_value=-0.073309298387783425 0.0235735563437144 0.38510358672875616 0.0029749444260526057 0.13313571201016505 -0.17400271432330974 0.030003533012100615 -0.052057851071336439
leaf_weight=27 6.9999999999999982 5 40 6.9999999999999991 4.9999999999999991 11.000000000000002 10.999999999999998
leaf_count=27 7 5 40 7 5 11 11
internal_value=0.000937303 0.178178 -0.0204167 0.0228744 -0.0580689 -0.0455492 -0.0110589
internal_weight=113 12 101 47 54 49 22
internal_count=113 12 101 47 54 49 22
is_linear=0
shrinkage=0.03


Tree=108
num_leaves=8
num_cat=0
split_feature=1 5 15 23 7 8 3
split_gain=454.121 99.4799 56.6453 55.3699 63.7219 90.8285 53.9235
threshold=30.000000000000004 19.500000000000004 1.0000000180025095e-35 1.0000000180025095e-35 1.6333333333333335 14.083333333333334 5.0500000000000007
decision_type=2 2 2 2 2 2 2
left_child=1 -1 3 4 -3 6 -6
right_child=-2 2 -4 -5 5 -7 -8
leaf_value=-0.057946353929159651 0.20297659104932911 -0.021803022488108222 -0.091213038517878597 -0.082139441697643339 0.049242824909608227 -0.039439094882944351 0.15697395636485173
leaf_weight=35 8.9999999999999982 21 4.9999999999999991 4.9999999999999991 24.000000000000004 8.9999999999999982 4.9999999999999991
leaf_count=35 9 21 5 5 24 9 5
internal_value=0.000924181 -0.0169028 0.00400209 0.0117251 0.0199557 0.0430655 0.0688165
internal_weight=113 104 69 64 59 38 29
internal_count=113 104 69 64 59 38 29
is_linear=0
shrinkage=0.03


Tree=109
num_leaves=8
num_cat=0
split_feature=0 3 15 4 8 1 14
split_gain=438.796 113.288 90.6189 73.489 92.3787 77.7993 48.9103
threshold=18.000000000000004 4.7500000000000009 1.0000000180025095e-35 145.00000000000003 6.5312500000000009 22.000000000000004 1.0000000180025095e-35
decision_type=2 2 2 2 2 2 2
left_child=1 6 3 4 -3 -6 -1
right_child=-2 2 -4 -5 5 -7 -8
leaf_value=-0.025910726005653129 0.22755527575810749 -0.036691448726961666 -0.088581894636154151 -0.057354426968556173 0.061635759936438654 0.1969813348696782 -0.094669330130397744
leaf_weight=58 6.9999999999999991 6.0000000000000027 4.9999999999999991 4.9999999999999991 16.000000000000004 4.9999999999999991 10.999999999999998
leaf_count=58 7 6 5 5 16 5 11
internal_value=0.000901446 -0.0144525 0.0277808 0.0464463 0.0660042 0.095486 -0.0371358
internal_weight=113 106 37 32 27 21 69
internal_count=113 106 37 32 27 21 69
is_linear=0
shrinkage=0.03


Tree=110
num_leaves=8
num_cat=0
split_feature=2 0 23 4 8 25 11
split_gain=432.327 397.586 160.918 149.082 101.825 88.4469 72.8796
threshold=4.0500000000000007 11.000000000000002 1.0000000180025095e-35 132.50000000000003 11.830357142857144 1.0000000180025095e-35 1.0000000180025095e-35
decision_type=2 2 2 2 2 2 2
left_child=2 -2 3 5 -4 6 -1
right_child=1 -3 4 -5 -6 -7 -8
leaf_value=-0.043039859799072912 0.021141588240861896 0.36834713101387018 -0.21916285331181895 0.1036483246964567 -0.050507763520531032 0.06896840229306532 0.043954563877161811
leaf_weight=58 6.9999999999999982 5 4.9999999999999991 9.9999999999999982 8.9999999999999982 8.9999999999999982 9.9999999999999982
leaf_count=58 7 5 5 10 9 9 10
internal_value=0.000882908 0.1696 -0.0194435 -0.00413258 -0.113086 -0.0183818 -0.0301332
internal_weight=113 12 101 87 14 77 68
internal_count=113 12 101 87 14 77 68
is_linear=0
shrinkage=0.03


Tree=111
num_leaves=8
num_cat=0
split_feature=0 3 15 4 8 1 5
split_gain=412.319 99.339 82.0236 77.5721 85.9579 69.5757 48.0435
threshold=18.000000000000004 4.7500000000000009 1.0000000180025095e-35 145.00000000000003 6.5312500000000009 22.000000000000004 13.800000000000002
decision_type=2 2 2 2 2 2 2
left_child=1 6 3 4 -3 -6 -1
right_child=-2 2 -4 -5 5 -7 -8
leaf_value=-0.10879220296939213 0.22058211346467335 -0.035639489812235657 -0.085155389813276416 -0.063271151207960563 0.059803848156222583 0.18787114455149725 -0.026601365252706396
leaf_weight=6.9999999999999991 6.9999999999999991 6.0000000000000027 4.9999999999999991 4.9999999999999991 16.000000000000004 4.9999999999999991 62
leaf_count=7 7 6 5 5 16 5 62
internal_value=0.000872366 -0.0140107 0.0255368 0.0433005 0.0634113 0.0918515 -0.0352516
internal_weight=113 106 37 32 27 21 69
internal_count=113 106 37 32 27 21 69
is_linear=0
shrinkage=0.03


Tree=112
num_leaves=8
num_cat=0
split_feature=2 0 23 4 8 25 11
split_gain=403.862 373.138 149.986 141.17 98.491 82.1898 65.4223
threshold=4.0500000000000007 11.000000000000002 1.0000000180025095e-35 132.50000000000003 11.830357142857144 1.0000000180025095e-35 1.0000000180025095e-35
decision_type=2 2 2 2 2 2 2
left_child=2 -2 3 5 -4 6 -1
right_child=1 -3 4 -5 -6 -7 -8
leaf_value=-0.041432692615949 0.02010472173492114 0.35646033305388219 -0.21349955523243316 0.10087093328728396 -0.047708750959971673 0.066326287881187773 0.040991656079011805
leaf_weight=58 6.9999999999999982 5 4.9999999999999991 9.9999999999999982 8.9999999999999982 8.9999999999999982 9.9999999999999982
leaf_count=58 7 5 5 10 9 9 10
internal_value=0.000852889 0.163922 -0.0187925 -0.00401012 -0.109198 -0.0178765 -0.0292048
internal_weight=113 12 101 87 14 77 68
internal_count=113 12 101 87 14 77 68
is_linear=0
shrinkage=0.03


Tree=113
num_leaves=8
num_cat=0
split_feature=1 7 2 15 8 4 4
split_gain=393.766 87.4523 55.2033 54.4054 63.3424 74.1429 120.805
threshold=30.000000000000004 1.4142857142857144 2.9500000000000006 1.0000000180025095e-35 21.500000000000004 100.00000000000001 145.00000000000003
decision_type=2 2 2 2 2 2 2
left_child=1 2 -1 4 5 -3 -7
right_child=-2 3 -4 -5 -6 6 -8
leaf_value=-0.00094607117275396938 0.18899057346193687 -0.0099031908727354456 -0.10412962720427715 -0.070666026265724838 -0.094292909434208497 0.093082429068163025 -0.051289825563629467
leaf_weight=7.0000000000000027 8.9999999999999982 43 13.999999999999998 8.9999999999999982 4.9999999999999991 19.000000000000004 6.9999999999999991
leaf_count=7 9 43 14 9 5 19 7
internal_value=0.000842653 -0.0157565 -0.0701393 -0.00184342 0.00667459 0.0142641 0.0540609
internal_weight=113 104 21 83 74 69 26
internal_count=113 104 21 83 74 69 26
is_linear=0
shrinkage=0.03


Tree=114
num_leaves=8
num_cat=0
split_feature=0 3 15 4 8 9 7
split_gain=382.164 81.6054 69.8791 80.9858 76.8203 61.2522 88.0162
threshold=18.000000000000004 4.7500000000000009 1.0000000180025095e-35 145.00000000000003 6.5312500000000009 0.53956923076923091 1.8333333333333337
decision_type=2 2 2 2 2 2 2
left_child=1 -1 3 4 -3 -6 -7
right_child=-2 2 -4 -5 5 6 -8
leaf_value=-0.032766557569707061 0.21233629862467449 -0.034310884398798765 -0.079820390802163341 -0.070072374618970423 0.031306294518358556 0.053794095362386399 0.22527951754056486
leaf_weight=69 6.9999999999999991 6.0000000000000027 4.9999999999999991 4.9999999999999991 10.000000000000002 5.9999999999999982 5
leaf_count=69 7 6 5 5 10 6 5
internal_value=0.000812781 -0.0135152 0.0223288 0.0387328 0.0593042 0.0861934 0.134507
internal_weight=113 106 37 32 27 21 11
internal_count=113 106 37 32 27 21 11
is_linear=0
shrinkage=0.03


Tree=115
num_leaves=8
num_cat=0
split_feature=2 0 23 4 8 25 11
split_gain=370.455 342.146 142.01 132.933 99.8858 74.2835 57.2051
threshold=4.0500000000000007 11.000000000000002 1.0000000180025095e-35 132.50000000000003 11.830357142857144 1.0000000180025095e-35 1.0000000180025095e-35
decision_type=2 2 2 2 2 2 2
left_child=2 -2 3 5 -4 6 -1
right_child=1 -3 4 -5 -6 -7 -8
leaf_value=-0.039287821198093521 0.019258518069982529 0.34135381689438443 -0.21096650558022353 0.098147316925665917 -0.044171905167724776 0.062964721775573232 0.037785816315342398
leaf_weight=58 6.9999999999999982 5 4.9999999999999991 9.9999999999999982 8.9999999999999982 8.9999999999999982 9.9999999999999982
leaf_count=58 7 5 5 10 9 9 10
internal_value=0.000804205 0.156984 -0.0180105 -0.00362681 -0.105979 -0.0170837 -0.0278539
internal_weight=113 12 101 87 14 77 68
internal_count=113 12 101 87 14 77 68
is_linear=0
shrinkage=0.03


Tree=116
num_leaves=8
num_cat=0
split_feature=4 7 8 15 4 4 7
split_gain=374.391 85.5413 51.484 59.6776 68.9667 130.255 59.4633
threshold=175.00000000000003 1.4142857142857144 21.500000000000004 1.0000000180025095e-35 100.00000000000001 145.00000000000003 1.8333333333333337
decision_type=2 2 2 2 2 2 2
left_child=1 -1 3 4 -3 6 -6
right_child=-2 2 -4 -5 5 -7 -8
leaf_value=-0.0672992604830355 0.210155910551548 -0.0085596767906099547 -0.09141798989130899 -0.065901221892108092 0.034753442196285005 -0.058979247684280069 0.13657772835610169
leaf_weight=21 6.9999999999999991 43 4.9999999999999991 8.9999999999999982 10.000000000000004 6.9999999999999991 11
leaf_count=21 7 43 5 9 10 7 11
internal_value=0.000794527 -0.0133868 4.18105e-05 0.00599047 0.0152841 0.0517555 0.088946
internal_weight=113 106 85 80 71 28 21
internal_count=113 106 85 80 71 28 21
is_linear=0
shrinkage=0.03


Tree=117
num_leaves=8
num_cat=0
split_feature=0 3 9 8 9 6 0
split_gain=353.95 69.3008 63.0556 46.8229 45.7645 59.3437 54.2847
threshold=18.000000000000004 4.7500000000000009 0.40879120879120889 6.5312500000000009 0.61064615384615395 72.800000000000011 11.000000000000002
decision_type=2 2 2 2 2 2 2
left_child=1 -1 -3 -4 5 6 -5
right_child=-2 2 3 4 -6 -7 -8
leaf_value=-0.030754713126582043 0.20434042990207671 -0.053570727066295905 -0.033044449129412234 0.01242730622490246 0.13874829108898454 -0.049537513072674087 0.13498406415985473
leaf_weight=69 6.9999999999999991 7.9999999999999991 6.0000000000000027 7.0000000000000053 4.9999999999999991 4.9999999999999991 6
leaf_count=69 7 8 6 7 5 5 6
internal_value=0.000774234 -0.0130142 0.0200166 0.0405958 0.0599903 0.0367463 0.0702938
internal_weight=113 106 37 29 23 18 13
internal_count=113 106 37 29 23 18 13
is_linear=0
shrinkage=0.03


Tree=118
num_leaves=8
num_cat=0
split_feature=4 7 2 8 15 4 4
split_gain=345.827 82.2169 49.8852 47.8766 55.5774 62.5602 118.637
threshold=175.00000000000003 1.4142857142857144 2.9500000000000006 21.500000000000004 1.0000000180025095e-35 100.00000000000001 145.00000000000003
decision_type=2 2 2 2 2 2 2
left_child=1 2 -1 4 5 -3 -7
right_child=-2 3 -4 -5 -6 6 -8
leaf_value=0 0.20198468024531999 -0.0077015478899961111 -0.098026730040429347 -0.087893774601129376 -0.063338213550007863 0.085236586924853169 -0.055937087461352342
leaf_weight=7.0000000000000027 6.9999999999999991 43 13.999999999999998 4.9999999999999991 8.9999999999999982 21.000000000000004 6.9999999999999991
leaf_count=7 7 43 14 5 9 21 7
internal_value=0.000767761 -0.0128614 -0.0657161 0.000302847 0.00603928 0.0150079 0.0497436
internal_weight=113 106 21 85 80 71 28
internal_count=113 106 21 85 80 71 28
is_linear=0
shrinkage=0.03


Tree=119
num_leaves=8
num_cat=0
split_feature=2 0 23 4 8 25 11
split_gain=345.22 316.232 143.707 122.724 102.596 66.5019 47.4572
threshold=4.0500000000000007 11.000000000000002 1.0000000180025095e-35 132.50000000000003 11.830357142857144 1.0000000180025095e-35 1.0000000180025095e-35
decision_type=2 2 2 2 2 2 2
left_child=2 -2 3 5 -4 6 -1
right_child=1 -3 4 -5 -6 -7 -8
leaf_value=-0.03649078095238175 0.019075277000665664 0.32876157595561095 -0.21229566583266626 0.094833443305071666 -0.043317504541381543 0.059850811997185588 0.033708255544359633
leaf_weight=58 6.9999999999999982 5 4.9999999999999991 9.9999999999999982 8.9999999999999982 8.9999999999999982 9.9999999999999982
leaf_count=58 7 5 5 10 9 9 10
internal_value=0.000741458 0.151508 -0.0174206 -0.0029531 -0.105913 -0.0158849 -0.0260768
internal_weight=113 12 101 87 14 77 68
internal_count=113 12 101 87 14 77 68
is_linear=0
shrinkage=0.03


Tree=120
num_leaves=8
num_cat=0
split_feature=4 7 2 8 15 4 4
split_gain=330.174 73.8299 46.957 45.5562 50.4186 53.3167 119.696
threshold=175.00000000000003 1.4142857142857144 2.9500000000000006 21.500000000000004 1.0000000180025095e-35 100.00000000000001 145.00000000000003
decision_type=2 2 2 2 2 2 2
left_child=1 2 -1 4 5 -3 -7
right_child=-2 3 -4 -5 -6 6 -8
leaf_value=0.00068901012341181396 0.19734315815071266 -0.0069317133067589654 -0.094019198736674359 -0.086141615716310627 -0.060589644740457124 0.081766306745275005 -0.059995664209127414
leaf_weight=7.0000000000000027 6.9999999999999991 43 13.999999999999998 4.9999999999999991 8.9999999999999982 21.000000000000004 6.9999999999999991
leaf_count=7 7 43 14 5 9 21 7
internal_value=0.000732551 -0.0125842 -0.0626704 -7.43454e-05 0.00548756 0.0140313 0.0460985
internal_weight=113 106 21 85 80 71 28
internal_count=113 106 21 85 80 71 28
is_linear=0
shrinkage=0.03


Tree=121
num_leaves=8
num_cat=0
split_feature=2 2 23 4 8 25 14
split_gain=325.573 297.315 140.511 114.808 100.092 61.539 42.6443
threshold=4.0500000000000007 4.2500000000000009 1.0000000180025095e-35 132.50000000000003 11.830357142857144 1.0000000180025095e-35 1.0000000180025095e-35
decision_type=2 2 2 2 2 2 2
left_child=2 -2 3 5 -4 6 -1
right_child=1 -3 4 -5 -6 -7 -8
leaf_value=-0.014334541969261802 0.31899291398433544 0.018698071241378782 -0.20950733487422649 0.091954888087861689 -0.042607064632617909 0.057719287412322087 -0.078513645066746643
leaf_weight=57 4.9999999999999982 7 4.9999999999999991 9.9999999999999982 8.9999999999999982 8.9999999999999982 10.999999999999998
leaf_count=57 5 7 5 10 9 9 11
internal_value=0.000707905 0.147122 -0.0169294 -0.00262421 -0.104431 -0.015133 -0.0249382
internal_weight=113 12 101 87 14 77 68
internal_count=113 12 101 87 14 77 68
is_linear=0
shrinkage=0.03


Tree=122
num_leaves=8
num_cat=0
split_feature=0 5 25 5 5 6 5
split_gain=319.534 56.9552 43.9863 46.4964 109.5 34.0216 60.6465
threshold=18.000000000000004 13.800000000000002 1.0000000180025095e-35 53.600000000000009 45.899999999999999 59.400000000000013 29.200000000000006
decision_type=2 2 2 2 2 2 2
left_child=1 -1 3 4 5 6 -3
right_child=-2 2 -4 -5 -6 -7 -8
leaf_value=-0.093894527281324067 0.19411087910334268 -0.02590037895123596 0.056025351817193238 -0.085981603016455965 0.097643890439010242 -0.085184879370274066 0.043611550980680425
leaf_weight=6.9999999999999991 6.9999999999999991 55 8.9999999999999982 6.9999999999999991 7.9999999999999991 5.9999999999999991 13.999999999999998
leaf_count=7 7 55 9 7 8 6 14
internal_value=0.000693818 -0.0124064 -0.00645179 -0.0128265 -0.00644691 -0.0178 -0.0116896
internal_weight=113 106 99 90 83 75 69
internal_count=113 106 99 90 83 75 69
is_linear=0
shrinkage=0.03


Tree=123
num_leaves=8
num_cat=0
split_feature=4 5 1 3 3 9 9
split_gain=308.66 69.398 99.7594 53.5938 37.1103 28.5454 26.0601
threshold=175.00000000000003 55.20000000000001 18.000000000000004 3.8500000000000001 5.0500000000000007 0.23212307692307693 0.56867692307692319
decision_type=2 2 2 2 2 2 2
left_child=1 2 3 5 -5 -1 -4
right_child=-2 -3 6 4 -6 -7 -8
leaf_value=-0.041983818106535002 0.19077563669532538 -0.10961248438204486 0.078108542432808958 -0.020183065006873706 0.057289395707268861 -0.13436710073397706 0.017971780697504679
leaf_weight=7.9999999999999982 6.9999999999999991 5.9999999999999991 11.000000000000002 54 5.9999999999999991 5 15.999999999999998
leaf_count=8 7 6 11 54 6 5 16
internal_value=0.000677929 -0.0121972 -0.0061302 -0.0243607 -0.0122463 -0.079127 0.0429213
internal_weight=113 106 100 73 60 13 27
internal_count=113 106 100 73 60 13 27
is_linear=0
shrinkage=0.03


Tree=124
num_leaves=8
num_cat=0
split_feature=2 0 23 4 8 25 11
split_gain=307.763 303.29 132.885 103.786 97.0647 55.2041 39.8245
threshold=4.0500000000000007 11.000000000000002 1.0000000180025095e-35 132.50000000000003 11.830357142857144 1.0000000180025095e-35 1.0000000180025095e-35
decision_type=2 2 2 2 2 2 2
left_child=2 -2 3 5 -4 6 -1
right_child=1 -3 4 -5 -6 -7 -8
leaf_value=-0.03329864289726793 0.013474086473385495 0.316585194330949 -0.2050442690574206 0.087347210715798776 -0.040733209785235966 0.054528523307779561 0.031001826235476659
leaf_weight=58 6.9999999999999982 5 4.9999999999999991 9.9999999999999982 8.9999999999999982 8.9999999999999982 9.9999999999999982
leaf_count=58 7 5 5 10 9 9 10
internal_value=0.000659207 0.143013 -0.0164885 -0.00257636 -0.101583 -0.0144702 -0.0237575
internal_weight=113 12 101 87 14 77 68
internal_count=113 12 101 87 14 77 68
is_linear=0
shrinkage=0.03


Tree=125
num_leaves=8
num_cat=0
split_feature=0 14 3 4 15 8 2
split_gain=295.187 52.4844 47.1109 58.0523 61.058 52.7106 41.1888
threshold=18.000000000000004 1.0000000180025095e-35 4.4500000000000011 145.00000000000003 1.0000000180025095e-35 6.5312500000000009 3.4500000000000006
decision_type=2 2 2 2 2 2 2
left_child=1 2 -1 4 5 -4 -7
right_child=-2 -3 3 -5 -6 6 -8
leaf_value=-0.027363783607925223 0.18655455539623894 -0.073373381399682594 -0.025858593285083772 -0.080151301461916694 -0.071417032365615543 0.12558459289612306 0.038693508982999635
leaf_weight=44 6.9999999999999991 10.999999999999998 8.9999999999999982 4.9999999999999991 4.9999999999999991 5.9999999999999991 26
leaf_count=44 7 11 9 5 5 6 26
internal_value=0.000651694 -0.011939 -0.00467058 0.014909 0.0255763 0.0377305 0.055711
internal_weight=113 106 95 51 46 41 32
internal_count=113 106 95 51 46 41 32
is_linear=0
shrinkage=0.03


Tree=126
num_leaves=8
num_cat=0
split_feature=4 5 1 3 3 5 25
split_gain=288.924 72.4773 86.0852 48.9512 33.9809 25.2005 36.0907
threshold=175.00000000000003 55.20000000000001 18.000000000000004 3.8500000000000001 5.0500000000000007 27.600000000000005 1.0000000180025095e-35
decision_type=2 2 2 2 2 2 2
left_child=1 2 3 -1 5 6 -5
right_child=-2 -3 -4 4 -6 -7 -8
leaf_value=-0.074897320189259278 0.18455492241308094 -0.11137151483566529 0.039941207190208577 -0.020605604260890191 0.055549681773108817 -0.08146402441538296 0.06293922835817703
leaf_weight=12.999999999999998 6.9999999999999991 5.9999999999999991 27 44 5.9999999999999991 4.9999999999999991 4.9999999999999991
leaf_count=13 7 6 27 44 6 5 5
internal_value=0.000634802 -0.0118214 -0.00562308 -0.0225592 -0.0109832 -0.0185811 -0.0118289
internal_weight=113 106 100 73 60 54 49
internal_count=113 106 100 73 60 54 49
is_linear=0
shrinkage=0.03


Tree=127
num_leaves=8
num_cat=0
split_feature=2 0 23 4 8 7 2
split_gain=289.904 288.865 126.472 96.4335 95.9882 49.6182 43.7944
threshold=4.0500000000000007 11.000000000000002 1.0000000180025095e-35 132.50000000000003 11.830357142857144 1.4142857142857144 2.9500000000000006
decision_type=2 2 2 2 2 2 2
left_child=2 -2 3 5 -4 6 -1
right_child=1 -3 4 -5 -6 -7 -8
leaf_value=0.0037849610547224656 0.012377695788939796 0.30817307160450857 -0.20190435620454641 0.084227693378925328 -0.038582794552911887 -5.3012669086456297e-05 -0.090045662406282354
leaf_weight=7.0000000000000027 6.9999999999999982 5 4.9999999999999991 9.9999999999999982 8.9999999999999982 58 11.999999999999998
leaf_count=7 7 5 5 10 9 58 12
internal_value=0.000618258 0.13878 -0.016024 -0.00245147 -0.0990397 -0.013917 -0.055719
internal_weight=113 12 101 87 14 77 19
internal_count=113 12 101 87 14 77 19
is_linear=0
shrinkage=0.03


Tree=128
num_leaves=8
num_cat=0
split_feature=4 5 1 3 3 5 25
split_gain=276.058 73.3818 77.3263 45.2628 31.5202 24.137 33.5616
threshold=175.00000000000003 55.20000000000001 18.000000000000004 3.8500000000000001 5.0500000000000007 27.600000000000005 1.0000000180025095e-35
decision_type=2 2 2 2 2 2 2
left_child=1 2 3 -1 5 6 -5
right_child=-2 -3 -4 4 -6 -7 -8
leaf_value=-0.07171509133143858 0.18038239241888124 -0.11173996801337888 0.037847198789172316 -0.019436619185602366 0.053818190936600001 -0.079112573036780723 0.061125203806620371
leaf_weight=12.999999999999998 6.9999999999999991 5.9999999999999991 27 44 5.9999999999999991 4.9999999999999991 4.9999999999999991
leaf_count=13 7 6 27 44 6 5 5
internal_value=0.000603445 -0.011572 -0.00533588 -0.021388 -0.0102568 -0.0175763 -0.0109705
internal_weight=113 106 100 73 60 54 49
internal_count=113 106 100 73 60 54 49
is_linear=0
shrinkage=0.03


Tree=129
num_leaves=8
num_cat=0
split_feature=2 2 23 0 4 25 5
split_gain=274.544 274.637 121.384 97.148 89.4809 47.1254 33.8703
threshold=4.0500000000000007 4.2500000000000009 1.0000000180025095e-35 7.0000000000000009 132.50000000000003 1.0000000180025095e-35 13.800000000000002
decision_type=2 2 2 2 2 2 2
left_child=2 -2 4 -4 5 6 -1
right_child=1 -3 3 -5 -6 -7 -8
leaf_value=-0.095643324658342924 0.30020792181675254 0.011792914122343063 -0.016616388708353042 -0.17435476635893185 0.081184757601688889 0.050390881403632785 -0.015780230499346279
leaf_weight=4.9999999999999991 4.9999999999999982 7 6.9999999999999982 7 9.9999999999999982 8.9999999999999982 63
leaf_count=5 5 7 7 7 10 9 63
internal_value=0.000587656 0.13504 -0.0156074 -0.0969361 -0.0023105 -0.0133557 -0.0219378
internal_weight=113 12 101 14 87 77 68
internal_count=113 12 101 14 87 77 68
is_linear=0
shrinkage=0.03


Tree=130
num_leaves=8
num_cat=0
split_feature=4 5 1 3 3 5 25
split_gain=266.343 68.8918 72.1445 40.6077 28.8946 22.8182 30.5528
threshold=175.00000000000003 55.20000000000001 18.000000000000004 3.8500000000000001 5.0500000000000007 27.600000000000005 1.0000000180025095e-35
decision_type=2 2 2 2 2 2 2
left_child=1 2 3 -1 5 6 -5
right_child=-2 -3 -4 4 -6 -7 -8
leaf_value=-0.068516311618414802 0.1771645058443149 -0.10843802393444121 0.036372001030317999 -0.018956191554261006 0.051051470360027676 -0.077138792505631062 0.057908394084526936
leaf_weight=12.999999999999998 6.9999999999999991 5.9999999999999991 27 44 5.9999999999999991 4.9999999999999991 4.9999999999999991
leaf_count=13 7 6 27 44 6 5 5
internal_value=0.000577113 -0.0113819 -0.00533872 -0.0208437 -0.0102964 -0.0173037 -0.0108789
internal_weight=113 106 100 73 60 54 49
internal_count=113 106 100 73 60 54 49
is_linear=0
shrinkage=0.03


Tree=131
num_leaves=8
num_cat=0
split_feature=0 14 4 5 8 9 3
split_gain=261.313 43.4926 53.2244 74.7658 35.5146 35.622 22.4041
threshold=18.000000000000004 1.0000000180025095e-35 145.00000000000003 50.100000000000009 14.79166666666667 0.37589743589743596 4.3500000000000005
decision_type=2 2 2 2 2 2 2
left_child=1 2 3 4 5 -1 -7
right_child=-2 -3 -4 -5 -6 6 -8
leaf_value=0.086251998589589041 0.17547414729992547 -0.067210361819182121 -0.066103747449150041 0.11369951273959417 -0.02933883368672914 -0.05532157852099491 0.010938323480742317
leaf_weight=4.9999999999999991 6.9999999999999991 10.999999999999998 10.999999999999998 4.9999999999999991 30 4.9999999999999991 39
leaf_count=5 7 11 11 5 30 5 39
internal_value=0.000562023 -0.0112834 -0.00466425 0.00350149 -0.00372364 0.0119842 0.0031586
internal_weight=113 106 95 84 79 49 44
internal_count=113 106 95 84 79 49 44
is_linear=0
shrinkage=0.03


Tree=132
num_leaves=8
num_cat=0
split_feature=2 0 23 0 4 25 11
split_gain=259.176 280.419 115.685 97.554 83.0777 42.339 31.2446
threshold=4.0500000000000007 11.000000000000002 1.0000000180025095e-35 7.0000000000000009 132.50000000000003 1.0000000180025095e-35 1.0000000180025095e-35
decision_type=2 2 2 2 2 2 2
left_child=2 -2 4 -4 5 6 -1
right_child=1 -3 3 -5 -6 -7 -8
leaf_value=-0.029430784791199125 0.0068083465596040097 0.29807497556392959 -0.014172265231609346 -0.17214766745766003 0.078251696073395369 0.047577624126620914 0.02751583521856981
leaf_weight=58 6.9999999999999982 5 6.9999999999999982 7 9.9999999999999982 8.9999999999999982 9.9999999999999982
leaf_count=58 7 5 7 7 10 9 10
internal_value=0.00055369 0.131189 -0.0151811 -0.0945777 -0.00219987 -0.0128432 -0.0209782
internal_weight=113 12 101 14 87 77 68
internal_count=113 12 101 14 87 77 68
is_linear=0
shrinkage=0.03


Tree=133
num_leaves=8
num_cat=0
split_feature=4 5 5 14 15 3 8
split_gain=253.782 72.1978 61.3717 37.7084 29.0118 42.158 25.6141
threshold=175.00000000000003 55.20000000000001 45.899999999999999 1.0000000180025095e-35 1.0000000180025095e-35 4.4500000000000011 21.500000000000004
decision_type=2 2 2 2 2 2 2
left_child=1 2 3 4 5 6 -1
right_child=-2 -3 -4 -5 -6 -7 -8
leaf_value=-0.010160891479008819 0.17292388676355283 -0.11047822242782962 0.064800201479126421 -0.06436289951205254 -0.055578600362591123 0.024300163424023507 -0.07753741340771797
leaf_weight=29 6.9999999999999991 5.9999999999999991 9.9999999999999982 10.999999999999998 8.9999999999999982 35 5.9999999999999991
leaf_count=29 7 6 10 11 9 35 6
internal_value=0.000550329 -0.0111229 -0.00493802 -0.0128298 -0.005491 0.00106746 -0.0221287
internal_weight=113 106 100 90 79 70 35
internal_count=113 106 100 90 79 70 35
is_linear=0
shrinkage=0.03


Tree=134
num_leaves=8
num_cat=0
split_feature=2 0 23 0 4 25 5
split_gain=244.511 266.208 113.673 96.6038 76.7958 38.7404 29.7363
threshold=4.0500000000000007 11.000000000000002 1.0000000180025095e-35 7.0000000000000009 132.50000000000003 1.0000000180025095e-35 13.800000000000002
decision_type=2 2 2 2 2 2 2
left_child=2 -2 4 -4 5 6 -1
right_child=1 -3 3 -5 -6 -7 -8
leaf_value=-0.088960224774021365 0.0062338439623514817 0.29001728406319244 -0.013462548255920411 -0.17064459962149461 0.075463210103266384 0.04567322015762329 -0.014134028602328482
leaf_weight=4.9999999999999991 6.9999999999999982 5 6.9999999999999982 7 9.9999999999999982 8.9999999999999982 63
leaf_count=5 7 5 7 7 10 9 63
internal_value=0.000529653 0.127416 -0.0147531 -0.0934557 -0.00188584 -0.0121201 -0.0199027
internal_weight=113 12 101 14 87 77 68
internal_count=113 12 101 14 87 77 68
is_linear=0
shrinkage=0.03


Tree=135
num_leaves=8
num_cat=0
split_feature=4 5 5 14 9 15 6
split_gain=245.079 73.6152 55.6703 34.9697 27.7332 29.5118 32.2269
threshold=175.00000000000003 55.20000000000001 45.899999999999999 1.0000000180025095e-35 0.23212307692307693 1.0000000180025095e-35 59.400000000000013
decision_type=2 2 2 2 2 2 2
left_child=1 2 3 4 -1 6 -6
right_child=-2 -3 -4 -5 5 -7 -8
leaf_value=-0.041592253331879249 0.16991254083812238 -0.11127554604603397 0.061712512759601372 -0.061849617298160284 0.020571547854262795 -0.049681963615301181 -0.043752911149001705
leaf_weight=14.999999999999998 6.9999999999999991 5.9999999999999991 9.9999999999999982 10.999999999999998 48 7.9999999999999991 7.9999999999999991
leaf_count=15 7 6 10 11 48 8 8
internal_value=0.000520267 -0.0109508 -0.00470626 -0.0122232 -0.00515555 0.0034639 0.0112326
internal_weight=113 106 100 90 79 64 56
internal_count=113 106 100 90 79 64 56
is_linear=0
shrinkage=0.03


Tree=136
num_leaves=8
num_cat=0
split_feature=0 4 5 5 8 15 4
split_gain=237.189 47.7827 72.3506 35.9169 26.9865 32.5233 52.7419
threshold=18.000000000000004 145.00000000000003 50.100000000000009 13.800000000000002 21.500000000000004 1.0000000180025095e-35 100.00000000000001
decision_type=2 2 2 2 2 2 2
left_child=1 2 3 -1 5 6 -5
right_child=-2 -3 -4 4 -6 -7 -8
leaf_value=-0.074422162820895504 0.16714426010847092 -0.06940078481765731 0.10494564834409034 -0.0069535969739081323 -0.060036618902037535 -0.052167426606883172 0.055145495242301237
leaf_weight=6.9999999999999991 6.9999999999999991 10.999999999999998 4.9999999999999991 51 6.9999999999999991 8.9999999999999982 15.999999999999998
leaf_count=7 7 11 5 51 7 9 16
internal_value=0.0005005 -0.0107842 -0.00384972 -0.0101298 -0.00452369 0.000713813 0.0079737
internal_weight=113 106 95 90 83 76 67
internal_count=113 106 95 90 83 76 67
is_linear=0
shrinkage=0.03


Tree=137
num_leaves=8
num_cat=0
split_feature=2 2 23 8 3 5 14
split_gain=231.669 254.867 109.814 96.9167 76.3907 194.305 41.7961
threshold=4.0500000000000007 4.2500000000000009 1.0000000180025095e-35 11.830357142857144 5.3500000000000005 50.100000000000009 1.0000000180025095e-35
decision_type=2 2 2 2 2 2 2
left_child=2 -2 4 -4 5 6 -1
right_child=1 -3 3 -5 -6 -7 -8
leaf_value=0.0030833025763462654 0.28309641315386846 0.0054397059480349209 -0.19502615958452224 -0.031208166794284529 -0.10325114607810974 0.18342377782441099 -0.059641659238508768
leaf_weight=65 4.9999999999999982 7 4.9999999999999991 8.9999999999999982 5.9999999999999991 4.9999999999999991 10.999999999999998
leaf_count=65 5 7 5 9 6 5 11
internal_value=0.000487697 0.123997 -0.0143879 -0.091743 -0.00174093 0.00599567 -0.00610834
internal_weight=113 12 101 14 87 81 76
internal_count=113 12 101 14 87 81 76
is_linear=0
shrinkage=0.03


Tree=138
num_leaves=8
num_cat=0
split_feature=4 5 1 3 9 5 5
split_gain=230.566 70.9354 49.978 33.1908 24.5594 23.7579 33.9552
threshold=175.00000000000003 55.20000000000001 18.000000000000004 3.8500000000000001 0.61064615384615395 21.900000000000006 19.500000000000004
decision_type=2 2 2 2 2 2 2
left_child=1 2 3 -1 5 6 -5
right_child=-2 -3 -4 4 -6 -7 -8
leaf_value=-0.060520744215358385 0.16477818413327139 -0.10913015441548439 0.030194518728291285 -0.013573172542759601 0.054419431617626766 -0.038690166838888852 0.059687415560086561
leaf_weight=12.999999999999998 6.9999999999999991 5.9999999999999991 27 27 4.9999999999999991 21 6.9999999999999991
leaf_count=13 7 6 27 27 5 21 7
internal_value=0.000477223 -0.0106486 -0.00451871 -0.0174258 -0.00789354 -0.0137622 0.00172687
internal_weight=113 106 100 73 60 55 34
internal_count=113 106 100 73 60 55 34
is_linear=0
shrinkage=0.03


Tree=139
num_leaves=8
num_cat=0
split_feature=0 4 5 14 15 7 8
split_gain=221.366 44.7304 62.7408 32.6093 26.9695 38.4107 57.4149
threshold=18.000000000000004 145.00000000000003 50.100000000000009 1.0000000180025095e-35 1.0000000180025095e-35 1.6333333333333335 21.500000000000004
decision_type=2 2 2 2 2 2 2
left_child=1 2 3 4 5 -1 -7
right_child=-2 -3 -4 -5 -6 6 -8
leaf_value=-0.031355416150671417 0.1614569239815076 -0.067147949130407406 0.09758692963765217 -0.057487641360078542 -0.051056764961584754 0.028449927036015857 -0.076822945200479928
leaf_weight=20 6.9999999999999991 10.999999999999998 4.9999999999999991 10.999999999999998 8.9999999999999982 45 4.9999999999999991
leaf_count=20 7 11 5 11 9 45 5
internal_value=0.000467129 -0.0104342 -0.0037243 -0.00957324 -0.00275435 0.00356236 0.0176286
internal_weight=113 106 95 90 79 70 50
internal_count=113 106 95 90 79 70 50
is_linear=0
shrinkage=0.03


Tree=140
num_leaves=8
num_cat=0
split_feature=2 0 23 0 3 5 14
split_gain=220.495 256.487 106.097 98.2883 75.76 174.267 37.0538
threshold=4.0500000000000007 11.000000000000002 1.0000000180025095e-35 7.0000000000000009 5.3500000000000005 50.100000000000009 1.0000000180025095e-35
decision_type=2 2 2 2 2 2 2
left_child=2 -2 4 -4 5 6 -1
right_child=1 -3 3 -5 -6 -7 -8
leaf_value=0.0032648973896002476 0.0021133962273597717 0.2805453146420992 -0.0095386712998151799 -0.16793924326697982 -0.10271957003301188 0.17410557712499911 -0.055793809124401635
leaf_weight=65 6.9999999999999982 5 6.9999999999999982 7 5.9999999999999991 4.9999999999999991 10.999999999999998
leaf_count=65 7 5 7 7 6 5 11
internal_value=0.000452115 0.120947 -0.01406 -0.0900944 -0.0016288 0.00607549 -0.00538739
internal_weight=113 12 101 14 87 81 76
internal_count=113 12 101 14 87 81 76
is_linear=0
shrinkage=0.03


Tree=141
num_leaves=8
num_cat=0
split_feature=4 5 1 3 3 5 5
split_gain=219.289 73.9307 43.7278 30.7549 22.654 26.3365 30.8699
threshold=175.00000000000003 55.20000000000001 18.000000000000004 5.0500000000000007 3.8500000000000001 21.900000000000006 19.500000000000004
decision_type=2 2 2 2 2 2 2
left_child=1 2 3 4 -1 6 -6
right_child=-2 -3 -4 -5 5 -7 -8
leaf_value=-0.057394229918718336 0.1606774303937952 -0.11094262615326911 0.028320134277181587 0.047737830123834063 -0.011921670465346644 -0.040528809005523671 0.05792820458610852
leaf_weight=12.999999999999998 6.9999999999999991 5.9999999999999991 27 5.9999999999999991 27 20 6.9999999999999991
leaf_count=13 7 6 27 6 27 20 7
internal_value=0.000444729 -0.0104052 -0.0041486 -0.0162226 -0.0220978 -0.0133924 0.00266999
internal_weight=113 106 100 73 67 54 34
internal_count=113 106 100 73 67 54 34
is_linear=0
shrinkage=0.03


Tree=142
num_leaves=8
num_cat=0
split_feature=2 0 23 0 3 5 5
split_gain=209.931 242.775 102.38 97.4153 70.7598 162.734 35.1557
threshold=4.0500000000000007 11.000000000000002 1.0000000180025095e-35 7.0000000000000009 5.3500000000000005 50.100000000000009 13.800000000000002
decision_type=2 2 2 2 2 2 2
left_child=2 -2 4 -4 5 6 -1
right_child=1 -3 3 -5 -6 -7 -8
leaf_value=-0.080441837998536908 0.0023790943622589112 0.27328245107944193 -0.008256440907716751 -0.16591017052531243 -0.099211884371695966 0.16830620842770888 0.00034763386054487708
leaf_weight=4.9999999999999991 6.9999999999999982 5 6.9999999999999982 7 5.9999999999999991 4.9999999999999991 71
leaf_count=5 7 5 7 7 6 5 71
internal_value=0.000434905 0.118008 -0.013725 -0.0884155 -0.00151339 0.0059316 -0.00514496
internal_weight=113 12 101 14 87 81 76
internal_count=113 12 101 14 87 81 76
is_linear=0
shrinkage=0.03


Tree=143
num_leaves=8
num_cat=0
split_feature=4 5 1 9 8 1 8
split_gain=211.015 75.0969 39.7625 29.1848 27.2234 22.6152 29.881
threshold=175.00000000000003 55.20000000000001 18.000000000000004 0.61064615384615395 10.520833333333334 5.0000000000000009 21.500000000000004
decision_type=2 2 2 2 2 2 2
left_child=1 2 3 4 -1 -6 -7
right_child=-2 -3 -4 -5 5 6 -8
leaf_value=-0.071979814811450674 0.15760750403006873 -0.11154298672752995 0.027048879521625005 0.053105414326374341 -0.056857599000567978 0.0019913174700620885 -0.073847605127554658
leaf_weight=7.9999999999999991 6.9999999999999991 5.9999999999999991 27 4.9999999999999991 8.9999999999999982 46 4.9999999999999991
leaf_count=8 7 6 27 5 9 46 5
internal_value=0.000426255 -0.0102168 -0.00391173 -0.015426 -0.0206281 -0.0135398 -0.005674
internal_weight=113 106 100 73 68 60 51
internal_count=113 106 100 73 68 60 51
is_linear=0
shrinkage=0.03


Tree=144
num_leaves=8
num_cat=0
split_feature=0 4 1 9 3 3 3
split_gain=204.603 46.2638 48.0008 48.1184 27.7465 22.624 19.3083
threshold=18.000000000000004 145.00000000000003 18.000000000000004 0.5887179487179488 5.0500000000000007 5.0500000000000007 3.8500000000000001
decision_type=2 2 2 2 2 2 2
left_child=1 2 4 -4 6 -5 -1
right_child=-2 -3 3 5 -6 -7 -8
leaf_value=-0.05314732338894497 0.15518407950798671 -0.067746672146022313 0.083298274208517598 0.035335076826234019 0.045769674196358641 -0.045689467458475005 -0.012517015533281207
leaf_weight=12.999999999999998 6.9999999999999991 10.999999999999998 10.000000000000002 5.9999999999999982 5.9999999999999991 6 54
leaf_count=13 7 11 10 6 6 6 54
internal_value=0.000409124 -0.0100707 -0.00324842 0.0353804 -0.0149753 -0.00513912 -0.0205575
internal_weight=113 106 95 22 73 12 67
internal_count=113 106 95 22 73 12 67
is_linear=0
shrinkage=0.03


Tree=145
num_leaves=8
num_cat=0
split_feature=2 2 23 0 3 5 14
split_gain=198.892 233.778 96.9307 96.3967 69.3704 150.334 33.4285
threshold=4.0500000000000007 4.2500000000000009 1.0000000180025095e-35 7.0000000000000009 5.3500000000000005 50.100000000000009 1.0000000180025095e-35
decision_type=2 2 2 2 2 2 2
left_child=2 -2 4 -4 5 6 -1
right_child=1 -3 3 -5 -6 -7 -8
leaf_value=0.0034460713438963959 0.26721329501042002 0.0014019318421681719 -0.0063717573136091235 -0.16313758894801139 -0.098230290182175162 0.16194150200400215 -0.052648769297770091
leaf_weight=65 4.9999999999999982 7 6.9999999999999982 7 5.9999999999999991 4.9999999999999991 10.999999999999998
leaf_count=65 5 7 7 7 6 5 11
internal_value=0.000403899 0.114845 -0.0133783 -0.086054 -0.00149558 0.00587578 -0.00477011
internal_weight=113 12 101 14 87 81 76
internal_count=113 12 101 14 87 81 76
is_linear=0
shrinkage=0.03


Tree=146
num_leaves=8
num_cat=0
split_feature=4 5 5 3 5 6 1
split_gain=201.018 71.4813 35.1565 26.0588 21.3128 24.25 48.7699
threshold=175.00000000000003 55.20000000000001 45.899999999999999 5.2500000000000009 13.800000000000002 59.400000000000013 18.000000000000004
decision_type=2 2 2 2 2 2 2
left_child=1 2 3 4 -1 6 -6
right_child=-2 -3 -4 -5 5 -7 -8
leaf_value=-0.063940522558987134 0.15381050835053126 -0.10884730638996246 0.048938308647450274 0.044931958913803097 -0.014744419557584442 -0.072387367555728319 0.05925132274546701
leaf_weight=6.9999999999999991 6.9999999999999991 5.9999999999999991 9.9999999999999982 6.9999999999999991 62 4.9999999999999991 8.9999999999999982
leaf_count=7 7 6 10 7 62 5 9
internal_value=0.000397406 -0.00999011 -0.00383828 -0.00981449 -0.0145466 -0.00982159 -0.00520352
internal_weight=113 106 100 90 83 76 71
internal_count=113 106 100 90 83 76 71
is_linear=0
shrinkage=0.03


Tree=147
num_leaves=8
num_cat=0
split_feature=0 4 1 9 9 8 3
split_gain=190.661 42.1465 41.7932 45.6167 25.3635 24.6634 21.7337
threshold=18.000000000000004 145.00000000000003 18.000000000000004 0.5887179487179488 0.61064615384615395 10.520833333333334 5.0500000000000007
decision_type=2 2 2 2 2 2 2
left_child=1 2 4 -4 5 -1 -5
right_child=-2 -3 3 6 -6 -7 -8
leaf_value=-0.067884096365149429 0.14979663421710332 -0.064778788572709467 0.079488464348456411 0.033092351940370378 0.049721950705234816 -0.012264445353905822 -0.046319234525003729
leaf_weight=7.9999999999999991 6.9999999999999991 10.999999999999998 10.000000000000002 5.9999999999999982 4.9999999999999991 60 6
leaf_count=8 7 11 10 6 5 60 6
internal_value=0.000387579 -0.00972845 -0.00321575 0.0328277 -0.0141587 -0.0190098 -0.00659891
internal_weight=113 106 95 22 73 68 12
internal_count=113 106 95 22 73 68 12
is_linear=0
shrinkage=0.03


Tree=148
num_leaves=8
num_cat=0
split_feature=2 0 23 8 3 5 14
split_gain=188.927 235.967 92.6476 95.4062 68.5242 138.06 30.4704
threshold=4.0500000000000007 11.000000000000002 1.0000000180025095e-35 11.830357142857144 5.3500000000000005 50.100000000000009 1.0000000180025095e-35
decision_type=2 2 2 2 2 2 2
left_child=2 -2 4 -4 5 6 -1
right_child=1 -3 3 -5 -6 -7 -8
leaf_value=0.0035341628476337418 -0.0015395788351694744 0.26499980064538803 -0.18652009902092126 -0.024222294523016268 -0.097575841853695527 0.1554521014025578 -0.05002095963273729
leaf_weight=65 6.9999999999999982 5 4.9999999999999991 8.9999999999999982 5.9999999999999991 4.9999999999999991 10.999999999999998
leaf_count=65 7 5 5 9 6 5 11
internal_value=0.000381959 0.111919 -0.0130502 -0.0841021 -0.00143264 0.00589339 -0.0043085
internal_weight=113 12 101 14 87 81 76
internal_count=113 12 101 14 87 81 76
is_linear=0
shrinkage=0.03


Tree=149
num_leaves=8
num_cat=0
split_feature=4 5 8 8 3 9 7
split_gain=189.467 73.585 31.4555 56.8264 28.4517 40.8819 31.4456
threshold=175.00000000000003 55.20000000000001 14.79166666666667 12.812500000000002 4.7500000000000009 0.40879120879120889 1.6333333333333335
decision_type=2 2 2 2 2 2 2
left_child=1 2 3 4 5 -1 -6
right_child=-2 -3 -4 -5 6 -7 -8
leaf_value=0.0096156387735199123 0.14931301498164734 -0.11001132770892112 -0.026838186935341929 0.10378860303702261 -0.011468148466566916 -0.059748442701318051 0.049715713695795451
leaf_weight=18.000000000000004 6.9999999999999991 5.9999999999999991 34 4.9999999999999991 14.000000000000002 12.999999999999998 15.999999999999998
leaf_count=18 7 6 34 5 14 13 16
internal_value=0.000372705 -0.00971152 -0.00347099 0.00858871 0.000447255 -0.019621 0.0212267
internal_weight=113 106 100 66 61 31 30
internal_count=113 106 100 66 61 31 30
is_linear=0
shrinkage=0.03


Tree=150
num_leaves=8
num_cat=0
split_feature=0 4 5 4 3 2 15
split_gain=179.223 42.395 36.393 26.8763 29.3545 23.7182 22.1781
threshold=18.000000000000004 145.00000000000003 45.899999999999999 132.50000000000003 3.8500000000000001 3.1500000000000008 1.0000000180025095e-35
decision_type=2 2 2 2 2 2 2
left_child=1 2 3 4 5 -1 -6
right_child=-2 -3 -4 -5 6 -7 -8
leaf_value=-0.10575640469216384 0.14522501657406489 -0.064652212355285885 0.05379180630264075 0.057135372161865226 0.0001025305056818716 -0.013247375717529883 -0.049788688939550643
leaf_weight=4.9999999999999982 6.9999999999999991 10.999999999999998 8.9999999999999982 4.9999999999999991 62 5 8.9999999999999982
leaf_count=5 7 11 9 5 62 5 9
internal_value=0.000366658 -0.00944081 -0.00290977 -0.00897209 -0.0132019 -0.0608157 -0.00632273
internal_weight=113 106 95 86 81 10 71
internal_count=113 106 95 86 81 10 71
is_linear=0
shrinkage=0.03


Tree=151
num_leaves=8
num_cat=0
split_feature=2 0 23 0 3 5 8
split_gain=178.509 224.476 88.1278 96.7021 66.738 125.594 28.9609
threshold=4.0500000000000007 11.000000000000002 1.0000000180025095e-35 7.0000000000000009 5.3500000000000005 50.100000000000009 21.500000000000004
decision_type=2 2 2 2 2 2 2
left_child=2 -2 4 -4 5 6 -1
right_child=1 -3 3 -5 -6 -7 -8
leaf_value=0.0016095873759661473 -0.0018710824847221375 0.25808217177024251 -0.0023139865091070535 -0.15919355959941942 -0.096250925198678047 0.14850748658180235 -0.066020158952282304
leaf_weight=70 6.9999999999999982 5 6.9999999999999982 7 5.9999999999999991 4.9999999999999991 5.9999999999999991
leaf_count=70 7 5 7 7 6 5 6
internal_value=0.00035647 0.108775 -0.0126996 -0.0819968 -0.00136868 0.00586092 -0.00386919
internal_weight=113 12 101 14 87 81 76
internal_count=113 12 101 14 87 81 76
is_linear=0
shrinkage=0.03


Tree=152
num_leaves=8
num_cat=0
split_feature=4 5 8 8 24 3 9
split_gain=180.798 75.4721 28.351 53.3192 26.7971 24.7205 38.3215
threshold=175.00000000000003 55.20000000000001 14.79166666666667 12.812500000000002 1.0000000180025095e-35 4.7500000000000009 0.40879120879120889
decision_type=2 2 2 2 2 2 2
left_child=1 2 3 5 -4 6 -1
right_child=-2 -3 4 -5 -6 -7 -8
leaf_value=0.0099730333980623167 0.14584269458738466 -0.11107811750904205 -0.036449322641686835 0.10048090563084069 0.037548857408647357 0.019749690581927236 -0.057179183878681879
leaf_weight=18.000000000000004 6.9999999999999991 5.9999999999999991 29 4.9999999999999991 4.9999999999999991 30 12.999999999999998
leaf_count=18 7 6 29 5 5 30 13
internal_value=0.00034896 -0.00950156 -0.00318244 0.00826564 -0.0253674 0.000378834 -0.0183255
internal_weight=113 106 100 66 34 61 31
internal_count=113 106 100 66 34 61 31
is_linear=0
shrinkage=0.03


Tree=153
num_leaves=8
num_cat=0
split_feature=4 5 14 15 7 8 4
split_gain=170.391 71.1647 27.3504 29.1991 40.2536 51.7575 38.4634
threshold=175.00000000000003 55.20000000000001 1.0000000180025095e-35 1.0000000180025095e-35 1.6333333333333335 21.500000000000004 100.00000000000001
decision_type=2 2 2 2 2 2 2
left_child=1 2 3 4 -1 6 -6
right_child=-2 -3 -4 -5 5 -7 -8
leaf_value=-0.023139085581614857 0.14158893791337807 -0.10785326530856471 -0.047271890810557771 -0.048146205450529639 0.014442753288154066 -0.067569784888854387 0.071792010368877349
leaf_weight=25 6.9999999999999991 5.9999999999999991 10.999999999999998 8.9999999999999982 35 4.9999999999999991 14.999999999999998
leaf_count=25 7 6 11 9 35 5 15
internal_value=0.00034466 -0.00921775 -0.00308118 0.00245752 0.00827501 0.0226134 0.0318949
internal_weight=113 106 100 89 80 55 50
internal_count=113 106 100 89 80 55 50
is_linear=0
shrinkage=0.03


Tree=154
num_leaves=8
num_cat=0
split_feature=2 2 23 0 3 5 14
split_gain=170.248 214.828 89.4108 99.3437 60.6401 116.624 26.192
threshold=4.0500000000000007 4.2500000000000009 1.0000000180025095e-35 7.0000000000000009 5.3500000000000005 50.100000000000009 1.0000000180025095e-35
decision_type=2 2 2 2 2 2 2
left_child=2 -2 4 -4 5 6 -1
right_child=1 -3 3 -5 -6 -7 -8
leaf_value=0.0037739637785482619 0.25227415625865646 -0.0020221996307373041 -0.0014848812048633895 -0.16046222950021424 -0.091454095186725731 0.14333940401673317 -0.045879056709153307
leaf_weight=65 4.9999999999999982 7 6.9999999999999982 7 5.9999999999999991 4.9999999999999991 10.999999999999998
leaf_count=65 5 7 7 7 6 5 11
internal_value=0.000329621 0.10621 -0.0124205 -0.0822197 -0.00100841 0.00588155 -0.00349453
internal_weight=113 12 101 14 87 81 76
internal_count=113 12 101 14 87 81 76
is_linear=0
shrinkage=0.03


Tree=155
num_leaves=8
num_cat=0
split_feature=0 4 5 4 3 2 15
split_gain=167.505 40.5162 28.821 24.6364 24.715 21.5832 20.46
threshold=18.000000000000004 145.00000000000003 45.899999999999999 132.50000000000003 3.8500000000000001 3.1500000000000008 1.0000000180025095e-35
decision_type=2 2 2 2 2 2 2
left_child=1 2 3 4 5 -1 -6
right_child=-2 -3 -4 -5 6 -7 -8
leaf_value=-0.098765873333009402 0.1403668766717116 -0.063131248730101758 0.047684444947087241 0.055120843373812158 0.00026468004815735613 -0.010617426450435929 -0.047654304607244943
leaf_weight=4.9999999999999982 6.9999999999999991 10.999999999999998 8.9999999999999982 4.9999999999999991 62 5 8.9999999999999982
leaf_count=5 7 11 9 5 62 5 9
internal_value=0.000323738 -0.0091572 -0.00277231 -0.00816846 -0.0122198 -0.0559111 -0.00590529
internal_weight=113 106 95 86 81 10 71
internal_count=113 106 95 86 81 10 71
is_linear=0
shrinkage=0.03


Tree=156
num_leaves=8
num_cat=0
split_feature=4 5 8 8 24 5 8
split_gain=162.974 67.6047 25.2166 48.2825 24.3059 21.9281 34.5177
threshold=175.00000000000003 55.20000000000001 14.79166666666667 12.812500000000002 1.0000000180025095e-35 45.899999999999999 11.04166666666667
decision_type=2 2 2 2 2 2 2
left_child=1 2 3 5 -4 6 -1
right_child=-2 -3 4 -5 -6 -7 -8
leaf_value=0.00050387795573076256 0.13845144471774498 -0.10517392971823292 -0.034534584240452068 0.095492085625345891 0.035932599800423931 0.040425052572699148 -0.081008243514941278
leaf_weight=46 6.9999999999999991 5.9999999999999991 29 4.9999999999999991 4.9999999999999991 9.9999999999999982 4.9999999999999991
leaf_count=46 7 6 29 5 5 10 5
internal_value=0.000314862 -0.0090368 -0.00305519 0.00774064 -0.0239784 0.000234834 -0.00774343
internal_weight=113 106 100 66 34 61 51
internal_count=113 106 100 66 34 61 51
is_linear=0
shrinkage=0.03


Tree=157
num_leaves=8
num_cat=0
split_feature=2 0 23 0 3 5 8
split_gain=161.784 220.843 84.3544 97.4546 59.1981 105.323 25.24
threshold=4.0500000000000007 11.000000000000002 1.0000000180025095e-35 7.0000000000000009 5.3500000000000005 50.100000000000009 21.500000000000004
decision_type=2 2 2 2 2 2 2
left_child=2 -2 4 -4 5 6 -1
right_child=1 -3 3 -5 -6 -7 -8
leaf_value=0.0019770111662980455 -0.0061035983761151633 0.25162761871631328 0 -0.15740796518822511 -0.090396670910619911 0.13640274581427755 -0.061159012740658165
leaf_weight=70 6.9999999999999982 5 6.9999999999999982 7 5.9999999999999991 4.9999999999999991 5.9999999999999991
leaf_count=70 7 5 7 7 6 5 6
internal_value=0.000310588 0.103526 -0.0121182 -0.0799151 -0.00103285 0.00577456 -0.00313517
internal_weight=113 12 101 14 87 81 76
internal_count=113 12 101 14 87 81 76
is_linear=0
shrinkage=0.03


Tree=158
num_leaves=8
num_cat=0
split_feature=4 5 14 15 7 8 20
split_gain=157.441 68.3588 23.6516 26.1156 37.4909 46.5379 35.1016
threshold=175.00000000000003 55.20000000000001 1.0000000180025095e-35 1.0000000180025095e-35 1.6333333333333335 21.500000000000004 1.0000000180025095e-35
decision_type=2 2 2 2 2 2 2
left_child=1 2 3 4 6 -6 -1
right_child=-2 -3 -4 -5 5 -7 -8
leaf_value=-0.053755103092588158 0.13607580856109658 -0.10555835573903975 -0.043967488493238178 -0.04557938809526841 0.030419499595979772 -0.063893906840911271 0.017313744957957948
leaf_weight=14 6.9999999999999991 5.9999999999999991 10.999999999999998 8.9999999999999982 50 4.9999999999999991 11
leaf_count=14 7 6 11 9 50 5 11
internal_value=0.000304062 -0.00888725 -0.0028729 0.00227659 0.00777933 0.0216179 -0.0225361
internal_weight=113 106 100 89 80 55 25
internal_count=113 106 100 89 80 55 25
is_linear=0
shrinkage=0.03


Tree=159
num_leaves=8
num_cat=0
split_feature=0 4 8 9 2 9 6
split_gain=154.983 40.7853 23.632 33.7111 30.3226 30.1298 36.9872
threshold=18.000000000000004 145.00000000000003 14.79166666666667 0.37589743589743596 3.2500000000000004 0.40153846153846157 37.600000000000001
decision_type=2 2 2 2 2 2 2
left_child=1 2 3 -1 5 -5 -7
right_child=-2 -3 -4 4 -6 6 -8
leaf_value=0.075042720148640288 0.1349945443868637 -0.062984172353254902 -0.022408608779997417 0.038983639226509943 0.020075533878729207 -0.10252904840054043 -0.011878442579849822
leaf_weight=5.9999999999999991 6.9999999999999991 10.999999999999998 34 5.0000000000000027 32 6.0000000000000027 11.999999999999998
leaf_count=6 7 11 34 5 32 6 12
internal_value=0.000286912 -0.00883222 -0.0024271 0.00872247 0.00121467 -0.0249087 -0.0429724
internal_weight=113 106 95 61 55 23 18
internal_count=113 106 95 61 55 23 18
is_linear=0
shrinkage=0.03


Tree=160
num_leaves=8
num_cat=0
split_feature=2 0 23 8 3 5 5
split_gain=153.281 210.761 82.3859 95.2786 57.8611 97.9848 22.8771
threshold=4.0500000000000007 11.000000000000002 1.0000000180025095e-35 11.830357142857144 5.3500000000000005 50.100000000000009 13.800000000000002
decision_type=2 2 2 2 2 2 2
left_child=2 -2 4 -4 5 6 -1
right_child=1 -3 3 -5 -6 -7 -8
leaf_value=-0.063473041983178019 -0.0063346781333287559 0.24543103364797736 -0.18113009512424469 -0.019111005255709523 -0.089210534922538248 0.13186333839709941 0.001698267896544565
leaf_weight=4.9999999999999991 6.9999999999999982 5 4.9999999999999991 8.9999999999999982 5.9999999999999991 4.9999999999999991 71
leaf_count=5 7 5 5 9 6 5 71
internal_value=0.00028158 0.100748 -0.0118158 -0.0788167 -0.00086077 0.0058688 -0.00272498
internal_weight=113 12 101 14 87 81 76
internal_count=113 12 101 14 87 81 76
is_linear=0
shrinkage=0.03


Tree=161
num_leaves=8
num_cat=0
split_feature=4 5 14 15 7 8 20
split_gain=148.922 69.7584 21.7477 24.7223 35.3441 43.3639 32.2524
threshold=175.00000000000003 55.20000000000001 1.0000000180025095e-35 1.0000000180025095e-35 1.6333333333333335 21.500000000000004 1.0000000180025095e-35
decision_type=2 2 2 2 2 2 2
left_child=1 2 3 4 6 -6 -1
right_child=-2 -3 -4 -5 5 -7 -8
leaf_value=-0.05165983624913742 0.13232056292394795 -0.10632044226892531 -0.041997773178986141 -0.04421532984620527 0.029632583662451976 -0.061407055487999539 0.016461386669959339
leaf_weight=14 6.9999999999999991 5.9999999999999991 10.999999999999998 8.9999999999999982 50 4.9999999999999991 11
leaf_count=14 7 6 11 9 50 5 11
internal_value=0.000272987 -0.00866578 -0.00259101 0.00234592 0.00769996 0.0211366 -0.0217342
internal_weight=113 106 100 89 80 55 25
internal_count=113 106 100 89 80 55 25
is_linear=0
shrinkage=0.03


Tree=162
num_leaves=8
num_cat=0
split_feature=0 4 14 15 7 8 4
split_gain=145.595 40.3841 20.9502 24.1114 36.2392 42.5232 45.1507
threshold=18.000000000000004 145.00000000000003 1.0000000180025095e-35 1.0000000180025095e-35 1.6333333333333335 21.500000000000004 108.50000000000001
decision_type=2 2 2 2 2 2 2
left_child=1 2 3 4 -1 6 -6
right_child=-2 -3 -4 -5 5 -7 -8
leaf_value=-0.023667708578947427 0.13082152759035426 -0.062465677482209041 -0.040760340520313805 -0.042917705823707838 0.017409150350227283 -0.059635697144728432 0.094916722149383737
leaf_weight=22 6.9999999999999991 10.999999999999998 10.999999999999998 8.9999999999999982 40 4.9999999999999991 7.9999999999999991
leaf_count=22 7 11 11 9 40 5 8
internal_value=0.000256863 -0.00858134 -0.00220822 0.00290728 0.00852575 0.021956 0.0306984
internal_weight=113 106 95 84 75 53 48
internal_count=113 106 95 84 75 53 48
is_linear=0
shrinkage=0.03


Tree=163
num_leaves=8
num_cat=0
split_feature=2 0 23 0 3 5 5
split_gain=145.299 200.084 81.2437 95.6218 56.5028 91.3502 20.7329
threshold=4.0500000000000007 11.000000000000002 1.0000000180025095e-35 11.000000000000002 5.3500000000000005 50.100000000000009 13.800000000000002
decision_type=2 2 2 2 2 2 2
left_child=2 -2 4 -4 5 6 -1
right_child=1 -3 3 -5 -6 -7 -8
leaf_value=-0.060132289230823512 -0.0062625535329182943 0.23903591834581811 -0.018273431457903076 -0.18055551041777315 -0.087958375061711946 0.12765218694049579 0.0019100862291505497
leaf_weight=4.9999999999999991 6.9999999999999982 5 8.9999999999999982 4.9999999999999991 5.9999999999999991 4.9999999999999991 71
leaf_count=5 7 5 9 5 6 5 71
internal_value=0.000248691 0.0980653 -0.0115291 -0.0780637 -0.000650692 0.00599879 -0.00229908
internal_weight=113 12 101 14 87 81 76
internal_count=113 12 101 14 87 81 76
is_linear=0
shrinkage=0.03


Tree=164
num_leaves=8
num_cat=0
split_feature=4 5 14 2 15 7 8
split_gain=144.027 70.7763 19.1909 21.9998 21.9715 31.3638 38.5637
threshold=175.00000000000003 55.20000000000001 1.0000000180025095e-35 3.1500000000000008 1.0000000180025095e-35 1.6333333333333335 21.500000000000004
decision_type=2 2 2 2 2 2 2
left_child=1 2 4 -4 5 -1 -7
right_child=-2 -3 3 -5 -6 6 -8
leaf_value=-0.020471666306257248 0.13010073506030795 -0.10691354732359608 -5.4687992219002009e-05 -0.08461439582017749 -0.041687571020877875 0.027925311235703559 -0.057923388664539034
leaf_weight=25 6.9999999999999991 5.9999999999999991 5.9999999999999982 5 8.9999999999999982 50 4.9999999999999991
leaf_count=25 7 6 6 5 9 50 5
internal_value=0.000240855 -0.00854953 -0.0024311 -0.0394495 0.00220558 0.0072539 0.0199121
internal_weight=113 106 100 11 89 80 55
internal_count=113 106 100 11 89 80 55
is_linear=0
shrinkage=0.03


Tree=165
num_leaves=8
num_cat=0
split_feature=2 2 23 0 3 5 5
split_gain=137.954 196.286 80.569 94.2722 52.0374 85.8745 19.5217
threshold=4.0500000000000007 4.2500000000000009 1.0000000180025095e-35 7.0000000000000009 5.3500000000000005 50.100000000000009 13.800000000000002
decision_type=2 2 2 2 2 2 2
left_child=2 -2 4 -4 5 6 -1
right_child=1 -3 3 -5 -6 -7 -8
leaf_value=-0.058204179347421101 0.23516557395458226 -0.0077533168594042445 0.00065303089718023947 -0.15372778144975502 -0.084208050716307839 0.12391124239057086 0.0019987958439447902
leaf_weight=4.9999999999999991 4.9999999999999982 7 6.9999999999999982 7 5.9999999999999991 4.9999999999999991 71
leaf_count=5 5 7 7 7 6 5 71
internal_value=0.000223498 0.0955358 -0.0112523 -0.0775097 -0.000419712 0.00596048 -0.00208461
internal_weight=113 12 101 14 87 81 76
internal_count=113 12 101 14 87 81 76
is_linear=0
shrinkage=0.03


Tree=166
num_leaves=8
num_cat=0
split_feature=4 5 14 15 7 8 20
split_gain=139.479 66.0879 17.8442 21.3192 28.8995 36.1276 30.2355
threshold=175.00000000000003 55.20000000000001 1.0000000180025095e-35 1.0000000180025095e-35 1.6333333333333335 21.500000000000004 1.0000000180025095e-35
decision_type=2 2 2 2 2 2 2
left_child=1 2 3 4 6 -6 -1
right_child=-2 -3 -4 -5 5 -7 -8
leaf_value=-0.048668660232928429 0.12801265425048766 -0.10348171049548732 -0.038212987227099281 -0.041283118731301763 0.026835408768100862 -0.056253917125555178 0.01727736606129578
leaf_weight=14 6.9999999999999991 5.9999999999999991 10.999999999999998 8.9999999999999982 50 4.9999999999999991 11
leaf_count=14 7 6 11 9 50 5 11
internal_value=0.000219461 -0.00843077 -0.00251758 0.00195318 0.00692679 0.0190782 -0.0196861
internal_weight=113 106 100 89 80 55 25
internal_count=113 106 100 89 80 55 25
is_linear=0
shrinkage=0.03


Tree=167
num_leaves=8
num_cat=0
split_feature=0 4 4 3 15 2 3
split_gain=136.869 36.8005 18.6056 21.9321 18.3635 16.0638 15.737
threshold=18.000000000000004 145.00000000000003 132.50000000000003 3.8500000000000001 1.0000000180025095e-35 3.1500000000000008 4.7500000000000009
decision_type=2 2 2 2 2 2 2
left_child=1 2 3 5 6 -1 -5
right_child=-2 -3 -4 4 -6 -7 -8
leaf_value=-0.083864423357523407 0.12679765676458676 -0.059802004148119259 0.052879765583918638 -0.0060704247369452024 -0.040071548495603647 -0.0078416441037104656 0.022921879054868921
leaf_weight=4.9999999999999982 6.9999999999999991 10.999999999999998 4.9999999999999991 44 8.9999999999999982 5 27
leaf_count=5 7 11 5 44 9 5 27
internal_value=0.000205548 -0.00836323 -0.00227828 -0.00546971 -0.000168278 -0.0468992 0.00496717
internal_weight=113 106 95 90 80 10 71
internal_count=113 106 95 90 80 10 71
is_linear=0
shrinkage=0.03


Tree=168
num_leaves=8
num_cat=0
split_feature=2 0 8 4 24 2 6
split_gain=130.911 197.095 80.7177 180.501 41.3755 34.0699 28.9775
threshold=4.0500000000000007 11.000000000000002 7.9687500000000009 108.50000000000001 1.0000000180025095e-35 3.7500000000000004 68.600000000000009
decision_type=2 2 2 2 2 2 2
left_child=2 -2 3 6 -4 -6 -1
right_child=1 -3 4 -5 5 -7 -8
leaf_value=-0.046996402493337287 -0.010386284242073697 0.23297053593855635 -0.0060143945585688641 -0.21730524798425344 0.11230105134157035 0.0022191413434652176 0.038934069929584376
leaf_weight=8.0000000000000018 6.9999999999999982 5 72 4.9999999999999991 4.9999999999999982 5 5.9999999999999991
leaf_count=8 7 5 72 5 5 5 6
internal_value=0.000198451 0.0930464 -0.0109802 -0.0663524 0.00196187 0.0585299 -0.0100338
internal_weight=113 12 101 19 82 10 14
internal_count=113 12 101 19 82 10 14
is_linear=0
shrinkage=0.03


Tree=169
num_leaves=8
num_cat=0
split_feature=0 4 4 3 15 3 6
split_gain=131.014 37.0292 17.5763 20.515 17.2248 15.3914 32.2158
threshold=18.000000000000004 145.00000000000003 132.50000000000003 3.8500000000000001 1.0000000180025095e-35 4.7500000000000009 26.100000000000005
decision_type=2 2 2 2 2 2 2
left_child=1 2 3 -1 5 6 -5
right_child=-2 -3 -4 4 -6 -7 -8
leaf_value=-0.045253123816321877 0.12405262917280196 -0.059783185228838451 0.051527878596232479 0.018416883888140577 -0.038704771117671677 0.022672244530609426 -0.032734110708225447
leaf_weight=9.9999999999999982 6.9999999999999991 10.999999999999998 4.9999999999999991 23 8.9999999999999982 27 21
leaf_count=10 7 11 5 23 9 27 21
internal_value=0.000197704 -0.00818549 -0.00208222 -0.00518484 -5.72355e-05 0.00491564 -0.00599981
internal_weight=113 106 95 90 80 71 44
internal_count=113 106 95 90 80 71 44
is_linear=0
shrinkage=0.03


Tree=170
num_leaves=8
num_cat=0
split_feature=4 5 5 3 6 1 5
split_gain=128.183 65.118 16.8989 16.4562 23.0524 32.4593 22.2533
threshold=175.00000000000003 55.20000000000001 45.899999999999999 5.2500000000000009 59.400000000000013 18.000000000000004 25.100000000000005
decision_type=2 2 2 2 2 2 2
left_child=1 2 3 4 5 6 -1
right_child=-2 -3 -4 -5 -6 -7 -8
leaf_value=-0.0055456121446391957 0.12270344869388888 -0.10244857607349273 0.034353789305862255 0.037114238043626145 -0.071341264431293183 0.04689759259638579 -0.051807018667459487
leaf_weight=58 6.9999999999999991 5.9999999999999991 9.9999999999999982 6.9999999999999991 4.9999999999999991 8.9999999999999982 10.999999999999998
leaf_count=58 7 6 10 7 5 9 11
internal_value=0.000193506 -0.00809849 -0.00222933 -0.00637791 -0.0101444 -0.00602986 -0.0130707
internal_weight=113 106 100 90 83 78 69
internal_count=113 106 100 90 83 78 69
is_linear=0
shrinkage=0.03


Tree=171
num_leaves=8
num_cat=0
split_feature=2 0 8 4 24 2 8
split_gain=125.37 186.898 78.2449 173.738 38.2258 31.2998 28.3465
threshold=4.0500000000000007 11.000000000000002 7.9687500000000009 108.50000000000001 1.0000000180025095e-35 3.7500000000000004 14.79166666666667
decision_type=2 2 2 2 2 2 2
left_child=2 -2 3 -1 6 -6 -4
right_child=1 -3 4 -5 5 -7 -8
leaf_value=-0.010010705346792515 -0.0096780320505301179 0.22730548766943121 0.0097491487477802553 -0.21336769399018243 0.10790297544919528 0.0023665889065999247 -0.028508403878914165
leaf_weight=14.000000000000002 6.9999999999999982 5 43 4.9999999999999991 4.9999999999999982 5 29
leaf_count=14 7 5 43 5 5 5 29
internal_value=0.000187829 0.0910497 -0.0107514 -0.065269 0.00199051 0.0563629 -0.00567565
internal_weight=113 12 101 19 82 10 72
internal_count=113 12 101 19 82 10 72
is_linear=0
shrinkage=0.03


Tree=172
num_leaves=8
num_cat=0
split_feature=0 4 8 1 9 2 6
split_gain=124.243 38.3156 17.3839 31.4142 17.48 20.7904 32.5977
threshold=18.000000000000004 145.00000000000003 6.3750000000000009 18.000000000000004 0.61064615384615395 3.5500000000000003 27.800000000000001
decision_type=2 2 2 2 2 2 2
left_child=1 2 -1 4 5 -4 -7
right_child=-2 -3 3 -5 -6 6 -8
leaf_value=-0.046596781214078266 0.12079890623688698 -0.060462233848603705 0.0062333664961765137 0.039640556849815226 0.046389007608477882 -0.0051521596030609023 -0.066430656177098646
leaf_weight=6.9999999999999991 6.9999999999999991 10.999999999999998 33 15.999999999999998 4.9999999999999991 22 11.999999999999998
leaf_count=7 7 11 33 16 5 22 12
internal_value=0.000186342 -0.00797701 -0.00176976 0.0018766 -0.00658118 -0.0106828 -0.0270857
internal_weight=113 106 95 88 72 67 34
internal_count=113 106 95 88 72 67 34
is_linear=0
shrinkage=0.03


Tree=173
num_leaves=8
num_cat=0
split_feature=2 2 8 4 6 6 8
split_gain=120.301 183.136 76.0539 167.643 36.2588 25.8829 16.7078
threshold=4.0500000000000007 4.2500000000000009 7.9687500000000009 108.50000000000001 68.600000000000009 68.600000000000009 21.500000000000004
decision_type=2 2 2 2 2 2 2
left_child=2 -2 3 5 6 -1 -4
right_child=1 -3 4 -5 -6 -7 -8
leaf_value=-0.044928398244991515 0.22406884438716451 -0.010494273702303568 0.00010137495992576025 -0.20976099395981201 0.0663508340747406 0.036282144784927368 -0.051289832169009786
leaf_weight=8.0000000000000018 4.9999999999999982 7 69 4.9999999999999991 6.9999999999999991 5.9999999999999991 5.9999999999999991
leaf_count=8 5 7 69 5 7 6 6
internal_value=0.000182179 0.0891885 -0.0105334 -0.0642823 0.00202852 -0.00999743 -0.00411545
internal_weight=113 12 101 19 82 14 75
internal_count=113 12 101 19 82 14 75
is_linear=0
shrinkage=0.03


Tree=174
num_leaves=8
num_cat=0
split_feature=0 4 5 4 3 2 2
split_gain=119.339 36.3621 16.8632 18.481 15.6702 15.493 19.2104
threshold=18.000000000000004 145.00000000000003 50.100000000000009 132.50000000000003 3.8500000000000001 3.5500000000000003 3.2500000000000004
decision_type=2 2 2 2 2 2 2
left_child=1 2 3 4 -1 6 -6
right_child=-2 -3 -4 -5 5 -7 -8
leaf_value=-0.04307496147997239 0.11838518857955932 -0.058953508550434235 0.050735271389667796 0.050067740403688867 -0.0073008492249663519 -0.015793350448886165 0.038223881205202828
leaf_weight=9.9999999999999982 6.9999999999999991 10.999999999999998 4.9999999999999991 4.9999999999999991 20 41 13.999999999999998
leaf_count=10 7 11 5 5 20 41 14
internal_value=0.000176864 -0.00782347 -0.00177598 -0.00481593 -0.00817193 -0.00339606 0.0115147
internal_weight=113 106 95 90 85 75 34
internal_count=113 106 95 90 85 75 34
is_linear=0
shrinkage=0.03


Tree=175
num_leaves=8
num_cat=0
split_feature=4 5 14 2 15 7 8
split_gain=116.875 61.8253 15.4825 20.7264 17.8334 26.4679 33.2589
threshold=175.00000000000003 55.20000000000001 1.0000000180025095e-35 3.1500000000000008 1.0000000180025095e-35 1.6333333333333335 21.500000000000004
decision_type=2 2 2 2 2 2 2
left_child=1 2 4 -4 5 -1 -7
right_child=-2 -3 3 -5 -6 6 -8
leaf_value=-0.018775528754506794 0.11715991669838936 -0.099672379859032156 0.0024004228268900227 -0.079119674700957057 -0.037399082313413205 0.025765024085206339 -0.053954463463563175
leaf_weight=25 6.9999999999999991 5.9999999999999991 5.9999999999999982 5 8.9999999999999982 50 4.9999999999999991
leaf_count=25 7 6 6 5 9 50 5
internal_value=0.000178172 -0.007739 -0.0020201 -0.0352714 0.00214267 0.00669199 0.0183214
internal_weight=113 106 100 11 89 80 55
internal_count=113 106 100 11 89 80 55
is_linear=0
shrinkage=0.03


Tree=176
num_leaves=8
num_cat=0
split_feature=2 0 23 0 3 5 8
split_gain=115.024 179.579 76.7833 98.3662 50.0935 78.6045 17.3351
threshold=4.0500000000000007 11.000000000000002 1.0000000180025095e-35 11.000000000000002 5.3500000000000005 50.100000000000009 21.500000000000004
decision_type=2 2 2 2 2 2 2
left_child=2 -2 4 -4 5 6 -1
right_child=1 -3 3 -5 -6 -7 -8
leaf_value=0.0030500837740225668 -0.011482398013273876 0.22076411907489479 -0.014459889129452085 -0.17892363390670371 -0.08195048614855735 0.11936384497926784 -0.049276390053452017
leaf_weight=70 6.9999999999999982 5 8.9999999999999982 4.9999999999999991 5.9999999999999991 4.9999999999999991 5.9999999999999991
leaf_count=70 7 5 9 5 6 5 6
internal_value=0.000164024 0.0871967 -0.0103136 -0.0749953 0.000225932 0.0065184 -0.00117976
internal_weight=113 12 101 14 87 81 76
internal_count=113 12 101 14 87 81 76
is_linear=0
shrinkage=0.03


Tree=177
num_leaves=8
num_cat=0
split_feature=4 5 14 2 15 7 8
split_gain=114.713 62.0265 14.6843 19.5496 16.8541 24.7657 30.2822
threshold=175.00000000000003 55.20000000000001 1.0000000180025095e-35 3.1500000000000008 1.0000000180025095e-35 1.6333333333333335 21.500000000000004
decision_type=2 2 2 2 2 2 2
left_child=1 2 4 -4 5 -1 -7
right_child=-2 -3 3 -5 -6 6 -8
leaf_value=-0.018114595909913381 0.11605312112485988 -0.099767806510771467 0.0022421846082133633 -0.076925359505873439 -0.03634362461126369 0.024871867159418613 -0.051194691153673012
leaf_weight=25 6.9999999999999991 5.9999999999999991 5.9999999999999982 5 8.9999999999999982 50 4.9999999999999991
leaf_count=25 7 6 6 5 9 50 5
internal_value=0.000158286 -0.00768517 -0.00195713 -0.0343402 0.00209648 0.00651955 0.0177691
internal_weight=113 106 100 11 89 80 55
internal_count=113 106 100 11 89 80 55
is_linear=0
shrinkage=0.03


Tree=178
num_leaves=8
num_cat=0
split_feature=0 4 4 3 5 2 15
split_gain=112.038 35.4386 15.977 17.7453 14.5893 14.5447 14.4918
threshold=18.000000000000004 145.00000000000003 132.50000000000003 3.8500000000000001 53.600000000000009 3.1500000000000008 1.0000000180025095e-35
decision_type=2 2 2 2 2 2 2
left_child=1 2 3 5 -3 -1 -5
right_child=-2 4 -4 6 -6 -7 -8
leaf_value=-0.077017050477174623 0.1146806924790144 -0.01871552169036407 0.049476111118610076 0.0047330792938892752 -0.088984583255744737 -0.0048075753450393666 -0.035277018929305279
leaf_weight=4.9999999999999982 6.9999999999999991 4.9999999999999982 4.9999999999999991 71 6 5 8.9999999999999982
leaf_count=5 7 5 5 71 6 5 9
internal_value=0.000144967 -0.00760632 -0.00163619 -0.0045958 -0.0580826 -0.0418616 0.000136492
internal_weight=113 106 95 90 11 10 80
internal_count=113 106 95 90 11 10 80
is_linear=0
shrinkage=0.03


Tree=179
num_leaves=8
num_cat=0
split_feature=2 3 8 4 6 6 8
split_gain=110.287 172.815 74.7192 161.985 32.6088 22.9039 14.3699
threshold=4.0500000000000007 5.2500000000000009 7.9687500000000009 108.50000000000001 68.600000000000009 68.600000000000009 21.500000000000004
decision_type=2 2 2 2 2 2 2
left_child=2 -2 3 5 6 -1 -4
right_child=1 -3 4 -5 -6 -7 -8
leaf_value=-0.042888422317621168 -0.028317461244521603 0.19652327276045273 0.00040942087769508357 -0.2064020637823985 0.063325257105752819 0.033503810301903754 -0.047250026936732949
leaf_weight=8.0000000000000018 5.9999999999999982 6 69 4.9999999999999991 6.9999999999999991 5.9999999999999991 5.9999999999999991
leaf_count=8 6 6 69 5 7 6 6
internal_value=0.000136462 0.0853587 -0.0101228 -0.0633986 0.00232754 -0.0100325 -0.00349891
internal_weight=113 12 101 19 82 14 75
internal_count=113 12 101 19 82 14 75
is_linear=0
shrinkage=0.03


Tree=180
num_leaves=8
num_cat=0
split_feature=0 4 4 3 5 15 2
split_gain=107.943 35.9649 15.3205 16.726 15.2122 13.6675 13.6152
threshold=18.000000000000004 145.00000000000003 132.50000000000003 3.8500000000000001 53.600000000000009 1.0000000180025095e-35 3.1500000000000008
decision_type=2 2 2 2 2 2 2
left_child=1 2 3 6 -3 -5 -1
right_child=-2 4 -4 5 -6 -7 -8
leaf_value=-0.074557418387669785 0.11255396609505017 -0.018187461898017392 0.048587024853779713 0.0046949873142614123 -0.08986872356264819 -0.034160055744907131 -0.0046807047953972437
leaf_weight=4.9999999999999982 6.9999999999999991 4.9999999999999982 4.9999999999999991 71 6 8.9999999999999982 5
leaf_count=5 7 5 5 71 6 9 5
internal_value=0.000130323 -0.00747774 -0.00146402 -0.00436283 -0.0583269 0.000230805 -0.040543
internal_weight=113 106 95 90 11 80 10
internal_count=113 106 95 90 11 80 10
is_linear=0
shrinkage=0.03


Tree=181
num_leaves=8
num_cat=0
split_feature=4 5 5 6 1 9 5
split_gain=105.249 59.4468 14.0026 15.8014 24.0989 17.3864 19.3188
threshold=175.00000000000003 55.20000000000001 45.899999999999999 59.400000000000013 18.000000000000004 0.61064615384615395 25.100000000000005
decision_type=2 2 2 2 2 2 2
left_child=1 2 3 4 5 6 -1
right_child=-2 -3 -4 -5 -6 -7 -8
leaf_value=-0.0034982144451983594 0.11113411839925295 -0.097537157766280622 0.031516713815576892 -0.045274737884358665 0.044177425416267437 0.045525185431425391 -0.04396768282760273
leaf_weight=55 6.9999999999999991 5.9999999999999991 9.9999999999999982 7.9999999999999991 8.9999999999999982 4.9999999999999991 12.999999999999998
leaf_count=55 7 6 10 8 9 5 13
internal_value=0.000122273 -0.00739006 -0.00178237 -0.00556058 -0.00156705 -0.00733257 -0.0113633
internal_weight=113 106 100 90 82 73 68
internal_count=113 106 100 90 82 73 68
is_linear=0
shrinkage=0.03


Tree=182
num_leaves=8
num_cat=0
split_feature=2 2 23 0 3 5 8
split_gain=106.516 166.067 75.1335 99.2246 46.863 73.0974 15.4875
threshold=4.0500000000000007 4.2500000000000009 1.0000000180025095e-35 11.000000000000002 5.3500000000000005 50.100000000000009 21.500000000000004
decision_type=2 2 2 2 2 2 2
left_child=2 -2 4 -4 5 6 -1
right_child=1 -3 3 -5 -6 -7 -8
leaf_value=0.003122346171965966 0.21231805058626033 -0.011013812621434528 -0.013180754145850307 -0.17831897677996983 -0.07901852482749569 0.11536939821564234 -0.0463377579181425
leaf_weight=70 4.9999999999999982 7 8.9999999999999982 4.9999999999999991 5.9999999999999991 4.9999999999999991 5.9999999999999991
leaf_count=70 5 7 9 5 6 5 6
internal_value=0.000120437 0.0838733 -0.00996167 -0.0739452 0.00046331 0.00654945 -0.000874087
internal_weight=113 12 101 14 87 81 76
internal_count=113 12 101 14 87 81 76
is_linear=0
shrinkage=0.03


Tree=183
num_leaves=8
num_cat=0
split_feature=4 5 14 2 15 7 8
split_gain=103.577 55.3708 13.5907 18.9239 14.6427 22.1831 27.1317
threshold=175.00000000000003 55.20000000000001 1.0000000180025095e-35 3.1500000000000008 1.0000000180025095e-35 1.6333333333333335 21.500000000000004
decision_type=2 2 2 2 2 2 2
left_child=1 2 4 -4 5 -1 -7
right_child=-2 -3 3 -5 -6 6 -8
leaf_value=-0.017213173384467758 0.11024232108145952 -0.094339099103404628 0.0028909469419910062 -0.074979288944831246 -0.033852160404557761 0.023471622835117507 -0.048525058260330781
leaf_weight=25 6.9999999999999991 5.9999999999999991 5.9999999999999982 5 8.9999999999999982 50 4.9999999999999991
leaf_count=25 7 6 6 5 9 50 5
internal_value=0.000115788 -0.00733651 -0.0019235 -0.0330775 0.00197571 0.00609942 0.0167472
internal_weight=113 106 100 11 89 80 55
internal_count=113 106 100 11 89 80 55
is_linear=0
shrinkage=0.03


Tree=184
num_leaves=8
num_cat=0
split_feature=0 4 4 3 2 5 15
split_gain=101.867 32.4557 14.6501 15.3474 12.8152 12.6752 12.4718
threshold=18.000000000000004 145.00000000000003 132.50000000000003 3.8500000000000001 3.1500000000000008 53.600000000000009 1.0000000180025095e-35
decision_type=2 2 2 2 2 2 2
left_child=1 2 3 4 -1 -3 -5
right_child=-2 5 -4 6 -6 -7 -8
leaf_value=-0.072061944076648135 0.10931823804974555 -0.018795418055871361 0.047370572915444005 0.0042589632572417845 -0.0042734292378792385 -0.084418001077588511 -0.032858673246658365
leaf_weight=4.9999999999999982 6.9999999999999991 4.9999999999999982 4.9999999999999991 71 5 6 8.9999999999999982
leaf_count=5 7 5 5 71 5 6 9
internal_value=0.000104107 -0.00728631 -0.00157225 -0.00440694 -0.0390631 -0.0555918 0
internal_weight=113 106 95 90 10 11 80
internal_count=113 106 95 90 10 11 80
is_linear=0
shrinkage=0.03


Tree=185
num_leaves=8
num_cat=0
split_feature=2 0 8 4 6 6 8
split_gain=102.098 172.282 73.2333 156.346 29.1812 21.0952 12.9078
threshold=4.0500000000000007 11.000000000000002 7.9687500000000009 108.50000000000001 68.600000000000009 68.600000000000009 21.500000000000004
decision_type=2 2 2 2 2 2 2
left_child=2 -2 3 5 6 -1 -4
right_child=1 -3 4 -5 -6 -7 -8
leaf_value=-0.041612049762795589 -0.014470850229263307 0.21293247589698203 0.00074254165387394792 -0.20301049249676559 0.060253657931461931 0.031700472423145845 -0.044427550882101048
leaf_weight=8.0000000000000018 6.9999999999999982 5 69 4.9999999999999991 6.9999999999999991 5.9999999999999991 5.9999999999999991
leaf_count=8 7 5 69 5 7 6 6
internal_value=9.70646e-05 0.082095 -0.00977343 -0.0625172 0.00255182 -0.0100828 -0.00295967
internal_weight=113 12 101 19 82 14 75
internal_count=113 12 101 19 82 14 75
is_linear=0
shrinkage=0.03


Tree=186
num_leaves=8
num_cat=0
split_feature=0 4 8 1 9 5 5
split_gain=98.0911 33.2211 14.1088 22.7612 14.9066 21.5589 13.3934
threshold=18.000000000000004 145.00000000000003 6.3750000000000009 18.000000000000004 0.61064615384615395 25.100000000000005 53.600000000000009
decision_type=2 2 2 2 2 2 2
left_child=1 2 -1 4 5 -4 -3
right_child=-2 6 3 -5 -6 -7 -8
leaf_value=-0.041764017492532723 0.10726498388995725 -0.018274659610425053 -0.00065146457802545534 0.034050903905321055 0.043618642206375416 -0.043453588025136422 -0.085644802409674842
leaf_weight=6.9999999999999991 6.9999999999999991 4.9999999999999982 54 15.999999999999998 4.9999999999999991 12.999999999999998 6
leaf_count=7 7 5 54 16 5 13 6
internal_value=9.38674e-05 -0.00715802 -0.00137769 0.00190527 -0.00529196 -0.00908328 -0.0560291
internal_weight=113 106 95 88 72 67 11
internal_count=113 106 95 88 72 67 11
is_linear=0
shrinkage=0.03


Tree=187
num_leaves=8
num_cat=0
split_feature=2 3 23 0 3 5 14
split_gain=97.5205 164.377 71.8228 95.3027 45.0518 67.9345 14.24
threshold=4.0500000000000007 5.2500000000000009 1.0000000180025095e-35 11.000000000000002 5.3500000000000005 50.100000000000009 1.0000000180025095e-35
decision_type=2 2 2 2 2 2 2
left_child=2 -2 4 -4 5 6 -1
right_child=1 -3 3 -5 -6 -7 -8
leaf_value=0.0047953745079415333 -0.030551139443151416 0.18866197655277864 -0.012568665107955105 -0.17440400383721749 -0.077295118760197387 0.11150832756207538 -0.031819982273238047
leaf_weight=65 5.9999999999999982 6 8.9999999999999982 4.9999999999999991 5.9999999999999991 4.9999999999999991 10.999999999999998
leaf_count=65 6 6 9 5 6 5 11
internal_value=8.9601e-05 0.0802285 -0.00955676 -0.072115 0.000635186 0.00660244 -0.000554139
internal_weight=113 12 101 14 87 81 76
internal_count=113 12 101 14 87 81 76
is_linear=0
shrinkage=0.03


Tree=188
num_leaves=8
num_cat=0
split_feature=4 5 14 2 7 15 8
split_gain=99.2294 56.666 11.8965 18.2354 13.6405 20.1637 25.0093
threshold=175.00000000000003 55.20000000000001 1.0000000180025095e-35 3.1500000000000008 1.6333333333333335 1.0000000180025095e-35 21.500000000000004
decision_type=2 2 2 2 2 2 2
left_child=1 2 4 -4 -1 6 -6
right_child=-2 -3 3 -5 5 -7 -8
leaf_value=-0.016774749770050956 0.10787570760895808 -0.095222813429370987 0.0043776977062225343 -0.072024026925747178 0.022568071941989828 -0.031846466553599934 -0.04655247028057391
leaf_weight=25 6.9999999999999991 5.9999999999999991 5.9999999999999982 5 50 8.9999999999999982 4.9999999999999991
leaf_count=25 7 6 6 5 50 9 5
internal_value=8.45726e-05 -0.00720934 -0.00173403 -0.0308824 0.00191293 0.00926568 0.0161113
internal_weight=113 106 100 11 89 64 55
internal_count=113 106 100 11 89 64 55
is_linear=0
shrinkage=0.03


Tree=189
num_leaves=8
num_cat=0
split_feature=8 6 4 4 5 3 3
split_gain=95.6636 403.896 149.052 20.7161 24.3385 19.9754 12.7805
threshold=7.9687500000000009 85.600000000000009 108.50000000000001 167.50000000000003 45.899999999999999 4.8500000000000005 3.6500000000000008
decision_type=2 2 2 2 2 2 2
left_child=2 3 5 4 6 -1 -2
right_child=1 -3 -4 -5 -6 -7 -8
leaf_value=-0.050339641311476273 0.034656541347503657 0.26952465424170863 -0.19812249943614005 -0.060579166852224323 0.058336063027381889 0.020998709619772144 -0.0072709004345527855
leaf_weight=6.0000000000000027 6.9999999999999991 4.9999999999999991 4.9999999999999991 4.9999999999999991 5.9999999999999991 7.9999999999999991 71
leaf_count=6 7 5 5 5 6 8 71
internal_value=7.40791e-05 0.012527 -0.0609455 -0.00246625 0.00111072 -0.00974763 -0.00340999
internal_weight=113 94 19 89 84 14 78
internal_count=113 94 19 89 84 14 78
is_linear=0
shrinkage=0.03


Tree=190
num_leaves=8
num_cat=0
split_feature=0 4 5 4 3 6 9
split_gain=93.201 33.2506 14.288 13.4101 14.4452 12.2877 24.8335
threshold=18.000000000000004 145.00000000000003 53.600000000000009 132.50000000000003 3.8500000000000001 26.100000000000005 0.40153846153846157
decision_type=2 2 2 2 2 2 2
left_child=1 3 -3 4 -1 -6 -7
right_child=-2 2 -4 -5 5 6 -8
leaf_value=-0.03754785327350392 0.10454100462297597 -0.017007137617239588 -0.086448798698763679 0.045614549930279073 0.016762131894390811 -0.052853831153201025 0.0013084715793575097
leaf_weight=9.9999999999999982 6.9999999999999991 4.9999999999999982 6 4.9999999999999991 27 8.9999999999999982 44
leaf_count=10 7 5 6 5 27 9 44
internal_value=7.50204e-05 -0.00699344 -0.0558857 -0.00121096 -0.00392438 0.000343007 -0.00802483
internal_weight=113 106 11 95 90 80 53
internal_count=113 106 11 95 90 80 53
is_linear=0
shrinkage=0.03


Tree=191
num_leaves=8
num_cat=0
split_feature=8 6 4 4 5 3 3
split_gain=92.6294 381.33 142.775 18.4855 22.9412 18.3209 12.046
threshold=7.9687500000000009 85.600000000000009 108.50000000000001 167.50000000000003 45.899999999999999 4.8500000000000005 3.6500000000000008
decision_type=2 2 2 2 2 2 2
left_child=2 3 5 4 6 -1 -2
right_child=1 -3 -4 -5 -6 -7 -8
leaf_value=-0.048728139708119018 0.033701341152191151 0.26203989359048696 -0.19423188287478227 -0.057139224871419939 0.056693073876442436 0.019590454851163598 -0.0070029876017524443
leaf_weight=6.0000000000000027 6.9999999999999991 4.9999999999999991 4.9999999999999991 4.9999999999999991 5.9999999999999991 7.9999999999999991 71
leaf_count=6 7 5 5 5 6 8 71
internal_value=7.10154e-05 0.012325 -0.0599728 -0.00224316 0.00113461 -0.00985723 -0.003254
internal_weight=113 94 19 89 84 14 78
internal_count=113 94 19 89 84 14 78
is_linear=0
shrinkage=0.03


Tree=192
num_leaves=8
num_cat=0
split_feature=4 5 14 2 7 8 15
split_gain=91.2728 53.597 10.8379 17.3264 12.7864 19.0859 23.6278
threshold=175.00000000000003 55.20000000000001 1.0000000180025095e-35 3.1500000000000008 1.6333333333333335 21.500000000000004 1.0000000180025095e-35
decision_type=2 2 2 2 2 2 2
left_child=1 2 4 -4 -1 6 -6
right_child=-2 -3 3 -5 5 -7 -8
leaf_value=-0.01621010431531994 0.10345176407446463 -0.092519631558848958 0.004926223293427498 -0.069527399264849118 0.02191378378736011 -0.046091019602922292 -0.03037967319721761
leaf_weight=25 6.9999999999999991 5.9999999999999991 5.9999999999999982 5 50 4.9999999999999991 8.9999999999999982
leaf_count=25 7 6 6 5 50 5 9
internal_value=7.19268e-05 -0.00692289 -0.00159769 -0.0294196 0.00188241 0.00900165 0.0138358
internal_weight=113 106 100 11 89 64 59
internal_count=113 106 100 11 89 64 59
is_linear=0
shrinkage=0.03


Tree=193
num_leaves=8
num_cat=0
split_feature=23 1 0 3 2 5 9
split_gain=89.8676 415.343 89.9648 32.5003 19.7541 21.1321 20.2815
threshold=1.0000000180025095e-35 30.000000000000004 11.000000000000002 5.4500000000000011 3.5500000000000003 13.800000000000002 0.32526896551724144
decision_type=2 2 2 2 2 2 2
left_child=1 3 -2 4 5 -1 -7
right_child=2 -3 -4 -5 -6 6 -8
leaf_value=-0.045521063082493263 -0.012641724399898364 0.24793337454718931 -0.16989833546085997 -0.078526071585141688 -0.016856966115423099 0.064499070234596723 0.0091824985608118907
leaf_weight=4.9999999999999991 8.9999999999999982 5.9999999999999991 4.9999999999999991 4.9999999999999991 40 6.9999999999999991 36
leaf_count=5 9 6 5 5 40 7 36
internal_value=6.19817e-05 0.0101794 -0.0705123 -0.00564265 -0.00131587 0.0116201 0.0184792
internal_weight=113 99 14 93 88 48 43
internal_count=113 99 14 93 88 48 43
is_linear=0
shrinkage=0.03


Tree=194
num_leaves=8
num_cat=0
split_feature=4 5 5 6 1 9 5
split_gain=88.5893 54.3108 20.0098 15.8649 19.2069 15.6947 18.8059
threshold=175.00000000000003 53.600000000000009 45.899999999999999 59.400000000000013 18.000000000000004 0.61064615384615395 25.100000000000005
decision_type=2 2 2 2 2 2 2
left_child=1 2 3 4 5 6 -1
right_child=-2 -3 -4 -5 -6 -7 -8
leaf_value=-0.0019346588204169405 0.10190786494563023 -0.08100022372676105 0.044242534230395064 -0.044492168118495767 0.040132813988172485 0.044360808559621753 -0.041850974911993202
leaf_weight=55 6.9999999999999991 7.9999999999999991 7.9999999999999991 7.9999999999999991 8.9999999999999982 4.9999999999999991 12.999999999999998
leaf_count=55 7 8 8 8 9 5 13
internal_value=5.88326e-05 -0.00683217 -0.000609724 -0.00470248 -0.000703503 -0.00585451 -0.00968807
internal_weight=113 106 98 90 82 73 68
internal_count=113 106 98 90 82 73 68
is_linear=0
shrinkage=0.03


Tree=195
num_leaves=8
num_cat=0
split_feature=23 1 0 3 2 5 9
split_gain=87.1343 393.08 88.3795 29.3636 18.1641 19.7945 18.9947
threshold=1.0000000180025095e-35 30.000000000000004 11.000000000000002 5.4500000000000011 3.5500000000000003 13.800000000000002 0.32526896551724144
decision_type=2 2 2 2 2 2 2
left_child=1 3 -2 4 5 -1 -7
right_child=2 -3 -4 -5 -6 6 -8
leaf_value=-0.044152149311625033 -0.012083777305872546 0.24131683962960396 -0.16793707959927043 -0.074646904101738548 -0.016159081599994823 0.062323713103930145 0.0087895504323487767
leaf_weight=4.9999999999999991 8.9999999999999982 5.9999999999999991 4.9999999999999991 4.9999999999999991 40 6.9999999999999991 36
leaf_count=5 9 6 5 5 40 7 36
internal_value=5.99218e-05 0.0100224 -0.0694326 -0.0053695 -0.00125594 0.0111477 0.0177873
internal_weight=113 99 14 93 88 48 43
internal_count=113 99 14 93 88 48 43
is_linear=0
shrinkage=0.03


Tree=196
num_leaves=8
num_cat=0
split_feature=8 4 4 4 3 2 6
split_gain=87.3033 355.974 126.516 34.4946 19.2875 27.2521 29.3911
threshold=7.9687500000000009 175.00000000000003 108.50000000000001 145.00000000000003 5.2500000000000009 3.5500000000000003 27.800000000000001
decision_type=2 2 2 2 2 2 2
left_child=2 3 -1 4 5 6 -2
right_child=1 -3 -4 -5 -6 -7 -8
leaf_value=-0.011024969408524706 -0.0019712184388036569 0.23166852512667255 -0.18462604569127927 -0.066435671709477895 0.048954961746931071 -0.019682237688946176 0.056812765161905969
leaf_weight=14.000000000000002 24 5.9999999999999991 4.9999999999999991 6.9999999999999991 6.9999999999999991 39 10.999999999999998
leaf_count=14 24 6 5 7 7 39 11
internal_value=5.67978e-05 0.0119537 -0.0582349 -0.00350119 0.00206935 -0.00246556 0.016679
internal_weight=113 94 19 88 81 74 35
internal_count=113 94 19 88 81 74 35
is_linear=0
shrinkage=0.03


Tree=197
num_leaves=8
num_cat=0
split_feature=23 1 0 3 2 5 3
split_gain=86.3759 364.879 87.9085 25.8703 16.5013 18.597 17.8572
threshold=1.0000000180025095e-35 30.000000000000004 11.000000000000002 5.4500000000000011 3.5500000000000003 13.800000000000002 4.2500000000000009
decision_type=2 2 2 2 2 2 2
left_child=1 3 -2 4 5 -1 -7
right_child=2 -3 -4 -5 -6 6 -8
leaf_value=-0.042769434199883383 -0.011939160759034364 0.23281853983479162 -0.16737378149078441 -0.069879190921783449 -0.015198094679126096 0.057158738836282641 0.0078314599142917836
leaf_weight=4.9999999999999991 8.9999999999999982 5.9999999999999991 4.9999999999999991 4.9999999999999991 40 7.9999999999999991 35
leaf_count=5 9 6 5 5 40 8 35
internal_value=5.67473e-05 0.00997588 -0.0691327 -0.00485373 -0.000992012 0.0108292 0.0172655
internal_weight=113 99 14 93 88 48 43
internal_count=113 99 14 93 88 48 43
is_linear=0
shrinkage=0.03


Tree=198
num_leaves=8
num_cat=0
split_feature=0 4 5 8 3 2 6
split_gain=83.8795 32.8613 15.255 12.7627 18.1045 23.7721 19.2123
threshold=18.000000000000004 145.00000000000003 53.600000000000009 6.3750000000000009 5.2500000000000009 3.5500000000000003 27.800000000000001
decision_type=2 2 2 2 2 2 2
left_child=1 3 -3 -1 5 -5 -7
right_child=-2 2 -4 4 -6 6 -8
leaf_value=-0.039318059434493381 0.099158403218413377 -0.015222940433483859 -0.086807672640969655 0.013796726887542488 0.047814398556947697 -7.4668671633746131e-06 -0.042399040231871049
leaf_weight=6.9999999999999991 6.9999999999999991 4.9999999999999982 6 42 6.9999999999999991 22 17
leaf_count=7 7 5 6 42 7 22 17
internal_value=5.3356e-05 -0.00665161 -0.055256 -0.000903716 0.00221719 -0.0018129 -0.0186462
internal_weight=113 106 11 95 88 81 39
internal_count=113 106 11 95 88 81 39
is_linear=0
shrinkage=0.03


Tree=199
num_leaves=8
num_cat=0
split_feature=8 4 5 4 1 6 3
split_gain=84.6538 338.305 122.438 32.4218 17.4623 15.4239 9.53774
threshold=7.9687500000000009 175.00000000000003 53.600000000000009 145.00000000000003 18.000000000000004 68.600000000000009 5.0500000000000007
decision_type=2 2 2 2 2 2 2
left_child=2 3 5 4 6 -1 -2
right_child=1 -3 -4 -5 -6 -7 -8
leaf_value=-0.037846831066942775 -0.0072144230309567296 0.22595685692564135 -0.18168871123057145 -0.064316601914664095 0.035198399551579211 0.024837087717267774 0.03175793940021146
leaf_weight=8.0000000000000018 63 5.9999999999999991 4.9999999999999991 6.9999999999999991 11.999999999999998 5.9999999999999991 5.9999999999999991
leaf_count=8 63 6 5 7 12 6 6
internal_value=4.93443e-05 0.0117646 -0.0573508 -0.00330172 0.00209813 -0.0109052 -0.00372185
internal_weight=113 94 19 88 81 14 69
internal_count=113 94 19 88 81 14 69
is_linear=0
shrinkage=0.03


Tree=200
num_leaves=8
num_cat=0
split_feature=23 1 0 3 2 5 3
split_gain=84.8053 343.205 86.7629 22.8722 14.7056 17.1904 16.7737
threshold=1.0000000180025095e-35 30.000000000000004 11.000000000000002 5.4500000000000011 3.5500000000000003 13.800000000000002 4.2500000000000009
decision_type=2 2 2 2 2 2 2
left_child=1 3 -2 4 5 -1 -7
right_child=2 -3 -4 -5 -6 6 -8
leaf_value=-0.041242417081330834 -0.011691920368567758 0.22600026876695695 -0.1661066654181251 -0.06564635010866017 -0.014284810632912077 0.055137976466155633 0.0073321480532600111
leaf_weight=4.9999999999999991 8.9999999999999982 5.9999999999999991 4.9999999999999991 4.9999999999999991 40 7.9999999999999991 35
leaf_count=5 9 6 5 5 40 8 35
internal_value=4.88815e-05 0.00987756 -0.0685085 -0.00450481 -0.000872868 0.0102855 0.0164751
internal_weight=113 99 14 93 88 48 43
internal_count=113 99 14 93 88 48 43
is_linear=0
shrinkage=0.03


Tree=201
num_leaves=8
num_cat=0
split_feature=8 4 5 4 3 2 6
split_gain=80.6589 321.926 116.635 32.0385 16.6554 22.4188 26.946
threshold=7.9687500000000009 175.00000000000003 53.600000000000009 145.00000000000003 5.2500000000000009 3.5500000000000003 27.800000000000001
decision_type=2 2 2 2 2 2 2
left_child=2 3 -1 4 5 6 -2
right_child=1 -3 -4 -5 -6 -7 -8
leaf_value=-0.010648962953980537 -0.0025497926752783419 0.22042468799218054 -0.17733962004001322 -0.063868637122213842 0.045720896671215691 -0.017678635973787427 0.053731138025011338
leaf_weight=14.000000000000002 24 5.9999999999999991 4.9999999999999991 6.9999999999999991 6.9999999999999991 39 10.999999999999998
leaf_count=14 24 6 5 7 7 39 11
internal_value=4.56649e-05 0.0114814 -0.0559834 -0.00321522 0.00215236 -0.0020609 0.0153007
internal_weight=113 94 19 88 81 74 35
internal_count=113 94 19 88 81 74 35
is_linear=0
shrinkage=0.03


Tree=202
num_leaves=8
num_cat=0
split_feature=23 0 0 4 8 8 3
split_gain=83.9006 333.955 86.1169 28.8031 12.3783 15.3475 19.3698
threshold=1.0000000180025095e-35 18.000000000000004 11.000000000000002 145.00000000000003 6.3750000000000009 14.79166666666667 5.2500000000000009
decision_type=2 2 2 2 2 2 2
left_child=1 3 -2 4 -1 6 -6
right_child=2 -3 -4 -5 5 -7 -8
leaf_value=-0.037200576861699419 -0.011542341346326082 0.22301219343418074 -0.16537874567823913 -0.062005802751518777 0.0074016710215961774 -0.013875753589350967 0.068610446911591738
leaf_weight=6.9999999999999991 8.9999999999999982 5.9999999999999991 4.9999999999999991 6.9999999999999991 46 28 4.9999999999999991
leaf_count=7 9 6 5 7 46 28 5
internal_value=4.56354e-05 0.00982182 -0.068145 -0.00436535 0.000441892 0.00388176 0.0136764
internal_weight=113 99 14 93 86 79 51
internal_count=113 99 14 93 86 79 51
is_linear=0
shrinkage=0.03


Tree=203
num_leaves=8
num_cat=0
split_feature=23 1 0 3 2 6 6
split_gain=79.1274 319.337 81.8175 21.408 12.9838 16.1672 43.1147
threshold=1.0000000180025095e-35 30.000000000000004 7.0000000000000009 5.4500000000000011 3.5500000000000003 27.800000000000001 41.600000000000001
decision_type=2 2 2 2 2 2 2
left_child=1 3 -2 4 5 -1 -7
right_child=2 -3 -4 -5 -6 6 -8
leaf_value=-0.010824759606926674 0.0064693528413772581 0.21801034650494974 -0.13719654473165671 -0.063486905006261959 -0.013423749796712575 0.094215302611550922 0.0045177338101171161
leaf_weight=20 6.9999999999999982 5.9999999999999991 7 4.9999999999999991 40 6.0000000000000027 22
leaf_count=20 7 6 7 5 40 6 22
internal_value=4.35525e-05 0.00953796 -0.0661786 -0.00433474 -0.00082048 0.00966325 0.0243237
internal_weight=113 99 14 93 88 48 28
internal_count=113 99 14 93 88 48 28
is_linear=0
shrinkage=0.03


Tree=204
num_leaves=8
num_cat=0
split_feature=8 4 5 6 5 3 3
split_gain=79.2484 307.57 112.958 30.2513 16.9695 13.7559 9.03999
threshold=7.9687500000000009 175.00000000000003 53.600000000000009 72.800000000000011 43.900000000000013 4.8500000000000005 3.6500000000000008
decision_type=2 2 2 2 2 2 2
left_child=2 3 5 4 6 -1 -2
right_child=1 -3 -4 -5 -6 -7 -8
leaf_value=-0.049807697961536695 0.029215966463088987 0.21561360283244041 -0.17492000478964584 -0.073182054505898389 0.045426518519719433 0.011215167871635894 -0.0060903481517869951
leaf_weight=5.0000000000000027 6.9999999999999991 5.9999999999999991 4.9999999999999991 4.9999999999999991 6.9999999999999991 8.9999999999999982 69
leaf_count=5 7 6 5 5 7 9 69
internal_value=4.70578e-05 0.0113825 -0.0554898 -0.00298269 0.00139392 -0.0108676 -0.00275062
internal_weight=113 94 19 88 83 14 76
internal_count=113 94 19 88 83 14 76
is_linear=0
shrinkage=0.03


Tree=205
num_leaves=8
num_cat=0
split_feature=23 0 0 4 8 8 3
split_gain=78.2429 308.818 81.8838 27.9674 11.644 14.2046 19.0053
threshold=1.0000000180025095e-35 18.000000000000004 11.000000000000002 145.00000000000003 6.3750000000000009 14.79166666666667 5.2500000000000009
decision_type=2 2 2 2 2 2 2
left_child=1 3 -2 4 -1 6 -6
right_child=2 -3 -4 -5 5 -7 -8
leaf_value=-0.035927228927612298 -0.010623157840708029 0.21449619888297974 -0.16061715676807439 -0.060954495817422863 0.0071251878314107266 -0.013165878631134931 0.067752939187563366
leaf_weight=6.9999999999999991 8.9999999999999982 5.9999999999999991 4.9999999999999991 6.9999999999999991 46 28 4.9999999999999991
leaf_count=7 9 6 5 7 46 28 5
internal_value=4.51142e-05 0.00948638 -0.0658058 -0.00415587 0.00058057 0.00391693 0.0133398
internal_weight=113 99 14 93 86 79 51
internal_count=113 99 14 93 86 79 51
is_linear=0
shrinkage=0.03


Tree=206
num_leaves=8
num_cat=0
split_feature=8 4 5 6 5 3 15
split_gain=76.9051 292.536 108.105 28.3834 16.099 12.473 8.33857
threshold=7.9687500000000009 175.00000000000003 53.600000000000009 72.800000000000011 45.899999999999999 4.8500000000000005 1.0000000180025095e-35
decision_type=2 2 2 2 2 2 2
left_child=2 3 5 4 6 -1 -2
right_child=1 -3 -4 -5 -6 -7 -8
leaf_value=-0.04807971389319457 0.0016069848734260983 0.21038679596877866 -0.17150477143434376 -0.07079781105885137 0.052560413869527658 0.010026440727321999 -0.028783016706938329
leaf_weight=5.0000000000000027 69 5.9999999999999991 4.9999999999999991 4.9999999999999991 4.9999999999999991 8.9999999999999982 8.9999999999999982
leaf_count=5 69 6 5 5 5 9 9
internal_value=4.29965e-05 0.0112098 -0.0546665 -0.00279972 0.00143887 -0.011005 -0.00194502
internal_weight=113 94 19 88 83 14 78
internal_count=113 94 19 88 83 14 78
is_linear=0
shrinkage=0.03


Tree=207
num_leaves=8
num_cat=0
split_feature=23 1 0 3 2 6 6
split_gain=77.157 297.846 81.3423 19.282 12.2102 14.9508 40.617
threshold=1.0000000180025095e-35 30.000000000000004 11.000000000000002 5.4500000000000011 3.5500000000000003 27.800000000000001 41.600000000000001
decision_type=2 2 2 2 2 2 2
left_child=1 3 -2 4 5 -1 -7
right_child=2 -3 -4 -5 -6 6 -8
leaf_value=-0.010182700603278262 -0.010358552479225657 0.21074945096046693 -0.15984959521474171 -0.060120826226014348 -0.012870389237555104 0.091453924448259366 0.0043906713443229326
leaf_weight=20 8.9999999999999982 5.9999999999999991 4.9999999999999991 4.9999999999999991 40 6.0000000000000027 22
leaf_count=20 9 6 5 5 40 6 22
internal_value=3.89466e-05 0.00941457 -0.0653533 -0.00398306 -0.000647313 0.0095186 0.0236166
internal_weight=113 99 14 93 88 48 28
internal_count=113 99 14 93 88 48 28
is_linear=0
shrinkage=0.03


Tree=208
num_leaves=8
num_cat=0
split_feature=8 4 5 4 3 2 6
split_gain=73.2649 278.655 102.941 28.6116 14.6689 19.0993 22.2411
threshold=7.9687500000000009 175.00000000000003 53.600000000000009 145.00000000000003 5.2500000000000009 3.5500000000000003 27.800000000000001
decision_type=2 2 2 2 2 2 2
left_child=2 3 -1 4 5 6 -2
right_child=1 -3 -4 -5 -6 -7 -8
leaf_value=-0.010750386906184359 -0.0018091777364207691 0.20533315280752798 -0.16737333118915557 -0.060053198399643098 0.043223766038815177 -0.016034019818833591 0.049319610031587732
leaf_weight=14.000000000000002 24 5.9999999999999991 4.9999999999999991 6.9999999999999991 6.9999999999999991 39 10.999999999999998
leaf_count=14 24 6 5 7 7 39 11
internal_value=3.94061e-05 0.010939 -0.0533592 -0.00273365 0.00233713 -0.00161639 0.0144062
internal_weight=113 94 19 88 81 74 35
internal_count=113 94 19 88 81 74 35
is_linear=0
shrinkage=0.03


Tree=209
num_leaves=8
num_cat=0
split_feature=23 0 0 4 8 8 3
split_gain=76.2582 284.21 80.5598 25.8189 10.8206 12.996 17.6499
threshold=1.0000000180025095e-35 18.000000000000004 11.000000000000002 145.00000000000003 6.3750000000000009 14.79166666666667 5.2500000000000009
decision_type=2 2 2 2 2 2 2
left_child=1 3 -2 4 -1 6 -6
right_child=2 -3 -4 -5 5 -7 -8
leaf_value=-0.034369434465964625 -0.010242134112378827 0.20603207634341333 -0.15901139224951083 -0.058301645008226231 0.0070602147965752446 -0.012300529113792357 0.065491506526103374
leaf_weight=6.9999999999999991 8.9999999999999982 5.9999999999999991 4.9999999999999991 6.9999999999999991 46 28 4.9999999999999991
leaf_count=7 9 6 5 7 46 28 5
internal_value=3.92497e-05 0.00936018 -0.0649709 -0.00372713 0.00082254 0.00403867 0.0130515
internal_weight=113 99 14 93 86 79 51
internal_count=113 99 14 93 86 79 51
is_linear=0
shrinkage=0.03


Tree=210
num_leaves=8
num_cat=0
split_feature=23 1 0 6 2 5 6
split_gain=71.92 277.273 76.3445 19.8089 18.7706 15.869 23.2686
threshold=1.0000000180025095e-35 30.000000000000004 7.0000000000000009 72.800000000000011 3.3500000000000001 45.899999999999999 59.400000000000013
decision_type=2 2 2 2 2 2 2
left_child=1 3 -2 5 -5 6 -1
right_child=2 -3 -4 4 -6 -7 -8
leaf_value=0.0019755253525542433 0.0070521039764086402 0.20334674269922318 -0.13170068287601072 -0.0014270568237854885 -0.083206249154531023 0.051749851164909502 -0.063691083353299358
leaf_weight=73 6.9999999999999982 5.9999999999999991 7 4.9999999999999982 5 4.9999999999999991 4.9999999999999991
leaf_count=73 7 6 7 5 5 5 5
internal_value=3.71104e-05 0.00908942 -0.0630965 -0.00383669 -0.0432935 0.000991755 -0.00236682
internal_weight=113 99 14 93 10 83 78
internal_count=113 99 14 93 10 83 78
is_linear=0
shrinkage=0.03


Tree=211
num_leaves=8
num_cat=0
split_feature=8 4 5 6 5 3 3
split_gain=70.7401 267.018 99.8293 28.6894 14.7671 11.3402 7.98301
threshold=7.9687500000000009 175.00000000000003 53.600000000000009 72.800000000000011 43.900000000000013 4.8500000000000005 3.6500000000000008
decision_type=2 2 2 2 2 2 2
left_child=2 3 5 4 6 -1 -2
right_child=1 -3 -4 -5 -6 -7 -8
leaf_value=-0.04582903568632897 0.027794843713442482 0.20103682472821205 -0.1647130619562589 -0.071003262423551983 0.042697127337257064 0.0095715141231599073 -0.0053837869222668894
leaf_weight=5.0000000000000027 6.9999999999999991 5.9999999999999991 4.9999999999999991 4.9999999999999991 6.9999999999999991 8.9999999999999982 69
leaf_count=5 7 6 5 5 7 9 69
internal_value=3.47571e-05 0.0107452 -0.0524355 -0.00263869 0.00162241 -0.0104756 -0.00224324
internal_weight=113 94 19 88 83 14 76
internal_count=113 94 19 88 83 14 76
is_linear=0
shrinkage=0.03


Tree=212
num_leaves=8
num_cat=0
split_feature=23 0 0 4 14 2 7
split_gain=71.0374 263.658 76.4407 25.2511 10.3847 14.6008 13.3346
threshold=1.0000000180025095e-35 18.000000000000004 11.000000000000002 145.00000000000003 1.0000000180025095e-35 3.1500000000000008 1.6333333333333335
decision_type=2 2 2 2 2 2 2
left_child=1 3 -2 4 6 -6 -1
right_child=2 -3 -4 -5 5 -7 -8
leaf_value=-0.015887555187881583 -0.0094101744890213029 0.19845750943306953 -0.15431450855846585 -0.057546548408766579 0.0054768306209195044 -0.062833935664250273 0.012587913298756692
leaf_weight=20 8.9999999999999982 5.9999999999999991 4.9999999999999991 6.9999999999999991 5.9999999999999982 5 55
leaf_count=20 9 6 5 7 6 5 55
internal_value=3.30075e-05 0.00902969 -0.0627119 -0.00357501 0.000923945 -0.0260072 0.00495245
internal_weight=113 99 14 93 86 11 75
internal_count=113 99 14 93 86 11 75
is_linear=0
shrinkage=0.03


Tree=213
num_leaves=8
num_cat=0
split_feature=8 4 4 6 5 3 15
split_gain=69.1024 254.162 95.4446 26.1989 14.297 12.3181 8.41815
threshold=7.9687500000000009 175.00000000000003 108.50000000000001 72.800000000000011 45.899999999999999 4.8500000000000005 1.0000000180025095e-35
decision_type=2 2 2 2 2 2 2
left_child=2 3 5 4 6 -1 -2
right_child=1 -3 -4 -5 -6 -7 -8
leaf_value=-0.042644140374275913 0.0020055490786026666 0.19626644425334469 -0.16161996534237494 -0.067775773383103879 0.049800113456753572 0.013369337204026015 -0.028530983034035434
leaf_weight=6.0000000000000027 69 5.9999999999999991 4.9999999999999991 4.9999999999999991 4.9999999999999991 7.9999999999999991 8.9999999999999982
leaf_count=6 69 6 5 5 5 8 9
internal_value=2.64006e-05 0.0106123 -0.0518328 -0.00244529 0.00162572 -0.0107933 -0.00156267
internal_weight=113 94 19 88 83 14 78
internal_count=113 94 19 88 83 14 78
is_linear=0
shrinkage=0.03


Tree=214
num_leaves=8
num_cat=0
split_feature=23 1 0 6 2 5 6
split_gain=69.9918 254.853 75.7743 17.1423 15.4958 13.7875 21.6254
threshold=1.0000000180025095e-35 30.000000000000004 11.000000000000002 72.800000000000011 3.3500000000000001 45.899999999999999 59.400000000000013
decision_type=2 2 2 2 2 2 2
left_child=1 3 -2 5 -5 6 -1
right_child=2 -3 -4 4 -6 -7 -8
leaf_value=0.0021068020797426214 -0.0091928652188052306 0.1951914608094 -0.15345992913827872 -0.0020434574696880127 -0.076413319615217329 0.04836357070849491 -0.061199064277685594
leaf_weight=73 8.9999999999999982 5.9999999999999991 4.9999999999999991 4.9999999999999982 5 4.9999999999999991 4.9999999999999991
leaf_count=73 9 6 5 5 5 5 5
internal_value=2.31375e-05 0.00895348 -0.0622582 -0.00343886 -0.0401446 0.00105136 -0.00207823
internal_weight=113 99 14 93 10 83 78
internal_count=113 99 14 93 10 83 78
is_linear=0
shrinkage=0.03


Tree=215
num_leaves=8
num_cat=0
split_feature=23 0 0 5 5 6 9
split_gain=66.0038 244.486 71.4648 25.5953 15.6509 30.2857 17.4016
threshold=1.0000000180025095e-35 18.000000000000004 11.000000000000002 53.600000000000009 45.899999999999999 59.400000000000013 0.61064615384615395
decision_type=2 2 2 2 2 2 2
left_child=1 3 -2 4 5 6 -1
right_child=2 -3 -4 -5 -6 -7 -8
leaf_value=-0.0027578642454527294 -0.0089230744475903741 0.19110149381622191 -0.14903320212776841 -0.062341395078166835 0.040198345639538474 -0.06700200002039633 0.046343701394119599
leaf_weight=66 8.9999999999999982 5.9999999999999991 4.9999999999999991 5.9999999999999991 7.9999999999999991 5.9999999999999991 6.9999999999999991
leaf_count=66 9 6 5 6 8 6 7
internal_value=1.82487e-05 0.00869083 -0.0604623 -0.00344634 0.000731859 -0.00333723 0.00204377
internal_weight=113 99 14 93 87 79 73
internal_count=113 99 14 93 87 79 73
is_linear=0
shrinkage=0.03


Tree=216
num_leaves=8
num_cat=0
split_feature=8 4 5 6 5 3 3
split_gain=66.9186 244.93 93.4525 24.9469 12.5408 9.6608 7.96992
threshold=7.9687500000000009 175.00000000000003 53.600000000000009 72.800000000000011 43.900000000000013 4.8500000000000005 4.3500000000000005
decision_type=2 2 2 2 2 2 2
left_child=2 3 5 4 6 -1 -2
right_child=1 -3 -4 -5 -6 -7 -8
leaf_value=-0.043037072838498967 0.0079549344412742119 0.19268476776538357 -0.15965148526888626 -0.066135219152157115 0.039439812507480375 0.0080927205250760463 -0.011423749417370677
leaf_weight=5.0000000000000027 37 5.9999999999999991 4.9999999999999991 4.9999999999999991 6.9999999999999991 8.9999999999999982 39
leaf_count=5 37 6 5 5 7 9 39
internal_value=1.58497e-05 0.0104334 -0.0510171 -0.00238462 0.00158749 -0.0104112 -0.00197359
internal_weight=113 94 19 88 83 14 76
internal_count=113 94 19 88 83 14 76
is_linear=0
shrinkage=0.03


Tree=217
num_leaves=8
num_cat=0
split_feature=23 1 0 6 2 2 6
split_gain=65.3364 239.55 70.7051 17.0024 13.2887 12.3928 21.8949
threshold=1.0000000180025095e-35 30.000000000000004 11.000000000000002 72.800000000000011 3.3500000000000001 3.5500000000000003 27.800000000000001
decision_type=2 2 2 2 2 2 2
left_child=1 3 -2 5 -5 6 -1
right_child=2 -3 -4 4 -6 -7 -8
leaf_value=-0.0095555399269750801 -0.0088946628570556654 0.18920218210066519 -0.14825967961205883 -0.0045002485131128483 -0.07353149407185039 -0.010309929375832467 0.03408474331247216
leaf_weight=20 8.9999999999999982 5.9999999999999991 4.9999999999999991 4.9999999999999982 5 42 21
leaf_count=20 9 6 5 5 5 42 21
internal_value=1.32762e-05 0.00864198 -0.0601607 -0.00337199 -0.0399279 0.00109971 0.0128173
internal_weight=113 99 14 93 10 83 41
internal_count=113 99 14 93 10 83 41
is_linear=0
shrinkage=0.03


Tree=218
num_leaves=8
num_cat=0
split_feature=8 4 5 4 3 2 6
split_gain=64.2198 233.412 88.203 25.8812 14.1065 16.953 19.4427
threshold=7.9687500000000009 175.00000000000003 53.600000000000009 145.00000000000003 5.2500000000000009 3.5500000000000003 27.800000000000001
decision_type=2 2 2 2 2 2 2
left_child=2 3 -1 4 5 6 -2
right_child=1 -3 -4 -5 -6 -7 -8
leaf_value=-0.010525071753031559 -0.0014186318018589137 0.18812925090712887 -0.15552547202660486 -0.056815629067520294 0.042617378681898112 -0.014938757743790972 0.046382761482548503
leaf_weight=14.000000000000002 24 5.9999999999999991 4.9999999999999991 6.9999999999999991 6.9999999999999991 39 10.999999999999998
leaf_count=14 24 6 5 7 7 39 11
internal_value=9.20685e-06 0.0102148 -0.0499838 -0.00229785 0.00252342 -0.00135368 0.0137402
internal_weight=113 94 19 88 81 74 35
internal_count=113 94 19 88 81 74 35
is_linear=0
shrinkage=0.03


Tree=219
num_leaves=8
num_cat=0
split_feature=23 1 0 6 2 5 6
split_gain=64.5579 225.943 70.3662 15.3312 12.0402 11.6565 18.9718
threshold=1.0000000180025095e-35 30.000000000000004 7.0000000000000009 72.800000000000011 3.3500000000000001 45.899999999999999 59.400000000000013
decision_type=2 2 2 2 2 2 2
left_child=1 3 -2 5 -5 6 -1
right_child=2 -3 -4 4 -6 -7 -8
leaf_value=0.0022059924750909453 0.0075145148237546287 0.18394352732166167 -0.12567066794261336 -0.0040668258732722076 -0.069779823330732474 0.044666330133779686 -0.057089067949698515
leaf_weight=73 6.9999999999999982 5.9999999999999991 7 4.9999999999999982 5 4.9999999999999991 4.9999999999999991
leaf_count=73 7 6 7 5 5 5 5
internal_value=9.74738e-06 0.00858697 -0.0598045 -0.00308071 -0.0377944 0.00116443 -0.00171208
internal_weight=113 99 14 93 10 83 78
internal_count=113 99 14 93 10 83 78
is_linear=0
shrinkage=0.03


Tree=220
num_leaves=8
num_cat=0
split_feature=23 0 0 5 5 6 9
split_gain=60.8384 223.651 66.9796 25.716 14.171 27.1861 16.2688
threshold=1.0000000180025095e-35 18.000000000000004 11.000000000000002 53.600000000000009 45.899999999999999 59.400000000000013 0.61064615384615395
decision_type=2 2 2 2 2 2 2
left_child=1 3 -2 4 5 6 -1
right_child=2 -3 -4 -5 -6 -7 -8
leaf_value=-0.0025024041213275259 -0.0081674985004507976 0.18280042290687559 -0.14380201982190974 -0.062307511568069456 0.038468349696500453 -0.063276912377726646 0.044973151140535871
leaf_weight=66 8.9999999999999982 5.9999999999999991 4.9999999999999991 5.9999999999999991 7.9999999999999991 5.9999999999999991 6.9999999999999991
leaf_count=66 9 6 5 6 8 6 7
internal_value=8.08929e-06 0.00833495 -0.0580571 -0.00327291 0.000914807 -0.00295668 0.00213999
internal_weight=113 99 14 93 87 79 73
internal_count=113 99 14 93 87 79 73
is_linear=0
shrinkage=0.03


Tree=221
num_leaves=8
num_cat=0
split_feature=8 4 5 4 3 2 6
split_gain=62.2533 223.972 83.9633 24.6349 13.0718 15.9963 19.2788
threshold=7.9687500000000009 175.00000000000003 53.600000000000009 145.00000000000003 5.2500000000000009 3.5500000000000003 27.800000000000001
decision_type=2 2 2 2 2 2 2
left_child=2 3 -1 4 5 -2 -7
right_child=1 -3 -4 -5 -6 6 -8
leaf_value=-0.010706925081535123 0.013430185446261679 0.18433390106885666 -0.15219208112129798 -0.055391906375686327 0.041096029231945663 0.0040777769478390347 -0.038232649675635402
leaf_weight=14.000000000000002 35 5.9999999999999991 4.9999999999999991 6.9999999999999991 6.9999999999999991 22 17
leaf_count=14 35 6 5 7 7 22 17
internal_value=5.92151e-06 0.0100542 -0.0492155 -0.00220253 0.00250073 -0.00123089 -0.0144279
internal_weight=113 94 19 88 81 74 39
internal_count=113 94 19 88 81 74 39
is_linear=0
shrinkage=0.03


Tree=222
num_leaves=8
num_cat=0
split_feature=23 1 0 6 2 5 6
split_gain=60.3664 212.264 66.1218 15.5484 10.8576 10.7786 16.3385
threshold=1.0000000180025095e-35 30.000000000000004 11.000000000000002 72.800000000000011 3.3500000000000001 45.899999999999999 59.400000000000013
decision_type=2 2 2 2 2 2 2
left_child=1 3 -2 5 -5 6 -1
right_child=2 -3 -4 4 -6 -7 -8
leaf_value=0.0021344928509082462 -0.0082609522990558463 0.17826515240053978 -0.14302971435854067 -0.0058287013651659855 -0.068359132179847112 0.043096696754487664 -0.052891518129752221
leaf_weight=73 8.9999999999999982 5.9999999999999991 4.9999999999999991 4.9999999999999982 5 4.9999999999999991 4.9999999999999991
leaf_count=73 9 6 5 5 5 5 5
internal_value=4.62668e-06 0.00829918 -0.0578349 -0.00300928 -0.0379683 0.00126577 -0.00149989
internal_weight=113 99 14 93 10 83 78
internal_count=113 99 14 93 10 83 78
is_linear=0
shrinkage=0.03


Tree=223
num_leaves=8
num_cat=0
split_feature=8 4 5 6 5 3 15
split_gain=58.3164 213.858 80.1449 24.4133 10.5163 9.15259 7.81209
threshold=7.9687500000000009 175.00000000000003 53.600000000000009 72.800000000000011 43.900000000000013 4.8500000000000005 1.0000000180025095e-35
decision_type=2 2 2 2 2 2 2
left_child=2 3 5 4 6 -1 -2
right_child=1 -3 -4 -5 -6 -7 -8
leaf_value=-0.041779149070095528 0.001952060804427934 0.18002543974307275 -0.14824490244571978 -0.065315713515648466 0.036340930486718812 0.0079848359970618871 -0.027515310460458631
leaf_weight=5.0000000000000027 67 5.9999999999999991 4.9999999999999991 4.9999999999999991 6.9999999999999991 8.9999999999999982 8.9999999999999982
leaf_count=5 67 6 5 5 7 9 9
internal_value=3.8665e-07 0.0097262 -0.0476388 -0.00224999 0.00167899 -0.0100205 -0.00158087
internal_weight=113 94 19 88 83 14 76
internal_count=113 94 19 88 83 14 76
is_linear=0
shrinkage=0.03


Tree=224
num_leaves=8
num_cat=0
split_feature=23 0 0 26 2 3 8
split_gain=59.4717 206.553 65.4971 25.1611 15.2612 13.2882 15.8579
threshold=1.0000000180025095e-35 18.000000000000004 11.000000000000002 1.0000000180025095e-35 4.0500000000000007 5.0500000000000007 21.500000000000004
decision_type=2 2 2 2 2 2 2
left_child=1 3 -2 4 5 6 -1
right_child=2 -3 -4 -5 -6 -7 -8
leaf_value=0.0083914477870967296 -0.0080758001882097006 0.17589384890371754 -0.14220302813901348 -0.053118135696504178 0.051703897875088903 -0.030167965424842524 -0.041906622752787601
leaf_weight=62 8.9999999999999982 5.9999999999999991 4.9999999999999991 7.9999999999999991 4.9999999999999991 11.999999999999998 5.9999999999999991
leaf_count=62 9 6 5 8 5 12 6
internal_value=0 0.00822995 -0.0574122 -0.00292522 0.00189481 -0.00132073 0.00382151
internal_weight=113 99 14 93 85 80 68
internal_count=113 99 14 93 85 80 68
is_linear=0
shrinkage=0.03


Tree=225
num_leaves=8
num_cat=0
split_feature=8 4 5 4 3 2 6
split_gain=56.8691 203.811 76.3899 23.8051 13.2193 15.0217 18.2775
threshold=7.9687500000000009 175.00000000000003 53.600000000000009 145.00000000000003 5.2500000000000009 3.5500000000000003 27.800000000000001
decision_type=2 2 2 2 2 2 2
left_child=2 3 -1 4 5 6 -2
right_child=1 -3 -4 -5 -6 -7 -8
leaf_value=-0.010312608407718509 -0.0017095940812560152 0.17584901145389004 -0.14527457741590644 -0.054379309887687362 0.04134227166573206 -0.014011974776334755 0.044634614105203321
leaf_weight=14.000000000000002 24 5.9999999999999991 4.9999999999999991 6.9999999999999991 6.9999999999999991 39 10.999999999999998
leaf_count=14 24 6 5 7 7 39 11
internal_value=0 0.00959834 -0.0470504 -0.00209298 0.00252993 -0.00122283 0.012984
internal_weight=113 94 19 88 81 74 35
internal_count=113 94 19 88 81 74 35
is_linear=0
shrinkage=0.03


Tree=226
num_leaves=8
num_cat=0
split_feature=23 1 0 6 2 6 9
split_gain=58.7128 196.886 65.3192 14.2296 10.0537 20.0927 27.2952
threshold=1.0000000180025095e-35 30.000000000000004 7.0000000000000009 72.800000000000011 3.5500000000000003 27.800000000000001 0.40153846153846157
decision_type=2 2 2 2 2 2 2
left_child=1 3 -2 4 5 6 -1
right_child=2 -3 -4 -5 -6 -7 -8
leaf_value=0.013443745603443868 0.0077917183935642242 0.17186805217496812 -0.12050932492439943 -0.036160391242626835 -0.0089021765321087055 0.0323022934653849 -0.061986725282284515
leaf_weight=14.000000000000002 6.9999999999999982 5.9999999999999991 7 9.9999999999999982 42 21 5.9999999999999991
leaf_count=14 7 6 7 10 42 21 6
internal_value=0 0.00817506 -0.057047 -0.00271583 0.00137284 0.011927 -0.00950082
internal_weight=113 99 14 93 83 41 20
internal_count=113 99 14 93 83 41 20
is_linear=0
shrinkage=0.03


Tree=227
num_leaves=8
num_cat=0
split_feature=23 0 0 26 2 3 8
split_gain=55.3315 192.1 61.9551 23.8385 14.0986 12.649 14.8998
threshold=1.0000000180025095e-35 18.000000000000004 11.000000000000002 1.0000000180025095e-35 4.0500000000000007 5.0500000000000007 21.500000000000004
decision_type=2 2 2 2 2 2 2
left_child=1 3 -2 4 5 6 -1
right_child=2 -3 -4 -5 -6 -7 -8
leaf_value=0.0082263806769534518 -0.0074025560073230591 0.16962780890926238 -0.13784471556544303 -0.051677350707170437 0.049744054514628183 -0.029365648480712391 -0.040527688120642009
leaf_weight=62 8.9999999999999982 5.9999999999999991 4.9999999999999991 7.9999999999999991 4.9999999999999991 11.999999999999998 5.9999999999999991
leaf_count=62 9 6 5 8 5 12 6
internal_value=0 0.00793604 -0.05538 -0.00282121 0.00186992 -0.0012201 0.00379632
internal_weight=113 99 14 93 85 80 68
internal_count=113 99 14 93 85 80 68
is_linear=0
shrinkage=0.03


Tree=228
num_leaves=8
num_cat=0
split_feature=8 4 5 4 3 2 6
split_gain=55.8769 195.745 73.8363 23.7739 12.8859 13.9644 17.8921
threshold=7.9687500000000009 175.00000000000003 53.600000000000009 145.00000000000003 5.2500000000000009 3.5500000000000003 27.800000000000001
decision_type=2 2 2 2 2 2 2
left_child=2 3 -1 4 5 -2 -7
right_child=1 -3 -4 -5 -6 6 -8
leaf_value=-0.010514033461435578 0.012665243219658307 0.17243931856847577 -0.14321147794906908 -0.054198591833313305 0.040992686947186781 0.0044585340389528792 -0.036298252801562458
leaf_weight=14.000000000000002 35 5.9999999999999991 4.9999999999999991 6.9999999999999991 6.9999999999999991 22 17
leaf_count=14 35 6 5 7 7 22 17
internal_value=0 0.00951176 -0.0466406 -0.00194576 0.00267381 -0.00103145 -0.0133635
internal_weight=113 94 19 88 81 74 39
internal_count=113 94 19 88 81 74 39
is_linear=0
shrinkage=0.03


Tree=229
num_leaves=8
num_cat=0
split_feature=23 1 0 6 11 5 3
split_gain=54.853 182.294 61.0749 13.9186 11.1133 11.458 11.2109
threshold=1.0000000180025095e-35 30.000000000000004 11.000000000000002 72.800000000000011 1.0000000180025095e-35 45.899999999999999 4.3500000000000005
decision_type=2 2 2 2 2 2 2
left_child=1 3 -2 4 5 6 -1
right_child=2 -3 -4 -5 -6 -7 -8
leaf_value=0.009234138833979234 -0.0075034826734791645 0.16540817210751196 -0.13702157802879811 -0.035658943206071853 0.037095869382222486 0.04107589207016505 -0.014933075286951179
leaf_weight=29 8.9999999999999982 5.9999999999999991 4.9999999999999991 9.9999999999999982 6.9999999999999991 4.9999999999999991 42
leaf_count=29 9 6 5 10 7 5 42
internal_value=0 0.00789774 -0.055144 -0.00258128 0.00146209 -0.00188903 -0.00504268
internal_weight=113 99 14 93 83 76 71
internal_count=113 99 14 93 83 76 71
is_linear=0
shrinkage=0.03


Tree=230
num_leaves=8
num_cat=0
split_feature=8 4 5 6 5 3 15
split_gain=52.4718 187.042 70.8445 23.6867 9.65495 8.57243 7.6477
threshold=7.9687500000000009 175.00000000000003 53.600000000000009 72.800000000000011 43.900000000000013 4.8500000000000005 1.0000000180025095e-35
decision_type=2 2 2 2 2 2 2
left_child=2 3 5 4 6 -1 -2
right_child=1 -3 -4 -5 -6 -7 -8
leaf_value=-0.040549058915617345 0.002260951138949687 0.16848432552429937 -0.13978697240352631 -0.064101311747844392 0.035100118493040393 0.0076093215722104791 -0.02689631874308638
leaf_weight=5.0000000000000027 67 5.9999999999999991 4.9999999999999991 4.9999999999999991 6.9999999999999991 8.9999999999999982 8.9999999999999982
leaf_count=5 67 6 5 5 7 9 9
internal_value=0 0.0092196 -0.0451949 -0.00197978 0.00188955 -0.00981333 -0.00123373
internal_weight=113 94 19 88 83 14 76
internal_count=113 94 19 88 83 14 76
is_linear=0
shrinkage=0.03


Tree=231
num_leaves=8
num_cat=0
split_feature=23 0 0 4 14 2 15
split_gain=54.0228 177.494 60.4374 22.6081 10.0241 13.4342 11.7998
threshold=1.0000000180025095e-35 18.000000000000004 7.0000000000000009 145.00000000000003 1.0000000180025095e-35 3.1500000000000008 1.0000000180025095e-35
decision_type=2 2 2 2 2 2 2
left_child=1 3 -2 4 6 -6 -1
right_child=2 -3 -4 -5 5 -7 -8
leaf_value=0.010134441114306517 0.0076322620610396073 0.1632601293440788 -0.1157711604485909 -0.053575557271639498 0.0054785126255404567 -0.060033853879341688 -0.026106969872894494
leaf_weight=66 6.9999999999999982 5.9999999999999991 7 6.9999999999999991 5.9999999999999982 5 8.9999999999999982
leaf_count=66 7 6 7 7 6 5 9
internal_value=0 0.00783745 -0.0547254 -0.00250255 0.00175182 -0.0247062 0.00570766
internal_weight=113 99 14 93 86 11 75
internal_count=113 99 14 93 86 11 75
is_linear=0
shrinkage=0.03


Tree=232
num_leaves=8
num_cat=0
split_feature=8 4 0 4 3 2 6
split_gain=51.8814 177.372 71.0087 22.0008 12.3603 13.1152 17.3395
threshold=7.9687500000000009 175.00000000000003 18.000000000000004 145.00000000000003 5.2500000000000009 3.5500000000000003 27.800000000000001
decision_type=2 2 2 2 2 2 2
left_child=2 3 -1 4 5 6 -2
right_child=1 -3 -4 -5 -6 -7 -8
leaf_value=-0.0095293110790072178 -0.0019660328993619967 0.16425363845402194 -0.13964700098221117 -0.052012937813997268 0.040226616760094952 -0.012883077084291155 0.043170924184045618
leaf_weight=14.000000000000002 24 5.9999999999999991 4.9999999999999991 6.9999999999999991 6.9999999999999991 39 10.999999999999998
leaf_count=14 24 6 5 7 7 39 11
internal_value=0 0.00916062 -0.0449469 -0.00174537 0.00269768 -0.000931001 0.0123419
internal_weight=113 94 19 88 81 74 35
internal_count=113 94 19 88 81 74 35
is_linear=0
shrinkage=0.03


Tree=233
num_leaves=8
num_cat=0
split_feature=23 0 0 26 2 3 8
split_gain=53.2323 169.442 60.4711 22.3086 13.3057 11.862 14.6567
threshold=1.0000000180025095e-35 18.000000000000004 11.000000000000002 1.0000000180025095e-35 4.0500000000000007 5.0500000000000007 21.500000000000004
decision_type=2 2 2 2 2 2 2
left_child=1 3 -2 4 5 6 -1
right_child=2 -3 -4 -5 -6 -7 -8
leaf_value=0.0084585211614679849 -0.0069342858506285633 0.15963360797974371 -0.13579593118566732 -0.049590020761257264 0.048717301464997802 -0.02804957623853058 -0.039895114360317105
leaf_weight=62 8.9999999999999982 5.9999999999999991 4.9999999999999991 7.9999999999999991 4.9999999999999991 11.999999999999998 5.9999999999999991
leaf_count=62 9 6 5 8 5 12 6
internal_value=0 0.00777707 -0.0543264 -0.00232557 0.00221121 -0.000790954 0.00406555
internal_weight=113 99 14 93 85 80 68
internal_count=113 99 14 93 85 80 68
is_linear=0
shrinkage=0.03


Tree=234
num_leaves=8
num_cat=0
split_feature=8 4 0 6 3 9 8
split_gain=50.5216 169.318 70.2078 21.2905 10.333 9.28875 14.4129
threshold=7.9687500000000009 175.00000000000003 18.000000000000004 72.800000000000011 4.8500000000000005 0.56867692307692319 8.4375000000000018
decision_type=2 2 2 2 2 2 2
left_child=2 3 4 5 -1 6 -2
right_child=1 -3 -4 -5 -6 -7 -8
leaf_value=-0.038329556392685996 -0.049025834936362034 0.1605684494635751 -0.13851914034439966 -0.060515320713703434 0.012963898578068105 0.037379879165560966 0.0026824418293348307
leaf_weight=6.0000000000000027 4.9999999999999991 5.9999999999999991 4.9999999999999991 4.9999999999999991 7.9999999999999991 5.9999999999999991 72
leaf_count=6 5 6 5 5 8 6 72
internal_value=0 0.00903756 -0.0443562 -0.00161776 -0.00914361 0.0020492 -0.00077412
internal_weight=113 94 19 88 14 83 77
internal_count=113 94 19 88 14 83 77
is_linear=0
shrinkage=0.03


Tree=235
num_leaves=8
num_cat=0
split_feature=23 1 0 8 1 9 3
split_gain=52.1267 162.336 59.8055 12.0876 12.0121 11.7996 10.7099
threshold=1.0000000180025095e-35 30.000000000000004 11.000000000000002 6.3750000000000009 22.000000000000004 0.61064615384615395 4.3500000000000005
decision_type=2 2 2 2 2 2 2
left_child=1 3 -2 4 -1 6 -5
right_child=2 -3 -4 5 -6 -7 -8
leaf_value=0.0027621258451388437 -0.006640889113364014 0.15632710126138502 -0.1347850189443964 0.01288279623189505 -0.059355101431569732 0.038466619012566899 -0.01047869250738709
leaf_weight=4.9999999999999982 8.9999999999999982 5.9999999999999991 4.9999999999999991 28 6 6.9999999999999991 47
leaf_count=5 9 6 5 28 6 7 47
internal_value=0 0.00768901 -0.0537661 -0.00219934 -0.0314409 0.00177202 -0.00172606
internal_weight=113 99 14 93 11 82 75
internal_count=113 99 14 93 11 82 75
is_linear=0
shrinkage=0.03


Tree=236
num_leaves=8
num_cat=0
split_feature=23 0 0 5 5 6 9
split_gain=49.1644 161.587 56.403 22.2828 12.5619 21.8887 15.4529
threshold=1.0000000180025095e-35 18.000000000000004 11.000000000000002 53.600000000000009 45.899999999999999 59.400000000000013 0.61064615384615395
decision_type=2 2 2 2 2 2 2
left_child=1 3 -2 4 5 6 -1
right_child=2 -3 -4 -5 -6 -7 -8
leaf_value=-0.0021019613368048408 -0.0064459930036378944 0.15576218247413634 -0.13089699092965859 -0.057353857409569518 0.03685213717927293 -0.056275959803212067 0.044166310677925744
leaf_weight=66 8.9999999999999982 5.9999999999999991 4.9999999999999991 5.9999999999999991 7.9999999999999991 5.9999999999999991 6.9999999999999991
leaf_count=66 9 6 5 6 8 6 7
internal_value=0 0.0074673 -0.052216 -0.00239774 0.00149798 -0.00214726 0.00242278
internal_weight=113 99 14 93 87 79 73
internal_count=113 99 14 93 87 79 73
is_linear=0
shrinkage=0.03


Tree=237
num_leaves=8
num_cat=0
split_feature=8 4 0 6 3 8 9
split_gain=49.2854 163.946 66.1418 20.8327 10.2185 9.05457 17.4262
threshold=7.9687500000000009 175.00000000000003 18.000000000000004 72.800000000000011 4.8500000000000005 14.79166666666667 0.34414545454545459
decision_type=2 2 2 2 2 2 2
left_child=2 3 4 5 -1 6 -2
right_child=1 -3 -4 -5 -6 -7 -8
leaf_value=-0.038639433379134801 0.062277174064746262 0.15802880007413125 -0.13521539197518273 -0.059824652580114504 0.01236974138857388 -0.0097756499267722414 0.0041214950177059992
leaf_weight=6.0000000000000027 4.9999999999999991 5.9999999999999991 4.9999999999999991 4.9999999999999991 7.9999999999999991 34 44
leaf_count=6 5 6 5 5 8 34 44
internal_value=0 0.00892117 -0.0438152 -0.00156354 -0.00962201 0.00206351 0.0103153
internal_weight=113 94 19 88 14 83 49
internal_count=113 94 19 88 14 83 49
is_linear=0
shrinkage=0.03


Tree=238
num_leaves=8
num_cat=0
split_feature=23 0 0 26 2 3 8
split_gain=48.5839 154.287 55.9206 21.2535 12.6216 10.8164 13.7988
threshold=1.0000000180025095e-35 18.000000000000004 7.0000000000000009 1.0000000180025095e-35 4.0500000000000007 5.0500000000000007 21.500000000000004
decision_type=2 2 2 2 2 2 2
left_child=1 3 -2 4 5 6 -1
right_child=2 -3 -4 -5 -6 -7 -8
leaf_value=0.0081857275715475093 0.0080485885838667559 0.15232781917818128 -0.11063194298495846 -0.048351700683919398 0.047504188189139727 -0.026744473388449087 -0.038730888054255508
leaf_weight=62 6.9999999999999982 5.9999999999999991 7 7.9999999999999991 4.9999999999999991 11.999999999999998 5.9999999999999991
leaf_count=62 7 6 7 8 5 12 6
internal_value=0 0.00742146 -0.0519085 -0.00221807 0.00220962 -0.000713988 0.00392259
internal_weight=113 99 14 93 85 80 68
internal_count=113 99 14 93 85 80 68
is_linear=0
shrinkage=0.03


Tree=239
num_leaves=8
num_cat=0
split_feature=8 4 0 4 3 2 6
split_gain=48.0375 155.682 65.472 19.4771 12.6249 12.0358 16.4281
threshold=7.9687500000000009 175.00000000000003 18.000000000000004 145.00000000000003 5.2500000000000009 3.5500000000000003 27.800000000000001
decision_type=2 2 2 2 2 2 2
left_child=2 3 -1 4 5 6 -2
right_child=1 -3 -4 -5 -6 -7 -8
leaf_value=-0.0092425631611070137 -0.0021083296616831101 0.15410799236066877 -0.13419194216911609 -0.048708357711633038 0.040697440803050988 -0.012348874303968431 0.041824440530368261
leaf_weight=14.000000000000002 24 5.9999999999999991 4.9999999999999991 6.9999999999999991 6.9999999999999991 39 10.999999999999998
leaf_count=14 24 6 5 7 7 39 11
internal_value=0 0.00880708 -0.0432574 -0.00140978 0.00276919 -0.000898433 0.0118157
internal_weight=113 94 19 88 81 74 35
internal_count=113 94 19 88 81 74 35
is_linear=0
shrinkage=0.03


Tree=240
num_leaves=8
num_cat=0
split_feature=23 0 0 26 2 3 8
split_gain=47.8469 147.421 55.5267 19.9094 12.0007 10.5347 12.9687
threshold=1.0000000180025095e-35 18.000000000000004 11.000000000000002 1.0000000180025095e-35 4.0500000000000007 5.0500000000000007 21.500000000000004
decision_type=2 2 2 2 2 2 2
left_child=1 3 -2 4 5 6 -1
right_child=2 -3 -4 -5 -6 -7 -8
leaf_value=0.0080859217130043008 -0.0061052131004955459 0.14901128734311747 -0.12957869216226614 -0.046708562868397405 0.046393822087691369 -0.026312598419971151 -0.037396580639385411
leaf_weight=62 8.9999999999999982 5.9999999999999991 4.9999999999999991 7.9999999999999991 4.9999999999999991 11.999999999999998 5.9999999999999991
leaf_count=62 9 6 5 8 5 12 6
internal_value=0 0.00736572 -0.0515125 -0.00205677 0.00222793 -0.000622546 0.00395287
internal_weight=113 99 14 93 85 80 68
internal_count=113 99 14 93 85 80 68
is_linear=0
shrinkage=0.03


Tree=241
num_leaves=8
num_cat=0
split_feature=8 4 0 6 3 3 2
split_gain=46.7281 148.722 64.63 18.9032 10.0925 9.22947 11.3216
threshold=7.9687500000000009 175.00000000000003 18.000000000000004 72.800000000000011 4.8500000000000005 5.2500000000000009 3.5500000000000003
decision_type=2 2 2 2 2 2 2
left_child=2 3 4 5 -1 6 -2
right_child=1 -3 -4 -5 -6 -7 -8
leaf_value=-0.037721713825219078 0.010942179195592617 0.15069981463493837 -0.13301216840744018 -0.056800496303118189 0.012970208747357858 0.037369505397735099 -0.012004990703806432
leaf_weight=6.0000000000000027 38 5.9999999999999991 4.9999999999999991 4.9999999999999991 7.9999999999999991 5.9999999999999991 39
leaf_count=6 38 6 5 5 8 6 39
internal_value=0 0.00868432 -0.0426657 -0.00130132 -0.00887457 0.00215248 -0.000661974
internal_weight=113 94 19 88 14 83 77
internal_count=113 94 19 88 14 83 77
is_linear=0
shrinkage=0.03


Tree=242
num_leaves=8
num_cat=0
split_feature=23 0 0 26 5 9 3
split_gain=47.1337 140.936 54.6107 18.9413 12.3955 25.5832 13.9797
threshold=1.0000000180025095e-35 18.000000000000004 11.000000000000002 1.0000000180025095e-35 43.900000000000013 0.56867692307692319 5.0500000000000007
decision_type=2 2 2 2 2 2 2
left_child=1 3 -2 4 6 -6 -1
right_child=2 -3 -4 -5 5 -7 -8
leaf_value=0.00088811720181200245 -0.0060975112733633622 0.14580119652132834 -0.1285511577473237 -0.045459519188578539 0.080857009566747226 -0.0025205304991939791 -0.050182375953747665
leaf_weight=66 8.9999999999999982 5.9999999999999991 4.9999999999999991 7.9999999999999991 4.9999999999999991 8.9999999999999982 4.9999999999999991
leaf_count=66 9 6 5 8 5 9 5
internal_value=0 0.00730657 -0.0511312 -0.00190617 0.00227245 0.027871 -0.00281819
internal_weight=113 99 14 93 85 14 71
internal_count=113 99 14 93 85 14 71
is_linear=0
shrinkage=0.03


Tree=243
num_leaves=8
num_cat=0
split_feature=8 4 0 4 3 2 6
split_gain=45.2582 142.181 63.8632 18.2128 12.3413 10.8077 13.4063
threshold=7.9687500000000009 175.00000000000003 18.000000000000004 145.00000000000003 5.2500000000000009 3.6500000000000008 27.800000000000001
decision_type=2 2 2 2 2 2 2
left_child=2 3 -1 4 5 -2 -7
right_child=1 -3 -4 -5 -6 6 -8
leaf_value=-0.0084072741413567659 0.0066330701727205987 0.14740177691944181 -0.13179828932652105 -0.046957561671733851 0.04032082686821619 0.0095571227355495721 -0.037642358676953751
leaf_weight=14.000000000000002 52 5.9999999999999991 4.9999999999999991 6.9999999999999991 6.9999999999999991 9.0000000000000018 12.999999999999998
leaf_count=14 52 6 5 7 7 9 13
internal_value=0 0.00854458 -0.0419914 -0.00121873 0.00282146 -0.000804681 -0.0183538
internal_weight=113 94 19 88 81 74 22
internal_count=113 94 19 88 81 74 22
is_linear=0
shrinkage=0.03


Tree=244
num_leaves=8
num_cat=0
split_feature=23 1 0 8 9 1 3
split_gain=46.4319 136.068 53.6963 11.2902 11.576 11.442 9.78645
threshold=1.0000000180025095e-35 30.000000000000004 7.0000000000000009 6.3750000000000009 0.61064615384615395 22.000000000000004 4.3500000000000005
decision_type=2 2 2 2 2 2 2
left_child=1 3 -2 5 6 -1 -5
right_child=2 -3 -4 4 -6 -7 -8
leaf_value=0.0032909529254986688 0.0079951954881350203 0.14333196355450536 -0.10829510107015568 0.012533727792349266 0.038378831452379622 -0.057311604253707377 -0.0097982855163262026
leaf_weight=4.9999999999999982 6.9999999999999982 5.9999999999999991 7 28 6.9999999999999991 6 47
leaf_count=5 7 6 7 28 7 6 47
internal_value=0 0.00725039 -0.0507507 -0.00180171 0.00203528 -0.0300642 -0.00142989
internal_weight=113 99 14 93 82 11 75
internal_count=113 99 14 93 82 11 75
is_linear=0
shrinkage=0.03


Tree=245
num_leaves=8
num_cat=0
split_feature=23 0 0 5 5 6 9
split_gain=43.7616 134.655 51.3785 19.9434 11.4817 19.1369 15.0528
threshold=1.0000000180025095e-35 18.000000000000004 11.000000000000002 53.600000000000009 45.899999999999999 59.400000000000013 0.61064615384615395
decision_type=2 2 2 2 2 2 2
left_child=1 3 -2 4 5 6 -1
right_child=2 -3 -4 -5 -6 -7 -8
leaf_value=-0.001958498496089547 -0.0055894555021887239 0.14241489841092014 -0.12436025739862366 -0.053956501676190274 0.035519264436713077 -0.052378108049592656 0.043706388153756652
leaf_weight=66 8.9999999999999982 5.9999999999999991 4.9999999999999991 5.9999999999999991 7.9999999999999991 5.9999999999999991 6.9999999999999991
leaf_count=66 9 6 5 6 8 6 7
internal_value=0 0.00704122 -0.0492673 -0.00196334 0.00172072 -0.00176403 0.00250729
internal_weight=113 99 14 93 87 79 73
internal_count=113 99 14 93 87 79 73
is_linear=0
shrinkage=0.03


Tree=246
num_leaves=8
num_cat=0
split_feature=8 4 0 6 3 15 3
split_gain=44.1934 137.226 60.0985 18.421 10.1195 8.90107 10.863
threshold=7.9687500000000009 175.00000000000003 18.000000000000004 72.800000000000011 4.8500000000000005 1.0000000180025095e-35 4.7500000000000009
decision_type=2 2 2 2 2 2 2
left_child=2 3 4 5 -1 6 -2
right_child=1 -3 -4 -5 -6 -7 -8
leaf_value=-0.037784726422640559 -0.0007913352203061571 0.14486008148039539 -0.1286180917574809 -0.055935346346635079 0.012975096868850837 -0.025549438958582672 0.025861498029022423
leaf_weight=6.0000000000000027 56 5.9999999999999991 4.9999999999999991 4.9999999999999991 7.9999999999999991 8.9999999999999982 18
leaf_count=6 56 6 5 5 8 9 18
internal_value=0 0.00844395 -0.0414939 -0.00114753 -0.00889926 0.00226143 0.0057238
internal_weight=113 94 19 88 14 83 74
internal_count=113 94 19 88 14 83 74
is_linear=0
shrinkage=0.03


Tree=247
num_leaves=8
num_cat=0
split_feature=23 0 0 5 5 6 9
split_gain=42.8992 128.808 50.6921 18.2538 10.8329 18.1434 14.2767
threshold=1.0000000180025095e-35 18.000000000000004 11.000000000000002 53.600000000000009 45.899999999999999 59.400000000000013 0.61064615384615395
decision_type=2 2 2 2 2 2 2
left_child=1 3 -2 4 5 6 -1
right_child=2 -3 -4 -5 -6 -7 -8
leaf_value=-0.0018913730838845321 -0.0054021933869175288 0.13936778206979072 -0.12337383514413465 -0.051583147010495579 0.034513068649372675 -0.050984278090538508 0.04258029042122264
leaf_weight=66 8.9999999999999982 5.9999999999999991 4.9999999999999991 5.9999999999999991 7.9999999999999991 5.9999999999999991 6.9999999999999991
leaf_count=66 9 6 5 6 8 6 7
internal_value=-1.81584e-06 0.00696611 -0.0487848 -0.00184058 0.00168319 -0.00170118 0.00245723
internal_weight=113 99 14 93 87 79 73
internal_count=113 99 14 93 87 79 73
is_linear=0
shrinkage=0.03


Tree=248
num_leaves=8
num_cat=0
split_feature=8 4 0 6 3 8 9
split_gain=42.9956 131.166 59.2138 17.091 9.65525 8.40072 16.3725
threshold=7.9687500000000009 175.00000000000003 18.000000000000004 72.800000000000011 4.8500000000000005 14.79166666666667 0.34414545454545459
decision_type=2 2 2 2 2 2 2
left_child=2 3 4 5 -1 6 -2
right_child=1 -3 -4 -5 -6 -7 -8
leaf_value=-0.036800404311187786 0.060545498659977534 0.1416936286130259 -0.12741236452872934 -0.053827272424331073 0.012779541537847099 -0.0091738280503634809 0.0041714755578885244
leaf_weight=6.0000000000000027 4.9999999999999991 5.9999999999999991 4.9999999999999991 4.9999999999999991 7.9999999999999991 34 44
leaf_count=6 5 6 5 5 8 34 44
internal_value=-3.04759e-06 0.00832346 -0.0409331 -0.00105364 -0.00858241 0.00222922 0.0101772
internal_weight=113 94 19 88 14 83 49
internal_count=113 94 19 88 14 83 49
is_linear=0
shrinkage=0.03


Tree=249
num_leaves=8
num_cat=0
split_feature=23 1 0 6 14 2 15
split_gain=42.3196 124.357 49.766 10.3669 9.60021 12.2887 10.8836
threshold=1.0000000180025095e-35 30.000000000000004 7.0000000000000009 72.800000000000011 1.0000000180025095e-35 3.1500000000000008 1.0000000180025095e-35
decision_type=2 2 2 2 2 2 2
left_child=1 3 -2 4 6 -6 -1
right_child=2 -3 -4 -5 5 -7 -8
leaf_value=0.010212644114500924 0.0080827457706133532 0.1370118712802087 -0.10385592802117266 -0.030285947202321358 0.0047997280090085921 -0.057856653928756697 -0.024692465414434834
leaf_weight=63 6.9999999999999982 5.9999999999999991 7 9.9999999999999982 5.9999999999999982 5 8.9999999999999982
leaf_count=63 7 6 7 10 6 5 9
internal_value=-2.98438e-06 0.00691763 -0.0484554 -0.00173546 0.00175087 -0.0240711 0.00577242
internal_weight=113 99 14 93 83 11 72
internal_count=113 99 14 93 83 11 72
is_linear=0
shrinkage=0.03


Tree=250
num_leaves=8
num_cat=0
split_feature=8 4 5 6 3 2 25
split_gain=40.6877 124.947 56.4142 16.7687 8.06466 10.6374 15.6348
threshold=7.9687500000000009 175.00000000000003 53.600000000000009 72.800000000000011 5.2500000000000009 3.7500000000000004 1.0000000180025095e-35
decision_type=2 2 2 2 2 2 2
left_child=2 3 -1 4 5 6 -2
right_child=1 -3 -4 -5 -6 -7 -8
leaf_value=-0.0082449348544387097 0.00014855354234738193 0.1382641352568903 -0.12423224329948425 -0.053331284523010246 0.035112840667847665 -0.022069222308971261 0.0504306871660294
leaf_weight=14.000000000000002 55 5.9999999999999991 4.9999999999999991 4.9999999999999991 5.9999999999999991 15.999999999999998 5.9999999999999991
leaf_count=14 55 6 5 5 6 16 6
internal_value=-5.49606e-06 0.00809409 -0.0398222 -0.00105753 0.00219409 -0.000435894 0.00526749
internal_weight=113 94 19 88 83 77 61
internal_count=113 94 19 88 83 77 61
is_linear=0
shrinkage=0.03


Tree=251
num_leaves=8
num_cat=0
split_feature=23 0 0 26 5 9 3
split_gain=41.4355 121.852 49.7349 18.2405 11.4683 23.4007 12.6854
threshold=1.0000000180025095e-35 18.000000000000004 11.000000000000002 1.0000000180025095e-35 43.900000000000013 0.56867692307692319 5.0500000000000007
decision_type=2 2 2 2 2 2 2
left_child=1 3 -2 4 6 -6 -1
right_child=2 -3 -4 -5 5 -7 -8
leaf_value=0.001011336134560969 -0.0049841629487016922 0.13562069050727349 -0.12182789858717184 -0.044462473188958511 0.077674770080126229 -0.0020655303043515785 -0.047637512546319219
leaf_weight=66 8.9999999999999982 5.9999999999999991 4.9999999999999991 7.9999999999999991 4.9999999999999991 8.9999999999999982 4.9999999999999991
leaf_count=66 9 6 5 8 5 9 5
internal_value=-4.08179e-06 0.00684372 -0.0479478 -0.00172158 0.00237842 0.0270004 -0.00251776
internal_weight=113 99 14 93 85 14 71
internal_count=113 99 14 93 85 14 71
is_linear=0
shrinkage=0.03


Tree=252
num_leaves=8
num_cat=0
split_feature=8 4 0 4 3 2 6
split_gain=39.3957 119.555 55.1208 16.4934 11.2486 10.1135 12.8599
threshold=7.9687500000000009 175.00000000000003 18.000000000000004 145.00000000000003 5.2500000000000009 3.6500000000000008 27.800000000000001
decision_type=2 2 2 2 2 2 2
left_child=2 3 -1 4 5 -2 -7
right_child=1 -3 -4 -5 -6 6 -8
leaf_value=-0.0079727483417471514 0.0065895165824170765 0.13529551116689556 -0.12262048120682055 -0.044514661828676853 0.038656849960486094 0.0097460131995055956 -0.036476190008900379
leaf_weight=14.000000000000002 52 5.9999999999999991 4.9999999999999991 6.9999999999999991 6.9999999999999991 9.0000000000000018 12.999999999999998
leaf_count=14 52 6 5 7 7 9 13
internal_value=-4.71048e-06 0.00796504 -0.0391844 -0.000986688 0.00285689 -0.000604442 -0.0175821
internal_weight=113 94 19 88 81 74 22
internal_count=113 94 19 88 81 74 22
is_linear=0
shrinkage=0.03


Tree=253
num_leaves=8
num_cat=0
split_feature=23 0 0 26 5 9 3
split_gain=40.7925 116.576 48.7597 16.8663 10.9842 22.5053 12.0924
threshold=1.0000000180025095e-35 18.000000000000004 11.000000000000002 1.0000000180025095e-35 43.900000000000013 0.56867692307692319 5.0500000000000007
decision_type=2 2 2 2 2 2 2
left_child=1 3 -2 4 6 -6 -1
right_child=2 -3 -4 -5 5 -7 -8
leaf_value=0.0010068506683895415 -0.0050312774077705714 0.13274730805427795 -0.12072841580670612 -0.042688754535302888 0.07614564272073597 -0.0020508476638275643 -0.046490972042083731
leaf_weight=66 8.9999999999999982 5.9999999999999991 4.9999999999999991 7.9999999999999991 4.9999999999999991 8.9999999999999982 4.9999999999999991
leaf_count=66 9 6 5 8 5 9 5
internal_value=-5.30025e-06 0.00678907 -0.0475757 -0.0015886 0.00235317 0.02645 -0.0024382
internal_weight=113 99 14 93 85 14 71
internal_count=113 99 14 93 85 14 71
is_linear=0
shrinkage=0.03


Tree=254
num_leaves=8
num_cat=0
split_feature=23 1 0 8 1 9 3
split_gain=38.4735 111.419 45.9849 10.2944 10.9254 10.329 9.25901
threshold=1.0000000180025095e-35 30.000000000000004 11.000000000000002 6.3750000000000009 22.000000000000004 0.61064615384615395 4.3500000000000005
decision_type=2 2 2 2 2 2 2
left_child=1 3 -2 4 -1 6 -5
right_child=2 -3 -4 5 -6 -7 -8
leaf_value=0.0039763376231376941 -0.0048836194691450696 0.1297331970161007 -0.11724586270176446 0.012374113306720206 -0.055216575784067939 0.036395015291248757 -0.0093482159520894021
leaf_weight=4.9999999999999982 8.9999999999999982 5.9999999999999991 4.9999999999999991 28 6 6.9999999999999991 47
leaf_count=5 9 6 5 28 6 7 47
internal_value=-5.91401e-06 0.00659212 -0.0462048 -0.00159772 -0.0285862 0.00206519 -0.00120726
internal_weight=113 99 14 93 11 82 75
internal_count=113 99 14 93 11 82 75
is_linear=0
shrinkage=0.03


Tree=255
num_leaves=8
num_cat=0
split_feature=8 4 5 6 3 2 2
split_gain=38.1746 116.317 52.8411 16.6745 7.91094 9.49161 16.6687
threshold=7.9687500000000009 175.00000000000003 53.600000000000009 72.800000000000011 5.2500000000000009 3.5500000000000003 3.2500000000000004
decision_type=2 2 2 2 2 2 2
left_child=2 3 -1 4 5 6 -2
right_child=1 -3 -4 -5 -6 -7 -8
leaf_value=-0.0080083507863463639 -0.007541349411783917 0.13343340024832756 -0.12026743288223558 -0.053116991840876059 0.034855372252002838 -0.010740923691084796 0.032192920862242229
leaf_weight=14.000000000000002 21 5.9999999999999991 4.9999999999999991 4.9999999999999991 5.9999999999999991 39 17
leaf_count=14 21 6 5 5 6 39 17
internal_value=-5.56341e-06 0.00783948 -0.0385734 -0.000989882 0.00225241 -0.000352365 0.0102707
internal_weight=113 94 19 88 83 77 38
internal_count=113 94 19 88 83 77 38
is_linear=0
shrinkage=0.03


Tree=256
num_leaves=8
num_cat=0
split_feature=23 0 0 5 5 15 8
split_gain=37.8715 109.573 45.1676 16.948 9.78603 8.56467 8.32995
threshold=1.0000000180025095e-35 18.000000000000004 11.000000000000002 53.600000000000009 13.800000000000002 1.0000000180025095e-35 21.500000000000004
decision_type=2 2 2 2 2 2 2
left_child=1 3 -2 4 -1 6 -6
right_child=2 -3 -4 -5 5 -7 -8
leaf_value=-0.038074853855829968 -0.0048868121725061664 0.12865666358701644 -0.11624915151068796 -0.04951299905776977 0.011114539694606559 -0.02290746311535654 -0.022837794000903765
leaf_weight=4.9999999999999991 8.9999999999999982 5.9999999999999991 4.9999999999999991 5.9999999999999991 66 8.9999999999999982 6.9999999999999991
leaf_count=5 9 6 5 6 66 9 7
internal_value=-5.75114e-06 0.00654036 -0.0458418 -0.0015812 0.00181322 0.00435039 0.00778484
internal_weight=113 99 14 93 87 82 73
internal_count=113 99 14 93 87 82 73
is_linear=0
shrinkage=0.03


Tree=257
num_leaves=8
num_cat=0
split_feature=8 4 0 4 3 3 2
split_gain=37.1464 111.269 52.6788 15.7256 10.5098 9.68525 9.2097
threshold=7.9687500000000009 175.00000000000003 18.000000000000004 145.00000000000003 5.2500000000000009 4.8500000000000005 3.6500000000000008
decision_type=2 2 2 2 2 2 2
left_child=2 3 5 4 6 -1 -2
right_child=1 -3 -4 -5 -6 -7 -8
leaf_value=-0.035822855859033498 0.0063614241633264488 0.13056444271918266 -0.11962396818857926 -0.043413162777821215 0.037446713745594017 0.013833493426351288 -0.016704975291079765
leaf_weight=6.0000000000000027 52 5.9999999999999991 4.9999999999999991 6.9999999999999991 6.9999999999999991 7.9999999999999991 22
leaf_count=6 52 6 5 7 7 8 22
internal_value=-1.28506e-05 0.00772566 -0.0380579 -0.000909779 0.00284276 -0.00754698 -0.000502481
internal_weight=113 94 19 88 81 14 74
internal_count=113 94 19 88 81 14 74
is_linear=0
shrinkage=0.03


Tree=258
num_leaves=8
num_cat=0
split_feature=23 0 0 26 2 8 1
split_gain=37.2836 104.914 44.5087 16.0729 10.5619 9.84641 12.8276
threshold=1.0000000180025095e-35 18.000000000000004 7.0000000000000009 1.0000000180025095e-35 4.0500000000000007 21.500000000000004 5.0000000000000009
decision_type=2 2 2 2 2 2 2
left_child=1 3 -2 4 5 6 -1
right_child=2 -3 -4 -5 -6 -7 -8
leaf_value=-0.042690950356996972 0.0079575186471144369 0.1259732501737533 -0.097887247726321208 -0.041587787110631061 0.043814158393786502 -0.03662706129012569 0.0061516857386238301
leaf_weight=4.9999999999999991 6.9999999999999982 5.9999999999999991 7 7.9999999999999991 4.9999999999999991 5.9999999999999991 69
leaf_count=5 7 6 7 8 5 6 69
internal_value=-1.35176e-05 0.00648149 -0.0454925 -0.00146535 0.00238204 -0.000291572 0.00272512
internal_weight=113 99 14 93 85 80 74
internal_count=113 99 14 93 85 80 74
is_linear=0
shrinkage=0.03


Tree=259
num_leaves=8
num_cat=0
split_feature=8 4 0 6 3 8 9
split_gain=36.3598 105.847 51.772 15.264 9.19616 7.39588 15.4944
threshold=7.9687500000000009 175.00000000000003 18.000000000000004 72.800000000000011 4.8500000000000005 14.79166666666667 0.34414545454545459
decision_type=2 2 2 2 2 2 2
left_child=2 3 4 5 -1 6 -2
right_child=1 -3 -4 -5 -6 -7 -8
leaf_value=-0.034961434817842876 0.058776566512309586 0.12744936309514504 -0.11851561821424043 -0.050656071259425228 0.01342321768584775 -0.0083777974088463849 0.0039350936379772506
leaf_weight=6.0000000000000027 4.9999999999999991 5.9999999999999991 4.9999999999999991 4.9999999999999991 7.9999999999999991 34 44
leaf_count=6 5 6 5 5 8 34 44
internal_value=-1.45639e-05 0.00764143 -0.0376548 -0.000780759 -0.00740778 0.0023203 0.00977783
internal_weight=113 94 19 88 14 83 49
internal_count=113 94 19 88 14 83 49
is_linear=0
shrinkage=0.03


Tree=260
num_leaves=8
num_cat=0
split_feature=23 1 0 8 1 9 3
split_gain=36.7061 100.534 44.0276 9.40123 10.1509 9.94329 9.26866
threshold=1.0000000180025095e-35 30.000000000000004 11.000000000000002 6.3750000000000009 22.000000000000004 0.61064615384615395 4.3500000000000005
decision_type=2 2 2 2 2 2 2
left_child=1 3 -2 4 -1 6 -5
right_child=2 -3 -4 5 -6 -7 -8
leaf_value=0.0042233591010937327 -0.0047055765727291934 0.12340127100867609 -0.11465242070647386 0.012528225284941652 -0.052813672980954553 0.035832535155544361 -0.0092059035095686109
leaf_weight=4.9999999999999982 8.9999999999999982 5.9999999999999991 4.9999999999999991 28 6 6.9999999999999991 47
leaf_count=5 9 6 5 28 6 7 47
internal_value=-1.42028e-05 0.0064302 -0.0451397 -0.00134884 -0.0271414 0.00215051 -0.00106014
internal_weight=113 99 14 93 11 82 75
internal_count=113 99 14 93 11 82 75
is_linear=0
shrinkage=0.03


Tree=261
num_leaves=8
num_cat=0
split_feature=2 9 5 8 4 3 6
split_gain=34.937 91.6663 39.8536 9.4241 12.2527 8.89787 14.4281
threshold=4.0500000000000007 0.42923076923076925 53.600000000000009 21.500000000000004 132.50000000000003 3.8500000000000001 26.100000000000005
decision_type=2 2 2 2 2 2 2
left_child=2 -2 3 4 5 -1 -7
right_child=1 -3 -4 -5 -6 6 -8
leaf_value=-0.027078363071469699 0.14343991756439212 -0.022169296741485593 -0.065342775479606971 -0.035579025755005496 0.037602415615465581 0.022843213838499944 -0.0065764469232458562
leaf_weight=9.9999999999999982 4.9999999999999982 7 8.9999999999999982 5.9999999999999991 7.9999999999999991 22 46
leaf_count=10 5 7 9 6 8 22 46
internal_value=-1.36648e-05 0.0479319 -0.00580845 0.000128395 0.00271378 -0.000932376 0.00295876
internal_weight=113 12 101 92 86 78 68
internal_count=113 12 101 92 86 78 68
is_linear=0
shrinkage=0.03


Tree=262
num_leaves=8
num_cat=0
split_feature=23 0 0 5 5 6 9
split_gain=33.7467 101.194 41.3548 15.883 9.36561 15.5577 13.591
threshold=1.0000000180025095e-35 18.000000000000004 11.000000000000002 53.600000000000009 45.899999999999999 59.400000000000013 0.61064615384615395
decision_type=2 2 2 2 2 2 2
left_child=1 3 -2 4 5 6 -1
right_child=2 -3 -4 -5 -6 -7 -8
leaf_value=-0.001889732159629149 -0.0040983615750851844 0.12352253194778195 -0.11064808381291535 -0.048037521935278361 0.032174854051412606 -0.047134333041406441 0.04150064687244593
leaf_weight=66 8.9999999999999982 5.9999999999999991 4.9999999999999991 5.9999999999999991 7.9999999999999991 5.9999999999999991 6.9999999999999991
leaf_count=66 9 6 5 6 8 6 7
internal_value=-1.11535e-05 0.00616746 -0.0432799 -0.00163656 0.00164914 -0.00149657 0.00235252
internal_weight=113 99 14 93 87 79 73
internal_count=113 99 14 93 87 79 73
is_linear=0
shrinkage=0.03


Tree=263
num_leaves=8
num_cat=0
split_feature=8 4 0 4 3 3 2
split_gain=34.1353 103.033 47.8488 14.7693 9.72493 9.00599 8.92337
threshold=7.9687500000000009 175.00000000000003 18.000000000000004 145.00000000000003 5.2500000000000009 4.8500000000000005 3.5500000000000003
decision_type=2 2 2 2 2 2 2
left_child=2 3 5 4 6 -1 -2
right_child=1 -3 -4 -5 -6 -7 -8
leaf_value=-0.034662838746463073 0.010459922899238087 0.12561085013612622 -0.11422201573848723 -0.042094263980786001 0.036019832193851464 0.013218239156938183 -0.01034753982661938
leaf_weight=6.0000000000000027 35 5.9999999999999991 4.9999999999999991 6.9999999999999991 6.9999999999999991 7.9999999999999991 39
leaf_count=6 35 6 5 7 7 8 39
internal_value=-1.19915e-05 0.0074057 -0.036483 -0.00090329 0.00273286 -0.00739578 -0.000484289
internal_weight=113 94 19 88 81 14 74
internal_count=113 94 19 88 81 14 74
is_linear=0
shrinkage=0.03


Tree=264
num_leaves=8
num_cat=0
split_feature=23 0 0 26 5 9 3
split_gain=33.2547 96.8534 40.8008 15.5935 10.293 20.9032 11.1751
threshold=1.0000000180025095e-35 18.000000000000004 7.0000000000000009 1.0000000180025095e-35 43.900000000000013 0.56867692307692319 5.0500000000000007
decision_type=2 2 2 2 2 2 2
left_child=1 3 -2 4 6 -6 -1
right_child=2 -3 -4 -5 5 -7 -8
leaf_value=0.00094950742760723807 0.0081888353327910102 0.120931551494906 -0.093132385909557316 -0.04103279924974209 0.07349641593602986 -0.0018613594122554944 -0.044710599413284882
leaf_weight=66 6.9999999999999982 5.9999999999999991 7 7.9999999999999991 4.9999999999999991 8.9999999999999982 4.9999999999999991
leaf_count=66 7 6 7 8 5 9 5
internal_value=-1.20828e-05 0.00612123 -0.0429643 -0.00151341 0.00227605 0.0256026 -0.00236148
internal_weight=113 99 14 93 85 14 71
internal_count=113 99 14 93 85 14 71
is_linear=0
shrinkage=0.03


Tree=265
num_leaves=8
num_cat=0
split_feature=8 4 0 6 3 15 3
split_gain=33.0695 98.0406 47.2792 14.3259 8.61378 7.22615 9.64059
threshold=7.9687500000000009 175.00000000000003 18.000000000000004 72.800000000000011 4.8500000000000005 1.0000000180025095e-35 4.7500000000000009
decision_type=2 2 2 2 2 2 2
left_child=2 3 4 5 -1 6 -2
right_child=1 -3 -4 -5 -6 -7 -8
leaf_value=-0.033670463608878258 -0.00082551333032468866 0.12259634267899297 -0.11318057587513555 -0.049132667321425211 0.01315506700153758 -0.022865250636216094 0.024281659504541985
leaf_weight=6.0000000000000027 56 5.9999999999999991 4.9999999999999991 4.9999999999999991 7.9999999999999991 8.9999999999999982 18
leaf_count=6 56 6 5 5 8 9 18
internal_value=-1.01132e-05 0.00729065 -0.0359075 -0.000814261 -0.00699897 0.00218957 0.00531041
internal_weight=113 94 19 88 14 83 74
internal_count=113 94 19 88 14 83 74
is_linear=0
shrinkage=0.03


Tree=266
num_leaves=8
num_cat=0
split_feature=23 0 0 26 5 9 3
split_gain=32.5211 92.785 40.5359 14.9692 9.80873 19.5583 10.6167
threshold=1.0000000180025095e-35 18.000000000000004 11.000000000000002 1.0000000180025095e-35 43.900000000000013 0.56867692307692319 5.0500000000000007
decision_type=2 2 2 2 2 2 2
left_child=1 3 -2 4 6 -6 -1
right_child=2 -3 -4 -5 5 -7 -8
leaf_value=0.00099148327360925725 -0.0037046667415162791 0.11842480855603371 -0.10918572411514245 -0.040141371226892243 0.071389139111225408 -0.0015033410683922147 -0.043513106910082013
leaf_weight=66 8.9999999999999982 5.9999999999999991 4.9999999999999991 7.9999999999999991 4.9999999999999991 8.9999999999999982 4.9999999999999991
leaf_count=66 9 6 5 8 5 9 5
internal_value=-1.33684e-05 0.00605177 -0.0424893 -0.00142058 0.00229179 0.0250629 -0.002235
internal_weight=113 99 14 93 85 14 71
internal_count=113 99 14 93 85 14 71
is_linear=0
shrinkage=0.03


Tree=267
num_leaves=8
num_cat=0
split_feature=2 2 5 8 4 1 6
split_gain=32.1076 85.0126 37.3191 8.90024 11.6902 8.42547 18.088
threshold=4.0500000000000007 4.2500000000000009 53.600000000000009 21.500000000000004 132.50000000000003 5.0000000000000009 26.100000000000005
decision_type=2 2 2 2 2 2 2
left_child=2 -2 3 4 5 -1 -7
right_child=1 -3 -4 -5 -6 6 -8
leaf_value=-0.031811992625395462 0.13792814309780416 -0.021548800468444821 -0.063179751168126644 -0.034525237890981858 0.036765984216841255 0.024011928931135556 -0.0082226678305711287
leaf_weight=6.9999999999999991 4.9999999999999982 7 8.9999999999999982 5.9999999999999991 7.9999999999999991 23 48
leaf_count=7 5 7 9 6 8 23 48
internal_value=-1.37484e-05 0.0459488 -0.00556948 0.000174863 0.00268769 -0.000873429 0.00223658
internal_weight=113 12 101 92 86 78 71
internal_count=113 12 101 92 86 78 71
is_linear=0
shrinkage=0.03


Tree=268
num_leaves=8
num_cat=0
split_feature=8 4 0 4 3 2 6
split_gain=30.8623 93.9211 45.9062 13.9388 9.80196 8.8953 12.8361
threshold=7.9687500000000009 175.00000000000003 18.000000000000004 145.00000000000003 5.2500000000000009 3.6500000000000008 27.800000000000001
decision_type=2 2 2 2 2 2 2
left_child=2 3 -1 4 5 -2 -7
right_child=1 -3 -4 -5 -6 6 -8
leaf_value=-0.0062144977376471641 0.0061563393062558655 0.11989825513093701 -0.11083034111903263 -0.040907874256372448 0.036059703230857845 0.010776074609678723 -0.035395275354385379
leaf_weight=14.000000000000002 52 5.9999999999999991 4.9999999999999991 6.9999999999999991 6.9999999999999991 9.0000000000000018 12.999999999999998
leaf_count=14 52 6 5 7 7 9 13
internal_value=-1.16442e-05 0.00704082 -0.0346908 -0.000891425 0.00264055 -0.000589176 -0.0165125
internal_weight=113 94 19 88 81 74 22
internal_count=113 94 19 88 81 74 22
is_linear=0
shrinkage=0.03


Tree=269
num_leaves=8
num_cat=0
split_feature=23 0 0 26 5 9 3
split_gain=31.7795 89.4213 39.085 14.2666 9.8553 18.4872 9.95302
threshold=1.0000000180025095e-35 18.000000000000004 11.000000000000002 1.0000000180025095e-35 43.900000000000013 0.56867692307692319 5.0500000000000007
decision_type=2 2 2 2 2 2 2
left_child=1 3 -2 4 6 -6 -1
right_child=2 -3 -4 -5 5 -7 -8
leaf_value=0.00085776977181952342 -0.0039070215302964917 0.11630076896759771 -0.10749433523187268 -0.039153523677732886 0.07013362801991975 -0.00074114895709182914 -0.04223226407399544
leaf_weight=66 8.9999999999999982 5.9999999999999991 4.9999999999999991 7.9999999999999991 4.9999999999999991 8.9999999999999982 4.9999999999999991
leaf_count=66 9 6 5 8 5 9 5
internal_value=-1.19822e-05 0.00598346 -0.0420011 -0.001352 0.00227175 0.0250969 -0.00226578
internal_weight=113 99 14 93 85 14 71
internal_count=113 99 14 93 85 14 71
is_linear=0
shrinkage=0.03


Tree=270
num_leaves=8
num_cat=0
split_feature=2 9 5 25 1 9 8
split_gain=30.5248 81.8225 35.2044 8.78433 8.61504 10.7578 19.9198
threshold=4.0500000000000007 0.42923076923076925 55.20000000000001 1.0000000180025095e-35 22.000000000000004 0.61064615384615395 8.8392857142857171
decision_type=2 2 2 2 2 2 2
left_child=2 -2 3 4 5 6 -1
right_child=1 -3 -4 -5 -6 -7 -8
leaf_value=-0.060095728658712814 0.13504241631581235 -0.021406805068254469 -0.074694941466854459 0.026955206666303716 -0.025236273036456442 0.032687154031108792 0.0011309000119768284
leaf_weight=4.9999999999999991 4.9999999999999982 7 5.9999999999999991 8.9999999999999982 13.999999999999998 7.9999999999999991 59
leaf_count=5 5 7 6 9 14 8 59
internal_value=-1.23506e-05 0.0448026 -0.00542974 -0.000891607 -0.00387899 0.000311443 -0.00380138
internal_weight=113 12 101 95 86 72 64
internal_count=113 12 101 95 86 72 64
is_linear=0
shrinkage=0.03


Tree=271
num_leaves=8
num_cat=0
split_feature=8 4 0 4 3 2 6
split_gain=29.1752 90.793 43.8141 13.2316 9.14679 8.75334 11.851
threshold=7.9687500000000009 175.00000000000003 18.000000000000004 145.00000000000003 5.2500000000000009 3.6500000000000008 27.800000000000001
decision_type=2 2 2 2 2 2 2
left_child=2 3 -1 4 5 -2 -7
right_child=1 -3 -4 -5 -6 6 -8
leaf_value=-0.0059092963615458606 0.0060603994388004814 0.11780813395015653 -0.10811303230432362 -0.039940637896458304 0.034771602650483444 0.0097963678593868762 -0.034568020931699056
leaf_weight=14.000000000000002 52 5.9999999999999991 4.9999999999999991 6.9999999999999991 6.9999999999999991 9.0000000000000018 12.999999999999998
leaf_count=14 52 6 5 7 7 9 13
internal_value=-1.08201e-05 0.00684581 -0.0337292 -0.000952783 0.00248814 -0.000630976 -0.0164266
internal_weight=113 94 19 88 81 74 22
internal_count=113 94 19 88 81 74 22
is_linear=0
shrinkage=0.03


Tree=272
num_leaves=8
num_cat=0
split_feature=23 0 0 26 5 9 3
split_gain=30.4166 86.8149 37.4391 13.5924 9.83427 17.7979 9.34631
threshold=1.0000000180025095e-35 18.000000000000004 11.000000000000002 1.0000000180025095e-35 43.900000000000013 0.56867692307692319 5.0500000000000007
decision_type=2 2 2 2 2 2 2
left_child=1 3 -2 4 6 -6 -1
right_child=2 -3 -4 -5 5 -7 -8
leaf_value=0.00065746219620513768 -0.0038037549283193505 0.11455180660370856 -0.10518981167903312 -0.038270823955535889 0.06915232947239508 -0.00039057483653659404 -0.041097180040983054
leaf_weight=66 8.9999999999999982 5.9999999999999991 4.9999999999999991 7.9999999999999991 4.9999999999999991 8.9999999999999982 4.9999999999999991
leaf_count=66 9 6 5 8 5 9 5
internal_value=-1.11629e-05 0.00585401 -0.0410903 -0.00137343 0.00216335 0.0249647 -0.00236912
internal_weight=113 99 14 93 85 14 71
internal_count=113 99 14 93 85 14 71
is_linear=0
shrinkage=0.03


Tree=273
num_leaves=8
num_cat=0
split_feature=2 2 5 8 4 1 6
split_gain=29.0187 79.3423 33.3997 8.63293 11.3353 8.10757 16.5752
threshold=4.0500000000000007 4.2500000000000009 53.600000000000009 21.500000000000004 132.50000000000003 5.0000000000000009 26.100000000000005
decision_type=2 2 2 2 2 2 2
left_child=2 -2 3 4 5 -1 -7
right_child=1 -3 -4 -5 -6 6 -8
leaf_value=-0.031240760584672293 0.13254895434929775 -0.021502022743225095 -0.059794963935147161 -0.03403525721161596 0.036172019061518873 0.023004427301087253 -0.007852377670341755
leaf_weight=6.9999999999999991 4.9999999999999982 7 8.9999999999999982 5.9999999999999991 7.9999999999999991 23 48
leaf_count=7 5 7 9 6 8 23 48
internal_value=-1.14583e-05 0.0436836 -0.00529384 0.000139659 0.00261479 -0.000891501 0.00215896
internal_weight=113 12 101 92 86 78 71
internal_count=113 12 101 92 86 78 71
is_linear=0
shrinkage=0.03


Tree=274
num_leaves=8
num_cat=0
split_feature=23 1 0 8 9 1 3
split_gain=28.478 85.0137 34.7895 7.57647 9.64567 8.94397 8.14346
threshold=1.0000000180025095e-35 30.000000000000004 7.0000000000000009 6.3750000000000009 0.61064615384615395 22.000000000000004 4.3500000000000005
decision_type=2 2 2 2 2 2 2
left_child=1 3 -2 5 6 -1 -5
right_child=2 -3 -4 4 -6 -7 -8
leaf_value=0.0047595489311676765 0.0074636489649613702 0.11322988392845275 -0.08608447194099425 0.0112284315757929 0.034831040270316103 -0.04874510568957173 -0.0091417369366449813
leaf_weight=4.9999999999999982 6.9999999999999982 5.9999999999999991 7 28 6.9999999999999991 6 47
leaf_count=5 7 6 7 28 7 6 47
internal_value=-9.53506e-06 0.00566523 -0.0397584 -0.00148642 0.00165371 -0.0246402 -0.00150729
internal_weight=113 99 14 93 82 11 75
internal_count=113 99 14 93 82 11 75
is_linear=0
shrinkage=0.03


Tree=275
num_leaves=8
num_cat=0
split_feature=8 4 0 4 3 3 2
split_gain=27.3767 87.8144 40.6104 13.0306 9.08767 8.7586 8.71947
threshold=7.9687500000000009 175.00000000000003 18.000000000000004 145.00000000000003 5.2500000000000009 4.8500000000000005 3.7500000000000004
decision_type=2 2 2 2 2 2 2
left_child=2 3 5 4 6 -1 -2
right_child=1 -3 -4 -5 -6 -7 -8
leaf_value=-0.032790179698457621 0.0046712906612563368 0.11576221932326593 -0.10428397948925311 -0.039724259873231249 0.034560139775276173 0.014429304392599479 -0.020210151727552767
leaf_weight=6.0000000000000027 58 5.9999999999999991 4.9999999999999991 6.9999999999999991 6.9999999999999991 7.9999999999999991 15.999999999999998
leaf_count=6 58 6 5 7 7 8 16
internal_value=-6.5968e-06 0.00663491 -0.0326696 -0.00103421 0.00238051 -0.00587879 -0.000728239
internal_weight=113 94 19 88 81 14 74
internal_count=113 94 19 88 81 14 74
is_linear=0
shrinkage=0.03


Tree=276
num_leaves=8
num_cat=0
split_feature=23 0 0 26 14 7 5
split_gain=28.0299 83.5774 34.6683 13.2507 9.83888 11.941 19.4598
threshold=1.0000000180025095e-35 18.000000000000004 11.000000000000002 1.0000000180025095e-35 1.0000000180025095e-35 1.6333333333333335 45.899999999999999
decision_type=2 2 2 2 2 2 2
left_child=1 3 -2 4 5 -1 -7
right_child=2 -3 -4 -5 -6 6 -8
leaf_value=-0.01303401418170839 -0.0035582785761874656 0.11227452347355503 -0.10112453723183044 -0.037898638015840105 -0.024165303558111188 0.0075381054265494163 0.068757975628742793
leaf_weight=21 8.9999999999999982 5.9999999999999991 4.9999999999999991 7.9999999999999991 10.999999999999998 48 4.9999999999999991
leaf_count=21 9 6 5 8 11 48 5
internal_value=-7.46368e-06 0.00562237 -0.0394425 -0.00146849 0.00202354 0.00599133 0.0135785
internal_weight=113 99 14 93 85 74 53
internal_count=113 99 14 93 85 74 53
is_linear=0
shrinkage=0.03


Tree=277
num_leaves=8
num_cat=0
split_feature=8 4 0 6 3 9 8
split_gain=26.6767 83.9883 39.9548 12.8238 8.25175 7.42304 10.7304
threshold=7.9687500000000009 175.00000000000003 18.000000000000004 72.800000000000011 4.8500000000000005 0.56867692307692319 8.4375000000000018
decision_type=2 2 2 2 2 2 2
left_child=2 3 4 5 -1 6 -2
right_child=1 -3 -4 -5 -6 -7 -8
leaf_value=-0.031801705702523414 -0.042267914414405819 0.11327210074470889 -0.10328333052305073 -0.046665644370592549 0.014029668115261126 0.033474048236685414 0.0023478840493759618
leaf_weight=6.0000000000000027 4.9999999999999991 5.9999999999999991 4.9999999999999991 4.9999999999999991 7.9999999999999991 5.9999999999999991 72
leaf_count=6 5 6 5 5 8 6 72
internal_value=-7.17111e-06 0.00654871 -0.03225 -0.000951227 -0.00567798 0.00189018 -0.000631813
internal_weight=113 94 19 88 14 83 77
internal_count=113 94 19 88 14 83 77
is_linear=0
shrinkage=0.03


Tree=278
num_leaves=8
num_cat=0
split_feature=23 0 0 26 14 7 5
split_gain=27.3954 80.0267 34.1622 12.6297 9.29738 11.113 18.5788
threshold=1.0000000180025095e-35 18.000000000000004 11.000000000000002 1.0000000180025095e-35 1.0000000180025095e-35 1.6333333333333335 45.899999999999999
decision_type=2 2 2 2 2 2 2
left_child=1 3 -2 4 5 -1 -7
right_child=2 -3 -4 -5 -6 6 -8
leaf_value=-0.012469295121659084 -0.0033772694578637244 0.10991779619647608 -0.10022559118385498 -0.036949300446161411 -0.02343099583472524 0.0073005454387531227 0.067119236015356493
leaf_weight=21 8.9999999999999982 5.9999999999999991 4.9999999999999991 7.9999999999999991 10.999999999999998 48 4.9999999999999991
leaf_count=21 9 6 5 8 11 48 5
internal_value=-9.78598e-06 0.00555581 -0.0389961 -0.00138256 0.00202617 0.00588352 0.0132031
internal_weight=113 99 14 93 85 74 53
internal_count=113 99 14 93 85 74 53
is_linear=0
shrinkage=0.03


Tree=279
num_leaves=8
num_cat=0
split_feature=2 9 5 25 1 9 8
split_gain=26.0911 73.7611 32.5212 8.00228 7.4687 10.6109 18.1039
threshold=4.0500000000000007 0.42923076923076925 55.20000000000001 1.0000000180025095e-35 22.000000000000004 0.61064615384615395 8.8392857142857171
decision_type=2 2 2 2 2 2 2
left_child=2 -2 3 4 5 6 -1
right_child=1 -3 -4 -5 -6 -7 -8
leaf_value=-0.057361195204922777 0.12711160292992227 -0.021406883299350737 -0.071591603429086742 0.025920885062736015 -0.023395814310077208 0.032543976657637738 0.0010069407180354399
leaf_weight=4.9999999999999991 4.9999999999999982 7 5.9999999999999991 8.9999999999999982 13.999999999999998 7.9999999999999991 59
leaf_count=5 5 7 6 9 14 8 59
internal_value=-9.47264e-06 0.0414222 -0.005019 -0.000657092 -0.0035096 0.000390489 -0.0036942
internal_weight=113 12 101 95 86 72 64
internal_count=113 12 101 95 86 72 64
is_linear=0
shrinkage=0.03


Tree=280
num_leaves=8
num_cat=0
split_feature=8 4 0 4 3 2 6
split_gain=25.4046 81.1239 38.0063 12.2589 8.42598 8.74705 16.1677
threshold=7.9687500000000009 175.00000000000003 18.000000000000004 145.00000000000003 5.2500000000000009 3.5500000000000003 27.800000000000001
decision_type=2 2 2 2 2 2 2
left_child=2 3 -1 4 5 6 -2
right_child=1 -3 -4 -5 -6 -7 -8
leaf_value=-0.0055540170923242677 -0.0036301138135027295 0.11127706690180685 -0.10075330592118777 -0.038508723725875216 0.033316042323907211 -0.01042729488402909 0.039949494525790212
leaf_weight=14.000000000000002 24 5.9999999999999991 4.9999999999999991 6.9999999999999991 6.9999999999999991 39 10.999999999999998
leaf_count=14 24 6 5 7 7 39 11
internal_value=-8.11042e-06 0.00638924 -0.0314731 -0.000981312 0.00233019 -0.000662593 0.0101729
internal_weight=113 94 19 88 81 74 35
internal_count=113 94 19 88 81 74 35
is_linear=0
shrinkage=0.03


Tree=281
num_leaves=8
num_cat=0
split_feature=23 0 0 26 1 5 3
split_gain=26.1981 77.6716 32.7582 12.1924 8.96911 18.4196 11.5542
threshold=1.0000000180025095e-35 18.000000000000004 11.000000000000002 1.0000000180025095e-35 18.000000000000004 27.600000000000005 3.8500000000000001
decision_type=2 2 2 2 2 2 2
left_child=1 3 -2 4 5 6 -1
right_child=2 -3 -4 -5 -6 -7 -8
leaf_value=-0.036203473575653566 -0.0032507238083559534 0.10825040874942655 -0.098090146780014015 -0.036345380370209852 0.016571870320512137 -0.046245902529576929 0.0074572641425972083
leaf_weight=5.9999999999999991 8.9999999999999982 5.9999999999999991 4.9999999999999991 7.9999999999999991 26 7.9999999999999991 45
leaf_count=6 9 6 5 8 26 8 45
internal_value=-6.90461e-06 0.00543542 -0.0381321 -0.00139977 0.00194922 -0.00450354 0.00217005
internal_weight=113 99 14 93 85 59 51
internal_count=113 99 14 93 85 59 51
is_linear=0
shrinkage=0.03


Tree=282
num_leaves=8
num_cat=0
split_feature=8 4 0 6 3 15 3
split_gain=25.0275 77.5626 37.1942 11.8413 7.6706 7.39314 9.27295
threshold=7.9687500000000009 175.00000000000003 18.000000000000004 72.800000000000011 4.8500000000000005 1.0000000180025095e-35 4.7500000000000009
decision_type=2 2 2 2 2 2 2
left_child=2 3 4 5 -1 6 -2
right_child=1 -3 -4 -5 -6 -7 -8
leaf_value=-0.030786602177146447 -0.0009986016949724895 0.10889737299373071 -0.099779138610913198 -0.044798067624752337 0.013399206000130351 -0.023482920867593394 0.02362501384137751
leaf_weight=6.0000000000000027 56 5.9999999999999991 4.9999999999999991 4.9999999999999991 7.9999999999999991 8.9999999999999982 18
leaf_count=6 56 6 5 5 8 9 18
internal_value=-1.17512e-05 0.00633784 -0.0312424 -0.000868923 -0.00559883 0.00186071 0.00501825
internal_weight=113 94 19 88 14 83 74
internal_count=113 94 19 88 14 83 74
is_linear=0
shrinkage=0.03


Tree=283
num_leaves=8
num_cat=0
split_feature=23 0 0 26 5 7 3
split_gain=25.6304 74.3859 32.2311 11.7284 8.5732 16.613 8.79115
threshold=1.0000000180025095e-35 18.000000000000004 11.000000000000002 1.0000000180025095e-35 45.899999999999999 1.8333333333333337 5.0500000000000007
decision_type=2 2 2 2 2 2 2
left_child=1 3 -2 4 6 -6 -1
right_child=2 -3 -4 -5 5 -7 -8
leaf_value=0.00094811000574456634 -0.0031260150832974395 0.10598501847636314 -0.097197989127956894 -0.035595248937606808 -0.0045945234782993798 0.065894967500980062 -0.039505842626094814
leaf_weight=68 8.9999999999999982 5.9999999999999991 4.9999999999999991 7.9999999999999991 6.9999999999999982 5 4.9999999999999991
leaf_count=68 9 6 5 8 7 5 5
internal_value=-1.46539e-05 0.00536825 -0.0377246 -0.00132057 0.00196366 0.0252519 -0.00190259
internal_weight=113 99 14 93 85 12 73
internal_count=113 99 14 93 85 12 73
is_linear=0
shrinkage=0.03


Tree=284
num_leaves=8
num_cat=0
split_feature=8 4 0 4 3 2 6
split_gain=24.5372 74.2116 36.4497 11.6089 8.24564 8.05474 15.0449
threshold=7.9687500000000009 175.00000000000003 18.000000000000004 145.00000000000003 5.2500000000000009 3.5500000000000003 27.800000000000001
decision_type=2 2 2 2 2 2 2
left_child=2 3 -1 4 5 6 -2
right_child=1 -3 -4 -5 -6 -7 -8
leaf_value=-0.0055514236429417621 -0.0034327318624031446 0.10659142887400042 -0.098785948936755838 -0.037297755281130468 0.033096131980419156 -0.0098877164645462604 0.038604933840355703
leaf_weight=14.000000000000002 24 5.9999999999999991 4.9999999999999991 6.9999999999999991 6.9999999999999991 39 10.999999999999998
leaf_count=14 24 6 5 7 7 39 11
internal_value=-1.4994e-05 0.00627197 -0.0309384 -0.000777177 0.00244454 -0.00051611 0.00988077
internal_weight=113 94 19 88 81 74 35
internal_count=113 94 19 88 81 74 35
is_linear=0
shrinkage=0.03


Tree=285
num_leaves=8
num_cat=0
split_feature=23 0 0 5 14 2 15
split_gain=25.2132 71.2362 31.8513 11.5907 8.13869 10.8431 8.95301
threshold=1.0000000180025095e-35 18.000000000000004 7.0000000000000009 53.600000000000009 1.0000000180025095e-35 3.1500000000000008 1.0000000180025095e-35
decision_type=2 2 2 2 2 2 2
left_child=1 3 -2 4 6 -6 -1
right_child=2 -3 -4 -5 5 -7 -8
leaf_value=0.0089097085528607872 0.0077456988890965781 0.10378849348714274 -0.08174579384426274 -0.04086106463786094 0.0048229017180781214 -0.054014745767299928 -0.022625913906680502
leaf_weight=67 6.9999999999999982 5.9999999999999991 7 5.9999999999999991 5.9999999999999982 5 8.9999999999999982
leaf_count=67 7 6 7 6 6 5 9
internal_value=-1.37041e-05 0.00532509 -0.0374155 -0.00122038 0.00158371 -0.0222745 0.00510596
internal_weight=113 99 14 93 87 11 76
internal_count=113 99 14 93 87 11 76
is_linear=0
shrinkage=0.03


Tree=286
num_leaves=8
num_cat=0
split_feature=2 2 5 8 1 6 3
split_gain=24.2266 68.6604 31.4051 7.73059 8.32145 12.1205 10.6776
threshold=4.0500000000000007 4.2500000000000009 55.20000000000001 21.500000000000004 5.0000000000000009 26.100000000000005 4.1500000000000012
decision_type=2 2 2 2 2 2 2
left_child=2 -2 3 4 -1 6 -6
right_child=1 -3 -4 -5 5 -7 -8
leaf_value=-0.02922493447860082 0.12258202761411667 -0.020703663726647694 -0.070264563502803912 -0.032960940354293394 0.0060642651940735291 -0.0027925072965287677 0.047919307380266805
leaf_weight=6.9999999999999991 4.9999999999999982 7 5.9999999999999991 5.9999999999999991 14 59 9
leaf_count=7 5 7 6 6 14 59 9
internal_value=-1.68174e-05 0.0399066 -0.0048445 -0.000558021 0.00167863 0.00439968 0.0227789
internal_weight=113 12 101 95 89 82 23
internal_count=113 12 101 95 89 82 23
is_linear=0
shrinkage=0.03


Tree=287
num_leaves=8
num_cat=0
split_feature=23 0 0 26 5 7 3
split_gain=23.2539 67.8826 29.7438 11.2617 8.39111 16.5756 8.29641
threshold=1.0000000180025095e-35 18.000000000000004 11.000000000000002 1.0000000180025095e-35 45.899999999999999 1.8333333333333337 5.0500000000000007
decision_type=2 2 2 2 2 2 2
left_child=1 3 -2 4 6 -6 -1
right_child=2 -3 -4 -5 5 -7 -8
leaf_value=0.00088391785987835831 -0.0026993353470512057 0.10122912733785566 -0.093066958521421134 -0.034863985427996007 -0.0048273963108658785 0.065578513603944025 -0.038414599299430849
leaf_weight=68 8.9999999999999982 5.9999999999999991 4.9999999999999991 7.9999999999999991 6.9999999999999982 5 4.9999999999999991
leaf_count=68 9 6 5 8 7 5 5
internal_value=-1.56172e-05 0.00511103 -0.0359354 -0.00127797 0.00193989 0.0249796 -0.00188487
internal_weight=113 99 14 93 85 12 73
internal_count=113 99 14 93 85 12 73
is_linear=0
shrinkage=0.03


Tree=288
num_leaves=8
num_cat=0
split_feature=8 4 0 6 3 15 3
split_gain=24.1305 71.9879 36.3232 10.7285 7.37614 6.96232 8.68699
threshold=7.9687500000000009 175.00000000000003 18.000000000000004 72.800000000000011 4.8500000000000005 1.0000000180025095e-35 4.7500000000000009
decision_type=2 2 2 2 2 2 2
left_child=2 3 4 5 -1 6 -2
right_child=1 -3 -4 -5 -6 -7 -8
leaf_value=-0.030045484767085101 -0.00088528003450814505 0.10502364958486249 -0.098410652188154354 -0.042539461942819448 0.013283248025833107 -0.02271987312189911 0.022946814540978317
leaf_weight=6.0000000000000027 56 5.9999999999999991 4.9999999999999991 4.9999999999999991 7.9999999999999991 8.9999999999999982 18
leaf_count=6 56 6 5 5 8 9 18
internal_value=-1.58735e-05 0.00621866 -0.030682 -0.000723909 -0.00534221 0.00187327 0.00493773
internal_weight=113 94 19 88 14 83 74
internal_count=113 94 19 88 14 83 74
is_linear=0
shrinkage=0.03


Tree=289
num_leaves=8
num_cat=0
split_feature=23 0 0 26 1 5 25
split_gain=22.7712 65.0955 29.3077 10.8396 8.04936 17.3332 10.6962
threshold=1.0000000180025095e-35 18.000000000000004 7.0000000000000009 1.0000000180025095e-35 18.000000000000004 27.600000000000005 1.0000000180025095e-35
decision_type=2 2 2 2 2 2 2
left_child=1 3 -2 4 5 6 -1
right_child=2 -3 -4 -5 -6 -7 -8
leaf_value=-0.0022547274518322637 0.0077415367464224493 0.099178582006885146 -0.078089410488804162 -0.034153060476954392 0.015807534099648926 -0.044651265049852978 0.043114595986329586
leaf_weight=46 6.9999999999999982 5.9999999999999991 7 7.9999999999999991 26 7.9999999999999991 4.9999999999999991
leaf_count=46 7 6 7 8 26 8 5
internal_value=-1.86225e-05 0.0050544 -0.0355637 -0.00120183 0.00195475 -0.00415731 0.00231499
internal_weight=113 99 14 93 85 59 51
internal_count=113 99 14 93 85 59 51
is_linear=0
shrinkage=0.03


Tree=290
num_leaves=8
num_cat=0
split_feature=8 4 0 4 3 2 0
split_gain=23.7647 68.4646 35.5024 10.4638 8.08852 8.1957 13.3482
threshold=7.9687500000000009 175.00000000000003 18.000000000000004 145.00000000000003 5.2500000000000009 3.7500000000000004 5.0000000000000009
decision_type=2 2 2 2 2 2 2
left_child=2 3 -1 4 5 -2 -7
right_child=1 -3 -4 -5 -6 6 -8
leaf_value=-0.0053952144264755109 0.0047585467110896843 0.10252618939645827 -0.097410102257361769 -0.035274943759044004 0.032814853688081104 0.020527851979892989 -0.037674737347822104
leaf_weight=14.000000000000002 58 5.9999999999999991 4.9999999999999991 6.9999999999999991 6.9999999999999991 4.9999999999999991 10.999999999999998
leaf_count=14 58 6 5 7 7 5 11
internal_value=-1.73115e-05 0.00616969 -0.0304502 -0.000600651 0.00245692 -0.000475267 -0.019365
internal_weight=113 94 19 88 81 74 16
internal_count=113 94 19 88 81 74 16
is_linear=0
shrinkage=0.03


Tree=291
num_leaves=8
num_cat=0
split_feature=2 9 5 8 4 1 6
split_gain=22.9305 63.3989 30.5652 7.91048 9.78834 6.94432 14.811
threshold=4.0500000000000007 0.42923076923076925 53.600000000000009 21.500000000000004 132.50000000000003 5.0000000000000009 26.100000000000005
decision_type=2 2 2 2 2 2 2
left_child=2 -2 3 4 5 -1 -7
right_child=1 -3 -4 -5 -6 6 -8
leaf_value=-0.028498969276746115 0.11826581652347859 -0.019422103886802988 -0.056852627098560329 -0.0322292681278721 0.034032526365140585 0.022118523828685281 -0.0070487127972465322
leaf_weight=6.9999999999999991 4.9999999999999982 7 8.9999999999999982 5.9999999999999991 7.9999999999999991 23 48
leaf_count=7 5 7 9 6 8 23 48
internal_value=-1.71961e-05 0.0388232 -0.00471433 0.000482153 0.00285123 -0.000406532 0.00241435
internal_weight=113 12 101 92 86 78 71
internal_count=113 12 101 92 86 78 71
is_linear=0
shrinkage=0.03


Tree=292
num_leaves=8
num_cat=0
split_feature=23 0 0 26 14 2 7
split_gain=22.237 62.8903 28.6358 10.2739 8.13228 9.86279 9.55599
threshold=1.0000000180025095e-35 18.000000000000004 11.000000000000002 1.0000000180025095e-35 1.0000000180025095e-35 3.1500000000000008 1.6333333333333335
decision_type=2 2 2 2 2 2 2
left_child=1 3 -2 4 6 -6 -1
right_child=2 -3 -4 -5 5 -7 -8
leaf_value=-0.011486546522322689 -0.0025300130555811133 0.09751361662341701 -0.091198325827717766 -0.033231772707729805 0.0039637120116141535 -0.052153277580554651 0.012317844414173211
leaf_weight=21 8.9999999999999982 5.9999999999999991 4.9999999999999991 7.9999999999999991 5.9999999999999982 5 53
leaf_count=21 9 6 5 8 6 5 53
internal_value=-1.54684e-05 0.00499754 -0.0351414 -0.00115159 0.00192104 -0.0218859 0.00552958
internal_weight=113 99 14 93 85 11 74
internal_count=113 99 14 93 85 11 74
is_linear=0
shrinkage=0.03


Tree=293
num_leaves=8
num_cat=0
split_feature=8 4 0 4 3 2 25
split_gain=22.1083 65.6386 34.3758 10.0404 7.63626 7.89804 12.698
threshold=7.9687500000000009 175.00000000000003 18.000000000000004 145.00000000000003 5.2500000000000009 3.7500000000000004 1.0000000180025095e-35
decision_type=2 2 2 2 2 2 2
left_child=2 3 -1 4 5 6 -2
right_child=1 -3 -4 -5 -6 -7 -8
leaf_value=-0.0047264581037239281 -0.00020599264009245509 0.10029474752564584 -0.095259050405942472 -0.034646040747563035 0.031811433831850693 -0.019077884914284502 0.045186232520687958
leaf_weight=14.000000000000002 52 5.9999999999999991 4.9999999999999991 6.9999999999999991 6.9999999999999991 15.999999999999998 5.9999999999999991
leaf_count=14 52 6 5 7 7 16 6
internal_value=-1.94736e-05 0.00594754 -0.0293731 -0.000681055 0.00231382 -0.0005345 0.00460312
internal_weight=113 94 19 88 81 74 58
internal_count=113 94 19 88 81 74 58
is_linear=0
shrinkage=0.03


Tree=294
num_leaves=8
num_cat=0
split_feature=2 2 5 8 14 3 3
split_gain=21.8968 62.4029 28.9071 6.95565 7.44691 10.09 14.0916
threshold=4.0500000000000007 4.2500000000000009 55.20000000000001 21.500000000000004 1.0000000180025095e-35 3.6500000000000008 4.1500000000000012
decision_type=2 2 2 2 2 2 2
left_child=2 -2 3 4 5 -1 -7
right_child=1 -3 -4 -5 -6 6 -8
leaf_value=0.041648663590031276 0.11675732601147432 -0.01983513365189234 -0.067372646697105895 -0.031232217925210155 -0.021232940714274135 -0.02392891208102044 0.0085627399213038941
leaf_weight=5.9999999999999991 4.9999999999999982 7 5.9999999999999991 5.9999999999999991 10.999999999999998 14.999999999999998 57
leaf_count=6 5 7 6 6 11 15 57
internal_value=-1.80476e-05 0.0379365 -0.00460838 -0.000495354 0.00162536 0.00491421 0.00172534
internal_weight=113 12 101 95 89 78 72
internal_count=113 12 101 95 89 78 72
is_linear=0
shrinkage=0.03


Tree=295
num_leaves=8
num_cat=0
split_feature=23 0 0 26 5 7 3
split_gain=21.2621 60.8485 27.5294 9.88939 8.31723 16.135 7.82926
threshold=1.0000000180025095e-35 18.000000000000004 11.000000000000002 1.0000000180025095e-35 45.899999999999999 1.8333333333333337 5.0500000000000007
decision_type=2 2 2 2 2 2 2
left_child=1 3 -2 4 6 -6 -1
right_child=2 -3 -4 -5 5 -7 -8
leaf_value=0.00073175994094865407 -0.0023889747067638066 0.095885875109703297 -0.089328448485869613 -0.03263841573784991 -0.0046202479427059498 0.064843595555195421 -0.037443125889851492
leaf_weight=68 8.9999999999999982 5.9999999999999991 4.9999999999999991 7.9999999999999991 6.9999999999999982 5 4.9999999999999991
leaf_count=68 9 6 5 8 7 5 5
internal_value=-1.77244e-05 0.00488387 -0.0343652 -0.0011643 0.00185003 0.0247886 -0.00195763
internal_weight=113 99 14 93 85 12 73
internal_count=113 99 14 93 85 12 73
is_linear=0
shrinkage=0.03


Tree=296
num_leaves=8
num_cat=0
split_feature=8 4 0 4 3 2 0
split_gain=21.2644 63.2672 32.7756 9.54225 7.36903 7.83459 12.8433
threshold=7.9687500000000009 175.00000000000003 18.000000000000004 145.00000000000003 5.2500000000000009 3.7500000000000004 5.0000000000000009
decision_type=2 2 2 2 2 2 2
left_child=2 3 -1 4 5 -2 -7
right_child=1 -3 -4 -5 -6 6 -8
leaf_value=-0.0047353234341446773 0.0045649799781361799 0.098461156996988472 -0.093141321218930748 -0.033785525510708486 0.03122283548116684 0.020107410859603148 -0.036981491310788046
leaf_weight=14.000000000000002 58 5.9999999999999991 4.9999999999999991 6.9999999999999991 6.9999999999999991 4.9999999999999991 10.999999999999998
leaf_count=14 58 6 5 7 7 5 11
internal_value=-1.78533e-05 0.00583392 -0.0288061 -0.000673511 0.00224572 -0.000551918 -0.0190206
internal_weight=113 94 19 88 81 74 16
internal_count=113 94 19 88 81 74 16
is_linear=0
shrinkage=0.03


Tree=297
num_leaves=8
num_cat=0
split_feature=23 0 0 5 5 15 14
split_gain=20.9328 58.3399 26.956 9.13438 7.05204 8.03021 6.60015
threshold=1.0000000180025095e-35 18.000000000000004 11.000000000000002 53.600000000000009 13.800000000000002 1.0000000180025095e-35 1.0000000180025095e-35
decision_type=2 2 2 2 2 2 2
left_child=1 3 -2 4 -1 6 -6
right_child=2 -3 -4 -5 5 -7 -8
leaf_value=-0.032445687525547467 -0.002452836208369421 0.093951975299466042 -0.088486496628477018 -0.036267928788738864 0.0105078844221521 -0.02282470959360185 -0.015474484457689175
leaf_weight=4.9999999999999991 8.9999999999999982 5.9999999999999991 4.9999999999999991 5.9999999999999991 63 8.9999999999999982 9.9999999999999982
leaf_count=5 9 6 5 6 63 9 10
internal_value=-1.76779e-05 0.00484571 -0.0340983 -0.00107626 0.00141117 0.00356778 0.00689561
internal_weight=113 99 14 93 87 82 73
internal_count=113 99 14 93 87 82 73
is_linear=0
shrinkage=0.03


Tree=298
num_leaves=8
num_cat=0
split_feature=2 2 0 8 1 6 3
split_gain=20.7621 57.9619 28.3456 6.85489 6.92638 11.0328 9.97394
threshold=4.0500000000000007 4.2500000000000009 18.000000000000004 21.500000000000004 5.0000000000000009 26.100000000000005 4.1500000000000012
decision_type=2 2 2 2 2 2 2
left_child=2 -2 3 4 -1 6 -6
right_child=1 -3 -4 -5 5 -7 -8
leaf_value=-0.02650700290997823 0.11289745169190261 -0.018745392362276712 -0.066644820628627643 -0.030934731239272702 0.005550869878538897 -0.0026928438588574126 0.046000073370726202
leaf_weight=6.9999999999999991 4.9999999999999982 7 5.9999999999999991 5.9999999999999991 14 59 9
leaf_count=7 5 7 6 6 14 59 9
internal_value=-2.32955e-05 0.0369344 -0.00449345 -0.000420579 0.00168449 0.00416796 0.0217036
internal_weight=113 12 101 95 89 82 23
internal_count=113 12 101 95 89 82 23
is_linear=0
shrinkage=0.03


Tree=299
num_leaves=8
num_cat=0
split_feature=8 4 0 6 15 3 9
split_gain=19.9028 60.5218 30.7502 9.03255 7.04784 7.88844 25.0507
threshold=7.9687500000000009 175.00000000000003 18.000000000000004 72.800000000000011 1.0000000180025095e-35 4.7500000000000009 0.40879120879120889
decision_type=2 2 2 2 2 2 2
left_child=2 3 -1 4 5 6 -2
right_child=1 -3 -4 -5 -6 -7 -8
leaf_value=-0.0045554385523141261 0.0079953470824570463 0.096234349867989927 -0.090189733826197091 -0.039094050641243272 -0.023087875114186952 0.021901685584049955 -0.046115441011345903
leaf_weight=14.000000000000002 47 5.9999999999999991 4.9999999999999991 4.9999999999999991 8.9999999999999982 18 8.9999999999999982
leaf_count=14 47 6 5 5 9 18 9
internal_value=-2.1991e-05 0.0056389 -0.0278736 -0.000725267 0.0016565 0.00474028 -0.000807503
internal_weight=113 94 19 88 83 74 56
internal_count=113 94 19 88 83 74 56
is_linear=0
shrinkage=0.03


Tree=300
num_leaves=8
num_cat=0
split_feature=23 0 0 26 5 7 3
split_gain=20.2535 57.3496 26.2185 9.407 8.24903 15.6461 7.3338
threshold=1.0000000180025095e-35 18.000000000000004 11.000000000000002 1.0000000180025095e-35 45.899999999999999 1.8333333333333337 5.0500000000000007
decision_type=2 2 2 2 2 2 2
left_child=1 3 -2 4 6 -6 -1
right_child=2 -3 -4 -5 5 -7 -8
leaf_value=0.00063645008607300484 -0.0023391178347494292 0.093104745649522341 -0.087187836015453699 -0.031810747530402202 -0.0042924049186209836 0.064112438788780771 -0.036309819679993853
leaf_weight=68 8.9999999999999982 5.9999999999999991 4.9999999999999991 7.9999999999999991 6.9999999999999982 5 4.9999999999999991
leaf_count=68 9 6 5 8 7 5 5
internal_value=-2.58051e-05 0.00475782 -0.0335491 -0.00111345 0.00182599 0.0246704 -0.00196592
internal_weight=113 99 14 93 85 12 73
internal_count=113 99 14 93 85 12 73
is_linear=0
shrinkage=0.03


Tree=301
num_leaves=8
num_cat=0
split_feature=8 4 0 6 3 9 8
split_gain=19.5132 57.9473 30.0766 8.59593 6.93019 6.59659 8.86256
threshold=7.9687500000000009 175.00000000000003 18.000000000000004 72.800000000000011 4.8500000000000005 0.56867692307692319 8.4375000000000018
decision_type=2 2 2 2 2 2 2
left_child=2 3 4 5 -1 6 -2
right_child=1 -3 -4 -5 -6 -7 -8
leaf_value=-0.028497592633770344 -0.038540218839278592 0.094226944552313882 -0.089233669363535356 -0.038078404000172247 0.013501560404533295 0.031450221889442014 0.0020055772053526708
leaf_weight=6.0000000000000027 4.9999999999999991 5.9999999999999991 4.9999999999999991 4.9999999999999991 7.9999999999999991 5.9999999999999991 72
leaf_count=6 5 6 5 5 8 6 72
internal_value=-2.56457e-05 0.00557945 -0.0276035 -0.000647651 -0.0045403 0.0016753 -0.000700861
internal_weight=113 94 19 88 14 83 77
internal_count=113 94 19 88 14 83 77
is_linear=0
shrinkage=0.03


Tree=302
num_leaves=8
num_cat=0
split_feature=23 0 0 26 5 7 3
split_gain=19.7648 55.0008 25.7807 8.98291 7.87179 14.8379 6.97903
threshold=1.0000000180025095e-35 18.000000000000004 11.000000000000002 1.0000000180025095e-35 45.899999999999999 1.8333333333333337 5.0500000000000007
decision_type=2 2 2 2 2 2 2
left_child=1 3 -2 4 6 -6 -1
right_child=2 -3 -4 -5 5 -7 -8
leaf_value=0.00065477680109026133 -0.0021971147167293924 0.091216929651075779 -0.086332456435148516 -0.031049259232311714 -0.0040658275162180259 0.062546098186419541 -0.035386598178973563
leaf_weight=68 8.9999999999999982 5.9999999999999991 4.9999999999999991 7.9999999999999991 6.9999999999999982 5 4.9999999999999991
leaf_count=68 9 6 5 8 7 5 5
internal_value=-2.72966e-05 0.00469811 -0.0331438 -0.00105142 0.00182055 0.0241365 -0.00188326
internal_weight=113 99 14 93 85 12 73
internal_count=113 99 14 93 85 12 73
is_linear=0
shrinkage=0.03


Tree=303
num_leaves=8
num_cat=0
split_feature=8 4 0 4 3 2 25
split_gain=19.1263 55.5029 29.4028 8.52643 7.2373 7.65622 12.0631
threshold=7.9687500000000009 175.00000000000003 18.000000000000004 145.00000000000003 5.2500000000000009 3.7500000000000004 1.0000000180025095e-35
decision_type=2 2 2 2 2 2 2
left_child=2 3 -1 4 5 6 -2
right_child=1 -3 -4 -5 -6 -7 -8
leaf_value=-0.0045250682963032113 -0.00021440631099816024 0.092279529436942065 -0.088266550761002746 -0.031873303453127548 0.030903562704722085 -0.018843177690136211 0.044027846147937158
leaf_weight=14.000000000000002 52 5.9999999999999991 4.9999999999999991 6.9999999999999991 6.9999999999999991 15.999999999999998 5.9999999999999991
leaf_count=14 52 6 5 7 7 16 6
internal_value=-2.71195e-05 0.005522 -0.0273303 -0.00057212 0.00218629 -0.000585968 0.00447218
internal_weight=113 94 19 88 81 74 58
internal_count=113 94 19 88 81 74 58
is_linear=0
shrinkage=0.03


Tree=304
num_leaves=8
num_cat=0
split_feature=23 0 0 26 1 5 3
split_gain=19.3342 52.7576 25.2931 8.35283 7.51823 15.5114 9.93039
threshold=1.0000000180025095e-35 18.000000000000004 11.000000000000002 1.0000000180025095e-35 18.000000000000004 27.600000000000005 3.8500000000000001
decision_type=2 2 2 2 2 2 2
left_child=1 3 -2 4 5 6 -1
right_child=2 -3 -4 -5 -6 -7 -8
leaf_value=-0.033570365136669528 -0.002126342761127845 0.089384053368722224 -0.085462397090517547 -0.029910033912193483 0.01517481703169018 -0.042426500676608671 0.0069052970874230414
leaf_weight=5.9999999999999991 8.9999999999999982 5.9999999999999991 4.9999999999999991 7.9999999999999991 26 7.9999999999999991 45
leaf_count=6 9 6 5 8 26 8 45
internal_value=-2.54585e-05 0.00464803 -0.0327794 -0.000982792 0.00178599 -0.00412017 0.00200162
internal_weight=113 99 14 93 85 59 51
internal_count=113 99 14 93 85 59 51
is_linear=0
shrinkage=0.03


Tree=305
num_leaves=8
num_cat=0
split_feature=2 9 5 8 14 7 5
split_gain=19.2567 54.2005 27.6093 6.48094 7.06268 9.57955 12.1112
threshold=4.0500000000000007 0.42923076923076925 55.20000000000001 21.500000000000004 1.0000000180025095e-35 1.6333333333333335 27.600000000000005
decision_type=2 2 2 2 2 2 2
left_child=2 -2 3 4 5 -1 -7
right_child=1 -3 -4 -5 -6 6 -8
leaf_value=-0.011225997967452838 0.10902214779303625 -0.018270863518118855 -0.065673487763251021 -0.029986735466987855 -0.020528971010020804 0.023185643085379556 -0.0054279263116217948
leaf_weight=23 4.9999999999999982 7 5.9999999999999991 5.9999999999999991 10.999999999999998 33 22
leaf_count=23 5 7 6 6 11 33 22
internal_value=-2.94406e-05 0.0355627 -0.00433496 -0.000315357 0.00173089 0.00493376 0.0117348
internal_weight=113 12 101 95 89 78 55
internal_count=113 12 101 95 89 78 55
is_linear=0
shrinkage=0.03


Tree=306
num_leaves=8
num_cat=0
split_feature=23 1 0 8 9 3 2
split_gain=18.2114 50.8961 23.2629 5.73349 10.4143 8.39051 30.7553
threshold=1.0000000180025095e-35 30.000000000000004 7.0000000000000009 6.3750000000000009 0.61064615384615395 4.3500000000000005 3.2500000000000004
decision_type=2 2 2 2 2 2 2
left_child=1 3 -2 -1 5 -5 -7
right_child=2 -3 -4 4 -6 6 -8
leaf_value=-0.021170312226417343 0.0067443699141343438 0.087732546906317432 -0.069708238653838614 0.011346069558701932 0.036177058226118476 -0.066412452626973373 0.00090199380668241577
leaf_weight=10.999999999999998 6.9999999999999982 5.9999999999999991 7 28 6.9999999999999991 6.9999999999999991 40
leaf_count=11 7 6 7 28 7 7 40
internal_value=-3.07517e-05 0.00450462 -0.0318197 -0.00102557 0.00170346 -0.00158179 -0.00933071
internal_weight=113 99 14 93 82 75 47
internal_count=113 99 14 93 82 75 47
is_linear=0
shrinkage=0.03


Tree=307
num_leaves=8
num_cat=0
split_feature=8 4 5 6 15 3 9
split_gain=18.161 54.1565 27.7646 8.42409 6.80796 7.54545 22.2283
threshold=7.9687500000000009 175.00000000000003 53.600000000000009 72.800000000000011 1.0000000180025095e-35 4.7500000000000009 0.40879120879120889
decision_type=2 2 2 2 2 2 2
left_child=2 3 -1 4 5 6 -2
right_child=1 -3 -4 -5 -6 -7 -8
leaf_value=-0.0044697570302326909 0.0075537454871405542 0.091076534178949162 -0.085850286896412178 -0.037696685424217807 -0.022661477447203971 0.021472672269894525 -0.043417557788931804
leaf_weight=14.000000000000002 47 5.9999999999999991 4.9999999999999991 4.9999999999999991 8.9999999999999982 18 8.9999999999999982
leaf_count=14 47 6 5 5 9 18 9
internal_value=-2.93993e-05 0.00537754 -0.026635 -0.000641842 0.0016576 0.00468865 -0.000736739
internal_weight=113 94 19 88 83 74 56
internal_count=113 94 19 88 83 74 56
is_linear=0
shrinkage=0.03


Tree=308
num_leaves=8
num_cat=0
split_feature=23 0 0 26 1 5 3
split_gain=17.8589 49.911 22.9895 8.45795 7.39099 14.2204 9.24239
threshold=1.0000000180025095e-35 18.000000000000004 11.000000000000002 1.0000000180025095e-35 18.000000000000004 27.600000000000005 3.8500000000000001
decision_type=2 2 2 2 2 2 2
left_child=1 3 -2 4 5 6 -1
right_child=2 -3 -4 -5 -6 -7 -8
leaf_value=-0.032542954491030784 -0.0022747670911738402 0.086876866855928964 -0.081741082335893916 -0.030126357340231169 0.015043521825480095 -0.040764650418991001 0.0065057540278205947
leaf_weight=5.9999999999999991 8.9999999999999982 5.9999999999999991 4.9999999999999991 7.9999999999999991 26 7.9999999999999991 45
leaf_count=6 9 6 5 8 26 8 45
internal_value=-3.28369e-05 0.00445831 -0.0315128 -0.00101794 0.00176836 -0.00408744 0.00177332
internal_weight=113 99 14 93 85 59 51
internal_count=113 99 14 93 85 59 51
is_linear=0
shrinkage=0.03


Tree=309
num_leaves=8
num_cat=0
split_feature=8 4 0 4 3 2 6
split_gain=17.867 51.8416 27.2862 8.32949 6.94499 7.53247 14.0104
threshold=7.9687500000000009 175.00000000000003 18.000000000000004 145.00000000000003 5.2500000000000009 3.5500000000000003 27.800000000000001
decision_type=2 2 2 2 2 2 2
left_child=2 3 -1 4 5 6 -2
right_child=1 -3 -4 -5 -6 -7 -8
leaf_value=-0.0044511740282177914 -0.0033437549353631077 0.089173717133460492 -0.08512898793587316 -0.031500385502974189 0.030294816493988033 -0.0096148888241708724 0.037221268647949078
leaf_weight=14.000000000000002 24 5.9999999999999991 4.9999999999999991 6.9999999999999991 6.9999999999999991 39 10.999999999999998
leaf_count=14 24 6 5 7 7 39 11
internal_value=-3.64378e-05 0.00532646 -0.0264259 -0.000562635 0.00216353 -0.00055181 0.00950169
internal_weight=113 94 19 88 81 74 35
internal_count=113 94 19 88 81 74 35
is_linear=0
shrinkage=0.03


Tree=310
num_leaves=8
num_cat=0
split_feature=23 0 0 5 14 2 15
split_gain=17.5725 47.8739 22.4978 8.08275 6.36437 9.21487 8.2618
threshold=1.0000000180025095e-35 18.000000000000004 11.000000000000002 53.600000000000009 1.0000000180025095e-35 3.1500000000000008 1.0000000180025095e-35
decision_type=2 2 2 2 2 2 2
left_child=1 3 -2 4 6 -6 -1
right_child=2 -3 -4 -5 5 -7 -8
leaf_value=0.0081683251540276332 -0.0023335315756823705 0.085139324357432697 -0.080949893003472898 -0.034047833238878555 0.005243057935468612 -0.048968437726681038 -0.022125215672928356
leaf_weight=67 8.9999999999999982 5.9999999999999991 4.9999999999999991 5.9999999999999991 5.9999999999999982 5 8.9999999999999982
leaf_count=67 9 6 5 6 6 5 9
internal_value=-3.45419e-05 0.00442034 -0.0312611 -0.000942768 0.00139599 -0.019699 0.00451259
internal_weight=113 99 14 93 87 11 76
internal_count=113 99 14 93 87 11 76
is_linear=0
shrinkage=0.03


Tree=311
num_leaves=8
num_cat=0
split_feature=8 4 0 6 3 15 6
split_gain=17.4404 49.6649 26.6914 7.76956 6.45511 6.18551 7.07884
threshold=7.9687500000000009 175.00000000000003 18.000000000000004 72.800000000000011 4.8500000000000005 1.0000000180025095e-35 17.000000000000004
decision_type=2 2 2 2 2 2 2
left_child=2 3 4 5 -1 6 -2
right_child=1 -3 -4 -5 -6 -7 -8
leaf_value=-0.027500912100076658 -0.012261956703502599 0.087327648132078106 -0.084171078938704263 -0.036091947968189535 0.013031527043842689 -0.021475888536028241 0.0096711583752054839
leaf_weight=6.0000000000000027 17 5.9999999999999991 4.9999999999999991 4.9999999999999991 7.9999999999999991 8.9999999999999982 57
leaf_count=6 17 6 5 5 8 9 57
internal_value=-3.86663e-05 0.00525966 -0.0261113 -0.000504214 -0.00437656 0.0017032 0.00459278
internal_weight=113 94 19 88 14 83 74
internal_count=113 94 19 88 14 83 74
is_linear=0
shrinkage=0.03


Tree=312
num_leaves=8
num_cat=0
split_feature=23 1 0 8 9 3 2
split_gain=17.1314 46.0004 22.1961 5.22435 9.71689 8.08537 28.8258
threshold=1.0000000180025095e-35 30.000000000000004 7.0000000000000009 6.3750000000000009 0.61064615384615395 4.3500000000000005 3.2500000000000004
decision_type=2 2 2 2 2 2 2
left_child=1 3 -2 -1 5 -5 -7
right_child=2 -3 -4 4 -6 6 -8
leaf_value=-0.020130655702003945 0.0067863998810450236 0.083480551415874099 -0.067885125540196878 0.011221384557578316 0.035003338431318594 -0.064338142164051537 0.00082942151534023555
leaf_weight=10.999999999999998 6.9999999999999982 5.9999999999999991 7 28 6.9999999999999991 6.9999999999999991 40
leaf_count=11 7 6 7 28 7 7 40
internal_value=-4.16921e-05 0.00435677 -0.030874 -0.000900087 0.00170408 -0.00146873 -0.0090761
internal_weight=113 99 14 93 82 75 47
internal_count=113 99 14 93 82 75 47
is_linear=0
shrinkage=0.03


Tree=313
num_leaves=8
num_cat=0
split_feature=8 4 5 6 9 8 25
split_gain=16.553 47.4024 24.8595 7.73967 6.21473 7.45761 7.35429
threshold=7.9687500000000009 175.00000000000003 53.600000000000009 72.800000000000011 0.56867692307692319 8.4375000000000018 1.0000000180025095e-35
decision_type=2 2 2 2 2 2 2
left_child=2 3 -1 4 5 -2 -7
right_child=1 -3 -4 -5 -6 6 -8
leaf_value=-0.0044576003192596031 -0.035324255732389599 0.085298355990840541 -0.081475042792466965 -0.036028426725130812 0.030593766954637339 -0.00077425146697870711 0.036243752401608688
leaf_weight=14.000000000000002 4.9999999999999991 5.9999999999999991 4.9999999999999991 4.9999999999999991 5.9999999999999991 67 4.9999999999999991
leaf_count=14 5 6 5 5 6 67 5
internal_value=-4.00452e-05 0.00512139 -0.025441 -0.000509238 0.00169391 -0.000612025 0.00186894
internal_weight=113 94 19 88 83 77 72
internal_count=113 94 19 88 83 77 72
is_linear=0
shrinkage=0.03


Tree=314
num_leaves=8
num_cat=0
split_feature=23 0 0 26 5 7 3
split_gain=16.6452 45.5592 22.1074 8.27984 7.07045 14.4598 6.11941
threshold=1.0000000180025095e-35 18.000000000000004 11.000000000000002 1.0000000180025095e-35 45.899999999999999 1.8333333333333337 5.0500000000000007
decision_type=2 2 2 2 2 2 2
left_child=1 3 -2 4 6 -6 -1
right_child=2 -3 -4 -5 5 -7 -8
leaf_value=0.00068658134807174332 -0.0017680616100551559 0.083039437916971021 -0.079684598210912477 -0.029736510253534083 -0.004848253776629766 0.060893630133225345 -0.03306174262211873
leaf_weight=68 8.9999999999999982 5.9999999999999991 4.9999999999999991 7.9999999999999991 6.9999999999999982 5 4.9999999999999991
leaf_count=68 9 6 5 8 7 5 5
internal_value=-3.95557e-05 0.00429585 -0.0304314 -0.000935581 0.00182093 0.0229704 -0.00168847
internal_weight=113 99 14 93 85 12 73
internal_count=113 99 14 93 85 12 73
is_linear=0
shrinkage=0.03


Tree=315
num_leaves=8
num_cat=0
split_feature=8 4 0 4 3 2 6
split_gain=16.2249 45.4285 24.5599 7.62844 6.6053 7.31126 13.3838
threshold=7.9687500000000009 175.00000000000003 18.000000000000004 145.00000000000003 5.2500000000000009 3.5500000000000003 27.800000000000001
decision_type=2 2 2 2 2 2 2
left_child=2 3 -1 4 5 6 -2
right_child=1 -3 -4 -5 -6 -7 -8
leaf_value=-0.0043314614519476885 -0.0031307431686023054 0.08356062242100315 -0.080881865391364452 -0.03004962533712387 0.029601340293884278 -0.0094103224182083278 0.036515853087947622
leaf_weight=14.000000000000002 24 5.9999999999999991 4.9999999999999991 6.9999999999999991 6.9999999999999991 39 10.999999999999998
leaf_count=14 24 6 5 7 7 39 11
internal_value=-3.90045e-05 0.00507088 -0.0251871 -0.000441029 0.00216698 -0.000480742 0.00942368
internal_weight=113 94 19 88 81 74 35
internal_count=113 94 19 88 81 74 35
is_linear=0
shrinkage=0.03


Tree=316
num_leaves=8
num_cat=0
split_feature=23 0 0 26 1 5 3
split_gain=16.3657 43.7043 21.5909 7.75945 6.69583 13.2424 9.00869
threshold=1.0000000180025095e-35 18.000000000000004 11.000000000000002 1.0000000180025095e-35 18.000000000000004 27.600000000000005 3.8500000000000001
decision_type=2 2 2 2 2 2 2
left_child=1 3 -2 4 5 6 -1
right_child=2 -3 -4 -5 -6 -7 -8
leaf_value=-0.031991765729842643 -0.0018419030592169449 0.081385422579703784 -0.078847700426211711 -0.028743761021916461 0.01444139902401744 -0.039161618551829966 0.0065591998669304423
leaf_weight=5.9999999999999991 8.9999999999999982 5.9999999999999991 4.9999999999999991 7.9999999999999991 26 7.9999999999999991 45
leaf_count=6 9 6 5 8 26 8 45
internal_value=-3.70716e-05 0.00426166 -0.0301728 -0.000861937 0.00180594 -0.00376686 0.00188724
internal_weight=113 99 14 93 85 59 51
internal_count=113 99 14 93 85 59 51
is_linear=0
shrinkage=0.03


Tree=317
num_leaves=8
num_cat=0
split_feature=26 0 25 8 9 9 2
split_gain=16.3401 26.0574 5.50549 4.77985 20.6127 19.4348 18.2697
threshold=1.0000000180025095e-35 18.000000000000004 1.0000000180025095e-35 9.1517857142857171 0.42923076923076925 0.40153846153846157 3.0500000000000003
decision_type=2 2 2 2 2 2 2
left_child=1 2 3 -1 5 6 -5
right_child=-2 -3 -4 4 -6 -7 -8
leaf_value=-0.014390892186817132 0.038271110640919724 -0.063083123353219792 0.022428393338037575 0.042811064465743738 0.049932947742442287 -0.059209019415653666 -0.0056223873210166616
leaf_weight=21 8.9999999999999982 5.9999999999999991 8.9999999999999982 7.9999999999999991 6.9999999999999991 4.9999999999999991 48
leaf_count=21 9 6 9 8 7 5 48
internal_value=-4.05023e-05 -0.00343742 0.000320125 -0.001944 0.00190883 -0.0037228 0.00139772
internal_weight=113 104 98 89 68 61 56
internal_count=113 104 98 89 68 61 56
is_linear=0
shrinkage=0.03


Tree=318
num_leaves=8
num_cat=0
split_feature=9 0 5 2 3 25 2
split_gain=15.3956 46.6691 45.8607 26.4842 17.5332 13.66 14.6603
threshold=0.39364705882352941 13.000000000000002 55.20000000000001 3.0500000000000003 4.7500000000000009 1.0000000180025095e-35 2.9500000000000006
decision_type=2 2 2 2 2 2 2
left_child=1 3 4 -1 5 6 -2
right_child=2 -3 -4 -5 -6 -7 -8
leaf_value=0.06038687629084432 -0.0077876118334328243 0.096963541278472301 -0.076478656297776754 -0.0059087684489612796 0.015237479412749612 0.01404527703921 -0.067258709967136371
leaf_weight=5.9999999999999991 8.0000000000000018 4.9999999999999991 7.9999999999999991 43 29 6.9999999999999991 6.9999999999999991
leaf_count=6 8 5 8 43 29 7 7
internal_value=-3.82992e-05 0.0115009 -0.0106281 0.00239105 -1.09519e-05 -0.0201349 -0.0361593
internal_weight=113 54 59 49 51 22 15
internal_count=113 54 59 49 51 22 15
is_linear=0
shrinkage=0.03


Tree=319
num_leaves=8
num_cat=0
split_feature=2 2 5 8 4 1 6
split_gain=15.6344 47.6539 24.123 6.52608 7.67899 5.45162 12.2381
threshold=4.0500000000000007 4.2500000000000009 53.600000000000009 21.500000000000004 132.50000000000003 5.0000000000000009 26.100000000000005
decision_type=2 2 2 2 2 2 2
left_child=2 -2 3 4 5 -1 -7
right_child=1 -3 -4 -5 -6 6 -8
leaf_value=-0.024928979873657227 0.10092734827445103 -0.018404190540313718 -0.050235971005066583 -0.029010218872177983 0.030466989271524473 0.020374826734829373 -0.0061369212967231548
leaf_weight=6.9999999999999991 4.9999999999999982 7 8.9999999999999982 5.9999999999999991 7.9999999999999991 23 48
leaf_count=7 5 7 9 6 8 23 48
internal_value=-3.52051e-05 0.0320338 -0.00391598 0.000698196 0.00285078 -3.31494e-05 0.00246343
internal_weight=113 12 101 92 86 78 71
internal_count=113 12 101 92 86 78 71
is_linear=0
shrinkage=0.03


Tree=320
num_leaves=8
num_cat=0
split_feature=23 0 0 26 5 7 6
split_gain=14.9889 43.651 20.3873 7.75908 6.46998 13.9536 6.09501
threshold=1.0000000180025095e-35 18.000000000000004 11.000000000000002 1.0000000180025095e-35 45.899999999999999 1.8333333333333337 59.400000000000013
decision_type=2 2 2 2 2 2 2
left_child=1 3 -2 4 6 -6 -1
right_child=2 -3 -4 -5 5 -7 -8
leaf_value=0.00064233866227992806 -0.0013503810354386985 0.081157435101847489 -0.076171042036551687 -0.028919937668777096 -0.0054476970061659814 0.059119801750549886 -0.033038290143013002
leaf_weight=68 8.9999999999999982 5.9999999999999991 4.9999999999999991 7.9999999999999991 6.9999999999999982 5 4.9999999999999991
leaf_count=68 9 6 5 8 7 5 5
internal_value=-3.33249e-05 0.00408005 -0.0288741 -0.00104008 0.00162803 0.0218606 -0.00172803
internal_weight=113 99 14 93 85 12 73
internal_count=113 99 14 93 85 12 73
is_linear=0
shrinkage=0.03


Tree=321
num_leaves=8
num_cat=0
split_feature=26 0 5 15 3 7 9
split_gain=15.3372 23.9289 5.22145 6.23714 4.84816 14.2857 14.0003
threshold=1.0000000180025095e-35 18.000000000000004 13.800000000000002 1.0000000180025095e-35 4.7500000000000009 1.6333333333333335 0.40879120879120889
decision_type=2 2 2 2 2 2 2
left_child=1 2 -1 4 6 -6 -4
right_child=-2 -3 3 -5 5 -7 -8
leaf_value=-0.024302493457992871 0.037083942190460538 -0.060482125859106735 0.0077169760617435751 -0.021169633764935577 -0.0076486932254228434 0.03738774975761771 -0.028498715399230112
leaf_weight=6.9999999999999991 8.9999999999999982 5.9999999999999991 45 8.9999999999999982 12 13 11.999999999999998
leaf_count=7 9 6 45 9 12 13 12
internal_value=-3.29352e-05 -0.00332438 0.000275852 0.00223209 0.00486408 0.0158216 0
internal_weight=113 104 98 91 82 25 57
internal_count=113 104 98 91 82 25 57
is_linear=0
shrinkage=0.03


Tree=322
num_leaves=8
num_cat=0
split_feature=26 0 14 2 15 3 5
split_gain=14.4533 22.557 5.16931 7.98954 6.21097 8.60327 18.2034
threshold=1.0000000180025095e-35 18.000000000000004 1.0000000180025095e-35 3.1500000000000008 1.0000000180025095e-35 4.1500000000000012 21.900000000000006
decision_type=2 2 2 2 2 2 2
left_child=1 2 4 -4 5 -1 -7
right_child=-2 -3 3 -5 -6 6 -8
leaf_value=-0.0089295374925824865 0.035995613336563106 -0.058726193212693727 0.0043175121084336318 -0.046156629874156058 -0.020548350581008457 0.046330184468201224 0.0032189311725374361
leaf_weight=25 8.9999999999999982 5.9999999999999991 5.9999999999999982 5 8.9999999999999982 10.999999999999998 42
leaf_count=25 9 6 6 5 9 11 42
internal_value=-3.552e-05 -0.0032311 0.00026397 -0.0189059 0.00274275 0.00549505 0.0123353
internal_weight=113 104 98 11 87 78 53
internal_count=113 104 98 11 87 78 53
is_linear=0
shrinkage=0.03


Tree=323
num_leaves=8
num_cat=0
split_feature=9 0 5 2 3 25 2
split_gain=14.2317 43.3958 41.418 24.5781 16.1964 12.8846 13.8761
threshold=0.39364705882352941 13.000000000000002 55.20000000000001 3.0500000000000003 4.7500000000000009 1.0000000180025095e-35 2.9500000000000006
decision_type=2 2 2 2 2 2 2
left_child=1 3 4 -1 5 6 -2
right_child=2 -3 -4 -5 -6 -7 -8
leaf_value=0.058142917444629051 -0.0074294844578678999 0.093468670386534461 -0.072798652663463498 -0.0057223128890877377 0.014527964054424258 0.01372125153740247 -0.065288931429386132
leaf_weight=5.9999999999999991 8.0000000000000018 4.9999999999999991 7.9999999999999991 43 29 6.9999999999999991 6.9999999999999991
leaf_count=6 8 5 8 43 29 7 7
internal_value=-3.64153e-05 0.0110576 -0.0102186 0.002272 -0.000126807 -0.0194689 -0.035033
internal_weight=113 54 59 49 51 22 15
internal_count=113 54 59 49 51 22 15
is_linear=0
shrinkage=0.03


Tree=324
num_leaves=8
num_cat=0
split_feature=26 4 5 3 2 8 1
split_gain=13.7308 20.9357 4.85454 5.80463 15.1225 14.1219 13.621
threshold=1.0000000180025095e-35 175.00000000000003 13.800000000000002 4.3500000000000005 3.2500000000000004 16.875000000000004 7.0000000000000009
decision_type=2 2 2 2 2 2 2
left_child=1 2 -1 4 -4 6 -6
right_child=-2 -3 3 -5 5 -7 -8
leaf_value=-0.023480514362454415 0.035085233113040099 -0.056611848367798701 0.042588705911355849 -0.0033229369950787072 -0.025937682344363267 -0.040060762541909364 0.033713319820406679
leaf_weight=6.9999999999999991 8.9999999999999982 5.9999999999999991 10.000000000000002 60 5.0000000000000027 5.9999999999999991 9.9999999999999982
leaf_count=7 9 6 10 60 5 6 10
internal_value=-3.34085e-05 -0.00314843 0.000218202 0.00210512 0.0126131 -0.0018574 0.0136513
internal_weight=113 104 98 91 31 21 15
internal_count=113 104 98 91 31 21 15
is_linear=0
shrinkage=0.03


Tree=325
num_leaves=8
num_cat=0
split_feature=9 0 5 2 3 25 2
split_gain=13.6558 41.3336 38.6495 22.3522 15.3273 12.351 13.2048
threshold=0.39364705882352941 13.000000000000002 55.20000000000001 3.0500000000000003 4.7500000000000009 1.0000000180025095e-35 2.9500000000000006
decision_type=2 2 2 2 2 2 2
left_child=1 3 4 -1 5 6 -2
right_child=2 -3 -4 -5 -6 -7 -8
leaf_value=0.05553814236194856 -0.0073769708532022242 0.091261587876539957 -0.070461818837537993 -0.0053656894977514935 0.0139968135009507 0.013417968451976776 -0.06383038242657979
leaf_weight=5.9999999999999991 8.0000000000000018 4.9999999999999991 7.9999999999999991 43 29 6.9999999999999991 6.9999999999999991
leaf_count=6 8 5 8 43 29 7 7
internal_value=-3.48193e-05 0.0108321 -0.0100091 0.00225688 -0.000258859 -0.0190748 -0.0343138
internal_weight=113 54 59 49 51 22 15
internal_count=113 54 59 49 51 22 15
is_linear=0
shrinkage=0.03


Tree=326
num_leaves=8
num_cat=0
split_feature=23 0 0 26 5 9 6
split_gain=13.3802 45.341 19.0029 8.32489 6.06166 12.9345 6.29426
threshold=1.0000000180025095e-35 18.000000000000004 11.000000000000002 1.0000000180025095e-35 43.900000000000013 0.56867692307692319 59.400000000000013
decision_type=2 2 2 2 2 2 2
left_child=1 3 -2 4 6 -6 -1
right_child=2 -3 -4 -5 5 -7 -8
leaf_value=0.00032682917438154848 -0.00071773126802366716 0.082409876162005999 -0.072942281697805103 -0.03024045589493542 0.056986731015718897 -0.0022490644163411593 -0.033934116661548615
leaf_weight=66 8.9999999999999982 5.9999999999999991 4.9999999999999991 7.9999999999999991 4.9999999999999991 8.9999999999999982 4.9999999999999991
leaf_count=66 9 6 5 8 5 9 5
internal_value=-3.19364e-05 0.00385371 -0.0272819 -0.00136431 0.00140045 0.0193056 -0.00215339
internal_weight=113 99 14 93 85 14 71
internal_count=113 99 14 93 85 14 71
is_linear=0
shrinkage=0.03


Tree=327
num_leaves=8
num_cat=0
split_feature=26 0 15 3 7 9 9
split_gain=13.4434 20.1415 4.80417 6.1259 13.3142 13.0784 7.96871
threshold=1.0000000180025095e-35 18.000000000000004 1.0000000180025095e-35 4.7500000000000009 1.6333333333333335 0.40879120879120889 0.56285714285714283
decision_type=2 2 2 2 2 2 2
left_child=1 2 3 5 -5 -1 -7
right_child=-2 -3 -4 4 -6 6 -8
leaf_value=0.0042731387290405104 0.034717590692250624 -0.055553169942671246 -0.020436193379371064 -0.0077793832733982892 0.035693681834434915 -0.058222033381462091 -0.0099135762607542484
leaf_weight=51 8.9999999999999982 5.9999999999999991 8.9999999999999982 12 13 4.9999999999999991 7.9999999999999991
leaf_count=51 9 6 9 12 13 5 8
internal_value=-3.13946e-05 -0.00311378 0.000188126 0.00233169 0.014871 -0.00257416 -0.029208
internal_weight=113 104 98 89 25 64 13
internal_count=113 104 98 89 25 64 13
is_linear=0
shrinkage=0.03


Tree=328
num_leaves=8
num_cat=0
split_feature=9 4 5 2 5 8 2
split_gain=12.8189 40.9061 36.6303 21.1481 14.0072 10.6752 8.64654
threshold=0.39364705882352941 175.00000000000003 55.20000000000001 3.0500000000000003 19.500000000000004 16.875000000000004 3.2500000000000004
decision_type=2 2 2 2 2 2 2
left_child=1 3 4 -1 -2 6 -5
right_child=2 -3 -4 5 -6 -7 -8
leaf_value=0.053792195608538963 -0.036179923727744957 0.090504677261297503 -0.068551520683416509 -0.033343227734932528 0.0065880544061979471 -0.034129860096651574 0.0086295168510038562
leaf_weight=5.9999999999999991 7.9999999999999991 4.9999999999999991 7.9999999999999991 4.9999999999999991 43 8.9999999999999982 29
leaf_count=6 8 5 8 5 43 9 29
internal_value=-3.49431e-05 0.0104933 -0.00969922 0.0019637 -0.000206473 -0.00544902 0.0022543
internal_weight=113 54 59 49 51 43 34
internal_count=113 54 59 49 51 43 34
is_linear=0
shrinkage=0.03


Tree=329
num_leaves=8
num_cat=0
split_feature=23 0 0 26 5 9 6
split_gain=12.9856 44.5788 18.8125 8.18608 5.75837 12.1068 5.95363
threshold=1.0000000180025095e-35 18.000000000000004 11.000000000000002 1.0000000180025095e-35 43.900000000000013 0.56867692307692319 59.400000000000013
decision_type=2 2 2 2 2 2 2
left_child=1 3 -2 4 6 -6 -1
right_child=2 -3 -4 -5 5 -7 -8
leaf_value=0.00030954792859240953 -0.00045428452851331759 0.081686792988930973 -0.072309368229829349 -0.030014515766283358 0.055268030625123234 -0.0020378763649774633 -0.0330108528641554
leaf_weight=66 8.9999999999999982 5.9999999999999991 4.9999999999999991 7.9999999999999991 4.9999999999999991 8.9999999999999982 4.9999999999999991
leaf_count=66 9 6 5 8 5 9 5
internal_value=-3.41706e-05 0.00379355 -0.0268794 -0.00138024 0.00136128 0.018813 -0.00210203
internal_weight=113 99 14 93 85 14 71
internal_count=113 99 14 93 85 14 71
is_linear=0
shrinkage=0.03


Tree=330
num_leaves=8
num_cat=0
split_feature=26 0 14 2 15 3 5
split_gain=13.0769 19.2232 4.79409 6.62096 5.63669 7.80416 17.6134
threshold=1.0000000180025095e-35 18.000000000000004 1.0000000180025095e-35 3.1500000000000008 1.0000000180025095e-35 4.1500000000000012 21.900000000000006
decision_type=2 2 2 2 2 2 2
left_child=1 2 4 -4 5 -1 -7
right_child=-2 -3 3 -5 -6 6 -8
leaf_value=-0.0085741119689884647 0.034238374207330786 -0.054303698924279976 0.0028389867851811071 -0.043108612940861622 -0.019647138167334641 0.045115706090416229 0.0027127467542533623
leaf_weight=25 8.9999999999999982 5.9999999999999991 5.9999999999999982 5 8.9999999999999982 10.999999999999998 42
leaf_count=25 9 6 6 5 9 11 42
internal_value=-3.35727e-05 -0.00307383 0.000151624 -0.0183092 0.00253959 0.00516248 0.0116781
internal_weight=113 104 98 11 87 78 53
internal_count=113 104 98 11 87 78 53
is_linear=0
shrinkage=0.03


Tree=331
num_leaves=8
num_cat=0
split_feature=9 4 5 2 5 8 2
split_gain=12.4646 39.4897 34.5439 19.9498 12.0685 10.277 8.04107
threshold=0.39364705882352941 175.00000000000003 62.20000000000001 3.0500000000000003 19.500000000000004 16.875000000000004 3.2500000000000004
decision_type=2 2 2 2 2 2 2
left_child=1 3 4 -1 -2 6 -5
right_child=2 -3 -4 5 -6 -7 -8
leaf_value=0.052304754103383706 -0.035189859321931513 0.088961472774927414 -0.076572490084555828 -0.032002667922240033 0.004360663527870073 -0.033374795032584149 0.0084723070041876122
leaf_weight=5.9999999999999991 7.9999999999999991 4.9999999999999991 5.9999999999999991 4.9999999999999991 45 8.9999999999999982 29
leaf_count=6 8 5 6 5 45 9 29
internal_value=-3.43267e-05 0.0103472 -0.00956426 0.00196583 -0.00169088 -0.00523312 0.0023239
internal_weight=113 54 59 49 53 43 34
internal_count=113 54 59 49 53 43 34
is_linear=0
shrinkage=0.03


Tree=332
num_leaves=8
num_cat=0
split_feature=2 9 5 8 14 7 5
split_gain=12.4229 45.8685 18.352 5.1387 5.93558 8.4677 9.27313
threshold=4.0500000000000007 0.42923076923076925 53.600000000000009 21.500000000000004 1.0000000180025095e-35 1.6333333333333335 27.600000000000005
decision_type=2 2 2 2 2 2 2
left_child=2 -2 3 4 5 -1 -7
right_child=1 -3 -4 -5 -6 6 -8
leaf_value=-0.010062650561936804 0.096167624638630794 -0.020868653108676274 -0.043896102361057114 -0.025832378441287624 -0.017911526326622285 0.021710258297711966 -0.0040572050656422533
leaf_weight=22 4.9999999999999982 7 8.9999999999999982 5.9999999999999991 10.999999999999998 33 20
leaf_count=22 5 7 9 6 11 33 20
internal_value=-3.41206e-05 0.0285506 -0.00349486 0.000527813 0.00243997 0.0054845 0.0119798
internal_weight=113 12 101 92 86 75 53
internal_count=113 12 101 92 86 75 53
is_linear=0
shrinkage=0.03


Tree=333
num_leaves=8
num_cat=0
split_feature=23 0 0 26 5 7 1
split_gain=12.4054 44.3177 18.0904 8.33105 5.90378 12.809 5.59734
threshold=1.0000000180025095e-35 18.000000000000004 7.0000000000000009 1.0000000180025095e-35 45.899999999999999 1.8333333333333337 22.000000000000004
decision_type=2 2 2 2 2 2 2
left_child=1 3 -2 4 6 -6 -1
right_child=2 -3 -4 -5 5 -7 -8
leaf_value=0.00038044451716795692 0.0076724090178807575 0.081371504222193067 -0.059697992311169693 -0.030338257085986253 -0.0055067163457473128 0.056344735175371155 -0.031893474505497857
leaf_weight=68 6.9999999999999982 5.9999999999999991 7 7.9999999999999991 6.9999999999999982 5 4.9999999999999991
leaf_count=68 7 6 7 8 7 5 5
internal_value=-3.45412e-05 0.00370639 -0.0262735 -0.00145203 0.0013139 0.020643 -0.00189071
internal_weight=113 99 14 93 85 12 73
internal_count=113 99 14 93 85 12 73
is_linear=0
shrinkage=0.03


Tree=334
num_leaves=8
num_cat=0
split_feature=26 0 15 3 7 9 9
split_gain=12.1318 17.6287 4.38699 5.73787 11.9652 11.9335 7.43251
threshold=1.0000000180025095e-35 18.000000000000004 1.0000000180025095e-35 4.7500000000000009 1.6333333333333335 0.40879120879120889 0.56285714285714283
decision_type=2 2 2 2 2 2 2
left_child=1 2 3 5 -5 -1 -7
right_child=-2 -3 -4 4 -6 6 -8
leaf_value=0.0039690877360771988 0.03297759661208028 -0.052020112314531873 -0.019580808741890866 -0.0071565358291883928 0.034052285460585897 -0.056032363909941443 -0.0093771913729426351
leaf_weight=51 8.9999999999999982 5.9999999999999991 8.9999999999999982 12 13 4.9999999999999991 7.9999999999999991
leaf_count=51 9 6 9 12 13 5 8
internal_value=-3.21359e-05 -0.00296096 0.00012722 0.00217642 0.0143127 -0.00257078 -0.0280122
internal_weight=113 104 98 89 25 64 13
internal_count=113 104 98 89 25 64 13
is_linear=0
shrinkage=0.03


Tree=335
num_leaves=8
num_cat=0
split_feature=23 0 0 26 5 7 6
split_gain=11.5704 43.0326 17.1225 8.34483 5.50645 11.7754 5.49745
threshold=1.0000000180025095e-35 18.000000000000004 11.000000000000002 1.0000000180025095e-35 45.899999999999999 1.8333333333333337 59.400000000000013
decision_type=2 2 2 2 2 2 2
left_child=1 3 -2 4 6 -6 -1
right_child=2 -3 -4 -5 5 -7 -8
leaf_value=0.00041882864633831804 -0.0001651630356259968 0.080108086870562631 -0.068716657918233129 -0.030415505141746704 -0.0051373709489901864 0.054161240114615497 -0.03156596681246391
leaf_weight=68 8.9999999999999982 5.9999999999999991 4.9999999999999991 7.9999999999999991 6.9999999999999982 5 4.9999999999999991
leaf_count=68 9 6 5 8 7 5 5
internal_value=-3.54475e-05 0.00357695 -0.0253765 -0.00150576 0.00126256 0.0199303 -0.00183168
internal_weight=113 99 14 93 85 12 73
internal_count=113 99 14 93 85 12 73
is_linear=0
shrinkage=0.03


Tree=336
num_leaves=8
num_cat=0
split_feature=8 4 0 4 6 15 6
split_gain=11.8448 42.3439 18.23 7.80219 5.59728 4.9341 5.40634
threshold=7.9687500000000009 175.00000000000003 18.000000000000004 145.00000000000003 68.600000000000009 1.0000000180025095e-35 17.000000000000004
decision_type=2 2 2 2 2 2 2
left_child=2 3 4 5 -1 6 -2
right_child=1 -3 -4 -5 -6 -7 -8
leaf_value=-0.019848603921510818 -0.010365636793160162 0.080109264446843048 -0.069508825999039861 -0.03092987244327863 0.017894358509971252 -0.019018445915502055 0.0088784521297835123
leaf_weight=8.0000000000000018 17 5.9999999999999991 4.9999999999999991 6.9999999999999991 5.9999999999999991 8.9999999999999982 55
leaf_count=8 17 6 5 7 6 9 55
internal_value=-3.48513e-05 0.00432924 -0.0215239 -0.000990512 -0.00354321 0.00164818 0.00429781
internal_weight=113 94 19 88 14 81 72
internal_count=113 94 19 88 14 81 72
is_linear=0
shrinkage=0.03


Tree=337
num_leaves=8
num_cat=0
split_feature=26 4 14 7 5 4 5
split_gain=11.7161 17.2116 4.33096 6.87711 12.5781 10.7571 17.6775
threshold=1.0000000180025095e-35 175.00000000000003 1.0000000180025095e-35 1.6333333333333335 45.899999999999999 74.500000000000014 23.000000000000004
decision_type=2 2 2 2 2 2 2
left_child=1 2 3 -1 5 6 -5
right_child=-2 -3 -4 4 -6 -7 -8
leaf_value=-0.010094755484777338 0.032402457724446831 -0.051390343337289736 -0.01740936443209648 0.032173632032947957 0.052698085640485462 -0.011178185460734957 -0.014819116290392622
leaf_weight=27 8.9999999999999982 5.9999999999999991 10.999999999999998 20.000000000000004 4.9999999999999991 24 10.999999999999998
leaf_count=27 9 6 11 20 5 24 11
internal_value=-3.64711e-05 -0.00291489 0.000136344 0.00240681 0.00807228 0.00381198 0.0154626
internal_weight=113 104 98 87 60 55 31
internal_count=113 104 98 87 60 55 31
is_linear=0
shrinkage=0.03


Tree=338
num_leaves=8
num_cat=0
split_feature=9 4 5 2 3 25 2
split_gain=11.4965 37.7842 32.9919 19.1954 12.826 10.1251 11.754
threshold=0.39364705882352941 175.00000000000003 55.20000000000001 3.0500000000000003 4.7500000000000009 1.0000000180025095e-35 2.9500000000000006
decision_type=2 2 2 2 2 2 2
left_child=1 3 4 -1 5 6 -2
right_child=2 -3 -4 -5 -6 -7 -8
leaf_value=0.051116163173029493 -0.0058028367182194436 0.086831871374295294 -0.065041014123253707 -0.00532385514350608 0.01286039794807973 0.012014460613330205 -0.059033187031745898
leaf_weight=5.9999999999999991 8.0000000000000018 4.9999999999999991 7.9999999999999991 43 29 6.9999999999999991 6.9999999999999991
leaf_count=6 8 5 8 43 29 7 7
internal_value=-3.51183e-05 0.0099346 -0.00918802 0.00173638 -0.000177626 -0.0173927 -0.0311923
internal_weight=113 54 59 49 51 22 15
internal_count=113 54 59 49 51 22 15
is_linear=0
shrinkage=0.03


Tree=339
num_leaves=8
num_cat=0
split_feature=23 0 0 26 5 3 9
split_gain=11.3517 41.8737 17.009 8.0602 5.25271 5.91512 12.4496
threshold=1.0000000180025095e-35 18.000000000000004 11.000000000000002 1.0000000180025095e-35 13.800000000000002 3.9500000000000006 0.26153846153846155
decision_type=2 2 2 2 2 2 2
left_child=1 3 -2 4 -1 -6 -7
right_child=2 -3 -4 -5 5 6 -8
leaf_value=-0.027941420055352724 -8.3314441144466313e-06 0.079039243305883092 -0.068328272161575443 -0.029880503881268384 0.029107915163040159 -0.034238036538406111 0.0049798375236133306
leaf_weight=4.9999999999999991 8.9999999999999982 5.9999999999999991 4.9999999999999991 7.9999999999999991 6.9999999999999991 7.9999999999999991 65
leaf_count=5 9 6 5 8 7 8 65
internal_value=-3.2203e-05 0.00354575 -0.0251327 -0.00146787 0.00125252 0.00316098 0.000579693
internal_weight=113 99 14 93 85 80 73
internal_count=113 99 14 93 85 80 73
is_linear=0
shrinkage=0.03


Tree=340
num_leaves=8
num_cat=0
split_feature=26 0 5 15 14 2 7
split_gain=11.495 16.6588 4.03196 4.81034 3.55752 8.79976 5.93993
threshold=1.0000000180025095e-35 18.000000000000004 13.800000000000002 1.0000000180025095e-35 1.0000000180025095e-35 3.1500000000000008 1.6333333333333335
decision_type=2 2 2 2 2 2 2
left_child=1 2 -1 4 6 -6 -4
right_child=-2 -3 3 -5 5 -7 -8
leaf_value=-0.021480568051338196 0.032097125740154928 -0.050575919843489116 -0.0077873595216078695 -0.018710739350189336 0.015276553493279678 -0.03989187268110421 0.011658427280380872
leaf_weight=6.9999999999999991 8.9999999999999982 5.9999999999999991 19 8.9999999999999982 4.9999999999999982 5 53
leaf_count=7 9 6 19 9 5 5 53
internal_value=-3.41402e-05 -0.0028854 0.000116217 0.00183742 0.00415099 -0.0124019 0.00649877
internal_weight=113 104 98 91 82 10 72
internal_count=113 104 98 91 82 10 72
is_linear=0
shrinkage=0.03


Tree=341
num_leaves=8
num_cat=0
split_feature=9 4 5 2 3 8 25
split_gain=11.1697 36.1387 30.9448 17.6962 12.0872 9.47543 9.32613
threshold=0.39364705882352941 175.00000000000003 55.20000000000001 3.0500000000000003 4.7500000000000009 16.875000000000004 1.0000000180025095e-35
decision_type=2 2 2 2 2 2 2
left_child=1 3 4 -1 6 -5 -2
right_child=2 -3 -4 5 -6 -7 -8
leaf_value=0.049182725683335329 -0.030286446425353018 0.08499369490605134 -0.063152722621836313 0.0022469440939133626 0.012324673773797406 -0.032030114440814307 0.011178754568099976
leaf_weight=5.9999999999999991 15.000000000000002 4.9999999999999991 7.9999999999999991 34 29 8.9999999999999982 6.9999999999999991
leaf_count=6 15 5 8 34 29 9 7
internal_value=-3.77231e-05 0.00978909 -0.00905978 0.00177035 -0.000331767 -0.00500768 -0.0170436
internal_weight=113 54 59 49 51 43 22
internal_count=113 54 59 49 51 43 22
is_linear=0
shrinkage=0.03


Tree=342
num_leaves=8
num_cat=0
split_feature=23 0 0 26 5 9 5
split_gain=11.2323 40.9691 16.8002 7.91983 4.90189 11.1198 5.33179
threshold=1.0000000180025095e-35 18.000000000000004 11.000000000000002 1.0000000180025095e-35 43.900000000000013 0.56867692307692319 27.600000000000005
decision_type=2 2 2 2 2 2 2
left_child=1 3 -2 4 6 -6 -1
right_child=2 -3 -4 -5 5 -7 -8
leaf_value=0.0028457828031334662 -3.0557748902103165e-05 0.078199057194494423 -0.067931574651828169 -0.029597935342207185 0.052307700606492841 -0.002599212517556937 -0.015955442946690778
leaf_weight=53 8.9999999999999982 5.9999999999999991 4.9999999999999991 7.9999999999999991 4.9999999999999991 8.9999999999999982 18
leaf_count=53 9 6 5 8 5 9 18
internal_value=-3.35721e-05 0.00352545 -0.0250018 -0.00143358 0.00126284 0.0173653 -0.00193109
internal_weight=113 99 14 93 85 14 71
internal_count=113 99 14 93 85 14 71
is_linear=0
shrinkage=0.03


Tree=343
num_leaves=8
num_cat=0
split_feature=26 0 5 15 3 9 2
split_gain=11.2146 15.9873 3.85976 4.43961 3.4609 10.5886 21.468
threshold=1.0000000180025095e-35 18.000000000000004 13.800000000000002 1.0000000180025095e-35 4.7500000000000009 0.40153846153846157 3.0500000000000003
decision_type=2 2 2 2 2 2 2
left_child=1 2 -1 4 5 6 -4
right_child=-2 -3 3 -5 -6 -7 -8
leaf_value=-0.021038629288474719 0.031704788726309066 -0.049567756499013585 0.065455508358203449 -0.01796310206146344 0.01325770507078795 -0.019002940637970363 0
leaf_weight=6.9999999999999991 8.9999999999999982 5.9999999999999991 4.9999999999999991 8.9999999999999982 25 18 34
leaf_count=7 9 6 5 9 25 18 34
internal_value=-3.20486e-05 -0.00284848 9.17325e-05 0.00177617 0.00399935 -6.72617e-05 0.00868638
internal_weight=113 104 98 91 82 57 39
internal_count=113 104 98 91 82 57 39
is_linear=0
shrinkage=0.03


Tree=344
num_leaves=8
num_cat=0
split_feature=26 4 14 7 5 4 5
split_gain=10.5661 15.4576 4.0153 6.37501 11.755 10.4564 16.8581
threshold=1.0000000180025095e-35 175.00000000000003 1.0000000180025095e-35 1.6333333333333335 45.899999999999999 74.500000000000014 23.000000000000004
decision_type=2 2 2 2 2 2 2
left_child=1 2 3 -1 5 6 -5
right_child=-2 -3 -4 4 -6 -7 -8
leaf_value=-0.0097231923158773593 0.030774327697961228 -0.048704176333642768 -0.016767918057739733 0.031455223682050656 0.050909147480359442 -0.011130055208067017 -0.014433927706309727
leaf_weight=27 8.9999999999999982 5.9999999999999991 10.999999999999998 20.000000000000004 4.9999999999999991 24 10.999999999999998
leaf_count=27 9 6 11 20 5 24 11
internal_value=-3.08996e-05 -0.00276508 0.000125705 0.00231244 0.0077677 0.00364834 0.0151358
internal_weight=113 104 98 87 60 55 31
internal_count=113 104 98 87 60 55 31
is_linear=0
shrinkage=0.03


Tree=345
num_leaves=8
num_cat=0
split_feature=9 4 5 2 5 8 5
split_gain=10.6835 35.7911 29.351 15.9956 10.9175 8.74236 7.69223
threshold=0.39364705882352941 175.00000000000003 55.20000000000001 3.0500000000000003 19.500000000000004 16.875000000000004 21.900000000000006
decision_type=2 2 2 2 2 2 2
left_child=1 3 4 -1 -2 6 -5
right_child=2 -3 -4 5 -6 -7 -8
leaf_value=0.046679556860077756 -0.032113273012928843 0.084421943368820043 -0.061535146585324912 0.013346440607927879 0.0056432482196638965 -0.030797573898149574 -0.015814331226389516
leaf_weight=5.9999999999999991 7.9999999999999991 4.9999999999999991 7.9999999999999991 21 43 8.9999999999999982 12.999999999999998
leaf_count=6 8 5 8 21 43 9 13
internal_value=-2.97144e-05 0.00958054 -0.00885353 0.00160104 -0.000352354 -0.00484126 0.0021256
internal_weight=113 54 59 49 51 43 34
internal_count=113 54 59 49 51 43 34
is_linear=0
shrinkage=0.03


Tree=346
num_leaves=8
num_cat=0
split_feature=23 0 0 26 5 3 9
split_gain=10.7389 40.4812 15.6476 8.25648 4.71131 5.38838 10.8727
threshold=1.0000000180025095e-35 18.000000000000004 11.000000000000002 1.0000000180025095e-35 13.800000000000002 3.9500000000000006 0.26153846153846155
decision_type=2 2 2 2 2 2 2
left_child=1 3 -2 4 -1 -6 -7
right_child=2 -3 -4 -5 5 6 -8
leaf_value=-0.026370380772994115 -0.00032918587185280475 0.077679668472659183 -0.065874297641790813 -0.03023393005859561 0.027849584122498831 -0.031917087277624663 0.0047323538525247131
leaf_weight=4.9999999999999991 8.9999999999999982 5.9999999999999991 4.9999999999999991 7.9999999999999991 6.9999999999999991 7.9999999999999991 65
leaf_count=5 9 6 5 8 7 8 65
internal_value=-2.79042e-05 0.00345178 -0.0244419 -0.00147744 0.00127606 0.00308412 0.000619253
internal_weight=113 99 14 93 85 80 73
internal_count=113 99 14 93 85 80 73
is_linear=0
shrinkage=0.03


Tree=347
num_leaves=8
num_cat=0
split_feature=9 2 5 2 3 6 5
split_gain=10.3793 35.6037 27.9745 14.9829 10.4588 9.65716 10.7022
threshold=0.39364705882352941 3.8500000000000001 55.20000000000001 3.0500000000000003 4.7500000000000009 59.400000000000013 29.200000000000006
decision_type=2 2 2 2 2 2 2
left_child=1 3 4 -1 -2 6 -6
right_child=2 -3 -4 -5 5 -7 -8
leaf_value=0.045113735439315912 -0.015973361557399906 0.08408715296250123 -0.060159096928631389 -0.0047494891250324947 0.0045649922018249807 -0.0041946653911360994 0.059087523250810542
leaf_weight=5.9999999999999991 22 4.9999999999999991 7.9999999999999991 43 7.0000000000000018 15.999999999999998 6
leaf_count=6 22 5 8 43 7 16 6
internal_value=-2.98214e-05 0.00944244 -0.0087273 0.00148429 -0.000426789 0.0113444 0.0303569
internal_weight=113 54 59 49 51 29 13
internal_count=113 54 59 49 51 29 13
is_linear=0
shrinkage=0.03


Tree=348
num_leaves=8
num_cat=0
split_feature=26 0 14 2 3 3 5
split_gain=10.0452 14.1799 3.80688 4.84189 4.60963 13.0505 13.0382
threshold=1.0000000180025095e-35 18.000000000000004 1.0000000180025095e-35 3.1500000000000008 4.1500000000000012 3.9500000000000006 21.900000000000006
decision_type=2 2 2 2 2 2 2
left_child=1 2 4 -4 5 -1 -6
right_child=-2 -3 3 -5 6 -7 -8
leaf_value=0.0049318164133640759 0.030013187527656554 -0.046688419542004977 0.0016995075345039368 -0.037573400093958924 0.030759770819231078 -0.042760256789624682 -0.0011721384882042972
leaf_weight=18.000000000000004 8.9999999999999982 5.9999999999999991 5.9999999999999982 5 14.999999999999998 6.9999999999999991 47
leaf_count=18 9 6 6 5 15 7 47
internal_value=-2.28164e-05 -0.0026891 7.90637e-05 -0.0163701 0.00220882 -0.00859583 0.00660327
internal_weight=113 104 98 11 87 25 62
internal_count=113 104 98 11 87 25 62
is_linear=0
shrinkage=0.03


Tree=349
num_leaves=8
num_cat=0
split_feature=9 4 5 2 5 8 5
split_gain=9.90672 34.7916 25.8112 14.1133 10.0778 8.96846 7.4042
threshold=0.39364705882352941 175.00000000000003 55.20000000000001 3.0500000000000003 19.500000000000004 16.875000000000004 21.900000000000006
decision_type=2 2 2 2 2 2 2
left_child=1 3 4 -1 -2 6 -5
right_child=2 -3 -4 5 -6 -7 -8
leaf_value=0.043707720896890075 -0.031061909500418639 0.083016967383714807 -0.057926129684215642 0.013376484285196605 0.0052123434820936778 -0.03097793398991875 -0.015231591301800854
leaf_weight=5.9999999999999991 7.9999999999999991 4.9999999999999991 7.9999999999999991 21 43 8.9999999999999982 12.999999999999998
leaf_count=6 8 5 8 21 43 9 13
internal_value=-2.49568e-05 0.00922885 -0.00852244 0.0013621 -0.000547547 -0.00468686 0.00236914
internal_weight=113 54 59 49 51 43 34
internal_count=113 54 59 49 51 43 34
is_linear=0
shrinkage=0.03


Tree=350
num_leaves=8
num_cat=0
split_feature=23 0 0 26 5 7 6
split_gain=10.2911 40.1477 14.8769 8.13476 4.66978 11.032 5.222
threshold=1.0000000180025095e-35 18.000000000000004 11.000000000000002 1.0000000180025095e-35 45.899999999999999 1.8333333333333337 59.400000000000013
decision_type=2 2 2 2 2 2 2
left_child=1 3 -2 4 6 -6 -1
right_child=2 -3 -4 -5 5 -7 -8
leaf_value=0.00055166968939241411 -0.00040542016494209349 0.077304508186155738 -0.06432272208424715 -0.030069285165972827 -0.0058393953864773118 0.051540113595815791 -0.030622171048934641
leaf_weight=68 8.9999999999999982 5.9999999999999991 4.9999999999999991 7.9999999999999991 6.9999999999999982 5 4.9999999999999991
leaf_count=68 9 6 5 8 7 5 5
internal_value=-2.32746e-05 0.0033828 -0.0239231 -0.00152591 0.0012072 0.0183988 -0.00164087
internal_weight=113 99 14 93 85 12 73
internal_count=113 99 14 93 85 12 73
is_linear=0
shrinkage=0.03


Tree=351
num_leaves=8
num_cat=0
split_feature=26 0 15 3 7 9 25
split_gain=9.81713 13.6456 3.67168 4.64837 9.90323 9.2782 12.0345
threshold=1.0000000180025095e-35 18.000000000000004 1.0000000180025095e-35 4.7500000000000009 1.6333333333333335 0.40153846153846157 1.0000000180025095e-35
decision_type=2 2 2 2 2 2 2
left_child=1 2 3 5 -5 -1 -7
right_child=-2 -3 -4 4 -6 6 -8
leaf_value=0.0050644017328236217 0.029669787611650386 -0.04582126944295821 -0.017972658208530886 -0.0066641993258820201 0.030817932425574821 -0.037860241970810719 0.011091250975926717
leaf_weight=45 8.9999999999999982 5.9999999999999991 8.9999999999999982 12 13 12.000000000000002 6.9999999999999991
leaf_count=45 9 6 9 12 13 12 7
internal_value=-2.30724e-05 -0.00265906 5.61918e-05 0.00193236 0.0128569 -0.00233843 -0.0198197
internal_weight=113 104 98 89 25 64 19
internal_count=113 104 98 89 25 64 19
is_linear=0
shrinkage=0.03


Tree=352
num_leaves=8
num_cat=0
split_feature=23 0 0 26 5 3 6
split_gain=9.66672 38.8828 13.958 8.11258 4.47339 4.94702 21.2418
threshold=1.0000000180025095e-35 18.000000000000004 11.000000000000002 1.0000000180025095e-35 13.800000000000002 4.3500000000000005 24.900000000000002
decision_type=2 2 2 2 2 2 2
left_child=1 3 -2 4 -1 6 -6
right_child=2 -3 -4 -5 5 -7 -8
leaf_value=-0.025762912527872963 -0.00040217969688060494 0.07602520235123171 -0.062319776484599472 -0.030057591170799439 -0.0038836620306206301 -0.0019294606432902007 0.057486419305205337
leaf_weight=4.9999999999999991 8.9999999999999982 5.9999999999999991 4.9999999999999991 7.9999999999999991 17.000000000000004 56 6.9999999999999991
leaf_count=5 9 6 5 8 17 56 7
internal_value=-2.36615e-05 0.00327706 -0.0231875 -0.00155335 0.00117606 0.0029385 0.0142811
internal_weight=113 99 14 93 85 80 24
internal_count=113 99 14 93 85 80 24
is_linear=0
shrinkage=0.03


Tree=353
num_leaves=8
num_cat=0
split_feature=26 0 14 2 9 5 2
split_gain=9.59765 13.7953 3.63418 4.5976 4.57557 9.95814 10.0029
threshold=1.0000000180025095e-35 18.000000000000004 1.0000000180025095e-35 3.1500000000000008 0.23212307692307693 21.900000000000006 3.1500000000000008
decision_type=2 2 2 2 2 2 2
left_child=1 2 4 -4 -1 6 -6
right_child=-2 -3 3 -5 5 -7 -8
leaf_value=-0.012756630448918595 0.029335250064082767 -0.046028746674137727 0.0016311615320944019 -0.036632924079895011 -0.013784658719713861 -0.0018086248241888825 0.034128172124425572
leaf_weight=14.999999999999998 8.9999999999999982 5.9999999999999991 5.9999999999999982 5 5.0000000000000027 51 15.999999999999998
leaf_count=15 9 6 6 5 5 51 16
internal_value=-2.36585e-05 -0.00263016 9.99571e-05 -0.0159713 0.00218112 0.00534065 0.0226272
internal_weight=113 104 98 11 87 72 21
internal_count=113 104 98 11 87 72 21
is_linear=0
shrinkage=0.03


Tree=354
num_leaves=8
num_cat=0
split_feature=4 5 9 2 8 3 2
split_gain=9.42085 12.8262 4.01132 10.6148 6.11706 4.83106 28.4067
threshold=175.00000000000003 55.20000000000001 0.61064615384615395 2.5500000000000003 8.4375000000000018 4.3500000000000005 3.2500000000000004
decision_type=2 2 2 2 2 2 2
left_child=1 2 4 -4 -1 -6 -7
right_child=-2 -3 3 -5 5 6 -8
leaf_value=-0.026944738670093258 0.033169837842384975 -0.044163017224880953 -0.0074534166183160711 0.041172993729511893 0.0082780005910449254 -0.072268013037168052 0.0028344415123997763
leaf_weight=7.9999999999999991 6.9999999999999991 5.9999999999999991 8.9999999999999982 6.9999999999999991 36 4.9999999999999991 35
leaf_count=8 7 6 9 7 36 5 35
internal_value=-2.57802e-05 -0.00229041 0.000290115 0.0139737 -0.00232547 0.000310266 -0.00682889
internal_weight=113 106 100 16 84 76 40
internal_count=113 106 100 16 84 76 40
is_linear=0
shrinkage=0.03


Tree=355
num_leaves=8
num_cat=0
split_feature=23 0 0 26 5 7 1
split_gain=9.4602 37.8032 13.3196 8.20749 4.3481 10.4441 4.97267
threshold=1.0000000180025095e-35 18.000000000000004 11.000000000000002 1.0000000180025095e-35 45.899999999999999 1.8333333333333337 22.000000000000004
decision_type=2 2 2 2 2 2 2
left_child=1 3 -2 4 6 -6 -1
right_child=2 -3 -4 -5 5 -7 -8
leaf_value=0.00061098920962502864 -0.0006741363822442035 0.074968186463079137 -0.061171624419780864 -0.030196315239115454 -0.0057678388307491942 0.050056361991625546 -0.029809733720926136
leaf_weight=68 8.9999999999999982 5.9999999999999991 4.9999999999999991 7.9999999999999991 6.9999999999999982 5 4.9999999999999991
leaf_count=68 9 6 5 8 7 5 5
internal_value=-2.80746e-05 0.00323706 -0.0229433 -0.0015256 0.00121976 0.0178086 -0.00152788
internal_weight=113 99 14 93 85 12 73
internal_count=113 99 14 93 85 12 73
is_linear=0
shrinkage=0.03


Tree=356
num_leaves=8
num_cat=0
split_feature=8 4 0 2 26 6 6
split_gain=9.31751 37.8828 15.0317 6.70501 10.145 4.53995 4.304
threshold=7.9687500000000009 175.00000000000003 18.000000000000004 3.8500000000000001 1.0000000180025095e-35 68.600000000000009 15.4
decision_type=2 2 2 2 2 2 2
left_child=2 3 5 6 -5 -1 -2
right_child=1 -3 -4 4 -6 -7 -8
leaf_value=-0.017459082256366561 -0.021488666111423124 0.075519532407483742 -0.062659487540905279 0.0020096532709714845 -0.048900051712989792 0.016531807650481501 0.0045977536148372545
leaf_weight=8.0000000000000018 5.9999999999999991 5.9999999999999991 4.9999999999999991 7.9999999999999982 6 5.9999999999999991 68
leaf_count=8 6 6 5 8 6 6 68
internal_value=-2.7735e-05 0.00384137 -0.0190884 -0.00118894 -0.0200846 -0.00275826 0.0024102
internal_weight=113 94 19 88 14 14 74
internal_count=113 94 19 88 14 14 74
is_linear=0
shrinkage=0.03


Tree=357
num_leaves=8
num_cat=0
split_feature=26 0 15 14 3 5 3
split_gain=9.72204 13.0618 3.63509 4.20852 7.21072 14.6637 12.5922
threshold=1.0000000180025095e-35 18.000000000000004 1.0000000180025095e-35 1.0000000180025095e-35 4.1500000000000012 21.900000000000006 3.9500000000000006
decision_type=2 2 2 2 2 2 2
left_child=1 2 3 4 6 -6 -1
right_child=-2 -3 -4 -5 5 -7 -8
leaf_value=0.004433380212624567 0.029519359417583629 -0.044881129226376923 -0.017935211898192114 -0.015304718597659044 0.041120556600924049 0.0024271967089006686 -0.042413231686999397
leaf_weight=18.000000000000004 8.9999999999999982 5.9999999999999991 8.9999999999999982 10.999999999999998 10.999999999999998 42 6.9999999999999991
leaf_count=18 9 6 9 11 11 42 7
internal_value=-2.92536e-05 -0.00265249 3.80233e-06 0.00187082 0.00434514 0.0106105 -0.00885666
internal_weight=113 104 98 89 78 53 25
internal_count=113 104 98 89 78 53 25
is_linear=0
shrinkage=0.03


Tree=358
num_leaves=8
num_cat=0
split_feature=26 4 15 8 9 3 6
split_gain=9.16122 12.5719 3.43488 4.09202 10.7941 5.42391 29.8392
threshold=1.0000000180025095e-35 175.00000000000003 1.0000000180025095e-35 9.1517857142857171 0.42923076923076925 4.3500000000000005 24.900000000000002
decision_type=2 2 2 2 2 2 2
left_child=1 2 3 -1 5 6 -5
right_child=-2 -3 -4 4 -6 -7 -8
leaf_value=-0.0075925241569255262 0.028653034088404281 -0.044006425103833589 -0.017408853063116903 -0.0045556208383263517 0.040723815672099588 -0.0098067515464247881 0.068618205054362683
leaf_weight=28 8.9999999999999982 5.9999999999999991 8.9999999999999982 26 6.9999999999999991 22 5.9999999999999991
leaf_count=28 9 6 9 26 7 22 6
internal_value=-3.02593e-05 -0.00257709 2.85801e-05 0.00184381 0.00621041 0.00157501 0.00945887
internal_weight=113 104 98 89 61 54 32
internal_count=113 104 98 89 61 54 32
is_linear=0
shrinkage=0.03


Tree=359
num_leaves=8
num_cat=0
split_feature=4 5 9 1 8 3 2
split_gain=9.20726 12.1668 3.93129 10.8117 5.55097 4.6545 26.621
threshold=175.00000000000003 55.20000000000001 0.61064615384615395 22.000000000000004 8.4375000000000018 4.3500000000000005 3.2500000000000004
decision_type=2 2 2 2 2 2 2
left_child=1 2 4 -4 -1 -6 -7
right_child=-2 -3 3 -5 5 6 -8
leaf_value=-0.025793632145335036 0.032790148928761483 -0.043047617361430188 0.035262065030958342 -0.013812236289183299 0.0079899737247116631 -0.070187099232123434 0.0025155408938669346
leaf_weight=7.9999999999999991 6.9999999999999991 5.9999999999999991 8.9999999999999982 6.9999999999999991 36 4.9999999999999991 35
leaf_count=8 7 6 9 7 36 5 35
internal_value=-2.6854e-05 -0.00226581 0.000247169 0.013794 -0.002342 0.000168126 -0.00683895
internal_weight=113 106 100 16 84 76 40
internal_count=113 106 100 16 84 76 40
is_linear=0
shrinkage=0.03


Tree=360
num_leaves=8
num_cat=0
split_feature=0 4 9 1 8 25 3
split_gain=9.11138 9.14163 3.50565 11.1253 5.22902 4.44862 7.44037
threshold=18.000000000000004 167.50000000000003 0.61064615384615395 22.000000000000004 8.4375000000000018 1.0000000180025095e-35 4.3500000000000005
decision_type=2 2 2 2 2 2 2
left_child=1 2 4 -4 -1 6 -6
right_child=-2 -3 3 -5 5 -7 -8
leaf_value=-0.02503869596051007 0.03261602203051249 -0.034895472029844915 0.034227200085702146 -0.017754668343451713 0.0077515988447060223 0.026963018809373563 -0.011612126131288029
leaf_weight=7.9999999999999991 6.9999999999999991 6.9999999999999991 8.9999999999999982 5.9999999999999991 36 4.9999999999999991 35
leaf_count=8 7 7 9 6 36 5 35
internal_value=-2.95876e-05 -0.00225692 0.000101439 0.0133757 -0.0022773 0.000158382 -0.00177864
internal_weight=113 106 99 15 84 76 71
internal_count=113 106 99 15 84 76 71
is_linear=0
shrinkage=0.03


Tree=361
num_leaves=8
num_cat=0
split_feature=23 0 0 26 9 2 2
split_gain=8.89996 36.6045 12.4319 7.8674 4.47935 7.83747 6.2939
threshold=1.0000000180025095e-35 18.000000000000004 7.0000000000000009 1.0000000180025095e-35 0.23212307692307693 3.5500000000000003 3.2500000000000004
decision_type=2 2 2 2 2 2 2
left_child=1 3 -2 4 5 -1 -6
right_child=2 -3 -4 -5 6 -7 -8
leaf_value=0.010806451004285079 0.0058645671109358467 0.073723873938283599 -0.0499634589254856 -0.029617470328400772 -0.007992621760900695 -0.039152134676133425 0.010261686898737032
leaf_weight=4.9999999999999982 6.9999999999999982 5.9999999999999991 7 7.9999999999999991 26 6 48
leaf_count=5 7 6 7 8 26 6 48
internal_value=-2.76531e-05 0.00313893 -0.0222544 -0.00154728 0.00114034 -0.0165223 0.00382354
internal_weight=113 99 14 93 85 11 74
internal_count=113 99 14 93 85 11 74
is_linear=0
shrinkage=0.03


Tree=362
num_leaves=8
num_cat=0
split_feature=2 9 5 8 4 9 6
split_gain=9.02668 40.5589 13.3433 4.34467 5.18092 3.78805 7.9386
threshold=4.0500000000000007 0.42923076923076925 53.600000000000009 21.500000000000004 132.50000000000003 0.23212307692307693 26.100000000000005
decision_type=2 2 2 2 2 2 2
left_child=2 -2 3 4 5 -1 -7
right_child=1 -3 -4 -5 -6 6 -8
leaf_value=-0.022677898753073907 0.087947400212287918 -0.022072633715967335 -0.0374296199919089 -0.023788790702819824 0.024892375789037566 0.015786935379189893 -0.0052648692894958849
leaf_weight=5.9999999999999991 4.9999999999999982 7 8.9999999999999982 5.9999999999999991 7.9999999999999991 24 48
leaf_count=6 5 7 9 6 8 24 48
internal_value=-2.78078e-05 0.0243364 -0.00297976 0.000447952 0.00220756 -0.000157619 0.00175592
internal_weight=113 12 101 92 86 78 72
internal_count=113 12 101 92 86 78 72
is_linear=0
shrinkage=0.03


Tree=363
num_leaves=8
num_cat=0
split_feature=4 5 9 2 8 25 3
split_gain=9.0362 11.3975 3.58558 10.3346 4.80736 4.18207 7.00279
threshold=175.00000000000003 55.20000000000001 0.61064615384615395 2.5500000000000003 8.4375000000000018 1.0000000180025095e-35 4.3500000000000005
decision_type=2 2 2 2 2 2 2
left_child=1 2 4 -4 -1 6 -6
right_child=-2 -3 3 -5 5 -7 -8
leaf_value=-0.024108435329867572 0.032484144270420075 -0.041715784212273933 -0.0080050156961964537 0.039969743527472013 0.0074178346418338238 0.026041099555217301 -0.011367277811196716
leaf_weight=7.9999999999999991 6.9999999999999991 5.9999999999999991 8.9999999999999982 6.9999999999999991 36 4.9999999999999991 35
leaf_count=8 7 6 9 7 36 5 35
internal_value=-2.6449e-05 -0.00224463 0.000187206 0.0131257 -0.00228477 5.00151e-05 -0.00182728
internal_weight=113 106 100 16 84 76 71
internal_count=113 106 100 16 84 76 71
is_linear=0
shrinkage=0.03


Tree=364
num_leaves=8
num_cat=0
split_feature=3 0 6 6 6 8 2
split_gain=8.80752 33.0138 17.2864 15.0429 12.0738 10.2367 7.37759
threshold=4.2500000000000009 18.000000000000004 28.500000000000004 26.100000000000005 24.300000000000001 14.083333333333334 3.2500000000000004
decision_type=2 2 2 2 2 2 2
left_child=2 3 4 -2 -1 6 -5
right_child=1 -3 -4 5 -6 -7 -8
leaf_value=-0.011940408828186574 0.033618618100881577 0.071919044909938681 -0.058099789127947811 -0.016899314942054967 0.03862179375611819 -0.034897633875193797 0.0068571607588279616
leaf_weight=23.000000000000004 9.9999999999999982 5.9999999999999991 5.9999999999999991 17 4.9999999999999991 8.9999999999999982 37
leaf_count=23 10 6 6 17 5 9 37
internal_value=-2.41602e-05 0.00545667 -0.0127603 -0.000167079 -0.00264837 -0.00564304 -0.000628816
internal_weight=113 79 34 73 28 63 54
internal_count=113 79 34 73 28 63 54
is_linear=0
shrinkage=0.03


Tree=365
num_leaves=8
num_cat=0
split_feature=8 4 0 2 26 6 6
split_gain=8.73409 35.7048 14.4841 6.46068 9.64611 4.62431 4.06183
threshold=7.9687500000000009 175.00000000000003 18.000000000000004 3.8500000000000001 1.0000000180025095e-35 68.600000000000009 15.4
decision_type=2 2 2 2 2 2 2
left_child=2 3 5 6 -5 -1 -2
right_child=1 -3 -4 4 -6 -7 -8
leaf_value=-0.017290300029080084 -0.020841818817200198 0.073311461806297301 -0.061244891194196835 0.0018347724254538372 -0.047804911828810151 0.017017964091031783 0.0044991679200656774
leaf_weight=8.0000000000000018 5.9999999999999991 5.9999999999999991 4.9999999999999991 7.9999999999999982 6 5.9999999999999991 68
leaf_count=8 6 6 5 8 6 6 68
internal_value=-2.14911e-05 0.00372409 -0.0184762 -0.00115897 -0.0197074 -0.00244853 0.00237364
internal_weight=113 94 19 88 14 14 74
internal_count=113 94 19 88 14 14 74
is_linear=0
shrinkage=0.03


Tree=366
num_leaves=8
num_cat=0
split_feature=2 9 5 8 4 1 6
split_gain=8.95193 37.6509 13.1004 4.13163 4.71976 3.415 7.40364
threshold=4.0500000000000007 0.42923076923076925 53.600000000000009 21.500000000000004 132.50000000000003 5.0000000000000009 26.100000000000005
decision_type=2 2 2 2 2 2 2
left_child=2 -2 3 4 5 -1 -7
right_child=1 -3 -4 -5 -6 6 -8
leaf_value=-0.019814126988252002 0.085522157137210564 -0.020484489748875297 -0.037097815673636347 -0.023201235801942888 0.023801075874305355 0.015800080171561443 -0.0048188018597878851
leaf_weight=6.9999999999999991 4.9999999999999982 7 8.9999999999999982 5.9999999999999991 7.9999999999999991 23 48
leaf_count=7 5 7 9 6 8 23 48
internal_value=-2.31268e-05 0.0242399 -0.00296289 0.000433352 0.00214968 -0.000106983 0.00186511
internal_weight=113 12 101 92 86 78 71
internal_count=113 12 101 92 86 78 71
is_linear=0
shrinkage=0.03


Tree=367
num_leaves=8
num_cat=0
split_feature=26 0 15 14 3 5 3
split_gain=8.52617 12.558 3.51149 4.22792 6.99376 13.0657 12.202
threshold=1.0000000180025095e-35 18.000000000000004 1.0000000180025095e-35 1.0000000180025095e-35 4.1500000000000012 21.900000000000006 3.9500000000000006
decision_type=2 2 2 2 2 2 2
left_child=1 2 3 4 6 -6 -1
right_child=-2 -3 -4 -5 5 -7 -8
leaf_value=0.004518167519184586 0.02764904613080232 -0.043886170425722668 -0.017505562344323034 -0.015255194521908249 0.039412630793771573 0.0028792676781591079 -0.041595970205962653
leaf_weight=18.000000000000004 8.9999999999999982 5.9999999999999991 8.9999999999999982 10.999999999999998 10.999999999999998 42 6.9999999999999991
leaf_count=18 9 6 9 11 11 42 7
internal_value=-2.17859e-05 -0.00247925 0.000124815 0.00195973 0.00443947 0.0106095 -0.00856192
internal_weight=113 104 98 89 78 53 25
internal_count=113 104 98 89 78 53 25
is_linear=0
shrinkage=0.03


Tree=368
num_leaves=8
num_cat=0
split_feature=4 5 9 1 8 3 2
split_gain=8.1437 10.3345 3.67955 10.3352 4.31055 4.06955 24.3583
threshold=175.00000000000003 55.20000000000001 0.61064615384615395 22.000000000000004 8.4375000000000018 4.3500000000000005 3.2500000000000004
decision_type=2 2 2 2 2 2 2
left_child=1 2 4 -4 -1 -6 -7
right_child=-2 -3 3 -5 5 6 -8
leaf_value=-0.022984400253470354 0.030839613129695256 -0.039715047070095606 0.034284734052160509 -0.013692492544651031 0.0072073448949508895 -0.067254928883451678 0.0022879663046280088
leaf_weight=7.9999999999999991 6.9999999999999991 5.9999999999999991 8.9999999999999982 6.9999999999999991 36 4.9999999999999991 35
leaf_count=8 7 6 9 7 36 5 35
internal_value=-2.30555e-05 -0.00212952 0.000185411 0.0132922 -0.00231895 -6.93351e-05 -0.00665894
internal_weight=113 106 100 16 84 76 40
internal_count=113 106 100 16 84 76 40
is_linear=0
shrinkage=0.03


Tree=369
num_leaves=8
num_cat=0
split_feature=3 0 6 6 6 8 2
split_gain=8.2996 32.8822 16.4162 13.4447 10.9865 10.1244 6.73518
threshold=4.2500000000000009 18.000000000000004 28.500000000000004 26.100000000000005 24.300000000000001 14.083333333333334 3.2500000000000004
decision_type=2 2 2 2 2 2 2
left_child=2 3 4 -2 -1 6 -5
right_child=1 -3 -4 5 -6 -7 -8
leaf_value=-0.011400262021684437 0.031621548656155081 0.071624698139006085 -0.05657303831750346 -0.01605667122228201 0.036830635896095858 -0.034588208363755889 0.0066422630918602779
leaf_weight=23.000000000000004 9.9999999999999982 5.9999999999999991 5.9999999999999991 17 4.9999999999999991 8.9999999999999982 37
leaf_count=23 10 6 6 17 5 9 37
internal_value=-2.56251e-05 0.00529443 -0.0123895 -0.000317681 -0.00253428 -0.00549516 -0.000508903
internal_weight=113 79 34 73 28 63 54
internal_count=113 79 34 73 28 63 54
is_linear=0
shrinkage=0.03


Tree=370
num_leaves=8
num_cat=0
split_feature=2 0 0 8 6 6 4
split_gain=7.96932 36.2021 12.3689 3.87812 4.60106 14.6443 7.1967
threshold=4.0500000000000007 7.0000000000000009 18.000000000000004 21.500000000000004 59.400000000000013 68.600000000000009 132.50000000000003
decision_type=2 2 2 2 2 2 2
left_child=2 -2 3 4 6 -6 -1
right_child=1 -3 -4 -5 5 -7 -8
leaf_value=0.0019534955873079826 -0.037728811668661925 0.066207138995329526 -0.043852770290067108 -0.023059150249727312 -0.049448432230180278 0.0071583044015970394 0.03582794470171774
leaf_weight=65 4.9999999999999982 7 5.9999999999999991 5.9999999999999991 6.0000000000000027 11.999999999999998 5.9999999999999991
leaf_count=65 5 7 6 6 6 12 6
internal_value=-2.29693e-05 0.022869 -0.00279745 -0.000102043 0.00147704 -0.0119642 0.00492979
internal_weight=113 12 101 95 89 18 71
internal_count=113 12 101 95 89 18 71
is_linear=0
shrinkage=0.03


Tree=371
num_leaves=8
num_cat=0
split_feature=4 5 9 1 2 25 0
split_gain=7.77635 10.3823 3.49773 9.82595 4.20952 8.35598 7.24506
threshold=175.00000000000003 55.20000000000001 0.61064615384615395 22.000000000000004 3.7500000000000004 1.0000000180025095e-35 5.0000000000000009
decision_type=2 2 2 2 2 2 2
left_child=1 2 4 -4 5 -1 -6
right_child=-2 -3 3 -5 6 -7 -8
leaf_value=-0.0021720835303559024 0.030134078909953437 -0.039755556862200454 0.033485532607073369 -0.013292475653191407 0.014295976047332461 0.034369228501473698 -0.02799782818213838
leaf_weight=61 6.9999999999999991 5.9999999999999991 8.9999999999999982 6.9999999999999991 5.0000000000000027 5.9999999999999991 11.999999999999998
leaf_count=61 7 6 9 7 5 6 12
internal_value=-2.41584e-05 -0.00208286 0.000237369 0.0130161 -0.002204 0.0011705 -0.0154497
internal_weight=113 106 100 16 84 67 17
internal_count=113 106 100 16 84 67 17
is_linear=0
shrinkage=0.03


Tree=372
num_leaves=8
num_cat=0
split_feature=2 9 4 3 8 4 9
split_gain=7.85667 35.012 12.0897 5.46883 4.36379 6.87942 4.52374
threshold=4.0500000000000007 0.42923076923076925 175.00000000000003 5.3500000000000005 21.500000000000004 132.50000000000003 0.61064615384615395
decision_type=2 2 2 2 2 2 2
left_child=2 -2 3 4 5 6 -1
right_child=1 -3 -4 -5 -6 -7 -8
leaf_value=-0.002154036710891768 0.081812502512565027 -0.020401033249994115 -0.043365726413265346 -0.027370526098435925 -0.022485997657622058 0.033997555951918328 0.017122071712193165
leaf_weight=64 4.9999999999999982 7 5.9999999999999991 5.9999999999999991 5.9999999999999991 5.9999999999999991 12.999999999999998
leaf_count=64 5 7 6 6 6 6 13
internal_value=-2.14959e-05 0.022708 -0.00277639 -0.00011138 0.00176675 0.00358782 0.00111687
internal_weight=113 12 101 95 89 83 77
internal_count=113 12 101 95 89 83 77
is_linear=0
shrinkage=0.03


Tree=373
num_leaves=8
num_cat=0
split_feature=0 4 15 14 7 8 5
split_gain=8.01621 8.09277 3.29087 3.82553 4.5175 10.0873 6.31088
threshold=18.000000000000004 167.50000000000003 1.0000000180025095e-35 1.0000000180025095e-35 1.6333333333333335 21.500000000000004 21.900000000000006
decision_type=2 2 2 2 2 2 2
left_child=1 2 3 4 -1 6 -6
right_child=-2 -3 -4 -5 5 -7 -8
leaf_value=-0.0069193387847265291 0.030599701205889385 -0.032819617713491123 -0.016968472243651101 -0.014521109477749893 0.027670720478649751 -0.030993448610489187 0.0052539631763571185
leaf_weight=23 6.9999999999999991 6.9999999999999991 8.9999999999999982 10.999999999999998 17 4.9999999999999991 34
leaf_count=23 7 7 9 11 17 5 34
internal_value=-2.03395e-05 -0.00211036 0.000107671 0.00186575 0.00419731 0.00879815 0.0128344
internal_weight=113 106 99 90 79 56 51
internal_count=113 106 99 90 79 56 51
is_linear=0
shrinkage=0.03


Tree=374
num_leaves=8
num_cat=0
split_feature=4 5 9 2 2 25 0
split_gain=7.7902 9.68231 3.19424 9.53084 4.02842 7.73339 6.90972
threshold=175.00000000000003 55.20000000000001 0.61064615384615395 2.5500000000000003 3.7500000000000004 1.0000000180025095e-35 5.0000000000000009
decision_type=2 2 2 2 2 2 2
left_child=1 2 4 -4 5 -1 -6
right_child=-2 -3 3 -5 6 -7 -8
leaf_value=-0.0020888511332518914 0.030162920604149501 -0.038462908046860853 -0.0079131010336720431 0.038153099815050759 0.013913053400241401 0.033064478633384548 -0.027387316114589815
leaf_weight=61 6.9999999999999991 5.9999999999999991 8.9999999999999982 6.9999999999999991 5.0000000000000027 5.9999999999999991 11.999999999999998
leaf_count=61 7 6 9 7 5 6 12
internal_value=-2.21777e-05 -0.00208271 0.00015755 0.0123705 -0.00217477 0.00112592 -0.0151324
internal_weight=113 106 100 16 84 67 17
internal_count=113 106 100 16 84 67 17
is_linear=0
shrinkage=0.03


Tree=375
num_leaves=8
num_cat=0
split_feature=2 0 4 3 8 4 9
split_gain=7.88135 33.9343 11.6619 5.25687 3.90524 6.48045 4.21822
threshold=4.0500000000000007 7.0000000000000009 175.00000000000003 5.3500000000000005 21.500000000000004 132.50000000000003 0.61064615384615395
decision_type=2 2 2 2 2 2 2
left_child=2 -2 3 4 5 6 -1
right_child=1 -3 -4 -5 -6 -7 -8
leaf_value=-0.0021519529413530887 -0.035930231096079727 0.064700077772140485 -0.042643326770874755 -0.026885795843216681 -0.021260557501546797 0.032918641413411789 0.016462043196132238
leaf_weight=64 4.9999999999999982 7 5.9999999999999991 5.9999999999999991 5.9999999999999991 5.9999999999999991 12.999999999999998
leaf_count=64 5 7 6 6 6 6 13
internal_value=-1.90238e-05 0.0227462 -0.00277823 -0.00016038 0.00168076 0.00340432 0.00100575
internal_weight=113 12 101 95 89 83 77
internal_count=113 12 101 95 89 83 77
is_linear=0
shrinkage=0.03


Tree=376
num_leaves=8
num_cat=0
split_feature=0 4 5 2 9 3 5
split_gain=7.83414 7.67011 2.95507 4.24718 8.62041 6.78291 5.40765
threshold=18.000000000000004 167.50000000000003 13.800000000000002 3.5500000000000003 0.23212307692307693 5.0500000000000007 21.900000000000006
decision_type=2 2 2 2 2 2 2
left_child=1 2 -1 5 -5 -4 -6
right_child=-2 -3 3 4 6 -7 -8
leaf_value=-0.018421382009983063 0.030250519315401712 -0.031982334877053896 0.013234976441540031 -0.038052616157839378 0.015615265555679797 -0.014202818309559544 -0.0082544317293511936
leaf_weight=6.9999999999999991 6.9999999999999991 6.9999999999999991 39 5.9999999999999991 12.999999999999998 9.9999999999999982 24
leaf_count=7 7 7 39 6 13 10 24
internal_value=-1.96348e-05 -0.00208594 7.30486e-05 0.00153341 -0.00531393 0.00756997 0.00013076
internal_weight=113 106 99 92 43 49 37
internal_count=113 106 99 92 43 49 37
is_linear=0
shrinkage=0.03


Tree=377
num_leaves=8
num_cat=0
split_feature=8 4 0 2 26 6 6
split_gain=8.05761 33.1844 11.7908 5.98899 10.1198 4.57834 3.64759
threshold=7.9687500000000009 175.00000000000003 18.000000000000004 3.8500000000000001 1.0000000180025095e-35 68.600000000000009 15.4
decision_type=2 2 2 2 2 2 2
left_child=2 3 5 6 -5 -1 -2
right_child=1 -3 -4 4 -6 -7 -8
leaf_value=-0.018012667000293723 -0.019728973181016983 0.070661366331961836 -0.05634546091923346 0.0030547420498801439 -0.047777259119095326 0.016118217221190851 0.0042836475116951808
leaf_weight=8.0000000000000018 5.9999999999999991 5.9999999999999991 4.9999999999999991 7.9999999999999982 6 5.9999999999999991 68
leaf_count=8 6 6 5 8 6 6 68
internal_value=-2.21894e-05 0.0035749 -0.0177483 -0.00113203 -0.0189909 -0.00325852 0.00226853
internal_weight=113 94 19 88 14 14 74
internal_count=113 94 19 88 14 14 74
is_linear=0
shrinkage=0.03


Tree=378
num_leaves=8
num_cat=0
split_feature=2 9 4 3 14 8 7
split_gain=8.08807 32.4113 11.5638 4.67884 3.5739 4.39447 8.12296
threshold=4.0500000000000007 0.42923076923076925 175.00000000000003 5.3500000000000005 1.0000000180025095e-35 21.500000000000004 1.6333333333333335
decision_type=2 2 2 2 2 2 2
left_child=2 -2 3 4 5 6 -1
right_child=1 -3 -4 -5 -6 -7 -8
leaf_value=-0.010242290775669682 0.079895167350769056 -0.018456570248429973 -0.04251593828201293 -0.025425082406690041 -0.014301524848810265 -0.020395530096946224 0.012145831579792087
leaf_weight=20 4.9999999999999982 7 5.9999999999999991 5.9999999999999991 10.999999999999998 5.9999999999999991 52
leaf_count=20 5 7 6 6 11 6 52
internal_value=-2.36572e-05 0.0230383 -0.00281863 -0.000211625 0.00152454 0.00380647 0.00589499
internal_weight=113 12 101 95 89 78 72
internal_count=113 12 101 95 89 78 72
is_linear=0
shrinkage=0.03


end of trees

feature_importances:
core_base_clock_capacity=423
boost_clock_ghz=305
core_count=282
base_clock_ghz=244
core_boost_clock_capacity=242
tdp_watts=226
tdp_watts_per_core=213
thread_count=165
boost_capacity_per_watt=129
generation__zen__92e4accd=125
generation__comet_lake__993c0b06=79
generation__zen_4__ed8dd0a2=67
thread_core_ratio=54
generation__coffee_lake__51de7902=52
generation__zen_3__83374461=31
generation__alder_lake__341e868c=7
generation__zen_2__5598ab79=6
generation__raptor_lake__80029b0d=3

parameters:
[boosting: gbdt]
[objective: regression]
[metric: l2]
[tree_learner: serial]
[device_type: cpu]
[data_sample_strategy: bagging]
[data: ]
[valid: ]
[num_iterations: 379]
[learning_rate: 0.03]
[num_leaves: 8]
[num_threads: 1]
[seed: 20260722]
[deterministic: 1]
[force_col_wise: 1]
[force_row_wise: 0]
[histogram_pool_size: -1]
[max_depth: -1]
[min_data_in_leaf: 5]
[min_sum_hessian_in_leaf: 0.001]
[bagging_fraction: 1]
[pos_bagging_fraction: 1]
[neg_bagging_fraction: 1]
[bagging_freq: 0]
[bagging_seed: 20260722]
[bagging_by_query: 0]
[feature_fraction: 1]
[feature_fraction_bynode: 1]
[feature_fraction_seed: 20260722]
[extra_trees: 0]
[extra_seed: 20260722]
[early_stopping_round: 0]
[early_stopping_min_delta: 0]
[first_metric_only: 0]
[max_delta_step: 0]
[lambda_l1: 0.05]
[lambda_l2: 0.2]
[linear_lambda: 0]
[min_gain_to_split: 0]
[drop_rate: 0.1]
[max_drop: 50]
[skip_drop: 0.5]
[xgboost_dart_mode: 0]
[uniform_drop: 0]
[drop_seed: 20260722]
[top_rate: 0.2]
[other_rate: 0.1]
[min_data_per_group: 100]
[max_cat_threshold: 32]
[cat_l2: 10]
[cat_smooth: 10]
[max_cat_to_onehot: 4]
[top_k: 20]
[monotone_constraints: ]
[monotone_constraints_method: basic]
[monotone_penalty: 0]
[feature_contri: ]
[forcedsplits_filename: ]
[refit_decay_rate: 0.9]
[cegb_tradeoff: 1]
[cegb_penalty_split: 0]
[cegb_penalty_feature_lazy: ]
[cegb_penalty_feature_coupled: ]
[path_smooth: 0]
[interaction_constraints: ]
[verbosity: -1]
[saved_feature_importance_type: 0]
[use_quantized_grad: 0]
[num_grad_quant_bins: 4]
[quant_train_renew_leaf: 0]
[stochastic_rounding: 1]
[linear_tree: 0]
[max_bin: 255]
[max_bin_by_feature: ]
[min_data_in_bin: 3]
[bin_construct_sample_cnt: 200000]
[data_random_seed: 20260722]
[is_enable_sparse: 1]
[enable_bundle: 1]
[use_missing: 1]
[zero_as_missing: 0]
[feature_pre_filter: 1]
[pre_partition: 0]
[two_round: 0]
[header: 0]
[label_column: ]
[weight_column: ]
[group_column: ]
[ignore_column: ]
[categorical_feature: ]
[forcedbins_filename: ]
[precise_float_parser: 0]
[parser_config_file: ]
[objective_seed: 28388]
[num_class: 1]
[is_unbalance: 0]
[scale_pos_weight: 1]
[sigmoid: 1]
[boost_from_average: 1]
[reg_sqrt: 0]
[alpha: 0.9]
[fair_c: 1]
[poisson_max_delta_step: 0.7]
[tweedie_variance_power: 1.5]
[lambdarank_truncation_level: 30]
[lambdarank_norm: 1]
[label_gain: ]
[lambdarank_position_bias_regularization: 0]
[eval_at: ]
[multi_error_top_k: 1]
[auc_mu_weights: ]
[num_machines: 1]
[local_listen_port: 12400]
[time_out: 120]
[machine_list_filename: ]
[machines: ]
[gpu_platform_id: -1]
[gpu_device_id: -1]
[gpu_device_id_list: ]
[gpu_use_dp: 0]
[num_gpu: 1]

end of parameters

pandas_categorical:[]
