tree
version=v4
num_class=1
num_tree_per_iteration=1
label_index=0
max_feature_idx=4
objective=regression_l1
feature_names=core_count thread_count base_clock_ghz boost_clock_ghz tdp_watts
feature_infos=[4:32] [4:64] [2.1000000000000001:4.7000000000000002] [3.2999999999999998:6] [35:350]
tree_sizes=671 791 792 792 791 792 795 797 888 794 741 742 983 1004 986 1005 985 1001 982 979 982 982 979 981 980 982 982 980 911 1076 1007 1004 1003 1004 1006 1002 1002 902 1001 1118 1118 1113 1000 1000 1002 1001 1003 1116 1007 1188 1050 1186 1051 1123 1124 1128 1128 1129 1197 1219 1215 1220 1178 1207 1208 1206 1180 1205 1209 1209 1208 1208 1208 1208 1207 1206 1270 1249 1250 1250 1249 1251 1251 1252 1252 1187 1174 1265 1267 1282 1147 1266 1225 1226 1104 1199 1174 1174 1174 1289 1106 1173 1291 1202 1265 1207 1201 1207 1189 1227 1235 1199 1294 1213 1214 1229 1193 1193 1282 1196 1194

Tree=0
num_leaves=6
num_cat=0
split_feature=1 2 0 3 3
split_gain=60.5405 4.0697 3.72755 0.940745 0.0895217
threshold=14.000000000000002 3.2500000000000004 9.0000000000000018 4.6500000000000012 4.6500000000000012
decision_type=2 2 2 2 2
left_child=3 2 -2 -1 -3
right_child=1 4 -4 -5 -6
leaf_value=34.91050560474396 35.208711886405943 35.483678436279298 35.665730047225949 35.094122838974002 36.197412490844727
leaf_weight=34 6.0000000000000027 6.9999999999999991 11.999999999999998 8.9999999999999982 27
leaf_count=34 6 7 12 9 27
internal_value=35.3431 35.3612 35.3512 35.3213 35.3663
internal_weight=95 52 18 43 34
internal_count=95 52 18 43 34
is_linear=0
shrinkage=1


Tree=1
num_leaves=7
num_cat=0
split_feature=1 3 4 3 4 0
split_gain=52.6883 3.55833 2.16094 1.68283 2.44624 0.781898
threshold=14.000000000000002 4.4500000000000011 100.00000000000001 4.3500000000000005 86.000000000000014 9.0000000000000018
decision_type=2 2 2 2 2 2
left_child=3 -2 5 -1 -5 -3
right_child=1 2 -4 4 -6 -7
leaf_value=-0.45832010090351116 0.060018310546874967 0.2091588941216469 0.84332022666931161 -0.046658118367195203 -0.29744204610586172 0.24718474030494697
leaf_weight=25 8.9999999999999982 7.9999999999999991 27 10.000000000000002 7.9999999999999991 7.9999999999999991
leaf_count=25 9 8 27 10 8 8
internal_value=0.000248691 0.017119 0.0200862 -0.0200862 -0.0134459 0.0120455
internal_weight=95 52 43 43 18 16
internal_count=95 52 43 43 18 16
is_linear=0
shrinkage=0.025


Tree=2
num_leaves=7
num_cat=0
split_feature=1 3 4 3 4 0
split_gain=52.6883 3.55833 2.16094 1.68283 2.44624 0.781898
threshold=14.000000000000002 4.4500000000000011 100.00000000000001 4.3500000000000005 86.000000000000014 9.0000000000000018
decision_type=2 2 2 2 2 2
left_child=3 -2 5 -1 -5 -3
right_child=1 2 -4 4 -6 -7
leaf_value=-0.44686209838092328 0.058517852783203143 0.20392992176860567 0.82223722100257879 -0.045491665408015261 -0.29000599495321516 0.24100512179732336
leaf_weight=25 8.9999999999999982 7.9999999999999991 27 10.000000000000002 7.9999999999999991 7.9999999999999991
leaf_count=25 9 8 27 10 8 8
internal_value=0.000248691 0.017119 0.0200862 -0.0200862 -0.0134459 0.0120455
internal_weight=95 52 43 43 18 16
internal_count=95 52 43 43 18 16
is_linear=0
shrinkage=0.025


Tree=3
num_leaves=7
num_cat=0
split_feature=1 3 4 3 4 0
split_gain=52.6883 3.55833 2.16094 1.68283 2.44624 0.781898
threshold=14.000000000000002 4.4500000000000011 100.00000000000001 4.3500000000000005 86.000000000000014 9.0000000000000018
decision_type=2 2 2 2 2 2
left_child=3 -2 5 -1 -5 -3
right_child=1 2 -4 4 -6 -7
leaf_value=-0.43569054592140016 0.057054906463623038 0.19883167372439053 0.80168129047751424 -0.044354373772814884 -0.28275584507938484 0.23497999375239031
leaf_weight=25 8.9999999999999982 7.9999999999999991 27 10.000000000000002 7.9999999999999991 7.9999999999999991
leaf_count=25 9 8 27 10 8 8
internal_value=0.000248691 0.017119 0.0200862 -0.0200862 -0.0134459 0.0120455
internal_weight=95 52 43 43 18 16
internal_count=95 52 43 43 18 16
is_linear=0
shrinkage=0.025


Tree=4
num_leaves=7
num_cat=0
split_feature=1 3 4 3 4 0
split_gain=52.6883 3.55833 2.16094 1.68283 2.44624 0.781898
threshold=14.000000000000002 4.4500000000000011 100.00000000000001 4.3500000000000005 86.000000000000014 9.0000000000000018
decision_type=2 2 2 2 2 2
left_child=3 -2 5 -1 -5 -3
right_child=1 2 -4 4 -6 -7
leaf_value=-0.42479828227336508 0.055628533802032545 0.19386088188128073 0.78163925821557645 -0.043245514428494586 -0.2756869489524002 0.22910549390858057
leaf_weight=25 8.9999999999999982 7.9999999999999991 27 10.000000000000002 7.9999999999999991 7.9999999999999991
leaf_count=25 9 8 27 10 8 8
internal_value=0.000248691 0.017119 0.0200862 -0.0200862 -0.0134459 0.0120455
internal_weight=95 52 43 43 18 16
internal_count=95 52 43 43 18 16
is_linear=0
shrinkage=0.025


Tree=5
num_leaves=7
num_cat=0
split_feature=1 3 4 3 4 0
split_gain=52.6883 3.55833 2.16094 1.68283 2.44624 0.781898
threshold=14.000000000000002 4.4500000000000011 100.00000000000001 4.3500000000000005 86.000000000000014 9.0000000000000018
decision_type=2 2 2 2 2 2
left_child=3 -2 5 -1 -5 -3
right_child=1 2 -4 4 -6 -7
leaf_value=-0.41417832521653097 0.054237820456981646 0.18901435983424877 0.76209827676018704 -0.042164376567782297 -0.26879477522859024 0.22337785656086595
leaf_weight=25 8.9999999999999982 7.9999999999999991 27 10.000000000000002 7.9999999999999991 7.9999999999999991
leaf_count=25 9 8 27 10 8 8
internal_value=0.000248691 0.017119 0.0200862 -0.0200862 -0.0134459 0.0120455
internal_weight=95 52 43 43 18 16
internal_count=95 52 43 43 18 16
is_linear=0
shrinkage=0.025


Tree=6
num_leaves=7
num_cat=0
split_feature=1 2 0 3 4 4
split_gain=50.0254 4.88912 5.15715 1.68283 2.44624 0.613017
threshold=14.000000000000002 3.2500000000000004 11.000000000000002 4.3500000000000005 86.000000000000014 115.00000000000001
decision_type=2 2 2 2 2 2
left_child=3 2 -2 -1 -5 -3
right_child=1 5 -4 4 -6 -7
leaf_value=-0.40382386708611762 -0.10921540943323382 0.1477135436826881 0.81971039089025255 -0.041110267153587725 -0.26207490584787546 0.73266393049792067
leaf_weight=25 9.0000000000000018 10.999999999999998 8.9999999999999982 10.000000000000002 7.9999999999999991 23
leaf_count=25 9 11 9 10 8 23
internal_value=-0.000248691 0.0161667 0.00533784 -0.0200862 -0.0134459 0.0217029
internal_weight=95 52 18 43 18 34
internal_count=95 52 18 43 18 34
is_linear=0
shrinkage=0.025


Tree=7
num_leaves=7
num_cat=0
split_feature=1 0 2 3 4 2
split_gain=50.0254 4.88912 2.97564 1.68283 2.44624 0.991001
threshold=14.000000000000002 9.0000000000000018 3.5500000000000003 4.3500000000000005 86.000000000000014 3.0500000000000003
decision_type=2 2 2 2 2 2
left_child=3 2 -2 -1 -5 -3
right_child=1 5 -4 4 -6 -7
leaf_value=-0.39372827040896469 -0.078969224594544418 0.15928035666197202 0.10221951480503799 -0.040082510474748118 -0.25552303320167857 0.81040331673254296
leaf_weight=25 8.0000000000000018 8.9999999999999982 9.9999999999999982 10.000000000000002 7.9999999999999991 25
leaf_count=25 8 9 10 10 8 25
internal_value=-0.000248691 0.0161667 0.00533784 -0.0200862 -0.0134459 0.0217029
internal_weight=95 52 18 43 18 34
internal_count=95 52 18 43 18 34
is_linear=0
shrinkage=0.025


Tree=8
num_leaves=8
num_cat=0
split_feature=1 0 2 1 3 2 2
split_gain=41.4552 5.08681 5.02199 3.86865 2.60742 0.178 0.00043672
threshold=14.000000000000002 11.000000000000002 3.2500000000000004 10.000000000000002 4.3500000000000005 3.0500000000000003 3.6500000000000008
decision_type=2 2 2 2 2 2 2
left_child=3 2 -2 -1 -5 -3 -4
right_child=1 5 6 4 -6 -7 -8
leaf_value=-0.40963085873914817 -0.11046703311395234 0.52489885119009438 0.11338370548807603 -0.19394723367742711 -0.0012567991206176466 1.0176461743928134 0.25175355104445407
leaf_weight=24 9.0000000000000018 6.0000000000000027 7.9999999999999991 9.0000000000000018 9.9999999999999982 21 7.9999999999999991
leaf_count=24 9 6 8 9 10 21 8
internal_value=0.000248691 0.0152143 0.00681373 -0.0177874 -0.00891026 0.0226818 0.0150758
internal_weight=95 52 25 43 19 27 16
internal_count=95 52 25 43 19 27 16
is_linear=0
shrinkage=0.025


Tree=9
num_leaves=7
num_cat=0
split_feature=1 3 1 0 2 3
split_gain=39.0971 5.02999 3.86865 3.1184 3.23974 2.60742
threshold=14.000000000000002 4.4500000000000011 10.000000000000002 11.000000000000002 3.5500000000000003 4.3500000000000005
decision_type=2 2 2 2 2 2
left_child=2 -2 -1 4 -3 -4
right_child=1 3 5 -5 -6 -7
leaf_value=-0.39939008727066949 -0.011135960595024842 0.078610942152372951 -0.18909855283549143 1.0641556980261719 0.13863062458329303 -0.00122537914260219
leaf_weight=24 8.9999999999999982 10.000000000000002 9.0000000000000018 22 10.999999999999998 9.9999999999999982
leaf_count=24 9 10 9 22 11 10
internal_value=-0.000248691 0.0142619 -0.0177874 0.0177874 0.010407 -0.00891026
internal_weight=95 52 43 43 21 19
internal_count=95 52 43 43 21 19
is_linear=0
shrinkage=0.025


Tree=10
num_leaves=7
num_cat=0
split_feature=3 1 0 2 1 2
split_gain=36.3584 13.9312 4.05548 4.77438 2.25135 0.540276
threshold=4.3500000000000005 14.000000000000002 11.000000000000002 3.2500000000000004 10.000000000000002 3.6500000000000008
decision_type=2 2 2 2 2 2
left_child=-1 4 3 -3 -2 -5
right_child=1 2 -4 5 -6 -7
leaf_value=-0.32794605809541894 -0.2491677603913508 -0.05623702183112389 0.96560112758233874 0.1089554295510208 -0.0011947446640371063 0.25621542416230536
leaf_weight=29 8 8.0000000000000018 25 7.9999999999999982 10 7
leaf_count=29 8 8 25 8 10 7
internal_value=0.000248691 0.0105075 0.0175 0.00952128 -0.00804054 0.0176613
internal_weight=95 66 48 23 18 15
internal_count=95 66 48 23 18 15
is_linear=0
shrinkage=0.025


Tree=11
num_leaves=7
num_cat=0
split_feature=3 1 0 2 1 2
split_gain=36.3584 13.9312 4.05548 4.77438 2.25135 0.540276
threshold=4.3500000000000005 14.000000000000002 11.000000000000002 3.2500000000000004 10.000000000000002 3.6500000000000008
decision_type=2 2 2 2 2 2
left_child=-1 4 3 -3 -2 -5
right_child=1 2 -4 5 -6 -7
leaf_value=-0.31974740664303347 -0.24293856638156699 -0.054831096285345819 0.94146109939278022 0.1062315438122452 -0.001164876047436092 0.24981003855824771
leaf_weight=29 8 8.0000000000000018 25 7.9999999999999982 10 7
leaf_count=29 8 8 25 8 10 7
internal_value=0.000248691 0.0105075 0.0175 0.00952128 -0.00804054 0.0176613
internal_weight=95 66 48 23 18 15
internal_count=95 66 48 23 18 15
is_linear=0
shrinkage=0.025


Tree=12
num_leaves=9
num_cat=0
split_feature=1 0 1 2 2 4 2 3
split_gain=33.6912 6.51158 4.22534 3.78562 2.98694 0.781898 0.178 0.0188776
threshold=14.000000000000002 11.000000000000002 10.000000000000002 3.2500000000000004 3.4500000000000006 115.00000000000001 3.0500000000000003 4.5500000000000007
decision_type=2 2 2 2 2 2 2 2
left_child=2 3 7 -2 -4 -5 -3 -1
right_child=1 6 4 5 -6 -7 -8 -9
leaf_value=-0.4102430536760544 -0.10689392788700119 0.43749593178530977 -0.18046481940511505 0.094770139050523214 0.00088760433828447569 0.20219682117375673 0.91792457190796073 -0.23048756930235437
leaf_weight=17.000000000000004 9.0000000000000018 6.0000000000000027 8.0000000000000018 7.9999999999999973 10.999999999999998 8 21 6.9999999999999991
leaf_count=17 9 6 8 8 11 8 21 7
internal_value=0.000772251 0.0142619 -0.0154885 0.00485294 -0.00634615 0.0120455 0.0226818 -0.022398
internal_weight=95 52 43 25 19 16 27 24
internal_count=95 52 43 25 19 16 27 24
is_linear=0
shrinkage=0.025


Tree=13
num_leaves=9
num_cat=0
split_feature=1 0 1 2 2 3 2 3
split_gain=33.6912 5.76333 4.22534 2.98694 1.72776 1.15324 0.0453016 0.0188776
threshold=14.000000000000002 9.0000000000000018 10.000000000000002 3.4500000000000006 3.5500000000000003 4.6500000000000012 3.1500000000000008 4.5500000000000007
decision_type=2 2 2 2 2 2 2 2
left_child=2 4 7 -4 -2 -3 -7 -1
right_child=1 5 3 -5 -6 6 -8 -9
leaf_value=-0.399986977334153 -0.073659844677718841 0.27141995554482679 -0.17595319891998715 0.00086541422982744365 0.078906803159821959 0.15622176247932451 0.78396670561320603 -0.22472538006979548
leaf_weight=17.000000000000004 8.0000000000000018 6.9999999999999991 8.0000000000000018 10.999999999999998 9.9999999999999982 7.0000000000000027 20 6.9999999999999991
leaf_count=17 8 7 8 11 10 7 20 7
internal_value=0.000772251 0.0142619 -0.0154885 -0.00634615 0.00263514 0.0202536 0.0226818 -0.022398
internal_weight=95 52 43 19 18 34 27 24
internal_count=95 52 43 19 18 34 27 24
is_linear=0
shrinkage=0.025


Tree=14
num_leaves=9
num_cat=0
split_feature=1 0 1 2 2 3 4 3
split_gain=31.5672 5.23365 4.22534 3.78562 2.98694 1.84625 0.781898 0.0188776
threshold=14.000000000000002 11.000000000000002 10.000000000000002 3.2500000000000004 3.4500000000000006 4.6500000000000012 115.00000000000001 4.5500000000000007
decision_type=2 2 2 2 2 2 2 2
left_child=2 3 7 -2 -4 -3 -5 -1
right_child=1 5 4 6 -6 -7 -8 -9
leaf_value=-0.38998730290079919 -0.10812712375180933 0.38672013668499394 -0.17155436894698745 0.090428215495264475 0.00084377887408173537 0.87537728996993158 0.18826306488271927 -0.21910724556805061
leaf_weight=17.000000000000004 9.0000000000000018 6.0000000000000027 8.0000000000000018 7.9999999999999973 10.999999999999998 21 8 6.9999999999999991
leaf_count=17 9 6 8 8 11 21 8 7
internal_value=0.000248691 0.0133095 -0.0154885 0.00485294 -0.00634615 0.0208636 0.0120455 -0.022398
internal_weight=95 52 43 25 19 27 16 24
internal_count=95 52 43 25 19 27 16 24
is_linear=0
shrinkage=0.025


Tree=15
num_leaves=9
num_cat=0
split_feature=1 0 1 2 2 3 2 3
split_gain=33.6912 5.76333 4.22534 2.98694 1.72776 1.15324 0.0453016 0.0188776
threshold=14.000000000000002 9.0000000000000018 10.000000000000002 3.4500000000000006 3.5500000000000003 4.6500000000000012 3.1500000000000008 4.5500000000000007
decision_type=2 2 2 2 2 2 2 2
left_child=2 4 7 -4 -2 -3 -7 -1
right_child=1 5 3 -5 -6 6 -8 -9
leaf_value=-0.38023762032827924 -0.072820047824912235 0.25992788003413808 -0.16726550972331272 0.0008226844022296121 0.073450492076101534 0.13043178616809303 0.74248310572362763 -0.21362956442884934
leaf_weight=17.000000000000004 8.0000000000000018 6.9999999999999991 8.0000000000000018 10.999999999999998 9.9999999999999982 7.0000000000000027 20 6.9999999999999991
leaf_count=17 8 7 8 11 10 7 20 7
internal_value=0.000772251 0.0142619 -0.0154885 -0.00634615 0.00263514 0.0202536 0.0226818 -0.022398
internal_weight=95 52 43 19 18 34 27 24
internal_count=95 52 43 19 18 34 27 24
is_linear=0
shrinkage=0.025


Tree=16
num_leaves=9
num_cat=0
split_feature=1 0 1 2 2 3 4 3
split_gain=31.5672 5.23365 4.22534 3.78562 2.98694 1.84625 0.781898 0.0188776
threshold=14.000000000000002 11.000000000000002 10.000000000000002 3.2500000000000004 3.4500000000000006 4.6500000000000012 115.00000000000001 4.5500000000000007
decision_type=2 2 2 2 2 2 2 2
left_child=2 3 7 -2 -4 -3 -5 -1
right_child=1 5 4 6 -6 -7 -8 -9
leaf_value=-0.37073167982007221 -0.10868474031221656 0.3705539362670156 -0.16308387198022994 0.086331247805980393 0.00080211729217385399 0.83493078007759258 0.17518570003691736 -0.20828882531812809
leaf_weight=17.000000000000004 9.0000000000000018 6.0000000000000027 8.0000000000000018 7.9999999999999973 10.999999999999998 21 8 6.9999999999999991
leaf_count=17 9 6 8 8 11 21 8 7
internal_value=0.000248691 0.0133095 -0.0154885 0.00485294 -0.00634615 0.0208636 0.0120455 -0.022398
internal_weight=95 52 43 25 19 27 16 24
internal_count=95 52 43 25 19 27 16 24
is_linear=0
shrinkage=0.025


Tree=17
num_leaves=9
num_cat=0
split_feature=1 0 1 2 2 2 3 3
split_gain=31.5672 4.84441 4.22534 2.98694 2.05214 1.72776 0.160897 0.0188776
threshold=14.000000000000002 9.0000000000000018 10.000000000000002 3.4500000000000006 3.0500000000000003 3.5500000000000003 4.7500000000000009 4.5500000000000007
decision_type=2 2 2 2 2 2 2 2
left_child=2 5 7 -4 -3 -2 -6 -1
right_child=1 4 3 -5 6 -7 -8 -9
leaf_value=-0.36146338782457044 -0.071830808625848258 0.10629772201195085 -0.15900677518072417 0.0007820643598694943 0.41342736850269318 0.068345267926162828 0.59203800658154149 -0.20308160468517489
leaf_weight=17.000000000000004 8.0000000000000018 8.9999999999999982 8.0000000000000018 10.999999999999998 6.0000000000000027 9.9999999999999982 19 6.9999999999999991
leaf_count=17 8 9 8 11 6 10 19 7
internal_value=0.000248691 0.0133095 -0.0154885 -0.00634615 0.0188043 0.00263514 0.0225 -0.022398
internal_weight=95 52 43 19 34 18 25 24
internal_count=95 52 43 19 34 18 25 24
is_linear=0
shrinkage=0.025


Tree=18
num_leaves=9
num_cat=0
split_feature=3 4 1 0 3 2 2 2
split_gain=29.7179 13.5573 4.60828 1.91858 1.28813 0.892187 0.187185 0.0534815
threshold=4.3500000000000005 100.00000000000001 10.000000000000002 9.0000000000000018 5.0500000000000007 3.5500000000000003 3.6500000000000008 2.9500000000000006
decision_type=2 2 2 2 2 2 2 2
left_child=5 2 -2 -3 6 -1 7 -4
right_child=1 3 4 -5 -6 -7 -8 -9
leaf_value=-0.29452332259917097 -0.20438209748771899 0.053903844327374009 0.040912017014020211 0.57449533812476672 0.56476532414509151 -0.25393747092985947 -0.0032842042181966849 0.018388902929020113
leaf_weight=20.000000000000004 7.9999999999999991 6.0000000000000027 6.0000000000000053 24 7.9999999999999991 8.9999999999999982 6.9999999999999991 7
leaf_count=20 8 6 6 24 8 9 7 7
internal_value=-0.000248691 0.00900376 -0.00133562 0.0212705 0.00346491 -0.0211441 0 0.00175926
internal_weight=95 66 36 30 28 29 20 13
internal_count=95 66 36 30 28 29 20 13
is_linear=0
shrinkage=0.025


Tree=19
num_leaves=9
num_cat=0
split_feature=3 4 1 0 3 2 2 2
split_gain=29.7179 13.5573 4.60828 1.91858 1.28813 0.892187 0.187185 0.0534815
threshold=4.3500000000000005 100.00000000000001 10.000000000000002 9.0000000000000018 5.0500000000000007 3.5500000000000003 3.6500000000000008 2.9500000000000006
decision_type=2 2 2 2 2 2 2 2
left_child=5 2 -2 -3 6 -1 7 -4
right_child=1 3 4 -5 -6 -7 -8 -9
leaf_value=-0.28716023953419167 -0.199272545050526 0.052556248219189694 0.039889216588669646 0.56013295467164748 0.55064619104146428 -0.24758903415661299 -0.0032020991127417633 0.01792918035579465
leaf_weight=20.000000000000004 7.9999999999999991 6.0000000000000027 6.0000000000000053 24 7.9999999999999991 8.9999999999999982 6.9999999999999991 7
leaf_count=20 8 6 6 24 8 9 7 7
internal_value=-0.000248691 0.00900376 -0.00133562 0.0212705 0.00346491 -0.0211441 0 0.00175926
internal_weight=95 66 36 30 28 29 20 13
internal_count=95 66 36 30 28 29 20 13
is_linear=0
shrinkage=0.025


Tree=20
num_leaves=9
num_cat=0
split_feature=3 4 1 0 3 2 2 2
split_gain=29.7179 13.5573 4.60828 1.91858 1.28813 0.892187 0.187185 0.0534815
threshold=4.3500000000000005 100.00000000000001 10.000000000000002 9.0000000000000018 5.0500000000000007 3.5500000000000003 3.6500000000000008 2.9500000000000006
decision_type=2 2 2 2 2 2 2 2
left_child=5 2 -2 -3 6 -1 7 -4
right_child=1 3 4 -5 -6 -7 -8 -9
leaf_value=-0.27998123354583687 -0.19429073142426284 0.051242342013709946 0.038891986173952911 0.54612963080485633 0.53688003626542757 -0.24139930830269771 -0.0031220466349232371 0.017480950846899823
leaf_weight=20.000000000000004 7.9999999999999991 6.0000000000000027 6.0000000000000053 24 7.9999999999999991 8.9999999999999982 6.9999999999999991 7
leaf_count=20 8 6 6 24 8 9 7 7
internal_value=-0.000248691 0.00900376 -0.00133562 0.0212705 0.00346491 -0.0211441 0 0.00175926
internal_weight=95 66 36 30 28 29 20 13
internal_count=95 66 36 30 28 29 20 13
is_linear=0
shrinkage=0.025


Tree=21
num_leaves=9
num_cat=0
split_feature=3 4 1 0 3 2 2 2
split_gain=29.7179 13.5573 4.60828 1.91858 1.28813 0.892187 0.187185 0.0534815
threshold=4.3500000000000005 100.00000000000001 10.000000000000002 9.0000000000000018 5.0500000000000007 3.5500000000000003 3.6500000000000008 2.9500000000000006
decision_type=2 2 2 2 2 2 2 2
left_child=5 2 -2 -3 6 -1 7 -4
right_child=1 3 4 -5 -6 -7 -8 -9
leaf_value=-0.27298170270719097 -0.18943346313865625 0.049961283463367236 0.037919686519604139 0.53247639003473501 0.52345803535879187 -0.23536432559513029 -0.0030439954690502091 0.017043927075727262
leaf_weight=20.000000000000004 7.9999999999999991 6.0000000000000027 6.0000000000000053 24 7.9999999999999991 8.9999999999999982 6.9999999999999991 7
leaf_count=20 8 6 6 24 8 9 7 7
internal_value=-0.000248691 0.00900376 -0.00133562 0.0212705 0.00346491 -0.0211441 0 0.00175926
internal_weight=95 66 36 30 28 29 20 13
internal_count=95 66 36 30 28 29 20 13
is_linear=0
shrinkage=0.025


Tree=22
num_leaves=9
num_cat=0
split_feature=3 4 1 0 3 2 2 2
split_gain=29.7179 13.5573 4.60828 1.91858 1.28813 0.892187 0.187185 0.0534815
threshold=4.3500000000000005 100.00000000000001 10.000000000000002 9.0000000000000018 5.0500000000000007 3.5500000000000003 3.6500000000000008 2.9500000000000006
decision_type=2 2 2 2 2 2 2 2
left_child=5 2 -2 -3 6 -1 7 -4
right_child=1 3 4 -5 -6 -7 -8 -9
leaf_value=-0.26615716013951118 -0.18469762656018984 0.048712251376783033 0.03697169435661412 0.51916448028386653 0.510371584474822 -0.22948021745525199 -0.0029678955823239763 0.016617828898834119
leaf_weight=20.000000000000004 7.9999999999999991 6.0000000000000027 6.0000000000000053 24 7.9999999999999991 8.9999999999999982 6.9999999999999991 7
leaf_count=20 8 6 6 24 8 9 7 7
internal_value=-0.000248691 0.00900376 -0.00133562 0.0212705 0.00346491 -0.0211441 0 0.00175926
internal_weight=95 66 36 30 28 29 20 13
internal_count=95 66 36 30 28 29 20 13
is_linear=0
shrinkage=0.025


Tree=23
num_leaves=9
num_cat=0
split_feature=3 4 1 0 3 2 2 2
split_gain=29.7179 13.5573 4.60828 1.91858 1.28813 0.892187 0.187185 0.0534815
threshold=4.3500000000000005 100.00000000000001 10.000000000000002 9.0000000000000018 5.0500000000000007 3.5500000000000003 3.6500000000000008 2.9500000000000006
decision_type=2 2 2 2 2 2 2 2
left_child=5 2 -2 -3 6 -1 7 -4
right_child=1 3 4 -5 -6 -7 -8 -9
leaf_value=-0.25950323113602342 -0.1800801858961851 0.047494445092363426 0.036047401997698715 0.50618536827676974 0.49761229486295139 -0.22374321201887071 -0.0028936981927659036 0.016202383176363355
leaf_weight=20.000000000000004 7.9999999999999991 6.0000000000000027 6.0000000000000053 24 7.9999999999999991 8.9999999999999982 6.9999999999999991 7
leaf_count=20 8 6 6 24 8 9 7 7
internal_value=-0.000248691 0.00900376 -0.00133562 0.0212705 0.00346491 -0.0211441 0 0.00175926
internal_weight=95 66 36 30 28 29 20 13
internal_count=95 66 36 30 28 29 20 13
is_linear=0
shrinkage=0.025


Tree=24
num_leaves=9
num_cat=0
split_feature=3 4 1 0 3 2 2 2
split_gain=29.7179 13.5573 4.60828 1.91858 1.28813 0.892187 0.187185 0.0534815
threshold=4.3500000000000005 100.00000000000001 10.000000000000002 9.0000000000000018 5.0500000000000007 3.5500000000000003 3.6500000000000008 2.9500000000000006
decision_type=2 2 2 2 2 2 2 2
left_child=5 2 -2 -3 6 -1 7 -4
right_child=1 3 4 -5 -6 -7 -8 -9
leaf_value=-0.25301565035762286 -0.1755781812487805 0.046307083965054389 0.035146216947756236 0.4935307340698506 0.48517198749137758 -0.21814963171839896 -0.0028213557379467959 0.015797323596954273
leaf_weight=20.000000000000004 7.9999999999999991 6.0000000000000027 6.0000000000000053 24 7.9999999999999991 8.9999999999999982 6.9999999999999991 7
leaf_count=20 8 6 6 24 8 9 7 7
internal_value=-0.000248691 0.00900376 -0.00133562 0.0212705 0.00346491 -0.0211441 0 0.00175926
internal_weight=95 66 36 30 28 29 20 13
internal_count=95 66 36 30 28 29 20 13
is_linear=0
shrinkage=0.025


Tree=25
num_leaves=9
num_cat=0
split_feature=3 4 1 0 3 2 2 2
split_gain=29.7179 13.5573 4.60828 1.91858 1.28813 0.892187 0.187185 0.0534815
threshold=4.3500000000000005 100.00000000000001 10.000000000000002 9.0000000000000018 5.0500000000000007 3.5500000000000003 3.6500000000000008 2.9500000000000006
decision_type=2 2 2 2 2 2 2 2
left_child=5 2 -2 -3 6 -1 7 -4
right_child=1 3 4 -5 -6 -7 -8 -9
leaf_value=-0.24669025909868234 -0.17118872671756097 0.045149406865928034 0.034267561524062275 0.48119246571810437 0.47304268780409314 -0.21269589092543895 -0.0027508218444980415 0.015402390507030362
leaf_weight=20.000000000000004 7.9999999999999991 6.0000000000000027 6.0000000000000053 24 7.9999999999999991 8.9999999999999982 6.9999999999999991 7
leaf_count=20 8 6 6 24 8 9 7 7
internal_value=-0.000248691 0.00900376 -0.00133562 0.0212705 0.00346491 -0.0211441 0 0.00175926
internal_weight=95 66 36 30 28 29 20 13
internal_count=95 66 36 30 28 29 20 13
is_linear=0
shrinkage=0.025


Tree=26
num_leaves=9
num_cat=0
split_feature=3 4 1 0 3 2 2 2
split_gain=29.7179 13.5573 4.60828 1.91858 1.28813 0.892187 0.187185 0.0534815
threshold=4.3500000000000005 100.00000000000001 10.000000000000002 9.0000000000000018 5.0500000000000007 3.5500000000000003 3.6500000000000008 2.9500000000000006
decision_type=2 2 2 2 2 2 2 2
left_child=5 2 -2 -3 6 -1 7 -4
right_child=1 3 4 -5 -6 -7 -8 -9
leaf_value=-0.24052300262121529 -0.16690900854962198 0.044020671694279749 0.033410872485960752 0.46916265407515179 0.46121662060899071 -0.20737849365230299 -0.0026820512983855242 0.015017330744354674
leaf_weight=20.000000000000004 7.9999999999999991 6.0000000000000027 6.0000000000000053 24 7.9999999999999991 8.9999999999999982 6.9999999999999991 7
leaf_count=20 8 6 6 24 8 9 7 7
internal_value=-0.000248691 0.00900376 -0.00133562 0.0212705 0.00346491 -0.0211441 0 0.00175926
internal_weight=95 66 36 30 28 29 20 13
internal_count=95 66 36 30 28 29 20 13
is_linear=0
shrinkage=0.025


Tree=27
num_leaves=9
num_cat=0
split_feature=3 4 1 0 3 2 2 2
split_gain=29.7179 13.5573 4.60828 1.91858 1.28813 0.892187 0.187185 0.0534815
threshold=4.3500000000000005 100.00000000000001 10.000000000000002 9.0000000000000018 5.0500000000000007 3.5500000000000003 3.6500000000000008 2.9500000000000006
decision_type=2 2 2 2 2 2 2 2
left_child=5 2 -2 -3 6 -1 7 -4
right_child=1 3 4 -5 -6 -7 -8 -9
leaf_value=-0.23450992755568489 -0.16273628333588139 0.04292015490192283 0.03257560067381178 0.45743358772327308 0.44968620509376589 -0.20219403131099539 -0.0026150000159258727 0.014641897475745758
leaf_weight=20.000000000000004 7.9999999999999991 6.0000000000000027 6.0000000000000053 24 7.9999999999999991 8.9999999999999982 6.9999999999999991 7
leaf_count=20 8 6 6 24 8 9 7 7
internal_value=-0.000248691 0.00900376 -0.00133562 0.0212705 0.00346491 -0.0211441 0 0.00175926
internal_weight=95 66 36 30 28 29 20 13
internal_count=95 66 36 30 28 29 20 13
is_linear=0
shrinkage=0.025


Tree=28
num_leaves=8
num_cat=0
split_feature=1 4 1 2 0 2 3
split_gain=31.5672 5.88319 4.22534 2.98694 2.68173 1.31183 0.0188776
threshold=14.000000000000002 115.00000000000001 10.000000000000002 3.4500000000000006 11.000000000000002 3.5500000000000003 4.5500000000000007
decision_type=2 2 2 2 2 2 2
left_child=2 4 6 -4 5 -2 -1
right_child=1 -3 3 -5 -6 -7 -8
leaf_value=-0.28655065989657791 -0.12807912101580179 0.37289117301798425 -0.089155462568827837 0.0014970919535418404 0.51799254680568729 0.074379461818593215 -0.15229034333281088
leaf_weight=17.000000000000004 9.0000000000000053 28 8.0000000000000018 10.999999999999998 6.9999999999999991 7.9999999999999991 6.9999999999999991
leaf_count=17 9 28 8 11 7 8 7
internal_value=0.000248691 0.0133095 -0.0154885 -0.00634615 0.00403061 -0.00135714 -0.022398
internal_weight=95 52 43 19 24 17 24
internal_count=95 52 43 19 24 17 24
is_linear=0
shrinkage=0.025


Tree=29
num_leaves=10
num_cat=0
split_feature=3 4 1 0 3 2 2 3 2
split_gain=28.2558 11.6657 4.60828 1.44377 1.28813 0.892187 0.187185 0.151328 0.0534815
threshold=4.3500000000000005 100.00000000000001 10.000000000000002 9.0000000000000018 5.0500000000000007 3.5500000000000003 3.6500000000000008 4.7500000000000009 2.9500000000000006
decision_type=2 2 2 2 2 2 2 2 2
left_child=5 2 -2 -3 6 -1 8 -5 -4
right_child=1 3 4 7 -6 -7 -8 -9 -10
leaf_value=-0.22148341286937834 -0.15486061766916404 0.036256268093917576 0.018811396986824394 0.54596178271939999 0.43103939985861817 -0.18997541403080609 -0.002587052314366112 0.43667546870474166 0.014238422740013591
leaf_weight=20.000000000000004 7.9999999999999991 6.0000000000000027 6.0000000000000053 6.0000000000000027 7.9999999999999991 8.9999999999999982 6.9999999999999991 18 7
leaf_count=20 8 6 6 6 8 9 7 18 7
internal_value=-0.000772251 0.00825188 -0.00133562 0.0196311 0.00346491 -0.0211441 0 0.022398 0.00175926
internal_weight=95 66 36 30 28 29 20 24 13
internal_count=95 66 36 30 28 29 20 24 13
is_linear=0
shrinkage=0.025


Tree=30
num_leaves=9
num_cat=0
split_feature=1 2 1 1 2 2 3 3
split_gain=27.5312 5.73253 5.37483 4.22534 3.25821 2.98694 1.39447 0.0188776
threshold=14.000000000000002 3.1500000000000008 18.000000000000004 10.000000000000002 2.5500000000000003 3.4500000000000006 4.9500000000000011 4.5500000000000007
decision_type=2 2 2 2 2 2 2 2
left_child=3 4 6 7 -2 -5 -3 -1
right_child=1 2 -4 5 -6 -7 -8 -9
leaf_value=-0.27384980807742904 0.13004031027950766 -0.00071825866073602649 0.53856283915487102 -0.081389490682872628 -0.18908673699566131 0.001524340962562576 0.08031565188225348 -0.14461156930776148
leaf_weight=17.000000000000004 8.9999999999999982 6.9999999999999991 22 8.0000000000000018 5.9999999999999991 10.999999999999998 7.9999999999999991 6.9999999999999991
leaf_count=17 9 7 22 8 6 11 8 7
internal_value=-0.000772251 0.0114048 0.0166333 -0.0154885 -0.00153226 -0.00634615 0.00475806 -0.022398
internal_weight=95 52 37 43 15 19 15 24
internal_count=95 52 37 43 15 19 15 24
is_linear=0
shrinkage=0.025


Tree=31
num_leaves=9
num_cat=0
split_feature=3 0 1 2 2 0 2 3
split_gain=26.8302 11.2486 4.87467 1.78865 1.68615 1.06086 0.892187 0.0479202
threshold=4.3500000000000005 11.000000000000002 10.000000000000002 3.1500000000000008 3.2500000000000004 7.0000000000000009 3.5500000000000003 4.9500000000000011
decision_type=2 2 2 2 2 2 2 2
left_child=6 2 -2 -3 -4 -6 -1 -7
right_child=1 3 4 -5 5 7 -8 -9
leaf_value=-0.20910008234570815 -0.14737381299474084 0.28441705331744499 -0.13409318879452137 0.81123741049331954 -0.00053712604603619598 0.037222746300970846 -0.17837978347810024 0.047472531974801419
leaf_weight=20.000000000000004 7.9999999999999991 6.0000000000000027 9.9999999999999982 19 8.0000000000000018 5.9999999999999991 8.9999999999999982 8.9999999999999982
leaf_count=20 8 6 10 19 8 6 9 9
internal_value=-0.00129581 0.0075 -0.000572289 0.0205392 0.00369403 0.00739362 -0.0211441 0.0112097
internal_weight=95 66 41 25 33 23 29 15
internal_count=95 66 41 25 33 23 29 15
is_linear=0
shrinkage=0.025


Tree=32
num_leaves=9
num_cat=0
split_feature=3 0 1 2 2 0 2 3
split_gain=26.8302 11.2486 4.87467 1.78865 1.68615 1.06086 0.892187 0.0479202
threshold=4.3500000000000005 11.000000000000002 10.000000000000002 3.1500000000000008 3.2500000000000004 7.0000000000000009 3.5500000000000003 4.9500000000000011
decision_type=2 2 2 2 2 2 2 2
left_child=6 2 -2 -3 -4 -6 -1 -7
right_child=1 3 4 -5 5 7 -8 -9
leaf_value=-0.20387258028706548 -0.14368946766987234 0.27730662698450875 -0.13074085907465829 0.79095647523098656 -0.00052369789488535543 0.03629217764344661 -0.17392028889114775 0.046285718675431298
leaf_weight=20.000000000000004 7.9999999999999991 6.0000000000000027 9.9999999999999982 19 8.0000000000000018 5.9999999999999991 8.9999999999999982 8.9999999999999982
leaf_count=20 8 6 10 19 8 6 9 9
internal_value=-0.00129581 0.0075 -0.000572289 0.0205392 0.00369403 0.00739362 -0.0211441 0.0112097
internal_weight=95 66 41 25 33 23 29 15
internal_count=95 66 41 25 33 23 29 15
is_linear=0
shrinkage=0.025


Tree=33
num_leaves=9
num_cat=0
split_feature=3 0 1 2 2 0 2 3
split_gain=26.8302 11.2486 4.87467 1.78865 1.68615 1.06086 0.892187 0.0479202
threshold=4.3500000000000005 11.000000000000002 10.000000000000002 3.1500000000000008 3.2500000000000004 7.0000000000000009 3.5500000000000003 4.9500000000000011
decision_type=2 2 2 2 2 2 2 2
left_child=6 2 -2 -3 -4 -6 -1 -7
right_child=1 3 4 -5 5 7 -8 -9
leaf_value=-0.19877576577988887 -0.14009723097812551 0.27037396130989599 -0.12747233759779189 0.77118256335021196 -0.00051060544751324599 0.035384873202360459 -0.16957228166886909 0.045128575708545428
leaf_weight=20.000000000000004 7.9999999999999991 6.0000000000000027 9.9999999999999982 19 8.0000000000000018 5.9999999999999991 8.9999999999999982 8.9999999999999982
leaf_count=20 8 6 10 19 8 6 9 9
internal_value=-0.00129581 0.0075 -0.000572289 0.0205392 0.00369403 0.00739362 -0.0211441 0.0112097
internal_weight=95 66 41 25 33 23 29 15
internal_count=95 66 41 25 33 23 29 15
is_linear=0
shrinkage=0.025


Tree=34
num_leaves=9
num_cat=0
split_feature=1 2 1 1 2 2 3 3
split_gain=27.5312 5.73253 5.37483 4.22534 3.25821 2.98694 1.39447 0.0188776
threshold=14.000000000000002 3.1500000000000008 18.000000000000004 10.000000000000002 2.5500000000000003 3.4500000000000006 4.9500000000000011 4.5500000000000007
decision_type=2 2 2 2 2 2 2 2
left_child=3 4 6 7 -2 -5 -3 -1
right_child=1 2 -4 5 -6 -7 -8 -9
leaf_value=-0.25170985216517677 0.1365969621591944 -0.0034227971228871115 0.46576435694913648 -0.064061042705484281 -0.17455190893409542 0.001525518173209406 0.074835589926227547 -0.13021726728399896
leaf_weight=17.000000000000004 8.9999999999999982 6.9999999999999991 22 8.0000000000000018 5.9999999999999991 10.999999999999998 7.9999999999999991 6.9999999999999991
leaf_count=17 9 7 22 8 6 11 8 7
internal_value=-0.000772251 0.0114048 0.0166333 -0.0154885 -0.00153226 -0.00634615 0.00475806 -0.022398
internal_weight=95 52 37 43 15 19 15 24
internal_count=95 52 37 43 15 19 15 24
is_linear=0
shrinkage=0.025


Tree=35
num_leaves=9
num_cat=0
split_feature=3 0 1 2 2 0 2 3
split_gain=26.8302 11.2486 4.87467 1.78865 1.68615 1.06086 0.892187 0.0479202
threshold=4.3500000000000005 11.000000000000002 10.000000000000002 3.1500000000000008 3.2500000000000004 7.0000000000000009 3.5500000000000003 4.9500000000000011
decision_type=2 2 2 2 2 2 2 2
left_child=6 2 -2 -3 -4 -6 -1 -7
right_child=1 3 4 -5 5 7 -8 -9
leaf_value=-0.1875136253312622 -0.13333936852157244 0.26019968822316875 -0.12381109232316075 0.74025889034272829 -0.00053597826565559008 0.034585821300373625 -0.1590402283230179 0.042129471567676019
leaf_weight=20.000000000000004 7.9999999999999991 6.0000000000000027 9.9999999999999982 19 8.0000000000000018 5.9999999999999991 8.9999999999999982 8.9999999999999982
leaf_count=20 8 6 10 19 8 6 9 9
internal_value=-0.00129581 0.0075 -0.000572289 0.0205392 0.00369403 0.00739362 -0.0211441 0.0112097
internal_weight=95 66 41 25 33 23 29 15
internal_count=95 66 41 25 33 23 29 15
is_linear=0
shrinkage=0.025


Tree=36
num_leaves=9
num_cat=0
split_feature=3 0 1 2 2 0 2 3
split_gain=26.8302 11.2486 4.87467 1.78865 1.68615 1.06086 0.892187 0.0479202
threshold=4.3500000000000005 11.000000000000002 10.000000000000002 3.1500000000000008 3.2500000000000004 7.0000000000000009 3.5500000000000003 4.9500000000000011
decision_type=2 2 2 2 2 2 2 2
left_child=6 2 -2 -3 -4 -6 -1 -7
right_child=1 3 4 -5 5 7 -8 -9
leaf_value=-0.18282578469798061 -0.13000588430853313 0.25369469601758959 -0.12071581501508177 0.72175241808416013 -0.00052257880901427354 0.033721175767864243 -0.15506422261494246 0.0410762347784841
leaf_weight=20.000000000000004 7.9999999999999991 6.0000000000000027 9.9999999999999982 19 8.0000000000000018 5.9999999999999991 8.9999999999999982 8.9999999999999982
leaf_count=20 8 6 10 19 8 6 9 9
internal_value=-0.00129581 0.0075 -0.000572289 0.0205392 0.00369403 0.00739362 -0.0211441 0.0112097
internal_weight=95 66 41 25 33 23 29 15
internal_count=95 66 41 25 33 23 29 15
is_linear=0
shrinkage=0.025


Tree=37
num_leaves=8
num_cat=0
split_feature=1 2 1 0 2 1 3
split_gain=29.5139 6.6922 4.22534 3.64858 2.98694 2.33739 0.0188776
threshold=14.000000000000002 3.2500000000000004 10.000000000000002 15.000000000000002 3.4500000000000006 18.000000000000004 4.5500000000000007
decision_type=2 2 2 2 2 2 2
left_child=2 3 6 -2 -4 -3 -1
right_child=1 5 4 -5 -6 -7 -8
leaf_value=-0.23615862061031623 -0.063145417896876929 0.031723690902295411 -0.053201031387115988 1.0011952645512412 0.0015138441457457576 0.30476570814698789 -0.12037820428114632
leaf_weight=17.000000000000004 12.000000000000002 13.999999999999998 8.0000000000000018 5.9999999999999991 10.999999999999998 20 6.9999999999999991
leaf_count=17 12 14 8 6 11 20 7
internal_value=-0.000248691 0.0123571 -0.0154885 0 -0.00634615 0.0188043 -0.022398
internal_weight=95 52 43 18 19 34 24
internal_count=95 52 43 18 19 34 24
is_linear=0
shrinkage=0.025


Tree=38
num_leaves=9
num_cat=0
split_feature=3 0 1 2 2 0 2 3
split_gain=26.8302 11.2486 4.87467 1.78865 1.68615 1.06086 0.892187 0.0479202
threshold=4.3500000000000005 11.000000000000002 10.000000000000002 3.1500000000000008 3.2500000000000004 7.0000000000000009 3.5500000000000003 4.9500000000000011
decision_type=2 2 2 2 2 2 2 2
left_child=6 2 -2 -3 -4 -6 -1 -7
right_child=1 3 4 -5 5 7 -8 -9
leaf_value=-0.17235117456527319 -0.12374628209379113 0.23562670553397025 -0.11611928419228282 0.69608946492838142 -0.00054736044243268727 0.032085054101110178 -0.145283651534311 0.03925623663646452
leaf_weight=20.000000000000004 7.9999999999999991 6.0000000000000027 9.9999999999999982 19 8.0000000000000018 5.9999999999999991 8.9999999999999982 8.9999999999999982
leaf_count=20 8 6 10 19 8 6 9 9
internal_value=-0.00129581 0.0075 -0.000572289 0.0205392 0.00369403 0.00739362 -0.0211441 0.0112097
internal_weight=95 66 41 25 33 23 29 15
internal_count=95 66 41 25 33 23 29 15
is_linear=0
shrinkage=0.025


Tree=39
num_leaves=10
num_cat=0
split_feature=1 2 1 2 2 1 3 4 3
split_gain=27.5312 5.73253 4.22534 3.25821 2.98694 2.66974 0.375115 0.129718 0.0188776
threshold=14.000000000000002 3.1500000000000008 10.000000000000002 2.5500000000000003 3.4500000000000006 18.000000000000004 4.9500000000000011 175.00000000000003 4.5500000000000007
decision_type=2 2 2 2 2 2 2 2 2
left_child=2 3 8 -2 -4 6 -3 -7 -1
right_child=1 5 4 -5 -6 7 -8 -9 -10
leaf_value=-0.22594587573092656 0.14377682834089942 0.0033658916671361894 -0.047562226238306332 -0.15959332097505802 0.0014896820531628665 0.27974432882010358 0.069110059330948742 2.723096466007831 -0.11427509212177292
leaf_weight=17.000000000000004 8.9999999999999982 6.9999999999999991 8.0000000000000018 5.9999999999999991 10.999999999999998 16.000000000000004 7.9999999999999991 5.9999999999999991 6.9999999999999991
leaf_count=17 9 7 8 6 11 16 8 6 7
internal_value=-0.000772251 0.0114048 -0.0154885 -0.00153226 -0.00634615 0.0166333 0.00798387 0.0221667 -0.022398
internal_weight=95 52 43 15 19 37 15 22 24
internal_count=95 52 43 15 19 37 15 22 24
is_linear=0
shrinkage=0.025


Tree=40
num_leaves=10
num_cat=0
split_feature=1 2 1 2 2 1 3 4 3
split_gain=27.5312 5.73253 4.22534 3.25821 2.98694 2.66974 0.375115 0.129718 0.0188776
threshold=14.000000000000002 3.1500000000000008 10.000000000000002 2.5500000000000003 3.4500000000000006 18.000000000000004 4.9500000000000011 175.00000000000003 4.5500000000000007
decision_type=2 2 2 2 2 2 2 2 2
left_child=2 3 8 -2 -4 6 -3 -7 -1
right_child=1 5 4 -5 -6 7 -8 -9 -10
leaf_value=-0.22029722883765343 0.14018240763237699 0.0032817443754577626 -0.046373170582348688 -0.15560348795068163 0.0014524400018338214 0.27275072059960109 0.067382307847675099 2.6550190543576351 -0.1114182148187286
leaf_weight=17.000000000000004 8.9999999999999982 6.9999999999999991 8.0000000000000018 5.9999999999999991 10.999999999999998 16.000000000000004 7.9999999999999991 5.9999999999999991 6.9999999999999991
leaf_count=17 9 7 8 6 11 16 8 6 7
internal_value=-0.000772251 0.0114048 -0.0154885 -0.00153226 -0.00634615 0.0166333 0.00798387 0.0221667 -0.022398
internal_weight=95 52 43 15 19 37 15 22 24
internal_count=95 52 43 15 19 37 15 22 24
is_linear=0
shrinkage=0.025


Tree=41
num_leaves=10
num_cat=0
split_feature=1 2 1 2 2 1 3 4 3
split_gain=27.5312 5.73253 4.22534 3.25821 2.98694 2.66974 0.375115 0.129718 0.0188776
threshold=14.000000000000002 3.1500000000000008 10.000000000000002 2.5500000000000003 3.4500000000000006 18.000000000000004 4.9500000000000011 175.00000000000003 4.5500000000000007
decision_type=2 2 2 2 2 2 2 2 2
left_child=2 3 8 -2 -4 6 -3 -7 -1
right_child=1 5 4 -5 -6 7 -8 -9 -10
leaf_value=-0.21478979811671206 0.1366778474415675 0.003199700766071345 -0.045213841317789966 -0.15171340075191467 0.0014161290017879581 0.265931952584611 0.06569775015148327 2.588643577998694 -0.10863275944826044
leaf_weight=17.000000000000004 8.9999999999999982 6.9999999999999991 8.0000000000000018 5.9999999999999991 10.999999999999998 16.000000000000004 7.9999999999999991 5.9999999999999991 6.9999999999999991
leaf_count=17 9 7 8 6 11 16 8 6 7
internal_value=-0.000772251 0.0114048 -0.0154885 -0.00153226 -0.00634615 0.0166333 0.00798387 0.0221667 -0.022398
internal_weight=95 52 43 15 19 37 15 22 24
internal_count=95 52 43 15 19 37 15 22 24
is_linear=0
shrinkage=0.025


Tree=42
num_leaves=9
num_cat=0
split_feature=1 2 1 2 0 2 0 3
split_gain=25.6172 4.92644 4.22534 3.25821 3.07194 2.98694 0.104052 0.0188776
threshold=14.000000000000002 3.1500000000000008 10.000000000000002 2.5500000000000003 11.000000000000002 3.4500000000000006 13.000000000000002 4.5500000000000007
decision_type=2 2 2 2 2 2 2 2
left_child=2 3 7 -2 -3 -4 -6 -1
right_child=1 4 5 -5 6 -7 -8 -9
leaf_value=-0.20942005316379425 0.13326090125552828 0.02155665085026719 -0.044083495284845231 -0.14792056573311677 0.1460079245749297 0.0013807257767432192 0.68250095037033764 -0.10591694046205397
leaf_weight=17.000000000000004 8.9999999999999982 17 8.0000000000000018 5.9999999999999991 6.0000000000000027 10.999999999999998 13.999999999999998 6.9999999999999991
leaf_count=17 9 17 8 6 6 11 14 7
internal_value=-0.00129581 0.0104524 -0.0154885 -0.00153226 0.0153 -0.00634615 0.0218902 -0.022398
internal_weight=95 52 43 15 37 19 20 24
internal_count=95 52 43 15 37 19 20 24
is_linear=0
shrinkage=0.025


Tree=43
num_leaves=9
num_cat=0
split_feature=1 2 1 2 0 2 0 3
split_gain=25.6172 4.92644 4.22534 3.25821 3.07194 2.98694 0.104052 0.0188776
threshold=14.000000000000002 3.1500000000000008 10.000000000000002 2.5500000000000003 11.000000000000002 3.4500000000000006 13.000000000000002 4.5500000000000007
decision_type=2 2 2 2 2 2 2 2
left_child=2 3 7 -2 -3 -4 -6 -1
right_child=1 4 5 -5 6 -7 -8 -9
leaf_value=-0.20418455183469941 0.12992937872414015 0.021017734579010572 -0.042981407902724117 -0.14422255158978886 0.14235772646055642 0.001346207632324692 0.6654384266110791 -0.10326901695050257
leaf_weight=17.000000000000004 8.9999999999999982 17 8.0000000000000018 5.9999999999999991 6.0000000000000027 10.999999999999998 13.999999999999998 6.9999999999999991
leaf_count=17 9 17 8 6 6 11 14 7
internal_value=-0.00129581 0.0104524 -0.0154885 -0.00153226 0.0153 -0.00634615 0.0218902 -0.022398
internal_weight=95 52 43 15 37 19 20 24
internal_count=95 52 43 15 37 19 20 24
is_linear=0
shrinkage=0.025


Tree=44
num_leaves=9
num_cat=0
split_feature=1 2 1 2 0 2 0 3
split_gain=25.6172 4.92644 4.22534 3.25821 3.07194 2.98694 0.104052 0.0188776
threshold=14.000000000000002 3.1500000000000008 10.000000000000002 2.5500000000000003 11.000000000000002 3.4500000000000006 13.000000000000002 4.5500000000000007
decision_type=2 2 2 2 2 2 2 2
left_child=2 3 7 -2 -3 -4 -6 -1
right_child=1 4 5 -5 6 -7 -8 -9
leaf_value=-0.19907993803883192 0.12668114425603658 0.020492291214535288 -0.041906872705156056 -0.14061698780004406 0.13879878329904241 0.0013125524415166013 0.64880246594580204 -0.10068729152674001
leaf_weight=17.000000000000004 8.9999999999999982 17 8.0000000000000018 5.9999999999999991 6.0000000000000027 10.999999999999998 13.999999999999998 6.9999999999999991
leaf_count=17 9 17 8 6 6 11 14 7
internal_value=-0.00129581 0.0104524 -0.0154885 -0.00153226 0.0153 -0.00634615 0.0218902 -0.022398
internal_weight=95 52 43 15 37 19 20 24
internal_count=95 52 43 15 37 19 20 24
is_linear=0
shrinkage=0.025


Tree=45
num_leaves=9
num_cat=0
split_feature=1 2 1 2 0 2 0 3
split_gain=25.6172 4.92644 4.22534 3.25821 3.07194 2.98694 0.104052 0.0188776
threshold=14.000000000000002 3.1500000000000008 10.000000000000002 2.5500000000000003 11.000000000000002 3.4500000000000006 13.000000000000002 4.5500000000000007
decision_type=2 2 2 2 2 2 2 2
left_child=2 3 7 -2 -3 -4 -6 -1
right_child=1 4 5 -5 6 -7 -8 -9
leaf_value=-0.19410293958786112 0.1235141156496356 0.019979983934171844 -0.040859200887527175 -0.13710156310504296 0.1353288137165663 0.0012797386304786329 0.63258240429715684 -0.098170109238571529
leaf_weight=17.000000000000004 8.9999999999999982 17 8.0000000000000018 5.9999999999999991 6.0000000000000027 10.999999999999998 13.999999999999998 6.9999999999999991
leaf_count=17 9 17 8 6 6 11 14 7
internal_value=-0.00129581 0.0104524 -0.0154885 -0.00153226 0.0153 -0.00634615 0.0218902 -0.022398
internal_weight=95 52 43 15 37 19 20 24
internal_count=95 52 43 15 37 19 20 24
is_linear=0
shrinkage=0.025


Tree=46
num_leaves=9
num_cat=0
split_feature=1 2 1 2 0 2 0 3
split_gain=25.6172 4.92644 4.22534 3.25821 3.07194 2.98694 0.104052 0.0188776
threshold=14.000000000000002 3.1500000000000008 10.000000000000002 2.5500000000000003 11.000000000000002 3.4500000000000006 13.000000000000002 4.5500000000000007
decision_type=2 2 2 2 2 2 2 2
left_child=2 3 7 -2 -3 -4 -6 -1
right_child=1 4 5 -5 6 -7 -8 -9
leaf_value=-0.18925036609816459 0.12042626275839474 0.019480484335817574 -0.039837720865338967 -0.13367402402741693 0.13194559337365205 0.0012477451647166405 0.61676784418972808 -0.095715856507607278
leaf_weight=17.000000000000004 8.9999999999999982 17 8.0000000000000018 5.9999999999999991 6.0000000000000027 10.999999999999998 13.999999999999998 6.9999999999999991
leaf_count=17 9 17 8 6 6 11 14 7
internal_value=-0.00129581 0.0104524 -0.0154885 -0.00153226 0.0153 -0.00634615 0.0218902 -0.022398
internal_weight=95 52 43 15 37 19 20 24
internal_count=95 52 43 15 37 19 20 24
is_linear=0
shrinkage=0.025


Tree=47
num_leaves=10
num_cat=0
split_feature=1 3 0 1 2 0 2 2 3
split_gain=23.7718 5.44316 5.98566 4.22534 2.98694 0.7916 0.759554 0.129718 0.0188776
threshold=14.000000000000002 4.4500000000000011 11.000000000000002 10.000000000000002 3.4500000000000006 9.0000000000000018 3.5500000000000003 3.3500000000000001 4.5500000000000007
decision_type=2 2 2 2 2 2 2 2 2
left_child=3 -2 5 8 -5 6 -3 -4 -1
right_child=1 2 7 4 -6 -7 -8 -9 -10
leaf_value=-0.1845191069457105 -0.010335434639029018 0.021713294383341353 0.5736658568270302 -0.038841777843705488 0.0012165515355986756 -0.0062766031175906182 0.034305279174037383 0.49586019208744969 -0.093322960094917126
leaf_weight=17.000000000000004 8.9999999999999982 6.0000000000000027 6.0000000000000027 8.0000000000000018 10.999999999999998 6.9999999999999991 7.9999999999999991 15.999999999999998 6.9999999999999991
leaf_count=17 9 6 6 8 11 7 8 16 7
internal_value=-0.00181937 0.0095 0.0131897 -0.0154885 -0.00634615 0.00343023 0.00681034 0.0221667 -0.022398
internal_weight=95 52 43 43 19 21 14 22 24
internal_count=95 52 43 43 19 21 14 22 24
is_linear=0
shrinkage=0.025


Tree=48
num_leaves=9
num_cat=0
split_feature=1 2 1 3 2 0 2 3
split_gain=21.995 6.12833 4.22534 3.17398 2.98694 2.78743 1.93393 0.0188776
threshold=14.000000000000002 3.1500000000000008 10.000000000000002 4.6500000000000012 3.4500000000000006 11.000000000000002 2.5500000000000003 4.5500000000000007
decision_type=2 2 2 2 2 2 2 2
left_child=2 6 7 -3 -4 -5 -2 -1
right_child=1 3 4 5 -6 -7 -8 -9
leaf_value=-0.17990612927206773 0.11687277382985145 -0.0018838398855933304 -0.037870733397612891 0.024474827245233224 0.0011861377472087043 0.5783257318448104 -0.13017525834879182 -0.090989886092544214
leaf_weight=17.000000000000004 8.9999999999999982 7.9999999999999991 8.0000000000000018 12.000000000000002 10.999999999999998 17 5.9999999999999991 6.9999999999999991
leaf_count=17 9 8 8 12 11 17 6 7
internal_value=-0.00234293 0.00854762 -0.0154885 0.0139667 -0.00634615 0.0177542 -0.00475806 -0.022398
internal_weight=95 52 43 37 19 29 15 24
internal_count=95 52 43 37 19 29 15 24
is_linear=0
shrinkage=0.025


Tree=49
num_leaves=11
num_cat=0
split_feature=1 3 0 2 3 2 2 0 4 3
split_gain=22.2855 7.00833 5.73486 3.01783 3.03634 1.8405 0.638481 0.487102 1.15218 0.0188776
threshold=10.000000000000002 4.9500000000000011 11.000000000000002 3.4500000000000006 4.2500000000000009 3.5500000000000003 2.5500000000000003 7.0000000000000009 115.00000000000001 4.5500000000000007
decision_type=2 2 2 2 2 2 2 2 2 2
left_child=9 3 5 4 -2 -3 -6 -5 -9 -1
right_child=1 2 -4 7 6 -7 -8 8 -10 -11
leaf_value=-0.17540847604026599 -0.052295192327076828 -0.074315494172374749 0.59956567277290262 -0.00086687418100632745 -0.069911340503942654 0.052020101186775317 0.00021123066944417346 0.062575557110089358 0.0043170391156861498 -0.088715138940230628
leaf_weight=17.000000000000004 6.0000000000000027 5.9999999999999991 15.999999999999998 8.0000000000000018 5.9999999999999982 9.9999999999999982 7 5.9999999999999982 6 6.9999999999999991
leaf_count=17 6 6 16 8 6 10 7 6 6 7
internal_value=-0.00181937 0.00522727 0.0138077 -0.00186709 -0.00891026 0.00295455 -0.00175926 0.00481707 0.0079 -0.022398
internal_weight=95 71 32 39 19 16 13 20 12 24
internal_count=95 71 32 39 19 16 13 20 12 24
is_linear=0
shrinkage=0.025


Tree=50
num_leaves=10
num_cat=0
split_feature=1 3 0 2 3 4 4 4 3
split_gain=21.1721 8.35484 5.63772 3.70382 1.82151 1.98891 0.240667 0.179899 0.0188776
threshold=10.000000000000002 4.6500000000000012 13.000000000000002 3.5500000000000003 4.3500000000000005 93.000000000000014 93.000000000000014 100.00000000000001 4.5500000000000007
decision_type=2 2 2 2 2 2 2 2 2
left_child=8 4 3 -3 5 -2 -6 -5 -1
right_child=1 2 -4 7 6 -7 -8 -9 -10
leaf_value=-0.17102326413925928 -0.0032281194559201868 -0.071629380526973568 0.55950485816735596 0.089557351195095697 -0.0028685608110158968 -0.064718514411646624 0.0011781561580535894 0.024879242348773013 -0.08649726046672486
leaf_weight=17.000000000000004 7.0000000000000018 11.000000000000002 13.999999999999998 9 6.9999999999999982 6 7 10 6.9999999999999991
leaf_count=17 7 11 14 9 7 6 7 10 7
internal_value=-0.00234293 0.00452797 0.0112079 0.00487705 -0.00631818 -0.0128704 0 0.0114744 -0.022398
internal_weight=95 71 44 30 27 13 14 19 24
internal_count=95 71 44 30 27 13 14 19 24
is_linear=0
shrinkage=0.025


Tree=51
num_leaves=11
num_cat=0
split_feature=1 3 0 2 3 2 2 0 4 3
split_gain=22.2855 7.00833 5.73486 3.01783 3.03634 1.8405 0.638481 0.487102 1.15218 0.0188776
threshold=10.000000000000002 4.9500000000000011 11.000000000000002 3.4500000000000006 4.2500000000000009 3.5500000000000003 2.5500000000000003 7.0000000000000009 115.00000000000001 4.5500000000000007
decision_type=2 2 2 2 2 2 2 2 2 2
left_child=9 3 5 4 -2 -3 -6 -5 -9 -1
right_child=1 2 -4 7 6 -7 -8 8 -10 -11
leaf_value=-0.16674768253577785 -0.0493698496586088 -0.070666872304891104 0.57646325333654935 -0.00082407226831913158 -0.066372822478169807 0.049289141237807504 0.00028665288910607601 0.060736034663115217 0.0038206384649313919 -0.084334828955056729
leaf_weight=17.000000000000004 6.0000000000000027 5.9999999999999991 15.999999999999998 8.0000000000000018 5.9999999999999982 9.9999999999999982 7 5.9999999999999982 6 6.9999999999999991
leaf_count=17 6 6 16 8 6 10 7 6 6 7
internal_value=-0.00181937 0.00522727 0.0138077 -0.00186709 -0.00891026 0.00295455 -0.00175926 0.00481707 0.0079 -0.022398
internal_weight=95 71 32 39 19 16 13 20 12 24
internal_count=95 71 32 39 19 16 13 20 12 24
is_linear=0
shrinkage=0.025


Tree=52
num_leaves=10
num_cat=0
split_feature=1 3 0 2 3 4 4 4 3
split_gain=21.1721 8.35484 5.63772 3.70382 1.82151 1.98891 0.240667 0.179899 0.0188776
threshold=10.000000000000002 4.6500000000000012 13.000000000000002 3.5500000000000003 4.3500000000000005 93.000000000000014 93.000000000000014 100.00000000000001 4.5500000000000007
decision_type=2 2 2 2 2 2 2 2 2
left_child=8 4 3 -3 5 -2 -6 -5 -1
right_child=1 2 -4 7 6 -7 -8 -9 -10
leaf_value=-0.16257899047238339 -0.0019131702280569486 -0.068071974206177013 0.53110565537975807 0.086086188884273093 -0.0027762449840324169 -0.062473127527268885 0.0011693040608102834 0.021872889005318009 -0.082226458231180299
leaf_weight=17.000000000000004 7.0000000000000018 11.000000000000002 13.999999999999998 9 6.9999999999999982 6 7 10 6.9999999999999991
leaf_count=17 7 11 14 9 7 6 7 10 7
internal_value=-0.00234293 0.00452797 0.0112079 0.00487705 -0.00631818 -0.0128704 0 0.0114744 -0.022398
internal_weight=95 71 44 30 27 13 14 19 24
internal_count=95 71 44 30 27 13 14 19 24
is_linear=0
shrinkage=0.025


Tree=53
num_leaves=10
num_cat=0
split_feature=1 3 1 2 2 3 0 4 3
split_gain=21.1721 5.78602 5.95976 2.9472 2.23129 2.76487 0.536991 0.0907799 0.0188776
threshold=10.000000000000002 4.6500000000000012 22.000000000000004 3.4500000000000006 3.5500000000000003 4.2500000000000009 11.000000000000002 115.00000000000001 4.5500000000000007
decision_type=2 2 2 2 2 2 2 2 2
left_child=8 4 3 -3 5 -2 7 -5 -1
right_child=1 2 -4 6 -6 -7 -8 -9 -10
leaf_value=-0.15851451571057382 -0.046573775228961806 -0.06637017485102259 0.67673301761802207 0.067928986306978176 0.0010495421003114736 -0.010292081220900329 0.055879594651370823 2.0278358237213468e-05 -0.080170796775400802
leaf_weight=17.000000000000004 6.0000000000000062 9.0000000000000018 12.999999999999998 9.0000000000000053 9.9999999999999982 10.999999999999998 5.9999999999999991 6.9999999999999991 6.9999999999999991
leaf_count=17 6 9 13 9 10 11 6 7 7
internal_value=-0.00234293 0.00452797 0.0100843 0.00392857 -0.0045 -0.00992857 0.00883333 0.00598485 -0.022398
internal_weight=95 71 44 31 27 17 22 16 24
internal_count=95 71 44 31 27 17 22 16 24
is_linear=0
shrinkage=0.025


Tree=54
num_leaves=10
num_cat=0
split_feature=1 3 1 2 3 2 0 4 3
split_gain=22.2855 6.70897 5.01194 2.23129 2.76487 1.37059 0.536991 0.0907799 0.0188776
threshold=10.000000000000002 4.6500000000000012 22.000000000000004 3.5500000000000003 4.2500000000000009 3.4500000000000006 11.000000000000002 115.00000000000001 4.5500000000000007
decision_type=2 2 2 2 2 2 2 2 2
left_child=8 3 5 4 -2 -3 7 -7 -1
right_child=1 2 -4 -5 -6 6 -8 -9 -10
leaf_value=-0.15455165281780944 -0.045409430848237786 -0.064710920479747011 0.6598146921775716 0.0010233035478036891 -0.010034779190377919 0.066230761649303638 0.054482604785086514 1.9771399281331981e-05 -0.078166526856015758
leaf_weight=17.000000000000004 6.0000000000000062 9.0000000000000018 12.999999999999998 9.9999999999999982 10.999999999999998 9.0000000000000053 5.9999999999999991 6.9999999999999991 6.9999999999999991
leaf_count=17 6 9 13 10 11 9 6 7 7
internal_value=-0.00181937 0.00522727 0.0112079 -0.0045 -0.00992857 0.00551587 0.00883333 0.00598485 -0.022398
internal_weight=95 71 44 27 17 31 22 16 24
internal_count=95 71 44 27 17 31 22 16 24
is_linear=0
shrinkage=0.025


Tree=55
num_leaves=10
num_cat=0
split_feature=1 3 1 2 2 3 0 4 3
split_gain=23.4271 5.24211 5.01194 1.44583 1.37059 1.17907 0.536991 0.0907799 0.0188776
threshold=10.000000000000002 4.6500000000000012 22.000000000000004 3.5500000000000003 3.4500000000000006 4.3500000000000005 11.000000000000002 115.00000000000001 4.5500000000000007
decision_type=2 2 2 2 2 2 2 2 2
left_child=8 3 4 5 -3 -2 7 -6 -1
right_child=1 2 -4 -5 6 -7 -8 -9 -10
leaf_value=-0.15068786149736424 -0.033796580674260834 -0.063093147467753324 0.64331932487313237 0.00099772095910859453 0.064574992608071119 0.002211130559126051 0.053120539665459182 1.9277114299320888e-05 -0.076212363684615356
leaf_weight=17.000000000000004 9.0000000000000053 9.0000000000000018 12.999999999999998 9.9999999999999982 9.0000000000000053 7.9999999999999991 5.9999999999999991 6.9999999999999991 6.9999999999999991
leaf_count=17 9 9 13 10 9 8 6 7 7
internal_value=-0.00129581 0.00592657 0.0112079 -0.00268182 0.00551587 -0.00707143 0.00883333 0.00598485 -0.022398
internal_weight=95 71 44 27 31 17 22 16 24
internal_count=95 71 44 27 31 17 22 16 24
is_linear=0
shrinkage=0.025


Tree=56
num_leaves=10
num_cat=0
split_feature=1 3 1 2 2 3 0 4 3
split_gain=23.4271 5.24211 5.01194 1.44583 1.37059 1.17907 0.536991 0.0907799 0.0188776
threshold=10.000000000000002 4.6500000000000012 22.000000000000004 3.5500000000000003 3.4500000000000006 4.3500000000000005 11.000000000000002 115.00000000000001 4.5500000000000007
decision_type=2 2 2 2 2 2 2 2 2
left_child=8 3 4 5 -3 -2 7 -6 -1
right_child=1 2 -4 -5 6 -7 -8 -9 -10
leaf_value=-0.14692066495993014 -0.032951666157404351 -0.061515818781059474 0.62723634175130405 0.0009727779351309529 0.062960617792869308 0.0021558522951478309 0.051792526173822753 1.8795186441877831e-05 -0.074307054592499977
leaf_weight=17.000000000000004 9.0000000000000053 9.0000000000000018 12.999999999999998 9.9999999999999982 9.0000000000000053 7.9999999999999991 5.9999999999999991 6.9999999999999991 6.9999999999999991
leaf_count=17 9 9 13 10 9 8 6 7 7
internal_value=-0.00129581 0.00592657 0.0112079 -0.00268182 0.00551587 -0.00707143 0.00883333 0.00598485 -0.022398
internal_weight=95 71 44 27 31 17 22 16 24
internal_count=95 71 44 27 31 17 22 16 24
is_linear=0
shrinkage=0.025


Tree=57
num_leaves=10
num_cat=0
split_feature=1 3 1 2 2 3 0 4 3
split_gain=23.4271 5.24211 5.01194 1.44583 1.37059 1.17907 0.536991 0.0907799 0.0188776
threshold=10.000000000000002 4.6500000000000012 22.000000000000004 3.5500000000000003 3.4500000000000006 4.3500000000000005 11.000000000000002 115.00000000000001 4.5500000000000007
decision_type=2 2 2 2 2 2 2 2 2
left_child=8 3 4 5 -3 -2 7 -6 -1
right_child=1 2 -4 -5 6 -7 -8 -9 -10
leaf_value=-0.14324764833593193 -0.032127874503469211 -0.059977923311532955 0.61155543320752137 0.00094845848675264579 0.061386602348047603 0.0021019559877691663 0.050497713019477079 1.8325306780830887e-05 -0.072449378227687516
leaf_weight=17.000000000000004 9.0000000000000053 9.0000000000000018 12.999999999999998 9.9999999999999982 9.0000000000000053 7.9999999999999991 5.9999999999999991 6.9999999999999991 6.9999999999999991
leaf_count=17 9 9 13 10 9 8 6 7 7
internal_value=-0.00129581 0.00592657 0.0112079 -0.00268182 0.00551587 -0.00707143 0.00883333 0.00598485 -0.022398
internal_weight=95 71 44 27 31 17 22 16 24
internal_count=95 71 44 27 31 17 22 16 24
is_linear=0
shrinkage=0.025


Tree=58
num_leaves=11
num_cat=0
split_feature=1 3 2 3 2 0 0 4 0 3
split_gain=22.2855 4.88589 1.89434 2.66257 1.4333 1.2812 1.22207 0.945782 0.0479202 0.0188776
threshold=10.000000000000002 5.2500000000000009 3.5500000000000003 4.4500000000000011 2.5500000000000003 13.000000000000002 7.0000000000000009 132.50000000000003 9.0000000000000018 4.5500000000000007
decision_type=2 2 2 2 2 2 2 2 2 2
left_child=9 2 3 7 -5 -3 -4 -2 -8 -1
right_child=1 5 6 4 -6 -7 8 -9 -10 -11
leaf_value=-0.13966645712753359 -0.021541738356904361 0.32259608262206962 -0.00090817877579842945 0.13954133954612979 -0.01083130985176517 1.1414663046279299 0.024155514427323513 -0.031324677640882474 0.03504712170678994 -0.070638143771995315
leaf_weight=17.000000000000004 7.0000000000000018 5.9999999999999991 10.000000000000002 8.0000000000000018 8.9999999999999982 8.9999999999999982 8.9999999999999982 7 5.9999999999999991 6.9999999999999991
leaf_count=17 7 6 10 8 9 9 9 7 6 7
internal_value=-0.00181937 0.00522727 0.00174779 -0.00234127 0.00421429 0.0176613 0.00681373 -0.0102586 0.0112097 -0.022398
internal_weight=95 71 56 31 17 15 25 14 15 24
internal_count=95 71 56 31 17 15 25 14 15 24
is_linear=0
shrinkage=0.025


Tree=59
num_leaves=11
num_cat=0
split_feature=1 3 3 0 0 2 2 4 3 3
split_gain=21.1721 5.45746 1.36459 1.90629 1.2812 1.12848 1.39447 0.617842 1.15781 0.0188776
threshold=10.000000000000002 5.2500000000000009 4.2500000000000009 15.000000000000002 13.000000000000002 3.2500000000000004 2.5500000000000003 93.000000000000014 4.9500000000000011 4.5500000000000007
decision_type=2 2 2 2 2 2 2 2 2 2
left_child=9 2 -2 5 -3 6 -4 -7 -9 -1
right_child=1 4 3 -5 -6 7 -8 8 -10 -11
leaf_value=-0.13617479569934529 -0.030541560699860429 0.31453118055651785 0.0041197255201955944 0.42818888659543675 1.1129296470122316 0.059874641758741201 -0.039605443690216062 0.0010379808529572543 -0.00090765854032346391 -0.068872190177695455
leaf_weight=17.000000000000004 8.9999999999999982 5.9999999999999991 6.9999999999999991 5.9999999999999991 8.9999999999999982 7.0000000000000027 7.9999999999999991 11.000000000000002 7.9999999999999991 6.9999999999999991
leaf_count=17 9 6 7 6 9 7 8 11 8 7
internal_value=-0.00234293 0.00452797 0.000862832 0.00260526 0.0176613 0.000572289 -0.00475806 0.00372642 0.00121795 -0.022398
internal_weight=95 71 56 47 15 41 15 26 19 24
internal_count=95 71 56 47 15 41 15 26 19 24
is_linear=0
shrinkage=0.025


Tree=60
num_leaves=11
num_cat=0
split_feature=1 3 3 0 0 2 2 4 3 3
split_gain=21.1721 5.45746 1.36459 1.90629 1.2812 1.12848 1.39447 0.617842 1.15781 0.0188776
threshold=10.000000000000002 5.2500000000000009 4.2500000000000009 15.000000000000002 13.000000000000002 3.2500000000000004 2.5500000000000003 93.000000000000014 4.9500000000000011 4.5500000000000007
decision_type=2 2 2 2 2 2 2 2 2 2
left_child=9 2 -2 5 -3 6 -4 -7 -9 -1
right_child=1 4 3 -5 -6 7 -8 8 -10 -11
leaf_value=-0.1327704258068616 -0.029778021682363945 0.306667901042605 0.0040167323821906466 0.41748416443055086 1.0851064058369257 0.05837777571477272 -0.038615307597960682 0.0010120313316333452 -0.00088496707681535731 -0.067150385423253051
leaf_weight=17.000000000000004 8.9999999999999982 5.9999999999999991 6.9999999999999991 5.9999999999999991 8.9999999999999982 7.0000000000000027 7.9999999999999991 11.000000000000002 7.9999999999999991 6.9999999999999991
leaf_count=17 9 6 7 6 9 7 8 11 8 7
internal_value=-0.00234293 0.00452797 0.000862832 0.00260526 0.0176613 0.000572289 -0.00475806 0.00372642 0.00121795 -0.022398
internal_weight=95 71 56 47 15 41 15 26 19 24
internal_count=95 71 56 47 15 41 15 26 19 24
is_linear=0
shrinkage=0.025


Tree=61
num_leaves=11
num_cat=0
split_feature=1 3 3 0 0 2 2 4 3 3
split_gain=21.1721 5.45746 1.36459 1.90629 1.2812 1.12848 1.39447 0.617842 1.15781 0.0188776
threshold=10.000000000000002 5.2500000000000009 4.2500000000000009 15.000000000000002 13.000000000000002 3.2500000000000004 2.5500000000000003 93.000000000000014 4.9500000000000011 4.5500000000000007
decision_type=2 2 2 2 2 2 2 2 2 2
left_child=9 2 -2 5 -3 6 -4 -7 -9 -1
right_child=1 4 3 -5 -6 7 -8 8 -10 -11
leaf_value=-0.12945116516169008 -0.029033571140304828 0.29900120351653997 0.0039163140726358849 0.40704706031978716 1.0579787456910026 0.056918331321903361 -0.037649924908011695 0.00098673054834250715 -0.00086284289989500005 -0.065471625787671697
leaf_weight=17.000000000000004 8.9999999999999982 5.9999999999999991 6.9999999999999991 5.9999999999999991 8.9999999999999982 7.0000000000000027 7.9999999999999991 11.000000000000002 7.9999999999999991 6.9999999999999991
leaf_count=17 9 6 7 6 9 7 8 11 8 7
internal_value=-0.00234293 0.00452797 0.000862832 0.00260526 0.0176613 0.000572289 -0.00475806 0.00372642 0.00121795 -0.022398
internal_weight=95 71 56 47 15 41 15 26 19 24
internal_count=95 71 56 47 15 41 15 26 19 24
is_linear=0
shrinkage=0.025


Tree=62
num_leaves=11
num_cat=0
split_feature=1 0 2 4 2 4 4 0 3 3
split_gain=19.0297 5.72314 2.86387 2.12947 1.29196 1.19283 0.8892 0.536991 0.309727 0.0188776
threshold=10.000000000000002 15.000000000000002 3.5500000000000003 93.000000000000014 2.5500000000000003 175.00000000000003 100.00000000000001 11.000000000000002 4.5500000000000007 4.5500000000000007
decision_type=2 2 2 2 2 2 2 2 2 2
left_child=9 2 4 -4 -2 -3 -5 8 -6 -1
right_child=1 5 3 6 7 -7 -8 -9 -10 -11
leaf_value=-0.12621488603264783 0.0038184062208200587 0.44975546935919852 0.10423774957355657 -0.080754300354767813 -0.018106427993076935 2.2833478637325308 0.0081830874211717315 -0.014861528370984801 -0.099098947810775329 -0.06383483514297987
leaf_weight=17.000000000000004 7.0000000000000027 7.9999999999999982 10.000000000000002 6.0000000000000009 9.0000000000000053 6 12 5.9999999999999991 6.9999999999999991 6.9999999999999991
leaf_count=17 7 8 10 6 9 6 12 6 7 7
internal_value=-0.00339005 0.00312937 -0.000413043 0.0052193 -0.00588983 0.0171552 0 -0.00883333 -0.00598485 -0.022398
internal_weight=95 71 57 28 29 14 18 22 16 24
internal_count=95 71 57 28 29 14 18 22 16 24
is_linear=0
shrinkage=0.025


Tree=63
num_leaves=11
num_cat=0
split_feature=1 0 2 4 2 4 0 0 3 3
split_gain=18.0006 6.30355 2.03348 3.02975 1.29196 1.19283 0.671532 0.536991 0.309727 0.0188776
threshold=10.000000000000002 15.000000000000002 3.5500000000000003 93.000000000000014 2.5500000000000003 175.00000000000003 9.0000000000000018 11.000000000000002 4.5500000000000007 4.5500000000000007
decision_type=2 2 2 2 2 2 2 2 2 2
left_child=9 2 4 -4 -2 -3 -5 8 -6 -1
right_child=1 5 3 6 7 -7 -8 -9 -10 -11
leaf_value=-0.12305951388183162 0.0037229460652994819 0.4385115826252185 0.10163180583421766 -0.00072421115917542522 -0.017653767293250057 2.2262641671392176 0.016007186420215192 -0.014489990161710153 -0.096621474115505993 -0.062238964264405366
leaf_weight=17.000000000000004 7.0000000000000027 7.9999999999999982 10.000000000000002 11.000000000000002 9.0000000000000053 6 6.9999999999999991 5.9999999999999991 6.9999999999999991 6.9999999999999991
leaf_count=17 7 8 10 11 9 6 7 6 7 7
internal_value=-0.00391361 0.00243007 -0.00128261 0.00346491 -0.00588983 0.0171552 -0.00263514 -0.00883333 -0.00598485 -0.022398
internal_weight=95 71 57 28 29 14 18 22 16 24
internal_count=95 71 57 28 29 14 18 22 16 24
is_linear=0
shrinkage=0.025


Tree=64
num_leaves=11
num_cat=0
split_feature=1 0 2 4 2 4 0 0 3 3
split_gain=18.0006 6.30355 2.03348 3.02975 1.29196 1.19283 0.671532 0.536991 0.309727 0.0188776
threshold=10.000000000000002 15.000000000000002 3.5500000000000003 93.000000000000014 2.5500000000000003 175.00000000000003 9.0000000000000018 11.000000000000002 4.5500000000000007 4.5500000000000007
decision_type=2 2 2 2 2 2 2 2 2 2
left_child=9 2 4 -4 -2 -3 -5 8 -6 -1
right_child=1 5 3 6 7 -7 -8 -9 -10 -11
leaf_value=-0.11998302603478583 0.0036298724136669238 0.42754879305958798 0.099091010688362235 -0.00070610588019608404 -0.017212423110918796 2.1706075629607371 0.015607006759709741 -0.01412774040766749 -0.094205937262618278 -0.060682990157795214
leaf_weight=17.000000000000004 7.0000000000000027 7.9999999999999982 10.000000000000002 11.000000000000002 9.0000000000000053 6 6.9999999999999991 5.9999999999999991 6.9999999999999991 6.9999999999999991
leaf_count=17 7 8 10 11 9 6 7 6 7 7
internal_value=-0.00391361 0.00243007 -0.00128261 0.00346491 -0.00588983 0.0171552 -0.00263514 -0.00883333 -0.00598485 -0.022398
internal_weight=95 71 57 28 29 14 18 22 16 24
internal_count=95 71 57 28 29 14 18 22 16 24
is_linear=0
shrinkage=0.025


Tree=65
num_leaves=11
num_cat=0
split_feature=1 0 2 4 2 4 0 0 3 3
split_gain=18.0006 6.30355 2.03348 3.02975 1.29196 1.19283 0.671532 0.536991 0.309727 0.0188776
threshold=10.000000000000002 15.000000000000002 3.5500000000000003 93.000000000000014 2.5500000000000003 175.00000000000003 9.0000000000000018 11.000000000000002 4.5500000000000007 4.5500000000000007
decision_type=2 2 2 2 2 2 2 2 2 2
left_child=9 2 4 -4 -2 -3 -5 8 -6 -1
right_child=1 5 3 6 7 -7 -8 -9 -10 -11
leaf_value=-0.11698345038391622 0.0035391256033252107 0.41686007323309832 0.096613735421153202 -0.00068845323319113307 -0.016782112533145811 2.116342373886718 0.015216831590717029 -0.01377454689747566 -0.09185078883105291 -0.059165915403850369
leaf_weight=17.000000000000004 7.0000000000000027 7.9999999999999982 10.000000000000002 11.000000000000002 9.0000000000000053 6 6.9999999999999991 5.9999999999999991 6.9999999999999991 6.9999999999999991
leaf_count=17 7 8 10 11 9 6 7 6 7 7
internal_value=-0.00391361 0.00243007 -0.00128261 0.00346491 -0.00588983 0.0171552 -0.00263514 -0.00883333 -0.00598485 -0.022398
internal_weight=95 71 57 28 29 14 18 22 16 24
internal_count=95 71 57 28 29 14 18 22 16 24
is_linear=0
shrinkage=0.025


Tree=66
num_leaves=11
num_cat=0
split_feature=1 0 2 4 2 4 4 0 3 3
split_gain=19.0297 5.72314 2.86387 2.12947 1.29196 1.19283 0.8892 0.536991 0.309727 0.0188776
threshold=10.000000000000002 15.000000000000002 3.5500000000000003 93.000000000000014 2.5500000000000003 175.00000000000003 100.00000000000001 11.000000000000002 4.5500000000000007 4.5500000000000007
decision_type=2 2 2 2 2 2 2 2 2 2
left_child=9 2 4 -4 -2 -3 -5 8 -6 -1
right_child=1 5 3 6 7 -7 -8 -9 -10 -11
leaf_value=-0.11405886412431832 0.0034506474632420847 0.40643857140227091 0.094198392035624329 -0.078682473589084534 -0.016362559719817149 2.0634338145395503 0.0074196070544163108 -0.013430183225038661 -0.089554519110276593 -0.057686767518754151
leaf_weight=17.000000000000004 7.0000000000000027 7.9999999999999982 10.000000000000002 6.0000000000000009 9.0000000000000053 6 12 5.9999999999999991 6.9999999999999991 6.9999999999999991
leaf_count=17 7 8 10 6 9 6 12 6 7 7
internal_value=-0.00339005 0.00312937 -0.000413043 0.0052193 -0.00588983 0.0171552 0 -0.00883333 -0.00598485 -0.022398
internal_weight=95 71 57 28 29 14 18 22 16 24
internal_count=95 71 57 28 29 14 18 22 16 24
is_linear=0
shrinkage=0.025


Tree=67
num_leaves=11
num_cat=0
split_feature=1 0 2 4 2 4 0 0 3 3
split_gain=18.0006 6.30355 2.03348 3.02975 1.29196 1.19283 0.671532 0.536991 0.309727 0.0188776
threshold=10.000000000000002 15.000000000000002 3.5500000000000003 93.000000000000014 2.5500000000000003 175.00000000000003 9.0000000000000018 11.000000000000002 4.5500000000000007 4.5500000000000007
decision_type=2 2 2 2 2 2 2 2 2 2
left_child=9 2 4 -4 -2 -3 -5 8 -6 -1
right_child=1 5 3 6 7 -7 -8 -9 -10 -11
leaf_value=-0.1112073925212104 0.0033643812766610995 0.3962776071172141 0.09184343223473368 -0.00085673207872183355 -0.015953495726821743 2.0118479691760611 0.014650920624588615 -0.01309442864441266 -0.087315656132519598 -0.056244598330785323
leaf_weight=17.000000000000004 7.0000000000000027 7.9999999999999982 10.000000000000002 11.000000000000002 9.0000000000000053 6 6.9999999999999991 5.9999999999999991 6.9999999999999991 6.9999999999999991
leaf_count=17 7 8 10 11 9 6 7 6 7 7
internal_value=-0.00391361 0.00243007 -0.00128261 0.00346491 -0.00588983 0.0171552 -0.00263514 -0.00883333 -0.00598485 -0.022398
internal_weight=95 71 57 28 29 14 18 22 16 24
internal_count=95 71 57 28 29 14 18 22 16 24
is_linear=0
shrinkage=0.025


Tree=68
num_leaves=11
num_cat=0
split_feature=1 0 2 4 2 4 0 0 3 3
split_gain=18.0006 6.30355 2.03348 3.02975 1.29196 1.19283 0.671532 0.536991 0.309727 0.0188776
threshold=10.000000000000002 15.000000000000002 3.5500000000000003 93.000000000000014 2.5500000000000003 175.00000000000003 9.0000000000000018 11.000000000000002 4.5500000000000007 4.5500000000000007
decision_type=2 2 2 2 2 2 2 2 2 2
left_child=9 2 4 -4 -2 -3 -5 8 -6 -1
right_child=1 5 3 6 7 -7 -8 -9 -10 -11
leaf_value=-0.10842720770818018 0.0032802717447445676 0.38637066693928379 0.089547346428865374 -0.00083531377675374332 -0.015554658333651173 1.9615517699466603 0.014284647608973878 -0.012767067928302468 -0.085132764729206667 -0.054838483372515692
leaf_weight=17.000000000000004 7.0000000000000027 7.9999999999999982 10.000000000000002 11.000000000000002 9.0000000000000053 6 6.9999999999999991 5.9999999999999991 6.9999999999999991 6.9999999999999991
leaf_count=17 7 8 10 11 9 6 7 6 7 7
internal_value=-0.00391361 0.00243007 -0.00128261 0.00346491 -0.00588983 0.0171552 -0.00263514 -0.00883333 -0.00598485 -0.022398
internal_weight=95 71 57 28 29 14 18 22 16 24
internal_count=95 71 57 28 29 14 18 22 16 24
is_linear=0
shrinkage=0.025


Tree=69
num_leaves=11
num_cat=0
split_feature=1 0 2 4 2 4 0 0 3 3
split_gain=18.0006 6.30355 2.03348 3.02975 1.29196 1.19283 0.671532 0.536991 0.309727 0.0188776
threshold=10.000000000000002 15.000000000000002 3.5500000000000003 93.000000000000014 2.5500000000000003 175.00000000000003 9.0000000000000018 11.000000000000002 4.5500000000000007 4.5500000000000007
decision_type=2 2 2 2 2 2 2 2 2 2
left_child=9 2 4 -4 -2 -3 -5 8 -6 -1
right_child=1 5 3 6 7 -7 -8 -9 -10 -11
leaf_value=-0.10571652751547572 0.0031982649511260067 0.37671140026580174 0.087308662768143738 -0.00081443093233488648 -0.015165791875309864 1.9125129756979931 0.013927531418749518 -0.012447891230094755 -0.083004445610976418 -0.053467521288202757
leaf_weight=17.000000000000004 7.0000000000000027 7.9999999999999982 10.000000000000002 11.000000000000002 9.0000000000000053 6 6.9999999999999991 5.9999999999999991 6.9999999999999991 6.9999999999999991
leaf_count=17 7 8 10 11 9 6 7 6 7 7
internal_value=-0.00391361 0.00243007 -0.00128261 0.00346491 -0.00588983 0.0171552 -0.00263514 -0.00883333 -0.00598485 -0.022398
internal_weight=95 71 57 28 29 14 18 22 16 24
internal_count=95 71 57 28 29 14 18 22 16 24
is_linear=0
shrinkage=0.025


Tree=70
num_leaves=11
num_cat=0
split_feature=1 0 2 4 2 4 0 0 3 3
split_gain=18.0006 6.30355 2.03348 3.02975 1.29196 1.19283 0.671532 0.536991 0.309727 0.0188776
threshold=10.000000000000002 15.000000000000002 3.5500000000000003 93.000000000000014 2.5500000000000003 175.00000000000003 9.0000000000000018 11.000000000000002 4.5500000000000007 4.5500000000000007
decision_type=2 2 2 2 2 2 2 2 2 2
left_child=9 2 4 -4 -2 -3 -5 8 -6 -1
right_child=1 5 3 6 7 -7 -8 -9 -10 -11
leaf_value=-0.10307361432758883 0.0031183083273479185 0.3672936152591566 0.085125946198940122 -0.00079407015902646096 -0.014786647078427074 1.8647001513055437 0.013579343133280731 -0.012136693949342359 -0.080929334470702052 -0.052130833255997724
leaf_weight=17.000000000000004 7.0000000000000027 7.9999999999999982 10.000000000000002 11.000000000000002 9.0000000000000053 6 6.9999999999999991 5.9999999999999991 6.9999999999999991 6.9999999999999991
leaf_count=17 7 8 10 11 9 6 7 6 7 7
internal_value=-0.00391361 0.00243007 -0.00128261 0.00346491 -0.00588983 0.0171552 -0.00263514 -0.00883333 -0.00598485 -0.022398
internal_weight=95 71 57 28 29 14 18 22 16 24
internal_count=95 71 57 28 29 14 18 22 16 24
is_linear=0
shrinkage=0.025


Tree=71
num_leaves=11
num_cat=0
split_feature=1 0 2 4 2 4 0 0 3 3
split_gain=18.0006 6.30355 2.03348 3.02975 1.29196 1.19283 0.671532 0.536991 0.309727 0.0188776
threshold=10.000000000000002 15.000000000000002 3.5500000000000003 93.000000000000014 2.5500000000000003 175.00000000000003 9.0000000000000018 11.000000000000002 4.5500000000000007 4.5500000000000007
decision_type=2 2 2 2 2 2 2 2 2 2
left_child=9 2 4 -4 -2 -3 -5 8 -6 -1
right_child=1 5 3 6 7 -7 -8 -9 -10 -11
leaf_value=-0.10049677396939911 0.0030403506191643004 0.35811127487767769 0.082997797543966634 -0.0007742184050508528 -0.014416980901466392 1.8180826475229048 0.013239859554948731 -0.011833276600608756 -0.078906101108934479 -0.050827562424597787
leaf_weight=17.000000000000004 7.0000000000000027 7.9999999999999982 10.000000000000002 11.000000000000002 9.0000000000000053 6 6.9999999999999991 5.9999999999999991 6.9999999999999991 6.9999999999999991
leaf_count=17 7 8 10 11 9 6 7 6 7 7
internal_value=-0.00391361 0.00243007 -0.00128261 0.00346491 -0.00588983 0.0171552 -0.00263514 -0.00883333 -0.00598485 -0.022398
internal_weight=95 71 57 28 29 14 18 22 16 24
internal_count=95 71 57 28 29 14 18 22 16 24
is_linear=0
shrinkage=0.025


Tree=72
num_leaves=11
num_cat=0
split_feature=1 0 2 4 2 4 0 0 0 3
split_gain=15.1645 6.30355 2.03348 3.02975 1.29196 1.19283 1.00892 0.671532 0.536991 0.309727
threshold=10.000000000000002 15.000000000000002 3.5500000000000003 93.000000000000014 2.5500000000000003 175.00000000000003 5.0000000000000009 9.0000000000000018 11.000000000000002 4.5500000000000007
decision_type=2 2 2 2 2 2 2 2 2 2
left_child=6 2 4 -4 -2 -3 -1 -5 9 -6
right_child=1 5 3 7 8 -7 -8 -9 -10 -11
leaf_value=-0.14496638255425218 0.0029643418536851487 0.34915849300573587 0.080922852605367454 -0.00075486294492463921 -0.014056556378929753 1.7726305813348326 -0.035676079613696746 0.012908863066074971 -0.011537444685593458 -0.076933448581211122
leaf_weight=16.000000000000004 7.0000000000000027 7.9999999999999982 10.000000000000002 11.000000000000002 9.0000000000000053 6 7.9999999999999991 6.9999999999999991 5.9999999999999991 6.9999999999999991
leaf_count=16 7 8 10 11 9 6 8 7 6 7
internal_value=-0.00339005 0.00243007 -0.00128261 0.00346491 -0.00588983 0.0171552 -0.0203571 -0.00263514 -0.00883333 -0.00598485
internal_weight=95 71 57 28 29 14 24 18 22 16
internal_count=95 71 57 28 29 14 24 18 22 16
is_linear=0
shrinkage=0.025


Tree=73
num_leaves=11
num_cat=0
split_feature=1 0 2 4 2 4 0 0 0 3
split_gain=15.1645 6.30355 2.03348 3.02975 1.29196 1.19283 1.00892 0.671532 0.536991 0.309727
threshold=10.000000000000002 15.000000000000002 3.5500000000000003 93.000000000000014 2.5500000000000003 175.00000000000003 5.0000000000000009 9.0000000000000018 11.000000000000002 4.5500000000000007
decision_type=2 2 2 2 2 2 2 2 2 2
left_child=6 2 4 -4 -2 -3 -1 -5 9 -6
right_child=1 5 3 7 8 -7 -8 -9 -10 -11
leaf_value=-0.14134222299039587 0.0028902333073430597 0.34042953068059262 0.078899781290233229 -0.00073599137130155869 -0.013705142469456533 1.7283148168014613 -0.034784177623354305 0.012586141489423143 -0.011249008568453789 -0.075010112366680926
leaf_weight=16.000000000000004 7.0000000000000027 7.9999999999999982 10.000000000000002 11.000000000000002 9.0000000000000053 6 7.9999999999999991 6.9999999999999991 5.9999999999999991 6.9999999999999991
leaf_count=16 7 8 10 11 9 6 8 7 6 7
internal_value=-0.00339005 0.00243007 -0.00128261 0.00346491 -0.00588983 0.0171552 -0.0203571 -0.00263514 -0.00883333 -0.00598485
internal_weight=95 71 57 28 29 14 24 18 22 16
internal_count=95 71 57 28 29 14 24 18 22 16
is_linear=0
shrinkage=0.025


Tree=74
num_leaves=11
num_cat=0
split_feature=1 0 2 4 2 4 0 0 0 3
split_gain=15.1645 6.30355 2.03348 3.02975 1.29196 1.19283 1.00892 0.671532 0.536991 0.309727
threshold=10.000000000000002 15.000000000000002 3.5500000000000003 93.000000000000014 2.5500000000000003 175.00000000000003 5.0000000000000009 9.0000000000000018 11.000000000000002 4.5500000000000007
decision_type=2 2 2 2 2 2 2 2 2 2
left_child=6 2 4 -4 -2 -3 -1 -5 9 -6
right_child=1 5 3 7 8 -7 -8 -9 -10 -11
leaf_value=-0.13780866741563599 0.0028179774746595501 0.33191879241357775 0.076927286757977428 -0.00071759158701905084 -0.013362513907720164 1.685106946381425 -0.033914573182770448 0.012271487952187599 -0.010967783354242401 -0.073134859557513823
leaf_weight=16.000000000000004 7.0000000000000027 7.9999999999999982 10.000000000000002 11.000000000000002 9.0000000000000053 6 7.9999999999999991 6.9999999999999991 5.9999999999999991 6.9999999999999991
leaf_count=16 7 8 10 11 9 6 8 7 6 7
internal_value=-0.00339005 0.00243007 -0.00128261 0.00346491 -0.00588983 0.0171552 -0.0203571 -0.00263514 -0.00883333 -0.00598485
internal_weight=95 71 57 28 29 14 24 18 22 16
internal_count=95 71 57 28 29 14 24 18 22 16
is_linear=0
shrinkage=0.025


Tree=75
num_leaves=11
num_cat=0
split_feature=1 0 2 4 2 4 0 0 0 3
split_gain=15.1645 6.30355 2.03348 3.02975 1.29196 1.19283 1.00892 0.671532 0.536991 0.309727
threshold=10.000000000000002 15.000000000000002 3.5500000000000003 93.000000000000014 2.5500000000000003 175.00000000000003 5.0000000000000009 9.0000000000000018 11.000000000000002 4.5500000000000007
decision_type=2 2 2 2 2 2 2 2 2 2
left_child=6 2 4 -4 -2 -3 -1 -5 9 -6
right_child=1 5 3 7 8 -7 -8 -9 -10 -11
leaf_value=-0.13436345073024505 0.0027475280377931457 0.32362082260323838 0.075004104589027953 -0.0006996517973435701 -0.013028451060027191 1.6429792727218897 -0.033066708853201197 0.01196470075338283 -0.010693588770386243 -0.071306488068576007
leaf_weight=16.000000000000004 7.0000000000000027 7.9999999999999982 10.000000000000002 11.000000000000002 9.0000000000000053 6 7.9999999999999991 6.9999999999999991 5.9999999999999991 6.9999999999999991
leaf_count=16 7 8 10 11 9 6 8 7 6 7
internal_value=-0.00339005 0.00243007 -0.00128261 0.00346491 -0.00588983 0.0171552 -0.0203571 -0.00263514 -0.00883333 -0.00598485
internal_weight=95 71 57 28 29 14 24 18 22 16
internal_count=95 71 57 28 29 14 24 18 22 16
is_linear=0
shrinkage=0.025


Tree=76
num_leaves=12
num_cat=0
split_feature=3 0 1 4 2 4 2 3 3 4 0
split_gain=13.3578 7.16631 3.06246 2.21007 2.9225 1.19283 0.50946 0.454821 1.47555 0.274037 0.204632
threshold=4.0500000000000007 15.000000000000002 10.000000000000002 93.000000000000014 3.4500000000000006 175.00000000000003 2.5500000000000003 4.6500000000000012 4.9500000000000011 86.000000000000014 9.0000000000000018
decision_type=2 2 2 2 2 2 2 2 2 2 2
left_child=-1 2 9 4 6 -3 -4 -5 -9 -2 -10
right_child=1 5 3 7 -6 -7 -8 8 10 -11 -12
leaf_value=-0.084022336527900879 -0.035441502946003747 0.31553030203815757 0.0026788398368482905 -0.0047355931583181743 0.062221137403684602 1.6019047909038422 -0.019219271708579202 0.017489382352050775 -0.00068216050241005639 -0.032240041131871157 -0.0060588610726870946
leaf_weight=14.999999999999998 6.9999999999999982 7.9999999999999982 7.0000000000000027 7.0000000000000027 10.999999999999998 6 7.9999999999999991 6.0000000000000027 6.9999999999999982 6 7
leaf_count=15 7 8 7 7 11 6 8 6 7 6 7
internal_value=-0.00286649 0.00122671 -0.00223684 0.000443925 0.00561321 0.0171552 -0.00153226 -0.0045 -0.00237805 -0.0128704 -0.00681034
internal_weight=95 80 66 53 26 14 15 27 20 13 14
internal_count=95 80 66 53 26 14 15 27 20 13 14
is_linear=0
shrinkage=0.025


Tree=77
num_leaves=12
num_cat=0
split_feature=3 0 1 4 2 4 3 3 2 4 0
split_gain=14.0205 6.6226 3.506 1.48973 2.9225 1.19283 0.826432 0.638481 0.50946 0.274037 0.204632
threshold=4.0500000000000007 15.000000000000002 10.000000000000002 93.000000000000014 3.4500000000000006 175.00000000000003 4.9500000000000011 4.6500000000000012 2.5500000000000003 86.000000000000014 9.0000000000000018
decision_type=2 2 2 2 2 2 2 2 2 2 2
left_child=-1 2 9 4 8 -3 7 -5 -4 -2 -8
right_child=1 5 3 6 -6 -7 10 -9 -10 -11 -12
leaf_value=-0.081921778114703345 -0.034555465372353655 0.30764204448720367 0.0026118688409271229 -0.0046172033293602867 0.060665608968592459 1.5618571711312461 -0.00066510648984987599 0.017052147793249438 -0.01873878991586473 -0.031434040103574382 -0.00590738954586989
leaf_weight=14.999999999999998 6.9999999999999982 7.9999999999999982 7.0000000000000027 7.0000000000000018 10.999999999999998 6 6.9999999999999982 6 7.9999999999999991 6 7
leaf_count=15 7 8 7 7 11 6 7 6 8 6 7
internal_value=-0.00234293 0.00184783 -0.00148496 0.0013785 0.00561321 0.0171552 -0.00268182 0.00175926 -0.00153226 -0.0128704 -0.00681034
internal_weight=95 80 66 53 26 14 27 13 15 13 14
internal_count=95 80 66 53 26 14 27 13 15 13 14
is_linear=0
shrinkage=0.025


Tree=78
num_leaves=12
num_cat=0
split_feature=3 0 1 4 2 4 3 3 2 4 0
split_gain=14.0205 6.6226 3.506 1.48973 2.9225 1.19283 0.826432 0.638481 0.50946 0.274037 0.204632
threshold=4.0500000000000007 15.000000000000002 10.000000000000002 93.000000000000014 3.4500000000000006 175.00000000000003 4.9500000000000011 4.6500000000000012 2.5500000000000003 86.000000000000014 9.0000000000000018
decision_type=2 2 2 2 2 2 2 2 2 2 2
left_child=-1 2 9 4 8 -3 7 -5 -4 -2 -8
right_child=1 5 3 6 -6 -7 10 -9 -10 -11 -12
leaf_value=-0.079873733661835727 -0.033691578738044826 0.29995099337502346 0.0025465721199038785 -0.004501773246126284 0.059148968744377674 1.5228107418529648 -0.00064847882760368238 0.016625844098418163 -0.018270320167968101 -0.03064818910098506 -0.0057597048072231876
leaf_weight=14.999999999999998 6.9999999999999982 7.9999999999999982 7.0000000000000027 7.0000000000000018 10.999999999999998 6 6.9999999999999982 6 7.9999999999999991 6 7
leaf_count=15 7 8 7 7 11 6 7 6 8 6 7
internal_value=-0.00234293 0.00184783 -0.00148496 0.0013785 0.00561321 0.0171552 -0.00268182 0.00175926 -0.00153226 -0.0128704 -0.00681034
internal_weight=95 80 66 53 26 14 27 13 15 13 14
internal_count=95 80 66 53 26 14 27 13 15 13 14
is_linear=0
shrinkage=0.025


Tree=79
num_leaves=12
num_cat=0
split_feature=3 0 1 4 2 4 3 3 2 4 0
split_gain=14.0205 6.6226 3.506 1.48973 2.9225 1.19283 0.826432 0.638481 0.50946 0.274037 0.204632
threshold=4.0500000000000007 15.000000000000002 10.000000000000002 93.000000000000014 3.4500000000000006 175.00000000000003 4.9500000000000011 4.6500000000000012 2.5500000000000003 86.000000000000014 9.0000000000000018
decision_type=2 2 2 2 2 2 2 2 2 2 2
left_child=-1 2 9 4 8 -3 7 -5 -4 -2 -8
right_child=1 5 3 6 -6 -7 10 -9 -10 -11 -12
leaf_value=-0.077876890320289868 -0.03284928926959374 0.2924522185406479 0.0024829078169062769 -0.0043892289149731313 0.057670244525768237 1.4847404733066407 -0.00063226685691351045 0.016210197995957642 -0.017813562163768861 -0.029881984373460391 -0.0056157121870427321
leaf_weight=14.999999999999998 6.9999999999999982 7.9999999999999982 7.0000000000000027 7.0000000000000018 10.999999999999998 6 6.9999999999999982 6 7.9999999999999991 6 7
leaf_count=15 7 8 7 7 11 6 7 6 8 6 7
internal_value=-0.00234293 0.00184783 -0.00148496 0.0013785 0.00561321 0.0171552 -0.00268182 0.00175926 -0.00153226 -0.0128704 -0.00681034
internal_weight=95 80 66 53 26 14 27 13 15 13 14
internal_count=95 80 66 53 26 14 27 13 15 13 14
is_linear=0
shrinkage=0.025


Tree=80
num_leaves=12
num_cat=0
split_feature=3 0 1 4 2 4 3 3 2 4 0
split_gain=14.0205 6.6226 3.506 1.48973 2.9225 1.19283 0.826432 0.638481 0.50946 0.274037 0.204632
threshold=4.0500000000000007 15.000000000000002 10.000000000000002 93.000000000000014 3.4500000000000006 175.00000000000003 4.9500000000000011 4.6500000000000012 2.5500000000000003 86.000000000000014 9.0000000000000018
decision_type=2 2 2 2 2 2 2 2 2 2 2
left_child=-1 2 9 4 8 -3 7 -5 -4 -2 -8
right_child=1 5 3 6 -6 -7 10 -9 -10 -11 -12
leaf_value=-0.07592996806228261 -0.032028057037853941 0.2851409130771318 0.0024208351214836557 -0.0042794981920987853 0.056228488412624067 1.4476219614739747 -0.0006164601854907304 0.015804943046058641 -0.017368223109674653 -0.029134934764123877 -0.0054753193823668059
leaf_weight=14.999999999999998 6.9999999999999982 7.9999999999999982 7.0000000000000027 7.0000000000000018 10.999999999999998 6 6.9999999999999982 6 7.9999999999999991 6 7
leaf_count=15 7 8 7 7 11 6 7 6 8 6 7
internal_value=-0.00234293 0.00184783 -0.00148496 0.0013785 0.00561321 0.0171552 -0.00268182 0.00175926 -0.00153226 -0.0128704 -0.00681034
internal_weight=95 80 66 53 26 14 27 13 15 13 14
internal_count=95 80 66 53 26 14 27 13 15 13 14
is_linear=0
shrinkage=0.025


Tree=81
num_leaves=12
num_cat=0
split_feature=3 0 1 4 2 4 3 3 2 4 0
split_gain=14.0205 6.6226 3.506 1.48973 2.9225 1.19283 0.826432 0.638481 0.50946 0.274037 0.204632
threshold=4.0500000000000007 15.000000000000002 10.000000000000002 93.000000000000014 3.4500000000000006 175.00000000000003 4.9500000000000011 4.6500000000000012 2.5500000000000003 86.000000000000014 9.0000000000000018
decision_type=2 2 2 2 2 2 2 2 2 2 2
left_child=-1 2 9 4 8 -3 7 -5 -4 -2 -8
right_child=1 5 3 6 -6 -7 10 -9 -10 -11 -12
leaf_value=-0.074031718860725529 -0.031227355611907551 0.27801239025020358 0.0023603142434465599 -0.004172510737296342 0.054822776202308444 1.4114314124371254 -0.00060104868085346656 0.015409819469907228 -0.016934017531932754 -0.028406561395020805 -0.0053384363978075562
leaf_weight=14.999999999999998 6.9999999999999982 7.9999999999999982 7.0000000000000027 7.0000000000000018 10.999999999999998 6 6.9999999999999982 6 7.9999999999999991 6 7
leaf_count=15 7 8 7 7 11 6 7 6 8 6 7
internal_value=-0.00234293 0.00184783 -0.00148496 0.0013785 0.00561321 0.0171552 -0.00268182 0.00175926 -0.00153226 -0.0128704 -0.00681034
internal_weight=95 80 66 53 26 14 27 13 15 13 14
internal_count=95 80 66 53 26 14 27 13 15 13 14
is_linear=0
shrinkage=0.025


Tree=82
num_leaves=12
num_cat=0
split_feature=3 0 1 4 2 4 3 3 2 4 0
split_gain=14.0205 6.6226 3.506 1.48973 2.9225 1.19283 0.826432 0.638481 0.50946 0.274037 0.204632
threshold=4.0500000000000007 15.000000000000002 10.000000000000002 93.000000000000014 3.4500000000000006 175.00000000000003 4.9500000000000011 4.6500000000000012 2.5500000000000003 86.000000000000014 9.0000000000000018
decision_type=2 2 2 2 2 2 2 2 2 2 2
left_child=-1 2 9 4 8 -3 7 -5 -4 -2 -8
right_child=1 5 3 6 -6 -7 10 -9 -10 -11 -12
leaf_value=-0.072180925889207354 -0.030446671721609864 0.27106208049394864 0.0023013063873603911 -0.0040681979688638849 0.053452206797250761 1.3761456271261974 -0.00058602246383205887 0.015024573983159506 -0.016510667093634447 -0.02769639736014531 -0.0052049754878623847
leaf_weight=14.999999999999998 6.9999999999999982 7.9999999999999982 7.0000000000000027 7.0000000000000018 10.999999999999998 6 6.9999999999999982 6 7.9999999999999991 6 7
leaf_count=15 7 8 7 7 11 6 7 6 8 6 7
internal_value=-0.00234293 0.00184783 -0.00148496 0.0013785 0.00561321 0.0171552 -0.00268182 0.00175926 -0.00153226 -0.0128704 -0.00681034
internal_weight=95 80 66 53 26 14 27 13 15 13 14
internal_count=95 80 66 53 26 14 27 13 15 13 14
is_linear=0
shrinkage=0.025


Tree=83
num_leaves=12
num_cat=0
split_feature=3 0 1 4 2 4 3 3 2 4 0
split_gain=14.0205 6.6226 3.506 1.48973 2.9225 1.19283 0.826432 0.638481 0.50946 0.274037 0.204632
threshold=4.0500000000000007 15.000000000000002 10.000000000000002 93.000000000000014 3.4500000000000006 175.00000000000003 4.9500000000000011 4.6500000000000012 2.5500000000000003 86.000000000000014 9.0000000000000018
decision_type=2 2 2 2 2 2 2 2 2 2 2
left_child=-1 2 9 4 8 -3 7 -5 -4 -2 -8
right_child=1 5 3 6 -6 -7 10 -9 -10 -11 -12
leaf_value=-0.070376402741977193 -0.029685504928569629 0.26428552848159992 0.0022437737276764127 -0.0039664930196423144 0.052115901627319522 1.3417419864480424 -0.00057137190223617302 0.014648959633580462 -0.016097900416293599 -0.027003987426141674 -0.0050748511006659669
leaf_weight=14.999999999999998 6.9999999999999982 7.9999999999999982 7.0000000000000027 7.0000000000000018 10.999999999999998 6 6.9999999999999982 6 7.9999999999999991 6 7
leaf_count=15 7 8 7 7 11 6 7 6 8 6 7
internal_value=-0.00234293 0.00184783 -0.00148496 0.0013785 0.00561321 0.0171552 -0.00268182 0.00175926 -0.00153226 -0.0128704 -0.00681034
internal_weight=95 80 66 53 26 14 27 13 15 13 14
internal_count=95 80 66 53 26 14 27 13 15 13 14
is_linear=0
shrinkage=0.025


Tree=84
num_leaves=12
num_cat=0
split_feature=3 0 1 4 2 4 3 3 2 4 0
split_gain=14.0205 6.6226 3.506 1.48973 2.9225 1.19283 0.826432 0.638481 0.50946 0.274037 0.204632
threshold=4.0500000000000007 15.000000000000002 10.000000000000002 93.000000000000014 3.4500000000000006 175.00000000000003 4.9500000000000011 4.6500000000000012 2.5500000000000003 86.000000000000014 9.0000000000000018
decision_type=2 2 2 2 2 2 2 2 2 2 2
left_child=-1 2 9 4 8 -3 7 -5 -4 -2 -8
right_child=1 5 3 6 -6 -7 10 -9 -10 -11 -12
leaf_value=-0.068616992673427732 -0.028943367305355405 0.25767839026956008 0.0021876793844844756 -0.0038673306941513276 0.050813004086636498 1.3081984367868413 -0.00055708760468018423 0.014282735642740896 -0.015695452905886278 -0.026328887740488138 -0.0049479798231494955
leaf_weight=14.999999999999998 6.9999999999999982 7.9999999999999982 7.0000000000000027 7.0000000000000018 10.999999999999998 6 6.9999999999999982 6 7.9999999999999991 6 7
leaf_count=15 7 8 7 7 11 6 7 6 8 6 7
internal_value=-0.00234293 0.00184783 -0.00148496 0.0013785 0.00561321 0.0171552 -0.00268182 0.00175926 -0.00153226 -0.0128704 -0.00681034
internal_weight=95 80 66 53 26 14 27 13 15 13 14
internal_count=95 80 66 53 26 14 27 13 15 13 14
is_linear=0
shrinkage=0.025


Tree=85
num_leaves=11
num_cat=0
split_feature=1 0 4 2 4 4 2 3 2 4
split_gain=14.3223 5.1665 2.16039 2.11991 2.2472 1.19283 0.874114 0.853145 0.805931 0.274037
threshold=10.000000000000002 15.000000000000002 115.00000000000001 3.3500000000000001 93.000000000000014 175.00000000000003 3.5500000000000003 4.0500000000000007 2.5500000000000003 86.000000000000014
decision_type=2 2 2 2 2 2 2 2 2 2
left_child=7 2 3 8 -5 -3 -4 -1 -2 -9
right_child=1 5 6 4 -6 -7 -8 9 -10 -11
leaf_value=-0.16472931234053984 0.0021329873998723772 0.25123643051282107 -0.0057832749809379365 0.043186404678646852 -0.022081545816994286 1.2754934758671705 0.003779353859803436 -0.028219783122721512 -0.021819598508291807 -0.02567066554697597
leaf_weight=11.000000000000002 6.9999999999999991 7.9999999999999982 11.000000000000002 12.000000000000002 9.9999999999999982 6 7.9999999999999991 6.9999999999999982 8.9999999999999982 6
leaf_count=11 7 8 11 12 10 6 8 7 9 6
internal_value=-0.00181937 0.00382867 0.000413043 0.00386364 0.00883333 0.0171552 -0.00634615 -0.0183163 -0.00295455 -0.0128704
internal_weight=95 71 57 38 22 14 19 24 16 13
internal_count=95 71 57 38 22 14 19 24 16 13
is_linear=0
shrinkage=0.025


Tree=86
num_leaves=11
num_cat=0
split_feature=3 0 1 4 2 4 3 3 2 0
split_gain=14.6989 6.09981 1.92048 1.48973 2.9225 1.19283 0.826432 0.638481 0.50946 0.204632
threshold=4.0500000000000007 15.000000000000002 10.000000000000002 93.000000000000014 3.4500000000000006 175.00000000000003 4.9500000000000011 4.6500000000000012 2.5500000000000003 9.0000000000000018
decision_type=2 2 2 2 2 2 2 2 2 2
left_child=-1 2 -2 4 8 -3 7 -5 -4 -8
right_child=1 5 3 6 -6 -7 9 -9 -10 -11
leaf_value=-0.062783335048078565 -0.027514288544653456 0.2449555197500006 0.0020796627148754964 -0.0036260655522742271 0.048463018867504461 1.2436061389704913 -0.00063764426105823453 0.014154444651137334 -0.014757576620531766 -0.0046796984530473656
leaf_weight=14.999999999999998 12.999999999999998 7.9999999999999982 7.0000000000000027 7.0000000000000018 10.999999999999998 6 6.9999999999999982 6 7.9999999999999991 7
leaf_count=15 13 8 7 7 11 6 7 6 8 7
internal_value=-0.00181937 0.00246894 -0.000733083 0.0013785 0.00561321 0.0171552 -0.00268182 0.00175926 -0.00153226 -0.00681034
internal_weight=95 80 66 53 26 14 27 13 15 14
internal_count=95 80 66 53 26 14 27 13 15 14
is_linear=0
shrinkage=0.025


Tree=87
num_leaves=12
num_cat=0
split_feature=1 3 0 4 3 3 2 4 4 0 3
split_gain=10.9983 4.45909 2.28269 2.54788 1.85753 1.42708 0.871225 1.78058 1.18335 0.0607037 0.0534815
threshold=10.000000000000002 5.3500000000000005 17.000000000000004 132.50000000000003 4.0500000000000007 5.1500000000000012 3.3500000000000001 93.000000000000014 100.00000000000001 11.000000000000002 4.6500000000000012
decision_type=2 2 2 2 2 2 2 2 2 2 2
left_child=4 2 3 5 -1 6 10 -8 -9 -10 -2
right_child=1 -3 -4 -5 -6 -7 7 8 9 -11 -12
leaf_value=-0.15904149615582439 -0.0078721052799657805 0.689613411830309 1.2125159854962291 -0.014546724132983524 -0.026826431331037084 -0.013297481948600521 0.021977913107951608 -0.075383532245270155 0.0015995207235873111 0.032712243779511145 -0.060700590800628264
leaf_weight=11.000000000000002 6.9999999999999982 5.9999999999999991 5.9999999999999991 5.9999999999999991 12.999999999999998 10.999999999999998 10.000000000000002 6.0000000000000009 7 6 6
leaf_count=11 7 6 6 6 13 11 10 6 7 6 6
internal_value=-0.00181937 0.00312937 0.00112595 -0.00039916 -0.0162755 0.0013785 0.0035 0.00588983 0.00121795 0.00546296 -0.00175926
internal_weight=95 71 65 59 24 53 42 29 19 13 13
internal_count=95 71 65 59 24 53 42 29 19 13 13
is_linear=0
shrinkage=0.025


Tree=88
num_leaves=12
num_cat=0
split_feature=1 3 0 4 3 3 2 4 4 0 3
split_gain=10.9983 4.45909 2.28269 2.54788 1.85753 1.42708 0.871225 1.78058 1.18335 0.0607037 0.0534815
threshold=10.000000000000002 5.3500000000000005 17.000000000000004 132.50000000000003 4.0500000000000007 5.1500000000000012 3.3500000000000001 93.000000000000014 100.00000000000001 11.000000000000002 4.6500000000000012
decision_type=2 2 2 2 2 2 2 2 2 2 2
left_child=4 2 3 5 -1 6 10 -8 -9 -10 -2
right_child=1 -3 -4 -5 -6 -7 7 8 9 -11 -12
leaf_value=-0.15506545875192873 -0.0076753026479666536 0.67237307653455125 1.1822030858588233 -0.014183056029658926 -0.026155770547761126 -0.012965044899885571 0.021428465280252773 -0.073498943939138431 0.0015595327054976238 0.031894437685023293 -0.059183076030612548
leaf_weight=11.000000000000002 6.9999999999999982 5.9999999999999991 5.9999999999999991 5.9999999999999991 12.999999999999998 10.999999999999998 10.000000000000002 6.0000000000000009 7 6 6
leaf_count=11 7 6 6 6 13 11 10 6 7 6 6
internal_value=-0.00181937 0.00312937 0.00112595 -0.00039916 -0.0162755 0.0013785 0.0035 0.00588983 0.00121795 0.00546296 -0.00175926
internal_weight=95 71 65 59 24 53 42 29 19 13 13
internal_count=95 71 65 59 24 53 42 29 19 13 13
is_linear=0
shrinkage=0.025


Tree=89
num_leaves=12
num_cat=0
split_feature=1 3 2 3 0 4 3 3 4 4 2
split_gain=10.2206 4.78476 2.59353 1.85753 1.79863 1.92883 1.47162 1.56068 0.945782 0.322759 0.0607037
threshold=10.000000000000002 5.3500000000000005 3.5500000000000003 4.0500000000000007 11.000000000000002 93.000000000000014 4.4500000000000011 4.9500000000000011 132.50000000000003 100.00000000000001 3.3500000000000001
decision_type=2 2 2 2 2 2 2 2 2 2 2
left_child=3 2 6 -1 5 -4 8 -8 -2 -7 -9
right_child=1 -3 4 -5 -6 9 7 10 -10 -11 -12
leaf_value=-0.15118882228313055 -0.00044744316116585026 0.65556374962118746 0.039810009630287982 -0.025501876284067127 1.1484727109800859 -0.071661470340659991 0.019742751878987264 -0.011524547191607582 -0.024306094031688465 0.00040993244880063175 -0.0061778730283347022
leaf_weight=11.000000000000002 6.9999999999999982 5.9999999999999991 8.0000000000000053 12.999999999999998 6.9999999999999991 5.9999999999999991 9.0000000000000018 5.9999999999999982 7 7.9999999999999991 7
leaf_count=11 7 6 8 13 7 6 9 6 7 8 7
internal_value=-0.00234293 0.00243007 0.000362595 -0.0162755 0.00588983 0.00216667 -0.00407534 0 -0.0102586 -0.00336207 -0.00546296
internal_weight=95 71 65 24 29 22 36 22 14 14 13
internal_count=95 71 65 24 29 22 36 22 14 14 13
is_linear=0
shrinkage=0.025


Tree=90
num_leaves=11
num_cat=0
split_feature=3 3 0 3 3 3 2 4 1 2
split_gain=10.7535 5.00676 2.62816 2.65248 2.03838 1.05174 1.292 0.675349 0.705718 0.615247
threshold=4.0500000000000007 5.3500000000000005 17.000000000000004 4.2500000000000009 4.6500000000000012 5.1500000000000012 3.4500000000000006 115.00000000000001 14.000000000000002 3.4500000000000006
decision_type=2 2 2 2 2 2 2 2 2 2
left_child=-1 2 3 -2 9 6 -6 8 -8 -5
right_child=1 -3 -4 4 5 -7 7 -9 -10 -11
leaf_value=-0.049581357242104489 0.013136377367298158 0.63917465588065769 1.1239361909378507 -0.002209517058609123 -0.084612028513459725 -0.012486471951680046 0.0028066668256475861 0.003426685361485049 0.019553801166693231 -0.044566456436059637
leaf_weight=14.999999999999998 7.9999999999999991 5.9999999999999991 5.9999999999999991 7.0000000000000027 8.0000000000000018 10.999999999999998 7 8 6 12.999999999999998
leaf_count=15 8 6 6 7 8 11 7 8 6 13
internal_value=-0.00181937 0.00184783 0 -0.00144161 -0.00328512 0 0.0025 0.00575581 0.00916667 -0.00969512
internal_weight=95 80 74 68 60 40 29 21 13 20
internal_count=95 80 74 68 60 40 29 21 13 20
is_linear=0
shrinkage=0.025


Tree=91
num_leaves=12
num_cat=0
split_feature=1 3 0 4 3 3 2 4 4 0 3
split_gain=10.9983 4.45909 2.28269 2.54788 1.85753 1.42708 0.871225 1.78058 1.18335 0.0607037 0.0534815
threshold=10.000000000000002 5.3500000000000005 17.000000000000004 132.50000000000003 4.0500000000000007 5.1500000000000012 3.3500000000000001 93.000000000000014 100.00000000000001 11.000000000000002 4.6500000000000012
decision_type=2 2 2 2 2 2 2 2 2 2 2
left_child=4 2 3 5 -1 6 10 -8 -9 -10 -2
right_child=1 -3 -4 -5 -6 -7 7 8 9 -11 -12
leaf_value=-0.14616956779499965 -0.007416996076273108 0.62319528948364133 1.0958377861644042 -0.012306593440993741 -0.023750167966063974 -0.012174310152888168 0.020419500777619427 -0.070278560813818433 0.0026244574875414987 0.015623672249095577 -0.056081767213985327
leaf_weight=11.000000000000002 6.9999999999999982 5.9999999999999991 5.9999999999999991 5.9999999999999991 12.999999999999998 10.999999999999998 10.000000000000002 6.0000000000000009 7 6 6
leaf_count=11 7 6 6 6 13 11 10 6 7 6 6
internal_value=-0.00181937 0.00312937 0.00112595 -0.00039916 -0.0162755 0.0013785 0.0035 0.00588983 0.00121795 0.00546296 -0.00175926
internal_weight=95 71 65 59 24 53 42 29 19 13 13
internal_count=95 71 65 59 24 53 42 29 19 13 13
is_linear=0
shrinkage=0.025


Tree=92
num_leaves=11
num_cat=0
split_feature=3 3 0 3 1 4 2 0 2 0
split_gain=11.3481 4.71245 2.40486 2.36524 2.01157 1.08563 1.37082 1.17907 1.02488 0.642574
threshold=4.0500000000000007 5.3500000000000005 17.000000000000004 4.2500000000000009 10.000000000000002 115.00000000000001 3.4500000000000006 7.0000000000000009 2.5500000000000003 11.000000000000002
decision_type=2 2 2 2 2 2 2 2 2 2
left_child=-1 2 3 -2 -5 6 8 -8 -6 -7
right_child=1 -3 -4 4 5 9 7 -9 -10 -11
leaf_value=-0.044687584116176904 0.013284074540650349 0.60761540724655028 1.0684418415102941 -0.034551817880846603 0.008048538913996062 0.0032754067902594389 -0.027287979396224404 0.018369746246617781 -0.019343972726454696 -0.0091848187709784312
leaf_weight=14.999999999999998 7.9999999999999991 5.9999999999999991 5.9999999999999991 8.9999999999999982 8.9999999999999982 8.0000000000000018 8.0000000000000018 8.9999999999999982 6.9999999999999991 9.9999999999999982
leaf_count=15 8 6 6 9 9 8 8 9 7 10
internal_value=-0.00129581 0.00246894 0.000654362 -0.000711679 -0.00245868 -0.000461165 0.00220149 0.00707143 -0.00295455 -0.00533784
internal_weight=95 80 74 68 60 51 33 17 16 18
internal_count=95 80 74 68 60 51 33 17 16 18
is_linear=0
shrinkage=0.025


Tree=93
num_leaves=11
num_cat=0
split_feature=3 3 0 3 1 4 2 0 2 0
split_gain=11.3481 4.71245 2.40486 2.36524 2.01157 1.08563 1.37082 1.17907 1.02488 0.642574
threshold=4.0500000000000007 5.3500000000000005 17.000000000000004 4.2500000000000009 10.000000000000002 115.00000000000001 3.4500000000000006 7.0000000000000009 2.5500000000000003 11.000000000000002
decision_type=2 2 2 2 2 2 2 2 2 2
left_child=-1 2 3 -2 -5 6 8 -8 -6 -7
right_child=1 -3 -4 4 5 9 7 -9 -10 -11
leaf_value=-0.043570394513272472 0.012951972677134105 0.59242502206538639 1.0417307954725368 -0.033688022433825453 0.0078473254411461479 0.0031935216205029706 -0.026605779911318718 0.017910502590452283 -0.018860373408293364 -0.0089551983017040378
leaf_weight=14.999999999999998 7.9999999999999991 5.9999999999999991 5.9999999999999991 8.9999999999999982 8.9999999999999982 8.0000000000000018 8.0000000000000018 8.9999999999999982 6.9999999999999991 9.9999999999999982
leaf_count=15 8 6 6 9 9 8 8 9 7 10
internal_value=-0.00129581 0.00246894 0.000654362 -0.000711679 -0.00245868 -0.000461165 0.00220149 0.00707143 -0.00295455 -0.00533784
internal_weight=95 80 74 68 60 51 33 17 16 18
internal_count=95 80 74 68 60 51 33 17 16 18
is_linear=0
shrinkage=0.025


Tree=94
num_leaves=10
num_cat=0
split_feature=1 0 3 4 2 4 0 2 3
split_gain=10.9983 3.18173 1.85753 1.72031 2.45024 1.72606 1.14214 0.805512 0.240667
threshold=10.000000000000002 17.000000000000004 4.0500000000000007 115.00000000000001 3.3500000000000001 93.000000000000014 13.000000000000002 2.5500000000000003 4.9500000000000011
decision_type=2 2 2 2 2 2 2 2 2
left_child=2 3 -1 4 7 -6 8 -2 -5
right_child=1 -3 -4 6 5 -7 -8 -9 -10
leaf_value=-0.14030887913438841 0.0076511423051174535 0.89955974150569584 -0.021450417759045593 0.0010104353574593716 0.037915694157764079 0.0016518398294261161 -0.0060854664490975104 -0.018388864073085997 -0.0010239295829736152
leaf_weight=11.000000000000002 9.0000000000000018 7.9999999999999991 12.999999999999998 7.0000000000000018 12.000000000000002 10.999999999999998 7.9999999999999991 8.9999999999999982 7
leaf_count=11 9 8 13 7 12 11 8 9 7
internal_value=-0.00181937 0.00312937 -0.0162755 0.00116142 0.00418675 0.00952128 -0.00438889 -0.00263514 0
internal_weight=95 71 24 63 41 23 22 18 14
internal_count=95 71 24 63 41 23 22 18 14
is_linear=0
shrinkage=0.025


Tree=95
num_leaves=11
num_cat=0
split_feature=0 0 4 2 3 2 0 4 0 1
split_gain=9.0057 3.57004 1.66694 4.19904 1.36161 2.41639 1.21278 1.64656 1.07449 0.61648
threshold=5.0000000000000009 17.000000000000004 93.000000000000014 3.3500000000000001 4.3500000000000005 2.5500000000000003 7.0000000000000009 115.00000000000001 13.000000000000002 7.0000000000000009
decision_type=2 2 2 2 2 2 2 2 2 2
left_child=9 2 3 4 -2 -6 -4 -8 -9 -1
right_child=1 -3 6 -5 5 -7 7 8 -10 -11
leaf_value=-0.1481089092884445 0.0081504260245730993 0.8770707479680534 -0.041441489986565209 0.036967801803820026 0.0074598637474895925 -0.12479636048883691 0.01191184478024887 0.0031138522578093132 -0.005933329787870179 -0.026770624440596705
leaf_weight=7.9999999999999973 6.0000000000000027 7.9999999999999991 7.9999999999999991 11.999999999999998 8.9999999999999982 6.9999999999999991 9.0000000000000018 12.000000000000002 7.9999999999999991 8
leaf_count=8 6 8 8 12 9 7 9 12 8 8
internal_value=-0.00129581 0.00218553 0.000332168 0.00431159 -0.00216667 -0.00598485 -0.0033 -0.000805085 -0.00481707 -0.0181061
internal_weight=95 79 71 34 22 16 37 29 20 16
internal_count=95 79 71 34 22 16 37 29 20 16
is_linear=0
shrinkage=0.025


Tree=96
num_leaves=11
num_cat=0
split_feature=0 0 3 1 2 3 3 0 4 1
split_gain=8.45712 3.86941 1.87174 2.01823 2.10536 2.14467 1.95368 1.0731 1.45802 0.61648
threshold=5.0000000000000009 17.000000000000004 4.2500000000000009 10.000000000000002 3.5500000000000003 4.4500000000000011 4.9500000000000011 7.0000000000000009 115.00000000000001 7.0000000000000009
decision_type=2 2 2 2 2 2 2 2 2 2
left_child=9 2 -2 -4 5 -5 -7 -6 -9 -1
right_child=1 -3 3 4 7 6 -8 8 -10 -11
leaf_value=-0.14440618655623338 0.0016043442669556375 0.85514397926885222 -0.035750515477876735 -0.0060205015697848202 -0.055268119018123764 0.017123647910449336 -0.0057849965431735484 0.024170464902025481 0.0030360059513640184 -0.02610135882958178
leaf_weight=7.9999999999999973 9.9999999999999982 7.9999999999999991 5.9999999999999991 7.0000000000000027 7.0000000000000027 9.0000000000000018 13.999999999999998 10 8 8
leaf_count=8 10 8 6 7 7 9 14 10 8 8
internal_value=-0.00181937 0.0015566 -0.000332168 -0.0020122 -0.000427928 -0.00487705 -0.00101064 0.00485294 0.00804054 -0.0181061
internal_weight=95 79 71 61 55 30 23 25 18 16
internal_count=95 79 71 61 55 30 23 25 18 16
is_linear=0
shrinkage=0.025


Tree=97
num_leaves=11
num_cat=0
split_feature=0 0 3 1 2 3 3 0 4 1
split_gain=8.45712 3.86941 1.87174 2.01823 2.10536 2.14467 1.95368 1.0731 1.45802 0.61648
threshold=5.0000000000000009 17.000000000000004 4.2500000000000009 10.000000000000002 3.5500000000000003 4.4500000000000011 4.9500000000000011 7.0000000000000009 115.00000000000001 7.0000000000000009
decision_type=2 2 2 2 2 2 2 2 2 2
left_child=9 2 -2 -4 5 -5 -7 -6 -9 -1
right_child=1 -3 3 4 7 6 -8 8 -10 -11
leaf_value=-0.14079603189232756 0.0015642356602817654 0.83376537978713083 -0.034856752590929845 -0.0058699890305401684 -0.053886416042670686 0.01669555671268803 -0.0056403716295942985 0.023566203279474784 0.0029601058025798821 -0.025448824858842235
leaf_weight=7.9999999999999973 9.9999999999999982 7.9999999999999991 5.9999999999999991 7.0000000000000027 7.0000000000000027 9.0000000000000018 13.999999999999998 10 8 8
leaf_count=8 10 8 6 7 7 9 14 10 8 8
internal_value=-0.00181937 0.0015566 -0.000332168 -0.0020122 -0.000427928 -0.00487705 -0.00101064 0.00485294 0.00804054 -0.0181061
internal_weight=95 79 71 61 55 30 23 25 18 16
internal_count=95 79 71 61 55 30 23 25 18 16
is_linear=0
shrinkage=0.025


Tree=98
num_leaves=11
num_cat=0
split_feature=0 0 3 1 2 3 3 0 4 1
split_gain=8.45712 3.86941 1.87174 2.01823 2.10536 2.14467 1.95368 1.0731 1.45802 0.61648
threshold=5.0000000000000009 17.000000000000004 4.2500000000000009 10.000000000000002 3.5500000000000003 4.4500000000000011 4.9500000000000011 7.0000000000000009 115.00000000000001 7.0000000000000009
decision_type=2 2 2 2 2 2 2 2 2 2
left_child=9 2 -2 -4 5 -5 -7 -6 -9 -1
right_child=1 -3 3 4 7 6 -8 8 -10 -11
leaf_value=-0.13727613109501938 0.0015251297687747024 0.81292124529245258 -0.033985333776156604 -0.0057232393047766733 -0.052539255641603867 0.01627816779487077 -0.0054993623388543966 0.022977048197487984 0.0028861031575154075 -0.024812604237371194
leaf_weight=7.9999999999999973 9.9999999999999982 7.9999999999999991 5.9999999999999991 7.0000000000000027 7.0000000000000027 9.0000000000000018 13.999999999999998 10 8 8
leaf_count=8 10 8 6 7 7 9 14 10 8 8
internal_value=-0.00181937 0.0015566 -0.000332168 -0.0020122 -0.000427928 -0.00487705 -0.00101064 0.00485294 0.00804054 -0.0181061
internal_weight=95 79 71 61 55 30 23 25 18 16
internal_count=95 79 71 61 55 30 23 25 18 16
is_linear=0
shrinkage=0.025


Tree=99
num_leaves=12
num_cat=0
split_feature=0 0 4 2 3 3 3 2 1 4 0
split_gain=8.45712 3.86941 2.3016 4.19904 1.57953 1.82627 1.36161 2.41639 0.61648 0.153185 0.0907799
threshold=5.0000000000000009 17.000000000000004 93.000000000000014 3.3500000000000001 4.6500000000000012 4.9500000000000011 4.3500000000000005 2.5500000000000003 7.0000000000000009 132.50000000000003 9.0000000000000018
decision_type=2 2 2 2 2 2 2 2 2 2 2
left_child=8 2 3 6 9 -6 -2 -8 -1 -4 -7
right_child=1 -3 4 -5 5 10 7 -9 -10 -11 -12
leaf_value=-0.13384422781764391 0.0078293226315584007 0.79259821416014131 -0.037595278420602889 0.035101013932787022 0.0098462057512680445 -0.0012982330226311235 0.006020932843351901 -0.12125333321382535 -0.024192289131436895 -0.0098518302702526039 -0.0054011600134067812
leaf_weight=7.9999999999999973 6.0000000000000027 7.9999999999999991 5.9999999999999982 11.999999999999998 9.0000000000000018 6.9999999999999991 8.9999999999999982 6.9999999999999991 8 6 8.9999999999999982
leaf_count=8 6 8 6 12 9 7 9 7 8 6 9
internal_value=-0.00181937 0.0015566 -0.000332168 0.00431159 -0.00463333 -0.000931373 -0.00216667 -0.00598485 -0.0181061 -0.0119 -0.00598485
internal_weight=95 79 71 34 37 25 22 16 16 12 16
internal_count=95 79 71 34 37 25 22 16 16 12 16
is_linear=0
shrinkage=0.025


Tree=100
num_leaves=10
num_cat=0
split_feature=1 0 2 4 3 4 2 2 2
split_gain=10.2206 3.50365 1.91819 2.12947 1.85753 0.8892 0.831133 0.99589 1.13467
threshold=10.000000000000002 17.000000000000004 3.5500000000000003 93.000000000000014 4.0500000000000007 100.00000000000001 3.4500000000000006 3.2500000000000004 2.5500000000000003
decision_type=2 2 2 2 2 2 2 2 2
left_child=4 2 6 -4 -1 -5 7 8 -2
right_child=1 -3 3 5 -6 -7 -8 -9 -10
leaf_value=-0.11919036998978703 0.0058704095222681836 0.77278325880613785 0.051717144642145121 -0.06943164985771251 -0.017731014777623687 0.0035823829006145225 -0.007872701175111808 0.0011713867287736158 -0.0085653366269239136
leaf_weight=11.000000000000002 9.0000000000000053 7.9999999999999991 10.000000000000002 6.0000000000000009 12.999999999999998 12 9.9999999999999982 5.9999999999999991 9.9999999999999982
leaf_count=11 9 8 10 6 13 12 10 6 10
internal_value=-0.00234293 0.00243007 0.000374016 0.0052193 -0.0162755 0 -0.00348592 -0.000931373 -0.00378205
internal_weight=95 71 63 28 24 18 35 25 19
internal_count=95 71 63 28 24 18 35 25 19
is_linear=0
shrinkage=0.025


Tree=101
num_leaves=11
num_cat=0
split_feature=0 0 3 1 2 3 3 0 4 1
split_gain=8.45712 3.86941 1.87174 2.01823 2.10536 2.14467 1.95368 1.0731 1.45802 0.61648
threshold=5.0000000000000009 17.000000000000004 4.2500000000000009 10.000000000000002 3.5500000000000003 4.4500000000000011 4.9500000000000011 7.0000000000000009 115.00000000000001 7.0000000000000009
decision_type=2 2 2 2 2 2 2 2 2 2
left_child=9 2 -2 -4 5 -5 -7 -6 -9 -1
right_child=1 -3 3 4 7 6 -8 8 -10 -11
leaf_value=-0.1275183628724581 0.0011873133198613496 0.75346367733598452 -0.030706817416881683 -0.0055617579722730959 -0.053396228214937128 0.015821875985595212 -0.0051430828494686059 0.0211495376522155 0.0026175413469541556 -0.021875964593558318
leaf_weight=7.9999999999999973 9.9999999999999982 7.9999999999999991 5.9999999999999991 7.0000000000000027 7.0000000000000027 9.0000000000000018 13.999999999999998 10 8 8
leaf_count=8 10 8 6 7 7 9 14 10 8 8
internal_value=-0.00181937 0.0015566 -0.000332168 -0.0020122 -0.000427928 -0.00487705 -0.00101064 0.00485294 0.00804054 -0.0181061
internal_weight=95 79 71 61 55 30 23 25 18 16
internal_count=95 79 71 61 55 30 23 25 18 16
is_linear=0
shrinkage=0.025


Tree=102
num_leaves=12
num_cat=0
split_feature=0 0 3 3 2 1 2 2 2 1 3
split_gain=7.92539 4.17725 2.14965 2.65169 2.6117 2.089 2.00396 1.68738 0.904199 0.61648 0.0534815
threshold=5.0000000000000009 17.000000000000004 4.2500000000000009 4.6500000000000012 3.7500000000000004 22.000000000000004 2.5500000000000003 3.5500000000000003 3.4500000000000006 7.0000000000000009 4.9500000000000011
decision_type=2 2 2 2 2 2 2 2 2 2 2
left_child=9 2 -2 8 5 6 -5 -8 -4 -1 -9
right_child=1 -3 3 4 -6 -7 7 10 -10 -11 -12
leaf_value=-0.12433040380064667 0.0011576304868648358 0.73462708540258481 -5.2827594013749038e-05 0.064873849038839818 0.13250214262350132 0.01542632908595536 -0.015715876787057326 0.0020372442537699431 -0.046210263761295958 -0.021329065478719357 -0.0014207753032547288
leaf_weight=7.9999999999999973 9.9999999999999982 7.9999999999999991 7.0000000000000027 6.0000000000000027 5.9999999999999991 6.9999999999999991 11.000000000000002 5.9999999999999982 10.999999999999998 8 7
leaf_count=8 10 8 7 6 6 7 11 6 11 8 7
internal_value=-0.00234293 0.000927673 -0.00103147 -0.0028252 0.000545977 -0.00196667 -0.00487705 -0.00811224 -0.0107432 -0.0181061 -0.00175926
internal_weight=95 79 71 61 43 37 30 24 18 16 13
internal_count=95 79 71 61 43 37 30 24 18 16 13
is_linear=0
shrinkage=0.025


Tree=103
num_leaves=11
num_cat=0
split_feature=0 0 4 2 3 2 0 4 0 1
split_gain=9.0057 3.57004 1.66694 4.19904 1.36161 2.41639 1.21278 1.64656 1.07449 0.61648
threshold=5.0000000000000009 17.000000000000004 93.000000000000014 3.3500000000000001 4.3500000000000005 2.5500000000000003 7.0000000000000009 115.00000000000001 13.000000000000002 7.0000000000000009
decision_type=2 2 2 2 2 2 2 2 2 2
left_child=9 2 3 4 -2 -6 -4 -8 -9 -1
right_child=1 -3 6 -5 5 -7 7 8 -10 -11
leaf_value=-0.1212221437056305 0.0079036703631581336 0.71626140826752016 -0.036195149599439307 0.033214507247193124 0.003706256158600674 -0.11748639247689355 0.0085960943665163835 0.0025443969513987419 -0.0050108864319680542 -0.02079583884175136
leaf_weight=7.9999999999999973 6.0000000000000027 7.9999999999999991 7.9999999999999991 11.999999999999998 8.9999999999999982 6.9999999999999991 9.0000000000000018 12.000000000000002 7.9999999999999991 8
leaf_count=8 6 8 8 12 9 7 9 12 8 8
internal_value=-0.00129581 0.00218553 0.000332168 0.00431159 -0.00216667 -0.00598485 -0.0033 -0.000805085 -0.00481707 -0.0181061
internal_weight=95 79 71 34 22 16 37 29 20 16
internal_count=95 79 71 34 22 16 37 29 20 16
is_linear=0
shrinkage=0.025


Tree=104
num_leaves=12
num_cat=0
split_feature=1 1 2 4 2 1 4 3 2 2 0
split_gain=8.11273 3.52466 2.3315 2.12947 1.74289 1.63824 0.8892 0.847241 0.553938 0.322759 0.153185
threshold=10.000000000000002 26.000000000000004 3.5500000000000003 93.000000000000014 3.3500000000000001 5.0000000000000009 100.00000000000001 4.9500000000000011 3.5500000000000003 2.9500000000000006 13.000000000000002
decision_type=2 2 2 2 2 2 2 2 2 2 2
left_child=5 2 4 -4 7 -1 -5 9 -7 -2 -6
right_child=1 -3 3 6 10 8 -8 -9 -10 -11 -12
leaf_value=-0.11819159011298974 -0.0010026926687796145 0.51422662129715135 0.049535229749743517 -0.066628336137186259 -0.0093568779079818316 -2.4687838481085581e-06 0.0036086414429795433 -0.0052884722278829345 -0.024447746033819408 0.0091908806030739591 -0.0048856142711690255
leaf_weight=8.0000000000000018 8.0000000000000018 10.999999999999998 10.000000000000002 6.0000000000000009 5.9999999999999982 6.9999999999999991 12 5.9999999999999991 8.9999999999999982 5.9999999999999991 6
leaf_count=8 8 11 10 6 6 7 12 6 9 6 6
internal_value=-0.00181937 0.00243007 0 0.0052193 -0.00457692 -0.0142347 0 0 -0.00901515 0.00336207 -0.0119
internal_weight=95 71 60 28 32 24 18 20 16 14 12
internal_count=95 71 60 28 32 24 18 20 16 14 12
is_linear=0
shrinkage=0.025


Tree=105
num_leaves=11
num_cat=0
split_feature=1 0 2 4 1 4 2 3 2 2
split_gain=8.11273 3.50365 1.91819 2.12947 1.63824 0.8892 0.740732 0.852935 0.621774 0.553938
threshold=10.000000000000002 17.000000000000004 3.5500000000000003 93.000000000000014 5.0000000000000009 100.00000000000001 2.5500000000000003 4.9500000000000011 3.3500000000000001 3.5500000000000003
decision_type=2 2 2 2 2 2 2 2 2 2
left_child=4 2 6 -4 -1 -5 -2 8 -8 -6
right_child=1 -3 3 5 9 -7 7 -9 -10 -11
leaf_value=-0.11523680036016502 0.0036386670713550728 0.68549920752840343 0.048296849005999933 -0.064962627733756634 -2.4070642519191665e-06 0.0035184254069050348 0.0027373631990646355 -0.0075498028416960856 -0.0091229559602822533 -0.023836552382973955
leaf_weight=8.0000000000000018 8.9999999999999982 7.9999999999999991 10.000000000000002 6.0000000000000009 6.9999999999999991 12 9.0000000000000018 10.999999999999998 5.9999999999999991 8.9999999999999982
leaf_count=8 9 8 10 6 7 12 9 11 6 9
internal_value=-0.00181937 0.00243007 0.000374016 0.0052193 -0.0142347 0 -0.00348592 -0.00561321 -0.00153226 -0.00901515
internal_weight=95 71 63 28 24 18 35 26 15 16
internal_count=95 71 63 28 24 18 35 26 15 16
is_linear=0
shrinkage=0.025


Tree=106
num_leaves=11
num_cat=0
split_feature=1 0 2 4 1 4 2 3 2 2
split_gain=8.11273 3.50365 1.91819 2.12947 1.63824 0.8892 0.740732 0.852935 0.621774 0.553938
threshold=10.000000000000002 17.000000000000004 3.5500000000000003 93.000000000000014 5.0000000000000009 100.00000000000001 2.5500000000000003 4.9500000000000011 3.3500000000000001 3.5500000000000003
decision_type=2 2 2 2 2 2 2 2 2 2
left_child=4 2 6 -4 -1 -5 -2 8 -8 -6
right_child=1 -3 3 5 9 -7 7 -9 -10 -11
leaf_value=-0.1123558803511609 0.0035477003945711518 0.66836172734019328 0.04708942778084993 -0.06333856204041273 -2.3468876456433921e-06 0.0034304647717324777 0.0026689291190880485 -0.007361057770653723 -0.0088948820612751774 -0.0232406385733996
leaf_weight=8.0000000000000018 8.9999999999999982 7.9999999999999991 10.000000000000002 6.0000000000000009 6.9999999999999991 12 9.0000000000000018 10.999999999999998 5.9999999999999991 8.9999999999999982
leaf_count=8 9 8 10 6 7 12 9 11 6 9
internal_value=-0.00181937 0.00243007 0.000374016 0.0052193 -0.0142347 0 -0.00348592 -0.00561321 -0.00153226 -0.00901515
internal_weight=95 71 63 28 24 18 35 26 15 16
internal_count=95 71 63 28 24 18 35 26 15 16
is_linear=0
shrinkage=0.025


Tree=107
num_leaves=11
num_cat=0
split_feature=1 0 2 4 1 4 2 3 2 2
split_gain=8.11273 3.50365 1.91819 2.12947 1.63824 0.8892 0.740732 0.852935 0.621774 0.553938
threshold=10.000000000000002 17.000000000000004 3.5500000000000003 93.000000000000014 5.0000000000000009 100.00000000000001 2.5500000000000003 4.9500000000000011 3.3500000000000001 3.5500000000000003
decision_type=2 2 2 2 2 2 2 2 2 2
left_child=4 2 6 -4 -1 -5 -2 8 -8 -6
right_child=1 -3 3 5 9 -7 7 -9 -10 -11
leaf_value=-0.10954698334238185 0.0034590078847068998 0.65165268415668831 0.045912192086328664 -0.061755097989402374 -2.2882154545378341e-06 0.0033447031524391768 0.0026022058911108203 -0.0071770313263874288 -0.0086725100097433394 -0.022659622609064647
leaf_weight=8.0000000000000018 8.9999999999999982 7.9999999999999991 10.000000000000002 6.0000000000000009 6.9999999999999991 12 9.0000000000000018 10.999999999999998 5.9999999999999991 8.9999999999999982
leaf_count=8 9 8 10 6 7 12 9 11 6 9
internal_value=-0.00181937 0.00243007 0.000374016 0.0052193 -0.0142347 0 -0.00348592 -0.00561321 -0.00153226 -0.00901515
internal_weight=95 71 63 28 24 18 35 26 15 16
internal_count=95 71 63 28 24 18 35 26 15 16
is_linear=0
shrinkage=0.025


Tree=108
num_leaves=11
num_cat=0
split_feature=1 0 4 2 4 2 0 2 3 4
split_gain=6.85786 3.18173 1.72031 2.45024 1.72606 1.26665 1.14214 0.805512 0.240667 0.204632
threshold=10.000000000000002 17.000000000000004 115.00000000000001 3.3500000000000001 93.000000000000014 3.3500000000000001 13.000000000000002 2.5500000000000003 4.9500000000000011 86.000000000000014
decision_type=2 2 2 2 2 2 2 2 2 2
left_child=5 2 3 7 -5 -1 8 -2 -4 -7
right_child=1 -3 6 4 -6 9 -8 -9 -10 -11
leaf_value=-0.1068083087588223 0.003372532687589214 0.63536136705277113 0.0025371507438330279 0.027613302100440242 0.00045928711692191373 -0.024863930282302826 -0.0068964102440087771 -0.0069976055432277922 -0.0017964217138096929 -0.00036171189780107585
leaf_weight=10.000000000000002 9.0000000000000018 7.9999999999999991 7.0000000000000018 12.000000000000002 10.999999999999998 6.9999999999999982 7.9999999999999991 8.9999999999999982 7 7
leaf_count=10 9 8 7 12 11 7 8 9 7 7
internal_value=-0.000772251 0.00312937 0.00116142 0.00418675 0.00952128 -0.0121939 -0.00438889 -0.00263514 0 -0.00681034
internal_weight=95 71 63 41 23 24 22 18 14 14
internal_count=95 71 63 41 23 24 22 18 14 14
is_linear=0
shrinkage=0.025


Tree=109
num_leaves=11
num_cat=0
split_feature=0 3 3 1 2 4 2 0 0 2
split_gain=5.27874 3.85004 2.33202 2.0466 1.19469 0.989977 1.24185 3.39103 1.07449 1.02488
threshold=17.000000000000004 4.0500000000000007 4.2500000000000009 10.000000000000002 3.2500000000000004 115.00000000000001 3.4500000000000006 7.0000000000000009 13.000000000000002 2.5500000000000003
decision_type=2 2 2 2 2 2 2 2 2 2
left_child=1 4 -3 -4 -1 6 9 -8 -7 -5
right_child=-2 2 3 5 -6 8 7 -9 -10 -11
leaf_value=-0.11327990382763252 0.61947733287645179 0.016514231227136467 -0.022084089246392935 0.0032882193703994036 -0.017150341711514284 0.0021239720453872127 -0.028681887123123764 0.011539074409747309 -0.0067239999879085133 -0.006822665404647133
leaf_weight=5.9999999999999991 7.9999999999999991 7.9999999999999991 8.9999999999999982 8.9999999999999982 8.9999999999999982 12.000000000000002 8.0000000000000018 10.999999999999998 7.9999999999999991 6.9999999999999991
leaf_count=6 8 8 9 9 9 12 8 11 8 7
internal_value=-0.00129581 -0.00312857 -0.000672414 -0.0023062 -0.0144355 -0.000427928 0.00207746 0.00634615 -0.00481707 -0.00295455
internal_weight=95 87 72 64 15 55 35 19 20 16
internal_count=95 87 72 64 15 55 35 19 20 16
is_linear=0
shrinkage=0.025


Tree=110
num_leaves=12
num_cat=0
split_feature=3 0 3 3 2 2 2 4 2 2 2
split_gain=5.94358 3.43232 1.84209 2.01862 2.26633 1.65784 1.68619 1.33134 1.19469 0.412837 0.2808
threshold=4.0500000000000007 17.000000000000004 4.2500000000000009 4.6500000000000012 3.5500000000000003 2.5500000000000003 3.4500000000000006 115.00000000000001 3.2500000000000004 3.6500000000000008 3.2500000000000004
decision_type=2 2 2 2 2 2 2 2 2 2 2
left_child=8 2 -2 9 5 -5 -7 -6 -1 10 -4
right_child=1 -3 3 4 7 6 -8 -9 -10 -11 -12
leaf_value=-0.11044790623194173 0.016101375446458021 0.60399039955454059 -0.0090451129661183859 0.062805332784896445 0.011250597549503638 -0.026817808139572463 -0.00049587666252897127 0.0020708727442524835 -0.016721583168726451 -0.047072848215601495 -0.0056826306246329679
leaf_weight=5.9999999999999991 7.9999999999999991 7.9999999999999991 6.0000000000000018 8 13 6.9999999999999991 8 8 8.9999999999999982 7.9999999999999991 6
leaf_count=6 8 8 6 8 13 7 8 8 9 8 6
internal_value=-0.000248691 0.00246894 0.000672414 -0.000755814 0.0022191 -0.0031383 -0.00798387 0.0080814 -0.0144355 -0.0072561 -0.0039
internal_weight=95 80 72 64 44 23 15 21 15 20 12
internal_count=95 80 72 64 44 23 15 21 15 20 12
is_linear=0
shrinkage=0.025


Tree=111
num_leaves=11
num_cat=0
split_feature=1 0 4 2 4 0 1 2 2 3
split_gain=5.15178 3.18173 1.72031 2.45024 1.72606 1.14214 1.06969 1.75394 0.805512 0.240667
threshold=10.000000000000002 17.000000000000004 115.00000000000001 3.3500000000000001 93.000000000000014 13.000000000000002 5.0000000000000009 3.5500000000000003 2.5500000000000003 4.9500000000000011
decision_type=2 2 2 2 2 2 2 2 2 2
left_child=6 2 3 8 -5 9 -1 -8 -2 -4
right_child=1 -3 5 4 -6 -7 7 -9 -10 -11
leaf_value=-0.098544905788362419 0.0016358805665170452 0.588890639565677 0.0033205200972432182 0.02644206891719536 0.001336149284145094 -0.0062144789281845195 0.0018525865420625288 -0.02035516580984309 -0.0059816535660417005 -0.0018563822907054829
leaf_weight=8.0000000000000018 9.0000000000000018 7.9999999999999991 7.0000000000000018 12.000000000000002 10.999999999999998 7.9999999999999991 6.9999999999999991 8.9999999999999982 8.9999999999999982 7
leaf_count=8 9 8 7 12 11 8 7 9 9 7
internal_value=-0.000248691 0.00312937 0.00116142 0.00418675 0.00952128 -0.00438889 -0.0101531 -0.00598485 -0.00263514 0
internal_weight=95 71 63 41 23 22 24 16 18 14
internal_count=95 71 63 41 23 22 24 16 18 14
is_linear=0
shrinkage=0.025


Tree=112
num_leaves=12
num_cat=0
split_feature=3 0 3 3 1 1 2 1 4 2 2
split_gain=5.51656 3.72522 2.07749 1.5705 1.85432 2.36775 1.19469 0.699332 0.540346 0.412837 0.2808
threshold=4.0500000000000007 17.000000000000004 4.2500000000000009 4.6500000000000012 22.000000000000004 18.000000000000004 3.2500000000000004 14.000000000000002 115.00000000000001 3.6500000000000008 3.2500000000000004
decision_type=2 2 2 2 2 2 2 2 2 2 2
left_child=6 2 -2 9 5 7 -1 -5 -9 10 -4
right_child=1 -3 3 4 -6 -7 -8 8 -10 -11 -12
leaf_value=-0.10522308593143413 0.016028051302495162 0.57416837357653516 -0.0086665334857875653 -0.00039144011504195221 0.069482653504607583 -0.0085316643212955522 -0.016386556591939352 0.10583196765972964 0.0020007992030643962 -0.045658289303640222 -0.005616651147859076
leaf_weight=5.9999999999999991 7.9999999999999991 7.9999999999999991 6.0000000000000018 9.0000000000000018 7.9999999999999991 10.999999999999998 8.9999999999999982 9.9999999999999982 5.9999999999999991 7.9999999999999991 6
leaf_count=6 8 8 6 9 8 11 9 10 6 8 6
internal_value=-0.000772251 0.00184783 0 -0.00153101 0.00109551 -0.00133562 -0.0144355 0.00289216 0.00598485 -0.0072561 -0.0039
internal_weight=95 80 72 64 44 36 15 25 16 20 12
internal_count=95 80 72 64 44 36 15 25 16 20 12
is_linear=0
shrinkage=0.025


Tree=113
num_leaves=11
num_cat=0
split_feature=0 1 4 0 4 3 2 2 0 1
split_gain=4.70758 3.62432 0.984329 2.27237 3.30971 2.20454 1.56952 1.83083 1.07449 0.153185
threshold=17.000000000000004 5.0000000000000009 74.500000000000014 7.0000000000000009 115.00000000000001 4.2500000000000009 3.4500000000000006 2.5500000000000003 13.000000000000002 10.000000000000002
decision_type=2 2 2 2 2 2 2 2 2 2
left_child=1 -1 5 9 -5 -3 7 -7 -6 -4
right_child=-2 2 3 4 8 6 -8 -9 -10 -11
leaf_value=-0.093450705995367492 0.55981416423712183 0.0022757091010594532 -0.02363268883456715 0.0024442027846324878 0.0019507792229877198 0.0018082751603865077 0.011948756953623097 -0.026183891596758713 -0.0068210043197712627 -0.028476775062069051
leaf_weight=7.9999999999999991 7.9999999999999991 8.9999999999999982 5.9999999999999982 9.0000000000000018 12.000000000000002 9.0000000000000053 10.999999999999998 8.9999999999999982 7.9999999999999991 6
leaf_count=8 8 9 6 9 12 9 11 9 8 6
internal_value=-0.000248691 -0.00198571 -0.000298742 -0.00298193 0.000805085 0.00256494 -0.000805085 -0.00533784 -0.00481707 -0.0119
internal_weight=95 87 79 41 29 38 29 18 20 12
internal_count=95 87 79 41 29 38 29 18 20 12
is_linear=0
shrinkage=0.025


Tree=114
num_leaves=11
num_cat=0
split_feature=0 1 4 0 4 3 2 2 0 1
split_gain=4.70758 3.62432 0.984329 2.27237 3.30971 2.20454 1.56952 1.83083 1.07449 0.153185
threshold=17.000000000000004 5.0000000000000009 74.500000000000014 7.0000000000000009 115.00000000000001 4.2500000000000009 3.4500000000000006 2.5500000000000003 13.000000000000002 10.000000000000002
decision_type=2 2 2 2 2 2 2 2 2 2
left_child=1 -1 5 9 -5 -3 7 -7 -6 -4
right_child=-2 2 3 4 8 6 -8 -9 -10 -11
leaf_value=-0.091114438345483301 0.54581881013119382 0.0022188163735329613 -0.023041871613702969 0.0023830977150167245 0.0019020097424130356 0.0017630682813768673 0.011650038029782551 -0.025529294306839746 -0.0066504792117768833 -0.027764855685517367
leaf_weight=7.9999999999999991 7.9999999999999991 8.9999999999999982 5.9999999999999982 9.0000000000000018 12.000000000000002 9.0000000000000053 10.999999999999998 8.9999999999999982 7.9999999999999991 6
leaf_count=8 8 9 6 9 12 9 11 9 8 6
internal_value=-0.000248691 -0.00198571 -0.000298742 -0.00298193 0.000805085 0.00256494 -0.000805085 -0.00533784 -0.00481707 -0.0119
internal_weight=95 87 79 41 29 38 29 18 20 12
internal_count=95 87 79 41 29 38 29 18 20 12
is_linear=0
shrinkage=0.025


Tree=115
num_leaves=11
num_cat=0
split_feature=0 3 3 3 1 1 2 1 2 4
split_gain=5.27874 3.85004 2.33202 2.61962 1.85432 2.36775 1.19469 0.699332 0.615247 0.540346
threshold=17.000000000000004 4.0500000000000007 4.2500000000000009 4.6500000000000012 22.000000000000004 18.000000000000004 3.2500000000000004 14.000000000000002 3.4500000000000006 115.00000000000001
decision_type=2 2 2 2 2 2 2 2 2 2
left_child=1 6 -3 8 5 7 -1 -5 -4 -9
right_child=-2 2 3 4 -6 -7 -8 9 -10 -11
leaf_value=-0.097978380174626969 0.53217333987791415 0.015615973313625631 -0.0035634613089714942 -0.00097162398675099126 0.067853639454891201 -0.0079815856249744865 -0.014570851908451221 0.1030811854189687 -0.04375323224055841 0.0018544594988526343
leaf_weight=5.9999999999999991 7.9999999999999991 7.9999999999999991 7.0000000000000027 9.0000000000000018 7.9999999999999991 10.999999999999998 8.9999999999999982 9.9999999999999982 12.999999999999998 5.9999999999999991
leaf_count=6 8 8 7 9 8 11 9 10 13 6
internal_value=-0.00129581 -0.00312857 -0.000672414 -0.0023062 0.00109551 -0.00133562 -0.0144355 0.00289216 -0.00969512 0.00598485
internal_weight=95 87 72 64 44 36 15 25 20 16
internal_count=95 87 72 64 44 36 15 25 20 16
is_linear=0
shrinkage=0.025


Tree=116
num_leaves=11
num_cat=0
split_feature=0 1 0 1 2 2 4 2 4 2
split_gain=4.98933 3.35901 2.0767 0.921048 2.95738 1.68615 2.14479 0.800715 2.3113 0.153185
threshold=17.000000000000004 5.0000000000000009 13.000000000000002 14.000000000000002 3.6500000000000008 3.1500000000000008 115.00000000000001 3.2500000000000004 74.500000000000014 3.7500000000000004
decision_type=2 2 2 2 2 2 2 2 2 2
left_child=1 -1 3 4 7 -5 -7 -3 -9 -6
right_child=-2 2 -4 5 9 6 -8 8 -10 -11
leaf_value=-0.086546170607387077 0.51886900638096634 -0.0034743747762472133 -0.0066831898243631116 -0.057560060339432978 -0.066597608040727702 0.013590269080321972 0.0018080980113813539 0.0025276172619058904 -0.014206580610739917 -0.02204387649194639
leaf_weight=7.9999999999999991 7.9999999999999991 9.0000000000000018 10.999999999999998 9.9999999999999982 5.9999999999999982 11.000000000000002 11.999999999999998 6.9999999999999982 7 6
leaf_count=8 8 9 11 10 6 11 12 7 7 6
internal_value=-0.000772251 -0.00255714 -0.000927673 0.000711679 -0.00207746 0.00369403 0.00739362 0.0031383 0.00681034 -0.0119
internal_weight=95 87 79 68 35 33 23 23 14 12
internal_count=95 87 79 68 35 33 23 23 14 12
is_linear=0
shrinkage=0.025


Tree=117
num_leaves=11
num_cat=0
split_feature=0 1 0 1 2 2 4 2 4 2
split_gain=4.98933 3.35901 2.0767 0.921048 2.95738 1.68615 2.14479 0.800715 2.3113 0.153185
threshold=17.000000000000004 5.0000000000000009 13.000000000000002 14.000000000000002 3.6500000000000008 3.1500000000000008 115.00000000000001 3.2500000000000004 74.500000000000014 3.7500000000000004
decision_type=2 2 2 2 2 2 2 2 2 2
left_child=1 -1 3 4 7 -5 -7 -3 -9 -6
right_child=-2 2 -4 5 9 6 -8 8 -10 -11
leaf_value=-0.084382516342202424 0.50589728122144229 -0.0033875154068410576 -0.0065161100787541676 -0.056121058830947139 -0.06493266783970944 0.013250512353313938 0.0017628955610968335 0.0024644268303582353 -0.013851416095471426 -0.021492779579647705
leaf_weight=7.9999999999999991 7.9999999999999991 9.0000000000000018 10.999999999999998 9.9999999999999982 5.9999999999999982 11.000000000000002 11.999999999999998 6.9999999999999982 7 6
leaf_count=8 8 9 11 10 6 11 12 7 7 6
internal_value=-0.000772251 -0.00255714 -0.000927673 0.000711679 -0.00207746 0.00369403 0.00739362 0.0031383 0.00681034 -0.0119
internal_weight=95 87 79 68 35 33 23 23 14 12
internal_count=95 87 79 68 35 33 23 23 14 12
is_linear=0
shrinkage=0.025


Tree=118
num_leaves=12
num_cat=0
split_feature=0 1 0 4 0 2 3 3 2 3 1
split_gain=4.70758 3.62432 2.34707 0.859158 3.4763 3.04601 1.97823 1.47555 2.3113 1.46455 0.153185
threshold=17.000000000000004 5.0000000000000009 13.000000000000002 74.500000000000014 7.0000000000000009 3.3500000000000001 4.6500000000000012 4.3500000000000005 2.5500000000000003 4.9500000000000011 10.000000000000002
decision_type=2 2 2 2 2 2 2 2 2 2 2
left_child=1 -1 3 5 10 7 -7 -3 -9 -6 -5
right_child=-2 2 -4 4 9 6 -8 8 -10 -11 -12
leaf_value=-0.082272953433647364 0.4932498491909062 0.006996802462650731 -0.0063532073267854377 -0.02140010360799385 0.0031938990566743545 0.00050116767609731383 0.2252719981305428 0.0047605591942263105 -0.10815164136896255 -0.0020919487644329494 -0.026382348393288835
leaf_weight=7.9999999999999991 7.9999999999999991 6.0000000000000027 10.999999999999998 5.9999999999999982 11.000000000000002 9.9999999999999982 5.9999999999999991 6.9999999999999982 7 8.9999999999999982 6
leaf_count=8 8 6 11 6 11 10 6 7 7 9 6
internal_value=-0.000248691 -0.00198571 -0.000298742 0.00144161 -0.0015 0.00407534 0.0120455 -0.00237805 -0.00681034 0.00481707 -0.0119
internal_weight=95 87 79 68 32 36 16 20 14 20 12
internal_count=95 87 79 68 32 36 16 20 14 20 12
is_linear=0
shrinkage=0.025


Tree=119
num_leaves=11
num_cat=0
split_feature=0 1 0 1 2 2 2 4 3 2
split_gain=4.70758 3.62432 2.34707 1.45923 2.95738 0.857786 0.800715 2.3113 0.666217 0.153185
threshold=17.000000000000004 5.0000000000000009 13.000000000000002 14.000000000000002 3.6500000000000008 3.6500000000000008 3.2500000000000004 74.500000000000014 4.9500000000000011 3.7500000000000004
decision_type=2 2 2 2 2 2 2 2 2 2
left_child=1 -1 3 4 6 8 -3 -8 -5 -6
right_child=-2 2 -4 5 9 -7 7 -9 -10 -11
leaf_value=-0.080216129597806163 0.48091860296113365 -0.0034777475832362906 -0.0061943771436158814 0.012744329482914818 -0.062985836384751887 0.0048415505269456816 0.0023902869676968755 -0.012845571983252492 -0.0020396500453221836 -0.023503858771688393
leaf_weight=7.9999999999999991 7.9999999999999991 9.0000000000000018 10.999999999999998 11.000000000000002 5.9999999999999982 10.999999999999998 6.9999999999999982 7 10.999999999999998 6
leaf_count=8 8 9 11 11 6 11 7 7 11 6
internal_value=-0.000248691 -0.00198571 -0.000298742 0.00144161 -0.00207746 0.00518657 0.0031383 0.00681034 0.00216667 -0.0119
internal_weight=95 87 79 68 35 33 23 14 22 12
internal_count=95 87 79 68 35 33 23 14 22 12
is_linear=0
shrinkage=0.025


Tree=120
num_leaves=11
num_cat=0
split_feature=0 1 0 1 2 2 2 4 3 2
split_gain=4.70758 3.62432 2.34707 1.45923 2.95738 0.857786 0.800715 2.3113 0.666217 0.153185
threshold=17.000000000000004 5.0000000000000009 13.000000000000002 14.000000000000002 3.6500000000000008 3.6500000000000008 3.2500000000000004 74.500000000000014 4.9500000000000011 3.7500000000000004
decision_type=2 2 2 2 2 2 2 2 2 2
left_child=1 -1 3 4 6 8 -3 -8 -5 -6
right_child=-2 2 -4 5 9 -7 7 -9 -10 -11
leaf_value=-0.078210726357860999 0.46889563788710514 -0.003390803893655381 -0.0060395177150255113 0.012425721245841981 -0.061411190475133021 0.0047205117637719955 0.0023305297935044323 -0.012524432683671184 -0.001988658794189213 -0.022916262302396143
leaf_weight=7.9999999999999991 7.9999999999999991 9.0000000000000018 10.999999999999998 11.000000000000002 5.9999999999999982 10.999999999999998 6.9999999999999982 7 10.999999999999998 6
leaf_count=8 8 9 11 11 6 11 7 7 11 6
internal_value=-0.000248691 -0.00198571 -0.000298742 0.00144161 -0.00207746 0.00518657 0.0031383 0.00681034 0.00216667 -0.0119
internal_weight=95 87 79 68 35 33 23 14 22 12
internal_count=95 87 79 68 35 33 23 14 22 12
is_linear=0
shrinkage=0.025


end of trees

feature_importances:
base_clock_ghz=285
boost_clock_ghz=257
core_count=214
thread_count=177
tdp_watts=168

parameters:
[boosting: gbdt]
[objective: regression_l1]
[metric: l1]
[tree_learner: serial]
[device_type: cpu]
[data_sample_strategy: bagging]
[data: ]
[valid: ]
[num_iterations: 700]
[learning_rate: 0.025]
[num_leaves: 16]
[num_threads: 1]
[seed: 20260722]
[deterministic: 1]
[force_col_wise: 1]
[force_row_wise: 0]
[histogram_pool_size: -1]
[max_depth: -1]
[min_data_in_leaf: 6]
[min_sum_hessian_in_leaf: 0.001]
[bagging_fraction: 1]
[pos_bagging_fraction: 1]
[neg_bagging_fraction: 1]
[bagging_freq: 0]
[bagging_seed: 20260722]
[bagging_by_query: 0]
[feature_fraction: 1]
[feature_fraction_bynode: 1]
[feature_fraction_seed: 20260722]
[extra_trees: 0]
[extra_seed: 20260722]
[early_stopping_round: 0]
[early_stopping_min_delta: 0]
[first_metric_only: 0]
[max_delta_step: 0]
[lambda_l1: 0.05]
[lambda_l2: 0.5]
[linear_lambda: 0]
[min_gain_to_split: 0]
[drop_rate: 0.1]
[max_drop: 50]
[skip_drop: 0.5]
[xgboost_dart_mode: 0]
[uniform_drop: 0]
[drop_seed: 20260722]
[top_rate: 0.2]
[other_rate: 0.1]
[min_data_per_group: 100]
[max_cat_threshold: 32]
[cat_l2: 10]
[cat_smooth: 10]
[max_cat_to_onehot: 4]
[top_k: 20]
[monotone_constraints: ]
[monotone_constraints_method: basic]
[monotone_penalty: 0]
[feature_contri: ]
[forcedsplits_filename: ]
[refit_decay_rate: 0.9]
[cegb_tradeoff: 1]
[cegb_penalty_split: 0]
[cegb_penalty_feature_lazy: ]
[cegb_penalty_feature_coupled: ]
[path_smooth: 0]
[interaction_constraints: ]
[verbosity: -1]
[saved_feature_importance_type: 0]
[use_quantized_grad: 0]
[num_grad_quant_bins: 4]
[quant_train_renew_leaf: 0]
[stochastic_rounding: 1]
[linear_tree: 0]
[max_bin: 255]
[max_bin_by_feature: ]
[min_data_in_bin: 3]
[bin_construct_sample_cnt: 200000]
[data_random_seed: 20260722]
[is_enable_sparse: 1]
[enable_bundle: 1]
[use_missing: 1]
[zero_as_missing: 0]
[feature_pre_filter: 1]
[pre_partition: 0]
[two_round: 0]
[header: 0]
[label_column: ]
[weight_column: ]
[group_column: ]
[ignore_column: ]
[categorical_feature: ]
[forcedbins_filename: ]
[precise_float_parser: 0]
[parser_config_file: ]
[objective_seed: 28388]
[num_class: 1]
[is_unbalance: 0]
[scale_pos_weight: 1]
[sigmoid: 1]
[boost_from_average: 1]
[reg_sqrt: 0]
[alpha: 0.9]
[fair_c: 1]
[poisson_max_delta_step: 0.7]
[tweedie_variance_power: 1.5]
[lambdarank_truncation_level: 30]
[lambdarank_norm: 1]
[label_gain: ]
[lambdarank_position_bias_regularization: 0]
[eval_at: ]
[multi_error_top_k: 1]
[auc_mu_weights: ]
[num_machines: 1]
[local_listen_port: 12400]
[time_out: 120]
[machine_list_filename: ]
[machines: ]
[gpu_platform_id: -1]
[gpu_device_id: -1]
[gpu_device_id_list: ]
[gpu_use_dp: 0]
[num_gpu: 1]

end of parameters

pandas_categorical:[]
