tree
version=v4
num_class=1
num_tree_per_iteration=1
label_index=0
max_feature_idx=26
objective=regression
feature_names=core_count thread_count base_clock_ghz boost_clock_ghz tdp_watts core_base_clock_capacity core_boost_clock_capacity thread_core_ratio tdp_watts_per_core boost_capacity_per_watt generation__2x_zen_4_4x_zen_4c__4c2c7cfb generation__alder_lake__341e868c generation__broadwell_e__0803db6c generation__coffee_lake__51de7902 generation__comet_lake__993c0b06 generation__haswell__e1f40b24 generation__haswell_e__9d971765 generation__kaby_lake__188ab67d generation__raptor_lake__80029b0d generation__rocket_lake__6a5939ef generation__skylake__2fe9ca49 generation__zen__92e4accd generation__zen_2__5598ab79 generation__zen_3__83374461 generation__zen_4__ed8dd0a2 generation__zen_5__da45e8c9 generation__unknown
feature_infos=[4:32] [4:64] [2.1000000000000001:4.7000000000000002] [3.2999999999999998:5.7000000000000002] [58:350] [10.800000000000001:128] [13.199999999999999:169.59999999999999] [1:2] [3.25:23.333333333333332] [0.1542857142857143:1.6615384615384616] none [0:1] none [0:1] [0:1] [0:1] none none [0:1] none [0:1] [0:1] [0:1] [0:1] [0:1] none none
tree_sizes=871 908 910 911 892 907 905 875 896 893 873 876 886 877 896 892 887 904 872 894 905 883 899 881 903 898 917 903 896 885 870 912 877 929 912 911 916 892 930 896 921 867 923 869 924 860 922 921 926 854 926 856 880 921 925 859 926 906 925 926 893 908 874 897 888 895 899 896 907 898 917 915 917 898 895 895 895 896 903 914 904 920 899 923 903 927 916 927 906 925 921 901 922 939 923 924 925 885 925 924 920 927 930 903 956 958 910 918 904 938 932 895 923 907 885 882 938 883 932 943 884 923 909 957 932 955 933 932 933 924 866 901 934 934 945 956 953 913 924 924 955 932 934 957 947 958 937 928 901 958 943 908 957 941 905 961 944 941 939 916 873 870 898 952 935 944

Tree=0
num_leaves=8
num_cat=0
split_feature=6 1 6 2 1 9 5
split_gain=32.5827 7.29244 5.01862 1.38888 1.2202 0.440595 0.385196
threshold=35.600000000000009 10.000000000000002 63.200000000000017 3.6500000000000008 5.0000000000000009 0.42923076923076925 42.600000000000009
decision_type=2 2 2 2 2 2 2
left_child=1 4 6 -4 -1 -3 -2
right_child=2 5 3 -5 -6 -7 -8
leaf_value=3.6001106480461909 3.6448473588713588 3.6300398190846703 3.6594655610476075 3.676237578350793 3.6158673294021773 3.6396454852502607 3.6535103935039559
leaf_weight=10.000000000000002 27 21.000000000000004 18.000000000000004 6.9999999999999991 11.999999999999998 4.9999999999999991 5.9999999999999991
leaf_count=10 27 21 18 7 12 5 6
internal_value=3.63925 3.62101 3.65436 3.66448 3.60835 3.63193 3.64654
internal_weight=106 48 58 25 22 26 33
internal_count=106 48 58 25 22 26 33
is_linear=0
shrinkage=1


Tree=1
num_leaves=8
num_cat=0
split_feature=6 1 6 2 1 9 5
split_gain=30.6951 6.87097 4.72626 1.30866 1.14698 0.415531 0.362886
threshold=35.600000000000009 10.000000000000002 63.200000000000017 3.6500000000000008 5.0000000000000009 0.42923076923076925 42.600000000000009
decision_type=2 2 2 2 2 2 2
left_child=1 4 6 -4 -1 -3 -2
right_child=2 5 3 -5 -6 -7 -8
leaf_value=-0.037990062236785874 0.0054288051498245773 -0.0089383498319196234 0.019613891695881933 0.035906905730565382 -0.022694557445948241 0.00038220747087437369 0.013844513470126735
leaf_weight=10.000000000000002 27 21.000000000000004 18.000000000000004 6.9999999999999991 11.999999999999998 4.9999999999999991 5.9999999999999991
leaf_count=10 27 21 18 7 12 5 6
internal_value=0 -0.0177049 0.014665 0.0244842 -0.0299942 -0.00709945 0.0070783
internal_weight=106 48 58 25 22 26 33
internal_count=106 48 58 25 22 26 33
is_linear=0
shrinkage=0.03


Tree=2
num_leaves=8
num_cat=0
split_feature=6 1 6 2 1 9 5
split_gain=28.9171 6.47388 4.45089 1.23302 1.07807 0.391911 0.341849
threshold=35.600000000000009 10.000000000000002 63.200000000000017 3.6500000000000008 5.0000000000000009 0.42923076923076925 42.600000000000009
decision_type=2 2 2 2 2 2 2
left_child=1 4 6 -4 -1 -3 -2
right_child=2 5 3 -5 -6 -7 -8
leaf_value=-0.036872706553515253 0.0052671384877484182 -0.0086727292498327644 0.019031940567624434 0.034859620829423267 -0.022024882626338081 0.00037118230229960035 0.013442576229572296
leaf_weight=10.000000000000002 27 21.000000000000004 18.000000000000004 6.9999999999999991 11.999999999999998 4.9999999999999991 5.9999999999999991
leaf_count=10 27 21 18 7 12 5 6
internal_value=0 -0.0171833 0.0142351 0.0237647 -0.0291128 -0.00688671 0.00687079
internal_weight=106 48 58 25 22 26 33
internal_count=106 48 58 25 22 26 33
is_linear=0
shrinkage=0.03


Tree=3
num_leaves=8
num_cat=0
split_feature=6 1 6 2 1 9 5
split_gain=27.2422 6.09975 4.19153 1.16168 1.01322 0.369653 0.327848
threshold=35.600000000000009 10.000000000000002 63.200000000000017 3.6500000000000008 5.0000000000000009 0.42923076923076925 29.200000000000006
decision_type=2 2 2 2 2 2 2
left_child=1 4 6 -4 -1 -3 -2
right_child=2 5 3 -5 -6 -7 -8
leaf_value=-0.035788217221989334 0.0024805838199423963 -0.0084150018374312598 0.018467256405523842 0.033842881570259727 -0.021374968432012149 0.00036047503352165216 0.0089462723020235745
leaf_weight=10.000000000000002 11.999999999999998 21.000000000000004 18.000000000000004 6.9999999999999991 11.999999999999998 4.9999999999999991 21
leaf_count=10 12 21 18 7 12 5 21
internal_value=0 -0.0166771 0.0138178 0.0230664 -0.0282574 -0.00668029 0.0066694
internal_weight=106 48 58 25 22 26 33
internal_count=106 48 58 25 22 26 33
is_linear=0
shrinkage=0.03


Tree=4
num_leaves=8
num_cat=0
split_feature=6 1 6 2 1 5 6
split_gain=25.6633 5.74725 3.94788 1.09441 0.952176 0.349274 0.323621
threshold=35.600000000000009 10.000000000000002 63.200000000000017 3.6500000000000008 5.0000000000000009 20.700000000000003 41.20000000000001
decision_type=2 2 2 2 2 2 2
left_child=1 4 6 -4 -1 -3 -2
right_child=2 5 3 -5 -6 -7 -8
leaf_value=-0.034735620582804945 0.0013781778012280882 -0.011735382996862977 0.017919326888008427 0.032855798353751499 -0.02074423078630791 -0.0039585740507099331 0.0082940371223717696
leaf_weight=10.000000000000002 8.9999999999999982 8.0000000000000018 18.000000000000004 6.9999999999999991 11.999999999999998 18 24
leaf_count=10 9 8 18 7 12 18 24
internal_value=0 -0.0161859 0.0134122 0.0223886 -0.0274272 -0.00648001 0.00647274
internal_weight=106 48 58 25 22 26 33
internal_count=106 48 58 25 22 26 33
is_linear=0
shrinkage=0.03


Tree=5
num_leaves=8
num_cat=0
split_feature=6 1 6 2 1 9 5
split_gain=24.1806 5.41226 3.71849 1.03097 0.894731 0.341393 0.311924
threshold=35.600000000000009 10.000000000000002 63.200000000000017 3.6500000000000008 5.0000000000000009 0.42923076923076925 42.600000000000009
decision_type=2 2 2 2 2 2 2
left_child=1 4 6 -4 -1 -3 -2
right_child=2 5 3 -5 -6 -7 -8
leaf_value=-0.03371398610227247 0.0047511053427040364 -0.0079592570971767848 0.01738765521691395 0.031897503683964414 -0.02013210664518544 0.00046426644799514452 0.012551782241752071
leaf_weight=10.000000000000002 27 21.000000000000004 18.000000000000004 6.9999999999999991 11.999999999999998 4.9999999999999991 5.9999999999999991
leaf_count=10 27 21 18 7 12 5 6
internal_value=0 -0.015712 0.0130184 0.0217308 -0.0266214 -0.00629092 0.00628166
internal_weight=106 48 58 25 22 26 33
internal_count=106 48 58 25 22 26 33
is_linear=0
shrinkage=0.03


Tree=6
num_leaves=8
num_cat=0
split_feature=6 5 6 3 6 5 9
split_gain=22.8225 6.37309 1.83959 1.27498 1.01055 0.996169 0.26577
threshold=26.100000000000005 40.20000000000001 17.200000000000006 4.4500000000000011 41.20000000000001 56.20000000000001 0.42923076923076925
decision_type=2 2 2 2 2 2 2
left_child=2 4 -1 -3 6 -5 -2
right_child=1 3 -4 5 -6 -7 -8
leaf_value=-0.029604676154099004 -0.0044768608809897187 0.006463665122226357 -0.014138003030889914 0.018051836972319796 0.006959761453326792 0.032535398056109749 0.0014668069907929748
leaf_weight=15.000000000000002 16.000000000000004 6.0000000000000027 14.999999999999998 17.000000000000004 19 6.9999999999999991 10.999999999999998
leaf_count=15 16 6 15 17 19 7 11
internal_value=0 0.00875133 -0.0220659 0.0194643 0.00167815 0.0225722 -0.00200724
internal_weight=106 76 30 30 46 24 27
internal_count=106 76 30 30 46 24 27
is_linear=0
shrinkage=0.03


Tree=7
num_leaves=8
num_cat=0
split_feature=6 6 1 6 2 2 1
split_gain=21.4978 6.02072 1.75444 1.30049 0.924563 0.356736 0.260233
threshold=26.100000000000005 63.200000000000017 5.0000000000000009 41.20000000000001 3.6500000000000008 3.5500000000000003 10.000000000000002
decision_type=2 2 2 2 2 2 2
left_child=2 3 -1 -2 -3 -5 -4
right_child=1 4 6 5 -6 -7 -8
leaf_value=-0.031851671408204461 -0.001946031604345669 0.016381459432643842 -0.018930693268775941 0.0042319748881207379 0.030138907631238297 0.011964949430788265 -0.010715002228574053
leaf_weight=10.000000000000002 27 18.000000000000004 12 14.000000000000002 6.9999999999999991 9.9999999999999982 8
leaf_count=10 27 18 12 14 7 10 8
internal_value=0 0.00849537 -0.0214141 0.00252352 0.0205017 0.00758829 -0.0158573
internal_weight=106 76 30 51 25 24 20
internal_count=106 76 30 51 25 24 20
is_linear=0
shrinkage=0.03


Tree=8
num_leaves=8
num_cat=0
split_feature=6 1 5 5 5 3 9
split_gain=20.3029 4.52186 3.13609 0.770997 0.653605 0.486185 0.293252
threshold=35.600000000000009 10.000000000000002 43.900000000000013 13.4 56.20000000000001 5.2500000000000009 0.42923076923076925
decision_type=2 2 2 2 2 2 2
left_child=1 3 5 -1 -4 -2 -3
right_child=2 6 4 -5 -6 -7 -8
leaf_value=-0.033210882345835351 0.0042522322097198759 -0.0073232202502494705 0.016175333237961716 -0.019760039442856061 0.027904075809368278 0.013240881197464962 0.00046469795213152578
leaf_weight=7.0000000000000027 28 21.000000000000004 15.000000000000002 14.999999999999998 7.9999999999999991 6.9999999999999991 4.9999999999999991
leaf_count=7 28 21 15 15 8 7 5
internal_value=0 -0.0143943 0.0119317 -0.0243681 0.0205249 0.00615759 -0.00577618
internal_weight=106 48 58 22 23 35 26
internal_count=106 48 58 22 23 35 26
is_linear=0
shrinkage=0.03


Tree=9
num_leaves=8
num_cat=0
split_feature=6 5 1 3 6 6 9
split_gain=19.1372 5.38761 1.57447 1.12019 0.866734 0.83104 0.231241
threshold=26.100000000000005 40.20000000000001 5.0000000000000009 4.4500000000000011 109.00000000000001 41.20000000000001 0.42923076923076925
decision_type=2 2 2 2 2 2 2
left_child=2 5 -1 -3 -5 6 -2
right_child=1 3 -4 4 -6 -7 -8
leaf_value=-0.030096312691183642 -0.0041338765886784696 0.0056822895619177008 -0.014933470624803316 0.017338093947619197 0.032393198242554294 0.0063015974948757505 0.0014063639943820557
leaf_weight=10.000000000000002 16.000000000000004 6.0000000000000027 20 19.000000000000004 4.9999999999999991 19 10.999999999999998
leaf_count=10 16 6 20 19 5 19 11
internal_value=0 0.00801626 -0.0202033 0.0178664 0.0207783 0.00151024 -0.00182785
internal_weight=106 76 30 30 24 46 27
internal_count=106 76 30 30 24 46 27
is_linear=0
shrinkage=0.03


Tree=10
num_leaves=8
num_cat=0
split_feature=6 1 5 5 3 5 2
split_gain=18.0471 4.04663 2.81655 0.69898 0.599465 0.56419 0.509471
threshold=35.600000000000009 10.000000000000002 50.100000000000009 13.4 5.3500000000000005 42.600000000000009 3.6500000000000008
decision_type=2 2 2 2 2 2 2
left_child=1 3 4 -1 5 -2 -4
right_child=2 -3 6 -5 -6 -7 -8
leaf_value=-0.03142760152618089 0.0035201726439706188 -0.0054124665718155969 0.01680847672664601 -0.01861322233355359 0.017002025258082611 0.011946543297346901 0.029788355538921969
leaf_weight=7.0000000000000027 28 26 8.9999999999999982 14.999999999999998 4.9999999999999991 9.9999999999999982 5.9999999999999991
leaf_count=7 28 26 9 15 5 10 6
internal_value=0 -0.0135686 0.0112519 -0.0230045 0.00723459 0.00582784 0.0224227
internal_weight=106 48 58 22 43 38 15
internal_count=106 48 58 22 43 38 15
is_linear=0
shrinkage=0.03


Tree=11
num_leaves=8
num_cat=0
split_feature=5 6 6 2 6 9 2
split_gain=17.0571 3.56761 2.87974 0.758729 0.617968 0.459552 0.205754
threshold=24.800000000000001 17.200000000000006 63.200000000000017 3.6500000000000008 26.100000000000005 0.37128205128205138 3.4500000000000006
decision_type=2 2 2 2 2 2 2
left_child=1 6 5 -4 -3 -2 -1
right_child=2 4 3 -5 -6 -7 -8
leaf_value=-0.029964141482260166 0 -0.012115361212115535 0.014553483292296688 0.027034292171398796 -0.0034338987140088446 0.0073390600618360368 -0.019863240470488864
leaf_weight=7.9999999999999982 11.999999999999998 15.000000000000002 18.000000000000004 6.9999999999999991 15.999999999999998 23 7
leaf_count=8 12 15 18 7 16 23 7
internal_value=0 -0.0137014 0.0105326 0.0182945 -0.00773342 0.00487339 -0.0256725
internal_weight=106 46 60 25 31 35 15
internal_count=106 46 60 25 31 35 15
is_linear=0
shrinkage=0.03


Tree=12
num_leaves=8
num_cat=0
split_feature=5 6 6 2 6 9 3
split_gain=16.0742 3.36253 2.71245 0.714466 0.581191 0.432223 0.19599
threshold=24.800000000000001 17.200000000000006 63.200000000000017 3.6500000000000008 26.100000000000005 0.37128205128205138 5.1500000000000012
decision_type=2 2 2 2 2 2 2
left_child=1 -1 5 6 -3 -2 -4
right_child=2 4 3 -5 -6 -7 -8
leaf_value=-0.024924909739117873 0 -0.011756682752778655 0.0101448233263648 0.026245791763067246 -0.003332153537409828 0.0071207862951118374 0.01762849342563878
leaf_weight=14.999999999999998 11.999999999999998 15.000000000000002 9.0000000000000053 6.9999999999999991 15.999999999999998 23 8.9999999999999982
leaf_count=15 12 15 9 7 16 23 9
internal_value=0 -0.0133018 0.0102236 0.0177573 -0.00750585 0.00472953 0.0141217
internal_weight=106 46 60 25 31 35 18
internal_count=106 46 60 25 31 35 18
is_linear=0
shrinkage=0.03


Tree=13
num_leaves=8
num_cat=0
split_feature=6 1 5 5 3 5 2
split_gain=15.1826 3.39507 2.39525 0.601876 0.513913 0.488755 0.422573
threshold=35.600000000000009 10.000000000000002 50.100000000000009 13.4 5.3500000000000005 42.600000000000009 3.6500000000000008
decision_type=2 2 2 2 2 2 2
left_child=1 3 4 -1 5 -2 -4
right_child=2 -3 6 -5 -6 -7 -8
leaf_value=-0.028910031716028836 0.0031581091885752185 -0.0049650549838490049 0.015468327075890872 -0.017005244322905413 0.015666022621668302 0.011005411003442373 0.027376692295074462
leaf_weight=7.0000000000000027 28 26 8.9999999999999982 14.999999999999998 4.9999999999999991 9.9999999999999982 5.9999999999999991
leaf_count=7 28 26 9 15 5 10 6
internal_value=0 -0.0124422 0.0103234 -0.021087 0.00661521 0.00530926 0.0206279
internal_weight=106 48 58 22 43 38 15
internal_count=106 48 58 22 43 38 15
is_linear=0
shrinkage=0.03


Tree=14
num_leaves=8
num_cat=0
split_feature=6 5 1 3 6 6 9
split_gain=14.3223 4.05257 1.22429 0.904211 0.742697 0.633912 0.183557
threshold=26.100000000000005 40.20000000000001 5.0000000000000009 4.4500000000000011 109.00000000000001 41.20000000000001 0.42923076923076925
decision_type=2 2 2 2 2 2 2
left_child=2 5 -1 -3 -5 6 -2
right_child=1 3 -4 4 -6 -7 -8
leaf_value=-0.026202045679092397 -0.0036733664801620216 0.0045392696150848904 -0.012815719462267243 0.014933485696092243 0.028803472748169533 0.0054813093117263637 0.0012548079492989929
leaf_weight=10.000000000000002 16.000000000000004 6.0000000000000027 20 19.000000000000004 4.9999999999999991 19 10.999999999999998
leaf_count=10 16 6 20 19 5 19 11
internal_value=0 0.00694135 -0.0174715 0.0154849 0.0180992 0.00129408 -0.00161598
internal_weight=106 76 30 30 24 46 27
internal_count=106 76 30 30 24 46 27
is_linear=0
shrinkage=0.03


Tree=15
num_leaves=8
num_cat=0
split_feature=5 6 5 9 6 2 3
split_gain=13.5302 2.83565 2.27978 0.623706 0.474258 0.386949 0.381968
threshold=24.800000000000001 17.200000000000006 50.100000000000009 0.37128205128205138 26.100000000000005 3.6500000000000008 5.2500000000000009
decision_type=2 2 2 2 2 2 2
left_child=1 -1 3 -2 -3 -4 -5
right_child=2 4 5 6 -6 -7 -8
leaf_value=-0.022875465535019571 0 -0.010715873359555475 0.014553431654753892 0.0060124568561358118 -0.0030851828965737862 0.025946992981818413 0.013854482304759143
leaf_weight=14.999999999999998 11.999999999999998 15.000000000000002 8.9999999999999982 25 15.999999999999998 5.9999999999999991 7.9999999999999991
leaf_count=15 12 15 9 25 16 6 8
internal_value=0 -0.0121984 0.00938515 0.00591201 -0.00687055 0.019491 0.00803074
internal_weight=106 46 60 45 31 15 33
internal_count=106 46 60 45 31 15 33
is_linear=0
shrinkage=0.03


Tree=16
num_leaves=8
num_cat=0
split_feature=6 1 5 5 3 5 2
split_gain=12.7522 2.86608 2.01659 0.532801 0.445587 0.412999 0.363426
threshold=35.600000000000009 10.000000000000002 50.100000000000009 13.4 5.3500000000000005 42.600000000000009 3.6500000000000008
decision_type=2 2 2 2 2 2 2
left_child=1 3 4 -1 5 -2 -4
right_child=2 -3 6 -5 -6 -7 -8
leaf_value=-0.026691171576579398 0.0028581278584897517 -0.0045220324269830041 0.014126320092574411 -0.01550746566370914 0.014492759750439571 0.010080677766133759 0.025193693137937973
leaf_weight=7.0000000000000027 28 26 8.9999999999999982 14.999999999999998 4.9999999999999991 9.9999999999999982 5.9999999999999991
leaf_count=7 28 26 9 15 5 10 6
internal_value=7.5658e-07 -0.0113977 0.00946645 -0.0193419 0.00605983 0.00484089 0.0189252
internal_weight=106 48 58 22 43 38 15
internal_count=106 48 58 22 43 38 15
is_linear=0
shrinkage=0.03


Tree=17
num_leaves=8
num_cat=0
split_feature=5 6 6 6 6 9 3
split_gain=12.0556 2.5231 2.03479 0.537478 0.422571 0.336177 0.177385
threshold=24.800000000000001 17.200000000000006 63.200000000000017 85.600000000000009 26.100000000000005 0.37128205128205138 3.6500000000000008
decision_type=2 2 2 2 2 2 2
left_child=1 6 5 -4 -3 -2 -1
right_child=2 4 3 -5 -6 -7 -8
leaf_value=-0.027544961365369647 0 -0.010112979092978331 0.011308059752183523 0.021026058902635293 -0.0029007848572951776 0.0062048844488915697 -0.017975723252576941
leaf_weight=4.9999999999999991 11.999999999999998 15.000000000000002 15.000000000000002 9.9999999999999982 15.999999999999998 23 9.9999999999999982
leaf_count=5 12 15 15 10 16 23 10
internal_value=2.2893e-06 -0.0115107 0.00886278 0.0153908 -0.00648109 0.00409633 -0.0215846
internal_weight=106 46 60 25 31 35 15
internal_count=106 46 60 25 31 35 15
is_linear=0
shrinkage=0.03


Tree=18
num_leaves=8
num_cat=0
split_feature=5 6 5 6 3 6 2
split_gain=11.3614 2.37844 1.93135 0.405335 0.402845 0.399177 0.168512
threshold=24.800000000000001 17.200000000000006 43.900000000000013 85.600000000000009 4.7500000000000009 24.900000000000002 3.4500000000000006
decision_type=2 2 2 2 2 2 2
left_child=1 6 4 -4 -2 -3 -1
right_child=2 5 3 -5 -6 -7 -8
leaf_value=-0.024726144249846298 0.00075156353760597321 -0.011256191213341317 0.011976208737806268 0.02124623556144354 0.0071374793760109658 -0.0037713974162514484 -0.015876018429795899
leaf_weight=7.9999999999999982 17 10.000000000000002 15.000000000000002 7.9999999999999991 20 21 7
leaf_count=8 17 10 15 8 20 21 7
internal_value=3.10636e-07 -0.0111759 0.00860235 0.0154206 0.00426355 -0.0062906 -0.020958
internal_weight=106 46 60 23 37 31 15
internal_count=106 46 60 23 37 31 15
is_linear=0
shrinkage=0.03


Tree=19
num_leaves=8
num_cat=0
split_feature=6 1 5 1 3 5 2
split_gain=10.7258 2.40774 1.70688 0.45133 0.392693 0.354112 0.342388
threshold=35.600000000000009 10.000000000000002 50.100000000000009 5.0000000000000009 5.3500000000000005 42.600000000000009 3.6500000000000008
decision_type=2 2 2 2 2 2 2
left_child=1 3 4 -1 5 -2 -4
right_child=2 -3 6 -5 -6 -7 -8
leaf_value=-0.022786556832930616 0.0025572868121510493 -0.0041451342600817218 0.012780730805319289 -0.013100643772326533 0.013461452619387554 0.0092508890523630045 0.023418757905883176
leaf_weight=10.000000000000002 28 26 8.9999999999999982 11.999999999999998 4.9999999999999991 9.9999999999999982 5.9999999999999991
leaf_count=10 28 26 9 12 5 10 6
internal_value=0 -0.0104534 0.00868133 -0.0177365 0.00554338 0.00439724 0.0173868
internal_weight=106 48 58 22 43 38 15
internal_count=106 48 58 22 43 38 15
is_linear=0
shrinkage=0.03


Tree=20
num_leaves=8
num_cat=0
split_feature=5 6 6 2 6 9 3
split_gain=10.1252 2.11175 1.71517 0.478799 0.362611 0.297327 0.159759
threshold=24.800000000000001 17.200000000000006 63.200000000000017 3.6500000000000008 26.100000000000005 0.37128205128205138 3.6500000000000008
decision_type=2 2 2 2 2 2 2
left_child=1 6 5 -4 -3 -2 -1
right_child=2 4 3 -5 -6 -7 -8
leaf_value=-0.025379836169572977 0 -0.0093077570030857832 0.011121977475973275 0.021087882841626802 -0.0026175074241365547 0.0057247550316668798 -0.016374241639586059
leaf_weight=4.9999999999999991 11.999999999999998 15.000000000000002 18.000000000000004 6.9999999999999991 15.999999999999998 23 9.9999999999999982
leaf_count=5 12 15 18 7 16 23 10
internal_value=7.20467e-07 -0.0105492 0.0081221 0.0141172 -0.00594172 0.00374141 -0.0197692
internal_weight=106 46 60 25 31 35 15
internal_count=106 46 60 25 31 35 15
is_linear=0
shrinkage=0.03


Tree=21
num_leaves=8
num_cat=0
split_feature=6 1 6 5 5 2 9
split_gain=9.55259 2.14192 1.5528 0.642438 0.405984 0.211592 0.1602
threshold=35.600000000000009 10.000000000000002 85.600000000000009 42.600000000000009 13.4 3.4500000000000006 0.32935384615384616
decision_type=2 2 2 2 2 2 2
left_child=1 4 3 -2 -1 -3 -7
right_child=2 5 -4 -5 -6 6 -8
leaf_value=-0.023178401142358768 0.0030646164036226393 -0.0070706716991428805 0.018916324835051509 0.010348411460335438 -0.013364485022857 -0.0051862564274380279 0.00096610915563676686
leaf_weight=7.0000000000000027 30 11.000000000000002 9.9999999999999982 18 14.999999999999998 5.9999999999999991 8.9999999999999982
leaf_count=7 30 11 10 18 15 6 9
internal_value=0 -0.00986479 0.00819311 0.00585877 -0.0167353 -0.00391061 -0.00143201
internal_weight=106 48 58 48 22 26 15
internal_count=106 48 58 48 22 26 15
is_linear=0
shrinkage=0.03


Tree=22
num_leaves=8
num_cat=0
split_feature=5 6 5 9 6 2 3
split_gain=9.01274 1.88319 1.54767 0.439214 0.319875 0.302701 0.282217
threshold=24.800000000000001 17.200000000000006 50.100000000000009 0.37128205128205138 24.900000000000002 3.6500000000000008 5.2500000000000009
decision_type=2 2 2 2 2 2 2
left_child=1 -1 3 -2 -3 -4 -5
right_child=2 4 5 6 -6 -7 -8
leaf_value=-0.018664357236733559 -3.9999605324424614e-06 -0.010052386706366255 0.011663779774680735 0.0048273972599279314 -0.0033350401570721761 0.02166036195332004 0.011579918032739221
leaf_weight=14.999999999999998 11.999999999999998 10.000000000000002 8.9999999999999982 25 21 5.9999999999999991 7.9999999999999991
leaf_count=15 12 10 9 25 21 6 8
internal_value=0 -0.00995531 0.00766043 0.00479108 -0.00560055 0.0159935 0.00656945
internal_weight=106 46 60 45 31 15 33
internal_count=106 46 60 45 31 15 33
is_linear=0
shrinkage=0.03


Tree=23
num_leaves=8
num_cat=0
split_feature=6 1 6 5 1 2 8
split_gain=8.50578 1.90005 1.39556 0.571593 0.375394 0.192406 0.15115
threshold=35.600000000000009 10.000000000000002 85.600000000000009 42.600000000000009 5.0000000000000009 3.4500000000000006 8.4375000000000018
decision_type=2 2 2 2 2 2 2
left_child=1 4 3 -2 -1 -3 -4
right_child=2 5 6 -5 -6 -7 -8
leaf_value=-0.02038712189478032 0.0028768202664318267 -0.0067099479346403043 0.012495376220546093 0.0097529113448255669 -0.011548040167840778 -0.0013278170105216927 0.022327301949262614
leaf_weight=10.000000000000002 30 11.000000000000002 4.9999999999999982 18 11.999999999999998 14.999999999999998 5
leaf_count=10 30 11 5 18 12 15 5
internal_value=0 -0.00930848 0.00773129 0.00551624 -0.0157808 -0.00369596 0.0178998
internal_weight=106 48 58 48 22 26 10
internal_count=106 48 58 48 22 26 10
is_linear=0
shrinkage=0.03


Tree=24
num_leaves=8
num_cat=0
split_feature=5 6 6 5 9 9 3
split_gain=8.03154 1.66791 1.38416 0.590879 0.293742 0.176125 0.14628
threshold=24.800000000000001 17.200000000000006 85.600000000000009 42.600000000000009 0.40153846153846157 0.32071428571428579 3.6500000000000008
decision_type=2 2 2 2 2 2 2
left_child=1 6 3 5 -3 -2 -1
right_child=2 4 -4 -5 -6 -7 -8
leaf_value=-0.02285263201365104 -0.0018512620446422406 -0.0074581009540522439 0.017387698303278097 0.0094635393585150059 -0.0011616867612714746 0.0036565029590454163 -0.014423257804968779
leaf_weight=4.9999999999999991 5.9999999999999991 20.000000000000004 9.9999999999999982 18 10.999999999999998 26 9.9999999999999982
leaf_count=5 6 20 10 18 11 26 10
internal_value=0 -0.00939644 0.00723278 0.00511074 -0.00529373 0.00257213 -0.0175955
internal_weight=106 46 60 50 31 32 15
internal_count=106 46 60 50 31 32 15
is_linear=0
shrinkage=0.03


Tree=25
num_leaves=8
num_cat=0
split_feature=6 5 1 3 6 5 9
split_gain=7.57521 2.17582 0.680528 0.627853 0.522926 0.374826 0.13071
threshold=26.100000000000005 40.20000000000001 5.0000000000000009 4.4500000000000011 109.00000000000001 29.200000000000006 0.32935384615384616
decision_type=2 2 2 2 2 2 2
left_child=2 5 -1 -3 -5 6 -2
right_child=1 3 -4 4 -6 -7 -8
leaf_value=-0.019239325418191792 -0.0042750273040700225 0.0022350043815470497 -0.0092056342351739071 0.010844867695122955 0.022403739920029274 0.0045980315606747929 0.00010134092462878371
leaf_weight=10.000000000000002 8.0000000000000018 6.0000000000000027 20 19.000000000000004 4.9999999999999991 15.999999999999998 22
leaf_count=10 8 6 20 19 5 16 22
internal_value=0 0.00504935 -0.0127051 0.0113105 0.0134802 0.000902222 -0.0010366
internal_weight=106 76 30 30 24 46 30
internal_count=106 76 30 30 24 46 30
is_linear=0
shrinkage=0.03


Tree=26
num_leaves=8
num_cat=0
split_feature=5 6 5 9 2 9 3
split_gain=7.14917 1.48897 1.24275 0.360172 0.267746 0.262212 0.241209
threshold=24.800000000000001 17.200000000000006 50.100000000000009 0.37128205128205138 3.6500000000000008 0.38307692307692315 5.2500000000000009
decision_type=2 2 2 2 2 2 2
left_child=1 -1 3 -2 -4 -3 -5
right_child=2 5 4 6 -6 -7 -8
leaf_value=-0.016614697985351087 -8.3347929366787927e-05 -0.0074992175957967712 0.010248815552129047 0.0042454854225451571 0.019594228373419856 -0.001765452506460092 0.010490869538086218
leaf_weight=14.999999999999998 11.999999999999998 17.000000000000004 8.9999999999999982 25 5.9999999999999991 13.999999999999998 7.9999999999999991
leaf_count=15 12 17 9 25 6 14 8
internal_value=0 -0.00886579 0.00682339 0.00424767 0.0142943 -0.00498577 0.00585878
internal_weight=106 46 60 45 15 31 33
internal_count=106 46 60 45 15 31 33
is_linear=0
shrinkage=0.03


Tree=27
num_leaves=8
num_cat=0
split_feature=6 1 6 5 5 9 2
split_gain=6.75116 1.74234 1.00129 0.354112 0.321909 0.189364 0.139035
threshold=37.600000000000001 10.000000000000002 85.600000000000009 42.600000000000009 13.4 0.42923076923076925 3.6500000000000008
decision_type=2 2 2 2 2 2 2
left_child=1 4 3 6 -1 -3 -2
right_child=2 5 -4 -5 -6 -7 -8
leaf_value=-0.019799966042240449 0.0014137840591969763 -0.0043280588215015622 0.01599986271823154 0.0086466313720486333 -0.011088367895541811 0.00089569820659007979 0.0063156197783423634
leaf_weight=7.0000000000000027 18.000000000000004 22.000000000000004 9.9999999999999982 18 14.999999999999998 7.9999999999999991 7.9999999999999991
leaf_count=7 18 22 10 18 15 8 8
internal_value=0 -0.00768853 0.00742779 0.00538207 -0.0140812 -0.00288868 0.00301599
internal_weight=106 52 54 44 22 30 26
internal_count=106 52 54 44 22 30 26
is_linear=0
shrinkage=0.03


Tree=28
num_leaves=8
num_cat=0
split_feature=6 5 1 3 6 6 2
split_gain=6.37417 1.82592 0.582803 0.558319 0.466436 0.316327 0.112585
threshold=26.100000000000005 40.20000000000001 5.0000000000000009 4.4500000000000011 109.00000000000001 41.20000000000001 3.6500000000000008
decision_type=2 2 2 2 2 2 2
left_child=2 5 -1 -3 -5 -2 -7
right_child=1 3 -4 4 -6 6 -8
leaf_value=-0.017704932864974522 -0.0012109930824012469 0.0018140402117804164 -0.0084053328036708692 0.0099265778856351943 0.020838557481765746 0.0022051703187364021 0.0077099766983435691
leaf_weight=10.000000000000002 27 6.0000000000000027 20 19.000000000000004 4.9999999999999991 14.000000000000002 4.9999999999999991
leaf_count=10 27 6 20 19 5 14 5
internal_value=0 0.0046347 -0.0116516 0.0103708 0.0124153 0.000832604 0.00379715
internal_weight=106 76 30 30 24 46 19
internal_count=106 76 30 30 24 46 19
is_linear=0
shrinkage=0.03


Tree=29
num_leaves=8
num_cat=0
split_feature=5 1 5 9 5 2 3
split_gain=6.01162 1.2543 1.05246 0.306996 0.291879 0.244811 0.203258
threshold=24.800000000000001 10.000000000000002 50.100000000000009 0.37128205128205138 13.4 3.6500000000000008 5.2500000000000009
decision_type=2 2 2 2 2 2 2
left_child=1 4 3 -2 -1 -4 -5
right_child=2 -3 5 6 -6 -7 -8
leaf_value=-0.018744821275273948 -0.00010298151614480331 -0.0032573697952484361 0.0092887830175459405 0.0038851906643027354 -0.010437833975730955 0.018185421449522818 0.0096363224343555751
leaf_weight=7.0000000000000027 11.999999999999998 24 8.9999999999999982 25 14.999999999999998 5.9999999999999991 7.9999999999999991
leaf_count=7 12 24 9 25 15 6 8
internal_value=0 -0.00812654 0.00626038 0.00388647 -0.0132936 0.0131386 0.00537424
internal_weight=106 46 60 45 22 15 33
internal_count=106 46 60 45 22 15 33
is_linear=0
shrinkage=0.03


Tree=30
num_leaves=8
num_cat=0
split_feature=6 1 6 5 5 9 8
split_gain=5.68924 1.45798 0.849142 0.291402 0.274275 0.165479 0.134127
threshold=37.600000000000001 10.000000000000002 85.600000000000009 42.600000000000009 13.4 0.42923076923076925 8.4375000000000018
decision_type=2 2 2 2 2 2 2
left_child=1 4 3 -2 -1 -3 -4
right_child=2 5 6 -5 -6 -7 -8
leaf_value=-0.018198098291953398 0.0027779327994852348 -0.0040058176389366788 0.0098394624287119273 0.0079002817721198215 -0.010128819287117376 0.00086960745623289814 0.018747492203345661
leaf_weight=7.0000000000000027 26 22.000000000000004 4.9999999999999982 18 14.999999999999998 7.9999999999999991 5
leaf_count=7 26 22 5 18 15 8 5
internal_value=0 -0.00705522 0.00682139 0.00493364 -0.0129047 -0.00265889 0.0147208
internal_weight=106 52 54 44 22 30 10
internal_count=106 52 54 44 22 30 10
is_linear=0
shrinkage=0.03


Tree=31
num_leaves=8
num_cat=0
split_feature=6 5 1 3 6 5 9
split_gain=5.36644 1.53194 0.497973 0.495945 0.414834 0.275867 0.0965747
threshold=26.100000000000005 40.20000000000001 5.0000000000000009 4.4500000000000011 109.00000000000001 29.200000000000006 0.32935384615384616
decision_type=2 2 2 2 2 2 2
left_child=2 5 -1 -3 -5 6 -2
right_child=1 3 -4 4 -6 -7 -8
leaf_value=-0.016290304801043338 -0.0036717306083159096 0.0014457060278002766 -0.0076785185892540627 0.0090878654224798069 0.019377511464632475 0.0039433351106493292 8.153268110913199e-05
leaf_weight=10.000000000000002 8.0000000000000018 6.0000000000000027 20 19.000000000000004 4.9999999999999991 15.999999999999998 22
leaf_count=10 8 6 20 19 5 16 22
internal_value=2.83728e-07 0.00425587 -0.0106877 0.00951038 0.011436 0.000770213 -0.000887356
internal_weight=106 76 30 30 24 46 30
internal_count=106 76 30 30 24 46 30
is_linear=0
shrinkage=0.03


Tree=32
num_leaves=8
num_cat=0
split_feature=6 6 6 5 5 2 8
split_gain=5.06481 1.30782 0.75765 0.307069 0.256674 0.127813 0.123716
threshold=37.600000000000001 24.900000000000002 85.600000000000009 13.4 43.900000000000013 3.5500000000000003 8.4375000000000018
decision_type=2 2 2 2 2 2 2
left_child=1 3 4 -1 5 -2 -4
right_child=2 -3 6 -5 -6 -7 -8
leaf_value=-0.01722806846102078 0.0011991272234757027 -0.0019832436941728433 0.0092188443959905567 -0.0091413317178631881 0.0078812612946096219 0.0054489005360353216 0.017766458953802401
leaf_weight=7.0000000000000027 18.000000000000004 27 4.9999999999999982 18 14.999999999999998 10.999999999999998 5
leaf_count=7 18 27 5 18 15 11 5
internal_value=1.05454e-06 -0.00665438 0.00643857 -0.0115839 0.00465265 0.00288876 0.0139043
internal_weight=106 52 54 25 44 29 10
internal_count=106 52 54 25 44 29 10
is_linear=0
shrinkage=0.03


Tree=33
num_leaves=8
num_cat=0
split_feature=5 6 6 2 9 9 3
split_gain=4.79193 0.915587 0.901192 0.278302 0.198082 0.187107 0.106652
threshold=24.300000000000001 63.200000000000017 17.200000000000006 3.6500000000000008 0.32071428571428579 0.38307692307692315 3.6500000000000008
decision_type=2 2 2 2 2 2 2
left_child=2 4 6 -3 -2 -4 -1
right_child=1 3 5 -5 -6 -7 -8
leaf_value=-0.018044762038267576 -0.0017659171080080475 0.0074446951307274474 -0.0066691179480403654 0.015046970844268799 0.0034053419609955016 -0.0015498963455584916 -0.0109605741106412
leaf_weight=4.9999999999999991 7.9999999999999991 18.000000000000004 15.000000000000002 6.9999999999999991 30 12.999999999999998 9.9999999999999982
leaf_count=5 8 18 15 7 30 13 10
internal_value=2.19026e-06 0.00527994 -0.00768426 0.00973538 0.00227384 -0.00437338 -0.013627
internal_weight=106 63 43 25 38 28 15
internal_count=106 63 43 25 38 28 15
is_linear=0
shrinkage=0.03


Tree=34
num_leaves=8
num_cat=0
split_feature=6 1 6 5 3 9 2
split_gain=4.52102 1.16196 0.68793 0.226468 0.220573 0.134243 0.110105
threshold=37.600000000000001 10.000000000000002 85.600000000000009 42.600000000000009 3.6500000000000008 0.42923076923076925 3.6500000000000008
decision_type=2 2 2 2 2 2 2
left_child=1 4 3 6 -1 -3 -2
right_child=2 5 -4 -5 -6 -7 -8
leaf_value=-0.017524239833538336 0.0010373967415192621 -0.0035708434981092606 0.013199029306278511 0.0070006920223810026 -0.009471815492264753 0.00080814757543366139 0.0053995055923374688
leaf_weight=5.0000000000000027 18.000000000000004 22.000000000000004 9.9999999999999982 18 17 7.9999999999999991 7.9999999999999991
leaf_count=5 18 22 10 18 17 8 8
internal_value=1.13664e-07 -0.00628711 0.00608301 0.00437939 -0.0115109 -0.00235583 0.00246781
internal_weight=106 52 54 44 22 30 26
internal_count=106 52 54 44 22 30 26
is_linear=0
shrinkage=0.03


Tree=35
num_leaves=8
num_cat=0
split_feature=5 5 6 9 2 3 3
split_gain=4.26804 0.82323 0.805216 0.271911 0.197299 0.16882 0.166096
threshold=24.300000000000001 50.100000000000009 17.200000000000006 0.37128205128205138 3.6500000000000008 4.1500000000000012 5.2500000000000009
decision_type=2 2 2 2 2 2 2
left_child=2 3 -1 -2 -3 -4 -5
right_child=1 4 5 6 -6 -7 -8
leaf_value=-0.012872733601221913 -0.00042175730990416465 0.0076645984257692878 -0.0075457676014174567 0.0031428862254327264 0.015624742820378271 -0.0023563212464796377 0.0083077536559686433
leaf_weight=14.999999999999998 13.999999999999998 8.9999999999999982 9.0000000000000018 26 5.9999999999999991 19 7.9999999999999991
leaf_count=15 14 9 9 26 6 19 8
internal_value=3.57586e-07 0.00498206 -0.00725296 0.00299747 0.011111 -0.00411924 0.00444349
internal_weight=106 63 43 48 15 28 34
internal_count=106 63 43 48 15 28 34
is_linear=0
shrinkage=0.03


Tree=36
num_leaves=8
num_cat=0
split_feature=6 1 6 3 14 2 8
split_gain=4.03795 1.03156 0.616075 0.20442 0.200998 0.128997 0.203468
threshold=37.600000000000001 10.000000000000002 85.600000000000009 3.6500000000000008 1.0000000180025095e-35 3.1500000000000008 14.333333333333334
decision_type=2 2 2 2 2 2 2
left_child=1 3 4 -1 5 -2 -7
right_child=2 -3 -4 -5 -6 6 -8
leaf_value=-0.016647404902256441 0.0016691039530012536 -0.0022325194133245171 0.012487961167798324 -0.0089014663244056155 -0.0012520574291165058 0.007039876327780652 7.6640387280629208e-05
leaf_weight=5.0000000000000027 9.9999999999999982 30 9.9999999999999982 17 4.9999999999999991 24.000000000000004 4.9999999999999991
leaf_count=5 10 30 10 17 5 24 5
internal_value=5.75237e-07 -0.00594049 0.00575009 -0.0108636 0.00413524 0.00486705 0.00589944
internal_weight=106 52 54 22 44 39 29
internal_count=106 52 54 22 44 39 29
is_linear=0
shrinkage=0.03


Tree=37
num_leaves=8
num_cat=0
split_feature=6 5 3 1 6 24 6
split_gain=3.80963 1.08269 0.400526 0.366424 0.345555 0.208237 0.210349
threshold=26.100000000000005 40.20000000000001 4.4500000000000011 5.0000000000000009 109.00000000000001 1.0000000180025095e-35 41.20000000000001
decision_type=2 2 2 2 2 2 2
left_child=3 5 -3 -1 -4 6 -2
right_child=1 2 4 -5 -6 -7 -8
leaf_value=-0.013821730490993047 -0.0018675979225480667 0.00076413180348613519 0.0075962325744330867 -0.0064067776003243907 0.016958511059100814 0.0063090856230029685 0.0024700779199253679
leaf_weight=10.000000000000002 24 6.0000000000000027 19.000000000000004 20 4.9999999999999991 4.9999999999999991 17
leaf_count=10 24 6 19 20 5 5 17
internal_value=0 0.00358748 0.00800561 -0.00900326 0.00973272 0.000651444 -2.93818e-05
internal_weight=106 76 30 30 24 46 41
internal_count=106 76 30 30 24 46 41
is_linear=0
shrinkage=0.03


Tree=38
num_leaves=8
num_cat=0
split_feature=5 5 3 9 13 1 2
split_gain=3.59627 0.693972 0.689592 0.22945 0.199546 0.194886 0.180346
threshold=24.300000000000001 50.100000000000009 4.1500000000000012 0.37128205128205138 1.0000000180025095e-35 5.0000000000000009 3.6500000000000008
decision_type=2 2 2 2 2 2 2
left_child=2 3 5 -2 -4 -1 -3
right_child=1 6 4 -5 -6 -7 -8
leaf_value=-0.013911986373688861 -0.000383913012903551 0.0069225580374831742 -0.00057296300282407735 0.004077878467607916 -0.0075374786355174488 -0.0075457468093700812 0.014504851554670642
leaf_weight=9.0000000000000018 13.999999999999998 8.9999999999999982 15.000000000000002 34 4.9999999999999991 13.999999999999998 5.9999999999999991
leaf_count=9 14 9 15 34 5 14 6
internal_value=8.06841e-07 0.00457483 -0.00665611 0.00274921 -0.00244574 -0.0102 0.0102051
internal_weight=106 63 43 48 20 23 15
internal_count=106 63 43 48 20 23 15
is_linear=0
shrinkage=0.03


Tree=39
num_leaves=8
num_cat=0
split_feature=6 6 6 5 14 2 8
split_gain=3.40397 0.872735 0.524926 0.218771 0.173146 0.114691 0.173923
threshold=37.600000000000001 24.900000000000002 85.600000000000009 13.4 1.0000000180025095e-35 3.1500000000000008 14.333333333333334
decision_type=2 2 2 2 2 2 2
left_child=1 3 4 -1 5 -2 -7
right_child=2 -3 -4 -5 -6 6 -8
leaf_value=-0.014266359359025949 0.0014461221195319121 -0.0016260563869796255 0.011503589144524408 -0.0074050076481896442 -0.0011995777315818347 0.0064922883484728076 3.3935665224607156e-05
leaf_weight=7.0000000000000027 9.9999999999999982 27 9.9999999999999982 18 4.9999999999999991 24.000000000000004 4.9999999999999991
leaf_count=7 10 27 10 18 5 24 5
internal_value=0 -0.00545436 0.00527932 -0.00948369 0.00378512 0.00446531 0.00543801
internal_weight=106 52 54 25 44 39 29
internal_count=106 52 54 25 44 39 29
is_linear=0
shrinkage=0.03


Tree=40
num_leaves=8
num_cat=0
split_feature=3 5 5 6 8 24 5
split_gain=3.21587 1.04364 0.467721 0.371057 0.210184 0.112583 0.082484
threshold=4.3500000000000005 40.20000000000001 14.200000000000001 109.00000000000001 15.72916666666667 1.0000000180025095e-35 20.700000000000003
decision_type=2 2 2 2 2 2 2
left_child=2 4 -1 -3 5 -2 -4
right_child=1 3 6 -5 -6 -7 -8
leaf_value=-0.012258574127173816 0.0010375975889082138 0.0064062284919861193 -0.0063685396279801014 0.015806567623065069 -0.0034979389314880459 0.0059426890370937492 -0.002356506196015021
leaf_weight=11.999999999999998 31 22.000000000000004 13.000000000000002 4.9999999999999991 7.9999999999999991 4.9999999999999991 9.9999999999999982
leaf_count=12 31 22 13 5 8 5 10
internal_value=0 0.00367984 -0.00740499 0.0083056 0.000782623 0.00178937 -0.00472418
internal_weight=106 71 35 27 44 36 23
internal_count=106 71 35 27 44 36 23
is_linear=0
shrinkage=0.03


Tree=41
num_leaves=8
num_cat=0
split_feature=5 6 3 5 13 1 8
split_gain=3.038 0.588025 0.572747 0.239861 0.183728 0.166483 0.123519
threshold=24.300000000000001 85.600000000000009 4.1500000000000012 29.200000000000006 1.0000000180025095e-35 5.0000000000000009 14.333333333333334
decision_type=2 2 2 2 2 2 2
left_child=2 3 5 -2 -4 -1 -5
right_child=1 -3 4 6 -6 -7 -8
leaf_value=-0.012792372564258778 0 0.010864361848901301 -0.00047265927111239805 0.0049649392225994508 -0.0071550941495941225 -0.0068840341500833006 0
leaf_weight=9.0000000000000018 17 9.9999999999999982 15.000000000000002 31 4.9999999999999991 13.999999999999998 4.9999999999999991
leaf_count=9 17 10 15 31 5 14 5
internal_value=0 0.00420365 -0.00611884 0.00288259 -0.00227183 -0.009351 0.00426321
internal_weight=106 63 43 53 20 23 36
internal_count=106 63 43 53 20 23 36
is_linear=0
shrinkage=0.03


Tree=42
num_leaves=8
num_cat=0
split_feature=3 5 5 6 8 24 6
split_gain=2.87572 0.934946 0.411472 0.339738 0.190602 0.104085 0.0699416
threshold=4.3500000000000005 40.20000000000001 14.200000000000001 109.00000000000001 15.72916666666667 1.0000000180025095e-35 41.20000000000001
decision_type=2 2 2 2 2 2 2
left_child=2 4 -1 -3 5 6 -2
right_child=1 3 -4 -5 -6 -7 -8
leaf_value=-0.011562952086573743 -0.00041808570513814238 0.0060362779847472087 -0.0044818352467926419 0.015037213965104176 -0.003339747433073637 0.0056880607455968846 0.002351950063818583
leaf_weight=11.999999999999998 15.000000000000002 22.000000000000004 23 4.9999999999999991 7.9999999999999991 4.9999999999999991 15.999999999999998
leaf_count=12 15 22 23 5 8 5 16
internal_value=0 0.00347806 -0.00700416 0.00785658 0.000733907 0.00169405 0.000969445
internal_weight=106 71 35 27 44 36 31
internal_count=106 71 35 27 44 36 31
is_linear=0
shrinkage=0.03


Tree=43
num_leaves=8
num_cat=0
split_feature=5 5 3 5 13 2 5
split_gain=2.71601 0.52765 0.50866 0.172092 0.1703 0.160654 0.149128
threshold=24.300000000000001 50.100000000000009 4.1500000000000012 29.200000000000006 1.0000000180025095e-35 3.6500000000000008 13.4
decision_type=2 2 2 2 2 2 2
left_child=2 3 6 -2 -4 -3 -1
right_child=1 5 4 -5 -6 -7 -8
leaf_value=-0.012806970054904613 0 0.0058185411034070928 -0.0004201921747115097 0.0036994638974535451 -0.0068560362693208905 0.012911588972614657 -0.0068670388393931919
leaf_weight=7.0000000000000027 17 8.9999999999999982 15.000000000000002 31 4.9999999999999991 5.9999999999999991 15.999999999999998
leaf_count=7 17 9 15 31 5 6 16
internal_value=0 0.00397324 -0.00578691 0.00237606 -0.00215536 0.008887 -0.00883432
internal_weight=106 63 43 48 20 15 23
internal_count=106 63 43 48 20 15 23
is_linear=0
shrinkage=0.03


Tree=44
num_leaves=8
num_cat=0
split_feature=3 5 5 6 8 24 6
split_gain=2.57333 0.838873 0.363501 0.31116 0.174073 0.0969643 0.0638046
threshold=4.3500000000000005 40.20000000000001 14.200000000000001 109.00000000000001 15.72916666666667 1.0000000180025095e-35 41.20000000000001
decision_type=2 2 2 2 2 2 2
left_child=2 4 -1 -3 5 6 -2
right_child=1 3 -4 -5 -6 -7 -8
leaf_value=-0.010916871802240121 -0.00041557753997805867 0.0056923087595685097 -0.0042480485740214076 0.014312841468132458 -0.0032022926063708418 0.0054623770570525754 0.0022282339243840264
leaf_weight=11.999999999999998 15.000000000000002 22.000000000000004 23 4.9999999999999991 7.9999999999999991 4.9999999999999991 15.999999999999998
leaf_count=12 15 22 23 5 8 5 16
internal_value=0 0.00328964 -0.00662615 0.00743735 0.000688375 0.00160732 0.00090643
internal_weight=106 71 35 27 44 36 31
internal_count=106 71 35 27 44 36 31
is_linear=0
shrinkage=0.03


Tree=45
num_leaves=8
num_cat=0
split_feature=6 5 6 5 9 8 5
split_gain=2.43199 0.739708 0.322665 0.164868 0.103933 0.0946692 0.0771157
threshold=41.20000000000001 19.500000000000004 85.600000000000009 13.4 0.32071428571428579 8.4375000000000018 43.900000000000013
decision_type=2 2 2 2 2 2 2
left_child=1 3 6 -1 -3 -4 -2
right_child=2 4 5 -5 -6 -7 -8
leaf_value=-0.012115024700760837 0.0023689415762470343 -0.0031715064388928836 0.0058591338418997252 -0.0061822546483017507 0.00031519878510152924 0.012994627465422334 0.0053424839802870628
leaf_weight=7.0000000000000027 24 12.000000000000002 4.9999999999999982 19 19 5 14.999999999999998
leaf_count=7 24 12 5 19 19 5 15
internal_value=0 -0.00419699 0.00489987 -0.00791708 -0.000998095 0.00975878 0.0035723
internal_weight=106 57 49 26 31 10 39
internal_count=106 57 49 26 31 10 39
is_linear=0
shrinkage=0.03


Tree=46
num_leaves=8
num_cat=0
split_feature=3 5 5 6 8 24 5
split_gain=2.3081 0.745093 0.320687 0.284817 0.15672 0.0910358 0.0574864
threshold=4.3500000000000005 40.20000000000001 14.200000000000001 109.00000000000001 15.72916666666667 1.0000000180025095e-35 20.700000000000003
decision_type=2 2 2 2 2 2 2
left_child=2 4 -1 -3 5 -2 -4
right_child=1 3 6 -5 -6 -7 -8
leaf_value=-0.010310185510115545 0.00085589449293015953 0.005354224473640725 -0.0054198182374238955 0.013607458839049706 -0.0030249974081610759 0.0052720190928532522 -0.0020109962146071824
leaf_weight=11.999999999999998 31 22.000000000000004 13.000000000000002 4.9999999999999991 7.9999999999999991 4.9999999999999991 9.9999999999999982
leaf_count=12 31 22 13 5 8 5 10
internal_value=0 0.00311708 -0.00627381 0.00702657 0.0006632 0.00153642 -0.00403249
internal_weight=106 71 35 27 44 36 23
internal_count=106 71 35 27 44 36 23
is_linear=0
shrinkage=0.03


Tree=47
num_leaves=8
num_cat=0
split_feature=5 3 1 1 5 8 2
split_gain=2.17785 0.427721 0.415224 0.177845 0.172045 0.10857 0.115475
threshold=24.300000000000001 5.2500000000000009 7.0000000000000009 26.000000000000004 42.600000000000009 15.72916666666667 3.4500000000000006
decision_type=2 2 2 2 2 2 2
left_child=2 4 -1 -3 -2 6 -4
right_child=1 3 5 -5 -6 -7 -8
leaf_value=-0.0092290654131456425 0.00055500173395413234 0.0047122163485203462 -0.0031528618537327801 0.011351054273545743 0.0045492549858203064 -0.0050829066699523426 0.0019563356811000453
leaf_weight=14.999999999999998 30 11.000000000000002 10.000000000000005 6.9999999999999991 14.999999999999998 11.999999999999998 5.9999999999999991
leaf_count=15 30 11 10 7 15 12 6
internal_value=0 0.00355877 -0.00518109 0.00747277 0.00193384 -0.00290927 -0.00114382
internal_weight=106 63 43 18 45 28 16
internal_count=106 63 43 18 45 28 16
is_linear=0
shrinkage=0.03


Tree=48
num_leaves=8
num_cat=0
split_feature=3 5 5 6 8 24 6
split_gain=2.06509 0.661009 0.288375 0.26029 0.141904 0.0834877 0.0541531
threshold=4.3500000000000005 40.20000000000001 14.200000000000001 109.00000000000001 15.72916666666667 1.0000000180025095e-35 41.20000000000001
decision_type=2 2 2 2 2 2 2
left_child=2 4 -1 -3 5 6 -2
right_child=1 3 -4 -5 -6 -7 -8
leaf_value=-0.0097642039470985289 -0.00039769449130337871 0.0050309005228651536 -0.0038025238970294593 0.012926743076397823 -0.0028701989280014504 0.0050478795657937338 0.0020339877755139709
leaf_weight=11.999999999999998 15.000000000000002 22.000000000000004 23 4.9999999999999991 7.9999999999999991 4.9999999999999991 15.999999999999998
leaf_count=12 15 22 23 5 8 5 16
internal_value=0 0.00294978 -0.00593301 0.00663254 0.000636176 0.00146836 0.000814284
internal_weight=106 71 35 27 44 36 31
internal_count=106 71 35 27 44 36 31
is_linear=0
shrinkage=0.03


Tree=49
num_leaves=8
num_cat=0
split_feature=5 5 3 5 1 9 3
split_gain=1.95318 0.637581 0.27404 0.135787 0.0966393 0.0878252 0.0814688
threshold=19.500000000000004 29.200000000000006 5.2500000000000009 13.4 26.000000000000004 0.32935384615384616 4.4500000000000011
decision_type=2 2 2 2 2 2 2
left_child=3 5 6 -1 -4 -2 -3
right_child=1 2 4 -5 -6 -7 -8
leaf_value=-0.010924261050919686 -0.0027975403951084029 0 0.0052405074951441394 -0.0055140768938872504 0.010741649741927784 0.00032720072799035022 0.003688160240096201
leaf_weight=7.0000000000000027 11.999999999999998 7.0000000000000027 8.9999999999999982 19 6.9999999999999991 22 23
leaf_count=7 12 7 9 19 7 22 23
internal_value=0 0.00233443 0.00463392 -0.00710019 0.00784275 -0.0007417 0.00283227
internal_weight=106 80 46 26 16 34 30
internal_count=106 80 46 26 16 34 30
is_linear=0
shrinkage=0.03


Tree=50
num_leaves=8
num_cat=0
split_feature=3 5 5 6 8 24 6
split_gain=1.84676 0.592329 0.255327 0.236714 0.126174 0.0767364 0.0485063
threshold=4.3500000000000005 40.20000000000001 14.200000000000001 109.00000000000001 15.72916666666667 1.0000000180025095e-35 41.20000000000001
decision_type=2 2 2 2 2 2 2
left_child=2 4 -1 -3 5 6 -2
right_child=1 3 -4 -5 -6 -7 -8
leaf_value=-0.0092202434578879944 -0.00038755493336602257 0.0047454553691519269 -0.0035981162458270338 0.01228469410767922 -0.0027046101649359959 0.0048167469524420222 0.0019113598939859205
leaf_weight=11.999999999999998 15.000000000000002 22.000000000000004 23 4.9999999999999991 7.9999999999999991 4.9999999999999991 15.999999999999998
leaf_count=12 15 22 23 5 8 5 16
internal_value=0 0.00279034 -0.00560975 0.00627682 0.000598246 0.00138454 0.000755551
internal_weight=106 71 35 27 44 36 31
internal_count=106 71 35 27 44 36 31
is_linear=0
shrinkage=0.03


Tree=51
num_leaves=8
num_cat=0
split_feature=5 5 3 5 1 9 3
split_gain=1.75022 0.568489 0.24596 0.120461 0.0853316 0.0773319 0.0726611
threshold=19.500000000000004 29.200000000000006 5.2500000000000009 13.4 26.000000000000004 0.32935384615384616 4.4500000000000011
decision_type=2 2 2 2 2 2 2
left_child=3 5 6 -1 -4 -2 -3
right_child=1 2 4 -5 -6 -7 -8
leaf_value=-0.010336713045835491 -0.0026219989573124979 0 0.0049562178535953808 -0.0052160813550290192 0.010164288481076558 0.00030743063628874926 0.0034796952094946956
leaf_weight=7.0000000000000027 11.999999999999998 7.0000000000000027 8.9999999999999982 19 6.9999999999999991 22 23
leaf_count=7 12 7 9 19 7 22 23
internal_value=0 0.00221063 0.00438217 -0.00672035 0.0074247 -0.000691913 0.00267139
internal_weight=106 80 46 26 16 34 30
internal_count=106 80 46 26 16 34 30
is_linear=0
shrinkage=0.03


Tree=52
num_leaves=8
num_cat=0
split_feature=6 5 2 5 6 9 2
split_gain=1.65262 0.502672 0.232372 0.113072 0.0967589 0.0664932 0.0308545
threshold=41.20000000000001 19.500000000000004 3.7500000000000004 13.4 68.600000000000009 0.38307692307692315 3.5500000000000003
decision_type=2 2 2 2 2 2 2
left_child=1 3 4 -1 -2 -3 -7
right_child=2 5 -4 -5 -6 6 -8
leaf_value=-0.010035225488245482 0.0015168027106571842 -0.0021626396980826495 0.0084516280112059243 -0.0050612289702985438 0.0046419622880089417 -0.0011869190805233441 0.0015642184101264266
leaf_weight=7.0000000000000027 22 16.000000000000004 8.9999999999999982 19 18 4.9999999999999991 9.9999999999999982
leaf_count=7 22 16 9 19 18 5 10
internal_value=0 -0.00345596 0.00404292 -0.00652402 0.00297654 -0.00080935 0.000544937
internal_weight=106 57 49 26 40 31 15
internal_count=106 57 49 26 40 31 15
is_linear=0
shrinkage=0.03


Tree=53
num_leaves=8
num_cat=0
split_feature=3 0 5 1 3 8 8
split_gain=1.57001 0.517934 0.240363 0.213118 0.0750317 0.0621919 0.0589281
threshold=4.3500000000000005 18.000000000000004 29.200000000000006 10.000000000000002 3.6500000000000008 10.88541666666667 15.72916666666667
decision_type=2 2 2 2 2 2 2
left_child=3 2 6 4 -1 -4 -2
right_child=1 -3 5 -5 -6 -7 -8
leaf_value=-0.010851631095776183 0.00038220134827325928 0.010248141661286354 0.0042106651775692863 -0.0022758028441795001 -0.0057911304336678441 0.0013168460356651759 -0.0027259469296162324
leaf_weight=5.0000000000000027 21.000000000000004 6.9999999999999991 24 14.999999999999998 14.999999999999998 11.999999999999998 6.9999999999999991
leaf_count=5 21 7 24 15 15 12 7
internal_value=0 0.0025734 0.0016813 -0.00517176 -0.00722543 0.0033001 -0.000355466
internal_weight=106 71 64 35 20 36 28
internal_count=106 71 64 35 20 36 28
is_linear=0
shrinkage=0.03


Tree=54
num_leaves=8
num_cat=0
split_feature=3 0 5 1 8 8 6
split_gain=1.48044 0.487968 0.226457 0.201728 0.0582119 0.0555671 0.0475665
threshold=4.3500000000000005 18.000000000000004 29.200000000000006 5.0000000000000009 10.88541666666667 15.72916666666667 24.900000000000002
decision_type=2 2 2 2 2 2 2
left_child=3 2 5 -1 -4 -2 -5
right_child=1 -3 4 6 -6 -7 -8
leaf_value=-0.0087015867583891942 0.00037084350836867429 0.0099492372820774704 0.004085389210049771 -0.0047659985399381675 0.0012779882883072876 -0.0026464403249944245 -0.0018131669430581272
leaf_weight=9.9999999999999982 21.000000000000004 6.9999999999999991 24 13.000000000000002 11.999999999999998 6.9999999999999991 11.999999999999998
leaf_count=10 21 7 24 13 12 7 12
internal_value=0 0.00249859 0.00163186 -0.00502239 0.00320326 -0.000343705 -0.0034338
internal_weight=106 71 64 35 36 28 25
internal_count=106 71 64 35 36 28 25
is_linear=0
shrinkage=0.03


Tree=55
num_leaves=8
num_cat=0
split_feature=6 5 2 5 5 3 9
split_gain=1.40024 0.426596 0.210923 0.0938207 0.0763666 0.123502 0.0546855
threshold=41.20000000000001 19.500000000000004 3.7500000000000004 13.4 40.20000000000001 4.4500000000000011 0.32071428571428579
decision_type=2 2 2 2 2 2 2
left_child=1 3 4 -1 -2 -6 -3
right_child=2 6 -4 -5 5 -7 -8
leaf_value=-0.0092307986567417722 0.0009530499867267078 -0.0023180527264466044 0.0079196843747859416 -0.0046597848832607269 0 0.0050224751962737726 0.0001933361662668176
leaf_weight=7.0000000000000027 15.999999999999998 12.000000000000002 8.9999999999999982 19 6.0000000000000027 18 19
leaf_count=7 16 12 9 19 6 18 19
internal_value=0 -0.00318178 0.00372079 -0.00600876 0.00270402 0.00379183 -0.000739365
internal_weight=106 57 49 26 40 24 31
internal_count=106 57 49 26 40 24 31
is_linear=0
shrinkage=0.03


Tree=56
num_leaves=8
num_cat=0
split_feature=3 0 5 5 8 8 6
split_gain=1.32492 0.446054 0.197577 0.179688 0.0509785 0.0498637 0.0315248
threshold=4.3500000000000005 18.000000000000004 29.200000000000006 14.200000000000001 10.88541666666667 15.72916666666667 24.900000000000002
decision_type=2 2 2 2 2 2 2
left_child=3 2 5 -1 -4 -2 -5
right_child=1 -3 4 6 -6 -7 -8
leaf_value=-0.0077941224333204209 0.00036608014396339092 0.0094884192446867618 0.0038295473219934575 -0.0043054276249105362 0.0011886592270409476 -0.0024918853258714077 -0.001715372402343105
leaf_weight=11.999999999999998 21.000000000000004 6.9999999999999991 24 11.000000000000002 11.999999999999998 6.9999999999999991 11.999999999999998
leaf_count=12 21 7 24 11 12 7 12
internal_value=0 0.00236394 0.00153421 -0.00475104 0.00300212 -0.000307825 -0.00304519
internal_weight=106 71 64 35 36 28 23
internal_count=106 71 64 35 36 28 23
is_linear=0
shrinkage=0.03


Tree=57
num_leaves=8
num_cat=0
split_feature=6 5 2 1 5 3 9
split_gain=1.2512 0.381533 0.194979 0.0866346 0.0673172 0.108213 0.0484037
threshold=41.20000000000001 19.500000000000004 3.7500000000000004 7.0000000000000009 40.20000000000001 4.4500000000000011 0.38307692307692315
decision_type=2 2 2 2 2 2 2
left_child=1 3 4 -1 -2 -6 -3
right_child=2 6 -4 -5 5 -7 -8
leaf_value=-0.0073963297992734826 0.00088710665530352686 -0.0018518195035694921 0.0075551873299738647 -0.0034691205174952255 0 0.004713193702992502 0.00044908152893185621
leaf_weight=14.000000000000002 15.999999999999998 16.000000000000004 8.9999999999999982 11.999999999999998 6.0000000000000027 18 14.999999999999998
leaf_count=14 16 16 9 12 6 18 15
internal_value=0 -0.00300742 0.00351747 -0.00568134 0.00253861 0.00356119 -0.000694661
internal_weight=106 57 49 26 40 24 31
internal_count=106 57 49 26 40 24 31
is_linear=0
shrinkage=0.03


Tree=58
num_leaves=8
num_cat=0
split_feature=3 0 5 1 8 8 6
split_gain=1.18339 0.408152 0.173491 0.161492 0.0449297 0.0441093 0.035307
threshold=4.3500000000000005 18.000000000000004 29.200000000000006 5.0000000000000009 15.72916666666667 10.88541666666667 24.900000000000002
decision_type=2 2 2 2 2 2 2
left_child=3 2 4 -1 -2 -4 -5
right_child=1 -3 5 6 -6 -7 -8
leaf_value=-0.0077914231095243909 0.00035353109987347188 0.0090505220182240005 0.0035878550262798455 -0.0042206309498711058 -0.0023584550432860845 0.0011146276383126369 -0.0016271339388961184
leaf_weight=9.9999999999999982 21.000000000000004 6.9999999999999991 24 13.000000000000002 6.9999999999999991 11.999999999999998 11.999999999999998
leaf_count=10 21 7 24 13 7 12 12
internal_value=0 0.00223458 0.00143985 -0.00448966 -0.000283192 0.0028156 -0.00305807
internal_weight=106 71 64 35 28 36 25
internal_count=106 71 64 35 28 36 25
is_linear=0
shrinkage=0.03


Tree=59
num_leaves=8
num_cat=0
split_feature=5 5 1 2 3 9 2
split_gain=1.11899 0.243844 0.223598 0.104632 0.0779544 0.0604395 0.0558357
threshold=24.300000000000001 50.100000000000009 7.0000000000000009 3.6500000000000008 5.3500000000000005 0.23212307692307693 3.4500000000000006
decision_type=2 2 2 2 2 2 2
left_child=2 4 -1 -3 -2 -4 -7
right_child=1 3 5 -5 -6 6 -8
leaf_value=-0.0066916025577015001 0.00098715871559559463 0.0034510967265004694 -0.0047356816525420805 0.0091042648375995686 0.0050038880281723461 -0.0026866806524672672 0.00020763189481970456
leaf_weight=14.999999999999998 43 8.9999999999999982 6.0000000000000027 5.9999999999999991 4.9999999999999991 11.000000000000002 10.999999999999998
leaf_count=15 43 9 6 6 5 11 11
internal_value=0 0.0025532 -0.00371155 0.00590109 0.00145572 -0.00202576 -0.00118312
internal_weight=106 63 43 15 48 28 22
internal_count=106 63 43 15 48 28 22
is_linear=0
shrinkage=0.03


Tree=60
num_leaves=8
num_cat=0
split_feature=6 5 2 9 3 5 9
split_gain=1.06246 0.321562 0.17044 0.0773354 0.0564754 0.0958127 0.0417684
threshold=41.20000000000001 19.500000000000004 3.7500000000000004 0.23212307692307693 4.4500000000000011 40.20000000000001 0.32071428571428579
decision_type=2 2 2 2 2 2 2
left_child=1 3 4 -1 -2 -6 -3
right_child=2 6 -4 -5 5 -7 -8
leaf_value=-0.0072858550106840456 0 -0.0020230708539974488 0.0070211559436891401 -0.0035397471776722296 0.00092212755723219172 0.0043309147000967808 0.00016416953265434132
leaf_weight=11.000000000000002 6.9999999999999991 12.000000000000002 8.9999999999999982 14.999999999999998 14.999999999999998 18 19
leaf_count=11 7 12 9 15 15 18 19
internal_value=0 -0.00276985 0.00324279 -0.00522541 0.00232465 0.00284154 -0.000641968
internal_weight=106 57 49 26 40 33 31
internal_count=106 57 49 26 40 33 31
is_linear=0
shrinkage=0.03


Tree=61
num_leaves=8
num_cat=0
split_feature=3 0 5 5 8 8 2
split_gain=1.00674 0.35875 0.14371 0.136911 0.0397707 0.0384693 0.0295576
threshold=4.3500000000000005 18.000000000000004 29.200000000000006 14.200000000000001 15.72916666666667 10.88541666666667 3.3500000000000001
decision_type=2 2 2 2 2 2 2
left_child=3 2 4 -1 6 -4 -2
right_child=1 -3 5 -5 -6 -7 -8
leaf_value=-0.0068059348947078482 -0.00072927689398912779 0.008453549960007271 0.0032890274137073808 -0.002637708208740464 -0.0022039352171123023 0.00097230382019379113 0.0014557919102454824
leaf_weight=11.999999999999998 10.000000000000005 6.9999999999999991 24 23 6.9999999999999991 11.999999999999998 10.999999999999998
leaf_count=12 10 7 24 23 7 12 11
internal_value=0 0.00206208 0.00131549 -0.00413998 -0.000248301 0.00256786 0.000347464
internal_weight=106 71 64 35 28 36 21
internal_count=106 71 64 35 28 36 21
is_linear=0
shrinkage=0.03


Tree=62
num_leaves=8
num_cat=0
split_feature=6 5 2 5 3 5 9
split_gain=0.952063 0.288118 0.157233 0.0716067 0.0495603 0.0834001 0.0366495
threshold=41.20000000000001 19.500000000000004 3.7500000000000004 13.4 4.4500000000000011 40.20000000000001 0.38307692307692315
decision_type=2 2 2 2 2 2 2
left_child=1 3 4 -1 -2 -6 -3
right_child=2 6 -4 -5 5 -7 -8
leaf_value=-0.0077642263720432876 0 -0.00161391057824302 0.0067000018173585772 -0.0037603351371944889 0.00087056677708843432 0.0040622638100451169 0.00038017816375941044
leaf_weight=7.0000000000000027 6.9999999999999991 16.000000000000004 8.9999999999999982 19 14.999999999999998 18 14.999999999999998
leaf_count=7 7 16 9 19 15 18 15
internal_value=0 -0.00262181 0.00306988 -0.0049466 0.00218652 0.00267066 -0.0006047
internal_weight=106 57 49 26 40 33 31
internal_count=106 57 49 26 40 33 31
is_linear=0
shrinkage=0.03


Tree=63
num_leaves=8
num_cat=0
split_feature=3 6 5 1 9 6 8
split_gain=0.899883 0.330757 0.141731 0.124872 0.0404211 0.0359383 0.0357845
threshold=4.3500000000000005 109.00000000000001 29.200000000000006 7.0000000000000009 0.61064615384615395 15.4 15.72916666666667
decision_type=2 2 2 2 2 2 2
left_child=3 2 6 5 -4 -1 -2
right_child=1 -3 4 -5 -6 -7 -8
leaf_value=-0.0082062107877385222 0.00033585176302366093 0.0092885457667020634 0.0016995476212884697 -0.0022061234796050895 0.0039830981209789482 -0.0042747516452294326 -0.0020836379526493446
leaf_weight=5.9999999999999991 21.000000000000004 4.9999999999999991 25 20 12.999999999999998 8.9999999999999982 6.9999999999999991
leaf_count=6 21 5 25 20 13 9 7
internal_value=0 0.00194977 0.00134476 -0.00391392 0.00253679 -0.0060333 -0.000226317
internal_weight=106 71 66 35 38 15 28
internal_count=106 71 66 35 38 15 28
is_linear=0
shrinkage=0.03


Tree=64
num_leaves=8
num_cat=0
split_feature=6 5 2 9 3 1 1
split_gain=0.851794 0.259279 0.144913 0.0645177 0.0504082 0.0608496 0.0330896
threshold=41.20000000000001 19.500000000000004 3.8500000000000001 0.23212307692307693 4.4500000000000011 26.000000000000004 7.0000000000000009
decision_type=2 2 2 2 2 2 2
left_child=1 3 4 -1 -2 -6 -5
right_child=2 -3 -4 6 5 -7 -8
leaf_value=-0.0065736089952822228 0 -0.00056372723980950047 0.0073169366462576772 -0.0047341397528847052 0.0019584084310080882 0.005289770836631456 -0.0014697498919033424
leaf_weight=11.000000000000002 6.9999999999999991 31 5.9999999999999991 6.9999999999999991 29 6.9999999999999991 7.9999999999999991
leaf_count=11 7 31 6 7 29 7 8
internal_value=0 -0.0024799 0.00290374 -0.00468558 0.0022222 0.00267326 -0.00313406
internal_weight=106 57 49 26 43 36 15
internal_count=106 57 49 26 43 36 15
is_linear=0
shrinkage=0.03


Tree=65
num_leaves=8
num_cat=0
split_feature=3 6 5 1 8 6 8
split_gain=0.806601 0.30073 0.126385 0.110343 0.0376238 0.0328846 0.032357
threshold=4.3500000000000005 109.00000000000001 29.200000000000006 7.0000000000000009 10.88541666666667 15.4 15.72916666666667
decision_type=2 2 2 2 2 2 2
left_child=3 2 6 5 -4 -1 -2
right_child=1 -3 4 -5 -6 -7 -8
leaf_value=-0.0077860197448922728 0.00031791740611090128 0.0088446269356287424 0.0030559151637001773 -0.0020928576927041948 0.00080741025751731438 -0.0040119627909734846 -0.0019813819217961281
leaf_weight=5.9999999999999991 21.000000000000004 4.9999999999999991 26 20 11.999999999999998 8.9999999999999982 6.9999999999999991
leaf_count=6 21 5 26 20 12 9 7
internal_value=0 0.00184524 0.00126721 -0.00370622 0.00239307 -0.00570285 -0.000213692
internal_weight=106 71 66 35 38 15 28
internal_count=106 71 66 35 38 15 28
is_linear=0
shrinkage=0.03


Tree=66
num_leaves=8
num_cat=0
split_feature=5 5 6 2 5 3 9
split_gain=0.764471 0.249392 0.0930972 0.0829956 0.0576647 0.0346416 0.0299776
threshold=19.500000000000004 50.100000000000009 41.20000000000001 3.6500000000000008 13.4 5.3500000000000005 0.38307692307692315
decision_type=2 2 2 2 2 2 2
left_child=4 2 6 -3 -1 -4 -2
right_child=1 3 5 -5 -6 -7 -8
leaf_value=-0.0069893582599858404 -0.0014424328119666484 0.0027470127055826393 0.0012243044768039085 0.0077841320501700522 -0.0033606837176921546 0.0041121086793450201 0.00035701411261566376
leaf_weight=7.0000000000000027 16.000000000000004 8.9999999999999982 29 5.9999999999999991 19 4.9999999999999991 14.999999999999998
leaf_count=7 16 9 29 6 19 5 15
internal_value=0 0.00146167 0.000624108 0.00493646 -0.00444078 0.00171441 -0.000526949
internal_weight=106 80 65 15 26 34 31
internal_count=106 80 65 15 26 34 31
is_linear=0
shrinkage=0.03


Tree=67
num_leaves=8
num_cat=0
split_feature=3 1 5 1 9 8 6
split_gain=0.724026 0.275928 0.0987758 0.0985343 0.0328852 0.0290423 0.0288771
threshold=4.3500000000000005 30.000000000000004 29.200000000000006 7.0000000000000009 0.61064615384615395 15.72916666666667 15.4
decision_type=2 2 2 2 2 2 2
left_child=3 2 5 6 -4 -2 -1
right_child=1 -3 4 -5 -6 -7 -8
leaf_value=-0.0073746154601535482 0.00030382474888783858 0.0073569224712749315 0.0013189998473008644 -0.001979156737031397 0.003410238330887461 -0.0018735279641502226 -0.0037900141039458306
leaf_weight=5.9999999999999991 21.000000000000004 6.9999999999999991 23 20 12.999999999999998 6.9999999999999991 8.9999999999999982
leaf_count=6 21 7 23 20 13 7 9
internal_value=0 0.00174912 0.0010914 -0.0035105 0.00213027 -0.000196749 -0.00540071
internal_weight=106 71 64 35 36 28 15
internal_count=106 71 64 35 36 28 15
is_linear=0
shrinkage=0.03


Tree=68
num_leaves=8
num_cat=0
split_feature=5 5 6 2 9 3 2
split_gain=0.686392 0.22169 0.0829305 0.0768926 0.0543471 0.0312545 0.0280063
threshold=19.500000000000004 50.100000000000009 41.20000000000001 3.6500000000000008 0.23212307692307693 5.3500000000000005 3.4500000000000006
decision_type=2 2 2 2 2 2 2
left_child=4 2 6 -3 -1 -4 -2
right_child=1 3 5 -5 -6 -7 -8
leaf_value=-0.005944416167580388 -0.0018844419952643947 0.0025520952645203343 0.0011550547555567415 0.0074029845431927708 -0.0027728155294531268 0.003907182774005028 2.528618350216011e-05
leaf_weight=11.000000000000002 9.0000000000000018 8.9999999999999982 29 5.9999999999999991 14.999999999999998 4.9999999999999991 22
leaf_count=11 9 9 29 6 15 5 22
internal_value=0 0.00138588 0.000594623 0.00466301 -0.00420703 0.00162412 -0.0004896
internal_weight=106 80 65 15 26 34 31
internal_count=106 80 65 15 26 34 31
is_linear=0
shrinkage=0.03


Tree=69
num_leaves=8
num_cat=0
split_feature=3 6 5 5 8 8 2
split_gain=0.650097 0.254465 0.0987562 0.089214 0.0334911 0.0269073 0.0282317
threshold=4.3500000000000005 109.00000000000001 29.200000000000006 13.4 10.88541666666667 15.72916666666667 3.3500000000000001
decision_type=2 2 2 2 2 2 2
left_child=3 2 5 -1 -4 6 -2
right_child=1 -3 4 -5 -6 -7 -8
leaf_value=-0.0064608769056697683 -0.00075099467970978645 0.0080988158514866456 0.0027427342853274285 -0.002448274125642282 0.00062573420097593411 -0.0017947471765607285 0.0013880760063018115
leaf_weight=6.9999999999999991 10.000000000000005 4.9999999999999991 26 28 11.999999999999998 6.9999999999999991 10.999999999999998
leaf_count=7 10 5 26 28 12 7 11
internal_value=0 0.00165831 0.00112474 -0.00332556 0.00212025 -0.000178577 0.000301241
internal_weight=106 71 66 35 38 28 21
internal_count=106 71 66 35 38 28 21
is_linear=0
shrinkage=0.03


Tree=70
num_leaves=8
num_cat=0
split_feature=5 5 8 2 9 14 3
split_gain=0.617276 0.198155 0.0760052 0.0705537 0.0491064 0.048531 0.0541097
threshold=19.500000000000004 50.100000000000009 15.72916666666667 3.6500000000000008 0.23212307692307693 1.0000000180025095e-35 4.9500000000000011
decision_type=2 2 2 2 2 2 2
left_child=4 2 5 -3 -1 6 -2
right_child=1 3 -4 -5 -6 -7 -8
leaf_value=-0.0056451416744052289 0.00049491741815709499 0.0023856030376223115 -0.0015225660480696279 0.0070409253876536114 -0.0026166762019458568 -0.0015619701533936537 0.0026371720986207948
leaf_weight=11.000000000000002 29 8.9999999999999982 11.999999999999998 5.9999999999999991 14.999999999999998 4.9999999999999991 19
leaf_count=11 29 9 12 6 15 5 19
internal_value=0 0.00131532 0.000565763 0.00441456 -0.00398851 0.00107073 0.00138144
internal_weight=106 80 65 15 26 53 48
internal_count=106 80 65 15 26 53 48
is_linear=0
shrinkage=0.03


Tree=71
num_leaves=8
num_cat=0
split_feature=3 6 5 1 9 2 2
split_gain=0.58412 0.231434 0.0880448 0.0829487 0.0318365 0.0254862 0.0266417
threshold=4.3500000000000005 109.00000000000001 29.200000000000006 7.0000000000000009 0.61064615384615395 3.8500000000000001 3.3500000000000001
decision_type=2 2 2 2 2 2 2
left_child=3 2 5 -1 -4 6 -2
right_child=1 -3 4 -5 -6 -7 -8
leaf_value=-0.0048885198140909015 -0.00071936090394635369 0.0077158077519673563 0.0012580605587434199 -0.001740216819919867 0.0032786438576030458 -0.0017404372214029232 0.0013563055074441114
leaf_weight=14.999999999999998 10.000000000000005 4.9999999999999991 25 20 12.999999999999998 6.9999999999999991 10.999999999999998
leaf_count=15 10 5 25 20 13 7 11
internal_value=0 0.00157199 0.00106198 -0.00315221 0.00200213 -0.000165887 0.000299676
internal_weight=106 71 66 35 38 28 21
internal_count=106 71 66 35 38 28 21
is_linear=0
shrinkage=0.03


Tree=72
num_leaves=8
num_cat=0
split_feature=5 5 3 13 2 3 5
split_gain=0.553742 0.12224 0.116387 0.0976944 0.0654188 0.0400429 0.0305718
threshold=24.300000000000001 50.100000000000009 4.1500000000000012 1.0000000180025095e-35 3.6500000000000008 5.3500000000000005 13.4
decision_type=2 2 2 2 2 2 2
left_child=2 5 6 -4 -3 -2 -1
right_child=1 4 3 -5 -6 -7 -8
leaf_value=-0.0060035580334564017 0.00066199847128397475 0.0022199752643380474 0.00030562699870451495 -0.0043918254946877884 0.0067062455025171074 0.0035685803211079189 -0.0030724834974993156
leaf_weight=7.0000000000000027 43 8.9999999999999982 15.000000000000002 4.9999999999999991 5.9999999999999991 4.9999999999999991 15.999999999999998
leaf_count=7 43 9 15 5 6 5 16
internal_value=0 0.00179838 -0.00260861 -0.000826335 0.0041778 0.00100944 -0.00407327
internal_weight=106 63 43 20 15 48 23
internal_count=106 63 43 20 15 48 23
is_linear=0
shrinkage=0.03


Tree=73
num_leaves=8
num_cat=0
split_feature=5 5 3 1 24 9 6
split_gain=0.525049 0.167962 0.0781808 0.110515 0.0656019 0.0441498 0.0374748
threshold=19.500000000000004 40.20000000000001 4.4500000000000011 30.000000000000004 1.0000000180025095e-35 0.23212307692307693 41.20000000000001
decision_type=2 2 2 2 2 2 2
left_child=5 4 -3 -4 6 -1 -2
right_child=1 2 3 -5 -6 -7 -8
leaf_value=-0.0052477706576298374 -0.00091945766649664709 0 0.0023934545473369589 0.0073428982303988541 0.0033251929354782286 -0.0023732638074771355 0.00083875385687015092
leaf_weight=11.000000000000002 28 6.0000000000000027 18.000000000000004 5.9999999999999991 4.9999999999999991 14.999999999999998 17
leaf_count=11 28 6 18 6 5 15 17
internal_value=0 0.00121416 0.00298299 0.00374326 0.000115316 -0.00367743 -0.000221286
internal_weight=106 80 30 24 50 26 45
internal_count=106 80 30 24 50 26 45
is_linear=0
shrinkage=0.03


Tree=74
num_leaves=8
num_cat=0
split_feature=3 6 8 5 3 2 2
split_gain=0.496212 0.202323 0.075647 0.0704028 0.0587077 0.0506987 0.0191365
threshold=4.3500000000000005 109.00000000000001 15.312500000000002 13.4 4.8500000000000005 3.2500000000000004 3.5500000000000003
decision_type=2 2 2 2 2 2 2
left_child=3 2 4 -1 5 -2 -7
right_child=1 -3 -4 -5 -6 6 -8
leaf_value=-0.0056993485304216544 -0.0014010395575314756 0.0071968462146245506 -0.0010990187070775228 -0.0021162265424240143 0.0023503841568302637 0.00254019685400029 0.00016754277822811429
leaf_weight=6.9999999999999991 9.0000000000000018 4.9999999999999991 11.999999999999998 28 30 6.9999999999999991 7.9999999999999991
leaf_count=7 9 5 12 28 30 7 8
internal_value=0 0.00145043 0.000972013 -0.00290378 0.00146228 0.000279905 0.00139232
internal_weight=106 71 66 35 54 24 15
internal_count=106 71 66 35 54 24 15
is_linear=0
shrinkage=0.03


Tree=75
num_leaves=8
num_cat=0
split_feature=5 5 3 1 24 9 6
split_gain=0.472239 0.149866 0.0696062 0.10139 0.0596624 0.0399572 0.0332123
threshold=19.500000000000004 40.20000000000001 4.4500000000000011 30.000000000000004 1.0000000180025095e-35 0.23212307692307693 41.20000000000001
decision_type=2 2 2 2 2 2 2
left_child=5 4 -3 -4 6 -1 -2
right_child=1 2 3 -5 -6 -7 -8
leaf_value=-0.0049855322197877921 -0.00086601849110361109 0 0.0022439221155082616 0.0069902101687846644 0.003174067694120682 -0.0022382207450113798 0.00078808304910591353
leaf_weight=11.000000000000002 28 6.0000000000000027 18.000000000000004 5.9999999999999991 4.9999999999999991 14.999999999999998 17
leaf_count=11 28 6 18 6 5 15 17
internal_value=0 0.00115208 0.00282312 0.00354044 0.00011232 -0.00348698 -0.000207228
internal_weight=106 80 30 24 50 26 45
internal_count=106 80 30 24 50 26 45
is_linear=0
shrinkage=0.03


Tree=76
num_leaves=8
num_cat=0
split_feature=5 5 3 1 24 9 6
split_gain=0.44537 0.141172 0.0657246 0.0953284 0.0562424 0.0373178 0.0312871
threshold=19.500000000000004 40.20000000000001 4.4500000000000011 30.000000000000004 1.0000000180025095e-35 0.23212307692307693 41.20000000000001
decision_type=2 2 2 2 2 2 2
left_child=5 4 -3 -4 6 -1 -2
right_child=1 2 3 -5 -6 -7 -8
leaf_value=-0.0048386369968232285 -0.0008402222180937199 0 0.0021773442118889186 0.0067872684665264615 0.0030825080822866691 -0.0021719576425752356 0.00076471541780805173
leaf_weight=11.000000000000002 28 6.0000000000000027 18.000000000000004 5.9999999999999991 4.9999999999999991 14.999999999999998 17
leaf_count=11 28 6 18 6 5 15 17
internal_value=0 0.0011194 0.00274134 0.00343838 0.00010932 -0.00338574 -0.000200026
internal_weight=106 80 30 24 50 26 45
internal_count=106 80 30 24 50 26 45
is_linear=0
shrinkage=0.03


Tree=77
num_leaves=8
num_cat=0
split_feature=3 6 8 1 3 2 6
split_gain=0.421757 0.175974 0.0647283 0.0637205 0.0486461 0.0462504 0.019399
threshold=4.3500000000000005 109.00000000000001 15.312500000000002 7.0000000000000009 4.8500000000000005 3.2500000000000004 15.4
decision_type=2 2 2 2 2 2 2
left_child=3 2 4 6 5 -2 -1
right_child=1 -3 -4 -5 -6 -7 -8
leaf_value=-0.0058382516432433354 -0.0013402863025017402 0.0066997739099539239 -0.001020320514369695 -0.0014277716819196939 0.0021544310475224695 0.0013267993886562947 -0.0028427683327185071
leaf_weight=5.9999999999999991 9.0000000000000018 4.9999999999999991 11.999999999999998 20 30 14.999999999999998 8.9999999999999982
leaf_count=6 9 5 12 20 30 15 9
internal_value=0 0.00133836 0.000890523 -0.0026759 0.00134503 0.000261848 -0.0042007
internal_weight=106 71 66 35 54 24 15
internal_count=106 71 66 35 54 24 15
is_linear=0
shrinkage=0.03


Tree=78
num_leaves=8
num_cat=0
split_feature=5 24 6 9 2 8 3
split_gain=0.399108 0.128676 0.103249 0.0335496 0.0301348 0.0335093 0.0262678
threshold=19.500000000000004 1.0000000180025095e-35 41.20000000000001 0.23212307692307693 3.1500000000000008 8.8392857142857171 4.9500000000000011
decision_type=2 2 2 2 2 2 2
left_child=3 2 -2 -1 6 -6 -4
right_child=1 -3 4 -5 5 -7 -8
leaf_value=-0.0045884437879015281 -0.00079913704457910766 0.0042318920825388942 -0.00074462453346336045 -0.0020457073215297177 0.0035422916682984885 0.0011827120423549785 0.0019394744911159457
leaf_weight=11.000000000000002 28 9.9999999999999982 7.9999999999999982 14.999999999999998 10.000000000000002 19 5
leaf_count=11 28 10 8 15 10 19 5
internal_value=0 0.00105921 0.000573834 -0.00320555 0.00152414 0.00206642 0.000187829
internal_weight=106 80 70 26 42 29 13
internal_count=106 80 70 26 42 29 13
is_linear=0
shrinkage=0.03


Tree=79
num_leaves=8
num_cat=0
split_feature=3 0 1 8 2 9 9
split_gain=0.378089 0.161943 0.057743 0.0536159 0.0493631 0.0358228 0.0174869
threshold=4.3500000000000005 18.000000000000004 7.0000000000000009 15.312500000000002 3.2500000000000004 0.61064615384615395 0.61064615384615395
decision_type=2 2 2 2 2 2 2
left_child=2 3 -1 4 5 -2 -6
right_child=1 -3 -4 -5 6 -7 -8
leaf_value=-0.0039878323523474769 -0.0022462898765045862 0.0055673623333374654 -0.001341453768349815 -0.00097193388512632891 0.001402211181529557 0.00074469912996781725 0.0034562616930493418
leaf_weight=14.999999999999998 4.9999999999999991 6.9999999999999991 20 11.999999999999998 30 10.999999999999998 5.9999999999999991
leaf_count=15 5 7 20 12 30 11 6
internal_value=0 0.00126633 -0.00253444 0.000756666 0.0011865 -0.000113585 0.00180319
internal_weight=106 71 35 64 52 16 36
internal_count=106 71 35 64 52 16 36
is_linear=0
shrinkage=0.03


Tree=80
num_leaves=8
num_cat=0
split_feature=5 5 3 13 8 3 2
split_gain=0.357352 0.0807553 0.0802881 0.0848311 0.0274655 0.0213212 0.0211131
threshold=24.300000000000001 70.000000000000014 4.1500000000000012 1.0000000180025095e-35 10.88541666666667 4.7500000000000009 2.5500000000000003
decision_type=2 2 2 2 2 2 2
left_child=2 4 -1 -4 5 -2 -7
right_child=1 -3 3 -5 -6 6 -8
leaf_value=-0.0033114140120270694 0.00023952826104291222 0.0051141172332259321 0.00044940138309213667 -0.0039363115853988202 0.00017148675623576386 0.00020280374694735761 0.0025395782721588512
leaf_weight=23 9.9999999999999982 4.9999999999999991 15.000000000000002 4.9999999999999991 22 6.0000000000000027 20
leaf_count=23 10 5 15 5 22 6 20
internal_value=0 0.00144621 -0.00209404 -0.000600887 0.00108775 0.00160221 0.00206324
internal_weight=106 63 43 20 58 36 26
internal_count=106 63 43 20 58 36 26
is_linear=0
shrinkage=0.03


Tree=81
num_leaves=8
num_cat=0
split_feature=5 24 6 9 2 8 3
split_gain=0.339218 0.113044 0.0875446 0.0309786 0.0273416 0.0284455 0.0233264
threshold=19.500000000000004 1.0000000180025095e-35 41.20000000000001 0.23212307692307693 3.1500000000000008 11.830357142857144 4.9500000000000011
decision_type=2 2 2 2 2 2 2
left_child=3 2 -2 -1 6 -6 -4
right_child=1 -3 4 -5 5 -7 -8
leaf_value=-0.0042775991164048051 -0.00073948077580079116 0.0039529908073189504 -0.00075024424433117601 -0.0018398997989042024 0.0025529987005387788 0.00030466675515408102 0.0017856460430014588
leaf_weight=11.000000000000002 28 9.9999999999999982 7.9999999999999982 14.999999999999998 20.000000000000004 8.9999999999999982 5
leaf_count=11 28 10 8 15 20 9 5
internal_value=0 0.000978479 0.00052213 -0.00295327 0.00139827 0.00191348 0.000123739
internal_weight=106 80 70 26 42 29 13
internal_count=106 80 70 26 42 29 13
is_linear=0
shrinkage=0.03


Tree=82
num_leaves=8
num_cat=0
split_feature=3 1 5 8 3 2 2
split_gain=0.321131 0.146156 0.0516566 0.0456359 0.0388593 0.0388684 0.0171208
threshold=4.3500000000000005 30.000000000000004 13.4 15.312500000000002 4.9500000000000011 3.2500000000000004 3.6500000000000008
decision_type=2 2 2 2 2 2 2
left_child=2 3 -1 4 5 -2 -7
right_child=1 -3 -4 -5 -6 6 -8
leaf_value=-0.0047333143068923767 -0.0010665764241379551 0.0052548332403724385 -0.0016515412197468128 -0.00090666027678573723 0.0019380067046066479 0.0023222520047177868 0.00014552848362971261
leaf_weight=6.9999999999999991 11.000000000000002 6.9999999999999991 28 11.999999999999998 25 6.9999999999999991 8.9999999999999982
leaf_count=7 11 7 28 12 25 7 9
internal_value=0 0.00116889 -0.0023339 0.000683644 0.00108144 0.000224758 0.00120735
internal_weight=106 71 35 64 52 27 16
internal_count=106 71 35 64 52 27 16
is_linear=0
shrinkage=0.03


Tree=83
num_leaves=8
num_cat=0
split_feature=5 24 6 15 2 2 8
split_gain=0.305077 0.10209 0.0785318 0.0293422 0.0687855 0.0242437 0.0264457
threshold=19.500000000000004 1.0000000180025095e-35 41.20000000000001 1.0000000180025095e-35 3.4500000000000006 3.1500000000000008 8.8392857142857171
decision_type=2 2 2 2 2 2 2
left_child=3 2 -2 4 -1 -4 -7
right_child=1 -3 5 -5 -6 6 -8
leaf_value=-0.0030959424614565249 -0.00069999093705035273 0.0037557319287375053 0.00011578747663985598 -0.0046353146620094774 0.00076141210989310194 0.0031263110920896416 0.00101244269288145
leaf_weight=14.000000000000005 28 9.9999999999999982 12.999999999999998 6.9999999999999991 4.9999999999999991 10.000000000000002 19
leaf_count=14 28 10 13 7 5 10 19
internal_value=0 0.000927985 0.000493104 -0.00280066 -0.00200537 0.00132359 0.00180915
internal_weight=106 80 70 26 19 42 29
internal_count=106 80 70 26 19 42 29
is_linear=0
shrinkage=0.03


Tree=84
num_leaves=8
num_cat=0
split_feature=3 0 1 8 2 9 6
split_gain=0.287998 0.137401 0.0466222 0.0407166 0.0379651 0.0295628 0.0162247
threshold=4.3500000000000005 18.000000000000004 7.0000000000000009 15.312500000000002 3.2500000000000004 0.61064615384615395 15.4
decision_type=2 2 2 2 2 2 2
left_child=2 3 6 4 5 -2 -1
right_child=1 -3 -4 -5 -6 -7 -8
leaf_value=-0.0049962518592515295 -0.0020595627808226991 0.0050691396649926897 -0.001129158667593014 -0.00086220660140035586 0.0015551587323756574 0.00065272670297417796 -0.0022807571210938953
leaf_weight=5.9999999999999991 4.9999999999999991 6.9999999999999991 20 11.999999999999998 36 10.999999999999998 8.9999999999999982
leaf_count=6 5 7 20 12 36 11 9
internal_value=0 0.00110782 -0.00220934 0.000636739 0.00101336 -0.000117234 -0.00351709
internal_weight=106 71 35 64 52 16 15
internal_count=106 71 35 64 52 16 15
is_linear=0
shrinkage=0.03


Tree=85
num_leaves=8
num_cat=0
split_feature=5 24 6 15 2 2 8
split_gain=0.272821 0.0931463 0.0704438 0.0278164 0.0631871 0.0224658 0.023571
threshold=19.500000000000004 1.0000000180025095e-35 41.20000000000001 1.0000000180025095e-35 3.4500000000000006 3.1500000000000008 8.8392857142857171
decision_type=2 2 2 2 2 2 2
left_child=3 2 -2 4 -1 -4 -7
right_child=1 -3 5 -5 -6 6 -8
leaf_value=-0.0029221989656470597 -0.00066741814599075207 0.0035788589048966328 8.3220786711370398e-05 -0.0044312724719444904 0.00076982143693245383 0.0029629234701860686 0.00095593691774411129
leaf_weight=14.000000000000005 28 9.9999999999999982 12.999999999999998 6.9999999999999991 4.9999999999999991 10.000000000000002 19
leaf_count=14 28 10 13 7 5 10 19
internal_value=0 0.000877275 0.000460871 -0.00264875 -0.00187459 0.00124821 0.00171492
internal_weight=106 80 70 26 19 42 29
internal_count=106 80 70 26 19 42 29
is_linear=0
shrinkage=0.03


Tree=86
num_leaves=8
num_cat=0
split_feature=3 0 1 8 14 3 8
split_gain=0.258439 0.126713 0.0423417 0.0367907 0.0356462 0.0238992 0.0329606
threshold=4.3500000000000005 18.000000000000004 7.0000000000000009 15.72916666666667 1.0000000180025095e-35 4.6500000000000012 6.5312500000000009
decision_type=2 2 2 2 2 2 2
left_child=2 3 -1 4 5 -2 -7
right_child=1 -3 -4 -5 -6 6 -8
leaf_value=-0.0033409839314653684 7.3861866344318336e-05 0.0048537358595058316 -0.00105918494652551 -0.001209708283223757 -0.0013641370789935956 -6.3772756839171031e-05 0.0020400944827718938
leaf_weight=14.999999999999998 15.999999999999998 6.9999999999999991 20 7.9999999999999991 4.9999999999999991 6.9999999999999991 28
leaf_count=15 16 7 20 8 5 7 28
internal_value=0 0.00104918 -0.00209314 0.000595871 0.000883889 0.00113805 0.00157874
internal_weight=106 71 35 64 56 51 35
internal_count=106 71 35 64 56 51 35
is_linear=0
shrinkage=0.03


Tree=87
num_leaves=8
num_cat=0
split_feature=5 24 6 15 2 2 8
split_gain=0.244712 0.0844005 0.0619968 0.0264112 0.0586106 0.0204711 0.0208833
threshold=19.500000000000004 1.0000000180025095e-35 41.20000000000001 1.0000000180025095e-35 3.4500000000000006 3.1500000000000008 8.8392857142857171
decision_type=2 2 2 2 2 2 2
left_child=3 2 -2 4 -1 -4 -7
right_child=1 -3 5 -5 -6 6 -8
leaf_value=-0.0027658409448209349 -0.00062303618072195247 0.0034032325282254638 5.6836246195333918e-05 -0.0042419845114151635 0.00078661643899977205 0.0027967327166184336 0.00089629112233524199
leaf_weight=14.000000000000005 28 9.9999999999999982 12.999999999999998 6.9999999999999991 4.9999999999999991 10.000000000000002 19
leaf_count=14 28 10 13 7 5 10 19
internal_value=0 0.000830786 0.000433278 -0.00250866 -0.0017544 0.00117265 0.00161765
internal_weight=106 80 70 26 19 42 29
internal_count=106 80 70 26 19 42 29
is_linear=0
shrinkage=0.03


Tree=88
num_leaves=8
num_cat=0
split_feature=3 1 2 8 14 6 3
split_gain=0.231566 0.118268 0.0395086 0.0328592 0.0325257 0.023023 0.0195097
threshold=4.3500000000000005 30.000000000000004 3.4500000000000006 15.72916666666667 1.0000000180025095e-35 15.4 4.9500000000000011
decision_type=2 2 2 2 2 2 2
left_child=2 3 5 4 6 -1 -2
right_child=1 -3 -4 -5 -6 -7 -8
leaf_value=-0.0045601772811383941 0.00038712633380089844 0.0046685696280716607 -0.00051208387552337221 -0.0011483855368342344 -0.0013155801443812938 -0.0019574467416990683 0.0016640744347637163
leaf_weight=6.0000000000000027 25 6.9999999999999991 12.999999999999998 7.9999999999999991 4.9999999999999991 15.999999999999998 26
leaf_count=6 25 7 13 8 5 16 26
internal_value=0 0.000993122 -0.00198134 0.000554463 0.000827639 -0.00276954 0.00107137
internal_weight=106 71 35 64 56 22 51
internal_count=106 71 35 64 56 22 51
is_linear=0
shrinkage=0.03


Tree=89
num_leaves=8
num_cat=0
split_feature=5 24 6 15 2 2 8
split_gain=0.22007 0.0761083 0.0547433 0.0249149 0.0534935 0.0186872 0.0186237
threshold=19.500000000000004 1.0000000180025095e-35 41.20000000000001 1.0000000180025095e-35 3.4500000000000006 3.1500000000000008 8.8392857142857171
decision_type=2 2 2 2 2 2 2
left_child=3 2 -2 4 -1 -4 -7
right_child=1 -3 5 -5 -6 6 -8
leaf_value=-0.0026140498973980116 -0.00058152906160722378 0.0032314395416966255 3.4537004010582507e-05 -0.0040609164970616491 0.00077350942059778254 0.0026465337375617191 0.00084141258092131467
leaf_weight=14.000000000000005 28 9.9999999999999982 12.999999999999998 6.9999999999999991 4.9999999999999991 10.000000000000002 19
leaf_count=14 28 10 13 7 5 10 19
internal_value=0 0.000787621 0.000408925 -0.00237923 -0.00164569 0.0011044 0.0015291
internal_weight=106 80 70 26 19 42 29
internal_count=106 80 70 26 19 42 29
is_linear=0
shrinkage=0.03


Tree=90
num_leaves=8
num_cat=0
split_feature=3 0 2 8 14 15 3
split_gain=0.207847 0.111055 0.036812 0.0293271 0.029676 0.0271781 0.0255599
threshold=4.3500000000000005 18.000000000000004 3.1500000000000008 15.72916666666667 1.0000000180025095e-35 1.0000000180025095e-35 4.0500000000000007
decision_type=2 2 2 2 2 2 2
left_child=2 3 6 4 -2 -4 -1
right_child=1 -3 5 -5 -6 -7 -8
leaf_value=-0.0047754902939402292 0.0010078859335453671 0.0045019856432918452 -0.00040446719441276327 -0.0010902302366931264 -0.0012690650628736386 -0.0030233207130088251 -0.0014339315245348596
leaf_weight=5.9999999999999982 51 6.9999999999999991 18.000000000000004 7.9999999999999991 4.9999999999999991 4.9999999999999991 6
leaf_count=6 51 7 18 8 5 5 6
internal_value=0 0.000940717 -0.0018773 0.000515027 0.000774104 -0.00105959 -0.00327856
internal_weight=106 71 35 64 56 23 12
internal_count=106 71 35 64 56 23 12
is_linear=0
shrinkage=0.03


Tree=91
num_leaves=8
num_cat=0
split_feature=5 24 6 9 13 2 8
split_gain=0.197519 0.0698355 0.0487367 0.0228162 0.0443638 0.017867 0.0171322
threshold=19.500000000000004 1.0000000180025095e-35 41.20000000000001 0.23212307692307693 1.0000000180025095e-35 3.1500000000000008 11.830357142857144
decision_type=2 2 2 2 2 2 2
left_child=3 2 -2 -1 -5 -4 -7
right_child=1 -3 5 4 -6 6 -8
leaf_value=-0.0033848752703384615 -0.00055147261398428291 0.0030862000080592493 0 0 -0.0032479416074291351 0.0019490291401058073 0.00016635596873643604
leaf_weight=11.000000000000002 28 9.9999999999999982 12.999999999999998 8.9999999999999982 5.9999999999999991 20.000000000000004 8.9999999999999982
leaf_count=11 28 10 13 9 6 20 9
internal_value=0 0.000744907 0.000381229 -0.00225532 -0.00129465 0.00103824 0.00145208
internal_weight=106 80 70 26 15 42 29
internal_count=106 80 70 26 15 42 29
is_linear=0
shrinkage=0.03


Tree=92
num_leaves=8
num_cat=0
split_feature=3 0 2 8 14 6 3
split_gain=0.186379 0.103105 0.0349679 0.0261604 0.026999 0.0184911 0.016839
threshold=4.3500000000000005 18.000000000000004 3.4500000000000006 15.72916666666667 1.0000000180025095e-35 15.4 4.6500000000000012
decision_type=2 2 2 2 2 2 2
left_child=2 3 5 4 6 -1 -2
right_child=1 -3 -4 -5 -6 -7 -8
leaf_value=-0.0041469841270196789 3.9737097815506978e-05 0.0043205966238747352 -0.00039492656900124118 -0.0010344405004345789 -0.0012206909289726843 -0.0017721562845528953 0.0013178437099982559
leaf_weight=6.0000000000000027 15.999999999999998 6.9999999999999991 12.999999999999998 7.9999999999999991 4.9999999999999991 15.999999999999998 35
leaf_count=6 16 7 13 8 5 16 35
internal_value=0 0.000889187 -0.00177935 0.000478222 0.000723919 -0.00251893 0.000947887
internal_weight=106 71 35 64 56 22 51
internal_count=106 71 35 64 56 22 51
is_linear=0
shrinkage=0.03


Tree=93
num_leaves=8
num_cat=0
split_feature=5 5 8 15 2 2 3
split_gain=0.177871 0.0645033 0.0312837 0.0220003 0.0471144 0.0216638 0.02136
threshold=19.500000000000004 70.000000000000014 15.312500000000002 1.0000000180025095e-35 3.4500000000000006 3.1500000000000008 4.9500000000000011
decision_type=2 2 2 2 2 2 2
left_child=3 2 5 4 -1 6 -2
right_child=1 -3 -4 -5 -6 -7 -8
leaf_value=-0.0023623329020124964 -0.00099110007916084104 0.0039774739083189223 -0.00066272464063432484 -0.0037192359132071332 0.00081402097470485246 0.0011271255284998718 0.0013429765654906917
leaf_weight=14.000000000000005 9.9999999999999982 4.9999999999999991 15.999999999999998 6.9999999999999991 4.9999999999999991 44 4.9999999999999991
leaf_count=14 10 5 16 7 5 44 5
internal_value=0 0.000706234 0.000458206 -0.00214087 -0.00144855 0.000788737 -0.000106957
internal_weight=106 80 75 26 19 59 15
internal_count=106 80 75 26 19 59 15
is_linear=0
shrinkage=0.03


Tree=94
num_leaves=8
num_cat=0
split_feature=3 1 2 8 14 6 9
split_gain=0.168849 0.0962239 0.0315527 0.0232206 0.0246241 0.0163945 0.0142094
threshold=4.3500000000000005 30.000000000000004 3.4500000000000006 15.72916666666667 1.0000000180025095e-35 15.4 0.23212307692307693
decision_type=2 2 2 2 2 2 2
left_child=2 3 5 4 -2 -1 -4
right_child=1 -3 6 -5 -6 -7 -8
leaf_value=-0.0039448727378922094 0.0008947553896450698 0.0041602619818877423 -0.0016446148804747142 -0.00097358506218325812 -0.0011728987140724291 -0.0016837859759969566 0.00026031037065677527
leaf_weight=6.0000000000000027 51 6.9999999999999991 4.9999999999999991 7.9999999999999991 4.9999999999999991 15.999999999999998 7.9999999999999991
leaf_count=6 51 7 5 8 5 16 8
internal_value=0 0.000845265 -0.00169469 0.000447492 0.000679936 -0.002398 -0.000372534
internal_weight=106 71 35 64 56 22 13
internal_count=106 71 35 64 56 22 13
is_linear=0
shrinkage=0.03


Tree=95
num_leaves=8
num_cat=0
split_feature=5 24 6 15 2 2 6
split_gain=0.159201 0.0593375 0.0389872 0.0203604 0.0431773 0.0160531 0.0149332
threshold=19.500000000000004 1.0000000180025095e-35 41.20000000000001 1.0000000180025095e-35 3.4500000000000006 3.1500000000000008 29.200000000000003
decision_type=2 2 2 2 2 2 2
left_child=3 2 6 4 -1 -4 -2
right_child=1 -3 5 -5 -6 -7 -8
leaf_value=-0.0022344464686384386 0.00014509306119924237 0.0028255755651523085 0 -0.0035462542002399756 0.00080135022361691182 0.0013100495368676031 -0.0011537726787164023
leaf_weight=14.000000000000005 13.000000000000002 9.9999999999999982 12.999999999999998 6.9999999999999991 4.9999999999999991 29 14.999999999999998
leaf_count=14 13 10 13 7 5 29 15
internal_value=0 0.000667014 0.000330109 -0.00202653 -0.0013574 0.000919331 -0.000500784
internal_weight=106 80 70 26 19 42 28
internal_count=106 80 70 26 19 42 28
is_linear=0
shrinkage=0.03


Tree=96
num_leaves=8
num_cat=0
split_feature=3 0 2 3 8 14 15
split_gain=0.151732 0.0906319 0.0292378 0.0216248 0.0208767 0.0222267 0.0197352
threshold=4.3500000000000005 18.000000000000004 3.1500000000000008 4.0500000000000007 15.72916666666667 1.0000000180025095e-35 1.0000000180025095e-35
decision_type=2 2 2 2 2 2 2
left_child=2 4 3 -1 5 -2 -4
right_child=1 -3 6 -5 -6 -7 -8
leaf_value=-0.0042283837629422064 0.000840566329025023 0.0040174385854819172 -0.00030026089031617718 -0.0011528533851848013 -0.00093058966054785546 -0.0011199975572526455 -0.0025464938423381401
leaf_weight=5.9999999999999982 51 6.9999999999999991 18.000000000000004 6 7.9999999999999991 4.9999999999999991 4.9999999999999991
leaf_count=6 51 7 18 6 8 5 5
internal_value=0 0.00080067 -0.00160711 -0.00285768 0.000414053 0.000635463 -0.000870971
internal_weight=106 71 35 12 64 56 23
internal_count=106 71 35 12 64 56 23
is_linear=0
shrinkage=0.03


Tree=97
num_leaves=8
num_cat=0
split_feature=5 5 1 4 2 8 3
split_gain=0.143495 0.0449735 0.0367166 0.0258914 0.0345491 0.0106917 0.012307
threshold=24.300000000000001 70.000000000000014 7.0000000000000009 74.500000000000014 3.4500000000000006 10.520833333333334 4.7500000000000009
decision_type=2 2 2 2 2 2 2
left_child=2 5 -1 4 -4 6 -2
right_child=1 -3 3 -5 -6 -7 -8
leaf_value=-0.0025529208583267111 0 0.0036522541309778498 -0.0010599571765799601 -0.0019157128837769446 0.0015024716561523881 8.2026420638334647e-05 0.0013260786663297386
leaf_weight=14.999999999999998 8.9999999999999982 4.9999999999999991 11.000000000000005 8.9999999999999982 7.9999999999999991 24 25
leaf_count=15 9 5 11 9 8 24 25
internal_value=0 0.00091285 -0.00133056 -0.000609071 0 0.000639182 0.000985829
internal_weight=106 63 43 28 19 58 34
internal_count=106 63 43 28 19 58 34
is_linear=0
shrinkage=0.03


Tree=98
num_leaves=8
num_cat=0
split_feature=3 1 2 3 8 14 15
split_gain=0.13641 0.0837849 0.0270788 0.0195772 0.0184927 0.0202468 0.0180407
threshold=4.3500000000000005 30.000000000000004 3.1500000000000008 4.0500000000000007 15.72916666666667 1.0000000180025095e-35 1.0000000180025095e-35
decision_type=2 2 2 2 2 2 2
left_child=2 4 3 -1 5 -2 -4
right_child=1 -3 6 -5 -6 -7 -8
leaf_value=-0.004038731252714511 0.00079130315263455477 0.0038508016802370542 -0.00026544965517062404 -0.0010897393689881408 -0.00087651843250524718 -0.0010768793709576129 -0.0024153610519491706
leaf_weight=5.9999999999999982 51 6.9999999999999991 18.000000000000004 6 7.9999999999999991 4.9999999999999991 4.9999999999999991
leaf_count=6 51 7 18 6 8 5 5
internal_value=0 0.000757771 -0.00152522 -0.00272922 0.000385164 0.000594572 -0.00081427
internal_weight=106 71 35 12 64 56 23
internal_count=106 71 35 12 64 56 23
is_linear=0
shrinkage=0.03


Tree=99
num_leaves=8
num_cat=0
split_feature=5 24 6 15 2 2 6
split_gain=0.129073 0.0510444 0.0307637 0.0174125 0.0370202 0.0150347 0.0138484
threshold=19.500000000000004 1.0000000180025095e-35 41.20000000000001 1.0000000180025095e-35 3.4500000000000006 3.1500000000000008 29.200000000000003
decision_type=2 2 2 2 2 2 2
left_child=3 2 6 4 -1 -4 -2
right_child=1 -3 5 -5 -6 -7 -8
leaf_value=-0.0020183764341693937 0.00016977119809863237 0.002599721872521674 0 -0.0032371994294226165 0.00078532706587933578 0.0011868984084179679 -0.0010826517781242727
leaf_weight=14.000000000000005 13.000000000000002 9.9999999999999982 12.999999999999998 6.9999999999999991 4.9999999999999991 29 14.999999999999998
leaf_count=14 13 10 13 7 5 29 15
internal_value=0 0.000597657 0.000283688 -0.00182767 -0.00120194 0.000808773 -0.000450898
internal_weight=106 80 70 26 19 42 28
internal_count=106 80 70 26 19 42 28
is_linear=0
shrinkage=0.03


Tree=100
num_leaves=8
num_cat=0
split_feature=3 0 2 9 3 8 2
split_gain=0.122871 0.0797755 0.02497 0.01705 0.0221174 0.0188934 0.0178519
threshold=4.3500000000000005 18.000000000000004 3.4500000000000006 0.42923076923076925 4.8500000000000005 6.5312500000000009 3.8500000000000001
decision_type=2 2 2 2 2 2 2
left_child=2 3 -1 6 -5 -6 -2
right_child=1 -3 -4 4 5 -7 -8
leaf_value=-0.0020740469902552463 0.00022011223350568569 0.0037346847929681337 -0.00026301113761622799 -6.3719087326243314e-05 -3.6719763794770419e-06 0.0018063364812213884 -0.0014870328704516091
leaf_weight=22 20.000000000000004 6.9999999999999991 12.999999999999998 13.999999999999998 5.0000000000000027 18 6.9999999999999991
leaf_count=22 20 7 13 14 5 18 7
internal_value=0 0.000717427 -0.00144931 0.000353443 0.000778264 0.00135156 -0.000175014
internal_weight=106 71 35 64 37 23 27
internal_count=106 71 35 64 37 23 27
is_linear=0
shrinkage=0.03


Tree=101
num_leaves=8
num_cat=0
split_feature=5 5 15 13 2 3 8
split_gain=0.116334 0.0382738 0.032134 0.0508273 0.0473477 0.0266376 0.00836032
threshold=24.300000000000001 70.000000000000014 1.0000000180025095e-35 1.0000000180025095e-35 3.4500000000000006 4.2500000000000009 10.520833333333334
decision_type=2 2 2 2 2 2 2
left_child=2 6 3 4 5 -1 -2
right_child=1 -3 -4 -5 -6 -7 -8
leaf_value=-0.0020999799723572577 0.00087238201283821161 0.003349386030951371 -0.003107371991500258 -0.0027037868330903026 0.0013825169983985167 0.0002168553091225124 6.4925617915539692e-05
leaf_weight=10.000000000000005 34 4.9999999999999991 6.9999999999999991 8.9999999999999982 10.999999999999998 5.9999999999999991 24
leaf_count=10 34 5 7 9 11 6 24
internal_value=0 0.000819992 -0.00119998 -0.00077254 -5.84964e-05 -0.00114662 0.000565407
internal_weight=106 63 43 36 27 16 58
internal_count=106 63 43 36 27 16 58
is_linear=0
shrinkage=0.03


Tree=102
num_leaves=8
num_cat=0
split_feature=5 5 15 13 2 3 8
split_gain=0.109761 0.036014 0.030219 0.0479502 0.0445016 0.0252042 0.00781438
threshold=24.300000000000001 70.000000000000014 1.0000000180025095e-35 1.0000000180025095e-35 3.4500000000000006 4.2500000000000009 10.520833333333334
decision_type=2 2 2 2 2 2 2
left_child=2 6 3 4 5 -1 -2
right_child=1 -3 -4 -5 -6 -7 -8
leaf_value=-0.0020382158206227936 0.00084636359130008858 0.0032527689936642456 -0.0030167402109752095 -0.0026244365644600724 0.0013417821364211185 0.00021055949040718613 6.2993960416575599e-05
leaf_weight=10.000000000000005 34 4.9999999999999991 6.9999999999999991 8.9999999999999982 10.999999999999998 5.9999999999999991 24
leaf_count=10 34 5 7 9 11 6 24
internal_value=0 0.000797223 -0.00116485 -0.000748652 -5.35431e-05 -0.00111014 0.000549314
internal_weight=106 63 43 36 27 16 58
internal_count=106 63 43 36 27 16 58
is_linear=0
shrinkage=0.03


Tree=103
num_leaves=8
num_cat=0
split_feature=3 0 2 3 8 9 3
split_gain=0.10393 0.0713798 0.0233331 0.0170666 0.0141592 0.0141057 0.0203464
threshold=4.3500000000000005 18.000000000000004 3.1500000000000008 4.0500000000000007 15.72916666666667 0.42923076923076925 4.8500000000000005
decision_type=2 2 2 2 2 2 2
left_child=2 5 3 -1 -4 -2 -7
right_child=1 -3 4 -5 -6 6 -8
leaf_value=-0.0036657870512816215 -0.00016189717858865419 0.0035145838387931382 0.00028835057669008755 -0.0009077928335435928 -0.0011797985506968366 -0.00010385333515316719 0.0012545353796830849
leaf_weight=5.9999999999999982 27 6.9999999999999991 7.0000000000000027 6 15.999999999999998 13.999999999999998 23
leaf_count=6 27 7 7 6 16 14 23
internal_value=0 0.00066056 -0.00133218 -0.00244723 -0.000669682 0.000315061 0.000702433
internal_weight=106 71 35 12 23 64 37
internal_count=106 71 35 12 23 64 37
is_linear=0
shrinkage=0.03


Tree=104
num_leaves=8
num_cat=0
split_feature=8 13 5 14 15 2 21
split_gain=0.0985682 0.0654107 0.0308537 0.0198279 0.01651 0.0126604 0.0116499
threshold=15.72916666666667 1.0000000180025095e-35 70.000000000000014 1.0000000180025095e-35 1.0000000180025095e-35 3.4500000000000006 1.0000000180025095e-35
decision_type=2 2 2 2 2 2 2
left_child=1 2 3 6 5 -2 -1
right_child=4 -3 -4 -5 -6 -7 -8
leaf_value=0.00094665775972740582 -0.0019306126055194095 -0.0026399754406884312 0.0030961095040234229 -0.00080011908352995917 -0.0028882241528481239 -0.00024565119804306464 -0.00012990815905717816
leaf_weight=53 8.0000000000000053 4.9999999999999991 4.9999999999999991 6.9999999999999991 6.9999999999999991 12.999999999999998 7.9999999999999991
leaf_count=53 8 5 5 7 7 13 8
internal_value=0 0.000548695 0.000794206 0.000594371 -0.00152017 -0.000970454 0.000780996
internal_weight=106 78 73 68 28 21 61
internal_count=106 78 73 68 28 21 61
is_linear=0
shrinkage=0.03


Tree=105
num_leaves=8
num_cat=0
split_feature=8 13 24 14 21 5 15
split_gain=0.0930349 0.0616931 0.0299635 0.0166969 0.0225627 0.0156402 0.0153688
threshold=15.72916666666667 1.0000000180025095e-35 1.0000000180025095e-35 1.0000000180025095e-35 1.0000000180025095e-35 21.900000000000006 1.0000000180025095e-35
decision_type=2 2 2 2 2 2 2
left_child=1 2 3 4 5 -1 -2
right_child=6 -3 -4 -5 -6 -7 -8
leaf_value=0.0026307476584154824 -0.00094407867561182299 -0.0025638224223915201 0.002321750223636627 -0.0007767823012545705 -0.00058577107609776059 0.00071056029532034094 -0.0028039842642222836
leaf_weight=4.9999999999999991 21.000000000000004 4.9999999999999991 9.9999999999999982 6.9999999999999991 8.9999999999999982 42 6.9999999999999991
leaf_count=5 21 5 10 7 9 42 7
internal_value=0 0.00053112 0.00077002 0.000493411 0.000681075 0.000956897 -0.00147884
internal_weight=106 78 73 63 56 47 28
internal_count=106 78 73 63 56 47 28
is_linear=0
shrinkage=0.03


Tree=106
num_leaves=8
num_cat=0
split_feature=5 5 9 13 2 3 9
split_gain=0.0878402 0.030334 0.024839 0.0531164 0.0208572 0.00993584 0.00592793
threshold=24.300000000000001 70.000000000000014 0.23212307692307693 1.0000000180025095e-35 3.4500000000000006 4.2500000000000009 0.61064615384615395
decision_type=2 2 2 2 2 2 2
left_child=2 6 -1 4 5 -4 -2
right_child=1 -3 3 -5 -6 -7 -8
leaf_value=-0.0021683489709076556 0.00020530965123130544 0.0029658945320317374 -0.0013457413528475063 -0.002416939988666537 0.0013895255315077046 0.00020485029676027832 0.00092157976706466163
leaf_weight=12.999999999999998 38 4.9999999999999991 6.0000000000000018 9.0000000000000018 8.9999999999999982 6 20
leaf_count=13 38 5 6 9 9 6 20
internal_value=0 0.000710149 -0.00104509 -0.000497541 0.000269345 -0.000456846 0.000480391
internal_weight=106 63 43 30 21 12 58
internal_count=106 63 43 30 21 12 58
is_linear=0
shrinkage=0.03


Tree=107
num_leaves=8
num_cat=0
split_feature=8 2 0 3 15 2 5
split_gain=0.0831101 0.0559229 0.044174 0.0366368 0.0139085 0.0115501 0.0115653
threshold=15.72916666666667 3.2500000000000004 18.000000000000004 5.1500000000000012 1.0000000180025095e-35 3.4500000000000006 23.300000000000001
decision_type=2 2 2 2 2 2 2
left_child=1 3 -3 -1 5 -2 -7
right_child=4 2 -4 -5 -6 6 -8
leaf_value=-0.0011309572483563944 -0.0017977145970685439 0.000753994714408242 0.0037950381106482095 0.0015936677816968698 -0.0026623854289452228 0.00037794036427285613 -0.0013667832028407313
leaf_weight=22.000000000000004 8.0000000000000053 46 4.9999999999999991 4.9999999999999991 6.9999999999999991 7.9999999999999982 5
leaf_count=22 8 46 5 5 7 8 5
internal_value=0 0.0005019 0.00109509 -0.000563242 -0.00139782 -0.000884407 -0.000190012
internal_weight=106 78 51 27 28 21 13
internal_count=106 78 51 27 28 21 13
is_linear=0
shrinkage=0.03


Tree=108
num_leaves=8
num_cat=0
split_feature=5 2 6 13 15 2 0
split_gain=0.078816 0.0294445 0.0230233 0.0398993 0.0293057 0.0198966 0.0149553
threshold=24.300000000000001 3.8500000000000001 15.4 1.0000000180025095e-35 1.0000000180025095e-35 3.4500000000000006 11.000000000000002
decision_type=2 2 2 2 2 2 2
left_child=2 -2 -1 4 5 -4 -3
right_child=1 6 3 -5 -6 -7 -8
leaf_value=-0.0026111273514106866 0.00033675789134576909 0.00070624912683401383 -0.00028567288910634188 -0.0023268088884651661 -0.0020631310429710605 0.0014400625349405935 0.0033858775275831029
leaf_weight=6.9999999999999991 52 5.9999999999999982 12.000000000000005 8.9999999999999982 4.9999999999999991 9.9999999999999982 5
leaf_count=7 52 6 12 9 5 10 5
internal_value=0 0.000673482 -0.000989158 -0.000619655 0 0.000437091 0.0020969
internal_weight=106 63 43 36 27 22 11
internal_count=106 63 43 36 27 22 11
is_linear=0
shrinkage=0.03


Tree=109
num_leaves=8
num_cat=0
split_feature=8 13 24 14 21 5 6
split_gain=0.0747917 0.0505786 0.0252708 0.0146654 0.0200425 0.0146475 0.0131041
threshold=15.72916666666667 1.0000000180025095e-35 1.0000000180025095e-35 1.0000000180025095e-35 1.0000000180025095e-35 21.900000000000006 42.800000000000004
decision_type=2 2 2 2 2 2 2
left_child=1 2 3 4 5 -1 -7
right_child=-2 -3 -4 -5 -6 6 -8
leaf_value=0.0024911002298960319 -0.0013261166411610518 -0.0023204033520932382 0.0021209171758827697 -0.00075013055776556334 -0.00057591638143133866 -0.00024885973103506412 0.0009244990093684025
leaf_weight=4.9999999999999991 28 4.9999999999999991 9.9999999999999982 6.9999999999999991 8.9999999999999982 8.9999999999999982 33
leaf_count=5 28 5 10 7 9 9 33
internal_value=0 0.000476029 0.000693874 0.00043763 0.000614931 0.00087622 0.000637532
internal_weight=106 78 73 63 56 47 42
internal_count=106 78 73 63 56 47 42
is_linear=0
shrinkage=0.03


Tree=110
num_leaves=8
num_cat=0
split_feature=5 2 1 13 9 5 3
split_gain=0.0709868 0.0271633 0.0212346 0.0356344 0.0181781 0.0146429 0.0187046
threshold=24.300000000000001 3.8500000000000001 5.0000000000000009 1.0000000180025095e-35 0.23212307692307693 22.500000000000004 4.5500000000000007
decision_type=2 2 2 2 2 2 2
left_child=2 -2 -1 4 -4 6 -6
right_child=1 -3 3 -5 5 -7 -8
leaf_value=-0.0021864413250895108 0.00031367753522641869 0.0020057327430237949 -0.0013517813432601183 -0.002224106073731602 4.6800298049398061e-05 -0.00069359727991888148 0.0025008428060951139
leaf_weight=9.9999999999999982 52 10.999999999999998 6.0000000000000027 7.9999999999999991 9.0000000000000018 4.9999999999999991 4.9999999999999991
leaf_count=10 52 11 6 8 9 5 5
internal_value=0 0.000638262 -0.000939634 -0.000505737 0 0.000511887 0.00105176
internal_weight=106 63 43 33 25 19 14
internal_count=106 63 43 33 25 19 14
is_linear=0
shrinkage=0.03


Tree=111
num_leaves=8
num_cat=0
split_feature=5 2 1 13 9 5 3
split_gain=0.0671009 0.034048 0.027886 0.0362746 0.0146252 0.0121914 0.0198687
threshold=29.200000000000006 3.8500000000000001 5.0000000000000009 1.0000000180025095e-35 0.21340659340659343 22.500000000000004 4.5500000000000007
decision_type=2 2 2 2 2 2 2
left_child=2 -2 -1 4 -4 6 -6
right_child=1 -3 3 -5 5 -7 -8
leaf_value=-0.0021221342354136351 0.00045847122766533668 0.002798332191693286 -0.0013222105476644731 -0.0021590102111804297 0 -0.00015434473441070263 0.0024287031827351221
leaf_weight=9.9999999999999982 39 6.9999999999999991 5.9999999999999991 7.9999999999999991 9.9999999999999982 21 4.9999999999999991
leaf_count=10 39 7 6 8 10 21 5
internal_value=0 0.000857577 -0.000662392 -0.000333271 0 0.000253353 0.000917335
internal_weight=106 46 60 50 42 36 15
internal_count=106 46 60 50 42 36 15
is_linear=0
shrinkage=0.03


Tree=112
num_leaves=8
num_cat=0
split_feature=5 5 15 13 2 3 9
split_gain=0.0636103 0.024275 0.0197744 0.0321103 0.0306689 0.0165728 0.00544966
threshold=24.300000000000001 70.000000000000014 1.0000000180025095e-35 1.0000000180025095e-35 3.4500000000000006 4.2500000000000009 0.61064615384615395
decision_type=2 2 2 2 2 2 2
left_child=2 6 3 4 5 -1 -2
right_child=1 -3 -4 -5 -6 -7 -8
leaf_value=-0.0016148795101188988 0.00013408877613773831 0.0026235680103015441 -0.0023942257269906498 -0.0020750004275823415 0.0011848233660150852 0.00017730626337710887 0.00081246983737103852
leaf_weight=10.000000000000005 38 4.9999999999999991 6.9999999999999991 8.9999999999999982 10.999999999999998 5.9999999999999991 20
leaf_count=10 38 5 7 9 11 6 20
internal_value=0 0.000604061 -0.000889604 -0.00054399 0 -0.000856325 0.000395775
internal_weight=106 63 43 36 27 16 58
internal_count=106 63 43 36 27 16 58
is_linear=0
shrinkage=0.03


Tree=113
num_leaves=8
num_cat=0
split_feature=5 2 6 13 15 5 3
split_gain=0.0604256 0.0313933 0.0253699 0.0335743 0.0213401 0.0115279 0.018735
threshold=29.200000000000006 3.8500000000000001 15.4 1.0000000180025095e-35 1.0000000180025095e-35 22.500000000000004 4.5500000000000007
decision_type=2 2 2 2 2 2 2
left_child=2 -2 -1 4 5 6 -4
right_child=1 -3 3 -5 -6 -7 -8
leaf_value=-0.0023410144681110974 0.00042970633853971712 0.0026788582125057774 3.5749076499191448e-05 -0.0020141035717223649 -0.0018254322562223444 -0.00018028403777075379 0.0023360919536879426
leaf_weight=6.9999999999999991 39 6.9999999999999991 12.000000000000002 8.9999999999999982 4.9999999999999991 22 4.9999999999999991
leaf_count=7 39 7 12 9 5 22 5
internal_value=0 0.000814551 -0.000627837 -0.000365423 0 0.000218916 0.000818827
internal_weight=106 46 60 53 44 39 17
internal_count=106 46 60 53 44 39 17
is_linear=0
shrinkage=0.03


Tree=114
num_leaves=8
num_cat=0
split_feature=5 2 6 13 15 2 5
split_gain=0.0570597 0.0295214 0.0238559 0.0316347 0.0201282 0.0113713 0.015895
threshold=29.200000000000006 3.8500000000000001 15.4 1.0000000180025095e-35 1.0000000180025095e-35 3.4500000000000006 23.300000000000001
decision_type=2 2 2 2 2 2 2
left_child=2 -2 -1 4 5 -4 -7
right_child=1 -3 3 -5 -6 6 -8
leaf_value=-0.0022727349027991291 0.0004168809054250714 0.0026007247964541114 -0.00023034079823329456 -0.0019549940458660864 -0.0017727755769514119 0.0016563793871065837 0
leaf_weight=6.9999999999999991 39 6.9999999999999991 20 8.9999999999999982 4.9999999999999991 9.0000000000000018 9.9999999999999982
leaf_count=7 39 7 20 9 5 9 10
internal_value=0 0.000791492 -0.000610147 -0.000354646 0 0.000212684 0.000754693
internal_weight=106 46 60 53 44 39 19
internal_count=106 46 60 53 44 39 19
is_linear=0
shrinkage=0.03


Tree=115
num_leaves=8
num_cat=0
split_feature=6 2 2 9 5 2 3
split_gain=0.0543116 0.0328598 0.0241813 0.0138773 0.00761997 0.0074444 0.013436
threshold=41.20000000000001 3.7500000000000004 3.3500000000000001 0.32071428571428579 23.300000000000001 3.1500000000000008 5.0500000000000007
decision_type=2 2 2 2 2 2 2
left_child=2 5 -1 -4 -5 -2 -7
right_child=1 -3 3 4 -6 6 -8
leaf_value=-0.0014419625283280421 -0.00019381186057051473 0.0023727176563166407 -0.00069715739635284996 0.0012989310035482042 0 0.001250202744530225 0
leaf_weight=21 12.999999999999998 8.9999999999999982 19 6.0000000000000027 10.999999999999998 14.000000000000002 12.999999999999998
leaf_count=21 13 9 19 6 11 14 13
internal_value=0 0.000728603 -0.000630822 -0.000110868 0.000457674 0.000311399 0.000609433
internal_weight=106 49 57 36 17 40 27
internal_count=106 49 57 36 17 40 27
is_linear=0
shrinkage=0.03


Tree=116
num_leaves=8
num_cat=0
split_feature=5 0 15 13 2 3 2
split_gain=0.0511597 0.0216371 0.0166502 0.0264013 0.0254722 0.0145272 0.0083639
threshold=24.300000000000001 18.000000000000004 1.0000000180025095e-35 1.0000000180025095e-35 3.4500000000000006 4.2500000000000009 2.5500000000000003
decision_type=2 2 2 2 2 2 2
left_child=2 6 3 4 5 -1 -2
right_child=1 -3 -4 -5 -6 -7 -8
leaf_value=-0.0014790662332020196 -0.00057511832778497289 0.0020134565697574034 -0.0021813397986503932 -0.0018650156356212076 0.001095996441519154 0.00019346132724275511 0.00045336604324006178
leaf_weight=10.000000000000005 6.9999999999999991 7.9999999999999991 6.9999999999999991 8.9999999999999982 10.999999999999998 5.9999999999999991 48
leaf_count=10 7 8 7 9 11 6 48
internal_value=0 0.000541483 -0.000798047 -0.000477072 0 -0.000764631 0.000293685
internal_weight=106 63 43 36 27 16 55
internal_count=106 63 43 36 27 16 55
is_linear=0
shrinkage=0.03


Tree=117
num_leaves=8
num_cat=0
split_feature=6 2 2 9 5 2 3
split_gain=0.0487354 0.030741 0.0215445 0.0122848 0.00713505 0.00679357 0.0127187
threshold=41.20000000000001 3.7500000000000004 3.3500000000000001 0.32071428571428579 23.300000000000001 3.1500000000000008 5.0500000000000007
decision_type=2 2 2 2 2 2 2
left_child=2 5 -1 -4 -5 -2 -7
right_child=1 -3 3 4 -6 6 -8
leaf_value=-0.0013640147774537392 -0.00019516456745226275 0.0022796037423667374 -0.00065794472437119111 0.0012418607879249792 0 0.0011965195211158851 0
leaf_weight=21 12.999999999999998 8.9999999999999982 19 6.0000000000000027 10.999999999999998 14.000000000000002 12.999999999999998
leaf_count=21 13 9 19 6 11 14 13
internal_value=0 0.000689838 -0.000597909 -0.00010451 0.000427283 0.000285266 0.000571465
internal_weight=106 49 57 36 17 40 27
internal_count=106 49 57 36 17 40 27
is_linear=0
shrinkage=0.03


Tree=118
num_leaves=8
num_cat=0
split_feature=8 2 0 3 6 9 15
split_gain=0.0459804 0.0349736 0.0361203 0.0273364 0.00978183 0.00838967 0.00704113
threshold=15.72916666666667 3.2500000000000004 18.000000000000004 5.1500000000000012 15.4 0.61064615384615395 1.0000000180025095e-35
decision_type=2 2 2 2 2 2 2
left_child=1 3 5 -1 -2 -3 -6
right_child=4 2 -4 -5 6 -7 -8
leaf_value=-0.00096039318295535489 -0.0020984341188644354 0.00032467078531782986 0.0032751708226994819 0.0013853040065329809 -0.00017753209047778333 0.0016300502855090364 -0.0016112546573500506
leaf_weight=22.000000000000004 7.0000000000000027 40 4.9999999999999991 4.9999999999999991 16.000000000000004 5.9999999999999991 4.9999999999999991
leaf_count=22 7 40 5 5 16 6 5
internal_value=0 0.000371762 0.000843534 -0.000463866 -0.00104125 0.000533725 -0.000601629
internal_weight=106 78 51 27 28 46 21
internal_count=106 78 51 27 28 46 21
is_linear=0
shrinkage=0.03


Tree=119
num_leaves=8
num_cat=0
split_feature=8 2 0 3 15 9 2
split_gain=0.0436173 0.0329807 0.0339688 0.025805 0.0091112 0.00786424 0.00758138
threshold=15.72916666666667 3.2500000000000004 18.000000000000004 5.1500000000000012 1.0000000180025095e-35 0.61064615384615395 3.4500000000000006
decision_type=2 2 2 2 2 2 2
left_child=1 3 5 -1 6 -3 -2
right_child=4 2 -4 -5 -6 -7 -8
leaf_value=-0.00093184096408328279 -0.0013110402658036559 0.00031497911410232476 0.0031806946578077397 0.0013453432831626673 -0.002038646640915734 0.0015827262359521081 -1.2644616971639064e-05
leaf_weight=22.000000000000004 8.0000000000000053 40 4.9999999999999991 4.9999999999999991 6.9999999999999991 5.9999999999999991 12.999999999999998
leaf_count=22 8 40 5 5 7 6 13
internal_value=0 0.000362194 0.000820599 -0.000448202 -0.00101403 0.000518941 -0.000585728
internal_weight=106 78 51 27 28 46 21
internal_count=106 78 51 27 28 46 21
is_linear=0
shrinkage=0.03


Tree=120
num_leaves=8
num_cat=0
split_feature=8 2 1 3 6 6 6
split_gain=0.041377 0.031103 0.0320927 0.0243604 0.00888774 0.00658153 0.014118
threshold=15.72916666666667 3.2500000000000004 30.000000000000004 5.1500000000000012 15.4 50.300000000000004 42.800000000000004
decision_type=2 2 2 2 2 2 2
left_child=1 3 5 -1 -2 6 -3
right_child=4 2 -4 -5 -6 -7 -8
leaf_value=-0.00090413756731494834 -0.0019983377455112823 0.00028085959329542191 0.0027011222469930842 0.0013065352863990342 -0.0005641493583174932 0 0.0020454811435868781
leaf_weight=22.000000000000004 7.0000000000000027 21.000000000000004 6.9999999999999991 4.9999999999999991 21 17 5.9999999999999991
leaf_count=22 7 21 7 5 21 17 6
internal_value=0 0.000352901 0.000798334 -0.00043301 -0.000987518 0.000450829 0.000740302
internal_weight=106 78 51 27 28 44 27
internal_count=106 78 51 27 28 44 27
is_linear=0
shrinkage=0.03


Tree=121
num_leaves=8
num_cat=0
split_feature=8 2 0 3 15 9 2
split_gain=0.039149 0.0293282 0.0312758 0.0231876 0.00852987 0.00710015 0.00693598
threshold=15.72916666666667 3.2500000000000004 18.000000000000004 4.9500000000000011 1.0000000180025095e-35 0.61064615384615395 3.4500000000000006
decision_type=2 2 2 2 2 2 2
left_child=1 3 5 -1 6 -3 -2
right_child=4 2 -4 -5 -6 -7 -8
leaf_value=-0.00097460023966896789 -0.0012351685338767189 0.0002899304976593008 0.0030421936694675911 0.00094580627356966333 -0.001950780209347916 0.0014980207864315281 0
leaf_weight=20.000000000000004 8.0000000000000053 40 4.9999999999999991 6.9999999999999991 6.9999999999999991 5.9999999999999991 12.999999999999998
leaf_count=20 8 40 5 7 7 6 13
internal_value=0 0.000343801 0.000776608 -0.000418276 -0.000960033 0.000485778 -0.000543741
internal_weight=106 78 51 27 28 46 21
internal_count=106 78 51 27 28 46 21
is_linear=0
shrinkage=0.03


Tree=122
num_leaves=8
num_cat=0
split_feature=8 2 0 3 6 9 5
split_gain=0.0371435 0.0276658 0.0294061 0.0219392 0.00811754 0.00665222 0.00611819
threshold=15.72916666666667 3.2500000000000004 18.000000000000004 5.1500000000000012 15.4 0.61064615384615395 23.300000000000001
decision_type=2 2 2 2 2 2 2
left_child=1 3 5 -1 -2 6 -3
right_child=4 2 -4 -5 -6 -7 -8
leaf_value=-0.00085347347444464502 -0.0019032102380879214 0.0011706649846277171 0.0029544381239415642 0.0012415638881234023 -0.00052659033512134318 0.0014545298307653395 7.4537022931811704e-05
leaf_weight=22.000000000000004 7.0000000000000027 5.9999999999999991 4.9999999999999991 4.9999999999999991 21 5.9999999999999991 34
leaf_count=22 7 6 5 5 21 6 34
internal_value=0 0.000335006 0.000755634 -0.00040408 -0.000934994 0.000472411 0.000281276
internal_weight=106 78 51 27 28 46 40
internal_count=106 78 51 27 28 46 40
is_linear=0
shrinkage=0.03


Tree=123
num_leaves=8
num_cat=0
split_feature=8 13 21 1 5 14 15
split_gain=0.0351926 0.0265967 0.0152859 0.041669 0.0173616 0.00815836 0.00798594
threshold=15.72916666666667 1.0000000180025095e-35 1.0000000180025095e-35 30.000000000000004 22.500000000000004 1.0000000180025095e-35 1.0000000180025095e-35
decision_type=2 2 2 2 2 2 2
left_child=1 2 3 4 -1 -6 -2
right_child=6 -3 -4 -5 5 -7 -8
leaf_value=0.0015945389893655059 -0.00050436936156332199 -0.001684545823910202 -0.00057304477784782661 0.0030391443707048888 0.00028234936023021441 -0.00093804657208518348 -0.0018670517400217552
leaf_weight=8.9999999999999982 21.000000000000004 4.9999999999999991 8.9999999999999982 5.9999999999999991 44 4.9999999999999991 6.9999999999999991
leaf_count=9 21 5 9 6 44 5 7
internal_value=0 0.000327146 0.000489651 0.000663777 0.000382676 0.000124024 -0.000909057
internal_weight=106 78 73 64 58 49 28
internal_count=106 78 73 64 58 49 28
is_linear=0
shrinkage=0.03


Tree=124
num_leaves=8
num_cat=0
split_feature=8 2 0 3 6 9 15
split_gain=0.0332045 0.0252712 0.0265965 0.020414 0.00763838 0.00590347 0.00538633
threshold=15.72916666666667 3.2500000000000004 18.000000000000004 4.9500000000000011 15.4 0.61064615384615395 1.0000000180025095e-35
decision_type=2 2 2 2 2 2 2
left_child=1 3 5 -1 -2 -3 -6
right_child=4 2 -4 -5 6 -7 -8
leaf_value=-0.00091249229454453827 -0.0018216334624836831 0.0002653233219157911 0.0028133554973352988 0.00088576400031646087 -0.00010586757592304986 0.0013774256363150573 -0.0013643756381665859
leaf_weight=20.000000000000004 7.0000000000000027 40 4.9999999999999991 6.9999999999999991 16.000000000000004 5.9999999999999991 4.9999999999999991
leaf_count=20 7 40 5 7 16 6 5
internal_value=0 0.000316888 0.000719443 -0.000388046 -0.000883885 0.000448183 -0.000486312
internal_weight=106 78 51 27 28 46 21
internal_count=106 78 51 27 28 46 21
is_linear=0
shrinkage=0.03


Tree=125
num_leaves=8
num_cat=0
split_feature=8 13 21 1 5 14 15
split_gain=0.0315315 0.0242521 0.0140864 0.0377604 0.0166562 0.00746039 0.007087
threshold=15.72916666666667 1.0000000180025095e-35 1.0000000180025095e-35 30.000000000000004 22.500000000000004 1.0000000180025095e-35 1.0000000180025095e-35
decision_type=2 2 2 2 2 2 2
left_child=1 2 3 4 -1 -6 -2
right_child=6 -3 -4 -5 5 -7 -8
leaf_value=0.0015494550160181698 -0.00047409508970372796 -0.001609631272104497 -0.00055249173173923865 0.0028954582400019125 0.00026258466077327931 -0.0009050508811532591 -0.0017689912378167111
leaf_weight=8.9999999999999982 21.000000000000004 4.9999999999999991 8.9999999999999982 5.9999999999999991 44 4.9999999999999991 6.9999999999999991
leaf_count=9 21 5 9 6 44 5 7
internal_value=0 0.000308872 0.000464807 0.000632505 0.000363487 0.000109756 -0.000861261
internal_weight=106 78 73 64 58 49 28
internal_count=106 78 73 64 58 49 28
is_linear=0
shrinkage=0.03


Tree=126
num_leaves=8
num_cat=0
split_feature=6 2 13 6 15 0 3
split_gain=0.0297803 0.0237885 0.0149586 0.0218048 0.0116909 0.0102997 0.005292
threshold=41.20000000000001 3.7500000000000004 1.0000000180025095e-35 15.4 1.0000000180025095e-35 7.0000000000000009 4.3500000000000005
decision_type=2 2 2 2 2 2 2
left_child=2 -2 3 -1 5 6 -5
right_child=1 -3 -4 4 -6 -7 -8
leaf_value=-0.0017438839104336997 0.00017986053460166413 0.0019338555481163379 -0.0016046235767071663 4.5545124698297232e-05 -0.0012739900327645814 -0.00032413833371271764 0.0011420254492233134
leaf_weight=6.9999999999999991 40 8.9999999999999982 8.9999999999999982 11.000000000000002 4.9999999999999991 13.999999999999998 10.999999999999998
leaf_count=7 40 9 9 11 5 14 11
internal_value=0 0.000539062 -0.000467574 -0.000217483 1.39145e-05 0.000240277 0.000666702
internal_weight=106 49 57 48 41 36 22
internal_count=106 49 57 48 41 36 22
is_linear=0
shrinkage=0.03


Tree=127
num_leaves=8
num_cat=0
split_feature=6 2 13 6 15 0 3
split_gain=0.0281556 0.0223643 0.0140458 0.0205481 0.011025 0.0097647 0.0049211
threshold=41.20000000000001 3.7500000000000004 1.0000000180025095e-35 15.4 1.0000000180025095e-35 7.0000000000000009 4.3500000000000005
decision_type=2 2 2 2 2 2 2
left_child=2 -2 3 -1 5 6 -5
right_child=1 -3 -4 4 -6 -7 -8
leaf_value=-0.001693020649642373 0.00017449155603422532 0.0018771011077636933 -0.0015575313615693671 4.4203177011305716e-05 -0.0012372403305310471 -0.00031455115443029981 0.0011083764895842511
leaf_weight=6.9999999999999991 40 8.9999999999999982 8.9999999999999982 11.000000000000002 4.9999999999999991 13.999999999999998 10.999999999999998
leaf_count=7 40 9 9 11 5 14 11
internal_value=0 0.000524063 -0.000454728 -0.000211227 1.23451e-05 0.000233212 0.000649049
internal_weight=106 49 57 48 41 36 22
internal_count=106 49 57 48 41 36 22
is_linear=0
shrinkage=0.03


Tree=128
num_leaves=8
num_cat=0
split_feature=6 2 13 6 15 0 3
split_gain=0.0266221 0.0210237 0.0131871 0.0193638 0.010397 0.00925912 0.00457341
threshold=41.20000000000001 3.7500000000000004 1.0000000180025095e-35 15.4 1.0000000180025095e-35 7.0000000000000009 4.3500000000000005
decision_type=2 2 2 2 2 2 2
left_child=2 -2 3 -1 5 6 -5
right_child=1 -3 -4 4 -6 -7 -8
leaf_value=-0.0016436409255644925 0.00016928285461222342 0.0018220122935473108 -0.0015118212152130741 4.2900766462220656e-05 -0.001201550718755103 -0.00030524753557163964 0.0010757189476031013
leaf_weight=6.9999999999999991 40 8.9999999999999982 8.9999999999999982 11.000000000000002 4.9999999999999991 13.999999999999998 10.999999999999998
leaf_count=7 40 9 9 11 5 14 11
internal_value=0 0.000509506 -0.000442255 -0.00020515 1.08243e-05 0.000226354 0.000631916
internal_weight=106 49 57 48 41 36 22
internal_count=106 49 57 48 41 36 22
is_linear=0
shrinkage=0.03


Tree=129
num_leaves=8
num_cat=0
split_feature=6 2 1 13 9 0 2
split_gain=0.0251746 0.0197619 0.0123871 0.0180648 0.0063536 0.009022 0.00491267
threshold=41.20000000000001 3.7500000000000004 5.0000000000000009 1.0000000180025095e-35 0.21340659340659343 7.0000000000000009 3.8500000000000001
decision_type=2 2 2 2 2 2 2
left_child=2 -2 -1 4 -4 6 -6
right_child=1 -3 3 -5 5 -7 -8
leaf_value=-0.0014036321719450987 0.00016422964699623702 0.0017685401981251071 -0.00078280990808120656 -0.0014738273954092776 0.00093989022036303606 -0.00029064069316849455 0
leaf_weight=9.9999999999999982 40 8.9999999999999982 5.9999999999999991 7.9999999999999991 15.000000000000002 12.999999999999998 4.9999999999999991
leaf_count=10 40 9 6 8 15 13 5
internal_value=0 0.000495378 -0.000430146 -0.000186172 4.58692e-05 0.000245527 0.00066772
internal_weight=106 49 57 47 39 33 20
internal_count=106 49 57 47 39 33 20
is_linear=0
shrinkage=0.03


Tree=130
num_leaves=8
num_cat=0
split_feature=6 2 2 2 9 0 3
split_gain=0.02387 0.0185743 0.0119139 0.00627895 0.0108524 0.00921214 0.00414804
threshold=41.20000000000001 3.7500000000000004 3.3500000000000001 3.8500000000000001 0.26912280701754393 7.0000000000000009 4.4500000000000011
decision_type=2 2 2 2 2 2 2
left_child=2 6 -1 4 -4 -6 -2
right_child=1 -3 3 -5 5 -7 -8
leaf_value=-0.00098875180107018605 -0.0004093393015985687 0.0017166373657085427 -0.0005323982432933656 -0.0008018494602406353 0.0012907488645135382 0 0.0003268734594026485
leaf_weight=21 6.9999999999999991 8.9999999999999982 11.000000000000002 7.9999999999999991 9 8 33
leaf_count=21 7 9 11 8 9 8 33
internal_value=0 0.000481667 -0.00041955 -4.24505e-05 0.000125477 0.000639612 0.000159327
internal_weight=106 49 57 36 28 17 40
internal_count=106 49 57 36 28 17 40
is_linear=0
shrinkage=0.03


Tree=131
num_leaves=8
num_cat=0
split_feature=8 2 0 3 7 15 2
split_gain=0.0228118 0.0188948 0.0230778 0.0176269 0.0075315 0.0057435 0.00518454
threshold=15.72916666666667 3.2500000000000004 18.000000000000004 5.1500000000000012 1.4642857142857146 1.0000000180025095e-35 3.4500000000000006
decision_type=2 2 2 2 2 2 2
left_child=1 3 -3 4 -1 6 -2
right_child=5 2 -4 -5 -6 -7 -8
leaf_value=0 -0.00097039904967858952 0.00035616892015761023 0.0025562853613295233 0.0011202135524497581 -0.0010930368124132252 -0.001551938512614773 0
leaf_weight=6.0000000000000062 8.0000000000000053 46 4.9999999999999991 4.9999999999999991 15.999999999999998 6.9999999999999991 12.999999999999998
leaf_count=6 8 46 5 5 16 7 13
internal_value=0 0.000260406 0.000610306 -0.000344999 -0.000752661 -0.000734842 -0.00037965
internal_weight=106 78 51 27 22 28 21
internal_count=106 78 51 27 22 28 21
is_linear=0
shrinkage=0.03


Tree=132
num_leaves=8
num_cat=0
split_feature=13 3 1 2 5 15 9
split_gain=0.0221156 0.0309971 0.0312596 0.0266773 0.0164413 0.00636557 0.0031217
threshold=1.0000000180025095e-35 4.4500000000000011 30.000000000000004 3.1500000000000008 22.500000000000004 1.0000000180025095e-35 0.61064615384615395
decision_type=2 2 2 2 2 2 2
left_child=1 3 4 -1 -3 -5 -6
right_child=-2 2 -4 5 6 -7 -8
leaf_value=-0.0019274291930639227 -0.0014088097275437221 0.0019231198344809505 0.0026220288013498625 0.00015819669347898711 -4.9631087585901286e-05 -0.00091196600435538243 0.00041764494203092473
leaf_weight=8.9999999999999982 8.9999999999999982 4.9999999999999991 5.9999999999999991 23.000000000000004 30 5.9999999999999991 18
leaf_count=9 9 5 6 23 30 6 18
internal_value=0 0.000130069 0.000571944 -0.000516135 0.000302679 -1.65762e-05 9.5483e-05
internal_weight=106 97 59 38 53 29 48
internal_count=106 97 59 38 53 29 48
is_linear=0
shrinkage=0.03


Tree=133
num_leaves=8
num_cat=0
split_feature=13 3 1 2 5 15 9
split_gain=0.020838 0.0292712 0.0294181 0.0251294 0.0154998 0.00600183 0.00294826
threshold=1.0000000180025095e-35 4.4500000000000011 30.000000000000004 3.1500000000000008 22.500000000000004 1.0000000180025095e-35 0.61064615384615395
decision_type=2 2 2 2 2 2 2
left_child=1 3 4 -1 -3 -5 -6
right_child=-2 2 -4 5 6 -7 -8
leaf_value=-0.001870863299978816 -0.0013674642591048843 0.0018676451647367616 0.0025459053481538445 0.00015349171505759244 -4.8152024099072871e-05 -0.00088548957300747951 0.00040525333940532508
leaf_weight=8.9999999999999982 8.9999999999999982 4.9999999999999991 5.9999999999999991 23.000000000000004 30 5.9999999999999991 18
leaf_count=9 9 5 6 23 30 6 18
internal_value=0 0.000126305 0.000556044 -0.000501073 0.000293857 -1.46927e-05 9.17307e-05
internal_weight=106 97 59 38 53 29 48
internal_count=106 97 59 38 53 29 48
is_linear=0
shrinkage=0.03


Tree=134
num_leaves=8
num_cat=0
split_feature=13 3 1 2 5 15 2
split_gain=0.0196343 0.027643 0.0276835 0.0236715 0.014612 0.0056588 0.0028197
threshold=1.0000000180025095e-35 4.4500000000000011 30.000000000000004 3.1500000000000008 22.500000000000004 1.0000000180025095e-35 3.4500000000000006
decision_type=2 2 2 2 2 2 2
left_child=1 3 4 -1 -3 6 -5
right_child=-2 2 -4 5 -6 -7 -8
leaf_value=-0.0018159575551829261 -0.001327332145554702 0.0018137708420936879 0.0024719919955297821 -0.00015172674462361169 8.8089615576591386e-05 -0.00085978182900186271 0.00044725244025319401
leaf_weight=8.9999999999999982 8.9999999999999982 4.9999999999999991 5.9999999999999991 9.0000000000000053 48 5.9999999999999991 13.999999999999998
leaf_count=9 9 5 6 9 48 6 14
internal_value=0 0.000122649 0.000540606 -0.000486449 0.000285292 -1.28613e-05 0.000148927
internal_weight=106 97 59 38 53 29 23
internal_count=106 97 59 38 53 29 23
is_linear=0
shrinkage=0.03


Tree=135
num_leaves=8
num_cat=0
split_feature=1 13 21 1 8 5 14
split_gain=0.0185812 0.0210005 0.0128511 0.0284252 0.0072301 0.0155384 0.00652305
threshold=5.0000000000000009 1.0000000180025095e-35 1.0000000180025095e-35 30.000000000000004 16.375000000000004 22.500000000000004 1.0000000180025095e-35
decision_type=2 2 2 2 2 2 2
left_child=-1 2 3 4 5 -2 -7
right_child=1 -3 -4 -5 -6 6 -8
leaf_value=-0.0012200955583659167 0.0013900857197586447 -0.0012950105046308259 -0.00062304359985448953 0.0024002245543224194 -0.00044753240530981744 0.00024862569562608656 -0.00083817184499751485
leaf_weight=9.9999999999999982 10.999999999999998 7.9999999999999991 10.999999999999998 5.9999999999999991 9.9999999999999982 45 4.9999999999999991
leaf_count=10 11 8 11 6 10 45 5
internal_value=0 0.000126484 0.000275361 0.000424416 0.000230106 0.000366803 0.000107159
internal_weight=106 96 88 77 71 61 50
internal_count=106 96 88 77 71 61 50
is_linear=0
shrinkage=0.03


Tree=136
num_leaves=8
num_cat=0
split_feature=1 13 21 1 8 5 14
split_gain=0.0174792 0.019785 0.0121308 0.0267835 0.00683044 0.0146301 0.00615859
threshold=5.0000000000000009 1.0000000180025095e-35 1.0000000180025095e-35 30.000000000000004 16.375000000000004 22.500000000000004 1.0000000180025095e-35
decision_type=2 2 2 2 2 2 2
left_child=-1 2 3 4 5 -2 -7
right_child=1 -3 -4 -5 -6 6 -8
leaf_value=-0.0011842104073559098 0.0013491278367915322 -0.0012571077395185102 -0.00060468606941867632 0.0023305406018851262 -0.0004343696782255875 0.00024119992746118521 -0.00081399387859094603
leaf_weight=9.9999999999999982 10.999999999999998 7.9999999999999991 10.999999999999998 5.9999999999999991 9.9999999999999982 45 4.9999999999999991
leaf_count=10 11 8 11 6 10 45 5
internal_value=0 0.000121806 0.000266735 0.000411897 0.0002226 0.000355877 0.000102977
internal_weight=106 96 88 77 71 61 50
internal_count=106 96 88 77 71 61 50
is_linear=0
shrinkage=0.03


Tree=137
num_leaves=8
num_cat=0
split_feature=5 2 5 9 13 3 2
split_gain=0.0166251 0.011618 0.00761427 0.0147354 0.0100337 0.00586426 0.00358357
threshold=24.300000000000001 3.8500000000000001 22.500000000000004 0.26912280701754393 1.0000000180025095e-35 4.5500000000000007 3.1500000000000008
decision_type=2 2 2 2 2 2 2
left_child=2 6 3 -1 5 -5 -2
right_child=1 -3 -4 4 -6 -7 -8
leaf_value=-0.00084485560808388982 -0.00031565759956958848 0.001194838729986389 -0.0014863781145052805 5.5672366532587081e-06 -0.00043324626671771202 0.0016824347260766303 0.0002437602363200163
leaf_weight=19 11.999999999999998 10.999999999999998 5.9999999999999991 6.0000000000000018 6.9999999999999991 5 40
leaf_count=19 12 11 6 6 7 5 40
internal_value=0 0.00030586 -0.000457708 -0.000243479 0.000311198 0.000918141 8.52134e-05
internal_weight=106 63 43 37 18 11 52
internal_count=106 63 43 37 18 11 52
is_linear=0
shrinkage=0.03


Tree=138
num_leaves=8
num_cat=0
split_feature=13 3 1 2 5 15 9
split_gain=0.0159127 0.0227253 0.0227329 0.0221358 0.0118822 0.00499371 0.00269535
threshold=1.0000000180025095e-35 4.4500000000000011 30.000000000000004 3.1500000000000008 22.500000000000004 1.0000000180025095e-35 0.61064615384615395
decision_type=2 2 2 2 2 2 2
left_child=1 3 4 -1 -3 -5 -6
right_child=-2 2 -4 5 6 -7 -8
leaf_value=-0.0017248683066471762 -0.0011964695349983548 0.0016339029909039917 0.0022419967814799277 0.0001673309507394402 -5.9653166380852759e-05 -0.00078747731227908407 0.00037650340049307548
leaf_weight=8.9999999999999982 8.9999999999999982 4.9999999999999991 5.9999999999999991 23.000000000000004 30 5.9999999999999991 18
leaf_count=9 9 5 6 23 30 6 18
internal_value=0 0.000108832 0.000488978 -0.000441599 0.000254645 0 7.36688e-05
internal_weight=106 97 59 38 53 29 48
internal_count=106 97 59 38 53 29 48
is_linear=0
shrinkage=0.03


Tree=139
num_leaves=8
num_cat=0
split_feature=15 13 2 3 0 9 0
split_gain=0.0152211 0.0184737 0.0144451 0.0232331 0.0178786 0.00598242 0.00628263
threshold=1.0000000180025095e-35 1.0000000180025095e-35 3.0500000000000003 4.5500000000000007 18.000000000000004 0.61064615384615395 5.0000000000000009
decision_type=2 2 2 2 2 2 2
left_child=1 2 3 -1 5 6 -4
right_child=-2 -3 4 -5 -6 -7 -8
leaf_value=-0.001984526134967322 -0.0013356702452680717 -0.0011613557686138414 0.00097832948493305595 0.00014374788354551025 0.0021911214793530792 0.0010788369371851044 0
leaf_weight=6.0000000000000027 6.9999999999999991 8.9999999999999982 6.9999999999999991 13.999999999999998 4.9999999999999991 7.9999999999999991 50
leaf_count=6 7 9 7 14 5 8 50
internal_value=0 9.27876e-05 0.000237129 -0.000433804 0.000450881 0.0002877 0.000147055
internal_weight=106 99 90 20 70 65 57
internal_count=106 99 90 20 70 65 57
is_linear=0
shrinkage=0.03


Tree=140
num_leaves=8
num_cat=0
split_feature=1 13 21 1 8 5 14
split_gain=0.0146014 0.0162432 0.0105988 0.0223123 0.00591208 0.013607 0.00547135
threshold=5.0000000000000009 1.0000000180025095e-35 1.0000000180025095e-35 30.000000000000004 16.375000000000004 22.500000000000004 1.0000000180025095e-35
decision_type=2 2 2 2 2 2 2
left_child=-1 2 3 4 5 -2 -7
right_child=1 -3 -4 -5 -6 6 -8
leaf_value=-0.0010821996388189934 0.0012876309108521258 -0.0011347715406701334 -0.00056759362084059315 0.0021346597021986396 -0.00040105763110606115 0.00021822357832673581 -0.00077751954605516339
leaf_weight=9.9999999999999982 10.999999999999998 7.9999999999999991 10.999999999999998 5.9999999999999991 9.9999999999999982 45 4.9999999999999991
leaf_count=10 11 8 11 6 10 45 5
internal_value=0 0.000111476 0.000244094 0.00038065 0.000205776 0.000330753 8.60678e-05
internal_weight=106 96 88 77 71 61 50
internal_count=106 96 88 77 71 61 50
is_linear=0
shrinkage=0.03


Tree=141
num_leaves=8
num_cat=0
split_feature=15 13 2 3 0 9 9
split_gain=0.0140559 0.016493 0.0135567 0.0217514 0.0161015 0.00532638 0.00628106
threshold=1.0000000180025095e-35 1.0000000180025095e-35 3.0500000000000003 4.5500000000000007 18.000000000000004 0.61064615384615395 0.32935384615384616
decision_type=2 2 2 2 2 2 2
left_child=1 2 3 -1 5 6 -4
right_child=-2 -3 4 -5 -6 -7 -8
leaf_value=-0.0019234060991795783 -0.0012835376383736729 -0.0010941408497645803 0.00054714620730059377 0.00013273044168772045 0.0020884519235159341 0.0010268515218957895 -7.033544025696093e-05
leaf_weight=6.0000000000000027 6.9999999999999991 8.9999999999999982 22 13.999999999999998 4.9999999999999991 7.9999999999999991 35
leaf_count=6 7 9 22 14 5 8 35
internal_value=0 8.91586e-05 0.000226282 -0.000422789 0.000433775 0.00027747 0.000142847
internal_weight=106 99 90 20 70 65 57
internal_count=106 99 90 20 70 65 57
is_linear=0
shrinkage=0.03


Tree=142
num_leaves=8
num_cat=0
split_feature=15 13 2 3 0 9 9
split_gain=0.0132474 0.0155602 0.0127594 0.0205451 0.0151494 0.0050069 0.00592672
threshold=1.0000000180025095e-35 1.0000000180025095e-35 3.0500000000000003 4.5500000000000007 18.000000000000004 0.61064615384615395 0.32935384615384616
decision_type=2 2 2 2 2 2 2
left_child=1 2 3 -1 5 6 -4
right_child=-2 -3 4 -5 -6 -7 -8
leaf_value=-0.0018675652113292476 -0.0012461011135019363 -0.0010620301978095719 0.00053087965956561875 0.00012880462048408037 0.0020282082517559712 0.00099679727788742011 -6.8237377960361865e-05
leaf_weight=6.0000000000000027 6.9999999999999991 8.9999999999999982 22 13.999999999999998 4.9999999999999991 7.9999999999999991 35
leaf_count=6 7 9 22 14 5 8 35
internal_value=0 8.65266e-05 0.000220112 -0.00040841 0.000421709 0.000269284 0.000137825
internal_weight=106 99 90 20 70 65 57
internal_count=106 99 90 20 70 65 57
is_linear=0
shrinkage=0.03


Tree=143
num_leaves=8
num_cat=0
split_feature=1 13 21 1 8 5 14
split_gain=0.012751 0.0137015 0.00957876 0.0193918 0.00545394 0.0137048 0.00512044
threshold=5.0000000000000009 1.0000000180025095e-35 1.0000000180025095e-35 30.000000000000004 16.375000000000004 22.500000000000004 1.0000000180025095e-35
decision_type=2 2 2 2 2 2 2
left_child=-1 2 3 4 5 -2 -7
right_child=1 -3 -4 -5 -6 6 -8
leaf_value=-0.0010120910614290659 0.0012710848493900683 -0.0010384512649531045 -0.00054351426278507076 0.0019940144606235047 -0.00038913611870478184 0.00019731494634406046 -0.00076974809259319538
leaf_weight=9.9999999999999982 10.999999999999998 7.9999999999999991 10.999999999999998 5.9999999999999991 9.9999999999999982 45 4.9999999999999991
leaf_count=10 11 8 11 6 10 45 5
internal_value=0 0.000103359 0.000226286 0.000356811 0.000192176 0.000312943 6.80467e-05
internal_weight=106 96 88 77 71 61 50
internal_count=106 96 88 77 71 61 50
is_linear=0
shrinkage=0.03


Tree=144
num_leaves=8
num_cat=0
split_feature=15 13 2 3 0 6 8
split_gain=0.0122189 0.0138702 0.0119428 0.0192501 0.0136565 0.00454262 0.0106175
threshold=1.0000000180025095e-35 1.0000000180025095e-35 3.0500000000000003 4.5500000000000007 18.000000000000004 50.300000000000004 10.520833333333334
decision_type=2 2 2 2 2 2 2
left_child=1 2 3 -1 5 -4 -7
right_child=-2 -3 4 -5 -6 6 -8
leaf_value=-0.0018105921762124175 -0.0011975373250121871 -0.001000471569435752 0.0004415415811430041 0.00011870796838119416 0.0019329136638687207 0.00034578411962444839 -0.0010382733804484207
leaf_weight=6.0000000000000027 6.9999999999999991 8.9999999999999982 43 13.999999999999998 4.9999999999999991 15.000000000000002 6.9999999999999991
leaf_count=6 7 9 43 14 5 15 7
internal_value=0 8.22756e-05 0.000209158 -0.000398021 0.000404645 0.000258511 -3.24167e-05
internal_weight=106 99 90 20 70 65 22
internal_count=106 99 90 20 70 65 22
is_linear=0
shrinkage=0.03


Tree=145
num_leaves=8
num_cat=0
split_feature=1 13 21 1 8 5 14
split_gain=0.0115313 0.0122115 0.00877167 0.0178178 0.00504095 0.0132505 0.00472044
threshold=5.0000000000000009 1.0000000180025095e-35 1.0000000180025095e-35 30.000000000000004 16.375000000000004 22.500000000000004 1.0000000180025095e-35
decision_type=2 2 2 2 2 2 2
left_child=-1 2 3 4 5 -2 -7
right_child=1 -3 -4 -5 -6 6 -8
leaf_value=-0.00096335863804115972 0.0012388084028914039 -0.00097877547054029106 -0.00052051712131027938 0.0019097428444412447 -0.00037621501504498371 0.0001821698133606542 -0.00074801823966061842
leaf_weight=9.9999999999999982 10.999999999999998 7.9999999999999991 10.999999999999998 5.9999999999999991 9.9999999999999982 45 4.9999999999999991
leaf_count=10 11 8 11 6 10 45 5
internal_value=0 9.73628e-05 0.000214198 0.000339664 0.000180922 0.000297697 5.6661e-05
internal_weight=106 96 88 77 71 61 50
internal_count=106 96 88 77 71 61 50
is_linear=0
shrinkage=0.03


Tree=146
num_leaves=8
num_cat=0
split_feature=15 13 2 3 0 6 23
split_gain=0.0112716 0.0123623 0.0111756 0.018047 0.0123063 0.00441748 0.0104102
threshold=1.0000000180025095e-35 1.0000000180025095e-35 3.0500000000000003 4.5500000000000007 18.000000000000004 50.300000000000004 1.0000000180025095e-35
decision_type=2 2 2 2 2 2 2
left_child=1 2 3 -1 5 6 -4
right_child=-2 -3 4 -5 -6 -7 -8
leaf_value=-0.0017556549791967666 -0.0011510261831184226 -0.00094243525972832808 0.00063777329148574451 0.00010927442252196528 0.0018420013391341153 -3.8867641021686326e-05 -0.0005947183583292268
leaf_weight=6.0000000000000027 6.9999999999999991 8.9999999999999982 37 13.999999999999998 4.9999999999999991 22 5.9999999999999991
leaf_count=6 7 9 37 14 5 22 6
internal_value=0 7.81219e-05 0.000198671 -0.00038779 0.000388226 0.000248084 0.000429118
internal_weight=106 99 90 20 70 65 43
internal_count=106 99 90 20 70 65 43
is_linear=0
shrinkage=0.03


Tree=147
num_leaves=8
num_cat=0
split_feature=15 13 2 3 0 9 0
split_gain=0.0106068 0.0116403 0.0104762 0.0170497 0.0116033 0.00430104 0.00581936
threshold=1.0000000180025095e-35 1.0000000180025095e-35 3.0500000000000003 4.5500000000000007 18.000000000000004 0.61064615384615395 5.0000000000000009
decision_type=2 2 2 2 2 2 2
left_child=1 2 3 -1 5 6 -4
right_child=-2 -3 4 -5 -6 -7 -8
leaf_value=-0.0017046843916778593 -0.0011174545964847008 -0.00091477678319358319 0.00091298567247577011 0.00010604238623759749 0.0017888667463110042 0.00091326805271020898 0
leaf_weight=6.0000000000000027 6.9999999999999991 8.9999999999999982 6.9999999999999991 13.999999999999998 4.9999999999999991 7.9999999999999991 50
leaf_count=6 7 9 7 14 5 8 50
internal_value=0 7.4826e-05 0.000192225 -0.000374418 0.000376096 0.000239261 0.000115577
internal_weight=106 99 90 20 70 65 57
internal_count=106 99 90 20 70 65 57
is_linear=0
shrinkage=0.03


Tree=148
num_leaves=8
num_cat=0
split_feature=6 13 21 1 15 5 8
split_gain=0.010349 0.0110313 0.00769662 0.0161022 0.00552168 0.0108149 0.00317273
threshold=15.4 1.0000000180025095e-35 1.0000000180025095e-35 30.000000000000004 1.0000000180025095e-35 22.500000000000004 11.830357142857144
decision_type=2 2 2 2 2 2 2
left_child=-1 2 3 4 5 -2 -4
right_child=1 -3 6 -5 -6 -7 -8
leaf_value=-0.0011032922593100618 0.00098308442731086221 -0.00088793009398100168 -0.001056355034502653 0.0017933187097397393 -0.00072188504255161839 2.1968577613892111e-05 0
leaf_weight=6.9999999999999991 13.999999999999998 8.9999999999999982 4.9999999999999982 5.9999999999999991 4.9999999999999991 55 5
leaf_count=7 14 9 5 6 5 55 5
internal_value=0 7.44505e-05 0.000189074 0.000299716 0.00015389 0.000240932 -0.000537528
internal_weight=106 99 90 80 74 69 10
internal_count=106 99 90 80 74 69 10
is_linear=0
shrinkage=0.03


Tree=149
num_leaves=8
num_cat=0
split_feature=1 13 21 1 8 5 14
split_gain=0.00978702 0.00975018 0.00753294 0.014726 0.00447947 0.0126228 0.00437425
threshold=5.0000000000000009 1.0000000180025095e-35 1.0000000180025095e-35 30.000000000000004 16.375000000000004 22.500000000000004 1.0000000180025095e-35
decision_type=2 2 2 2 2 2 2
left_child=-1 2 3 4 5 -2 -7
right_child=1 -3 -4 -5 -6 6 -8
leaf_value=-0.00088901367695892557 0.001192830807662436 -0.00086978273511659817 -0.00048373558832931203 0.0017412545845182914 -0.00035800080527277557 0.00016267574803576087 -0.00073669356043235619
leaf_weight=9.9999999999999982 10.999999999999998 7.9999999999999991 10.999999999999998 5.9999999999999991 9.9999999999999982 45 4.9999999999999991
leaf_count=10 11 8 11 6 10 45 5
internal_value=0 8.81076e-05 0.00019397 0.000311218 0.00016475 0.000275847 4.02816e-05
internal_weight=106 96 88 77 71 61 50
internal_count=106 96 88 77 71 61 50
is_linear=0
shrinkage=0.03


Tree=150
num_leaves=8
num_cat=0
split_feature=15 13 2 3 0 6 23
split_gain=0.00935259 0.00980505 0.00964688 0.0157293 0.0100424 0.00429609 0.0100767
threshold=1.0000000180025095e-35 1.0000000180025095e-35 3.0500000000000003 4.5500000000000007 18.000000000000004 50.300000000000004 1.0000000180025095e-35
decision_type=2 2 2 2 2 2 2
left_child=1 2 3 -1 5 6 -4
right_child=-2 -3 4 -5 -6 -7 -8
leaf_value=-0.0016420662596881861 -0.0010500112812345226 -0.00083628236154175328 0.00061231015381523423 9.2830955523105576e-05 0.0016739590100657482 -5.8503782540257717e-05 -0.00060208336540287539
leaf_weight=6.0000000000000027 6.9999999999999991 8.9999999999999982 37 13.999999999999998 4.9999999999999991 22 5.9999999999999991
leaf_count=6 7 9 37 14 5 22 6
internal_value=0 6.95001e-05 0.000178362 -0.000364486 0.000355425 0.000226169 0.000406135
internal_weight=106 99 90 20 70 65 43
internal_count=106 99 90 20 70 65 43
is_linear=0
shrinkage=0.03


Tree=151
num_leaves=8
num_cat=0
split_feature=6 13 21 1 15 5 8
split_gain=0.00902219 0.00925315 0.00682754 0.0138869 0.00475503 0.00989788 0.00284316
threshold=15.4 1.0000000180025095e-35 1.0000000180025095e-35 30.000000000000004 1.0000000180025095e-35 22.500000000000004 11.830357142857144
decision_type=2 2 2 2 2 2 2
left_child=-1 2 3 4 5 -2 -4
right_child=1 -3 6 -5 -6 -7 -8
leaf_value=-0.0010320918985720104 0.00093281688293258495 -0.00081173929264364046 -0.00099971001466306374 0.0016672519691318512 -0.00066632922953711101 1.3077075861434895e-05 0
leaf_weight=6.9999999999999991 13.999999999999998 8.9999999999999982 4.9999999999999982 5.9999999999999991 4.9999999999999991 55 5
leaf_count=7 14 9 5 6 5 55 5
internal_value=0 6.73841e-05 0.000173531 0.000278552 0.000141549 0.000223524 -0.000508568
internal_weight=106 99 90 80 74 69 10
internal_count=106 99 90 80 74 69 10
is_linear=0
shrinkage=0.03


Tree=152
num_leaves=8
num_cat=0
split_feature=1 13 21 0 4 9 5
split_gain=0.00852417 0.00820752 0.00664775 0.0128145 0.00420843 0.00493423 0.00973883
threshold=5.0000000000000009 1.0000000180025095e-35 1.0000000180025095e-35 18.000000000000004 145.00000000000003 0.21340659340659343 22.500000000000004
decision_type=2 2 2 2 2 2 2
left_child=-1 2 3 4 5 -2 -7
right_child=1 -3 -4 -5 -6 6 -8
leaf_value=-0.00083161268931101356 -0.0004850166945928527 -0.00079609089599149991 -0.00045569978238615614 0.0015183801949024199 -0.00053858956562415235 0.0011422605681166585 0.00010510019406526332
leaf_weight=9.9999999999999982 5.9999999999999991 7.9999999999999991 10.999999999999998 6.9999999999999991 5.9999999999999991 10.999999999999998 47
leaf_count=10 6 8 11 7 6 11 47
internal_value=0 8.01273e-05 0.000178415 0.000289379 0.000141135 0.000229703 0.000330826
internal_weight=106 96 88 77 70 64 58
internal_count=106 96 88 77 70 64 58
is_linear=0
shrinkage=0.03


Tree=153
num_leaves=8
num_cat=0
split_feature=15 13 2 3 0 6 23
split_gain=0.00820262 0.00822801 0.00901613 0.0144135 0.00847818 0.0040264 0.00982634
threshold=1.0000000180025095e-35 1.0000000180025095e-35 3.0500000000000003 4.5500000000000007 18.000000000000004 50.300000000000004 1.0000000180025095e-35
decision_type=2 2 2 2 2 2 2
left_child=1 2 3 -1 5 6 -4
right_child=-2 -3 4 -5 -6 -7 -8
leaf_value=-0.001582354311530868 -0.00098520481958985317 -0.00076443715182983362 0.00059357249348859981 7.23496592820058e-05 0.0015528650639148858 -5.973273284129194e-05 -0.00060697220956846588
leaf_weight=6.0000000000000027 6.9999999999999991 8.9999999999999982 37 13.999999999999998 4.9999999999999991 22 5.9999999999999991
leaf_count=6 7 9 37 14 5 22 6
internal_value=0 6.30085e-05 0.000163894 -0.000360556 0.000335705 0.000214595 0.000389298
internal_weight=106 99 90 20 70 65 43
internal_count=106 99 90 20 70 65 43
is_linear=0
shrinkage=0.03


Tree=154
num_leaves=8
num_cat=0
split_feature=6 13 21 1 15 5 8
split_gain=0.00786232 0.00776006 0.00606069 0.0125001 0.0040416 0.00914763 0.0025452
threshold=15.4 1.0000000180025095e-35 1.0000000180025095e-35 30.000000000000004 1.0000000180025095e-35 22.500000000000004 11.830357142857144
decision_type=2 2 2 2 2 2 2
left_child=-1 2 3 4 5 -2 -4
right_child=1 -3 6 -5 -6 -7 -8
leaf_value=-0.00096532347980731478 0.00088557024433894059 -0.0007420025871175788 -0.00094597339701767158 0.001576721271530034 -0.00061208651687663326 1.8018910549985957e-06 0
leaf_weight=6.9999999999999991 13.999999999999998 8.9999999999999982 4.9999999999999982 5.9999999999999991 4.9999999999999991 55 5
leaf_count=7 14 9 5 6 5 55 5
internal_value=0 6.08056e-05 0.000159183 0.000258945 0.000127921 0.000204835 -0.000481279
internal_weight=106 99 90 80 74 69 10
internal_count=106 99 90 80 74 69 10
is_linear=0
shrinkage=0.03


Tree=155
num_leaves=8
num_cat=0
split_feature=1 13 21 1 8 5 14
split_gain=0.00742659 0.00691093 0.00587075 0.0114264 0.00383125 0.010943 0.00408539
threshold=5.0000000000000009 1.0000000180025095e-35 1.0000000180025095e-35 30.000000000000004 16.375000000000004 22.500000000000004 1.0000000180025095e-35
decision_type=2 2 2 2 2 2 2
left_child=-1 2 3 4 5 -2 -7
right_child=1 -3 -4 -5 -6 6 -8
leaf_value=-0.00077807894743540712 0.0010941437191130327 -0.00072869980162600198 -0.00042935054508104394 0.0015309454879212762 -0.00034475979778696511 0.00014087149693086678 -0.00073404157731252228
leaf_weight=9.9999999999999982 10.999999999999998 7.9999999999999991 10.999999999999998 5.9999999999999991 9.9999999999999982 45 4.9999999999999991
leaf_count=10 11 8 11 6 10 45 5
internal_value=0 7.27238e-05 0.000164075 0.000269172 0.000137475 0.000241908 2.09238e-05
internal_weight=106 96 88 77 71 61 50
internal_count=106 96 88 77 71 61 50
is_linear=0
shrinkage=0.03


Tree=156
num_leaves=8
num_cat=0
split_feature=15 13 2 3 0 6 23
split_gain=0.00722218 0.00690655 0.00825991 0.013334 0.00734406 0.00391935 0.00960695
threshold=1.0000000180025095e-35 1.0000000180025095e-35 3.0500000000000003 4.5500000000000007 18.000000000000004 50.300000000000004 1.0000000180025095e-35
decision_type=2 2 2 2 2 2 2
left_child=1 2 3 -1 5 6 -4
right_child=-2 -3 4 -5 -6 -7 -8
leaf_value=-0.0015253922923077489 -0.00092619698960334058 -0.0006986795786930168 0.00057703731759008181 6.1924492589421047e-05 0.0014526380107809718 -7.0212101563811301e-05 -0.00061127037966563814
leaf_weight=6.0000000000000027 6.9999999999999991 8.9999999999999982 37 13.999999999999998 4.9999999999999991 22 5.9999999999999991
leaf_count=6 7 9 37 14 5 22 6
internal_value=0 5.71065e-05 0.000150696 -0.000350401 0.000315825 0.000201184 0.000374442
internal_weight=106 99 90 20 70 65 43
internal_count=106 99 90 20 70 65 43
is_linear=0
shrinkage=0.03


Tree=157
num_leaves=8
num_cat=0
split_feature=6 13 21 0 4 15 5
split_gain=0.0068488 0.0065066 0.0053835 0.0107899 0.00377446 0.00443183 0.00658828
threshold=15.4 1.0000000180025095e-35 1.0000000180025095e-35 18.000000000000004 145.00000000000003 1.0000000180025095e-35 19.500000000000004
decision_type=2 2 2 2 2 2 2
left_child=-1 2 3 4 5 6 -2
right_child=1 -3 -4 -5 -6 -7 -8
leaf_value=-0.00090271041961386799 0.001162115945480764 -0.00067817488037373716 -0.00045553693109575441 0.0013691368116997183 -0.0005416125350541644 -0.00056356940705042612 0.00013360061663779957
leaf_weight=6.9999999999999991 6.9999999999999991 8.9999999999999982 9.9999999999999982 6.9999999999999991 5.9999999999999991 4.9999999999999991 55
leaf_count=7 7 9 10 7 6 5 55
internal_value=0 5.46928e-05 0.000145951 0.000240788 0.000108653 0.000190646 0.000277202
internal_weight=106 99 90 80 73 67 62
internal_count=106 99 90 80 73 67 62
is_linear=0
shrinkage=0.03


Tree=158
num_leaves=8
num_cat=0
split_feature=1 13 21 1 9 9 7
split_gain=0.00650027 0.00581648 0.00517933 0.0102925 0.00397771 0.00935886 0.0077804
threshold=5.0000000000000009 1.0000000180025095e-35 1.0000000180025095e-35 30.000000000000004 0.71963369963369972 0.61064615384615395 1.4642857142857146
decision_type=2 2 2 2 2 2 2
left_child=-1 2 3 4 5 -2 -6
right_child=1 -3 -4 -5 6 -7 -8
leaf_value=-0.00073003635467851864 5.6289719315995083e-05 -0.00066707380752011058 -0.00040435172982272759 0.0014478844641557624 0.00018384227769509438 0.0011895730433042911 -0.0012498152055419405
leaf_weight=9.9999999999999982 52 7.9999999999999991 10.999999999999998 5.9999999999999991 5.9999999999999982 7.9999999999999991 5
leaf_count=10 52 8 11 6 6 8 5
internal_value=0 6.56106e-05 0.000150587 0.000250136 0.000124067 0.000235761 -0.000344573
internal_weight=106 96 88 77 71 60 11
internal_count=106 96 88 77 71 60 11
is_linear=0
shrinkage=0.03


Tree=159
num_leaves=8
num_cat=0
split_feature=15 2 3 0 7 6 5
split_gain=0.00637928 0.00581757 0.00916376 0.00752108 0.00599835 0.00477239 0.00376061
threshold=1.0000000180025095e-35 3.2500000000000004 5.1500000000000012 18.000000000000004 1.4642857142857146 46.500000000000007 23.300000000000001
decision_type=2 2 2 2 2 2 2
left_child=1 2 4 6 -1 -6 -3
right_child=-2 3 -4 -5 5 -7 -8
leaf_value=0 -0.00087173201143741607 0.00047141521245146504 0.00077695937970509899 0.0013440598687157034 -0.00029662819363043765 -0.0016079356929948254 -1.2921571476071806e-05
leaf_weight=9.0000000000000053 6.9999999999999991 18 4.9999999999999991 4.9999999999999991 11.000000000000002 5.9999999999999991 45
leaf_count=9 7 18 5 5 11 6 45
internal_value=0 5.21657e-05 -0.000266345 0.000219719 -0.000528632 -0.000859967 0.00010278
internal_weight=106 99 31 68 26 17 63
internal_count=106 99 31 68 26 17 63
is_linear=0
shrinkage=0.03


Tree=160
num_leaves=8
num_cat=0
split_feature=3 13 2 3 8 2 14
split_gain=0.00618188 0.00621175 0.0044374 0.0116414 0.0139086 0.00392393 0.00343054
threshold=3.7500000000000004 1.0000000180025095e-35 3.7500000000000004 5.0500000000000007 12.812500000000002 3.1500000000000008 1.0000000180025095e-35
decision_type=2 2 2 2 2 2 2
left_child=5 2 6 -4 -5 -1 -2
right_child=1 -3 3 4 -6 -7 -8
leaf_value=-0.0012899878406180787 0.00010251032656478677 -0.00064209171651822075 -0.00010123757038103493 0.002166926717205394 0 0 -0.0006886253955487448
leaf_weight=4.9999999999999982 61 8.9999999999999982 9.0000000000000018 5.9999999999999982 5 6 4.9999999999999991
leaf_count=5 61 9 9 6 5 6 5
internal_value=0 6.81435e-05 0.000161189 0.000554541 0.00121724 -0.000676231 1.80178e-05
internal_weight=106 95 86 20 11 11 66
internal_count=106 95 86 20 11 11 66
is_linear=0
shrinkage=0.03


Tree=161
num_leaves=8
num_cat=0
split_feature=15 13 2 3 8 8 8
split_gain=0.00594328 0.00551489 0.00699418 0.00859167 0.0130976 0.00329642 0.00689968
threshold=1.0000000180025095e-35 1.0000000180025095e-35 3.7500000000000004 5.0500000000000007 12.812500000000002 15.312500000000002 8.4375000000000018
decision_type=2 2 2 2 2 2 2
left_child=1 2 5 -4 -5 6 -1
right_child=-2 -3 3 4 -6 -7 -8
leaf_value=-0.00022150111096423298 -0.00084221818950027229 -0.00062324772224478097 0 0.0021040159373754458 0 -0.00037911085504607333 0.00043106844964813421
leaf_weight=25 6.9999999999999991 8.9999999999999982 8.0000000000000018 5.9999999999999982 5 15.999999999999998 30
leaf_count=25 7 9 8 6 5 16 30
internal_value=0 4.93679e-05 0.000134492 0.000642517 0.00118242 0 0.000107544
internal_weight=106 99 90 19 11 71 55
internal_count=106 99 90 19 11 71 55
is_linear=0
shrinkage=0.03


Tree=162
num_leaves=8
num_cat=0
split_feature=3 13 2 3 9 2 14
split_gain=0.00564624 0.00552453 0.00386192 0.0105981 0.0129816 0.00366125 0.00327737
threshold=3.7500000000000004 1.0000000180025095e-35 3.7500000000000004 4.7500000000000009 0.46596923076923086 3.1500000000000008 1.0000000180025095e-35
decision_type=2 2 2 2 2 2 2
left_child=5 2 6 -4 -5 -1 -2
right_child=1 -3 3 4 -6 -7 -8
leaf_value=-0.0012400782925005146 9.9663741740525945e-05 -0.00060495675136537663 -0.00035659092268155442 3.6881201923256866e-06 0.002042931610297772 0 -0.00067366621833151342
leaf_weight=4.9999999999999982 61 8.9999999999999982 6.0000000000000027 7.9999999999999982 6 6 4.9999999999999991
leaf_count=5 61 9 6 8 6 6 5
internal_value=0 6.31965e-05 0.000151762 0.000519087 0.000999748 -0.000647895 1.65613e-05
internal_weight=106 95 86 20 14 11 66
internal_count=106 95 86 20 14 11 66
is_linear=0
shrinkage=0.03


Tree=163
num_leaves=8
num_cat=0
split_feature=15 13 2 3 0 0 9
split_gain=0.00551775 0.00491285 0.00639016 0.0115367 0.00551578 0.00393198 0.0041496
threshold=1.0000000180025095e-35 1.0000000180025095e-35 3.0500000000000003 4.5500000000000007 18.000000000000004 5.0000000000000009 0.61064615384615395
decision_type=2 2 2 2 2 2 2
left_child=1 2 3 -1 5 -4 -7
right_child=-2 -3 4 -5 -6 6 -8
leaf_value=-0.0014061165235996719 -0.00081266179836044709 -0.00058720257457183758 0.00085271865447187636 6.7460387682830779e-05 0.0012654112650153156 -1.3260117275603262e-05 0.00069302850357461272
leaf_weight=6.0000000000000027 6.9999999999999991 8.9999999999999982 6.9999999999999991 13.999999999999998 4.9999999999999991 50 7.9999999999999991
leaf_count=6 7 9 7 14 5 50 8
internal_value=0 4.61153e-05 0.000127238 -0.0003099 0.00027403 0.000171116 6.04326e-05
internal_weight=106 99 90 20 70 65 58
internal_count=106 99 90 20 70 65 58
is_linear=0
shrinkage=0.03


Tree=164
num_leaves=8
num_cat=0
split_feature=6 13 21 0 6 23 8
split_gain=0.00520176 0.00464132 0.00446993 0.00855547 0.00319343 0.00730937 0.00998761
threshold=15.4 1.0000000180025095e-35 1.0000000180025095e-35 18.000000000000004 46.500000000000007 1.0000000180025095e-35 16.375000000000004
decision_type=2 2 2 2 2 2 2
left_child=-1 2 3 4 5 6 -2
right_child=1 -3 -4 -5 -6 -7 -8
leaf_value=-0.00078903680861306693 0.00076486533478600902 -0.00056996950312801031 -0.00042154435287503642 0.0012180007549856479 -0.00012497633299294938 -0.00060447427624415963 -0.00018977099930348455
leaf_weight=6.9999999999999991 27 8.9999999999999982 9.9999999999999982 6.9999999999999991 28 5.9999999999999991 11.999999999999998
leaf_count=7 27 9 10 7 28 6 12
internal_value=0 4.47902e-05 0.000124023 0.000211804 9.17631e-05 0.000259765 0.000433396
internal_weight=106 99 90 80 73 45 39
internal_count=106 99 90 80 73 45 39
is_linear=0
shrinkage=0.03


Tree=165
num_leaves=8
num_cat=0
split_feature=15 13 2 3 1 6 23
split_gain=0.00509945 0.0043736 0.00610271 0.0106909 0.00483466 0.00447297 0.0084875
threshold=1.0000000180025095e-35 1.0000000180025095e-35 3.0500000000000003 4.5500000000000007 30.000000000000004 50.300000000000004 1.0000000180025095e-35
decision_type=2 2 2 2 2 2 2
left_child=1 2 3 -1 5 6 -4
right_child=-2 -3 4 -5 -6 -7 -8
leaf_value=-0.0013609803805968927 -0.00078240797078857815 -0.00055324213984219925 0.00052806238352786749 5.2207267882538509e-05 0.0010411938770751778 -0.00017161989835837838 -0.00058692502699071356
leaf_weight=6.0000000000000027 6.9999999999999991 8.9999999999999982 37 13.999999999999998 6.9999999999999991 20 5.9999999999999991
leaf_count=6 7 9 37 14 7 20 6
internal_value=0 4.28256e-05 0.000120157 -0.000306769 0.000264029 0.000150922 0.000335764
internal_weight=106 99 90 20 70 63 43
internal_count=106 99 90 20 70 63 43
is_linear=0
shrinkage=0.03


end of trees

feature_importances:
core_base_clock_capacity=201
core_boost_clock_capacity=170
base_clock_ghz=151
boost_clock_ghz=141
thread_count=95
boost_capacity_per_watt=88
tdp_watts_per_core=87
generation__coffee_lake__51de7902=58
generation__haswell__e1f40b24=51
core_count=44
generation__comet_lake__993c0b06=24
generation__zen_4__ed8dd0a2=21
generation__zen__92e4accd=19
generation__zen_3__83374461=6
tdp_watts=3
thread_core_ratio=3

parameters:
[boosting: gbdt]
[objective: regression]
[metric: l2]
[tree_learner: serial]
[device_type: cpu]
[data_sample_strategy: bagging]
[data: ]
[valid: ]
[num_iterations: 166]
[learning_rate: 0.03]
[num_leaves: 8]
[num_threads: 1]
[seed: 20260722]
[deterministic: 1]
[force_col_wise: 1]
[force_row_wise: 0]
[histogram_pool_size: -1]
[max_depth: -1]
[min_data_in_leaf: 5]
[min_sum_hessian_in_leaf: 0.001]
[bagging_fraction: 1]
[pos_bagging_fraction: 1]
[neg_bagging_fraction: 1]
[bagging_freq: 0]
[bagging_seed: 20260722]
[bagging_by_query: 0]
[feature_fraction: 1]
[feature_fraction_bynode: 1]
[feature_fraction_seed: 20260722]
[extra_trees: 0]
[extra_seed: 20260722]
[early_stopping_round: 0]
[early_stopping_min_delta: 0]
[first_metric_only: 0]
[max_delta_step: 0]
[lambda_l1: 0.05]
[lambda_l2: 0.2]
[linear_lambda: 0]
[min_gain_to_split: 0]
[drop_rate: 0.1]
[max_drop: 50]
[skip_drop: 0.5]
[xgboost_dart_mode: 0]
[uniform_drop: 0]
[drop_seed: 20260722]
[top_rate: 0.2]
[other_rate: 0.1]
[min_data_per_group: 100]
[max_cat_threshold: 32]
[cat_l2: 10]
[cat_smooth: 10]
[max_cat_to_onehot: 4]
[top_k: 20]
[monotone_constraints: ]
[monotone_constraints_method: basic]
[monotone_penalty: 0]
[feature_contri: ]
[forcedsplits_filename: ]
[refit_decay_rate: 0.9]
[cegb_tradeoff: 1]
[cegb_penalty_split: 0]
[cegb_penalty_feature_lazy: ]
[cegb_penalty_feature_coupled: ]
[path_smooth: 0]
[interaction_constraints: ]
[verbosity: -1]
[saved_feature_importance_type: 0]
[use_quantized_grad: 0]
[num_grad_quant_bins: 4]
[quant_train_renew_leaf: 0]
[stochastic_rounding: 1]
[linear_tree: 0]
[max_bin: 255]
[max_bin_by_feature: ]
[min_data_in_bin: 3]
[bin_construct_sample_cnt: 200000]
[data_random_seed: 20260722]
[is_enable_sparse: 1]
[enable_bundle: 1]
[use_missing: 1]
[zero_as_missing: 0]
[feature_pre_filter: 1]
[pre_partition: 0]
[two_round: 0]
[header: 0]
[label_column: ]
[weight_column: ]
[group_column: ]
[ignore_column: ]
[categorical_feature: ]
[forcedbins_filename: ]
[precise_float_parser: 0]
[parser_config_file: ]
[objective_seed: 28388]
[num_class: 1]
[is_unbalance: 0]
[scale_pos_weight: 1]
[sigmoid: 1]
[boost_from_average: 1]
[reg_sqrt: 0]
[alpha: 0.9]
[fair_c: 1]
[poisson_max_delta_step: 0.7]
[tweedie_variance_power: 1.5]
[lambdarank_truncation_level: 30]
[lambdarank_norm: 1]
[label_gain: ]
[lambdarank_position_bias_regularization: 0]
[eval_at: ]
[multi_error_top_k: 1]
[auc_mu_weights: ]
[num_machines: 1]
[local_listen_port: 12400]
[time_out: 120]
[machine_list_filename: ]
[machines: ]
[gpu_platform_id: -1]
[gpu_device_id: -1]
[gpu_device_id_list: ]
[gpu_use_dp: 0]
[num_gpu: 1]

end of parameters

pandas_categorical:[]
