tree
version=v4
num_class=1
num_tree_per_iteration=1
label_index=0
max_feature_idx=4
objective=regression
feature_names=core_count thread_count base_clock_ghz boost_clock_ghz tdp_watts
feature_infos=[4:32] [4:64] [2:4.7000000000000002] [3.3999999999999999:6] [58:350]
tree_sizes=1135 1168 1170 1183 1181 1181 1183 1183 1181 1165 1183 1168 1271 1167 1278 1278 1270 1268 1283 1282 1282 1266 1269 1358 1361 1340 1358 1276 1280 1281 1266 1269 1364 1279 1372 1359 1551 1453 1359 1456 1455 1360 1552 1459 1375 1360 1474 1364 1379 1458 1381 1459 1380 1459 1362 1380 1347 1395 1383 1385 1348 1386 1386 1389 1391 1448 1366 1338 1375 1338 1338 1335 1247 1320 1402 1326 1402 1320 1299 1403 1423 1502 1402 1503 1422 1404 1421 1457 1541 1439 1458 1519 1469 1475 1476 1474 1326 1324 1330 1409 1326 1521 1520 1517 1459 1524 1520 1523 1497 1484 1567 1564 1467 1663 1551 1645 1545 1655 1559 1658 1558 1563 1638 1562 1642 1655 1640 1645 1542 1590 1545 1641 1591 1636 1647 1569 1597 1556 1545 1595 1640 1581 1637 1566 1579 1642 1581 1644 1566 1572 1470 1586 1549 1569 1569 1654 1583 1555 1588 1687 1485 1609 1482 1646 1581 1668 1492 1669 1687 1672

Tree=0
num_leaves=11
num_cat=0
split_feature=1 1 0 3 3 2 0 3 3 2
split_gain=38849.5 11034.8 2342.82 868.652 451.067 160.096 97.7918 76.2654 11.4201 5.8136
threshold=5.0000000000000009 10.000000000000002 9.0000000000000018 4.4500000000000011 4.6500000000000012 3.4500000000000006 11.000000000000002 4.3500000000000005 5.2500000000000009 3.8500000000000001
decision_type=2 2 2 2 2 2 2 2 2 2
left_child=-1 3 4 -2 5 -3 -4 -7 -8 -6
right_child=1 2 6 -5 9 7 8 -9 -10 -11
leaf_value=30.953270683423241 29.783286520443287 29.313797419249475 28.967015934373901 29.395724430140334 29.071829715665711 29.252417407561893 28.872993247907143 29.125038162749906 28.78339494883566 28.995222569863323
leaf_weight=7.9999999999999991 14.000000000000002 8.0000000000000018 6.9999999999999991 4.9999999999999991 7.9999999999999982 4.9999999999999991 16.000000000000004 7.9999999999999991 10.999999999999998 5
leaf_count=8 14 8 7 5 8 5 16 8 11 5
internal_value=29.3081 29.1534 29.0046 29.6833 29.1528 29.2258 28.8583 29.1723 28.8329 29.038
internal_weight=95 87 68 19 34 21 34 13 27 13
internal_count=95 87 68 19 34 21 34 13 27 13
is_linear=0
shrinkage=1


Tree=1
num_leaves=11
num_cat=0
split_feature=1 1 0 3 3 2 0 3 3 2
split_gain=36977.3 10499.6 2228.28 826.074 429.51 152.411 92.7242 72.5521 10.9423 5.58421
threshold=5.0000000000000009 10.000000000000002 9.0000000000000018 4.4500000000000011 4.6500000000000012 3.4500000000000006 11.000000000000002 4.3500000000000005 5.2500000000000009 3.8500000000000001
decision_type=2 2 2 2 2 2 2 2 2 2
left_child=-1 3 4 -2 5 -3 -4 -7 -8 -6
right_child=1 2 6 -5 9 7 8 -9 -10 -11
leaf_value=1.6050406293171211 0.46347017724749062 0.0055544647501736136 -0.33279781606462272 0.085514086141036116 -0.23051158160698126 -0.054348064500551956 -0.42436737219492593 -0.17860090209216609 -0.511825670514788 -0.30536033190213718
leaf_weight=7.9999999999999991 14.000000000000002 8.0000000000000018 6.9999999999999991 4.9999999999999991 7.9999999999999982 4.9999999999999991 16.000000000000004 7.9999999999999991 10.999999999999998 5
leaf_count=8 14 8 7 5 8 5 16 8 11 5
internal_value=0 -0.150927 -0.29603 0.366 -0.151525 -0.0802637 -0.438767 -0.132454 -0.463546 -0.263585
internal_weight=95 87 68 19 34 21 34 13 27 13
internal_count=95 87 68 19 34 21 34 13 27 13
is_linear=0
shrinkage=0.025


Tree=2
num_leaves=11
num_cat=0
split_feature=1 1 0 3 3 2 0 3 3 2
split_gain=35195.2 9990.37 2119.33 785.581 408.984 145.096 87.9173 69.0193 10.4831 5.36295
threshold=5.0000000000000009 10.000000000000002 9.0000000000000018 4.4500000000000011 4.6500000000000012 3.4500000000000006 11.000000000000002 4.3500000000000005 5.2500000000000009 3.8500000000000001
decision_type=2 2 2 2 2 2 2 2 2 2
left_child=-1 3 4 -2 5 -3 -4 -7 -8 -6
right_child=1 2 6 -5 9 7 8 -9 -10 -11
leaf_value=1.5658932755633101 0.45204660959646725 0.0054189925695337883 -0.32470897568596735 0.083458459348632733 -0.22488934586687789 -0.053041621813407304 -0.41388915821358002 -0.17424478240129426 -0.49925852503095358 -0.2980199281985943
leaf_weight=7.9999999999999991 14.000000000000002 8.0000000000000018 6.9999999999999991 4.9999999999999991 7.9999999999999982 4.9999999999999991 16.000000000000004 7.9999999999999991 10.999999999999998 5
leaf_count=8 14 8 7 5 8 5 16 8 11 5
internal_value=0 -0.14724 -0.288781 0.356995 -0.14785 -0.0783108 -0.427986 -0.129233 -0.452131 -0.2572
internal_weight=95 87 68 19 34 21 34 13 27 13
internal_count=95 87 68 19 34 21 34 13 27 13
is_linear=0
shrinkage=0.025


Tree=3
num_leaves=11
num_cat=0
split_feature=1 1 0 3 3 2 0 3 3 2
split_gain=33499.1 9505.82 2015.71 747.073 389.438 138.132 83.3578 65.6582 10.0416 5.14957
threshold=5.0000000000000009 10.000000000000002 9.0000000000000018 4.4500000000000011 4.6500000000000012 3.4500000000000006 11.000000000000002 4.3500000000000005 5.2500000000000009 3.8500000000000001
decision_type=2 2 2 2 2 2 2 2 2 2
left_child=-1 3 4 -2 5 -3 -4 -7 -8 -6
right_child=1 2 6 -5 9 7 8 -9 -10 -11
leaf_value=1.5277007707735388 0.44090463611441594 0.0052868194968962072 -0.31681674453947278 0.081452242514261836 -0.21940423533683875 -0.051766578165384436 -0.40366967842902657 -0.16999491307793599 -0.48699993150574827 -0.29085598175342259
leaf_weight=7.9999999999999991 14.000000000000002 8.0000000000000018 6.9999999999999991 4.9999999999999991 7.9999999999999982 4.9999999999999991 16.000000000000004 7.9999999999999991 10.999999999999998 5
leaf_count=8 14 8 7 5 8 5 16 8 11 5
internal_value=2.6977e-06 -0.143643 -0.281709 0.348211 -0.144265 -0.0764053 -0.417469 -0.12609 -0.440996 -0.250971
internal_weight=95 87 68 19 34 21 34 13 27 13
internal_count=95 87 68 19 34 21 34 13 27 13
is_linear=0
shrinkage=0.025


Tree=4
num_leaves=11
num_cat=0
split_feature=1 1 0 3 3 2 0 3 0 2
split_gain=31884.7 9044.78 1917.16 710.451 370.826 131.503 79.0331 62.4604 10.0564 4.94386
threshold=5.0000000000000009 10.000000000000002 9.0000000000000018 4.4500000000000011 4.6500000000000012 3.4500000000000006 11.000000000000002 4.3500000000000005 17.000000000000004 3.8500000000000001
decision_type=2 2 2 2 2 2 2 2 2 2
left_child=-1 3 4 -2 5 -3 -4 -7 -8 -6
right_child=1 2 6 -5 9 7 8 -9 -10 -11
leaf_value=1.490439738296881 0.43003726878636317 0.0051578746608844607 -0.30911632445123466 0.079494254577618384 -0.21405291288364228 -0.050522192510274733 -0.40525875024075769 -0.16584869477807027 -0.50112414821501705 -0.28386426522181579
leaf_weight=7.9999999999999991 14.000000000000002 8.0000000000000018 6.9999999999999991 4.9999999999999991 7.9999999999999982 4.9999999999999991 21.000000000000004 7.9999999999999991 5.9999999999999991 5
leaf_count=8 14 8 7 5 8 5 21 8 6 5
internal_value=7.39752e-06 -0.140134 -0.27481 0.339643 -0.140766 -0.0745462 -0.40721 -0.123025 -0.430136 -0.244892
internal_weight=95 87 68 19 34 21 34 13 27 13
internal_count=95 87 68 19 34 21 34 13 27 13
is_linear=0
shrinkage=0.025


Tree=5
num_leaves=11
num_cat=0
split_feature=1 1 0 3 3 2 0 3 3 2
split_gain=30348.2 8606.18 1823.5 675.623 353.104 125.192 74.9445 59.4181 11.6502 4.74555
threshold=5.0000000000000009 10.000000000000002 9.0000000000000018 4.4500000000000011 4.6500000000000012 3.4500000000000006 11.000000000000002 4.3500000000000005 5.2500000000000009 3.8500000000000001
decision_type=2 2 2 2 2 2 2 2 2 2
left_child=-1 3 4 -2 5 -3 -4 -7 -8 -6
right_child=1 2 6 -5 9 7 8 -9 -10 -11
leaf_value=1.4540876039644568 0.41943773954686975 0.0050320718346572486 -0.30160307950443693 0.077583340483789259 -0.20883211660675893 -0.049307714058802674 -0.38340025360201602 -0.161803603753811 -0.46423586181231907 -0.27704061086361226
leaf_weight=7.9999999999999991 14.000000000000002 8.0000000000000018 6.9999999999999991 4.9999999999999991 7.9999999999999982 4.9999999999999991 16.000000000000004 7.9999999999999991 10.999999999999998 5
leaf_count=8 14 8 7 5 8 5 16 8 11 5
internal_value=9.85803e-06 -0.136712 -0.268083 0.331286 -0.137353 -0.0727324 -0.39721 -0.120033 -0.419551 -0.238961
internal_weight=95 87 68 19 34 21 34 13 27 13
internal_count=95 87 68 19 34 21 34 13 27 13
is_linear=0
shrinkage=0.025


Tree=6
num_leaves=11
num_cat=0
split_feature=1 1 0 3 3 2 0 3 0 2
split_gain=28885.7 8188.77 1734.34 642.501 336.229 119.185 71.0531 56.5236 12.0773 4.55442
threshold=5.0000000000000009 10.000000000000002 9.0000000000000018 4.4500000000000011 4.6500000000000012 3.4500000000000006 11.000000000000002 4.3500000000000005 17.000000000000004 3.8500000000000001
decision_type=2 2 2 2 2 2 2 2 2 2
left_child=-1 3 4 -2 5 -3 -4 -7 -8 -6
right_child=1 2 6 -5 9 7 8 -9 -10 -11
leaf_value=1.4186220145807036 0.40909948348999015 0.004909338556775231 -0.29427246650060018 0.075718356855213637 -0.20373864602751854 -0.048122432713325204 -0.38506099772903152 -0.15785717440814509 -0.47842056212886686 -0.27038096327048078
leaf_weight=7.9999999999999991 14.000000000000002 8.0000000000000018 6.9999999999999991 4.9999999999999991 7.9999999999999982 4.9999999999999991 21.000000000000004 7.9999999999999991 5.9999999999999991 5
leaf_count=8 14 8 7 5 8 5 21 8 6 5
internal_value=1.40697e-05 -0.133373 -0.261518 0.323135 -0.134022 -0.0709627 -0.387449 -0.117115 -0.409219 -0.233173
internal_weight=95 87 68 19 34 21 34 13 27 13
internal_count=95 87 68 19 34 21 34 13 27 13
is_linear=0
shrinkage=0.025


Tree=7
num_leaves=11
num_cat=0
split_feature=1 1 0 3 3 2 0 3 3 2
split_gain=27493.7 7791.69 1649.62 611.003 320.16 113.465 67.3747 53.7699 12.9469 4.37026
threshold=5.0000000000000009 10.000000000000002 9.0000000000000018 4.4500000000000011 4.6500000000000012 3.4500000000000006 11.000000000000002 4.3500000000000005 5.2500000000000009 3.8500000000000001
decision_type=2 2 2 2 2 2 2 2 2 2
left_child=-1 3 4 -2 5 -3 -4 -7 -8 -6
right_child=1 2 6 -5 9 7 8 -9 -10 -11
leaf_value=1.3840214833980655 0.39901605324006412 0.0047895971867369424 -0.28712001012431249 0.073898199152273053 -0.19876941551522515 -0.046965641814928787 -0.36413775432257001 -0.15400699856804642 -0.44254901622022902 -0.26388142063067505
leaf_weight=7.9999999999999991 14.000000000000002 8.0000000000000018 6.9999999999999991 4.9999999999999991 7.9999999999999982 4.9999999999999991 16.000000000000004 7.9999999999999991 10.999999999999998 5
leaf_count=8 14 8 7 5 8 5 16 8 11 5
internal_value=1.61077e-05 -0.130117 -0.255117 0.315185 -0.130772 -0.069236 -0.377934 -0.114267 -0.399148 -0.227526
internal_weight=95 87 68 19 34 21 34 13 27 13
internal_count=95 87 68 19 34 21 34 13 27 13
is_linear=0
shrinkage=0.025


Tree=8
num_leaves=11
num_cat=0
split_feature=1 1 0 3 3 2 0 3 0 2
split_gain=26168.7 7413.8 1568.96 581.047 304.859 108.021 63.8735 51.1501 13.7411 4.19286
threshold=5.0000000000000009 10.000000000000002 9.0000000000000018 4.4500000000000011 4.6500000000000012 3.4500000000000006 11.000000000000002 4.3500000000000005 17.000000000000004 3.8500000000000001
decision_type=2 2 2 2 2 2 2 2 2 2
left_child=-1 3 4 -2 5 -3 -4 -7 -8 -6
right_child=1 2 6 -5 9 7 8 -9 -10 -11
leaf_value=1.3502648609440504 0.38918115588980656 0.0046727800787222081 -0.28014140228430429 0.072121800195712307 -0.19392137778241464 -0.045836661068292761 -0.36586046578749165 -0.15025073129956318 -0.45677138220879343 -0.25753812927466169
leaf_weight=7.9999999999999991 14.000000000000002 8.0000000000000018 6.9999999999999991 4.9999999999999991 7.9999999999999982 4.9999999999999991 21.000000000000004 7.9999999999999991 5.9999999999999991 5
leaf_count=8 14 8 7 5 8 5 21 8 6 5
internal_value=1.98707e-05 -0.126938 -0.24887 0.30743 -0.127601 -0.0675514 -0.368647 -0.111489 -0.389319 -0.222015
internal_weight=95 87 68 19 34 21 34 13 27 13
internal_count=95 87 68 19 34 21 34 13 27 13
is_linear=0
shrinkage=0.025


Tree=9
num_leaves=11
num_cat=0
split_feature=1 1 0 3 3 2 1 3 2 2
split_gain=24907.7 7054.3 1492.31 552.56 290.289 102.838 60.6723 48.6576 8.79848 4.02197
threshold=5.0000000000000009 10.000000000000002 9.0000000000000018 4.4500000000000011 4.6500000000000012 3.4500000000000006 22.000000000000004 4.3500000000000005 3.4500000000000006 3.8500000000000001
decision_type=2 2 2 2 2 2 2 2 2 2
left_child=-1 3 4 -2 5 -3 8 -7 -4 -6
right_child=1 2 6 -5 9 7 -8 -9 -10 -11
leaf_value=1.3173315559945458 0.37958866307433214 0.0045588077750147822 -0.24817586953823387 0.07038810367767627 -0.18919159057663712 -0.044734819921163405 -0.39600240836540856 -0.14658607855075745 -0.33351614942737656 -0.25134729743003842
leaf_weight=7.9999999999999991 14.000000000000002 8.0000000000000018 4.9999999999999991 4.9999999999999991 7.9999999999999982 4.9999999999999991 19 7.9999999999999991 9.9999999999999982 5
leaf_count=8 14 8 5 5 8 5 19 8 10 5
internal_value=2.15205e-05 -0.12384 -0.242779 0.299866 -0.124506 -0.0659078 -0.359594 -0.108779 -0.308791 -0.216638
internal_weight=95 87 68 19 34 21 34 13 15 13
internal_count=95 87 68 19 34 21 34 13 15 13
is_linear=0
shrinkage=0.025


Tree=10
num_leaves=11
num_cat=0
split_feature=1 1 0 3 3 0 2 0 3 2
split_gain=23707.2 6712.06 1419.23 525.468 276.415 99.0654 111.478 58.77 15.3861 3.85741
threshold=5.0000000000000009 10.000000000000002 9.0000000000000018 4.4500000000000011 4.6500000000000012 7.0000000000000009 3.4500000000000006 11.000000000000002 5.2500000000000009 3.8500000000000001
decision_type=2 2 2 2 2 2 2 2 2 2
left_child=-1 3 4 -2 5 6 -3 -4 -9 -6
right_child=1 2 7 -5 9 -7 -8 8 -10 -11
leaf_value=1.2852015239436454 0.37023259586011853 0.0510768422796841 -0.26611506839593252 0.068696085850779826 -0.18457716025593807 -0.15933214792838465 -0.083470255603977306 -0.33689665235119093 -0.41244365104607178 -0.24530530755336466
leaf_weight=7.9999999999999991 14.000000000000002 6.0000000000000062 6.9999999999999991 4.9999999999999991 7.9999999999999982 4.9999999999999991 9.9999999999999982 16.000000000000004 10.999999999999998 5
leaf_count=8 14 6 7 5 8 5 10 16 11 5
internal_value=2.81952e-05 -0.120811 -0.236829 0.292488 -0.121487 -0.0643041 -0.0329303 -0.350749 -0.370527 -0.211392
internal_weight=95 87 68 19 34 21 16 34 27 13
internal_count=95 87 68 19 34 21 16 34 27 13
is_linear=0
shrinkage=0.025


Tree=11
num_leaves=11
num_cat=0
split_feature=1 1 0 3 3 0 2 0 2 2
split_gain=22564.7 6386.56 1349.82 499.704 263.196 94.3913 106.11 56.6262 25.6066 3.69895
threshold=5.0000000000000009 10.000000000000002 9.0000000000000018 4.4500000000000011 4.6500000000000012 7.0000000000000009 3.4500000000000006 15.000000000000002 3.2500000000000004 3.8500000000000001
decision_type=2 2 2 2 2 2 2 2 2 2
left_child=-1 3 4 -2 5 6 -3 8 -4 -6
right_child=1 2 7 -5 9 -7 -8 -9 -10 -11
leaf_value=1.2538551505019027 0.36110715328807558 0.049841111994558707 -0.23513251634744484 0.067044738307595247 -0.18007528122241909 -0.15550204630081471 -0.081424414702490289 -0.3999703871352332 -0.32945137652722034 -0.23940853293125444
leaf_weight=7.9999999999999991 14.000000000000002 6.0000000000000062 5.0000000000000027 4.9999999999999991 7.9999999999999982 4.9999999999999991 9.9999999999999982 10.999999999999998 18 5
leaf_count=8 14 6 5 5 8 5 10 11 18 5
internal_value=3.07513e-05 -0.11786 -0.231031 0.285292 -0.118543 -0.0627417 -0.0321151 -0.342131 -0.311205 -0.206272
internal_weight=95 87 68 19 34 21 16 34 23 13
internal_count=95 87 68 19 34 21 16 34 23 13
is_linear=0
shrinkage=0.025


Tree=12
num_leaves=12
num_cat=0
split_feature=1 1 0 3 3 0 2 0 0 2 3
split_gain=21477.3 6076.79 1283.75 475.202 250.609 89.9377 101 54.4503 16.6846 3.54643 3.46432
threshold=5.0000000000000009 10.000000000000002 9.0000000000000018 4.4500000000000011 4.6500000000000012 7.0000000000000009 3.4500000000000006 11.000000000000002 17.000000000000004 3.8500000000000001 5.2500000000000009
decision_type=2 2 2 2 2 2 2 2 2 2 2
left_child=-1 3 4 -2 5 6 -3 -4 10 -6 -9
right_child=1 2 7 -5 9 -7 -8 8 -10 -11 -12
leaf_value=1.2232733389226402 0.3522066301023456 0.048635279747747548 -0.25262198083930548 0.065433081440054455 -0.17568319488725651 -0.15176402467947739 -0.079428716500600197 -0.30316614130852915 -0.4170938276475476 -0.2336535210792835 -0.37495369116465249
leaf_weight=7.9999999999999991 14.000000000000002 6.0000000000000062 6.9999999999999991 4.9999999999999991 7.9999999999999982 4.9999999999999991 9.9999999999999982 14.000000000000005 5.9999999999999991 5 6.9999999999999991
leaf_count=8 14 6 7 5 8 5 10 14 6 5 7
internal_value=3.44975e-05 -0.114981 -0.225372 0.278273 -0.11567 -0.0612173 -0.03132 -0.33372 -0.352688 -0.201277 -0.330466
internal_weight=95 87 68 19 34 21 16 34 27 13 21
internal_count=95 87 68 19 34 21 16 34 27 13 21
is_linear=0
shrinkage=0.025


Tree=13
num_leaves=11
num_cat=0
split_feature=1 1 0 3 3 0 2 0 2 2
split_gain=20443 5782.77 1221.62 451.901 238.624 85.6941 96.1367 51.954 24.2259 3.39962
threshold=5.0000000000000009 10.000000000000002 9.0000000000000018 4.4500000000000011 4.6500000000000012 7.0000000000000009 3.4500000000000006 15.000000000000002 3.2500000000000004 3.8500000000000001
decision_type=2 2 2 2 2 2 2 2 2 2
left_child=-1 3 4 -2 5 6 -3 8 -4 -6
right_child=1 2 7 -5 9 -7 -8 -9 -10 -11
leaf_value=1.1934373995152916 0.34352548055245835 0.047458618416661158 -0.22292163372039783 0.063860174182515869 -0.17139824188155375 -0.14811585018267998 -0.077481933551676152 -0.38085957339831761 -0.31359440703968428 -0.2280368584852952
leaf_weight=7.9999999999999991 14.000000000000002 6.0000000000000062 5.0000000000000027 4.9999999999999991 7.9999999999999982 4.9999999999999991 9.9999999999999982 10.999999999999998 18 5
leaf_count=8 14 6 5 5 8 5 10 11 18 5
internal_value=1.62975e-05 -0.112195 -0.219883 0.271426 -0.112866 -0.0597299 -0.0305446 -0.325577 -0.296028 -0.196402
internal_weight=95 87 68 19 34 21 16 34 23 13
internal_count=95 87 68 19 34 21 16 34 23 13
is_linear=0
shrinkage=0.025


Tree=14
num_leaves=12
num_cat=0
split_feature=1 1 0 3 3 2 0 3 0 3 2
split_gain=19457.7 5502.3 1161.83 429.741 227.212 81.9346 50.554 46.441 16.2008 4.68197 3.25834
threshold=5.0000000000000009 10.000000000000002 9.0000000000000018 4.4500000000000011 4.6500000000000012 3.4500000000000006 11.000000000000002 4.3500000000000005 17.000000000000004 5.2500000000000009 3.8500000000000001
decision_type=2 2 2 2 2 2 2 2 2 2 2
left_child=-1 3 4 -2 5 -3 -4 -7 9 -8 -6
right_child=1 2 6 -5 10 7 8 -9 -10 -11 -12
leaf_value=1.1643291601320593 0.33505830328229441 0.0045919998219554727 -0.23980428179105126 0.062325068162037769 -0.16721779865826053 -0.034515543396656329 -0.28792829782190443 -0.1333758691462075 -0.39778851386039493 -0.35775102575620021 -0.22255520270420953
leaf_weight=7.9999999999999991 14.000000000000002 8.0000000000000018 6.9999999999999991 4.9999999999999991 7.9999999999999982 4.9999999999999991 14.000000000000005 7.9999999999999991 5.9999999999999991 6.9999999999999991 5
leaf_count=8 14 8 7 5 8 5 14 8 6 7 5
internal_value=2.01364e-05 -0.109453 -0.214498 0.264748 -0.110131 -0.0582787 -0.317574 -0.0965464 -0.335779 -0.314417 -0.191646
internal_weight=95 87 68 19 34 21 34 13 27 21 13
internal_count=95 87 68 19 34 21 34 13 27 21 13
is_linear=0
shrinkage=0.025


Tree=15
num_leaves=12
num_cat=0
split_feature=1 1 0 3 3 0 2 0 0 3 2
split_gain=18520.7 5236.06 1105.62 408.668 216.355 81.7098 87.9374 48.0358 15.5359 4.54315 3.12241
threshold=5.0000000000000009 10.000000000000002 9.0000000000000018 4.4500000000000011 4.6500000000000012 7.0000000000000009 3.4500000000000006 11.000000000000002 17.000000000000004 5.2500000000000009 3.8500000000000001
decision_type=2 2 2 2 2 2 2 2 2 2 2
left_child=-1 3 4 -2 5 6 -3 -4 9 -9 -6
right_child=1 2 7 -5 10 -7 -8 8 -10 -11 -12
leaf_value=1.1359309138321296 0.32679980942900744 0.046199329234208976 -0.23397570583555438 0.060826874467042769 -0.16313931204196885 -0.1431511225608679 -0.073283072663288498 -0.2808314674337144 -0.38816459409652221 -0.34905568824874034 -0.21720531903780424
leaf_weight=7.9999999999999991 14.000000000000002 6.0000000000000062 6.9999999999999991 4.9999999999999991 7.9999999999999982 4.9999999999999991 9.9999999999999982 14.000000000000005 5.9999999999999991 6.9999999999999991 5
leaf_count=8 14 6 7 5 8 5 10 14 6 7 5
internal_value=3.56955e-06 -0.106801 -0.209273 0.258235 -0.10746 -0.0568603 -0.0283828 -0.309825 -0.327578 -0.30671 -0.187005
internal_weight=95 87 68 19 34 21 16 34 27 21 13
internal_count=95 87 68 19 34 21 16 34 27 21 13
is_linear=0
shrinkage=0.025


Tree=16
num_leaves=12
num_cat=0
split_feature=1 1 0 3 3 0 2 1 2 2 3
split_gain=17628.8 4982.73 1052.11 388.627 206.007 77.8534 83.7033 45.9402 9.18939 2.99164 1.30717
threshold=5.0000000000000009 10.000000000000002 9.0000000000000018 4.4500000000000011 4.6500000000000012 7.0000000000000009 3.4500000000000006 22.000000000000004 3.4500000000000006 3.8500000000000001 5.2500000000000009
decision_type=2 2 2 2 2 2 2 2 2 2 2
left_child=-1 3 4 -2 5 6 -3 8 -4 -6 -9
right_child=1 2 7 -5 9 -7 -8 10 -10 -11 -12
leaf_value=1.1082252502441408 0.31874489314119575 0.04508160367427809 -0.20526073850118198 0.059364686849025572 -0.1591603038514533 -0.13970999167515682 -0.071486917664023014 -0.29690379769194353 -0.28067451411602551 -0.21198404156244718 -0.36685354605964993
leaf_weight=7.9999999999999991 14.000000000000002 6.0000000000000062 4.9999999999999991 4.9999999999999991 7.9999999999999982 4.9999999999999991 9.9999999999999982 10.000000000000002 9.9999999999999982 5 8.9999999999999982
leaf_count=8 14 6 5 5 8 5 10 10 10 5 9
internal_value=0 -0.104214 -0.204176 0.251881 -0.104856 -0.0554789 -0.0276797 -0.302265 -0.25865 -0.182476 -0.333579
internal_weight=95 87 68 19 34 21 16 34 15 13 19
internal_count=95 87 68 19 34 21 16 34 15 13 19
is_linear=0
shrinkage=0.025


Tree=17
num_leaves=12
num_cat=0
split_feature=1 1 0 3 3 0 2 0 2 2 3
split_gain=16779.7 4741.54 1001.08 369.568 196.155 74.179 79.6732 44.8552 21.448 2.86586 0.237728
threshold=5.0000000000000009 10.000000000000002 9.0000000000000018 4.4500000000000011 4.6500000000000012 7.0000000000000009 3.4500000000000006 15.000000000000002 3.2500000000000004 3.8500000000000001 5.0500000000000007
decision_type=2 2 2 2 2 2 2 2 2 2 2
left_child=-1 3 4 -2 5 6 -3 8 -4 -6 -10
right_child=1 2 7 -5 9 -7 -8 -9 10 -11 -12
leaf_value=1.0811954044714207 0.31088850061658396 0.043990919955315073 -0.2003265857696532 0.057937654222433382 -0.15527834874100804 -0.13635158057396229 -0.06973478829159456 -0.3457910316331046 -0.25057410727376517 -0.20688825937417837 -0.31100797705028371
leaf_weight=7.9999999999999991 14.000000000000002 6.0000000000000062 5.0000000000000027 4.9999999999999991 7.9999999999999982 4.9999999999999991 9.9999999999999982 10.999999999999998 9.0000000000000018 5 8.9999999999999982
leaf_count=8 14 6 5 5 8 5 10 11 9 5 9
internal_value=0 -0.101685 -0.199198 0.245685 -0.102315 -0.0541311 -0.0269939 -0.294879 -0.267705 -0.178057 -0.283945
internal_weight=95 87 68 19 34 21 16 34 23 13 18
internal_count=95 87 68 19 34 21 16 34 23 13 18
is_linear=0
shrinkage=0.025


Tree=18
num_leaves=12
num_cat=0
split_feature=1 1 0 3 3 0 2 0 0 3 2
split_gain=15971.5 4512.01 952.499 351.443 186.773 70.6778 75.8372 43.3021 15.4362 4.64003 2.74491
threshold=5.0000000000000009 10.000000000000002 9.0000000000000018 4.4500000000000011 4.6500000000000012 7.0000000000000009 3.4500000000000006 11.000000000000002 17.000000000000004 5.2500000000000009 3.8500000000000001
decision_type=2 2 2 2 2 2 2 2 2 2 2
left_child=-1 3 4 -2 5 6 -3 -4 9 -9 -6
right_child=1 2 7 -5 10 -7 -8 8 -10 -11 -12
leaf_value=1.0548247511793929 0.30322575770633314 0.042926620830210899 -0.21626579496595599 0.056544922636105457 -0.15149107415501667 -0.13307389937914335 -0.068025600559571214 -0.26031360021779221 -0.36209622583081646 -0.32445281810230681 -0.20191498536329999
leaf_weight=7.9999999999999991 14.000000000000002 6.0000000000000062 6.9999999999999991 4.9999999999999991 7.9999999999999982 4.9999999999999991 9.9999999999999982 14.000000000000005 5.9999999999999991 6.9999999999999991 5
leaf_count=8 14 6 7 5 8 5 10 14 6 7 5
internal_value=-8.99691e-06 -0.0992164 -0.19434 0.23964 -0.0998358 -0.0528161 -0.0263251 -0.287672 -0.304412 -0.284611 -0.173745
internal_weight=95 87 68 19 34 21 16 34 27 21 13
internal_count=95 87 68 19 34 21 16 34 27 21 13
is_linear=0
shrinkage=0.025


Tree=19
num_leaves=12
num_cat=0
split_feature=1 1 0 3 3 0 2 0 0 3 2
split_gain=15202.3 4293.72 906.399 334.207 177.84 67.3419 72.186 41.1456 14.7878 4.48628 2.62861
threshold=5.0000000000000009 10.000000000000002 9.0000000000000018 4.4500000000000011 4.6500000000000012 7.0000000000000009 3.4500000000000006 11.000000000000002 17.000000000000004 5.2500000000000009 3.8500000000000001
decision_type=2 2 2 2 2 2 2 2 2 2 2
left_child=-1 3 4 -2 5 6 -3 -4 9 -9 -6
right_child=1 2 7 -5 10 -7 -8 8 -10 -11 -12
leaf_value=1.0290973163232573 0.29575188428583271 0.041888076619755792 -0.21100933750470482 0.055185665075595559 -0.14779616914144378 -0.12987500406228578 -0.066358306711795295 -0.25389741793484744 -0.35333583124222295 -0.31656680570708384 -0.19706126451492309
leaf_weight=7.9999999999999991 14.000000000000002 6.0000000000000062 6.9999999999999991 4.9999999999999991 7.9999999999999982 4.9999999999999991 9.9999999999999982 14.000000000000005 5.9999999999999991 6.9999999999999991 5
leaf_count=8 14 6 7 5 8 5 10 14 6 7 5
internal_value=-2.34175e-05 -0.0968128 -0.189607 0.233744 -0.0974165 -0.051533 -0.0256728 -0.280653 -0.296978 -0.277636 -0.169538
internal_weight=95 87 68 19 34 21 16 34 27 21 13
internal_count=95 87 68 19 34 21 16 34 27 21 13
is_linear=0
shrinkage=0.025


Tree=20
num_leaves=12
num_cat=0
split_feature=1 1 0 3 3 0 2 0 2 2 3
split_gain=14470.2 4085.99 862.53 317.815 169.334 64.1633 68.7106 39.4763 20.3279 2.51681 1.02167
threshold=5.0000000000000009 10.000000000000002 9.0000000000000018 4.4500000000000011 4.6500000000000012 7.0000000000000009 3.4500000000000006 15.000000000000002 3.2500000000000004 3.8500000000000001 5.0500000000000007
decision_type=2 2 2 2 2 2 2 2 2 2 2
left_child=-1 3 4 -2 5 6 -3 8 -4 -6 -10
right_child=1 2 7 -5 9 -7 -8 -9 10 -11 -12
leaf_value=1.0039973817220549 0.28846221776075759 0.040874654655494946 -0.18440408523266122 0.053859091492799605 -0.14419137980879809 -0.12675301134586334 -0.064731878275964785 -0.32141386866569521 -0.23234260652376251 -0.19232420829626229 -0.28957553324492086
leaf_weight=7.9999999999999991 14.000000000000002 6.0000000000000062 5.0000000000000027 4.9999999999999991 7.9999999999999982 4.9999999999999991 9.9999999999999982 10.999999999999998 9.0000000000000018 5 8.9999999999999982
leaf_count=8 14 6 5 5 8 5 10 11 9 5 9
internal_value=-3.71567e-05 -0.0944675 -0.18499 0.227994 -0.0950559 -0.050281 -0.0250366 -0.273805 -0.248407 -0.165432 -0.263895
internal_weight=95 87 68 19 34 21 16 34 23 13 18
internal_count=95 87 68 19 34 21 16 34 23 13 18
is_linear=0
shrinkage=0.025


Tree=21
num_leaves=12
num_cat=0
split_feature=1 1 0 3 3 3 0 2 2 0 3
split_gain=13773.2 3888.2 820.673 302.226 163.903 52.3092 38.1517 15.3345 14.2077 20.8014 9.87526
threshold=5.0000000000000009 10.000000000000002 9.0000000000000018 4.4500000000000011 4.3500000000000005 4.7500000000000009 11.000000000000002 3.7500000000000004 3.6500000000000008 13.000000000000002 4.1500000000000012
decision_type=2 2 2 2 2 2 2 2 2 2 2
left_child=-1 3 4 -2 10 7 -4 -6 9 -8 -3
right_child=1 2 6 -5 5 -7 8 -9 -10 -11 -12
leaf_value=0.9795096536961998 0.28135224328914149 0.012628790048452528 -0.20033533440695869 0.052564401809985818 -0.065830591486559939 -0.17414348312452732 -0.20448110257425595 -0.12479047554154549 -0.33172520067956718 -0.28400661441641795 -0.034090882876226969
leaf_weight=7.9999999999999991 14.000000000000002 4.9999999999999982 6.9999999999999991 4.9999999999999991 7.0000000000000018 9.9999999999999982 6.0000000000000062 6 6.9999999999999991 13.999999999999998 6
leaf_count=8 14 5 7 5 7 10 6 6 7 14 6
internal_value=-4.60631e-05 -0.0921745 -0.180479 0.222385 -0.0927526 -0.13045 -0.267113 -0.094616 -0.282779 -0.262472 -0.0128968
internal_weight=95 87 68 19 34 23 34 13 27 20 11
internal_count=95 87 68 19 34 23 34 13 27 20 11
is_linear=0
shrinkage=0.025


Tree=22
num_leaves=12
num_cat=0
split_feature=1 1 0 3 3 3 0 2 2 3 3
split_gain=13109.7 3699.89 780.994 287.402 156.004 49.7224 37.8806 17.6826 14.5973 9.40524 1.87799
threshold=5.0000000000000009 10.000000000000002 9.0000000000000018 4.4500000000000011 4.3500000000000005 4.7500000000000009 17.000000000000004 2.9500000000000006 3.7500000000000004 4.1500000000000012 5.0500000000000007
decision_type=2 2 2 2 2 2 2 2 2 2 2
left_child=-1 3 4 -2 9 8 7 -4 -6 -3 -9
right_child=1 2 6 -5 5 -7 -8 10 -10 -11 -12
leaf_value=0.95561914676573234 0.27441750311515695 0.012325213276422943 -0.1873780304385769 0.051300831482960621 -0.064230548259284745 -0.16987525908386009 -0.32975528778568397 -0.22877337293965472 -0.12177135319479049 -0.033266101681417026 -0.28034278367246901
leaf_weight=7.9999999999999991 14.000000000000002 4.9999999999999982 6.0000000000000027 4.9999999999999991 7.0000000000000018 9.9999999999999982 5.9999999999999991 11.000000000000002 6 6 10.999999999999998
leaf_count=8 14 5 6 5 7 10 6 11 6 6 11
internal_value=-5.08021e-05 -0.0899331 -0.176073 0.216914 -0.0904921 -0.12727 -0.260587 -0.243487 -0.0923252 -0.0125811 -0.256908
internal_weight=95 87 68 19 34 23 34 28 13 11 22
internal_count=95 87 68 19 34 23 34 28 13 11 22
is_linear=0
shrinkage=0.025


Tree=23
num_leaves=13
num_cat=0
split_feature=1 1 0 3 3 3 0 2 2 3 3 3
split_gain=12478.2 3520.74 743.274 273.304 148.486 47.263 36.1524 17.9811 13.8953 8.95761 1.20747 1.00993
threshold=5.0000000000000009 10.000000000000002 9.0000000000000018 4.4500000000000011 4.3500000000000005 4.7500000000000009 15.000000000000002 3.2500000000000004 3.7500000000000004 4.1500000000000012 5.0500000000000007 4.0500000000000007
decision_type=2 2 2 2 2 2 2 2 2 2 2 2
left_child=-1 3 4 11 9 8 7 -4 -6 -3 -9 -2
right_child=1 2 6 -5 5 -7 -8 10 -10 -11 -12 -13
leaf_value=0.93231138717837458 0.30148231675547921 0.01202893348840567 -0.17041238087874183 0.05006764032519781 -0.062669382989406566 -0.16571164996016263 -0.29932055771350863 -0.2151792987533237 -0.11882527249474678 -0.032461277227247912 -0.26875721682672921 0.2353953739491905
leaf_weight=7.9999999999999991 6.0000000000000027 4.9999999999999982 5.0000000000000027 4.9999999999999991 7.0000000000000018 9.9999999999999982 10.999999999999998 9.0000000000000018 6 6 8.9999999999999982 7.9999999999999991
leaf_count=8 6 5 5 5 7 10 11 9 6 6 9 8
internal_value=-5.69073e-05 -0.0877479 -0.171776 0.211577 -0.0882867 -0.124168 -0.254225 -0.230209 -0.0900899 -0.0122732 -0.244696 0.267654
internal_weight=95 87 68 19 34 23 34 23 13 11 18 14
internal_count=95 87 68 19 34 23 34 23 13 11 18 14
is_linear=0
shrinkage=0.025


Tree=24
num_leaves=13
num_cat=0
split_feature=1 1 0 3 3 3 0 2 2 3 3 3
split_gain=11876.7 3351.49 707.314 260.138 141.33 44.9249 35.4038 16.6526 13.2269 8.53132 1.53257 0.97464
threshold=5.0000000000000009 10.000000000000002 9.0000000000000018 4.4500000000000011 4.3500000000000005 4.7500000000000009 17.000000000000004 2.9500000000000006 3.7500000000000004 4.1500000000000012 5.0500000000000007 4.0500000000000007
decision_type=2 2 2 2 2 2 2 2 2 2 2 2
left_child=-1 3 4 11 9 8 7 -4 -6 -3 -9 -2
right_child=1 2 6 -5 5 -7 -8 10 -10 -11 -12 -13
leaf_value=0.90957207854201172 0.29418838870140801 0.011739778747925395 -0.17768222747310505 0.048864087863610337 -0.06114617056316797 -0.16165008603357803 -0.31453570704306327 -0.21778486073017117 -0.11595046597142372 -0.031675923543591653 -0.2667239717074803 0.22965402268781898
leaf_weight=7.9999999999999991 6.0000000000000027 4.9999999999999982 6.0000000000000027 4.9999999999999991 7.0000000000000018 9.9999999999999982 5.9999999999999991 11.000000000000002 6 6 10.999999999999998 7.9999999999999991
leaf_count=8 6 5 6 5 7 10 6 11 6 6 11 8
internal_value=-4.57447e-05 -0.0855974 -0.167582 0.206444 -0.0861351 -0.121141 -0.248012 -0.231583 -0.0879087 -0.0119727 -0.244493 0.261154
internal_weight=95 87 68 19 34 23 34 28 13 11 22 14
internal_count=95 87 68 19 34 23 34 28 13 11 22 14
is_linear=0
shrinkage=0.025


Tree=25
num_leaves=13
num_cat=0
split_feature=1 1 0 3 3 3 0 2 0 2 3 2
split_gain=11304.2 3190.44 673.151 247.606 134.52 42.702 34.9274 15.9181 17.2974 12.5905 8.12533 1.3023
threshold=5.0000000000000009 10.000000000000002 9.0000000000000018 4.4500000000000011 4.3500000000000005 4.7500000000000009 11.000000000000002 3.6500000000000008 13.000000000000002 3.7500000000000004 4.1500000000000012 3.5500000000000003
decision_type=2 2 2 2 2 2 2 2 2 2 2 2
left_child=-1 3 4 11 10 9 -4 8 -8 -6 -3 -2
right_child=1 2 6 -5 5 -7 7 -9 -10 -11 -12 -13
leaf_value=0.88738740130168647 0.28264034854041198 0.011457571387290958 -0.17934440390931239 0.047689470878014201 -0.059659977588388625 -0.15768807413531288 -0.18454246444086855 -0.30401600797971096 -0.25681825624385352 -0.11314521230036211 -0.03090956938122549 0.21973075204425388
leaf_weight=7.9999999999999991 7.0000000000000018 4.9999999999999982 6.9999999999999991 4.9999999999999991 7.0000000000000018 9.9999999999999982 6.0000000000000062 6.9999999999999991 13.999999999999998 6 6 7
leaf_count=8 7 5 7 5 7 10 6 7 14 6 6 7
internal_value=-3.7543e-05 -0.0835023 -0.163493 0.201435 -0.084036 -0.118188 -0.241957 -0.256706 -0.237239 -0.0857805 -0.0116795 0.254811
internal_weight=95 87 68 19 34 23 34 27 20 13 11 14
internal_count=95 87 68 19 34 23 34 27 20 13 11 14
is_linear=0
shrinkage=0.025


Tree=26
num_leaves=13
num_cat=0
split_feature=1 1 0 3 3 0 0 3 2 3 3 3
split_gain=10759.4 3037.06 640.604 235.67 128.038 41.3366 33.5608 24.6479 15.727 7.7387 1.6667 1.55214
threshold=5.0000000000000009 10.000000000000002 9.0000000000000018 4.4500000000000011 4.3500000000000005 7.0000000000000009 17.000000000000004 4.6500000000000012 2.9500000000000006 4.1500000000000012 4.0500000000000007 5.0500000000000007
decision_type=2 2 2 2 2 2 2 2 2 2 2 2
left_child=-1 3 4 10 9 7 8 -6 -4 -3 -2 -10
right_child=1 2 6 -5 5 -7 -8 -9 11 -11 -12 -13
leaf_value=0.86574380630400138 0.28074019166731051 0.011182147493729228 -0.16837777899157608 0.046543089873515638 -0.054824656684224204 -0.15782164186239245 -0.30033200479322869 -0.12437337809993371 -0.20708507554871691 -0.030161757701106608 0.21811802561690172 -0.25389894459928786
leaf_weight=7.9999999999999991 6.0000000000000027 4.9999999999999982 6.0000000000000027 4.9999999999999991 7.9999999999999991 9 5.9999999999999991 6.0000000000000009 11.000000000000002 6 7.9999999999999991 10.999999999999998
leaf_count=8 6 5 6 5 8 9 6 6 11 6 8 11
internal_value=-2.87119e-05 -0.0814574 -0.159502 0.196546 -0.0819881 -0.115308 -0.236046 -0.0860512 -0.220194 -0.0113934 0.24862 -0.232625
internal_weight=95 87 68 19 34 23 34 14 28 11 14 22
internal_count=95 87 68 19 34 23 34 14 28 11 14 22
is_linear=0
shrinkage=0.025


Tree=27
num_leaves=12
num_cat=0
split_feature=1 1 0 3 0 3 4 3 2 0 2
split_gain=10240.8 2891.15 610.513 224.316 138.836 87.5607 40.8698 23.4702 15.6772 15.8337 2.00359
threshold=5.0000000000000009 10.000000000000002 7.0000000000000009 4.4500000000000011 11.000000000000002 4.3500000000000005 112.50000000000001 4.6500000000000012 3.6500000000000008 13.000000000000002 3.4500000000000006
decision_type=2 2 2 2 2 2 2 2 2 2 2
left_child=-1 3 5 10 6 -3 -4 -7 9 -6 -2
right_child=1 2 4 -5 8 7 -8 -9 -10 -11 -12
leaf_value=0.8446281078385145 0.27428157079604348 0.018935179987513432 -0.11668395479874949 0.0454242651279156 -0.17537976157280688 -0.053487474089715541 -0.19696169568271174 -0.12136434335862434 -0.290458216269811 -0.24436913023532278 0.21254593119388676
leaf_weight=7.9999999999999991 6.0000000000000027 8.0000000000000018 11.000000000000002 4.9999999999999991 6.0000000000000062 7.9999999999999982 7.9999999999999991 6 6.9999999999999991 13.999999999999998 7.9999999999999991
leaf_count=8 6 8 11 5 6 8 8 6 7 14 8
internal_value=-2.20612e-05 -0.0794645 -0.155611 0.191778 -0.207265 -0.0466571 -0.15225 -0.0839652 -0.244529 -0.225676 0.242583
internal_weight=95 87 68 19 46 22 19 14 27 20 14
internal_count=95 87 68 19 46 22 19 14 27 20 14
is_linear=0
shrinkage=0.025


Tree=28
num_leaves=12
num_cat=0
split_feature=1 1 0 3 0 3 4 3 2 0 3
split_gain=9747.09 2752.15 580.934 213.509 132.107 83.3668 38.9097 22.3486 14.9622 14.9635 2.4144
threshold=5.0000000000000009 10.000000000000002 7.0000000000000009 4.4500000000000011 11.000000000000002 4.3500000000000005 112.50000000000001 4.6500000000000012 3.6500000000000008 13.000000000000002 4.0500000000000007
decision_type=2 2 2 2 2 2 2 2 2 2 2
left_child=-1 3 5 10 6 -3 -4 -7 9 -6 -2
right_child=1 2 4 -5 8 7 -8 -9 -10 -11 -12
leaf_value=0.82402740804160524 0.26805904392273183 0.018473345913538115 -0.11381894685328005 0.044332337551392043 -0.17113670302975545 -0.052182897416556767 -0.19215775175792418 -0.11842810799998621 -0.28339847657415607 -0.23834595075795348 0.20704937112040642
leaf_weight=7.9999999999999991 6.0000000000000027 8.0000000000000018 11.000000000000002 4.9999999999999991 6.0000000000000062 7.9999999999999982 7.9999999999999991 6 6.9999999999999991 13.999999999999998 7.9999999999999991
leaf_count=8 6 8 11 5 6 8 8 6 7 14 8
internal_value=-1.14878e-05 -0.0775157 -0.15181 0.187125 -0.202197 -0.0455258 -0.148527 -0.0819299 -0.238549 -0.220139 0.236692
internal_weight=95 87 68 19 46 22 19 14 27 20 14
internal_count=95 87 68 19 46 22 19 14 27 20 14
is_linear=0
shrinkage=0.025


Tree=29
num_leaves=12
num_cat=0
split_feature=1 1 0 3 0 3 4 3 2 0 2
split_gain=9277.2 2619.84 552.789 203.222 125.703 79.3739 37.0432 21.2804 14.2791 14.1401 2.69317
threshold=5.0000000000000009 10.000000000000002 7.0000000000000009 4.4500000000000011 11.000000000000002 4.3500000000000005 112.50000000000001 4.6500000000000012 3.6500000000000008 13.000000000000002 3.4500000000000006
decision_type=2 2 2 2 2 2 2 2 2 2 2
left_child=-1 3 5 10 6 -3 -4 -7 9 -6 -2
right_child=1 2 4 -5 8 7 -8 -9 -10 -11 -12
leaf_value=0.80392918703032701 0.26189844002646773 0.018022776458684987 -0.11102428662457636 0.043266658370311441 -0.16699629906685104 -0.050910146352721432 -0.18747097748081862 -0.11556291753245936 -0.27651031547122534 -0.23247122462366671 0.20175387968377373
leaf_weight=7.9999999999999991 6.0000000000000027 8.0000000000000018 11.000000000000002 4.9999999999999991 6.0000000000000062 7.9999999999999982 7.9999999999999991 6 6.9999999999999991 13.999999999999998 7.9999999999999991
leaf_count=8 6 8 11 5 6 8 8 6 7 14 8
internal_value=-1.41979e-06 -0.0756147 -0.148101 0.182585 -0.197253 -0.0444219 -0.144895 -0.0799439 -0.232715 -0.214739 0.230944
internal_weight=95 87 68 19 46 22 19 14 27 20 14
internal_count=95 87 68 19 46 22 19 14 27 20 14
is_linear=0
shrinkage=0.025


Tree=30
num_leaves=12
num_cat=0
split_feature=1 1 0 3 0 3 4 3 0 3 3
split_gain=8829.97 2493.89 526.007 193.431 119.609 75.5725 35.266 20.263 13.9538 4.68629 3.04452
threshold=5.0000000000000009 10.000000000000002 7.0000000000000009 4.4500000000000011 11.000000000000002 4.3500000000000005 112.50000000000001 4.6500000000000012 17.000000000000004 5.2500000000000009 4.0500000000000007
decision_type=2 2 2 2 2 2 2 2 2 2 2
left_child=-1 3 5 10 6 -3 -4 -7 9 -6 -2
right_child=1 2 4 -5 8 7 -8 -9 -10 -11 -12
leaf_value=0.78432116479408454 0.25596504951677002 0.017583196564781949 -0.10829824231831089 0.042226590560032772 -0.19181282369183816 -0.049668433680766969 -0.1828985147359895 -0.11276703861451916 -0.2746728454866717 -0.24247573879030018 0.19652846077593367
leaf_weight=7.9999999999999991 6.0000000000000027 8.0000000000000018 11.000000000000002 4.9999999999999991 14.000000000000005 7.9999999999999982 7.9999999999999991 6 5.9999999999999991 6.9999999999999991 7.9999999999999991
leaf_count=8 6 8 11 5 14 8 8 6 6 7 8
internal_value=0 -0.0737604 -0.144483 0.178156 -0.19243 -0.0433448 -0.141352 -0.0780061 -0.227023 -0.210888 0.225336
internal_weight=95 87 68 19 46 22 19 14 27 21 14
internal_count=95 87 68 19 46 22 19 14 27 21 14
is_linear=0
shrinkage=0.025


Tree=31
num_leaves=12
num_cat=0
split_feature=1 1 0 3 0 3 4 3 2 0 2
split_gain=8404.35 2374.05 500.559 184.111 113.837 71.9533 33.5737 19.2941 14.0743 13.1933 3.27199
threshold=5.0000000000000009 10.000000000000002 7.0000000000000009 4.4500000000000011 11.000000000000002 4.3500000000000005 112.50000000000001 4.6500000000000012 3.6500000000000008 13.000000000000002 3.4500000000000006
decision_type=2 2 2 2 2 2 2 2 2 2 2
left_child=-1 3 5 10 6 -3 -4 -7 9 -6 -2
right_child=1 2 4 -5 8 7 -8 -9 -10 -11 -12
leaf_value=0.7651913695219088 0.25008847905743492 0.017154338556091955 -0.10563913319659018 0.041211530050406092 -0.15831543245623173 -0.048457007800660486 -0.17843757518907877 -0.11003880231611188 -0.26402430302566954 -0.22107321729122753 0.19149605406493678
leaf_weight=7.9999999999999991 6.0000000000000027 8.0000000000000018 11.000000000000002 4.9999999999999991 6.0000000000000062 7.9999999999999982 7.9999999999999991 6 6.9999999999999991 13.999999999999998 7.9999999999999991
leaf_count=8 6 8 11 5 6 8 8 6 7 14 8
internal_value=0 -0.0719544 -0.140957 0.173834 -0.18773 -0.0422938 -0.137896 -0.0761154 -0.221481 -0.204062 0.219864
internal_weight=95 87 68 19 46 22 19 14 27 20 14
internal_count=95 87 68 19 46 22 19 14 27 20 14
is_linear=0
shrinkage=0.025


Tree=32
num_leaves=13
num_cat=0
split_feature=1 1 0 3 0 2 4 4 3 0 3 3
split_gain=7999.19 2259.93 476.308 175.24 108.318 68.7586 98.2397 31.9622 20.027 13.7186 4.53554 3.57056
threshold=5.0000000000000009 10.000000000000002 7.0000000000000009 4.4500000000000011 11.000000000000002 3.2500000000000004 93.000000000000014 112.50000000000001 4.5500000000000007 17.000000000000004 5.2500000000000009 4.0500000000000007
decision_type=2 2 2 2 2 2 2 2 2 2 2 2
left_child=-1 3 5 11 7 -3 8 -4 -7 10 -6 -2
right_child=1 2 4 -5 9 6 -8 -9 -10 -11 -12 -13
leaf_value=0.74652815214017554 0.24443059515568508 0.038922448628223832 -0.10304531723793063 0.040220869189271563 -0.18214775004857017 -0.067018376050456838 0.027060580998659135 -0.17408544174054777 -0.13629096246534778 -0.26233261323744256 -0.23076151377624937 0.18652854154749618
leaf_weight=7.9999999999999991 6.0000000000000027 5.0000000000000027 11.000000000000002 4.9999999999999991 14.000000000000005 6.0000000000000018 4.9999999999999991 7.9999999999999991 6 5.9999999999999991 6.9999999999999991 7.9999999999999991
leaf_count=8 6 5 11 5 14 6 5 8 6 6 7 8
internal_value=0 -0.0701899 -0.137514 0.169617 -0.18314 -0.0412683 -0.0651048 -0.134524 -0.103424 -0.216064 -0.200435 0.214525
internal_weight=95 87 68 19 46 22 17 19 12 27 21 14
internal_count=95 87 68 19 46 22 17 19 12 27 21 14
is_linear=0
shrinkage=0.025


Tree=33
num_leaves=12
num_cat=0
split_feature=1 1 0 3 0 3 4 3 2 0 2
split_gain=7613.61 2151.33 453.276 166.796 103.09 66.3941 30.4278 17.1039 13.8231 12.2999 3.75283
threshold=5.0000000000000009 10.000000000000002 7.0000000000000009 4.4500000000000011 11.000000000000002 4.3500000000000005 112.50000000000001 4.6500000000000012 3.6500000000000008 13.000000000000002 3.4500000000000006
decision_type=2 2 2 2 2 2 2 2 2 2 2
left_child=-1 3 5 10 6 -3 -4 -7 9 -6 -2
right_child=1 2 4 -5 8 7 -8 -9 -10 -11 -12
leaf_value=0.72832016450602843 0.23882473216902814 0.016827910720575139 -0.10051518582373059 0.03925402095684638 -0.15007841856248902 -0.046648973953433155 -0.16983945108041534 -0.10473788918987395 -0.25211661126878532 -0.21022763923859933 0.18174634641263546
leaf_weight=7.9999999999999991 6.0000000000000027 8.0000000000000018 11.000000000000002 4.9999999999999991 6.0000000000000062 7.9999999999999982 7.9999999999999991 6 6.9999999999999991 13.999999999999998 7.9999999999999991
leaf_count=8 6 8 11 5 6 8 8 6 7 14 8
internal_value=3.25791e-06 -0.0684709 -0.134158 0.165503 -0.178667 -0.0402661 -0.131235 -0.0727568 -0.210789 -0.193909 0.209316
internal_weight=95 87 68 19 46 22 19 14 27 20 14
internal_count=95 87 68 19 46 22 19 14 27 20 14
is_linear=0
shrinkage=0.025


Tree=34
num_leaves=13
num_cat=0
split_feature=1 1 0 3 0 2 4 4 3 0 3 3
split_gain=7246.58 2047.91 431.316 158.759 98.091 64.2222 92.77 28.9668 17.869 13.443 4.37118 4.00461
threshold=5.0000000000000009 10.000000000000002 7.0000000000000009 4.4500000000000011 11.000000000000002 3.2500000000000004 93.000000000000014 112.50000000000001 4.5500000000000007 17.000000000000004 5.2500000000000009 4.0500000000000007
decision_type=2 2 2 2 2 2 2 2 2 2 2 2
left_child=-1 3 5 11 7 -3 8 -4 -7 10 -6 -2
right_child=1 2 4 -5 9 6 -8 -9 -10 -11 -12 -13
leaf_value=0.71055626781975356 0.23342939711386146 0.038192651220239099 -0.098047179811900198 0.03831041724636005 -0.17296441163815235 -0.065036223588451222 0.027200375382716843 -0.16569703003255334 -0.13069384886372473 -0.25056188221900694 -0.2196066783534156 0.17702417170129175
leaf_weight=7.9999999999999991 6.0000000000000027 5.0000000000000027 11.000000000000002 4.9999999999999991 14.000000000000005 6.0000000000000018 4.9999999999999991 7.9999999999999991 6 5.9999999999999991 6.9999999999999991 7.9999999999999991
leaf_count=8 6 5 11 5 14 6 5 8 6 6 7 8
internal_value=1.11646e-05 -0.0667918 -0.130881 0.161488 -0.174298 -0.0392898 -0.0623305 -0.128026 -0.0995718 -0.205634 -0.190496 0.204233
internal_weight=95 87 68 19 46 22 17 19 12 27 21 14
internal_count=95 87 68 19 46 22 17 19 12 27 21 14
is_linear=0
shrinkage=0.025


Tree=35
num_leaves=13
num_cat=0
split_feature=1 1 0 3 0 3 3 3 2 4 0 2
split_gain=6897.28 1949.51 410.461 151.109 93.3564 61.2634 27.6309 15.1399 13.534 13.1149 11.458 4.14715
threshold=5.0000000000000009 10.000000000000002 7.0000000000000009 4.4500000000000011 11.000000000000002 4.3500000000000005 5.0500000000000007 4.6500000000000012 3.6500000000000008 100.00000000000001 13.000000000000002 3.4500000000000006
decision_type=2 2 2 2 2 2 2 2 2 2 2 2
left_child=-1 3 5 11 6 -3 9 -7 10 -4 -6 -2
right_child=1 2 4 -5 8 7 -8 -9 -10 -11 -12 -13
leaf_value=0.69322562857372017 0.22808155374180875 0.016497138469684411 -0.069459777914227944 0.037389489377920443 -0.14226286718922262 -0.044916632008261799 -0.17116638325875808 -0.099678629636764507 -0.24076005054844751 -0.12550131380558013 -0.19990783795504508 0.17247994574831757
leaf_weight=7.9999999999999991 6.0000000000000027 8.0000000000000018 6.0000000000000018 4.9999999999999991 6.0000000000000062 7.9999999999999982 5.9999999999999991 6 6.9999999999999991 7 13.999999999999998 7.9999999999999991
leaf_count=8 6 8 6 5 6 8 6 6 7 7 14 8
internal_value=1.66412e-05 -0.0651561 -0.127687 0.157571 -0.170042 -0.0383355 -0.124895 -0.0695475 -0.200614 -0.101175 -0.184256 0.199274
internal_weight=95 87 68 19 46 22 19 14 27 13 20 14
internal_count=95 87 68 19 46 22 19 14 27 13 20 14
is_linear=0
shrinkage=0.025


Tree=36
num_leaves=15
num_cat=0
split_feature=1 1 0 3 0 2 4 4 3 2 0 3 3 3
split_gain=6564.89 1855.91 390.651 143.827 88.7476 59.9991 87.6186 26.7496 15.9319 13.1354 18.6291 5.05457 4.35752 0.309126
threshold=5.0000000000000009 10.000000000000002 7.0000000000000009 4.4500000000000011 11.000000000000002 3.2500000000000004 93.000000000000014 112.50000000000001 4.5500000000000007 2.3000000000000003 15.000000000000002 4.8500000000000005 4.0500000000000007 4.9500000000000011
decision_type=2 2 2 2 2 2 2 2 2 2 2 2 2 2
left_child=-1 3 5 12 7 -3 8 13 -7 -6 11 -11 -2 -4
right_child=1 2 4 -5 9 6 -8 -9 -10 10 -12 -13 -14 -15
leaf_value=0.6763176720316818 0.22293641362940098 0.037468509017848026 -0.10386553531692869 0.036490704706655101 -0.14383854407530555 -0.063118983468701734 0.027299008747706046 -0.15803773722997527 -0.12534113641708125 -0.14333032507162818 -0.24401847967287393 -0.19839931363644811 0.16799112658311685 -0.076453700504050787
leaf_weight=7.9999999999999991 6.0000000000000027 5.0000000000000027 6.0000000000000018 4.9999999999999991 5.0000000000000027 6.0000000000000018 4.9999999999999991 7.9999999999999991 6 5.0000000000000027 7.9999999999999991 8.9999999999999982 7.9999999999999991 5
leaf_count=8 6 5 6 5 5 6 5 8 6 5 8 9 8 5
internal_value=1.77477e-05 -0.063565 -0.124576 0.153749 -0.165897 -0.0374059 -0.0596801 -0.121872 -0.0958773 -0.195708 -0.206038 -0.181116 0.194435 -0.093105
internal_weight=95 87 68 19 46 22 17 19 12 27 22 14 14 11
internal_count=95 87 68 19 46 22 17 19 12 27 22 14 14 11
is_linear=0
shrinkage=0.025


Tree=37
num_leaves=14
num_cat=0
split_feature=1 1 0 3 0 2 4 3 3 2 4 0 2
split_gain=6248.67 1766.95 371.904 136.896 84.4566 57.1401 83.4453 26.2154 15.1612 13.4651 12.0222 10.555 4.46522
threshold=5.0000000000000009 10.000000000000002 7.0000000000000009 4.4500000000000011 11.000000000000002 3.2500000000000004 93.000000000000014 5.0500000000000007 4.5500000000000007 3.6500000000000008 100.00000000000001 13.000000000000002 3.4500000000000006
decision_type=2 2 2 2 2 2 2 2 2 2 2 2 2
left_child=-1 3 5 12 7 -3 8 10 -7 11 -4 -6 -2
right_child=1 2 4 -5 9 6 -8 -9 -10 -11 -12 -13 -14
leaf_value=0.65982210839666977 0.217834491210599 0.036567824197789776 -0.065598018034811911 0.035613523137110935 -0.13490514966749362 -0.061591909585460514 0.026642781954545242 -0.16385969788797441 -0.12230868762539278 -0.23015166388617622 -0.11917403365174928 -0.18999364040267303 0.16367322323707548
leaf_weight=7.9999999999999991 6.0000000000000027 5.0000000000000027 6.0000000000000018 4.9999999999999991 6.0000000000000062 6.0000000000000018 4.9999999999999991 5.9999999999999991 6 6.9999999999999991 7 13.999999999999998 7.9999999999999991
leaf_count=8 6 5 6 5 6 6 5 6 6 7 7 14 8
internal_value=1.13745e-05 -0.0620207 -0.121552 0.15002 -0.161869 -0.0364972 -0.058235 -0.118916 -0.0935601 -0.190953 -0.0959099 -0.175028 0.189714
internal_weight=95 87 68 19 46 22 17 19 12 27 13 20 14
internal_count=95 87 68 19 46 22 17 19 12 27 13 20 14
is_linear=0
shrinkage=0.025


Tree=38
num_leaves=13
num_cat=0
split_feature=1 1 0 3 0 3 3 0 3 4 3 3
split_gain=5947.53 1682.11 353.965 130.299 80.2863 54.7969 24.9557 13.0992 12.4061 11.4315 4.63899 4.01787
threshold=5.0000000000000009 10.000000000000002 7.0000000000000009 4.4500000000000011 11.000000000000002 4.3500000000000005 5.0500000000000007 17.000000000000004 4.6500000000000012 100.00000000000001 4.0500000000000007 5.2500000000000009
decision_type=2 2 2 2 2 2 2 2 2 2 2 2
left_child=-1 3 5 10 6 -3 9 11 -7 -4 -2 -6
right_child=1 2 4 -5 7 8 -8 -9 -10 -11 -12 -13
leaf_value=0.64372890955064355 0.21292778019222511 0.016229342932744719 -0.064010969381178548 0.03475743143890913 -0.15589511092279995 -0.042705778159746313 -0.15989535258662319 -0.22891377518253941 -0.092491614049480794 -0.1162774432864454 0.15940637356351792 -0.19880939258469477
leaf_weight=7.9999999999999991 6.0000000000000027 8.0000000000000018 6.0000000000000018 4.9999999999999991 14.000000000000005 7.9999999999999982 5.9999999999999991 5.9999999999999991 6 7 7.9999999999999991 6.9999999999999991
leaf_count=8 6 8 6 5 14 8 6 6 6 7 8 7
internal_value=1.2868e-05 -0.0605058 -0.118591 0.146381 -0.157924 -0.0356106 -0.116037 -0.186283 -0.0651328 -0.0935845 0.185108 -0.171999
internal_weight=95 87 68 19 46 22 19 27 14 13 14 21
internal_count=95 87 68 19 46 22 19 27 14 13 14 21
is_linear=0
shrinkage=0.025


Tree=39
num_leaves=14
num_cat=0
split_feature=1 1 0 3 0 2 4 4 3 2 0 2 3
split_gain=5660.96 1601.4 336.909 124.019 76.34 53.3926 78.8236 23.9176 13.5065 13.1068 9.81546 4.71621 0.704234
threshold=5.0000000000000009 10.000000000000002 7.0000000000000009 4.4500000000000011 11.000000000000002 3.2500000000000004 93.000000000000014 112.50000000000001 4.5500000000000007 3.6500000000000008 13.000000000000002 3.4500000000000006 4.9500000000000011
decision_type=2 2 2 2 2 2 2 2 2 2 2 2 2
left_child=-1 3 5 11 7 -3 8 12 -7 10 -6 -2 -4
right_child=1 2 4 -5 9 6 -8 -9 -10 -11 -12 -13 -14
leaf_value=0.62802818566560747 0.20806025538233008 0.035865345346526432 -0.096936601111965753 0.033921913301142366 -0.12786966158497703 -0.05978150406191423 0.026701583082859331 -0.14736356880606677 -0.11731265610264192 -0.21981448663605585 -0.18065178343947508 0.15530371269801771 -0.069633482511226932
leaf_weight=7.9999999999999991 6.0000000000000027 5.0000000000000027 6.0000000000000018 4.9999999999999991 6.0000000000000062 6.0000000000000018 4.9999999999999991 7.9999999999999991 6 6.9999999999999991 13.999999999999998 7.9999999999999991 5
leaf_count=8 6 5 6 5 6 6 5 8 6 7 14 8 5
internal_value=1.16544e-05 -0.0590306 -0.115705 0.142831 -0.154079 -0.0347471 -0.0557637 -0.113228 -0.0901011 -0.181736 -0.166302 0.180614 -0.0861028
internal_weight=95 87 68 19 46 22 17 19 12 27 20 14 11
internal_count=95 87 68 19 46 22 17 19 12 27 20 14 11
is_linear=0
shrinkage=0.025


Tree=40
num_leaves=14
num_cat=0
split_feature=1 1 0 3 0 2 4 3 0 4 3 3 3
split_gain=5388.13 1524.5 320.649 118.042 72.581 51.5393 90.2432 23.6787 12.7284 10.4678 4.85771 3.83237 0.324807
threshold=5.0000000000000009 10.000000000000002 7.0000000000000009 4.4500000000000011 11.000000000000002 3.4500000000000006 93.000000000000014 5.0500000000000007 17.000000000000004 100.00000000000001 4.0500000000000007 5.2500000000000009 4.5500000000000007
decision_type=2 2 2 2 2 2 2 2 2 2 2 2 2
left_child=-1 3 5 10 7 -3 12 9 11 -4 -2 -6 -7
right_child=1 2 4 -5 8 6 -8 -9 -10 -11 -12 -13 -14
leaf_value=0.61271042634801176 0.20338076694357771 0.021565523647910183 -0.060447356681669888 0.033106483003267871 -0.14801960125775399 -0.084893166789641761 0.026059718430042268 -0.15308852811013501 -0.21868910404943653 -0.11039478232463198 0.15124798506134896 -0.18917842772271898 -0.11600583482247129
leaf_weight=7.9999999999999991 6.0000000000000027 7.0000000000000027 6.0000000000000018 4.9999999999999991 14.000000000000005 4.9999999999999982 4.9999999999999991 5.9999999999999991 5.9999999999999991 7 7.9999999999999991 6.9999999999999991 5
leaf_count=8 6 7 6 5 14 5 5 6 6 7 8 7 5
internal_value=1.39764e-05 -0.0575877 -0.112885 0.139367 -0.150321 -0.0339028 -0.0598134 -0.110483 -0.177292 -0.088702 0.176228 -0.163453 -0.102542
internal_weight=95 87 68 19 46 22 15 19 27 13 14 21 10
internal_count=95 87 68 19 46 22 15 19 27 13 14 21 10
is_linear=0
shrinkage=0.025


Tree=41
num_leaves=13
num_cat=0
split_feature=1 1 0 3 0 3 3 2 3 4 0 2
split_gain=5128.54 1451.38 305.157 112.353 69.0127 49.1397 22.5404 12.7302 10.5446 9.95306 9.12104 4.90837
threshold=5.0000000000000009 10.000000000000002 7.0000000000000009 4.4500000000000011 11.000000000000002 4.3500000000000005 5.0500000000000007 3.6500000000000008 4.6500000000000012 100.00000000000001 13.000000000000002 3.4500000000000006
decision_type=2 2 2 2 2 2 2 2 2 2 2 2
left_child=-1 3 5 11 6 -3 9 10 -7 -4 -6 -2
right_child=1 2 4 -5 7 8 -8 -9 -10 -11 -12 -13
leaf_value=0.59776627893854939 0.19873667897716635 0.015985183635862859 -0.058984919228861378 0.032310658800773898 -0.12119492003994591 -0.040301497789417828 -0.14938477239301129 -0.20995457536644407 -0.086317385204376706 -0.10771157907115088 -0.1717632055282593 0.14735001420102473
leaf_weight=7.9999999999999991 6.0000000000000027 8.0000000000000018 6.0000000000000018 4.9999999999999991 6.0000000000000062 7.9999999999999982 5.9999999999999991 6.9999999999999991 6 7 13.999999999999998 7.9999999999999991
leaf_count=8 6 8 6 5 6 8 6 7 6 7 14 8
internal_value=1.09291e-05 -0.0561857 -0.110141 0.135987 -0.146662 -0.0330884 -0.107808 -0.172964 -0.0610486 -0.0865515 -0.158005 0.17195
internal_weight=95 87 68 19 46 22 19 27 14 13 20 14
internal_count=95 87 68 19 46 22 19 27 14 13 20 14
is_linear=0
shrinkage=0.025


Tree=42
num_leaves=15
num_cat=0
split_feature=1 1 0 3 0 2 4 3 2 0 4 3 3 3
split_gain=4881.39 1381.71 290.431 106.937 65.6032 48.3033 85.2892 21.4565 12.5737 17.9724 9.46337 5.98263 5.02146 0.0251215
threshold=5.0000000000000009 10.000000000000002 7.0000000000000009 4.4500000000000011 11.000000000000002 3.4500000000000006 93.000000000000014 5.0500000000000007 2.3000000000000003 15.000000000000002 100.00000000000001 4.8500000000000005 4.0500000000000007 4.5500000000000007
decision_type=2 2 2 2 2 2 2 2 2 2 2 2 2 2
left_child=-1 3 5 12 7 -3 13 10 -6 11 -4 -10 -2 -7
right_child=1 2 4 -5 8 6 -8 -9 9 -11 -12 -13 -14 -15
leaf_value=0.5831866161011886 0.19427372952622743 0.021398928911528642 -0.057557866506038148 0.031533958429757224 -0.12086921563515288 -0.082424899477225089 0.026082081061143143 -0.14577061880019404 -0.11993410472686467 -0.21400522371617764 -0.10509358536865974 -0.1716098311154739 0.14349510742396845 -0.11136352591789683
leaf_weight=7.9999999999999991 6.0000000000000027 7.0000000000000027 6.0000000000000018 4.9999999999999991 5.0000000000000027 4.9999999999999982 4.9999999999999991 5.9999999999999991 5.0000000000000027 7.9999999999999991 7 8.9999999999999982 7.9999999999999991 5
leaf_count=8 6 7 6 5 5 5 5 6 5 8 7 9 8 5
internal_value=1.17875e-05 -0.0548137 -0.107458 0.132689 -0.143087 -0.0322861 -0.0573732 -0.105198 -0.168735 -0.17837 -0.0844532 -0.155191 0.167775 -0.0989166
internal_weight=95 87 68 19 46 22 15 19 27 22 13 14 14 10
internal_count=95 87 68 19 46 22 15 19 27 22 13 14 14 10
is_linear=0
shrinkage=0.025


Tree=43
num_leaves=14
num_cat=0
split_feature=1 1 0 3 0 2 4 4 2 3 0 2 3
split_gain=4646.31 1315.53 276.456 101.783 62.4186 46.1721 67.9181 20.7537 12.5437 11.6094 8.36099 5.04905 1.21583
threshold=5.0000000000000009 10.000000000000002 7.0000000000000009 4.4500000000000011 11.000000000000002 3.2500000000000004 93.000000000000014 112.50000000000001 3.6500000000000008 4.5500000000000007 13.000000000000002 3.4500000000000006 4.9500000000000011
decision_type=2 2 2 2 2 2 2 2 2 2 2 2 2
left_child=-1 3 5 11 7 -3 9 12 10 -7 -6 -2 -4
right_child=1 2 4 -5 8 6 -8 -9 -10 -11 -12 -13 -14
leaf_value=0.56896253660684681 0.18984262001129881 0.034127359022386353 -0.088540674746036496 0.030775931770376005 -0.11493687360517427 -0.054840924086109258 0.025455108686135364 -0.13436148137581058 -0.20074488785531788 -0.10816085607774795 -0.16321092289938055 0.13979179561138155 -0.061096819891379418
leaf_weight=7.9999999999999991 6.0000000000000027 5.0000000000000027 6.0000000000000018 4.9999999999999991 6.0000000000000062 6.0000000000000018 4.9999999999999991 7.9999999999999991 6.9999999999999991 6 13.999999999999998 7.9999999999999991 5
leaf_count=8 6 5 6 5 6 6 5 8 7 6 14 8 5
internal_value=3.42122e-06 -0.0534853 -0.104854 0.129471 -0.139616 -0.0315105 -0.0510607 -0.102652 -0.164635 -0.0829394 -0.150072 0.163702 -0.0774916
internal_weight=95 87 68 19 46 22 17 19 27 12 20 14 11
internal_count=95 87 68 19 46 22 17 19 27 12 20 14 11
is_linear=0
shrinkage=0.025


Tree=44
num_leaves=13
num_cat=0
split_feature=1 1 0 3 0 2 4 3 0 4 3 3
split_gain=4422.38 1252.37 263.116 96.8769 59.3438 44.6363 77.8113 20.3615 12.1876 8.6498 5.1372 3.42695
threshold=5.0000000000000009 10.000000000000002 7.0000000000000009 4.4500000000000011 11.000000000000002 3.4500000000000006 93.000000000000014 5.0500000000000007 17.000000000000004 100.00000000000001 4.0500000000000007 5.2500000000000009
decision_type=2 2 2 2 2 2 2 2 2 2 2 2
left_child=-1 3 5 10 7 -3 -7 9 11 -4 -2 -6
right_child=1 2 4 -5 8 6 -8 -9 -10 -11 -12 -13
leaf_value=0.55508540519853922 0.18558605044118812 0.02085230568320386 -0.054355206076175916 0.030036123938715232 -0.1334000560599313 -0.094544218918856476 0.024843205683506453 -0.13958407871184811 -0.19988133522772022 -0.099750798236992622 0.13612789155506508 -0.17118431528409325
leaf_weight=7.9999999999999991 6.0000000000000027 7.0000000000000027 6.0000000000000018 4.9999999999999991 14.000000000000005 9.9999999999999982 4.9999999999999991 5.9999999999999991 5.9999999999999991 7 7.9999999999999991 6.9999999999999991
leaf_count=8 6 7 6 5 14 10 5 6 6 7 8 7
internal_value=5.66356e-06 -0.0521779 -0.102298 0.126332 -0.136211 -0.0307446 -0.0548629 -0.100163 -0.160609 -0.0800347 0.159728 -0.14755
internal_weight=95 87 68 19 46 22 15 19 27 13 14 21
internal_count=95 87 68 19 46 22 15 19 27 13 14 21
is_linear=0
shrinkage=0.025


Tree=45
num_leaves=13
num_cat=0
split_feature=1 1 0 3 0 3 3 2 3 4 0 2
split_gain=4209.24 1192.23 250.513 92.2071 56.425 42.973 19.3819 12.1333 8.76483 8.22381 7.75679 5.14483
threshold=5.0000000000000009 10.000000000000002 7.0000000000000009 4.4500000000000011 11.000000000000002 4.3500000000000005 5.0500000000000007 3.6500000000000008 4.6500000000000012 100.00000000000001 13.000000000000002 3.4500000000000006
decision_type=2 2 2 2 2 2 2 2 2 2 2 2
left_child=-1 3 5 11 6 -3 9 10 -7 -4 -6 -2
right_child=1 2 4 -5 7 8 -8 -9 -10 -11 -12 -13
leaf_value=0.54154675166781352 0.18135795170261004 0.015882840643568732 -0.053040161536585875 0.029314104059281261 -0.10892872348908443 -0.03717225103116617 -0.13620704681642595 -0.19176804754469132 -0.07920565845504883 -0.097326299630933324 -0.15516582290891193 0.13260968196682818
leaf_weight=7.9999999999999991 6.0000000000000027 8.0000000000000018 6.0000000000000018 4.9999999999999991 6.0000000000000062 7.9999999999999982 5.9999999999999991 6.9999999999999991 6 7 13.999999999999998 7.9999999999999991
leaf_count=8 6 8 6 5 6 8 6 7 6 7 14 8
internal_value=8.00827e-06 -0.0509022 -0.0998046 0.123268 -0.132896 -0.0299842 -0.0977386 -0.156689 -0.0561364 -0.0780946 -0.142572 0.15585
internal_weight=95 87 68 19 46 22 19 27 14 13 20 14
internal_count=95 87 68 19 46 22 19 27 14 13 20 14
is_linear=0
shrinkage=0.025


Tree=46
num_leaves=14
num_cat=0
split_feature=1 1 0 3 0 2 4 4 2 0 3 3 3
split_gain=4006.4 1135.01 238.424 87.7622 53.6359 41.7955 73.4794 18.5704 11.8546 17.2189 6.22426 5.21112 1.47486
threshold=5.0000000000000009 10.000000000000002 7.0000000000000009 4.4500000000000011 11.000000000000002 3.4500000000000006 93.000000000000014 112.50000000000001 2.3000000000000003 15.000000000000002 4.8500000000000005 4.0500000000000007 4.9500000000000011
decision_type=2 2 2 2 2 2 2 2 2 2 2 2 2
left_child=-1 3 5 11 7 -3 -7 12 -6 10 -10 -2 -4
right_child=1 2 4 -5 8 6 -8 -9 9 -11 -12 -13 -14
leaf_value=0.52833828115608639 0.17729806688524052 0.020658045350056546 -0.082715427490972659 0.028609434737322421 -0.10769282716971169 -0.09116385544047638 0.024831516009110672 -0.12531768897684611 -0.10638696505473202 -0.19607076615822028 -0.15575986893280697 0.12912744886991456 -0.055427334400323706
leaf_weight=7.9999999999999991 6.0000000000000027 7.0000000000000027 6.0000000000000018 4.9999999999999991 5.0000000000000027 9.9999999999999982 4.9999999999999991 7.9999999999999991 5.0000000000000027 7.9999999999999991 8.9999999999999982 7.9999999999999991 5
leaf_count=8 6 7 6 5 5 10 5 8 5 8 9 8 5
internal_value=8.69444e-06 -0.0496594 -0.097374 0.120279 -0.129657 -0.0292572 -0.0525985 -0.0953731 -0.152858 -0.162004 -0.139961 0.152066 -0.0716346
internal_weight=95 87 68 19 46 22 15 19 27 22 14 14 11
internal_count=95 87 68 19 46 22 15 19 27 22 14 14 11
is_linear=0
shrinkage=0.025


Tree=47
num_leaves=13
num_cat=0
split_feature=1 1 0 3 0 3 3 2 3 4 0 2
split_gain=3813.37 1080.57 227.044 83.5313 51.039 39.8908 18.3947 11.8955 8.17536 7.50747 7.08763 5.20156
threshold=5.0000000000000009 10.000000000000002 7.0000000000000009 4.4500000000000011 11.000000000000002 4.3500000000000005 5.0500000000000007 3.6500000000000008 4.6500000000000012 100.00000000000001 13.000000000000002 3.4500000000000006
decision_type=2 2 2 2 2 2 2 2 2 2 2 2
left_child=-1 3 5 11 6 -3 9 10 -7 -4 -6 -2
right_child=1 2 4 -5 7 8 -8 -9 -10 -11 -12 -13
leaf_value=0.51545199155807497 0.17326349866005675 0.015647992369060105 -0.050085849867713042 0.027921709862466046 -0.10331076941182525 -0.035431231521978614 -0.13044346128740619 -0.18338411781522965 -0.076002432261743844 -0.092358586316307376 -0.14741714185392354 0.12578526742574647
leaf_weight=7.9999999999999991 6.0000000000000027 8.0000000000000018 6.0000000000000018 4.9999999999999991 6.0000000000000062 7.9999999999999982 5.9999999999999991 6.9999999999999991 6 7 13.999999999999998 7.9999999999999991
leaf_count=8 6 8 6 5 6 8 6 7 6 7 14 8
internal_value=6.88111e-06 -0.0484496 -0.0950061 0.117363 -0.126509 -0.0285332 -0.0930606 -0.149144 -0.0537325 -0.0739973 -0.135401 0.148375
internal_weight=95 87 68 19 46 22 19 27 14 13 20 14
internal_count=95 87 68 19 46 22 19 27 14 13 20 14
is_linear=0
shrinkage=0.025


Tree=48
num_leaves=13
num_cat=0
split_feature=1 1 0 3 0 2 4 3 0 4 3 3
split_gain=3629.6 1028.71 216.088 79.5043 48.5154 39.1379 69.3932 17.5092 11.5663 7.13734 5.24877 3.01841
threshold=5.0000000000000009 10.000000000000002 7.0000000000000009 4.4500000000000011 11.000000000000002 3.4500000000000006 93.000000000000014 5.0500000000000007 17.000000000000004 100.00000000000001 4.0500000000000007 5.2500000000000009
decision_type=2 2 2 2 2 2 2 2 2 2 2 2
left_child=-1 3 5 10 7 -3 -7 9 11 -4 -2 -6
right_child=1 2 4 -5 8 6 -8 -9 -10 -11 -12 -13
leaf_value=0.50287998907449771 0.16939107093118844 0.020448553417291897 -0.04887409392864471 0.027250515569287998 -0.1202158024613286 -0.087913664707950534 0.024790224318320939 -0.12728757656389666 -0.18275242832399186 -0.090113759496145765 0.12247581074877485 -0.15484744376606413
leaf_weight=7.9999999999999991 6.0000000000000027 7.0000000000000027 6.0000000000000018 4.9999999999999991 14.000000000000005 9.9999999999999982 4.9999999999999991 5.9999999999999991 5.9999999999999991 7 7.9999999999999991 6.9999999999999991
leaf_count=8 6 7 6 5 14 10 5 6 6 7 8 7
internal_value=7.47667e-06 -0.0472667 -0.0926926 0.114517 -0.123426 -0.0278415 -0.0504316 -0.0908084 -0.145497 -0.0722037 0.144773 -0.133171
internal_weight=95 87 68 19 46 22 15 19 27 13 14 21
internal_count=95 87 68 19 46 22 15 19 27 13 14 21
is_linear=0
shrinkage=0.025


Tree=49
num_leaves=14
num_cat=0
split_feature=1 1 0 3 0 2 4 3 2 3 4 0 2
split_gain=3454.67 979.32 205.741 75.6712 46.128 37.6257 55.3222 16.6661 11.4683 9.96552 6.78528 6.56489 5.22448
threshold=5.0000000000000009 10.000000000000002 7.0000000000000009 4.4500000000000011 11.000000000000002 3.2500000000000004 93.000000000000014 5.0500000000000007 3.6500000000000008 4.5500000000000007 100.00000000000001 13.000000000000002 3.4500000000000006
decision_type=2 2 2 2 2 2 2 2 2 2 2 2 2
left_child=-1 3 5 12 7 -3 9 10 11 -7 -4 -6 -2
right_child=1 2 4 -5 8 6 -8 -9 -10 -11 -12 -13 -14
leaf_value=0.49061462123219562 0.16554099854923054 0.03206093170895024 -0.047691658187297065 0.026595453645747443 -0.097902869312993829 -0.047750548297359079 0.024194306536362724 -0.12420803241191372 -0.17520992524094053 -0.096855376805028592 -0.08792349545078143 -0.14013627247071603 0.11930101459346168
leaf_weight=7.9999999999999991 6.0000000000000027 5.0000000000000027 6.0000000000000018 4.9999999999999991 6.0000000000000062 6.0000000000000018 4.9999999999999991 5.9999999999999991 6.9999999999999991 6 7 13.999999999999998 7.9999999999999991
leaf_count=8 6 5 6 5 6 6 5 6 7 6 7 14 8
internal_value=9.53464e-06 -0.046111 -0.0904333 0.111741 -0.120423 -0.0271522 -0.0448108 -0.0886108 -0.141946 -0.0735907 -0.0704536 -0.128623 0.141259
internal_weight=95 87 68 19 46 22 17 19 27 12 13 20 14
internal_count=95 87 68 19 46 22 17 19 27 12 13 20 14
is_linear=0
shrinkage=0.025


Tree=50
num_leaves=13
num_cat=0
split_feature=1 1 0 3 0 2 4 4 0 3 3 3
split_gain=3288.19 932.317 195.822 72.0228 43.8465 36.1315 63.2571 16.1334 11.1375 5.25508 2.84462 1.82972
threshold=5.0000000000000009 10.000000000000002 7.0000000000000009 4.4500000000000011 11.000000000000002 3.4500000000000006 93.000000000000014 112.50000000000001 17.000000000000004 4.0500000000000007 5.2500000000000009 4.9500000000000011
decision_type=2 2 2 2 2 2 2 2 2 2 2 2
left_child=-1 3 5 9 7 -3 -7 11 10 -2 -6 -4
right_child=1 2 4 -5 8 6 -8 -9 -10 -11 -12 -13
leaf_value=0.47864840801169239 0.16184723069590901 0.019897031225264067 -0.075669319086497794 0.025956140673504425 -0.11412130140922434 -0.083986786533804522 0.023612711635919718 -0.11430585224453998 -0.17465774936060752 0.11615588992107206 -0.14731234874990251 -0.048307289928197855
leaf_weight=7.9999999999999991 6.0000000000000027 7.0000000000000027 6.0000000000000018 4.9999999999999991 14.000000000000005 9.9999999999999982 4.9999999999999991 7.9999999999999991 5.9999999999999991 7.9999999999999991 6.9999999999999991 5
leaf_count=8 6 7 6 5 14 10 5 8 6 8 7 5
internal_value=1.04453e-05 -0.0449848 -0.0882306 0.109031 -0.117488 -0.0264919 -0.0481993 -0.0864664 -0.138476 0.13783 -0.126529 -0.0644284
internal_weight=95 87 68 19 46 22 15 19 27 14 21 11
internal_count=95 87 68 19 46 22 15 19 27 14 21 11
is_linear=0
shrinkage=0.025


Tree=51
num_leaves=14
num_cat=0
split_feature=1 1 0 3 0 3 3 2 0 3 3 4 2
split_gain=3129.7 887.548 186.44 68.5502 41.6956 34.995 15.8206 11.1541 16.0282 6.88071 6.33919 6.18126 5.21826
threshold=5.0000000000000009 10.000000000000002 7.0000000000000009 4.4500000000000011 11.000000000000002 4.3500000000000005 5.0500000000000007 2.3000000000000003 15.000000000000002 4.6500000000000012 4.8500000000000005 100.00000000000001 3.4500000000000006
decision_type=2 2 2 2 2 2 2 2 2 2 2 2 2
left_child=-1 3 5 12 6 -3 11 -6 10 -7 -9 -4 -2
right_child=1 2 4 -5 7 9 -8 8 -10 -11 -12 -13 -14
leaf_value=0.46697407001402325 0.15817303107150132 0.015523324779620982 -0.045038108912206443 0.025332194738663161 -0.092797103753456636 -0.032622843471969053 -0.11896978443668733 -0.091431251282875284 -0.17583666836343165 -0.069893761555994693 -0.13815549326979598 -0.083410662226378912 0.11314025597601406
leaf_weight=7.9999999999999991 6.0000000000000027 8.0000000000000018 6.0000000000000018 4.9999999999999991 5.0000000000000027 7.9999999999999982 5.9999999999999991 5.0000000000000027 7.9999999999999991 6 8.9999999999999982 7 7.9999999999999991
leaf_count=8 6 8 6 5 5 8 6 5 8 6 9 7 8
internal_value=1.30875e-05 -0.0438841 -0.0860791 0.106388 -0.114627 -0.0258359 -0.0843701 -0.135097 -0.143731 -0.0494436 -0.123079 -0.0667457 0.134484
internal_weight=95 87 68 19 46 22 19 27 22 14 14 13 14
internal_count=95 87 68 19 46 22 19 27 22 14 14 13 14
is_linear=0
shrinkage=0.025


Tree=52
num_leaves=13
num_cat=0
split_feature=1 1 0 3 0 2 4 2 3 2 0 3
split_gain=2978.96 845.032 177.494 65.2448 39.6681 33.831 59.7373 15.0659 17.5009 11.2951 5.85037 5.23444
threshold=5.0000000000000009 10.000000000000002 7.0000000000000009 4.4500000000000011 11.000000000000002 3.4500000000000006 93.000000000000014 3.4500000000000006 5.0500000000000007 3.6500000000000008 13.000000000000002 4.0500000000000007
decision_type=2 2 2 2 2 2 2 2 2 2 2 2
left_child=-1 3 5 11 7 -3 -7 -4 -9 10 -6 -2
right_child=1 2 4 -5 9 6 -8 8 -10 -11 -12 -13
leaf_value=0.45558445758935884 0.1546495612590543 0.019667055395742247 -0.046731736919572248 0.024723243885315382 -0.090173381759274293 -0.080999319196916109 0.023545544365277657 -0.071294425046298571 -0.13535703924986028 -0.16411629054281449 -0.12972785419141744 0.11015141640857956
leaf_weight=7.9999999999999991 6.0000000000000027 7.0000000000000027 6.0000000000000027 4.9999999999999991 6.0000000000000062 9.9999999999999982 4.9999999999999991 7.9999999999999982 5 6.9999999999999991 13.999999999999998 7.9999999999999991
leaf_count=8 6 7 6 5 6 10 5 8 5 7 14 8
internal_value=7.49414e-06 -0.0428191 -0.0839913 0.103809 -0.111846 -0.0252096 -0.0462175 -0.0823285 -0.0977061 -0.131814 -0.118934 0.13122
internal_weight=95 87 68 19 46 22 15 19 13 27 20 14
internal_count=95 87 68 19 46 22 15 19 13 27 20 14
is_linear=0
shrinkage=0.025


Tree=53
num_leaves=14
num_cat=0
split_feature=1 1 0 3 4 2 4 0 0 3 3 3 3
split_gain=2835.37 804.454 168.989 62.0986 38.3371 32.5047 47.6049 21.7865 15.0836 9.93659 9.05356 5.61807 1.99855
threshold=5.0000000000000009 10.000000000000002 7.0000000000000009 4.4500000000000011 112.50000000000001 3.2500000000000004 93.000000000000014 17.000000000000004 11.000000000000002 4.8500000000000005 4.5500000000000007 4.1500000000000012 4.9500000000000011
decision_type=2 2 2 2 2 2 2 2 2 2 2 2 2
left_child=-1 3 5 11 8 -3 10 9 12 -6 -7 -2 -4
right_child=1 2 4 -5 7 6 -8 -9 -10 -11 -12 -13 -14
leaf_value=0.44447262825035472 0.10691619677151119 0.030428961836374703 -0.070758016467575069 0.024128937721252443 -0.078290172838247629 -0.043221643182539154 0.022979546395631937 -0.18027050999494701 -0.1060466959424641 -0.12653230399261289 -0.089804608302731653 0.15163360576956506 -0.043566906165618154
leaf_weight=7.9999999999999991 8.0000000000000018 5.0000000000000027 6.0000000000000018 4.9999999999999991 5.0000000000000062 6.0000000000000018 4.9999999999999991 4.9999999999999991 8.9999999999999982 15.999999999999998 6 5.9999999999999991 5
leaf_count=8 8 5 6 5 5 6 5 5 9 16 6 6 5
internal_value=1.03213e-05 -0.0417711 -0.0819429 0.101292 -0.109123 -0.0245851 -0.041004 -0.12965 -0.0813553 -0.115952 -0.067706 0.128035 -0.0595087
internal_weight=95 87 68 19 46 22 17 26 20 21 12 14 11
internal_count=95 87 68 19 46 22 17 26 20 21 12 14 11
is_linear=0
shrinkage=0.025


Tree=54
num_leaves=13
num_cat=0
split_feature=1 1 0 3 4 3 0 0 3 3 2 3
split_gain=2698.73 765.846 160.842 59.1041 36.46 31.4899 20.7955 14.3307 9.40956 5.89827 5.70772 1.89565
threshold=5.0000000000000009 10.000000000000002 7.0000000000000009 4.4500000000000011 112.50000000000001 4.3500000000000005 17.000000000000004 11.000000000000002 4.8500000000000005 4.6500000000000012 3.4500000000000006 4.9500000000000011
decision_type=2 2 2 2 2 2 2 2 2 2 2 2
left_child=-1 3 5 10 7 -3 8 11 -6 -7 -2 -4
right_child=1 2 4 -5 6 9 -8 -9 -10 -11 -12 -13
leaf_value=0.43363182777311748 0.14837603260793025 0.015232080130315405 -0.069046128559256723 0.02354891560971737 -0.076408198590461926 -0.030759407834308906 -0.1759370803833008 -0.10345316308995954 -0.12340804853557071 -0.065352669935072605 0.10399774120348258 -0.042519626193321662
leaf_weight=7.9999999999999991 6.0000000000000027 8.0000000000000018 6.0000000000000018 4.9999999999999991 5.0000000000000062 7.9999999999999982 4.9999999999999991 8.9999999999999982 15.999999999999998 6 7.9999999999999991 5
leaf_count=8 6 8 6 5 5 8 5 9 16 6 8 5
internal_value=1.12878e-05 -0.0407506 -0.0799468 0.0988368 -0.106463 -0.023987 -0.126485 -0.0793791 -0.113103 -0.0463848 0.124927 -0.0580748
internal_weight=95 87 68 19 46 22 26 20 21 14 14 11
internal_count=95 87 68 19 46 22 26 20 21 14 14 11
is_linear=0
shrinkage=0.025


Tree=55
num_leaves=13
num_cat=0
split_feature=1 1 0 3 4 2 4 0 0 3 3 3
split_gain=2568.68 729.098 153.079 56.2538 34.6745 30.7338 54.0305 19.8492 13.615 8.91003 5.85393 1.79788
threshold=5.0000000000000009 10.000000000000002 7.0000000000000009 4.4500000000000011 112.50000000000001 3.4500000000000006 93.000000000000014 17.000000000000004 11.000000000000002 4.8500000000000005 4.1500000000000012 4.9500000000000011
decision_type=2 2 2 2 2 2 2 2 2 2 2 2
left_child=-1 3 5 10 8 -3 -7 9 11 -6 -2 -4
right_child=1 2 4 -5 7 6 -8 -9 -10 -11 -12 -13
leaf_value=0.42305544585716437 0.10109545630289285 0.019351621717214579 -0.06737565748213277 0.02298283396432033 -0.074571461975574391 -0.076516208286378909 0.022890650652922118 -0.17170783281326296 -0.10092305864976801 -0.12036093730985385 0.14527003072322378 -0.041497517721011082
leaf_weight=7.9999999999999991 8.0000000000000018 7.0000000000000027 6.0000000000000018 4.9999999999999991 5.0000000000000062 9.9999999999999982 4.9999999999999991 4.9999999999999991 8.9999999999999982 15.999999999999998 5.9999999999999991 5
leaf_count=8 8 7 6 5 5 10 5 5 9 16 6 5
internal_value=1.16831e-05 -0.0397556 -0.0780001 0.096441 -0.103869 -0.0234055 -0.0434332 -0.123397 -0.0774509 -0.110324 0.121895 -0.0566756
internal_weight=95 87 68 19 46 22 15 26 20 21 14 11
internal_count=95 87 68 19 46 22 15 26 20 21 14 11
is_linear=0
shrinkage=0.025


Tree=56
num_leaves=13
num_cat=0
split_feature=1 1 4 3 3 0 4 2 0 3 3 3
split_gain=2444.86 694.081 145.894 57.0837 53.5408 27.5507 21.2025 24.7246 28.6059 13.1418 6.5061 2.82164
threshold=5.0000000000000009 10.000000000000002 100.00000000000001 4.3500000000000005 4.4500000000000011 15.000000000000002 93.000000000000014 3.2500000000000004 11.000000000000002 4.5500000000000007 4.0500000000000007 4.6500000000000012
decision_type=2 2 2 2 2 2 2 2 2 2 2 2
left_child=-1 4 3 -3 10 9 7 8 -5 -4 -2 -9
right_child=1 2 5 6 -6 -7 -8 11 -10 -11 -12 -13
leaf_value=0.41273703139002732 0.1428225894128122 0.01303235560088702 -0.063310022213526274 0.0030353823533424925 0.022430365389356249 -0.15692235405852159 -0.011901464800422009 -0.0719197825743602 -0.080366188287734966 -0.11079624681682379 0.097822838499233511 -0.1070733675112327
leaf_weight=7.9999999999999991 6.0000000000000027 8.9999999999999982 6.0000000000000027 5.0000000000000053 4.9999999999999991 7.9999999999999991 4.9999999999999991 4.9999999999999982 5 18 7.9999999999999991 7
leaf_count=8 6 9 6 5 5 8 5 5 5 18 8 7
internal_value=1.50263e-05 -0.0387817 -0.0760968 -0.0411677 0.0941034 -0.114853 -0.0592433 -0.0697424 -0.039301 -0.0995977 0.118936 -0.0939476
internal_weight=95 87 68 36 19 32 27 22 10 24 14 12
internal_count=95 87 68 36 19 32 27 22 10 24 14 12
is_linear=0
shrinkage=0.025


Tree=57
num_leaves=13
num_cat=0
split_feature=1 1 0 3 0 2 4 3 2 3 3 0
split_gain=2327 660.742 140.26 50.9587 31.1548 28.3233 49.7131 12.9203 11.0609 6.21306 5.18405 5.00748
threshold=5.0000000000000009 10.000000000000002 7.0000000000000009 4.4500000000000011 11.000000000000002 3.4500000000000006 93.000000000000014 5.0500000000000007 3.6500000000000008 4.1500000000000012 4.8500000000000005 13.000000000000002
decision_type=2 2 2 2 2 2 2 2 2 2 2 2
left_child=-1 3 5 9 7 -3 -7 10 11 -2 -4 -6
right_child=1 2 4 -5 8 6 -8 -9 -10 -11 -12 -13
leaf_value=0.40267026191804467 0.095420622916483275 0.019050968852308055 -0.069850275919931662 0.021891172889333507 -0.078409433653277641 -0.072949861442925895 0.02238673951763373 -0.10396602862784939 -0.14765580561425951 0.13938874870298371 -0.034305251905551323 -0.1142668815565781
leaf_weight=7.9999999999999991 8.0000000000000018 7.0000000000000027 8.0000000000000018 4.9999999999999991 6.0000000000000062 9.9999999999999982 4.9999999999999991 5.9999999999999991 6.9999999999999991 5.9999999999999991 4.9999999999999991 13.999999999999998
leaf_count=8 8 7 8 5 6 10 5 6 7 6 5 14
internal_value=1.86983e-05 -0.037831 -0.0742391 0.0918226 -0.0990011 -0.0219825 -0.0412123 -0.0728255 -0.116704 0.11605 -0.0570007 -0.104454
internal_weight=95 87 68 19 46 22 15 19 27 14 13 20
internal_count=95 87 68 19 46 22 15 19 27 14 13 20
is_linear=0
shrinkage=0.025


Tree=58
num_leaves=13
num_cat=0
split_feature=1 1 0 3 4 3 0 2 0 3 3 3
split_gain=2214.83 629.01 133.536 48.5009 30.7285 27.92 17.9409 12.9332 11.2911 7.87793 6.82147 1.62712
threshold=5.0000000000000009 10.000000000000002 7.0000000000000009 4.4500000000000011 112.50000000000001 4.2500000000000009 17.000000000000004 3.4500000000000006 11.000000000000002 4.8500000000000005 4.0500000000000007 4.9500000000000011
decision_type=2 2 2 2 2 2 2 2 2 2 2 2
left_child=-1 3 5 10 8 -3 9 -7 11 -6 -2 -4
right_child=1 2 4 -5 6 7 -8 -9 -10 -11 -12 -13
leaf_value=0.39284903886841566 0.13705864192978021 0.023863875385253648 -0.062873140536248651 0.02136494153394149 -0.069053770601749317 -0.0046827614593964355 -0.16074021825423609 -0.053527771654937953 -0.093171480427617637 -0.11200758365937223 0.09230529039007862 -0.038405494965039762
leaf_weight=7.9999999999999991 6.0000000000000027 6.0000000000000027 6.0000000000000018 4.9999999999999991 5.0000000000000062 4.9999999999999991 4.9999999999999991 10.999999999999998 8.9999999999999982 15.999999999999998 7.9999999999999991 5
leaf_count=8 6 6 6 5 5 5 5 11 9 16 8 5
internal_value=2.17452e-05 -0.0369042 -0.0724275 0.0895971 -0.0965888 -0.0214372 -0.11496 -0.0385871 -0.0717426 -0.102587 0.113234 -0.0527475
internal_weight=95 87 68 19 46 22 26 16 20 21 14 11
internal_count=95 87 68 19 46 22 26 16 20 21 14 11
is_linear=0
shrinkage=0.025


Tree=59
num_leaves=13
num_cat=0
split_feature=1 1 0 3 4 3 0 2 0 3 2 3
split_gain=2108.07 598.813 127.122 46.1616 29.2232 26.5776 17.1226 12.3009 10.7259 7.45929 6.7106 1.54298
threshold=5.0000000000000009 10.000000000000002 7.0000000000000009 4.4500000000000011 112.50000000000001 4.2500000000000009 17.000000000000004 3.4500000000000006 11.000000000000002 4.8500000000000005 3.4500000000000006 4.9500000000000011
decision_type=2 2 2 2 2 2 2 2 2 2 2 2
left_child=-1 3 5 10 8 -3 9 -7 11 -6 -2 -4
right_child=1 2 4 -5 6 7 -8 -9 -10 -11 -12 -13
leaf_value=0.38326735380219257 0.13399085479397921 0.023286524607289208 -0.061352017379906601 0.020851362553926615 -0.067393823082630352 -0.0045701937893262278 -0.15687626462716325 -0.05221347287297249 -0.090892829195312858 -0.10924196346306508 0.089866311666442142 -0.037482285929413932
leaf_weight=7.9999999999999991 6.0000000000000027 6.0000000000000027 6.0000000000000018 4.9999999999999991 5.0000000000000062 4.9999999999999991 4.9999999999999991 10.999999999999998 8.9999999999999982 15.999999999999998 7.9999999999999991 5
leaf_count=8 6 6 6 5 5 5 5 11 9 16 8 5
internal_value=2.37217e-05 -0.036001 -0.0706614 0.0874257 -0.0942355 -0.020909 -0.112154 -0.0376423 -0.0700002 -0.100067 0.110486 -0.0514768
internal_weight=95 87 68 19 46 22 26 16 20 21 14 11
internal_count=95 87 68 19 46 22 26 16 20 21 14 11
is_linear=0
shrinkage=0.025


Tree=60
num_leaves=13
num_cat=0
split_feature=1 1 4 3 3 0 4 2 0 3 3 3
split_gain=2006.47 570.067 121.119 48.0399 43.9349 23.93 18.6655 23.99 24.3143 11.4624 6.97967 2.98118
threshold=5.0000000000000009 10.000000000000002 100.00000000000001 4.3500000000000005 4.4500000000000011 15.000000000000002 93.000000000000014 3.2500000000000004 11.000000000000002 4.6500000000000012 4.1500000000000012 4.6500000000000012
decision_type=2 2 2 2 2 2 2 2 2 2 2 2
left_child=-1 4 3 -3 10 9 7 8 -5 -4 -2 -9
right_child=1 2 5 6 -6 -7 -8 11 -10 -11 -12 -13
leaf_value=0.3739193770943619 0.087158794119590641 0.012590262565113931 -0.059620095665256147 0.0051957138742391822 0.020350126606913713 -0.14335242480766483 -0.0093535940521038488 -0.065821518462437861 -0.071607668583209688 -0.10172371386095536 0.13143114474031234 -0.100246789596147
leaf_weight=7.9999999999999991 8.0000000000000018 8.9999999999999982 7.0000000000000027 5.0000000000000053 4.9999999999999991 7.9999999999999991 4.9999999999999991 4.9999999999999982 5 17 5.9999999999999991 7
leaf_count=8 8 9 7 5 5 8 5 5 5 17 6 7
internal_value=2.55577e-05 -0.0351199 -0.0689384 -0.0371119 0.0853071 -0.104252 -0.0536959 -0.0635424 -0.0337345 -0.0900894 0.107805 -0.0873196
internal_weight=95 87 68 36 19 32 27 22 10 24 14 12
internal_count=95 87 68 36 19 32 27 22 10 24 14 12
is_linear=0
shrinkage=0.025


Tree=61
num_leaves=13
num_cat=0
split_feature=1 1 0 3 3 2 4 2 0 3 3 3
split_gain=1909.74 542.691 116.514 41.8156 26.673 24.7749 37.7724 23.9805 18.0398 9.07621 7.23138 6.40692
threshold=5.0000000000000009 10.000000000000002 7.0000000000000009 4.4500000000000011 4.3500000000000005 3.2500000000000004 93.000000000000014 3.1500000000000008 15.000000000000002 5.0500000000000007 4.0500000000000007 4.5500000000000007
decision_type=2 2 2 2 2 2 2 2 2 2 2 2
left_child=-1 3 5 10 -4 -3 11 -6 9 -9 -2 -7
right_child=1 2 4 -5 7 6 -8 8 -10 -11 -12 -13
leaf_value=0.36479938379148164 0.12892607508167137 0.028352982493547275 -0.033204305007194096 0.019860940254651585 -0.058007022641275247 -0.037064513900587619 0.022934189553444201 -0.077590195428241374 -0.14479187031586968 -0.11244930243882978 0.084522815230416104 -0.076427271817961037
leaf_weight=7.9999999999999991 6.0000000000000027 5.0000000000000027 4.9999999999999991 4.9999999999999991 8.9999999999999982 6.0000000000000018 4.9999999999999991 13.000000000000002 6.9999999999999991 11.999999999999998 7.9999999999999991 6
leaf_count=8 6 5 5 5 9 6 5 13 7 12 8 6
internal_value=2.84063e-05 -0.0342592 -0.067256 0.0832399 -0.0898247 -0.0196264 -0.0339762 -0.0965046 -0.106866 -0.0951318 0.105189 -0.0577786
internal_weight=95 87 68 19 46 22 17 41 32 25 14 12
internal_count=95 87 68 19 46 22 17 41 32 25 14 12
is_linear=0
shrinkage=0.025


Tree=62
num_leaves=13
num_cat=0
split_feature=1 1 0 3 3 2 4 4 0 3 3 3
split_gain=1817.67 516.614 110.872 39.7985 25.3608 23.8248 43.1182 23.0049 12.6575 7.23096 5.00233 0.588448
threshold=5.0000000000000009 10.000000000000002 7.0000000000000009 4.4500000000000011 4.3500000000000005 3.4500000000000006 93.000000000000014 100.00000000000001 15.000000000000002 4.1500000000000012 5.0500000000000007 4.9500000000000011
decision_type=2 2 2 2 2 2 2 2 2 2 2 2
left_child=-1 3 5 9 -4 -3 -7 10 11 -2 -6 -9
right_child=1 2 4 -5 7 6 -8 8 -10 -11 -12 -13
leaf_value=0.35590183502290312 0.08215918013962302 0.018460096418857565 -0.032406123663083868 0.019383514070740113 -0.047283462341874839 -0.066362412894765549 0.022382886707782747 -0.081384330210478362 -0.13658910030271951 0.12620645045272766 -0.082396264927041135 -0.10299840452415604
leaf_weight=7.9999999999999991 8.0000000000000018 7.0000000000000027 4.9999999999999991 4.9999999999999991 6.9999999999999982 9.9999999999999982 4.9999999999999991 9.0000000000000053 7.9999999999999991 5.9999999999999991 6 10.999999999999998
leaf_count=8 8 7 5 5 7 10 5 9 8 6 6 11
internal_value=3.28096e-05 -0.0334177 -0.0656122 0.0812229 -0.0876279 -0.0191483 -0.0367931 -0.0941419 -0.107264 0.102636 -0.064587 -0.094236
internal_weight=95 87 68 19 46 22 15 41 28 14 13 20
internal_count=95 87 68 19 46 22 15 41 28 14 13 20
is_linear=0
shrinkage=0.025


Tree=63
num_leaves=13
num_cat=0
split_feature=1 1 0 3 4 3 0 2 0 3 3 3
split_gain=1730.05 491.807 105.559 37.8785 24.2058 23.3995 14.867 9.81769 9.17292 7.46006 5.67668 1.60029
threshold=5.0000000000000009 10.000000000000002 7.0000000000000009 4.4500000000000011 112.50000000000001 4.2500000000000009 17.000000000000004 3.4500000000000006 11.000000000000002 4.0500000000000007 4.8500000000000005 4.9500000000000011
decision_type=2 2 2 2 2 2 2 2 2 2 2 2
left_child=-1 3 5 9 8 -3 10 -7 11 -2 -6 -4
right_child=1 2 4 -5 6 7 -8 -9 -10 -11 -12 -13
leaf_value=0.34722131694235459 0.12381917363212946 0.022773419464788117 -0.056043768469845073 0.018917565792798997 -0.061663280083582864 -0.0047709601429792546 -0.14331250442908358 -0.047403294840062574 -0.082721680273180442 0.079651659618063683 -0.098696501461076169 -0.032740647317125247
leaf_weight=7.9999999999999991 6.0000000000000027 6.0000000000000027 6.0000000000000018 4.9999999999999991 5.0000000000000062 4.9999999999999991 4.9999999999999991 10.999999999999998 8.9999999999999982 7.9999999999999991 15.999999999999998 5
leaf_count=8 6 6 6 5 5 5 5 11 9 8 16 5
internal_value=3.52767e-05 -0.0325987 -0.064011 0.0792549 -0.0854928 -0.0186726 -0.101804 -0.0343812 -0.0634288 0.100146 -0.0906029 -0.0463369
internal_weight=95 87 68 19 46 22 26 16 20 14 21 11
internal_count=95 87 68 19 46 22 26 16 20 14 21 11
is_linear=0
shrinkage=0.025


Tree=64
num_leaves=13
num_cat=0
split_feature=1 1 0 3 3 3 2 0 2 3 2 3
split_gain=1646.66 468.203 100.489 36.0511 23.5982 22.275 21.9694 15.7037 9.33702 8.12443 7.47298 0.315123
threshold=5.0000000000000009 10.000000000000002 7.0000000000000009 4.4500000000000011 4.3500000000000005 4.2500000000000009 3.1500000000000008 15.000000000000002 3.4500000000000006 5.0500000000000007 3.4500000000000006 4.8500000000000005
decision_type=2 2 2 2 2 2 2 2 2 2 2 2
left_child=-1 3 5 10 -4 -3 -6 9 -7 11 -2 -8
right_child=1 2 4 -5 6 8 7 -9 -10 -11 -12 -13
leaf_value=0.33875250292987363 0.12125322684164963 0.022222450952376079 -0.030198874009343298 0.018462814447971491 -0.052964041224154448 -0.0046562745020939751 -0.080401874085267361 -0.13498967786629998 -0.046239375475228633 -0.10497676974437278 0.077384057241242116 -0.059914254901870592
leaf_weight=7.9999999999999991 6.0000000000000027 6.0000000000000027 4.9999999999999991 4.9999999999999991 8.9999999999999982 4.9999999999999991 7.0000000000000018 6.9999999999999991 10.999999999999998 11.999999999999998 7.9999999999999991 6
leaf_count=8 6 6 5 5 9 5 7 7 11 12 8 6
internal_value=3.64972e-05 -0.031801 -0.0624505 0.0773347 -0.0834103 -0.0182124 -0.0896911 -0.0995886 -0.0335397 -0.0886341 0.0977161 -0.0720918
internal_weight=95 87 68 19 46 22 41 32 16 25 14 13
internal_count=95 87 68 19 46 22 41 32 16 25 14 13
is_linear=0
shrinkage=0.025


Tree=65
num_leaves=14
num_cat=0
split_feature=1 1 0 0 3 2 4 2 0 3 3 3 3
split_gain=1567.29 445.733 95.6637 34.7264 22.4447 21.7693 34.0297 20.9072 14.9491 7.70359 5.78216 5.30907 0.29157
threshold=5.0000000000000009 10.000000000000002 7.0000000000000009 5.0000000000000009 4.3500000000000005 3.2500000000000004 93.000000000000014 3.1500000000000008 15.000000000000002 5.0500000000000007 4.6500000000000012 4.1500000000000012 4.8500000000000005
decision_type=2 2 2 2 2 2 2 2 2 2 2 2 2
left_child=-1 3 5 11 -4 -3 10 -6 9 12 -7 -2 -9
right_child=1 2 4 -5 7 6 -8 8 -10 -11 -12 -13 -14
leaf_value=0.33049024663320409 0.11842067688703531 0.027192634086196224 -0.029472940085599055 0.024358822261133502 -0.051668724887396981 -0.03699710969295765 0.022762798403318116 -0.07844766130050021 -0.13170868058999383 -0.10239537563480317 -0.074805576519037659 0.077933389114009002 -0.058464715515653923
leaf_weight=7.9999999999999991 6.0000000000000018 5.0000000000000027 4.9999999999999991 5.9999999999999991 8.9999999999999982 7.0000000000000018 4.9999999999999991 7.0000000000000018 6.9999999999999991 11.999999999999998 5 7 6
leaf_count=8 6 5 5 6 9 7 5 7 7 12 5 7 6
internal_value=3.76191e-05 -0.0310228 -0.060928 0.0754611 -0.0813786 -0.0177635 -0.031221 -0.0875044 -0.0971609 -0.0864694 -0.0538212 0.0982257 -0.070345
internal_weight=95 87 68 19 46 22 17 41 32 25 12 13 13
internal_count=95 87 68 19 46 22 17 41 32 25 12 13 13
is_linear=0
shrinkage=0.025


Tree=66
num_leaves=13
num_cat=0
split_feature=1 1 0 3 2 3 4 4 1 3 3 3
split_gain=1491.76 424.37 91.3569 41.3758 36.7561 33.5021 19.0384 21.025 10.5238 8.31221 3.43089 1.68244
threshold=5.0000000000000009 10.000000000000002 9.0000000000000018 4.1500000000000012 3.2500000000000004 4.4500000000000011 93.000000000000014 100.00000000000001 26.000000000000004 4.1500000000000012 5.2500000000000009 4.6500000000000012
decision_type=2 2 2 2 2 2 2 2 2 2 2 2
left_child=-1 5 3 -3 -5 9 11 -8 10 -2 -4 -6
right_child=1 2 8 4 6 -7 7 -9 -10 -11 -12 -13
leaf_value=0.32242951218674826 0.072533719823127812 0.035097847678340399 -0.069928415930223503 0.019257519451471465 -0.061366664907998483 0.016918309090229181 0.002410355293672652 -0.066002555535389806 -0.11565783096522822 0.11750746523180317 -0.09437497530294503 -0.087864839309646225
leaf_weight=7.9999999999999991 8.0000000000000018 4.9999999999999991 17.000000000000004 5.0000000000000027 7.0000000000000018 4.9999999999999991 5.9999999999999982 5 7.9999999999999991 5.9999999999999991 8.9999999999999982 6
leaf_count=8 8 5 17 5 7 5 6 5 8 6 9 6
internal_value=3.7648e-05 -0.0302648 -0.0594448 -0.0301454 -0.0416004 0.0736353 -0.0543852 -0.0291981 -0.08836 0.0932798 -0.0790942 -0.0748373
internal_weight=95 87 68 34 29 19 24 11 34 14 26 13
internal_count=95 87 68 34 29 19 24 11 34 14 26 13
is_linear=0
shrinkage=0.025


Tree=67
num_leaves=13
num_cat=0
split_feature=1 1 4 3 0 0 4 2 0 3 3 3
split_gain=1419.83 403.981 87.8525 36.188 32.4321 17.5277 12.8194 24.6679 26.501 8.21185 5.34804 2.59178
threshold=5.0000000000000009 10.000000000000002 100.00000000000001 4.2500000000000009 5.0000000000000009 15.000000000000002 93.000000000000014 3.2500000000000004 9.0000000000000018 4.6500000000000012 4.1500000000000012 4.6500000000000012
decision_type=2 2 2 2 2 2 2 2 2 2 2 2
left_child=-1 4 3 -3 10 9 7 8 -5 -4 -2 -9
right_child=1 2 5 6 -6 -7 -8 11 -10 -11 -12 -13
leaf_value=0.31456537421156727 0.11380081532462945 0.019575044812841547 -0.050120948751767452 0.018794597828617442 0.022506067397132998 -0.12151712455400608 -0.0061642136997901477 -0.056440088095573285 -0.055400861675540591 -0.085811117984527785 0.073881620996528188 -0.087641438045021558
leaf_weight=7.9999999999999991 6.0000000000000018 6.9999999999999991 7.0000000000000027 5.0000000000000053 5.9999999999999991 7.9999999999999991 4.9999999999999991 4.9999999999999982 7 17 7 7
leaf_count=8 6 7 7 5 6 8 5 5 7 17 7 7
internal_value=4.14836e-05 -0.0295211 -0.0579917 -0.0308847 0.0718516 -0.0880672 -0.043158 -0.0506988 -0.0245823 -0.0759534 0.0938457 -0.0758817
internal_weight=95 87 68 36 19 32 29 24 12 24 13 12
internal_count=95 87 68 36 19 32 29 24 12 24 13 12
is_linear=0
shrinkage=0.025


Tree=68
num_leaves=13
num_cat=0
split_feature=1 1 0 2 3 4 3 0 0 2 3 3
split_gain=1351.37 384.589 84.1782 32.4066 57.1303 19.7562 19.1941 12.6274 7.64069 7.37611 4.1878 1.52913
threshold=5.0000000000000009 10.000000000000002 7.0000000000000009 3.4500000000000006 4.2500000000000009 112.50000000000001 4.2500000000000009 17.000000000000004 11.000000000000002 3.4500000000000006 4.8500000000000005 4.9500000000000011
decision_type=2 2 2 2 2 2 2 2 2 2 2 2
left_child=-1 3 6 -2 -5 8 -3 10 11 -8 -7 -4
right_child=1 2 5 4 -6 7 9 -9 -10 -11 -12 -13
leaf_value=0.30689303089932701 0.10814230474756983 0.021426150202751151 -0.049554610612892312 0.091716344125809215 -0.021006391082818689 -0.055020629270718574 -0.0045956284953997681 -0.12853430990989392 -0.073409766477087274 -0.041614220038588556 -0.087260168937989241 -0.027512811727893462
leaf_weight=7.9999999999999991 8.0000000000000018 6.0000000000000027 6.0000000000000018 5.9999999999999982 5 5.0000000000000062 4.9999999999999991 4.9999999999999991 8.9999999999999982 10.999999999999998 15.999999999999998 5
leaf_count=8 8 6 6 6 5 5 5 5 9 11 16 5
internal_value=4.50417e-05 -0.0287957 -0.0565749 0.0701133 0.040907 -0.0757581 -0.0160871 -0.0904809 -0.0558503 -0.0303226 -0.0802345 -0.0403174
internal_weight=95 87 68 19 11 46 22 26 20 16 21 11
internal_count=95 87 68 19 11 46 22 26 20 16 21 11
is_linear=0
shrinkage=0.025


Tree=69
num_leaves=13
num_cat=0
split_feature=0 1 1 2 3 3 2 4 0 0 3 2
split_gain=1288.63 344.569 120.983 70.2152 59.9138 31.945 19.9044 19.7856 18.9502 5.88113 4.46678 0.141667
threshold=5.0000000000000009 7.0000000000000009 14.000000000000002 3.2500000000000004 4.3500000000000005 4.7500000000000009 3.8500000000000001 93.000000000000014 9.0000000000000018 15.000000000000002 4.1500000000000012 3.5500000000000003
decision_type=2 2 2 2 2 2 2 2 2 2 2 2
left_child=1 -1 3 4 -2 7 8 -5 -4 11 -3 -10
right_child=2 10 6 5 -6 -7 -8 -9 9 -11 -12 -13
leaf_value=0.29940784326413777 -0.016389902165302856 0.10862992396277765 -0.033549692316750146 -0.040071097852253323 0.10406831084535671 -0.089844549705202767 -0.11734107982727789 0.022295391960785942 -0.059843407510245396 -0.093856686353683494 0.071422265263067344 -0.074585642374080163
leaf_weight=8 5.0000000000000018 6 8.9999999999999982 8.0000000000000018 5 4.9999999999999991 5.9999999999999991 4.9999999999999991 12.000000000000005 9.9999999999999982 7 8.9999999999999982
leaf_count=8 5 6 9 8 5 5 6 5 12 10 7 9
internal_value=4.40306e-05 0.171952 -0.0490559 -0.0079401 0.0445762 -0.0373538 -0.0739132 -0.0160149 -0.0668165 -0.0761576 0.0900754 -0.0668645
internal_weight=95 21 74 28 10 18 46 13 40 31 13 21
internal_count=95 21 74 28 10 18 46 13 40 31 13 21
is_linear=0
shrinkage=0.025


Tree=70
num_leaves=13
num_cat=0
split_feature=0 1 1 2 3 3 2 4 0 0 3 2
split_gain=1226.65 327.896 115.149 66.8652 57.0722 30.4338 18.9629 18.8386 18.0257 5.58884 4.24811 0.130581
threshold=5.0000000000000009 7.0000000000000009 14.000000000000002 3.2500000000000004 4.3500000000000005 4.7500000000000009 3.8500000000000001 93.000000000000014 9.0000000000000018 15.000000000000002 4.1500000000000012 3.5500000000000003
decision_type=2 2 2 2 2 2 2 2 2 2 2 2
left_child=1 -1 3 4 -2 7 8 -5 -4 11 -3 -10
right_child=2 10 6 5 -6 -7 -8 -9 9 -11 -12 -13
leaf_value=0.29210521011817747 -0.015995912597729603 0.10600177828342683 -0.032729182556352536 -0.039093754040758766 0.10156667180932484 -0.087684824260381544 -0.11450218366038414 0.021759445621417121 -0.058371847764146105 -0.091556279857953407 0.069686308544543038 -0.072761536162832513
leaf_weight=8 5.0000000000000018 6 8.9999999999999982 8.0000000000000018 5 4.9999999999999991 5.9999999999999991 4.9999999999999991 12.000000000000005 9.9999999999999982 7 8.9999999999999982
leaf_count=8 5 6 9 8 5 5 6 5 12 10 7 9
internal_value=4.58363e-05 0.16777 -0.0478585 -0.00774513 0.0435018 -0.0364495 -0.0721091 -0.0156189 -0.065181 -0.0742922 0.0878941 -0.0652261
internal_weight=95 21 74 28 10 18 46 13 40 31 13 21
internal_count=95 21 74 28 10 18 46 13 40 31 13 21
is_linear=0
shrinkage=0.025


Tree=71
num_leaves=13
num_cat=0
split_feature=0 1 1 2 3 3 4 4 0 2 3 3
split_gain=1167.66 312.03 109.596 63.675 54.3654 28.9941 18.6492 17.937 11.4525 7.41405 4.03994 3.75123
threshold=5.0000000000000009 7.0000000000000009 14.000000000000002 3.2500000000000004 4.3500000000000005 4.7500000000000009 112.50000000000001 93.000000000000014 17.000000000000004 3.4500000000000006 4.1500000000000012 4.8500000000000005
decision_type=2 2 2 2 2 2 2 2 2 2 2 2
left_child=1 -1 3 4 -2 7 9 -5 11 -4 -3 -8
right_child=2 10 6 5 -6 -7 8 -9 -10 -11 -12 -13
leaf_value=0.2849807032724706 -0.015611396729946129 0.10343722150691093 -0.032783073527009578 -0.038140247544137432 0.099125165836169149 -0.08557701517756168 -0.051105998513790211 0.021236382482143549 -0.12076427821929639 -0.065106012585705961 0.067992543843057404 -0.081519153677387018
leaf_weight=8 5.0000000000000018 6 9.0000000000000018 8.0000000000000018 5 4.9999999999999991 5.0000000000000062 4.9999999999999991 4.9999999999999991 10.999999999999998 7 15.999999999999998
leaf_count=8 5 6 9 8 5 5 5 5 5 11 7 16
internal_value=4.74978e-05 0.163689 -0.0466904 -0.00755495 0.0424531 -0.0355671 -0.0703491 -0.0152326 -0.0846121 -0.0510912 0.0857657 -0.0748873
internal_weight=95 21 74 28 10 18 46 13 26 20 13 21
internal_count=95 21 74 28 10 18 46 13 26 20 13 21
is_linear=0
shrinkage=0.025


Tree=72
num_leaves=12
num_cat=0
split_feature=0 1 1 2 3 2 0 4 0 3 2
split_gain=1111.5 296.931 104.308 60.8743 23.8011 17.9377 16.9814 9.78172 5.17351 3.84176 0.0729173
threshold=5.0000000000000009 7.0000000000000009 14.000000000000002 3.4500000000000006 4.3500000000000005 3.8500000000000001 9.0000000000000018 93.000000000000014 15.000000000000002 4.1500000000000012 3.5500000000000003
decision_type=2 2 2 2 2 2 2 2 2 2 2
left_child=1 -1 3 4 -2 6 -4 -5 10 -3 -8
right_child=2 9 5 7 -6 -7 8 -9 -10 -11 -12
leaf_value=0.27802995268891495 -0.00046277615812516967 0.10093470493391635 -0.030460984802440458 -0.054104248711875851 0.069163883213073971 -0.10980002995460264 -0.055580669397213393 -0.013008365515739688 -0.087328058714960147 0.066339945668975497 -0.069122169847073769
leaf_weight=8 6.0000000000000018 6 8.9999999999999982 9.9999999999999982 6 5.9999999999999991 12.000000000000005 5.9999999999999991 9.9999999999999982 7 8.9999999999999982
leaf_count=8 6 6 9 10 6 6 12 6 10 7 9
internal_value=4.95218e-05 0.159707 -0.0455502 -0.00736944 0.0348112 -0.0686311 -0.0619091 -0.0391213 -0.0707453 0.0836888 -0.0620405
internal_weight=95 21 74 28 12 46 40 16 31 13 21
internal_count=95 21 74 28 12 46 40 16 31 13 21
is_linear=0
shrinkage=0.025


Tree=73
num_leaves=13
num_cat=0
split_feature=0 1 1 3 2 3 4 4 0 2 3 3
split_gain=1058.03 282.562 99.2861 58.577 39.7324 40.865 25.478 17.6813 10.6527 7.01066 3.65312 3.58942
threshold=5.0000000000000009 7.0000000000000009 14.000000000000002 4.7500000000000009 3.4500000000000006 4.3500000000000005 93.000000000000014 112.50000000000001 17.000000000000004 3.4500000000000006 4.1500000000000012 4.9500000000000011
decision_type=2 2 2 2 2 2 2 2 2 2 2 2
left_child=1 -1 3 4 5 -2 -6 9 11 -4 -3 -9
right_child=2 10 7 -5 6 -7 -8 8 -10 -11 -12 -13
leaf_value=0.27124873661413423 -0.0004515799783891243 0.098492737426873159 -0.030499713122844687 -0.083009505271911616 -0.05166838405032953 0.095079754178340595 0.021038592778719386 -0.054667815420685696 -0.11565402356477883 -0.061842386437846092 0.064727517093221332 -0.080716975620298684
leaf_weight=8 6.0000000000000053 6 9.0000000000000018 4.9999999999999991 6.9999999999999982 5 5 8.0000000000000053 4.9999999999999991 10.999999999999998 7 12.999999999999998
leaf_count=8 6 6 9 5 7 5 5 8 5 11 7 13
internal_value=5.16111e-05 0.155822 -0.0444376 -0.00718603 0.00981695 0.0437826 -0.0214231 -0.0669561 -0.080826 -0.0482417 0.0816624 -0.0714618
internal_weight=95 21 74 28 23 11 12 46 26 20 13 21
internal_count=95 21 74 28 23 11 12 46 26 20 13 21
is_linear=0
shrinkage=0.025


Tree=74
num_leaves=14
num_cat=0
split_feature=0 1 1 3 2 3 4 3 2 0 3 3 3
split_gain=1007.15 268.888 94.4979 55.799 37.8303 38.928 24.2604 16.9753 17.1177 10.7833 6.48067 3.47354 0.536416
threshold=5.0000000000000009 7.0000000000000009 14.000000000000002 4.7500000000000009 3.4500000000000006 4.3500000000000005 93.000000000000014 4.3500000000000005 3.1500000000000008 15.000000000000002 5.0500000000000007 4.1500000000000012 4.8500000000000005
decision_type=2 2 2 2 2 2 2 2 2 2 2 2 2
left_child=1 -1 3 4 5 -2 -6 -4 -9 10 12 -3 -10
right_child=2 11 7 -5 6 -7 -8 8 9 -11 -12 -13 -14
leaf_value=0.26463292052106158 -0.000440654543138319 0.096109847090537492 -0.020465862063261179 -0.081014085045227641 -0.050412555680506767 0.092794180833376358 0.020532858543671092 -0.038590172176127854 -0.063362398329708289 -0.10852510134379068 -0.084577189508031642 0.063154280847973282 -0.045281766090662243
leaf_weight=8 6.0000000000000053 6 4.9999999999999991 4.9999999999999991 6.9999999999999982 5 5 8.9999999999999982 7.0000000000000018 6.9999999999999991 11.999999999999998 7 6
leaf_count=8 6 6 5 5 7 5 5 9 7 7 12 7 6
internal_value=5.27941e-05 0.152032 -0.0433532 -0.00700976 0.00958397 0.0427275 -0.0208975 -0.0653221 -0.0706361 -0.0793146 -0.0702896 0.079685 -0.0559247
internal_weight=95 21 74 28 23 11 12 46 41 32 25 13 13
internal_count=95 21 74 28 23 11 12 46 41 32 25 13 13
is_linear=0
shrinkage=0.025


Tree=75
num_leaves=13
num_cat=0
split_feature=0 1 1 3 2 3 4 2 0 0 3 2
split_gain=958.742 255.874 89.9517 53.1528 36.0192 37.0829 23.1011 16.6592 15.6812 4.55738 3.3026 0.0943442
threshold=5.0000000000000009 7.0000000000000009 14.000000000000002 4.7500000000000009 3.4500000000000006 4.3500000000000005 93.000000000000014 3.8500000000000001 9.0000000000000018 15.000000000000002 4.1500000000000012 3.5500000000000003
decision_type=2 2 2 2 2 2 2 2 2 2 2 2
left_child=1 -1 3 4 5 -2 -6 8 -4 11 -3 -10
right_child=2 10 7 -5 6 -7 -8 -9 9 -11 -12 -13
leaf_value=0.25817845347450996 -0.00042999252196281143 0.093784610368311386 -0.027141181055618371 -0.079066629650501097 -0.049187250476744444 0.090563554947192829 0.020039280503988264 -0.10330649470129322 -0.051501095685802495 -0.081308002448549466 0.061619280154506351 -0.064297811039116068
leaf_weight=8 6.0000000000000053 6 8.9999999999999982 4.9999999999999991 6.9999999999999982 5 5 5.9999999999999991 12.000000000000005 9.9999999999999982 7 8.9999999999999982
leaf_count=8 6 6 9 5 7 5 5 6 12 10 7 9
internal_value=5.21728e-05 0.148334 -0.0422974 -0.0068378 0.00935649 0.0416977 -0.0203847 -0.0637315 -0.0572797 -0.0657595 0.0777556 -0.0575992
internal_weight=95 21 74 28 23 11 12 46 40 31 13 21
internal_count=95 21 74 28 23 11 12 46 40 31 13 21
is_linear=0
shrinkage=0.025


Tree=76
num_leaves=14
num_cat=0
split_feature=0 1 1 3 2 3 4 4 0 0 3 3 3
split_gain=912.639 243.491 85.6142 50.632 34.2946 35.3254 21.9972 16.2171 9.67528 6.7855 3.1399 3.00382 1.50597
threshold=5.0000000000000009 7.0000000000000009 14.000000000000002 4.7500000000000009 3.4500000000000006 4.3500000000000005 93.000000000000014 112.50000000000001 17.000000000000004 11.000000000000002 4.1500000000000012 4.9500000000000011 4.9500000000000011
decision_type=2 2 2 2 2 2 2 2 2 2 2 2 2
left_child=1 -1 3 4 5 -2 -6 9 11 12 -3 -9 -4
right_child=2 10 7 -5 6 -7 -8 8 -10 -11 -12 -13 -14
leaf_value=0.25188142410138753 -0.00041959006940164834 0.091515630591780903 -0.038715352502561362 -0.07716598825959059 -0.047991726381911182 0.088386545158349539 0.019557566367662871 -0.051047847801592251 -0.10854104596834915 -0.060619642747485131 0.060121589278181391 -0.075073351823922385 -0.018189803396279996
leaf_weight=8 6.0000000000000053 6 6.0000000000000018 4.9999999999999991 6.9999999999999982 5 5 8.0000000000000053 4.9999999999999991 8.9999999999999982 7 12.999999999999998 5
leaf_count=8 6 6 6 5 7 5 5 8 5 9 7 13 5
internal_value=5.31247e-05 0.144726 -0.0412654 -0.00667006 0.00913437 0.0406927 -0.0198845 -0.0621763 -0.0754379 -0.0442982 0.0758729 -0.0665477 -0.0299886
internal_weight=95 21 74 28 23 11 12 46 26 20 13 21 11
internal_count=95 21 74 28 23 11 12 46 26 20 13 21 11
is_linear=0
shrinkage=0.025


Tree=77
num_leaves=13
num_cat=0
split_feature=0 1 1 3 2 3 4 2 0 0 3 2
split_gain=868.78 231.706 81.4985 48.2307 32.6525 33.6512 20.9461 16.0044 14.4256 4.149 2.98502 2.38156
threshold=5.0000000000000009 7.0000000000000009 14.000000000000002 4.7500000000000009 3.4500000000000006 4.3500000000000005 93.000000000000014 3.8500000000000001 9.0000000000000018 13.000000000000002 4.1500000000000012 3.5500000000000003
decision_type=2 2 2 2 2 2 2 2 2 2 2 2
left_child=1 -1 3 4 5 -2 -6 8 -4 11 -3 -10
right_child=2 10 7 -5 6 -7 -8 -9 9 -11 -12 -13
leaf_value=0.24573795664601206 -0.00040943817265572048 0.089301539693147899 -0.025466777902582418 -0.075311038127312296 -0.046825261517531344 0.086261868820740606 0.019087432439510638 -0.099378482276393523 -0.038151636295434464 -0.072990158200263985 0.058660301731692413 -0.0612029655472092
leaf_weight=8 6.0000000000000053 6 8.9999999999999982 4.9999999999999991 6.9999999999999982 5 5 5.9999999999999991 7.0000000000000062 14.999999999999998 7 8.9999999999999982
leaf_count=8 6 6 9 5 7 5 5 6 7 15 7 9
internal_value=5.19235e-05 0.141206 -0.0402612 -0.00650643 0.0089175 0.0397119 -0.0193965 -0.0606634 -0.0543595 -0.0624907 0.0740359 -0.0517907
internal_weight=95 21 74 28 23 11 12 46 40 31 13 16
internal_count=95 21 74 28 23 11 12 46 40 31 13 16
is_linear=0
shrinkage=0.025


Tree=78
num_leaves=13
num_cat=0
split_feature=0 1 1 3 2 3 4 2 0 1 3 2
split_gain=826.996 220.491 77.5641 45.9433 31.0889 32.0565 19.9453 15.247 13.72 3.99851 2.83761 0.517211
threshold=5.0000000000000009 7.0000000000000009 14.000000000000002 4.7500000000000009 3.4500000000000006 4.3500000000000005 93.000000000000014 3.8500000000000001 9.0000000000000018 26.000000000000004 4.1500000000000012 2.9500000000000006
decision_type=2 2 2 2 2 2 2 2 2 2 2 2
left_child=1 -1 3 4 5 -2 -6 8 -4 11 -3 -10
right_child=2 10 7 -5 6 -7 -8 -9 9 -11 -12 -13
leaf_value=0.23974436070860886 -0.00039953358711734854 0.08714102057199323 -0.02484394856121229 -0.073500677713981041 -0.045687147328216174 0.0841882662131236 0.018628599322759187 -0.09697416501660501 -0.04308951819135292 -0.079576022343503097 0.057234528722862388 -0.058202668958967863
leaf_weight=8 6.0000000000000053 6 8.9999999999999982 4.9999999999999991 6.9999999999999982 5 5 5.9999999999999991 6.0000000000000062 6.9999999999999991 7 18
leaf_count=8 6 6 9 5 7 5 5 6 6 7 7 18
internal_value=5.3479e-05 0.137772 -0.039278 -0.00634682 0.00870574 0.0387546 -0.0189204 -0.0591817 -0.0530275 -0.060958 0.0722434 -0.0548634
internal_weight=95 21 74 28 23 11 12 46 40 31 13 24
internal_count=95 21 74 28 23 11 12 46 40 31 13 24
is_linear=0
shrinkage=0.025


Tree=79
num_leaves=14
num_cat=0
split_feature=0 1 1 3 2 3 4 4 0 0 3 3 3
split_gain=787.23 209.818 73.8237 43.7644 29.6001 30.5375 18.9924 14.9632 8.87338 6.27666 2.7845 2.69731 1.39907
threshold=5.0000000000000009 7.0000000000000009 14.000000000000002 4.7500000000000009 3.4500000000000006 4.3500000000000005 93.000000000000014 112.50000000000001 17.000000000000004 11.000000000000002 4.9500000000000011 4.1500000000000012 4.9500000000000011
decision_type=2 2 2 2 2 2 2 2 2 2 2 2 2
left_child=1 -1 3 4 5 -2 -6 9 10 12 -9 -3 -4
right_child=2 11 7 -5 6 -7 -8 8 -10 -11 -12 -13 -14
leaf_value=0.23389692808069831 -0.00038986657896349471 0.08503276979730974 -0.035259018790337326 -0.071733834422551671 -0.044576695592453086 0.082164510855307932 0.018180796504020689 -0.047210837001117223 -0.10205391599581791 -0.056262122418569482 -0.070121353909824852 0.055843412503600115 -0.015692327801997846
leaf_weight=8 6.0000000000000053 6 6.0000000000000018 4.9999999999999991 6.9999999999999982 5 5 8.0000000000000053 4.9999999999999991 8.9999999999999982 12.999999999999998 7 5
leaf_count=8 6 6 6 5 7 5 5 8 5 9 13 7 5
internal_value=5.42246e-05 0.134421 -0.0383197 -0.00619112 0.00849897 0.0378204 -0.0184559 -0.0577376 -0.0704546 -0.0406098 -0.0619802 0.0704944 -0.0269157
internal_weight=95 21 74 28 23 11 12 46 26 20 21 13 11
internal_count=95 21 74 28 23 11 12 46 26 20 21 13 11
is_linear=0
shrinkage=0.025


Tree=80
num_leaves=14
num_cat=0
split_feature=0 1 1 3 2 3 4 2 4 0 0 3 3
split_gain=749.401 199.661 70.2752 41.6888 28.1824 29.0905 18.085 14.6438 12.774 14.995 4.26917 2.56378 0.935084
threshold=5.0000000000000009 7.0000000000000009 14.000000000000002 4.7500000000000009 3.4500000000000006 4.3500000000000005 93.000000000000014 3.8500000000000001 112.50000000000001 11.000000000000002 15.000000000000002 4.1500000000000012 4.8500000000000005
decision_type=2 2 2 2 2 2 2 2 2 2 2 2 2
left_child=1 -1 3 4 5 -2 -6 8 9 -4 12 -3 -10
right_child=2 11 7 -5 6 -7 -8 -9 10 -11 -12 -13 -14
leaf_value=0.22819211773756073 -0.00038043510529302743 0.082975523894832967 -0.0076597821240018031 -0.070009462879254261 -0.043493234474186071 0.080189399765087988 0.017743757481758406 -0.093303389895346867 -0.040595642957263207 -0.054886146278485017 -0.082684055259150846 0.054486108157369817 -0.059536776972598716
leaf_weight=8 6.0000000000000053 6 8.0000000000000018 4.9999999999999991 6.9999999999999982 5 5 5.9999999999999991 5.0000000000000062 8.9999999999999982 5.9999999999999991 7 11.999999999999998
leaf_count=8 6 6 8 5 7 5 5 6 5 9 6 7 12
internal_value=5.28979e-05 0.131152 -0.0373873 -0.00603925 0.00829709 0.0369086 -0.0180028 -0.0563329 -0.0503196 -0.0330821 -0.0626115 0.0687877 -0.0545754
internal_weight=95 21 74 28 23 11 12 46 40 17 23 13 17
internal_count=95 21 74 28 23 11 12 46 40 17 23 13 17
is_linear=0
shrinkage=0.025


Tree=81
num_leaves=15
num_cat=0
split_feature=0 1 1 3 2 3 4 2 4 0 0 3 3 3
split_gain=713.402 189.996 66.9033 39.7116 26.8326 27.7121 17.221 13.9437 12.1573 14.3936 4.06483 2.43669 1.15715 0.879346
threshold=5.0000000000000009 7.0000000000000009 14.000000000000002 4.7500000000000009 3.4500000000000006 4.3500000000000005 93.000000000000014 3.8500000000000001 112.50000000000001 9.0000000000000018 15.000000000000002 4.1500000000000012 5.1500000000000012 4.8500000000000005
decision_type=2 2 2 2 2 2 2 2 2 2 2 2 2 2
left_child=1 -1 3 4 5 -2 -6 8 9 -4 13 -3 -11 -10
right_child=2 11 7 -5 6 -7 -8 -9 10 12 -12 -13 -14 -15
leaf_value=0.22262646606782585 -0.00037122991296552809 0.080968054119617702 -0.00079021066907913418 -0.06832654292766864 -0.042436107310156033 0.078261770078769083 0.01731722607062413 -0.091046050479335172 -0.039619787169906898 -0.057884718429657728 -0.080683634934886811 0.053161792084574694 -0.0363167052085583 -0.058072757427809679
leaf_weight=8 6.0000000000000053 6 6.0000000000000027 4.9999999999999991 6.9999999999999982 5 5 5.9999999999999991 5.0000000000000062 5.9999999999999982 5.9999999999999991 7 5 11.999999999999998
leaf_count=8 6 6 6 5 7 5 5 6 5 6 6 7 5 12
internal_value=5.05148e-05 0.127962 -0.036479 -0.00589109 0.00809996 0.0360187 -0.0175607 -0.0549646 -0.0490953 -0.0322751 -0.0610883 0.0671225 -0.0490163 -0.0532419
internal_weight=95 21 74 28 23 11 12 46 40 17 23 13 11 17
internal_count=95 21 74 28 23 11 12 46 40 17 23 13 11 17
is_linear=0
shrinkage=0.025


Tree=82
num_leaves=14
num_cat=0
split_feature=0 1 1 3 2 3 4 3 2 1 3 3 3
split_gain=679.156 180.798 63.7049 37.8281 25.5473 26.3991 16.3983 13.3474 14.6469 8.83936 5.97428 2.31575 0.143297
threshold=5.0000000000000009 7.0000000000000009 14.000000000000002 4.7500000000000009 3.4500000000000006 4.3500000000000005 93.000000000000014 4.3500000000000005 3.1500000000000008 26.000000000000004 5.0500000000000007 4.1500000000000012 4.8500000000000005
decision_type=2 2 2 2 2 2 2 2 2 2 2 2 2
left_child=1 -1 3 4 5 -2 -6 -4 -9 10 12 -3 -10
right_child=2 11 7 -5 6 -7 -8 8 9 -11 -12 -13 -14
leaf_value=0.21719654616786213 -0.00036224859856790078 0.079009147949757108 -0.014068424561992289 -0.066684078482481146 -0.041404673819326693 0.076380477845668773 0.016900947231512801 -0.028982869827229047 -0.050309621086043671 -0.095133485140339022 -0.070652185737247214 0.05186966629698872 -0.03658627819630407
leaf_weight=8 6.0000000000000053 6 4.9999999999999991 4.9999999999999991 6.9999999999999982 5 5 8.9999999999999982 6.0000000000000018 5.9999999999999991 13.999999999999998 7 6
leaf_count=8 6 6 5 5 7 5 5 9 6 6 14 7 6
internal_value=4.60627e-05 0.12485 -0.0355956 -0.00574657 0.00790749 0.0351502 -0.0171294 -0.053634 -0.058337 -0.0663228 -0.058951 0.0654976 -0.0442627
internal_weight=95 21 74 28 23 11 12 46 41 32 26 13 12
internal_count=95 21 74 28 23 11 12 46 41 32 26 13 12
is_linear=0
shrinkage=0.025


Tree=83
num_leaves=15
num_cat=0
split_feature=0 1 1 3 2 3 4 2 4 0 0 3 3 3
split_gain=646.519 172.045 60.641 36.034 24.3235 25.1485 15.615 13.0443 11.1487 13.5367 3.72525 2.20064 1.08534 0.759461
threshold=5.0000000000000009 7.0000000000000009 14.000000000000002 4.7500000000000009 3.4500000000000006 4.3500000000000005 93.000000000000014 3.8500000000000001 112.50000000000001 9.0000000000000018 15.000000000000002 4.1500000000000012 5.1500000000000012 4.8500000000000005
decision_type=2 2 2 2 2 2 2 2 2 2 2 2 2 2
left_child=1 -1 3 4 5 -2 -6 8 9 -4 13 -3 -11 -10
right_child=2 11 7 -5 6 -7 -8 -9 10 12 -12 -13 -14 -15
leaf_value=0.21189907705638467 -0.00035348563425002528 0.077097634202049611 -4.2858912098792255e-05 -0.065081096383241499 -0.040398310445663006 0.074544407771183874 0.016494672802778387 -0.087199332541035068 -0.037765232849722823 -0.055344357413630342 -0.076894159086288938 0.050608943050934198 -0.034546671349268691 -0.055186618937820689
leaf_weight=8 6.0000000000000053 6 6.0000000000000027 4.9999999999999991 6.9999999999999982 5 5 5.9999999999999991 5.0000000000000062 5.9999999999999982 5.9999999999999991 7 5 11.999999999999998
leaf_count=8 6 6 6 5 7 5 5 6 5 6 6 7 5 12
internal_value=4.52225e-05 0.121814 -0.0347292 -0.0056056 0.00771956 0.0343026 -0.0167087 -0.0523286 -0.046659 -0.0305549 -0.0581422 0.0639121 -0.0467882 -0.0506341
internal_weight=95 21 74 28 23 11 12 46 40 17 23 13 11 17
internal_count=95 21 74 28 23 11 12 46 40 17 23 13 11 17
is_linear=0
shrinkage=0.025


Tree=84
num_leaves=14
num_cat=0
split_feature=0 1 1 3 2 3 4 2 4 0 0 3 3
split_gain=615.486 163.715 57.7423 34.325 23.1582 23.9571 14.8691 12.4169 10.6006 12.9994 3.54653 2.09111 0.713361
threshold=5.0000000000000009 7.0000000000000009 14.000000000000002 4.7500000000000009 3.4500000000000006 4.3500000000000005 93.000000000000014 3.8500000000000001 112.50000000000001 11.000000000000002 15.000000000000002 4.1500000000000012 4.8500000000000005
decision_type=2 2 2 2 2 2 2 2 2 2 2 2 2
left_child=1 -1 3 4 5 -2 -6 8 9 -4 12 -3 -10
right_child=2 11 7 -5 6 -7 -8 -9 10 -11 -12 -13 -14
leaf_value=0.20673081137058211 -0.00034493248789541146 0.075232372456981278 -0.006169122203094202 -0.063516646394362816 -0.039416407276358874 0.072752476655519913 0.016098165512084959 -0.085089671323376317 -0.036857414421123905 -0.050117414962986245 -0.075033818329534221 0.049378865207028055 -0.053829571165022308
leaf_weight=8 6.0000000000000053 6 8.0000000000000018 4.9999999999999991 6.9999999999999982 5 5 5.9999999999999991 5.0000000000000062 8.9999999999999982 5.9999999999999991 7 11.999999999999998
leaf_count=8 6 6 8 5 7 5 5 6 5 9 6 7 12
internal_value=4.09588e-05 0.118852 -0.0338883 -0.00546808 0.00753606 0.0334754 -0.0162982 -0.0510619 -0.0455288 -0.0298208 -0.056728 0.062365 -0.0493971
internal_weight=95 21 74 28 23 11 12 46 40 17 23 13 17
internal_count=95 21 74 28 23 11 12 46 40 17 23 13 17
is_linear=0
shrinkage=0.025


Tree=85
num_leaves=14
num_cat=0
split_feature=0 1 1 3 2 3 4 3 2 1 3 3 3
split_gain=585.924 155.788 54.9723 32.6969 22.0486 22.8223 14.1589 11.8288 13.3193 8.24902 5.29248 1.98688 0.102147
threshold=5.0000000000000009 7.0000000000000009 14.000000000000002 4.7500000000000009 3.4500000000000006 4.3500000000000005 93.000000000000014 4.3500000000000005 3.1500000000000008 26.000000000000004 5.0500000000000007 4.1500000000000012 4.8500000000000005
decision_type=2 2 2 2 2 2 2 2 2 2 2 2 2
left_child=1 -1 3 4 5 -2 -6 -4 -9 10 12 -3 -10
right_child=2 11 7 -5 6 -7 -8 8 9 -11 -12 -13 -14
leaf_value=0.20168858988255989 -0.00033658783762685683 0.07341223214903185 -0.01259422222009072 -0.061989804643851058 -0.038458369041068689 0.071003615626922006 0.015711192672069257 -0.026303165503170179 -0.046526580376009763 -0.089573167793212394 -0.065781328795661398 0.048178684318231205 -0.033892704041734813
leaf_weight=8 6.0000000000000053 6 4.9999999999999991 4.9999999999999991 6.9999999999999982 5 5 8.9999999999999982 6.0000000000000018 5.9999999999999991 13.999999999999998 7 6
leaf_count=8 6 6 5 5 7 5 5 9 6 6 14 7 6
internal_value=3.88085e-05 0.115962 -0.0330653 -0.00533394 0.00735689 0.032668 -0.0158977 -0.049822 -0.0542485 -0.0618571 -0.0547784 0.0608555 -0.0409713
internal_weight=95 21 74 28 23 11 12 46 41 32 26 13 12
internal_count=95 21 74 28 23 11 12 46 41 32 26 13 12
is_linear=0
shrinkage=0.025


Tree=86
num_leaves=14
num_cat=0
split_feature=0 1 1 2 3 2 4 0 3 0 3 3 3
split_gain=557.77 148.245 52.3287 31.1583 12.2876 11.6178 9.72218 12.241 5.94444 3.2462 1.88769 1.04196 0.612425
threshold=5.0000000000000009 7.0000000000000009 14.000000000000002 3.4500000000000006 4.3500000000000005 3.8500000000000001 112.50000000000001 9.0000000000000018 4.4500000000000011 15.000000000000002 4.1500000000000012 5.1500000000000012 4.8500000000000005
decision_type=2 2 2 2 2 2 2 2 2 2 2 2 2
left_child=1 -1 3 4 -2 6 7 -4 -5 12 -3 -9 -8
right_child=2 10 5 8 -6 -7 9 11 -10 -11 -12 -13 -14
leaf_value=0.19676935948976657 -0.00032844555474096716 0.071636130300260351 0.0003727682175174834 -0.012017070829141434 0.049641998352542988 -0.081498914476363885 -0.035135446316920747 -0.05191549303070192 -0.043009881784276269 -0.071498381322430013 0.047007674871323006 -0.031900680179779338 -0.051149700411030508
leaf_weight=8 6.0000000000000018 6 6.0000000000000027 7.9999999999999991 6 5.9999999999999991 5.0000000000000062 5.9999999999999982 7.9999999999999991 5.9999999999999991 7 5 11.999999999999998
leaf_count=8 6 6 6 8 6 6 5 6 8 6 7 5 12
internal_value=3.80116e-05 0.113142 -0.0322606 -0.00520308 0.0249585 -0.0486096 -0.0432642 -0.0282237 -0.0279303 -0.053988 0.0593825 -0.0436616 -0.0469756
internal_weight=95 21 74 28 12 46 40 17 16 23 13 11 17
internal_count=95 21 74 28 12 46 40 17 16 23 13 11 17
is_linear=0
shrinkage=0.025


Tree=87
num_leaves=14
num_cat=0
split_feature=0 1 1 3 2 3 4 2 4 0 0 2 3
split_gain=530.994 141.066 49.8255 30.6286 20.0301 20.9997 13.5264 11.0596 9.24683 11.7158 3.09007 1.80536 0.574446
threshold=5.0000000000000009 7.0000000000000009 14.000000000000002 4.7500000000000009 3.4500000000000006 4.3500000000000005 93.000000000000014 3.8500000000000001 112.50000000000001 11.000000000000002 15.000000000000002 3.5500000000000003 4.8500000000000005
decision_type=2 2 2 2 2 2 2 2 2 2 2 2 2
left_child=1 -1 3 4 5 -2 -6 8 9 -4 12 -3 -10
right_child=2 11 7 -5 6 -7 -8 -9 10 -11 -12 -13 -14
leaf_value=0.19197010506943957 -0.00032049830882779982 0.072067305789543998 -0.0051040531658544759 -0.059911215305328371 -0.037016308493912221 0.068103481714542086 0.015920398097771862 -0.079527165187943366 -0.034290843378179302 -0.046807195375794954 -0.069768581947972697 0.047424089904056825 -0.04989192221985489
leaf_weight=8 6.0000000000000053 5.0000000000000009 8.0000000000000018 4.9999999999999991 6.9999999999999982 5 5 5.9999999999999991 5.0000000000000062 8.9999999999999982 5.9999999999999991 7.9999999999999991 11.999999999999998
leaf_count=8 6 5 8 5 7 5 5 6 5 9 6 8 12
internal_value=3.47356e-05 0.110391 -0.0314788 -0.00507513 0.00720559 0.0313304 -0.0149575 -0.047432 -0.0422149 -0.0275424 -0.052675 0.0579453 -0.0458281
internal_weight=95 21 74 28 23 11 12 46 40 17 23 13 17
internal_count=95 21 74 28 23 11 12 46 40 17 23 13 17
is_linear=0
shrinkage=0.025


Tree=88
num_leaves=15
num_cat=0
split_feature=0 4 1 1 3 2 3 4 2 4 0 0 3 3
split_gain=505.499 136.198 349.663 47.4357 29.1758 19.0701 20.0051 12.8804 10.5299 8.80001 11.2138 2.94131 1.00939 0.538604
threshold=5.0000000000000009 74.500000000000014 7.0000000000000009 14.000000000000002 4.7500000000000009 3.4500000000000006 4.3500000000000005 93.000000000000014 3.8500000000000001 112.50000000000001 9.0000000000000018 15.000000000000002 5.1500000000000012 4.8500000000000005
decision_type=2 2 2 2 2 2 2 2 2 2 2 2 2 2
left_child=1 2 -1 4 5 6 -2 -7 9 10 -5 13 -12 -11
right_child=3 -3 -4 8 -6 7 -8 -9 -10 11 12 -13 -14 -15
leaf_value=0.27288784279694966 -0.00031274489818080751 -0.0058818164926308855 0.037955233819134855 0.00048723497217701296 -0.058471039854563193 -0.036116606079869801 0.066466382833627533 0.015537696159802947 -0.077603121246061016 -0.033466544990929228 -0.049695198862783375 -0.068080633686434841 -0.030209159679137738 -0.048665071510877768
leaf_weight=7.0000000000000044 6.0000000000000053 4.9999999999999991 9 6.0000000000000027 4.9999999999999991 6.9999999999999982 5 5 5.9999999999999991 5.0000000000000062 5.9999999999999982 5.9999999999999991 5 11.999999999999998
leaf_count=7 6 5 9 6 5 7 5 5 6 5 6 6 5 12
internal_value=3.29013e-05 0.107707 0.142915 -0.0307145 -0.00495059 0.00703417 0.0305747 -0.0145896 -0.0462804 -0.0411882 -0.0268708 -0.051394 -0.0416471 -0.0447087
internal_weight=95 21 16 74 28 23 11 12 46 40 17 23 11 17
internal_count=95 21 16 74 28 23 11 12 46 40 17 23 11 17
is_linear=0
shrinkage=0.025


Tree=89
num_leaves=14
num_cat=0
split_feature=0 4 1 1 3 2 3 4 3 2 1 3 3
split_gain=481.221 129.668 332.876 45.166 27.7919 18.156 19.0577 12.2653 10.1116 11.8945 7.60943 4.53912 0.0502396
threshold=5.0000000000000009 74.500000000000014 7.0000000000000009 14.000000000000002 4.7500000000000009 3.4500000000000006 4.3500000000000005 93.000000000000014 4.3500000000000005 3.1500000000000008 26.000000000000004 5.0500000000000007 4.8500000000000005
decision_type=2 2 2 2 2 2 2 2 2 2 2 2 2
left_child=1 2 -1 4 5 6 -2 -7 -5 -10 11 12 -11
right_child=3 -3 -4 8 -6 7 -8 -9 9 10 -12 -13 -14
leaf_value=0.26625514841741971 -0.00030517799239004781 -0.0057404331289804891 0.037026982300955309 -0.010766636852461559 -0.057065486678710343 -0.035238771844241359 0.06486862989572377 0.015164194542628066 -0.022912307796270952 -0.041847586920184456 -0.082898082079425936 -0.059862152707408856 -0.030623867915522664
leaf_weight=7.0000000000000044 6.0000000000000053 4.9999999999999991 9 4.9999999999999991 4.9999999999999991 6.9999999999999982 5 5 8.9999999999999982 6.0000000000000018 5.9999999999999991 13.999999999999998 6
leaf_count=7 6 5 9 5 5 7 5 5 9 6 6 14 6
internal_value=2.93121e-05 0.105087 0.13944 -0.0299703 -0.00482912 0.00686679 0.029837 -0.0142308 -0.0451594 -0.0492507 -0.0564312 -0.0496895 -0.0369322
internal_weight=95 21 16 74 28 23 11 12 46 41 32 26 12
internal_count=95 21 16 74 28 23 11 12 46 41 32 26 12
is_linear=0
shrinkage=0.025


Tree=90
num_leaves=14
num_cat=0
split_feature=0 4 1 1 3 2 3 4 2 4 0 0 3
split_gain=458.089 123.452 316.894 42.9945 26.4737 17.2857 18.1553 11.6796 9.84747 8.05414 10.5604 2.68683 0.458048
threshold=5.0000000000000009 74.500000000000014 7.0000000000000009 14.000000000000002 4.7500000000000009 3.4500000000000006 4.3500000000000005 93.000000000000014 3.8500000000000001 112.50000000000001 11.000000000000002 15.000000000000002 4.8500000000000005
decision_type=2 2 2 2 2 2 2 2 2 2 2 2 2
left_child=1 2 -1 4 5 6 -2 -7 9 10 -5 12 -11
right_child=3 -3 -4 8 -6 7 -8 -9 -10 11 -12 -13 -14
leaf_value=0.25978365937868736 -0.00029779470735980586 -0.0056024380601369418 0.036121429705425444 -0.0041553369382532615 -0.05569372073962138 -0.034382273691395925 0.063309288712648223 0.014799670301950894 -0.074329740866538013 -0.031907033948944119 -0.043732210702222329 -0.064855572485154667 -0.046236027239776052
leaf_weight=7.0000000000000044 6.0000000000000053 4.9999999999999991 9 8.0000000000000018 4.9999999999999991 6.9999999999999982 5 5 5.9999999999999991 5.0000000000000062 8.9999999999999982 5.9999999999999991 11.999999999999998
leaf_count=7 6 5 9 8 5 7 5 5 6 5 9 6 12
internal_value=2.81745e-05 0.10253 0.13605 -0.0292412 -0.00471062 0.00670336 0.0291171 -0.0138807 -0.0440607 -0.0391421 -0.0254454 -0.0489052 -0.0425143
internal_weight=95 21 16 74 28 23 11 12 46 40 17 23 17
internal_count=95 21 16 74 28 23 11 12 46 40 17 23 17
is_linear=0
shrinkage=0.025


Tree=91
num_leaves=15
num_cat=0
split_feature=0 4 1 1 3 2 3 4 2 4 0 1 3 3
split_gain=436.079 117.534 301.679 40.9327 25.2179 16.457 17.2956 11.1219 9.3755 7.66477 10.1478 2.57514 0.963197 0.633781
threshold=5.0000000000000009 74.500000000000014 7.0000000000000009 14.000000000000002 4.7500000000000009 3.4500000000000006 4.3500000000000005 93.000000000000014 3.8500000000000001 112.50000000000001 9.0000000000000018 26.000000000000004 5.1500000000000012 4.9500000000000011
decision_type=2 2 2 2 2 2 2 2 2 2 2 2 2 2
left_child=1 2 -1 4 5 6 -2 -7 9 10 -5 13 -12 -11
right_child=3 -3 -4 8 -6 7 -8 -9 -10 11 12 -13 -14 -15
leaf_value=0.25346947796642766 -0.00029059011609323531 -0.0054677676696043747 0.035238026511733939 0.0011709020503105651 -0.054354928777768055 -0.03354659380598201 0.061787429681191067 0.01444390909029887 -0.07253143893134209 -0.033090599181337464 -0.046645529616263615 -0.065308621067267189 -0.027893576685052646 -0.047022856532462999
leaf_weight=7.0000000000000044 6.0000000000000053 4.9999999999999991 9 6.0000000000000027 4.9999999999999991 6.9999999999999982 5 5 5.9999999999999991 7.0000000000000044 5.9999999999999982 4.9999999999999991 5 11
leaf_count=7 6 5 9 6 5 7 5 5 6 7 6 5 5 11
internal_value=2.5846e-05 0.100035 0.132742 -0.0285314 -0.00459503 0.00654379 0.0284146 -0.0135391 -0.0429913 -0.0381904 -0.024825 -0.0477161 -0.0388838 -0.0420966
internal_weight=95 21 16 74 28 23 11 12 46 40 17 23 11 18
internal_count=95 21 16 74 28 23 11 12 46 40 17 23 11 18
is_linear=0
shrinkage=0.025


Tree=92
num_leaves=14
num_cat=0
split_feature=0 4 1 0 2 2 4 3 1 1 3 0 2
split_gain=415.138 111.9 287.195 39.2357 17.6838 10.2474 10.7557 9.77002 8.15091 7.08986 2.89206 1.36324 0.0616207
threshold=5.0000000000000009 74.500000000000014 7.0000000000000009 7.0000000000000009 3.1500000000000008 3.4500000000000006 93.000000000000014 4.4500000000000011 18.000000000000004 26.000000000000004 4.8500000000000005 9.0000000000000018 3.0500000000000003
decision_type=2 2 2 2 2 2 2 2 2 2 2 2 2
left_child=1 2 -1 5 8 12 -7 -6 -5 10 -9 -12 -2
right_child=3 -3 -4 4 7 6 -8 9 -10 -11 11 -13 -14
leaf_value=0.24730876816643593 0.012995761375014592 -0.0053363285385645354 0.034376225669098932 0.0092815015178460327 -0.01621903542142648 -0.030109906780953502 0.014096698852685783 -0.029263441436565802 -0.030763693099341745 -0.083471644153961772 -0.06601167523091836 -0.047275664108364208 0.020267022114533642
leaf_weight=7.0000000000000044 5.0000000000000018 4.9999999999999991 9 4.9999999999999991 4.9999999999999991 9.9999999999999982 4.9999999999999991 5.0000000000000062 7.9999999999999991 4.9999999999999991 6.0000000000000027 14.999999999999998 5
leaf_count=7 5 5 9 5 5 10 5 5 8 5 6 15 5
internal_value=2.21783e-05 0.0976007 0.129514 -0.0278406 -0.0408013 -0.00226594 -0.0153005 -0.0498183 -0.0153597 -0.0550588 -0.0489516 -0.05326 0.01708
internal_weight=95 21 16 74 49 25 15 36 13 31 26 21 10
internal_count=95 21 16 74 49 25 15 36 13 31 26 21 10
is_linear=0
shrinkage=0.025


Tree=93
num_leaves=14
num_cat=0
split_feature=0 4 1 0 2 2 4 3 1 1 3 0 2
split_gain=395.174 106.537 273.406 37.3685 16.8382 9.75562 10.2395 9.29428 7.76092 6.75667 2.74353 1.29946 0.0570907
threshold=5.0000000000000009 74.500000000000014 7.0000000000000009 7.0000000000000009 3.1500000000000008 3.4500000000000006 93.000000000000014 4.4500000000000011 18.000000000000004 26.000000000000004 4.8500000000000005 9.0000000000000018 3.0500000000000003
decision_type=2 2 2 2 2 2 2 2 2 2 2 2 2
left_child=1 2 -1 5 8 12 -7 -6 -5 10 -9 -12 -2
right_child=3 -3 -4 4 7 6 -8 9 -10 -11 11 -13 -14
leaf_value=0.24129778544108055 0.012683363831960233 -0.0052080478805762069 0.033535502883403193 0.0090583887237768914 -0.015829154562491638 -0.029371918957023058 0.013757836704070754 -0.028559992290460107 -0.03001336002858674 -0.081465111099756682 -0.06441461684242368 -0.046109324732893392 0.019779834380516639
leaf_weight=7.0000000000000044 5.0000000000000018 4.9999999999999991 9 4.9999999999999991 4.9999999999999991 9.9999999999999982 4.9999999999999991 5.0000000000000062 7.9999999999999991 4.9999999999999991 6.0000000000000027 14.999999999999998 5
leaf_count=7 5 5 9 5 5 10 5 5 8 5 6 15 5
internal_value=2.22081e-05 0.0952259 0.126365 -0.0271621 -0.0398106 -0.00220215 -0.0149212 -0.0486098 -0.0149815 -0.0537216 -0.0477574 -0.0519567 0.0166724
internal_weight=95 21 16 74 49 25 15 36 13 31 26 21 10
internal_count=95 21 16 74 49 25 15 36 13 31 26 21 10
is_linear=0
shrinkage=0.025


Tree=94
num_leaves=14
num_cat=0
split_feature=0 4 1 0 2 2 4 3 1 1 3 0 2
split_gain=376.171 101.431 260.278 35.5904 16.0332 9.28741 9.74819 8.84162 7.38962 6.43899 2.60251 1.23855 0.0528141
threshold=5.0000000000000009 74.500000000000014 7.0000000000000009 7.0000000000000009 3.1500000000000008 3.4500000000000006 93.000000000000014 4.4500000000000011 18.000000000000004 26.000000000000004 4.8500000000000005 9.0000000000000018 3.0500000000000003
decision_type=2 2 2 2 2 2 2 2 2 2 2 2 2
left_child=1 2 -1 5 8 12 -7 -6 -5 10 -9 -12 -2
right_child=3 -3 -4 4 7 6 -8 9 -10 -11 11 -13 -14
leaf_value=0.23543289701143888 0.012378477047269156 -0.0050828597866571868 0.032715340298802957 0.0088406380552511956 -0.015448646247386934 -0.028652019681883797 0.013427119186291329 -0.027873455245907452 -0.029281324947752603 -0.079506817689308756 -0.062856200529682979 -0.044971758029178577 0.019304356093590075
leaf_weight=7.0000000000000044 5.0000000000000018 4.9999999999999991 9 4.9999999999999991 4.9999999999999991 9.9999999999999982 4.9999999999999991 5.0000000000000062 7.9999999999999991 4.9999999999999991 6.0000000000000027 14.999999999999998 5
leaf_count=7 5 5 9 5 5 10 5 5 8 5 6 15 5
internal_value=2.21972e-05 0.0929088 0.123293 -0.0265001 -0.038844 -0.00214003 -0.0145513 -0.0474307 -0.0146125 -0.0524169 -0.0465924 -0.0506853 0.0162746
internal_weight=95 21 16 74 49 25 15 36 13 31 26 21 10
internal_count=95 21 16 74 49 25 15 36 13 31 26 21 10
is_linear=0
shrinkage=0.025


Tree=95
num_leaves=14
num_cat=0
split_feature=0 4 1 0 2 2 4 3 1 1 3 0 2
split_gain=358.081 96.5694 247.781 33.8971 15.2666 8.84169 9.28046 8.41093 7.03613 6.1361 2.46861 1.18039 0.0487782
threshold=5.0000000000000009 74.500000000000014 7.0000000000000009 7.0000000000000009 3.1500000000000008 3.4500000000000006 93.000000000000014 4.4500000000000011 18.000000000000004 26.000000000000004 4.8500000000000005 9.0000000000000018 3.0500000000000003
decision_type=2 2 2 2 2 2 2 2 2 2 2 2 2
left_child=1 2 -1 5 8 12 -7 -6 -5 10 -9 -12 -2
right_child=3 -3 -4 4 7 6 -8 9 -10 -11 11 -13 -14
leaf_value=0.22971058661739019 0.012080916762351984 -0.0049606759960834799 0.031915238645413645 0.0086281234255203825 -0.01507728509604931 -0.027949763746822582 0.013104353157373575 -0.027203419374731835 -0.028567147909141166 -0.077595597047072196 -0.061335486077493201 -0.043862258054708184 0.018840310436028698
leaf_weight=7.0000000000000044 5.0000000000000018 4.9999999999999991 9 4.9999999999999991 4.9999999999999991 9.9999999999999982 4.9999999999999991 5.0000000000000062 7.9999999999999991 4.9999999999999991 6.0000000000000027 14.999999999999998 5
leaf_count=7 5 5 9 5 5 10 5 5 8 5 6 15 5
internal_value=2.21519e-05 0.0906482 0.120295 -0.0258542 -0.037901 -0.00207955 -0.0141905 -0.0462802 -0.0142526 -0.0511439 -0.0454559 -0.0494451 0.0158863
internal_weight=95 21 16 74 49 25 15 36 13 31 26 21 10
internal_count=95 21 16 74 49 25 15 36 13 31 26 21 10
is_linear=0
shrinkage=0.025


Tree=96
num_leaves=13
num_cat=0
split_feature=0 4 1 0 2 3 3 0 1 3 2 0
split_gain=340.861 91.9414 235.883 32.3022 31.7118 12.8472 12.5997 9.10535 4.05966 1.04547 0.980738 1.16872
threshold=5.0000000000000009 74.500000000000014 7.0000000000000009 9.0000000000000018 3.4500000000000006 4.3500000000000005 4.3500000000000005 7.0000000000000009 26.000000000000004 4.6500000000000012 3.5500000000000003 13.000000000000002
decision_type=2 2 2 2 2 2 2 2 2 2 2 2
left_child=1 2 -1 4 5 -2 -6 9 10 -8 11 -5
right_child=3 -3 -4 8 6 -7 7 -9 -10 -11 -12 -13
leaf_value=0.2241273379988139 -0.0029286442733392486 -0.0048414265880217921 0.031134700435011278 -0.022837712988257399 0.0079830699242078289 0.042900415592723416 -0.026984880335869321 -0.054433817562201739 -0.059525798497403554 -0.01038113242158523 -0.044347853027284147 -0.03907822421411189
leaf_weight=7.0000000000000044 7.9999999999999982 4.9999999999999991 9 7.0000000000000027 5.0000000000000027 7 6 9 7.9999999999999991 5 10.999999999999998 7.9999999999999991
leaf_count=7 8 5 9 7 5 7 6 9 8 5 11 8
internal_value=2.20692e-05 0.0884425 0.117371 -0.0252241 -0.00987436 0.0186591 -0.0270562 -0.0358703 -0.0430828 -0.0198695 -0.0375599 -0.0319818
internal_weight=95 21 16 74 40 15 25 20 34 11 26 15
internal_count=95 21 16 74 40 15 25 20 34 11 26 15
is_linear=0
shrinkage=0.025


Tree=97
num_leaves=13
num_cat=0
split_feature=0 4 1 0 2 3 3 0 1 3 2 0
split_gain=324.471 87.5356 224.556 30.7442 30.1861 12.2319 11.999 8.65715 3.86005 0.993365 0.927414 1.10896
threshold=5.0000000000000009 74.500000000000014 7.0000000000000009 9.0000000000000018 3.4500000000000006 4.3500000000000005 4.3500000000000005 7.0000000000000009 26.000000000000004 4.6500000000000012 3.5500000000000003 13.000000000000002
decision_type=2 2 2 2 2 2 2 2 2 2 2 2
left_child=1 2 -1 4 5 -2 -6 9 10 -8 11 -5
right_child=3 -3 -4 8 6 -7 7 -9 -10 -11 -12 -13
leaf_value=0.21867979632483575 -0.0028572145576884109 -0.0047250485190978419 0.030373255390187967 -0.022282629418704236 0.007791171050988705 0.041857697731918754 -0.02633201984628554 -0.053102555636154562 -0.058073949105129009 -0.010131586686922954 -0.04325895546270269 -0.038125096697632865
leaf_weight=7.0000000000000044 7.9999999999999982 4.9999999999999991 9 7.0000000000000027 5.0000000000000027 7 6 9 7.9999999999999991 5 10.999999999999998 7.9999999999999991
leaf_count=7 8 5 9 7 5 7 6 9 8 5 11 8
internal_value=2.169e-05 0.0862905 0.114517 -0.0246097 -0.00963373 0.0182037 -0.0263977 -0.0349993 -0.0420327 -0.0193922 -0.0366436 -0.0312047
internal_weight=95 21 16 74 40 15 25 20 34 11 26 15
internal_count=95 21 16 74 40 15 25 20 34 11 26 15
is_linear=0
shrinkage=0.025


Tree=98
num_leaves=13
num_cat=0
split_feature=0 4 1 0 2 3 3 0 1 3 2 0
split_gain=308.87 83.3411 213.773 29.2614 28.7339 11.6461 11.4269 8.23088 3.67013 0.943813 0.876857 1.05217
threshold=5.0000000000000009 74.500000000000014 7.0000000000000009 9.0000000000000018 3.4500000000000006 4.3500000000000005 4.3500000000000005 7.0000000000000009 26.000000000000004 4.6500000000000012 3.5500000000000003 13.000000000000002
decision_type=2 2 2 2 2 2 2 2 2 2 2 2
left_child=1 2 -1 4 5 -2 -6 9 10 -8 11 -5
right_child=3 -3 -4 8 6 -7 7 -9 -10 -11 -12 -13
leaf_value=0.21336466305785695 -0.0027875265515432128 -0.0046114598329250632 0.029630433962396948 -0.021741037815809241 0.0076038817946727406 0.040840323434935669 -0.025694955308591162 -0.051803852544854513 -0.056657511731836856 -0.0098880398158843683 -0.042196794173547207 -0.037195217354995445
leaf_weight=7.0000000000000044 7.9999999999999982 4.9999999999999991 9 7.0000000000000027 5.0000000000000027 7 6 9 7.9999999999999991 5 10.999999999999998 7.9999999999999991
leaf_count=7 8 5 9 7 5 7 6 9 8 5 11 8
internal_value=2.12695e-05 0.0841908 0.111733 -0.0240104 -0.00939898 0.0177594 -0.0257552 -0.0341496 -0.0410082 -0.0189265 -0.0357496 -0.0304465
internal_weight=95 21 16 74 40 15 25 20 34 11 26 15
internal_count=95 21 16 74 40 15 25 20 34 11 26 15
is_linear=0
shrinkage=0.025


Tree=99
num_leaves=14
num_cat=0
split_feature=0 4 1 0 2 3 3 0 1 3 2 1 0
split_gain=294.019 79.3478 203.508 27.8502 27.3515 11.0884 10.8823 7.82549 3.48943 0.896685 0.828925 1.38291 0.998216
threshold=5.0000000000000009 74.500000000000014 7.0000000000000009 9.0000000000000018 3.4500000000000006 4.3500000000000005 4.3500000000000005 7.0000000000000009 26.000000000000004 4.6500000000000012 3.5500000000000003 22.000000000000004 13.000000000000002
decision_type=2 2 2 2 2 2 2 2 2 2 2 2 2
left_child=1 2 -1 4 5 -2 -6 9 10 -8 12 -12 -5
right_child=3 -3 -4 8 6 -7 7 -9 -10 -11 11 -13 -14
leaf_value=0.20817871126863677 -0.0027195381863815032 -0.0045006135335335365 0.028905774296625799 -0.021212609940105005 0.0074210961277668243 0.03984767761495378 -0.025073302417032178 -0.050536910954700857 -0.055275621792165254 -0.0096503450893438772 -0.03055612964014854 -0.051981150301603156 -0.036288017034530641
leaf_weight=7.0000000000000044 7.9999999999999982 4.9999999999999991 9 7.0000000000000027 5.0000000000000027 7 6 9 7.9999999999999991 5 5.9999999999999982 5 7.9999999999999991
leaf_count=7 8 5 9 7 5 7 6 9 8 5 6 5 8
internal_value=2.08083e-05 0.0821423 0.109017 -0.0234257 -0.00916998 0.0173259 -0.0251284 -0.0333206 -0.0400088 -0.018472 -0.0348776 -0.0411607 -0.0297067
internal_weight=95 21 16 74 40 15 25 20 34 11 26 11 15
internal_count=95 21 16 74 40 15 25 20 34 11 26 11 15
is_linear=0
shrinkage=0.025


Tree=100
num_leaves=13
num_cat=0
split_feature=0 4 1 0 2 3 3 0 1 3 2 0
split_gain=279.9 75.5462 193.735 26.5194 26.0356 10.5575 10.3637 7.43993 3.31368 0.851863 0.788157 0.946946
threshold=5.0000000000000009 74.500000000000014 7.0000000000000009 9.0000000000000018 3.4500000000000006 4.3500000000000005 4.3500000000000005 7.0000000000000009 26.000000000000004 4.6500000000000012 3.5500000000000003 13.000000000000002
decision_type=2 2 2 2 2 2 2 2 2 2 2 2
left_child=1 2 -1 4 5 -2 -6 9 10 -8 11 -5
right_child=3 -3 -4 8 6 -7 7 -9 -10 -11 -12 -13
leaf_value=0.20311881833606282 -0.002653206939377436 -0.0043924230795640206 0.028198840533909586 -0.020697026244468151 0.0072427054437307157 0.0388791584306293 -0.024466690565309215 -0.049300953879466515 -0.053927435417000846 -0.009418366677485978 -0.040171331486531674 -0.035402943302945397
leaf_weight=7.0000000000000044 7.9999999999999982 4.9999999999999991 9 7.0000000000000027 5.0000000000000027 7 6 9 7.9999999999999991 5 10.999999999999998 7.9999999999999991
leaf_count=7 8 5 9 7 5 7 6 9 8 5 11 8
internal_value=1.78106e-05 0.0801436 0.106366 -0.0228585 -0.00894657 0.0169029 -0.0245169 -0.0325118 -0.0390408 -0.0180285 -0.0340359 -0.028985
internal_weight=95 21 16 74 40 15 25 20 34 11 26 15
internal_count=95 21 16 74 40 15 25 20 34 11 26 15
is_linear=0
shrinkage=0.025


Tree=101
num_leaves=15
num_cat=0
split_feature=0 4 1 4 2 2 3 0 0 1 4 3 3 3
split_gain=266.443 71.9269 184.431 25.3615 17.8102 44.241 10.2293 6.7043 4.55573 2.9366 2.38244 2.35059 0.809235 0.744307
threshold=5.0000000000000009 74.500000000000014 7.0000000000000009 112.50000000000001 3.4500000000000006 2.9500000000000006 4.3500000000000005 7.0000000000000009 17.000000000000004 18.000000000000004 100.00000000000001 4.5500000000000007 4.6500000000000012 4.9500000000000011
decision_type=2 2 2 2 2 2 2 2 2 2 2 2 2 2
left_child=1 2 -1 4 5 9 -6 12 13 -2 -9 -7 -8 -5
right_child=3 -3 -4 8 6 11 7 10 -10 -11 -12 -13 -14 -15
leaf_value=0.1981819046868217 -0.042594427443467628 -0.0042868345975875851 0.027509192766054815 -0.027987530900210847 0.0070686025688281376 0.056174010095688023 -0.023874755636338257 -0.057119901760691608 -0.064340794659577885 -0.015572916809469459 -0.030428794126671089 0.028817059672795804 -0.0091919624461577459 -0.040678372459881235
leaf_weight=7.0000000000000044 5.0000000000000018 4.9999999999999991 9 8.0000000000000053 5.0000000000000027 4.9999999999999982 6.0000000000000018 5.9999999999999982 4.9999999999999991 6 5 5 5 12.999999999999998
leaf_count=7 5 5 9 8 5 5 6 6 5 6 5 5 5 13
internal_value=1.73395e-05 0.0781935 0.103781 -0.0223019 -0.0114114 0.00578587 -0.0247771 -0.0320696 -0.0421193 -0.0285083 -0.0458592 0.0434513 -0.0175957 -0.0362124
internal_weight=95 21 16 74 48 21 27 22 26 11 11 10 11 21
internal_count=95 21 16 74 48 21 27 22 26 11 11 10 11 21
is_linear=0
shrinkage=0.025


Tree=102
num_leaves=15
num_cat=0
split_feature=0 4 1 4 2 2 3 0 0 1 4 3 3 3
split_gain=253.645 68.4813 175.574 24.1352 16.9638 42.1452 9.74606 6.38145 4.3421 2.79504 2.26304 2.23486 0.768696 0.703267
threshold=5.0000000000000009 74.500000000000014 7.0000000000000009 112.50000000000001 3.4500000000000006 2.9500000000000006 4.3500000000000005 7.0000000000000009 17.000000000000004 18.000000000000004 100.00000000000001 4.5500000000000007 4.6500000000000012 4.9500000000000011
decision_type=2 2 2 2 2 2 2 2 2 2 2 2 2 2
left_child=1 2 -1 4 5 9 -6 12 13 -2 -9 -7 -8 -5
right_child=3 -3 -4 8 6 11 7 10 -10 -11 -12 -13 -14 -15
leaf_value=0.19336499340004379 -0.041570522808111604 -0.0041837890560810385 0.02683641440842462 -0.027304907252148864 0.0068986834814915247 0.054823671739835017 -0.023297140482933285 -0.05573796929581272 -0.062794142388380478 -0.015196152920684505 -0.029697332946726909 0.028124341941796811 -0.0089710025833203231 -0.03967682138988466
leaf_weight=7.0000000000000044 5.0000000000000018 4.9999999999999991 9 8.0000000000000053 5.0000000000000027 4.9999999999999982 6.0000000000000018 5.9999999999999982 4.9999999999999991 6 5 5 5 12.999999999999998
leaf_count=7 5 5 9 8 5 5 6 6 5 6 5 5 5 13
internal_value=1.50249e-05 0.0762909 0.101258 -0.0217613 -0.0111364 0.00564608 -0.0241809 -0.0312992 -0.041094 -0.0278244 -0.0447546 0.0424098 -0.0171733 -0.0353247
internal_weight=95 21 16 74 48 21 27 22 26 11 11 10 11 21
internal_count=95 21 16 74 48 21 27 22 26 11 11 10 11 21
is_linear=0
shrinkage=0.025


Tree=103
num_leaves=15
num_cat=0
split_feature=0 4 1 4 2 2 3 0 0 1 4 3 3 3
split_gain=241.462 65.201 167.142 22.9682 16.1576 40.149 9.28572 6.07407 4.13838 2.66024 2.14951 2.12472 0.730144 0.664375
threshold=5.0000000000000009 74.500000000000014 7.0000000000000009 112.50000000000001 3.4500000000000006 2.9500000000000006 4.3500000000000005 7.0000000000000009 17.000000000000004 18.000000000000004 100.00000000000001 4.5500000000000007 4.6500000000000012 4.9500000000000011
decision_type=2 2 2 2 2 2 2 2 2 2 2 2 2 2
left_child=1 2 -1 4 5 9 -6 12 13 -2 -9 -7 -8 -5
right_child=3 -3 -4 8 6 11 7 10 -10 -11 -12 -13 -14 -15
leaf_value=0.188665140668551 -0.0405712321687203 -0.0040832130954815788 0.026180089524258734 -0.026638933834506225 0.0067328504644907396 0.053505794417399638 -0.022733499013608494 -0.054389469974463991 -0.061284667368118578 -0.014828504471769255 -0.028983453990748295 0.027448275685310358 -0.0087553526919621674 -0.038699929314580835
leaf_weight=7.0000000000000044 5.0000000000000018 4.9999999999999991 9 8.0000000000000053 5.0000000000000027 4.9999999999999982 6.0000000000000018 5.9999999999999982 4.9999999999999991 6 5 5 5 12.999999999999998
leaf_count=7 5 5 9 8 5 5 6 6 5 6 5 5 5 13
internal_value=1.27645e-05 0.0744346 0.098796 -0.0212338 -0.010868 0.00550962 -0.023599 -0.0305475 -0.0400938 -0.0271569 -0.0436767 0.0413933 -0.0167612 -0.0344589
internal_weight=95 21 16 74 48 21 27 22 26 11 11 10 11 21
internal_count=95 21 16 74 48 21 27 22 26 11 11 10 11 21
is_linear=0
shrinkage=0.025


Tree=104
num_leaves=14
num_cat=0
split_feature=0 4 1 0 2 2 2 3 0 2 3 0 3
split_gain=229.864 62.078 159.115 21.9454 15.2638 19.8151 7.90146 7.82722 7.42411 3.96526 1.74905 1.08146 0.161939
threshold=5.0000000000000009 74.500000000000014 7.0000000000000009 11.000000000000002 3.4500000000000006 2.9500000000000006 3.5500000000000003 4.3500000000000005 7.0000000000000009 3.6500000000000008 4.9500000000000011 15.000000000000002 4.6500000000000012
decision_type=2 2 2 2 2 2 2 2 2 2 2 2 2
left_child=1 2 -1 4 5 -2 11 -6 -7 -9 12 -5 -11
right_child=3 -3 -4 6 7 8 -8 9 -10 10 -12 -13 -14
leaf_value=0.18407953513993147 -0.028703168322963088 -0.0039850580004545354 0.025539815296297487 -0.020987000591728987 0.0065710015021837632 0.04539944164214596 -0.057911894600028581 -0.041863173964183487 0.0058901526754902246 -0.016179032967640807 -0.030351666361093523 -0.035015798061984876 -0.0082619336935190035
leaf_weight=7.0000000000000044 6.0000000000000027 4.9999999999999991 9 9.0000000000000053 5.0000000000000027 5.9999999999999982 8.9999999999999982 8.0000000000000018 6 4.9999999999999982 5.9999999999999991 8.9999999999999982 5
leaf_count=7 6 5 9 9 5 6 9 8 6 5 6 9 5
internal_value=1.05582e-05 0.0726234 0.0963944 -0.0207192 -0.0102881 0.00769428 -0.0386219 -0.0214686 0.0261677 -0.0273678 -0.0196156 -0.0283778 -0.0125826
internal_weight=95 21 16 74 47 18 27 29 12 24 16 18 10
internal_count=95 21 16 74 47 18 27 29 12 24 16 18 10
is_linear=0
shrinkage=0.025


Tree=105
num_leaves=15
num_cat=0
split_feature=0 4 1 4 2 2 3 0 0 1 4 3 3 3
split_gain=218.814 59.1048 151.472 21.2057 14.7755 36.6216 8.40236 5.61647 3.84232 2.55063 2.02874 1.96121 0.691492 0.550003
threshold=5.0000000000000009 74.500000000000014 7.0000000000000009 112.50000000000001 3.4500000000000006 2.9500000000000006 4.3500000000000005 7.0000000000000009 17.000000000000004 18.000000000000004 100.00000000000001 4.5500000000000007 4.6500000000000012 4.9500000000000011
decision_type=2 2 2 2 2 2 2 2 2 2 2 2 2 2
left_child=1 2 -1 4 5 9 -6 12 13 -2 -9 -7 -8 -5
right_child=3 -3 -4 8 6 11 7 10 -10 -11 -12 -13 -14 -15
leaf_value=0.17960537705156526 -0.038905981985422257 -0.0038892681782062236 0.024915203808442404 -0.025606227575278841 0.0064130460413602645 0.051318217126222768 -0.021584936495750176 -0.052042482949553007 -0.058749598150069894 -0.013761182934526474 -0.027444041713785661 0.026266975242357982 -0.0080276822814574593 -0.036852876706556841
leaf_weight=7.0000000000000044 5.0000000000000018 4.9999999999999991 9 8.0000000000000053 5.0000000000000027 4.9999999999999982 6.0000000000000018 5.9999999999999982 4.9999999999999991 6 5 5 5 12.999999999999998
leaf_count=7 5 5 9 8 5 5 6 6 5 6 5 5 5 13
internal_value=9.92521e-06 0.0708563 0.0940511 -0.0202151 -0.0102548 0.00540389 -0.02243 -0.0290402 -0.0383369 -0.0257929 -0.0416627 0.0396758 -0.0157875 -0.0329094
internal_weight=95 21 16 74 48 21 27 22 26 11 11 10 11 21
internal_count=95 21 16 74 48 21 27 22 26 11 11 10 11 21
is_linear=0
shrinkage=0.025


Tree=106
num_leaves=15
num_cat=0
split_feature=0 4 1 4 2 2 3 0 0 1 4 3 3 3
split_gain=208.305 56.2743 144.197 20.1805 14.0735 34.8875 8.00576 5.34579 3.66176 2.42755 1.92684 1.86433 0.65679 0.518986
threshold=5.0000000000000009 74.500000000000014 7.0000000000000009 112.50000000000001 3.4500000000000006 2.9500000000000006 4.3500000000000005 7.0000000000000009 17.000000000000004 18.000000000000004 100.00000000000001 4.5500000000000007 4.6500000000000012 4.9500000000000011
decision_type=2 2 2 2 2 2 2 2 2 2 2 2 2 2
left_child=1 2 -1 4 5 9 -6 12 13 -2 -9 -7 -8 -5
right_child=3 -3 -4 8 6 11 7 10 -10 -11 -12 -13 -14 -15
leaf_value=0.17523996018701118 -0.037970740906894188 -0.0037957748541465174 0.024305862933397288 -0.024981685019120917 0.0062588852185469362 0.050084606013618985 -0.021062721696592138 -0.050783390587856692 -0.05733734890818596 -0.013428251742715797 -0.026784328442926587 0.025635558596024146 -0.0078347082321460412 -0.035945513788046259
leaf_weight=7.0000000000000044 5.0000000000000018 4.9999999999999991 9 8.0000000000000053 5.0000000000000027 4.9999999999999982 6.0000000000000018 5.9999999999999982 4.9999999999999991 6 5 5 5 12.999999999999998
leaf_count=7 5 5 9 8 5 5 6 6 5 6 5 5 5 13
internal_value=7.79378e-06 0.0691322 0.0917649 -0.0197252 -0.0100078 0.0052732 -0.0218904 -0.028343 -0.037404 -0.0251744 -0.0406594 0.038725 -0.0154089 -0.0321029
internal_weight=95 21 16 74 48 21 27 22 26 11 11 10 11 21
internal_count=95 21 16 74 48 21 27 22 26 11 11 10 11 21
is_linear=0
shrinkage=0.025


Tree=107
num_leaves=15
num_cat=0
split_feature=0 4 1 4 2 2 3 0 0 1 4 3 3 3
split_gain=198.3 53.5795 137.271 19.2049 13.4048 33.2356 7.62797 5.08809 3.4896 2.31036 1.82996 1.77214 0.623789 0.489609
threshold=5.0000000000000009 74.500000000000014 7.0000000000000009 112.50000000000001 3.4500000000000006 2.9500000000000006 4.3500000000000005 7.0000000000000009 17.000000000000004 18.000000000000004 100.00000000000001 4.5500000000000007 4.6500000000000012 4.9500000000000011
decision_type=2 2 2 2 2 2 2 2 2 2 2 2 2 2
left_child=1 2 -1 4 5 9 -6 12 13 -2 -9 -7 -8 -5
right_child=3 -3 -4 8 6 11 7 10 -10 -11 -12 -13 -14 -15
leaf_value=0.17098066235582021 -0.037057982528438914 -0.0037045310323054973 0.023711425649083174 -0.024372376129031162 0.0061084319192629549 0.048880647065547803 -0.020553138755982914 -0.049554759023651002 -0.055959046230866352 -0.013103374057719783 -0.026140475210447146 0.025019317063001485 -0.0076463744617425462 -0.035060492056337274
leaf_weight=7.0000000000000044 5.0000000000000018 4.9999999999999991 9 8.0000000000000053 5.0000000000000027 4.9999999999999982 6.0000000000000018 5.9999999999999982 4.9999999999999991 6 5 5 5 12.999999999999998
leaf_count=7 5 5 9 8 5 5 6 6 5 6 5 5 5 13
internal_value=5.71376e-06 0.0674501 0.0895343 -0.0192473 -0.00976679 0.00514563 -0.0213639 -0.0276626 -0.0364939 -0.0245708 -0.0396804 0.037797 -0.0150393 -0.0313161
internal_weight=95 21 16 74 48 21 27 22 26 11 11 10 11 21
internal_count=95 21 16 74 48 21 27 22 26 11 11 10 11 21
is_linear=0
shrinkage=0.025


Tree=108
num_leaves=14
num_cat=0
split_feature=0 4 1 3 2 0 2 0 0 2 3 3 3
split_gain=188.777 51.0139 130.678 18.5797 9.47712 14.8646 9.05303 8.06707 4.92972 5.98374 3.75482 4.28521 3.06393
threshold=5.0000000000000009 74.500000000000014 7.0000000000000009 4.4500000000000011 2.9500000000000006 7.0000000000000009 3.2500000000000004 9.0000000000000018 15.000000000000002 4.1500000000000012 4.7500000000000009 4.9500000000000011 5.0500000000000007
decision_type=2 2 2 2 2 2 2 2 2 2 2 2 2
left_child=1 2 -1 4 -2 -6 7 -5 9 10 -8 -12 -13
right_child=3 -3 -4 6 5 -7 8 -9 -10 -11 11 12 -14
leaf_value=0.16682487833831036 -0.029878120496869068 -0.0036154816930110637 0.023131524285544519 0.015189263453850381 0.026376630339239315 -0.019647817065318429 -0.0065457831944278864 -0.023746636870276672 -0.057117166771338539 -0.054751691967248918 -0.045578187838610652 -0.0045866111436715495 -0.029438663346935873
leaf_weight=7.0000000000000044 5.0000000000000027 4.9999999999999991 9 4.9999999999999991 11.000000000000002 6.9999999999999991 6.0000000000000027 8.9999999999999982 4.9999999999999991 4.9999999999999991 7.0000000000000027 4.9999999999999991 8.9999999999999982
leaf_count=7 5 5 9 5 11 7 6 9 5 5 7 5 9
internal_value=3.68224e-06 0.0658089 0.087358 -0.018781 -6.08728e-05 0.00839033 -0.0271657 -0.00973485 -0.0336398 -0.0296007 -0.0245288 -0.0294976 -0.0208406
internal_weight=95 21 16 74 23 18 51 14 37 32 27 21 14
internal_count=95 21 16 74 23 18 51 14 37 32 27 21 14
is_linear=0
shrinkage=0.025


Tree=109
num_leaves=14
num_cat=0
split_feature=0 4 1 3 2 0 2 0 0 2 3 3 3
split_gain=179.725 48.5714 124.401 17.6849 9.02316 14.1475 8.62593 7.68081 4.6935 5.69859 3.57234 4.07675 2.9134
threshold=5.0000000000000009 74.500000000000014 7.0000000000000009 4.4500000000000011 2.9500000000000006 7.0000000000000009 3.2500000000000004 9.0000000000000018 15.000000000000002 4.1500000000000012 4.7500000000000009 4.9500000000000011 5.0500000000000007
decision_type=2 2 2 2 2 2 2 2 2 2 2 2 2
left_child=1 2 -1 4 -2 -6 7 -5 9 10 -8 -12 -13
right_child=3 -3 -4 6 5 -7 8 -9 -10 -11 11 12 -14
leaf_value=0.16277011301782385 -0.0291598960972176 -0.0035285683778616093 0.022565808503524114 0.014824133996780104 0.025728988487805634 -0.019170265996621718 -0.0063874174940264598 -0.023165877151262504 -0.055744158304654637 -0.053435545471998358 -0.044470383102695125 -0.0044763555893531214 -0.028718695967741639
leaf_weight=7.0000000000000044 5.0000000000000027 4.9999999999999991 9 4.9999999999999991 11.000000000000002 6.9999999999999991 6.0000000000000027 8.9999999999999982 4.9999999999999991 4.9999999999999991 7.0000000000000027 4.9999999999999991 8.9999999999999982
leaf_count=7 5 5 9 5 11 7 6 9 5 5 7 5 9
internal_value=0 0.0642076 0.0852346 -0.0183295 -6.43407e-05 0.0081807 -0.0265098 -0.00949229 -0.0328296 -0.0288864 -0.0239348 -0.0287819 -0.0203337
internal_weight=95 21 16 74 23 18 51 14 37 32 27 21 14
internal_count=95 21 16 74 23 18 51 14 37 32 27 21 14
is_linear=0
shrinkage=0.025


Tree=110
num_leaves=15
num_cat=0
split_feature=0 4 1 3 2 0 2 0 0 2 3 3 3 3
split_gain=171.109 46.2461 118.425 16.8332 8.59093 13.465 8.21903 7.31306 4.46849 5.42694 3.39869 3.87834 2.77022 0.00319183
threshold=5.0000000000000009 74.500000000000014 7.0000000000000009 4.4500000000000011 2.9500000000000006 7.0000000000000009 3.2500000000000004 9.0000000000000018 15.000000000000002 4.1500000000000012 4.7500000000000009 4.9500000000000011 5.0500000000000007 4.3500000000000005
decision_type=2 2 2 2 2 2 2 2 2 2 2 2 2 2
left_child=1 2 -1 4 -2 13 7 -5 9 10 -8 -12 -13 -6
right_child=3 -3 -4 6 5 -7 8 -9 -10 -11 11 12 -14 -15
leaf_value=0.15881388535102198 -0.028458936340533755 -0.0034437463833735535 0.02201392747785734 0.014467784762382509 0.020835527537330496 -0.018704324277738729 -0.0062328828190783784 -0.022599320607664793 -0.054404155336893516 -0.052151036721009472 -0.043389506847597639 -0.004368750579082049 -0.028016336416096795 0.028972871085772147
leaf_weight=7.0000000000000044 5.0000000000000027 4.9999999999999991 9 4.9999999999999991 6.0000000000000018 6.9999999999999991 6.0000000000000027 8.9999999999999982 4.9999999999999991 4.9999999999999991 7.0000000000000027 4.9999999999999991 8.9999999999999982 5
leaf_count=7 5 5 9 5 6 7 6 9 5 5 7 5 9 5
internal_value=0 0.0626453 0.0831628 -0.0178889 -6.76036e-05 0.00797627 -0.0258698 -0.00925572 -0.0320391 -0.0281895 -0.0233554 -0.0280836 -0.0198393 0.0250973
internal_weight=95 21 16 74 23 18 51 14 37 32 27 21 14 11
internal_count=95 21 16 74 23 18 51 14 37 32 27 21 14 11
is_linear=0
shrinkage=0.025


Tree=111
num_leaves=15
num_cat=0
split_feature=0 4 1 3 2 0 2 0 0 2 3 3 3 3
split_gain=162.896 44.0322 112.736 16.0312 8.18328 12.8237 7.83137 6.96295 4.25416 5.16813 3.23345 3.6895 2.63402 0.000951832
threshold=5.0000000000000009 74.500000000000014 7.0000000000000009 4.4500000000000011 2.9500000000000006 7.0000000000000009 3.2500000000000004 9.0000000000000018 15.000000000000002 4.1500000000000012 4.7500000000000009 4.9500000000000011 5.0500000000000007 4.3500000000000005
decision_type=2 2 2 2 2 2 2 2 2 2 2 2 2 2
left_child=1 2 -1 4 -2 13 7 -5 9 10 -8 -12 -13 -6
right_child=3 -3 -4 6 5 -7 8 -9 -10 -11 11 12 -14 -15
leaf_value=0.15495383391777665 -0.027774827719594403 -0.0033609601167532109 0.021475543340911035 0.014120002549428207 0.020331442404177873 -0.018249703612592486 -0.0060820875328875326 -0.02204661957271721 -0.053096362375296073 -0.050897406328182952 -0.042334900836936445 -0.00426373306948405 -0.027331154420971872 0.028276409151462401
leaf_weight=7.0000000000000044 5.0000000000000027 4.9999999999999991 9 4.9999999999999991 6.0000000000000018 6.9999999999999991 6.0000000000000027 8.9999999999999982 4.9999999999999991 4.9999999999999991 7.0000000000000027 4.9999999999999991 8.9999999999999982 5
leaf_count=7 5 5 9 5 6 7 6 9 5 5 7 5 9 5
internal_value=0 0.061121 0.0811415 -0.0174568 -6.39957e-05 0.00778541 -0.0252453 -0.00902499 -0.0312676 -0.0275095 -0.02279 -0.0274023 -0.0193569 0.0244948
internal_weight=95 21 16 74 23 18 51 14 37 32 27 21 14 11
internal_count=95 21 16 74 23 18 51 14 37 32 27 21 14 11
is_linear=0
shrinkage=0.025


Tree=112
num_leaves=14
num_cat=0
split_feature=0 4 1 3 2 0 2 0 0 2 2 1 0
split_gain=155.079 41.9246 107.32 15.2675 7.79496 12.213 7.46204 6.62961 4.05001 4.92158 3.0834 1.10308 0.522726
threshold=5.0000000000000009 74.500000000000014 7.0000000000000009 4.4500000000000011 2.9500000000000006 7.0000000000000009 3.2500000000000004 9.0000000000000018 15.000000000000002 4.1500000000000012 3.6500000000000008 18.000000000000004 11.000000000000002
decision_type=2 2 2 2 2 2 2 2 2 2 2 2 2
left_child=1 2 -1 4 -2 -6 7 -5 9 10 12 -12 -8
right_child=3 -3 -4 6 5 -7 8 -9 -10 -11 11 -13 -14
leaf_value=0.15118758591512829 -0.027107163765825889 -0.0032801671670033383 0.020950326647447504 0.013780578741660485 0.02390696363789694 -0.017806134745478631 -0.037681608238527835 -0.021507435510663888 -0.051820007425088147 -0.049673911814506234 -0.0078929214981263117 -0.023013365369003554 -0.024336737402093907
leaf_weight=7.0000000000000044 5.0000000000000027 4.9999999999999991 9 4.9999999999999991 11.000000000000002 6.9999999999999991 6.0000000000000018 8.9999999999999982 4.9999999999999991 4.9999999999999991 8.9999999999999982 4.9999999999999991 7
leaf_count=7 5 5 9 5 11 7 6 9 5 5 9 5 7
internal_value=0 0.0596338 0.0791694 -0.0170353 -6.04926e-05 0.00759911 -0.024636 -0.00879996 -0.0305149 -0.0268459 -0.0222384 -0.0136292 -0.0310682
internal_weight=95 21 16 74 23 18 51 14 37 32 27 14 13
internal_count=95 21 16 74 23 18 51 14 37 32 27 14 13
is_linear=0
shrinkage=0.025


Tree=113
num_leaves=16
num_cat=0
split_feature=0 3 4 3 3 2 0 2 0 0 2 3 3 3 3
split_gain=147.648 43.9545 77.3525 187.716 14.5341 7.42152 11.6239 7.11155 6.31225 3.85469 4.68562 2.97141 3.54428 2.49005 0.010145
threshold=5.0000000000000009 3.7500000000000004 74.500000000000014 4.1500000000000012 4.4500000000000011 2.9500000000000006 7.0000000000000009 3.2500000000000004 9.0000000000000018 15.000000000000002 4.1500000000000012 4.7500000000000009 4.9500000000000011 5.0500000000000007 4.3500000000000005
decision_type=2 2 2 2 2 2 2 2 2 2 2 2 2 2 2
left_child=1 -1 3 -3 5 -2 14 8 -6 10 11 -9 -13 -14 -7
right_child=4 2 -4 -5 7 6 -8 9 -10 -11 -12 12 13 -15 -16
leaf_value=-0.0061455779350720876 -0.026455548805936868 0.20660686569829145 -0.003201323976883521 0.00045509670789425178 0.013449315612132735 0.019261157608801312 -0.017373347178929383 -0.0056830128654837579 -0.020981438449867398 -0.050574335112021522 -0.048479826175249541 -0.040740525236146297 -0.0036060181661294053 -0.026005799813277049 0.027022001892328257
leaf_weight=5.0000000000000027 5.0000000000000027 5.9999999999999982 4.9999999999999991 5 4.9999999999999991 6.0000000000000018 6.9999999999999991 6.0000000000000027 8.9999999999999982 4.9999999999999991 4.9999999999999991 7.0000000000000027 4.9999999999999991 8.9999999999999982 5
leaf_count=5 5 6 5 5 5 6 7 6 9 5 5 7 5 9 5
internal_value=0 0.0581828 0.0781903 0.114695 -0.0166269 -6.35072e-05 0.00740909 -0.0240429 -0.00858048 -0.0297823 -0.0262008 -0.021703 -0.0261244 -0.0182574 0.02332
internal_weight=95 21 16 11 74 23 18 51 14 37 32 27 21 14 11
internal_count=95 21 16 11 74 23 18 51 14 37 32 27 21 14 11
is_linear=0
shrinkage=0.025


Tree=114
num_leaves=15
num_cat=0
split_feature=0 2 2 3 2 2 4 2 0 0 2 2 1 0
split_gain=140.587 42.0134 44.3914 13.8418 7.06936 11.5245 13.1832 6.77625 6.01011 3.66952 4.46192 2.86881 1.01161 0.521933
threshold=5.0000000000000009 3.5500000000000003 3.4500000000000006 4.4500000000000011 2.9500000000000006 3.4500000000000006 93.000000000000014 3.2500000000000004 9.0000000000000018 15.000000000000002 4.1500000000000012 3.6500000000000008 18.000000000000004 11.000000000000002
decision_type=2 2 2 2 2 2 2 2 2 2 2 2 2 2
left_child=1 2 -1 4 -2 -6 -7 8 -5 10 11 13 -13 -9
right_child=3 -3 -4 7 5 6 -8 9 -10 -11 -12 12 -14 -15
leaf_value=0.065255156656106289 -0.025819599067863921 0.097116329456153144 -0.030713802690689376 0.013126014860776756 0.031884618558817419 -0.033203043572364317 0.020751636246075997 -0.036202597930546712 -0.020468306233701501 -0.049358604963009173 -0.047314445617107237 -0.0073816588715366702 -0.021861885874890366 -0.023088587411782806
leaf_weight=7.0000000000000018 5.0000000000000027 8.9999999999999982 5 4.9999999999999991 7.0000000000000027 5.9999999999999982 5 6.0000000000000018 8.9999999999999982 4.9999999999999991 4.9999999999999991 8.9999999999999982 4.9999999999999991 7
leaf_count=7 5 9 5 5 7 6 5 6 9 5 5 9 5 7
internal_value=0 0.0567734 0.0253177 -0.0162255 -6.00441e-05 0.00723181 -0.00863396 -0.0234627 -0.00836642 -0.0290655 -0.025569 -0.0211778 -0.0128763 -0.0296927
internal_weight=95 21 12 74 23 18 11 51 14 37 32 27 14 13
internal_count=95 21 12 74 23 18 11 51 14 37 32 27 14 13
is_linear=0
shrinkage=0.025


Tree=115
num_leaves=16
num_cat=0
split_feature=0 3 4 3 4 2 2 4 0 2 0 1 3 2 3
split_gain=133.82 40.9106 72.5212 178.418 13.3707 12.4528 25.9605 6.95528 5.13751 4.42795 3.19866 2.11655 1.33301 0.32513 2.19271
threshold=5.0000000000000009 3.7500000000000004 74.500000000000014 4.1500000000000012 112.50000000000001 3.4500000000000006 2.9500000000000006 93.000000000000014 7.0000000000000009 3.8500000000000001 17.000000000000004 18.000000000000004 4.5500000000000007 3.4500000000000006 4.9500000000000011
decision_type=2 2 2 2 2 2 2 2 2 2 2 2 2 2 2
left_child=1 -1 3 -3 5 6 11 9 -9 -7 13 -2 -8 -6 -15
right_child=4 2 -4 -5 10 7 12 8 -10 -11 -12 -13 -14 14 -16
leaf_value=-0.006643705987013299 -0.031680954498453769 0.19964413662110611 -0.0040765769206560576 -0.00079503259979761564 -0.032647057851919715 -0.04360306648219503 0.045067605834740863 0.013234714819834785 -0.017816216727394776 -0.012641842605975959 -0.048614285943599844 -0.0090480752529636509 0.023911013970008263 -0.0081318094466741268 -0.02887228807500963
leaf_weight=5.0000000000000027 5.0000000000000018 5.9999999999999982 4.9999999999999991 5 5.0000000000000062 8.0000000000000018 4.9999999999999982 4.9999999999999991 8.9999999999999982 4.9999999999999991 4.9999999999999991 6 5 4.9999999999999991 10.999999999999998
leaf_count=5 5 6 5 5 5 8 5 5 9 5 5 6 5 5 11
internal_value=0 0.0553851 0.074689 0.110037 -0.0158354 -0.00792057 0.00644339 -0.0191037 -0.00660836 -0.0321616 -0.0302276 -0.0198294 0.0352881 -0.0253736 -0.0226485
internal_weight=95 21 16 11 74 48 21 27 14 13 26 11 10 21 16
internal_count=95 21 16 11 74 48 21 27 14 13 26 11 10 21 16
is_linear=0
shrinkage=0.025


Tree=116
num_leaves=15
num_cat=0
split_feature=0 2 2 3 2 0 2 0 0 2 2 1 0 3
split_gain=127.404 39.4888 40.4008 13.1033 6.4614 11.1216 6.16746 5.32065 3.3731 4.26027 2.73435 0.920989 0.533225 0.0571648
threshold=5.0000000000000009 3.5500000000000003 3.4500000000000006 4.4500000000000011 2.9500000000000006 7.0000000000000009 3.2500000000000004 9.0000000000000018 15.000000000000002 4.1500000000000012 3.6500000000000008 18.000000000000004 11.000000000000002 4.3500000000000005
decision_type=2 2 2 2 2 2 2 2 2 2 2 2 2 2
left_child=1 2 -1 4 -2 13 7 -5 9 10 12 -12 -8 -6
right_child=3 -3 -4 6 5 -7 8 -9 -10 -11 11 -13 -14 -15
leaf_value=0.061672826442453567 -0.024355963825319807 0.093144463812527473 -0.029868587908836508 0.012133987821065464 0.018519900787261217 -0.01699765506717894 -0.03497478514909743 -0.01946990195175876 -0.047305085968512753 -0.045717127391925225 -0.0068607092652793831 -0.020677801708762465 -0.021969679629223214 0.02679800391197204
leaf_weight=7.0000000000000018 5.0000000000000027 8.9999999999999982 5 4.9999999999999991 6.0000000000000018 6.9999999999999991 6.0000000000000018 8.9999999999999982 4.9999999999999991 4.9999999999999991 8.9999999999999982 4.9999999999999991 7 5
leaf_count=7 5 9 5 5 6 7 6 9 5 5 9 5 7 5
internal_value=0 0.0540404 0.0235637 -0.0154518 0.000167624 0.0072412 -0.0224934 -0.00808284 -0.0278396 -0.0244844 -0.0201992 -0.0121051 -0.0285057 0.0228056
internal_weight=95 21 12 74 23 18 51 14 37 32 27 14 13 11
internal_count=95 21 12 74 23 18 51 14 37 32 27 14 13 11
is_linear=0
shrinkage=0.025


Tree=117
num_leaves=16
num_cat=0
split_feature=0 3 4 3 3 2 2 3 2 0 0 2 2 1 0
split_gain=121.27 38.0688 67.9928 169.615 12.4811 6.15483 10.7512 8.72157 5.87792 5.06602 3.21008 4.05578 2.6013 0.87654 0.505406
threshold=5.0000000000000009 3.7500000000000004 74.500000000000014 4.1500000000000012 4.4500000000000011 2.9500000000000006 3.2500000000000004 4.3500000000000005 3.2500000000000004 9.0000000000000018 15.000000000000002 4.1500000000000012 3.6500000000000008 18.000000000000004 11.000000000000002
decision_type=2 2 2 2 2 2 2 2 2 2 2 2 2 2 2
left_child=1 -1 3 -3 5 -2 -7 -8 9 -6 11 12 14 -14 -10
right_child=4 2 -4 -5 8 6 7 -9 10 -11 -12 -13 13 -15 -16
leaf_value=-0.007086314604832571 -0.023770483948576893 0.19294124149507097 -0.0048835074672332179 -0.0024235630264649016 0.011842305041276494 0.037488728245863523 0.013755135693483883 -0.026668002816938582 -0.034128621388827586 -0.018993735791224504 -0.046167944543636763 -0.044618158013774799 -0.0066929199125455785 -0.020180739107756661 -0.02143569444823596
leaf_weight=5.0000000000000027 5.0000000000000027 5.9999999999999982 4.9999999999999991 5 4.9999999999999991 5.0000000000000027 6.9999999999999982 6 6.0000000000000018 8.9999999999999982 4.9999999999999991 4.9999999999999991 8.9999999999999982 4.9999999999999991 7
leaf_count=5 5 6 5 5 5 5 7 6 6 9 5 5 9 5 7
internal_value=-3.04106e-07 0.0527189 0.0713419 0.10557 -0.0150798 0.000162941 0.00706795 -0.00492838 -0.0219521 -0.00788115 -0.0271717 -0.0238964 -0.0197132 -0.0118144 -0.027817
internal_weight=95 21 16 11 74 23 18 13 51 14 37 32 27 14 13
internal_count=95 21 16 11 74 23 18 13 51 14 37 32 27 14 13
is_linear=0
shrinkage=0.025


Tree=118
num_leaves=15
num_cat=0
split_feature=0 2 2 4 2 2 4 2 0 0 1 3 2 3
split_gain=115.463 37.1244 36.7355 11.942 11.5079 23.3023 6.65141 4.60915 4.48113 2.94871 1.9949 1.14248 0.357176 1.91947
threshold=5.0000000000000009 3.5500000000000003 3.4500000000000006 112.50000000000001 3.4500000000000006 2.9500000000000006 93.000000000000014 3.8500000000000001 7.0000000000000009 17.000000000000004 18.000000000000004 4.5500000000000007 3.4500000000000006 4.9500000000000011
decision_type=2 2 2 2 2 2 2 2 2 2 2 2 2 2
left_child=1 2 -1 4 5 10 7 -6 -8 12 -2 -7 -5 -14
right_child=3 -3 -4 9 6 11 8 -9 -10 -11 -12 -13 13 -15
leaf_value=0.058254808849758546 -0.029808963455546345 0.089346470262693337 -0.029023846811973127 -0.030950592744808887 -0.042396827659955824 0.043036952242255212 0.012735933982408965 -0.010970502719283105 -0.016258620021297882 -0.045945674811418237 -0.0078985985969343472 0.023207376553462097 -0.0073730613749760842 -0.026784750983850764
leaf_weight=7.0000000000000018 5.0000000000000018 8.9999999999999982 5 5.0000000000000062 8.0000000000000018 4.9999999999999982 4.9999999999999991 4.9999999999999991 8.9999999999999982 4.9999999999999991 6 5 4.9999999999999991 10.999999999999998
leaf_count=7 5 9 5 5 8 5 5 5 9 5 6 5 5 11
internal_value=-2.64742e-06 0.0514386 0.0219066 -0.014717 -0.00723673 0.00656805 -0.0179891 -0.0307538 -0.00578186 -0.0283183 -0.0183239 0.0338942 -0.0236685 -0.0209617
internal_weight=95 21 12 74 48 21 27 13 14 26 11 10 21 16
internal_count=95 21 12 74 48 21 27 13 14 26 11 10 21 16
is_linear=0
shrinkage=0.025


Tree=119
num_leaves=16
num_cat=0
split_feature=0 3 4 3 3 2 0 2 0 0 2 2 1 0 3
split_gain=109.897 35.4195 63.7543 161.265 11.8282 5.62587 10.5081 5.34382 4.47432 2.94694 3.87585 2.48225 0.797733 0.514227 0.136216
threshold=5.0000000000000009 3.7500000000000004 74.500000000000014 4.1500000000000012 4.4500000000000011 2.9500000000000006 7.0000000000000009 3.2500000000000004 9.0000000000000018 15.000000000000002 4.1500000000000012 3.6500000000000008 18.000000000000004 11.000000000000002 4.3500000000000005
decision_type=2 2 2 2 2 2 2 2 2 2 2 2 2 2 2
left_child=1 -1 3 -3 5 -2 14 8 -6 10 11 13 -13 -9 -7
right_child=4 2 -4 -5 7 6 -8 9 -10 -11 -12 12 -14 -15 -16
leaf_value=-0.0074771090195729127 -0.022404935554816159 0.18648781776428225 -0.0056262134359433107 -0.0039439663290977475 0.010904429394465228 0.017535481770192415 -0.016483117867675093 -0.032983822976389222 -0.018069726649833764 -0.044240584224462504 -0.043129832182939233 -0.0062097900911517777 -0.01907791614962312 -0.020398473718927966 0.026678699197677465
leaf_weight=5.0000000000000027 5.0000000000000027 5.9999999999999982 4.9999999999999991 5 4.9999999999999991 6.0000000000000018 6.9999999999999991 6.0000000000000018 8.9999999999999982 4.9999999999999991 4.9999999999999991 8.9999999999999982 4.9999999999999991 7 5
leaf_count=5 5 6 5 5 5 6 7 6 9 5 5 9 5 7 5
internal_value=-4.9883e-06 0.0501806 0.0681457 0.101292 -0.0143606 0.000474789 0.00707532 -0.0210511 -0.00762595 -0.026029 -0.0228875 -0.0188035 -0.0110976 -0.0267135 0.0222053
internal_weight=95 21 16 11 74 23 18 51 14 37 32 27 14 13 11
internal_count=95 21 16 11 74 23 18 51 14 37 32 27 14 13 11
is_linear=0
shrinkage=0.025


Tree=120
num_leaves=15
num_cat=0
split_feature=0 2 2 3 2 2 4 2 0 0 2 2 1 0
split_gain=104.633 34.9099 33.371 11.2667 5.35899 10.0872 11.667 5.09305 4.26024 2.80428 3.68966 2.36142 0.759165 0.487448
threshold=5.0000000000000009 3.5500000000000003 3.4500000000000006 4.4500000000000011 2.9500000000000006 3.4500000000000006 93.000000000000014 3.2500000000000004 9.0000000000000018 15.000000000000002 4.1500000000000012 3.6500000000000008 18.000000000000004 11.000000000000002
decision_type=2 2 2 2 2 2 2 2 2 2 2 2 2 2
left_child=1 2 -1 4 -2 -6 -7 8 -5 10 11 13 -13 -9
right_child=3 -3 -4 7 5 6 -8 9 -10 -11 -12 12 -14 -15
leaf_value=0.054993728631072547 -0.021866355721767119 0.08571452861246856 -0.028181201047622235 0.010642303641025837 0.029971380242043058 -0.031054124764857763 0.019698420166969297 -0.032185828060873077 -0.017627803803138112 -0.043177109842117013 -0.042093056812882418 -0.0060579195618629469 -0.018619312048674778 -0.019902677316632533
leaf_weight=7.0000000000000018 5.0000000000000027 8.9999999999999982 5 4.9999999999999991 7.0000000000000027 5.9999999999999982 5 6.0000000000000018 8.9999999999999982 4.9999999999999991 4.9999999999999991 8.9999999999999982 4.9999999999999991 7
leaf_count=7 5 9 5 5 7 6 5 6 9 5 5 9 5 7
internal_value=-7.07997e-06 0.0489616 0.0203412 -0.014015 0.00046272 0.00690605 -0.00793337 -0.0205448 -0.00743562 -0.0254048 -0.0223382 -0.0183513 -0.0108312 -0.0260683
internal_weight=95 21 12 74 23 18 11 51 14 37 32 27 14 13
internal_count=95 21 12 74 23 18 11 51 14 37 32 27 14 13
is_linear=0
shrinkage=0.025


Tree=121
num_leaves=15
num_cat=0
split_feature=0 2 2 4 2 2 4 2 0 0 1 3 2 3
split_gain=99.5975 33.2214 31.7763 10.7481 10.6062 20.9456 6.18809 4.67474 3.82885 2.70405 1.88212 0.971905 0.40713 1.67252
threshold=5.0000000000000009 3.5500000000000003 3.4500000000000006 112.50000000000001 3.4500000000000006 2.9500000000000006 93.000000000000014 3.8500000000000001 7.0000000000000009 17.000000000000004 18.000000000000004 4.5500000000000007 3.4500000000000006 4.9500000000000011
decision_type=2 2 2 2 2 2 2 2 2 2 2 2 2 2
left_child=1 2 -1 4 5 10 7 -6 -8 12 -2 -7 -5 -14
right_child=3 -3 -4 9 6 11 8 -9 -10 -11 -12 -13 13 -15
leaf_value=0.053657078742980938 -0.028069408237934097 0.083618251396262139 -0.027503767609596247 -0.029560574316061423 -0.040918985645218578 0.041104820829171405 0.011966754954594833 -0.0093975970378288864 -0.014829356053277204 -0.043444568348618651 -0.0068438531890992185 0.022548460960388182 -0.0067058125224251008 -0.024837613514890628
leaf_weight=7.0000000000000018 5.0000000000000018 8.9999999999999982 5 5.0000000000000062 8.0000000000000018 4.9999999999999982 4.9999999999999991 4.9999999999999991 8.9999999999999982 4.9999999999999991 6 5 4.9999999999999991 10.999999999999998
leaf_count=7 5 9 5 5 8 5 5 5 9 5 6 5 5 11
internal_value=-1.13533e-05 0.0477641 0.0198411 -0.0136783 -0.00658199 0.00666765 -0.0169065 -0.0292162 -0.00513753 -0.0265812 -0.0169324 0.0325732 -0.0221352 -0.0194013
internal_weight=95 21 12 74 48 21 27 13 14 26 11 10 21 16
internal_count=95 21 12 74 48 21 27 13 14 26 11 10 21 16
is_linear=0
shrinkage=0.025


Tree=122
num_leaves=16
num_cat=0
split_feature=2 1 2 3 3 4 3 4 3 2 0 3 1 2 2
split_gain=94.9446 364.431 73.21 95.7509 56.495 53.1664 6.9288 6.18293 8.72579 8.27106 3.99836 1.15678 4.25787 3.01651 0.0110387
threshold=3.1500000000000008 7.0000000000000009 3.3500000000000001 4.2500000000000009 4.3500000000000005 74.500000000000014 4.6500000000000012 74.500000000000014 4.7500000000000009 3.8500000000000001 11.000000000000002 4.9500000000000011 22.000000000000004 3.5500000000000003 3.7500000000000004
decision_type=2 2 2 2 2 2 2 2 2 2 2 2 2 2 2
left_child=1 -1 4 5 -2 -4 -3 9 14 -5 -8 -10 13 -13 -9
right_child=2 6 3 7 -6 -7 10 8 11 -11 -12 12 -14 -15 -16
leaf_value=0.22847537644780586 -0.13332986020697998 -0.033003214193928619 0.079275912764881329 -0.049896341578468034 -0.014659858437684865 -0.012413719777138003 0.01611301394609305 0.0034232498361514169 -0.034713101110631396 -0.0091716929983634201 -0.014881009723131472 -0.022963538092951624 -0.039336732144539172 0.0028364968772691024 0.0012213987508608449
leaf_weight=5.0000000000000027 4.9999999999999982 5.9999999999999991 11.000000000000002 8.9999999999999982 5 5.9999999999999991 4.9999999999999982 4.9999999999999982 6.0000000000000027 4.9999999999999991 5 5.9999999999999982 4.9999999999999991 5 6
leaf_count=5 5 6 11 9 5 6 5 5 6 5 5 6 5 5 6
internal_value=-1.33917e-05 0.0466325 -0.0133576 -0.00341257 -0.0755683 0.0470741 -0.0122354 -0.0218223 -0.0156859 -0.0357739 0.000505532 -0.0247138 -0.0205046 -0.0112834 0.0023771
internal_weight=95 21 74 64 10 17 16 47 33 14 10 22 16 11 11
internal_count=95 21 74 64 10 17 16 47 33 14 10 22 16 11 11
is_linear=0
shrinkage=0.025


Tree=123
num_leaves=15
num_cat=0
split_feature=0 3 4 3 3 2 2 3 2 1 2 1 0 0
split_gain=92.4558 32.2167 57.5514 150.471 9.96096 5.5569 9.62043 7.17785 4.47689 5.27059 4.10801 1.93283 3.13417 0.0740476
threshold=5.0000000000000009 3.7500000000000004 74.500000000000014 4.1500000000000012 4.4500000000000011 2.9500000000000006 3.2500000000000004 4.3500000000000005 3.0500000000000003 26.000000000000004 4.1500000000000012 14.000000000000002 11.000000000000002 13.000000000000002
decision_type=2 2 2 2 2 2 2 2 2 2 2 2 2 2
left_child=1 -1 3 -3 5 -2 -7 -8 -6 10 11 -10 -13 -14
right_child=4 2 -4 -5 8 6 7 -9 9 -11 -12 12 13 -15
leaf_value=-0.0089077056027375683 -0.022312927833543359 0.17695100634328786 -0.0068732429009217477 -0.0068804527704532312 -0.0030803880775752278 0.035761432206401433 0.012577186276515327 -0.024090465566804331 -0.025596707929735597 -0.046746586721677044 -0.040196317950120339 -0.001736295569155897 -0.023660464680963951 -0.016098740348412143
leaf_weight=5.0000000000000027 5.0000000000000027 5.9999999999999982 4.9999999999999991 5 8.9999999999999982 5.0000000000000027 6.9999999999999982 6 8.9999999999999982 4.9999999999999991 4.9999999999999991 11.000000000000002 5.9999999999999982 6
leaf_count=5 5 6 5 5 9 5 7 6 9 5 5 11 6 6
internal_value=-1.57767e-05 0.0460145 0.0631529 0.0946489 -0.0131841 0.000425736 0.0069865 -0.00436024 -0.0193239 -0.022744 -0.0192329 -0.0156892 -0.0115713 -0.020308
internal_weight=95 21 16 11 74 23 18 13 51 42 37 32 23 12
internal_count=95 21 16 11 74 23 18 13 51 42 37 32 23 12
is_linear=0
shrinkage=0.025


Tree=124
num_leaves=16
num_cat=0
split_feature=2 1 2 3 3 4 3 4 3 2 0 3 1 2 2
split_gain=89.9477 344.632 70.157 87.1022 55.6627 48.8081 6.59281 5.77071 8.31188 8.03561 3.80712 1.10537 3.89347 2.84537 0.0103877
threshold=3.1500000000000008 7.0000000000000009 3.3500000000000001 4.2500000000000009 4.3500000000000005 74.500000000000014 4.6500000000000012 74.500000000000014 4.7500000000000009 3.8500000000000001 11.000000000000002 4.9500000000000011 22.000000000000004 3.5500000000000003 3.7500000000000004
decision_type=2 2 2 2 2 2 2 2 2 2 2 2 2 2 2
left_child=1 -1 4 5 -2 -4 -3 9 14 -5 -8 -10 13 -13 -9
right_child=2 6 3 7 -6 -7 10 8 11 -11 -12 12 -14 -15 -16
leaf_value=0.22221789973286468 -0.13123375441019355 -0.032120021048092078 0.075735745046819958 -0.048220162595743722 -0.013496029606232274 -0.012103956360970775 0.015793269414168139 0.0037925731104153856 -0.033469837387242601 -0.0081325838055748192 -0.014449245425371023 -0.022134309562463917 -0.037625095935968252 0.0029154543335048046 0.0015293200710608111
leaf_weight=5.0000000000000027 4.9999999999999982 5.9999999999999991 11.000000000000002 8.9999999999999982 5 5.9999999999999991 4.9999999999999982 4.9999999999999982 6.0000000000000027 4.9999999999999991 5 5.9999999999999982 4.9999999999999991 5 6
leaf_count=5 5 6 11 9 5 6 5 5 6 5 5 6 5 5 6
internal_value=-1.80547e-05 0.0453834 -0.0130067 -0.00327106 -0.0739064 0.0448806 -0.0118614 -0.0208305 -0.0149031 -0.0343074 0.00056264 -0.0237156 -0.0196125 -0.0107877 0.00271903
internal_weight=95 21 74 64 10 17 16 47 33 14 10 22 16 11 11
internal_count=95 21 74 64 10 17 16 47 33 14 10 22 16 11 11
is_linear=0
shrinkage=0.025


Tree=125
num_leaves=16
num_cat=0
split_feature=0 3 4 3 4 2 2 4 2 2 1 1 3 1 3
split_gain=85.9001 30.6817 53.5694 140.822 8.856 8.6903 20.8553 5.54402 4.47655 3.61463 2.58442 2.46646 0.838374 0.194369 0.218244
threshold=5.0000000000000009 3.7500000000000004 74.500000000000014 4.1500000000000012 112.50000000000001 3.4500000000000006 2.9500000000000006 93.000000000000014 3.8500000000000001 3.7500000000000004 18.000000000000004 26.000000000000004 4.5500000000000007 22.000000000000004 5.2500000000000009
decision_type=2 2 2 2 2 2 2 2 2 2 2 2 2 2 2
left_child=1 -1 3 -3 5 6 10 8 -7 -9 -2 13 -8 14 -6
right_child=4 2 -4 -5 11 7 12 9 -10 -11 -12 -13 -14 -15 -16
leaf_value=-0.0092282972083641869 -0.030811558606532893 0.1710815254719027 -0.0064826009365228504 -0.0067478026335055993 -0.025238339189530851 -0.038699477765618287 0.039608458544199289 0.0049019958338011871 -0.0079370902421382755 -0.02113348240605914 -0.0061410697237137815 -0.038768112226839985 0.022101063338609839 -0.0142003329530839 -0.016278467669842707
leaf_weight=5.0000000000000027 5.0000000000000018 5.9999999999999982 4.9999999999999991 5 8.0000000000000053 8.0000000000000018 4.9999999999999982 8.9999999999999982 4.9999999999999991 4.9999999999999991 6 5.9999999999999991 5 5.9999999999999991 5.9999999999999991
leaf_count=5 5 6 5 5 8 8 5 9 5 5 6 6 5 6 6
internal_value=-2.02162e-05 0.0443477 0.0610745 0.0914613 -0.0127135 -0.0062668 0.00572381 -0.0156123 -0.027262 -0.00447505 -0.0178165 -0.0244288 0.0315823 -0.0197239 -0.0217698
internal_weight=95 21 16 11 74 48 21 27 13 14 11 26 10 20 14
internal_count=95 21 16 11 74 48 21 27 13 14 11 26 10 20 14
is_linear=0
shrinkage=0.025


Tree=126
num_leaves=16
num_cat=0
split_feature=2 1 2 3 3 4 3 4 3 2 0 3 1 2 2
split_gain=85.5663 325.831 67.7244 79.5985 54.3984 44.9111 6.10422 5.40922 7.89287 7.45091 3.5558 1.07197 3.68645 2.6596 0.00269143
threshold=3.1500000000000008 7.0000000000000009 3.3500000000000001 4.2500000000000009 4.3500000000000005 74.500000000000014 4.6500000000000012 74.500000000000014 4.7500000000000009 3.8500000000000001 11.000000000000002 4.9500000000000011 22.000000000000004 3.5500000000000003 3.7500000000000004
decision_type=2 2 2 2 2 2 2 2 2 2 2 2 2 2 2
left_child=1 -1 4 5 -2 -4 -3 9 14 -5 -8 -10 13 -13 -9
right_child=2 6 3 7 -6 -7 10 8 11 -11 -12 12 -14 -15 -16
leaf_value=0.21620382173703254 -0.12919371967705398 -0.030894296532196386 0.072504325397312636 -0.046354886500731766 -0.012824960969961606 -0.011746098726026475 0.015272515095197239 0.0038853597755615535 -0.03233705348665674 -0.007746293983207299 -0.013954286162669841 -0.021132710828415814 -0.036261177177612597 0.0030760989166223078 0.0019445389749542356
leaf_weight=5.0000000000000027 4.9999999999999982 5.9999999999999991 11.000000000000002 8.9999999999999982 5 5.9999999999999991 4.9999999999999982 4.9999999999999982 6.0000000000000027 4.9999999999999991 5 5.9999999999999982 4.9999999999999991 5 6
leaf_count=5 5 6 11 9 5 6 5 5 6 5 5 6 5 5 6
internal_value=-2.1167e-05 0.0442604 -0.0126898 -0.00312442 -0.0725242 0.0429054 -0.0114006 -0.0199112 -0.0141736 -0.0329574 0.000549489 -0.0227624 -0.0187398 -0.0101587 0.00299197
internal_weight=95 21 74 64 10 17 16 47 33 14 10 22 16 11 11
internal_count=95 21 74 64 10 17 16 47 33 14 10 22 16 11 11
is_linear=0
shrinkage=0.025


Tree=127
num_leaves=16
num_cat=0
split_feature=2 1 2 3 3 4 3 4 3 2 0 3 1 2 2
split_gain=81.5125 310.353 64.5057 75.7448 51.8077 42.7413 5.81242 5.14581 7.52023 7.08645 3.38695 1.01824 3.51093 2.53352 0.00228883
threshold=3.1500000000000008 7.0000000000000009 3.3500000000000001 4.2500000000000009 4.3500000000000005 74.500000000000014 4.6500000000000012 74.500000000000014 4.7500000000000009 3.8500000000000001 11.000000000000002 4.9500000000000011 22.000000000000004 3.5500000000000003 3.7500000000000004
decision_type=2 2 2 2 2 2 2 2 2 2 2 2 2 2 2
left_child=1 -1 4 5 -2 -4 -3 9 14 -5 -8 -10 13 -13 -9
right_child=2 6 3 7 -6 -7 10 8 11 -11 -12 12 -14 -15 -16
leaf_value=0.21100660791763881 -0.12608809918165209 -0.030146853986286349 0.070724086330405292 -0.045221207128918695 -0.012516667407292584 -0.011461913874072414 0.014905387736283818 0.0037919621628064379 -0.031554704730308809 -0.0075600855625592746 -0.013618846552876325 -0.020621435644645848 -0.035389514983846591 0.003002153516102295 0.0018974936056521631
leaf_weight=5.0000000000000027 4.9999999999999982 5.9999999999999991 11.000000000000002 8.9999999999999982 5 5.9999999999999991 4.9999999999999982 4.9999999999999982 6.0000000000000027 4.9999999999999991 5 5.9999999999999982 4.9999999999999991 5 6
leaf_count=5 5 6 11 9 5 6 5 5 6 5 5 6 5 5 6
internal_value=-2.31748e-05 0.0431964 -0.0123884 -0.00305258 -0.0707838 0.0418486 -0.0111247 -0.0194284 -0.0138305 -0.0321548 0.000533335 -0.0222142 -0.0182881 -0.00990997 0.00292256
internal_weight=95 21 74 64 10 17 16 47 33 14 10 22 16 11 11
internal_count=95 21 74 64 10 17 16 47 33 14 10 22 16 11 11
is_linear=0
shrinkage=0.025


Tree=128
num_leaves=15
num_cat=0
split_feature=0 2 2 3 2 2 1 0 2 2 1 1 3 3
split_gain=77.9635 29.5694 27.435 7.99341 7.90754 12.0181 3.66004 2.89185 3.63977 4.48324 4.66244 1.27712 0.673328 0.433781
threshold=5.0000000000000009 3.5500000000000003 3.4500000000000006 4.0500000000000007 3.2500000000000004 2.9500000000000006 18.000000000000004 15.000000000000002 4.1500000000000012 3.6500000000000008 14.000000000000002 18.000000000000004 5.0500000000000007 4.6500000000000012
decision_type=2 2 2 2 2 2 2 2 2 2 2 2 2 2
left_child=1 2 -1 -2 5 6 -5 8 9 10 -6 13 -12 -11
right_child=3 -3 -4 4 7 -7 -8 -9 -10 11 12 -13 -14 -15
leaf_value=0.047411524421638894 0.017787618763171708 0.076047273628089745 -0.027971105850659879 -0.033736840010477352 -0.039029660572608288 0.020058377799780477 -0.0055827211174699987 -0.038050915530094737 -0.037590251218241 -0.0052153085869166135 -0.00832526916410865 -0.015413516079290557 -0.020122530287311924 0.0041156237329085981
leaf_weight=7.0000000000000018 4.9999999999999991 8.9999999999999982 5 5.0000000000000018 7.0000000000000027 8.9999999999999982 7 4.9999999999999991 4.9999999999999991 6.0000000000000018 7.9999999999999982 4.9999999999999991 6 6
leaf_count=7 5 9 5 5 7 9 7 5 5 6 8 5 6 6
internal_value=-2.50963e-05 0.0422428 0.015956 -0.0121184 -0.0143487 -0.00146651 -0.0177768 -0.0199293 -0.0176268 -0.0147843 -0.0224783 -0.0050563 -0.0136815 -0.000456397
internal_weight=95 21 12 74 69 21 12 48 43 38 21 17 14 12
internal_count=95 21 12 74 69 21 12 48 43 38 21 17 14 12
is_linear=0
shrinkage=0.025


Tree=129
num_leaves=15
num_cat=0
split_feature=2 1 1 3 4 0 0 1 3 3 0 3 3 0
split_gain=77.5666 294.887 62.7311 129.058 7.99334 31.5669 6.85329 5.67307 5.51513 3.6682 3.17211 2.30477 1.83848 1.4991
threshold=3.1500000000000008 7.0000000000000009 7.0000000000000009 3.9500000000000006 74.500000000000014 7.0000000000000009 5.0000000000000009 26.000000000000004 4.6500000000000012 4.7500000000000009 11.000000000000002 4.6500000000000012 4.9500000000000011 11.000000000000002
decision_type=2 2 2 2 2 2 2 2 2 2 2 2 2 2
left_child=1 -1 -2 -4 6 -6 -5 9 -3 -7 -10 -8 -11 -14
right_child=2 8 3 4 5 7 11 -9 10 12 -12 -13 13 -15
leaf_value=0.20570640758826172 -0.08823621373984121 -0.029347240965392804 0.10364449341450968 -0.048143750925858791 0.03838509718577067 0.004721715530523884 -0.0091910791178436407 -0.041228341767864843 0.014446815962974844 -0.030537807220412824 -0.013157270046380849 -0.028778785053226681 -0.0034826286016933377 -0.019969885715323949
leaf_weight=5.0000000000000027 5.9999999999999991 5.9999999999999991 5.9999999999999991 7.0000000000000027 6.9999999999999991 5.0000000000000027 8.9999999999999982 5.9999999999999991 4.9999999999999982 6.0000000000000027 5 6.9999999999999991 5.9999999999999991 8.9999999999999982
leaf_count=5 6 6 6 7 7 5 9 6 5 6 5 7 6 9
internal_value=-2.92283e-05 0.0421309 -0.0120918 -0.00511575 -0.0159604 -0.00894362 -0.027625 -0.0195097 -0.0108177 -0.0141735 0.000534867 -0.0180874 -0.0187335 -0.0135898
internal_weight=95 21 74 68 62 39 23 32 16 26 10 16 21 15
internal_count=95 21 74 68 62 39 23 32 16 26 10 16 21 15
is_linear=0
shrinkage=0.025


Tree=130
num_leaves=15
num_cat=0
split_feature=0 2 2 3 2 2 1 0 2 2 1 1 3 3
split_gain=74.051 28.9163 24.4665 7.14619 6.85854 11.6088 4.03935 2.60823 3.34684 4.1538 4.51252 1.16987 0.652323 0.4669
threshold=5.0000000000000009 3.5500000000000003 3.4500000000000006 4.0500000000000007 3.2500000000000004 2.9500000000000006 18.000000000000004 15.000000000000002 4.1500000000000012 3.6500000000000008 14.000000000000002 18.000000000000004 5.0500000000000007 4.6500000000000012
decision_type=2 2 2 2 2 2 2 2 2 2 2 2 2 2
left_child=1 2 -1 -2 5 6 -5 8 9 10 -6 13 -12 -11
right_child=3 -3 -4 4 7 -7 -8 -9 -10 11 12 -13 -14 -15
leaf_value=0.044890811708238373 0.016461090743541719 0.074591066072816445 -0.026292917877435679 -0.034691074777107957 -0.037880690706272896 0.019244828334321149 -0.0051668675305942685 -0.036349570435973318 -0.036079542374668212 -0.0053626456508232678 -0.007714566879156161 -0.014747036821567095 -0.019285513767071306 0.0043205933960815584
leaf_weight=7.0000000000000018 4.9999999999999991 8.9999999999999982 5 5.0000000000000018 7.0000000000000027 8.9999999999999982 7 4.9999999999999991 4.9999999999999991 6.0000000000000018 7.9999999999999982 4.9999999999999991 6 6
leaf_count=7 5 9 5 5 7 9 7 5 5 6 8 5 6 6
internal_value=-2.69304e-05 0.0411664 0.0151837 -0.0118132 -0.0139218 -0.00191239 -0.0179381 -0.0191203 -0.0169289 -0.0142007 -0.0216071 -0.00483403 -0.0129634 -0.000427109
internal_weight=95 21 12 74 69 21 12 48 43 38 21 17 14 12
internal_count=95 21 12 74 69 21 12 48 43 38 21 17 14 12
is_linear=0
shrinkage=0.025


Tree=131
num_leaves=16
num_cat=0
split_feature=2 1 2 3 3 4 3 4 2 3 0 3 1 2 2
split_gain=73.8523 280.248 63.3326 67.5131 51.5935 41.2475 5.22619 4.89816 7.21565 6.33171 2.97464 1.03771 3.00123 2.28789 0.0497711
threshold=3.1500000000000008 7.0000000000000009 3.3500000000000001 4.2500000000000009 4.3500000000000005 74.500000000000014 4.6500000000000012 74.500000000000014 3.8500000000000001 4.7500000000000009 11.000000000000002 4.9500000000000011 22.000000000000004 3.5500000000000003 3.7500000000000004
decision_type=2 2 2 2 2 2 2 2 2 2 2 2 2 2 2
left_child=1 -1 4 5 -2 -4 -3 8 -5 14 -8 -11 13 -13 -9
right_child=2 6 3 7 -6 -7 10 9 -10 11 -12 12 -14 -15 -16
leaf_value=0.20057095392392219 -0.1248460134634605 -0.028546978226832803 0.068208497443369445 -0.04358834219772531 -0.011558596102090981 -0.012498964032819195 0.01401359278422136 0.0046700916038109712 -0.0057078837990187682 -0.029559410525666116 -0.012716785990274869 -0.018818928908196194 -0.032175108704429405 0.0036143187576761606 0.00093827816026826054
leaf_weight=5.0000000000000027 4.9999999999999982 5.9999999999999991 11.000000000000002 8.9999999999999982 5 5.9999999999999991 4.9999999999999982 4.9999999999999982 4.9999999999999991 6.0000000000000027 5 5.9999999999999982 4.9999999999999991 5 6
leaf_count=5 5 6 11 9 5 6 5 5 5 6 5 6 5 5 6
internal_value=-3.09353e-05 0.0411071 -0.0118014 -0.00255237 -0.0696622 0.0398367 -0.0105091 -0.0180149 -0.0304186 -0.0125636 0.000538568 -0.0202573 -0.01637 -0.00862794 0.00279927
internal_weight=95 21 74 64 10 17 16 47 14 33 10 22 16 11 11
internal_count=95 21 74 64 10 17 16 47 14 33 10 22 16 11 11
is_linear=0
shrinkage=0.025


Tree=132
num_leaves=15
num_cat=0
split_feature=2 1 1 3 4 0 0 1 3 3 0 3 3 3
split_gain=70.3536 266.936 60.3641 121.864 8.02407 28.9632 7.87198 5.49963 4.97635 3.24825 2.83339 2.18047 1.74632 1.37056
threshold=3.1500000000000008 7.0000000000000009 7.0000000000000009 3.9500000000000006 74.500000000000014 7.0000000000000009 5.0000000000000009 26.000000000000004 4.6500000000000012 4.7500000000000009 11.000000000000002 4.6500000000000012 4.9500000000000011 5.2500000000000009
decision_type=2 2 2 2 2 2 2 2 2 2 2 2 2 2
left_child=1 -1 -2 -4 6 -6 -5 9 -3 -7 -10 -8 -11 -14
right_child=2 8 3 4 5 7 11 -9 10 12 -12 -13 13 -15
leaf_value=0.19574952790370342 -0.08621407929928071 -0.027856325838835013 0.10100499593442486 -0.048826444728506911 0.037134953919384213 0.004688555861894898 -0.0081197701758988546 -0.039683365821838373 0.01367672681808472 -0.028844263813187984 -0.012411094184678333 -0.027128634084430003 -0.0013260371983051301 -0.017645631585379736
leaf_weight=5.0000000000000027 5.9999999999999991 5.9999999999999991 5.9999999999999991 7.0000000000000027 6.9999999999999991 5.0000000000000027 8.9999999999999982 5.9999999999999991 4.9999999999999982 6.0000000000000027 5 6.9999999999999991 4.9999999999999991 9.9999999999999982
leaf_count=5 6 6 6 7 7 5 9 6 5 6 5 7 5 10
internal_value=-3.2617e-05 0.0401188 -0.0115212 -0.00467885 -0.0152183 -0.00819515 -0.0268999 -0.018319 -0.0102548 -0.0130758 0.000522675 -0.0167456 -0.0173686 -0.012377
internal_weight=95 21 74 68 62 39 23 32 16 26 10 16 21 15
internal_count=95 21 74 68 62 39 23 32 16 26 10 16 21 15
is_linear=0
shrinkage=0.025


Tree=133
num_leaves=16
num_cat=0
split_feature=0 3 4 3 3 2 2 1 0 2 2 1 1 3 3
split_gain=68.8297 28.2238 49.1722 123.23 6.60771 5.42369 11.4721 5 2.3216 3.05029 3.91509 4.48671 1.0487 0.611658 0.521696
threshold=5.0000000000000009 3.7500000000000004 74.500000000000014 4.1500000000000012 4.0500000000000007 3.2500000000000004 2.9500000000000006 18.000000000000004 15.000000000000002 4.1500000000000012 3.6500000000000008 14.000000000000002 18.000000000000004 5.0500000000000007 4.6500000000000012
decision_type=2 2 2 2 2 2 2 2 2 2 2 2 2 2 2
left_child=1 -1 3 -3 -2 6 7 -6 9 10 11 -7 14 -13 -12
right_child=4 2 -4 -5 5 8 -8 -9 -10 -11 12 13 -14 -15 -16
leaf_value=-0.011609983043028752 0.015790384033551583 0.15933967963341747 -0.0088887550509892978 -0.0069741484064322241 -0.037258715497759658 -0.036766598818616714 0.01831802518471428 -0.0045053377747535702 -0.03431459851562977 -0.034259596055086987 -0.0053361146440429053 -0.0069058763181290995 -0.013663904010676421 -0.018068331631577398 0.0049133579757425086
leaf_weight=5.0000000000000027 4.9999999999999991 5.9999999999999982 4.9999999999999991 5 5.0000000000000018 7.0000000000000027 8.9999999999999982 7 4.9999999999999991 4.9999999999999991 6.0000000000000018 7.9999999999999982 4.9999999999999991 6 6
leaf_count=5 5 6 5 5 5 7 9 7 5 5 6 8 5 6 6
internal_value=-3.02676e-05 0.0396838 0.0557357 0.0848563 -0.0113939 -0.0134218 -0.00271971 -0.0186421 -0.0180473 -0.0159767 -0.0133716 -0.02056 -0.00428334 -0.0119649 -0.000112385
internal_weight=95 21 16 11 74 69 21 12 48 43 38 21 17 14 12
internal_count=95 21 16 11 74 69 21 12 48 43 38 21 17 14 12
is_linear=0
shrinkage=0.025


Tree=134
num_leaves=16
num_cat=0
split_feature=2 1 2 3 3 4 3 4 2 3 0 3 1 2 2
split_gain=66.8021 252.994 61.2094 61.1636 50.6218 39.3448 4.70635 4.45022 6.92861 5.59424 2.66269 0.987715 2.67627 2.11865 0.0799939
threshold=3.1500000000000008 7.0000000000000009 3.3500000000000001 4.2500000000000009 4.3500000000000005 74.500000000000014 4.6500000000000012 74.500000000000014 3.8500000000000001 4.7500000000000009 11.000000000000002 4.9500000000000011 22.000000000000004 3.5500000000000003 3.7500000000000004
decision_type=2 2 2 2 2 2 2 2 2 2 2 2 2 2 2
left_child=1 -1 4 5 -2 -4 -3 8 -5 14 -8 -11 13 -13 -9
right_child=2 6 3 7 -6 -7 10 9 -10 11 -12 12 -14 -15 -16
leaf_value=0.19060397010583133 -0.12276648248617468 -0.027064945897267711 0.065921531085457105 -0.041574866401598513 -0.010593164196381202 -0.012884755576810531 0.013284544875988596 0.0050809667660639849 -0.0045137726648065901 -0.027927001205182829 -0.012004449161199422 -0.017631194820146891 -0.030047202969972903 0.0039472185075283047 0.00054532468559280521
leaf_weight=5.0000000000000027 4.9999999999999982 5.9999999999999991 11.000000000000002 8.9999999999999982 5 5.9999999999999991 4.9999999999999982 4.9999999999999982 4.9999999999999991 6.0000000000000027 5 5.9999999999999982 4.9999999999999991 5 6
leaf_count=5 5 6 11 9 5 6 5 5 5 6 5 6 5 5 6
internal_value=-3.28687e-05 0.0390917 -0.0112281 -0.00213635 -0.0681098 0.0382085 -0.00994729 -0.0168557 -0.0286768 -0.0116605 0.000530049 -0.0188933 -0.0151255 -0.00781588 0.0027725
internal_weight=95 21 74 64 10 17 16 47 14 33 10 22 16 11 11
internal_count=95 21 74 64 10 17 16 47 14 33 10 22 16 11 11
is_linear=0
shrinkage=0.025


Tree=135
num_leaves=15
num_cat=0
split_feature=0 2 1 3 3 2 0 1 2 2 1 3 1 3
split_gain=64.0937 27.241 23.6448 6.52354 5.59375 12.8171 13.9237 5.24568 3.60714 2.05543 5.64587 1.55871 0.997781 0.522112
threshold=5.0000000000000009 3.5500000000000003 7.0000000000000009 4.0500000000000007 4.2500000000000009 3.0500000000000003 9.0000000000000018 26.000000000000004 4.1500000000000012 3.6500000000000008 14.000000000000002 5.0500000000000007 18.000000000000004 4.5500000000000007
decision_type=2 2 2 2 2 2 2 2 2 2 2 2 2 2
left_child=1 2 -1 -2 -5 6 -6 8 9 10 -7 -12 13 -11
right_child=3 -3 -4 4 5 7 -8 -9 -10 12 11 -13 -14 -15
leaf_value=-0.016347300095690614 0.016006286098406868 0.070718737594459374 0.053616208869677308 -0.035835170505508294 0.043134785242951834 -0.03596495216892609 -0.009151477062302394 -0.038219742044325794 -0.033082030016409518 -0.0059685486297194742 0.00012538422171662494 -0.015229941666035394 -0.013041877173460448 0.0044265231854903192
leaf_weight=7.0000000000000018 4.9999999999999991 8.9999999999999982 5 5.9999999999999991 4.9999999999999991 6.0000000000000027 7.9999999999999991 5.9999999999999991 4.9999999999999991 5.0000000000000018 7.9999999999999991 7.9999999999999991 4.9999999999999991 7
leaf_count=7 5 9 5 6 5 6 8 6 5 5 8 8 5 7
internal_value=-3.44828e-05 0.0382885 0.0131028 -0.0110007 -0.0130164 -0.0107168 0.0112128 -0.0164654 -0.0133111 -0.0105886 -0.0156234 -0.00756836 -0.00389437 0
internal_weight=95 21 12 74 69 63 13 50 44 39 22 16 17 12
internal_count=95 21 12 74 69 63 13 50 44 39 22 16 17 12
is_linear=0
shrinkage=0.025


Tree=136
num_leaves=15
num_cat=0
split_feature=2 1 1 3 4 0 0 1 3 3 0 3 3 3
split_gain=63.5048 242.068 59.2479 112.593 8.35561 26.3767 9.88535 5.05979 4.56122 2.82211 2.42492 2.1024 1.70484 1.15471
threshold=3.1500000000000008 7.0000000000000009 7.0000000000000009 3.9500000000000006 74.500000000000014 7.0000000000000009 5.0000000000000009 26.000000000000004 4.6500000000000012 4.7500000000000009 11.000000000000002 4.6500000000000012 4.9500000000000011 5.2500000000000009
decision_type=2 2 2 2 2 2 2 2 2 2 2 2 2 2
left_child=1 -1 -2 -4 6 -6 -5 9 -3 -7 -10 -8 -11 -14
right_child=2 8 3 4 5 7 11 -9 10 12 -12 -13 13 -15
leaf_value=0.18631650599149546 -0.084947981949775445 -0.026705171630507514 0.097409494749961356 -0.050707733299997095 0.036101645727952318 0.0047439157532957847 -0.0065158761111493036 -0.037295071396135512 0.01263784250387779 -0.027090447612347125 -0.011495893305310836 -0.02509918626811769 -0.00076359000343542835 -0.015734718466068019
leaf_weight=5.0000000000000027 5.9999999999999991 5.9999999999999991 5.9999999999999991 7.0000000000000027 6.9999999999999991 5.0000000000000027 8.9999999999999982 5.9999999999999991 4.9999999999999982 6.0000000000000027 5 6.9999999999999991 4.9999999999999991 9.9999999999999982
leaf_count=5 6 6 6 7 7 5 9 6 5 6 5 7 5 10
internal_value=-3.50567e-05 0.0381114 -0.0109508 -0.00417334 -0.0143056 -0.00715063 -0.0262179 -0.0168164 -0.00985395 -0.0117942 0.000459621 -0.0149327 -0.0157984 -0.0109023
internal_weight=95 21 74 68 62 39 23 32 16 26 10 16 21 15
internal_count=95 21 74 68 62 39 23 32 16 26 10 16 21 15
is_linear=0
shrinkage=0.025


Tree=137
num_leaves=15
num_cat=0
split_feature=0 2 1 3 3 2 0 1 2 3 3 3 4 2
split_gain=61.1267 26.6204 21.8025 5.822 6.14455 11.7539 12.7783 4.71997 3.3375 1.90021 7.74113 4.13956 3.19648 2.54484
threshold=5.0000000000000009 3.5500000000000003 7.0000000000000009 4.0500000000000007 4.2500000000000009 3.0500000000000003 9.0000000000000018 26.000000000000004 4.1500000000000012 4.5500000000000007 4.7500000000000009 4.9500000000000011 112.50000000000001 3.6500000000000008
decision_type=2 2 2 2 2 2 2 2 2 2 2 2 2 2
left_child=1 2 -1 -2 -5 6 -6 8 9 13 -11 -12 -13 -7
right_child=3 -3 -4 4 5 7 -8 -9 -10 10 11 12 -14 -15
leaf_value=-0.015769047910968458 0.014768103911326484 0.069448099382545633 0.051409986500556643 -0.036537494678651132 0.041337401735094877 -0.031854015760696859 -0.0087486696906569541 -0.036392771236358146 -0.031773486321505444 0.020912127966920904 -0.028635361635436597 0.0085852175470321392 -0.013745342923461327 -0.0061864930849808899
leaf_weight=7.0000000000000018 4.9999999999999991 8.9999999999999982 5 5.9999999999999991 4.9999999999999991 4.9999999999999982 7.9999999999999991 5.9999999999999991 4.9999999999999991 5.0000000000000027 7.0000000000000027 6.0000000000000009 11 5
leaf_count=7 5 9 5 6 5 5 8 6 5 5 7 6 11 5
internal_value=-3.28216e-05 0.0373923 0.0125037 -0.0107425 -0.0126465 -0.0102429 0.010755 -0.0157484 -0.012753 -0.010133 -0.00674319 -0.0126816 -0.00578311 -0.0195157
internal_weight=95 21 12 74 69 63 13 50 44 39 29 24 17 10
internal_count=95 21 12 74 69 63 13 50 44 39 29 24 17 10
is_linear=0
shrinkage=0.025


Tree=138
num_leaves=15
num_cat=0
split_feature=2 1 2 3 3 4 1 3 3 0 3 4 0 2
split_gain=60.3374 231.684 56.7077 54.1463 50.3139 38.6651 5.15161 4.41349 3.64514 2.22282 2.53005 2.66961 2.20013 1.54307
threshold=3.1500000000000008 7.0000000000000009 3.3500000000000001 4.2500000000000009 4.3500000000000005 74.500000000000014 10.000000000000002 4.6500000000000012 5.0500000000000007 11.000000000000002 4.5500000000000007 93.000000000000014 11.000000000000002 3.6500000000000008
decision_type=2 2 2 2 2 2 2 2 2 2 2 2 2 2
left_child=1 -1 4 5 -2 -4 -5 -3 9 10 -8 -12 -9 -10
right_child=2 7 3 6 -6 -7 8 12 13 -11 11 -13 -14 -15
leaf_value=0.18214195370674124 -0.11989999826137838 -0.026347823864630155 0.063517719267734446 -0.039479964971542353 -0.0081895257991093841 -0.014567705219791782 -0.012880526905561358 0.011979418649123268 -0.014230741769438837 -0.018007191161556944 -0.0077957988555471501 0.01643791415037647 -0.011009244807064533 -0.031329781117124686
leaf_weight=5.0000000000000027 4.9999999999999982 5.9999999999999991 11.000000000000002 4.9999999999999991 5 5.9999999999999991 8.0000000000000053 4.9999999999999982 7.9999999999999982 7.9999999999999991 4.9999999999999982 6 5 7
leaf_count=5 5 6 11 5 5 6 8 5 8 8 5 6 5 7
internal_value=-3.28255e-05 0.0371498 -0.0106732 -0.0019219 -0.0654231 0.0360366 -0.0157726 -0.00977232 -0.0127469 -0.00710119 -0.00230434 0.00536847 0.000372049 -0.0225998
internal_weight=95 21 74 64 10 17 47 16 42 27 19 11 10 15
internal_count=95 21 74 64 10 17 47 16 42 27 19 11 10 15
is_linear=0
shrinkage=0.025


Tree=139
num_leaves=15
num_cat=0
split_feature=2 1 1 3 4 0 0 1 3 3 0 3 3 0
split_gain=57.4828 220.679 56.3689 105.683 8.66027 24.2445 10.9639 4.59852 4.2025 2.54751 2.09566 1.99237 1.5788 1.08037
threshold=3.1500000000000008 7.0000000000000009 7.0000000000000009 3.9500000000000006 74.500000000000014 7.0000000000000009 5.0000000000000009 26.000000000000004 4.6500000000000012 4.7500000000000009 11.000000000000002 4.6500000000000012 4.9500000000000011 11.000000000000002
decision_type=2 2 2 2 2 2 2 2 2 2 2 2 2 2
left_child=1 -1 -2 -4 6 -6 -5 9 -3 -7 -10 -8 -11 -14
right_child=2 8 3 4 5 7 11 -9 10 12 -12 -13 13 -15
leaf_value=0.17776355124436882 -0.082597569640605675 -0.025710375171395079 0.094603965167076365 -0.051508904579612914 0.035109037574794555 0.0048594001107490946 -0.0057317679262031693 -0.035141685364707818 0.011691451989687409 -0.025497783594314118 -0.010744599897701006 -0.023793885137678852 -0.0014085559234503777 -0.015343025197153507
leaf_weight=5.0000000000000027 5.9999999999999991 5.9999999999999991 5.9999999999999991 7.0000000000000027 6.9999999999999991 5.0000000000000027 8.9999999999999982 5.9999999999999991 4.9999999999999982 6.0000000000000027 5 6.9999999999999991 5.9999999999999991 8.9999999999999982
leaf_count=5 6 6 6 7 7 5 9 6 5 6 5 7 6 9
internal_value=-3.55311e-05 0.0362566 -0.0104215 -0.00381111 -0.0136288 -0.00635331 -0.0257505 -0.0156237 -0.00953585 -0.010838 0.00036016 -0.0139073 -0.0146451 -0.00994335
internal_weight=95 21 74 68 62 39 23 32 16 26 10 16 21 15
internal_count=95 21 74 68 62 39 23 32 16 26 10 16 21 15
is_linear=0
shrinkage=0.025


Tree=140
num_leaves=16
num_cat=0
split_feature=0 2 1 3 3 2 0 1 2 3 3 3 4 2 0
split_gain=57.2782 25.7613 20.9926 5.40538 7.5046 10.379 11.2907 4.22143 3.00913 1.88565 7.01993 3.83642 2.92516 2.29698 0.318221
threshold=5.0000000000000009 3.5500000000000003 7.0000000000000009 4.0500000000000007 4.2500000000000009 3.0500000000000003 9.0000000000000018 26.000000000000004 4.1500000000000012 4.5500000000000007 4.7500000000000009 4.9500000000000011 112.50000000000001 3.6500000000000008 13.000000000000002
decision_type=2 2 2 2 2 2 2 2 2 2 2 2 2 2 2
left_child=1 2 -1 -2 -5 6 -6 8 9 13 -11 -12 -13 -7 -14
right_child=3 -3 -4 4 5 7 -8 -9 -10 10 11 12 14 -15 -16
leaf_value=-0.016009010622898733 0.014176319195674018 0.067724477208178979 0.049905918882443341 -0.038598251486978222 0.038886356439728001 -0.030506358987007012 -0.0081892950091193017 -0.034291482788901172 -0.029992158940205207 0.020254397195262393 -0.027086599486776511 0.0086378871433196499 -0.01762118454162891 -0.0060849068543085676 -0.0079998405710343373
leaf_weight=7.0000000000000018 4.9999999999999991 8.9999999999999982 5 5.9999999999999991 4.9999999999999991 4.9999999999999982 7.9999999999999991 5.9999999999999991 4.9999999999999991 5.0000000000000027 7.0000000000000027 6.0000000000000009 5 5 6
leaf_count=7 5 9 5 6 5 5 8 6 5 5 7 6 5 5 6
internal_value=-3.35115e-05 0.0361939 0.011721 -0.010401 -0.0122358 -0.00959112 0.0101369 -0.0147653 -0.0119312 -0.00944259 -0.00607448 -0.0117334 -0.00509734 -0.0187769 -0.0127214
internal_weight=95 21 12 74 69 63 13 50 44 39 29 24 17 10 11
internal_count=95 21 12 74 69 63 13 50 44 39 29 24 17 10 11
is_linear=0
shrinkage=0.025


Tree=141
num_leaves=15
num_cat=0
split_feature=2 1 1 3 4 0 0 1 3 3 3 0 0 2
split_gain=54.6568 211.32 53.6091 98.5594 8.65837 22.3067 11.5893 4.19422 4.06452 2.40048 1.93571 1.89987 0.546564 1.06522
threshold=3.1500000000000008 7.0000000000000009 7.0000000000000009 3.9500000000000006 74.500000000000014 7.0000000000000009 5.0000000000000009 26.000000000000004 4.6500000000000012 4.8500000000000005 4.6500000000000012 11.000000000000002 13.000000000000002 3.6500000000000008
decision_type=2 2 2 2 2 2 2 2 2 2 2 2 2 2
left_child=1 -1 -2 -4 6 -6 -5 9 -3 -7 -8 -10 13 -11
right_child=2 8 3 4 5 7 10 -9 11 12 -12 -13 -14 -15
leaf_value=0.17382850417724013 -0.080549575196158504 -0.025360244068302097 0.091324053752806889 -0.051779292772213596 0.033842109806007811 0.0020739878941741243 -0.0051217792353228384 -0.033461849824074776 0.011073713463086351 -0.024488877132534975 -0.022899071416921088 -0.010289458185434341 -0.0078062960577587924 -0.0092664209765291987
leaf_weight=5.0000000000000027 5.9999999999999991 5.9999999999999991 5.9999999999999991 7.0000000000000027 6.9999999999999991 7.0000000000000027 8.9999999999999982 5.9999999999999991 4.9999999999999982 7.0000000000000018 6.9999999999999991 5 5.9999999999999991 6
leaf_count=5 6 6 6 7 7 7 9 6 5 7 7 5 6 6
internal_value=-3.45411e-05 0.0353539 -0.0101623 -0.0037153 -0.0131968 -0.00592572 -0.0253149 -0.0148199 -0.00945404 -0.0102476 -0.0131632 0.000277267 -0.0148266 -0.0178047
internal_weight=95 21 74 68 62 39 23 32 16 26 16 10 19 13
internal_count=95 21 74 68 62 39 23 32 16 26 16 10 19 13
is_linear=0
shrinkage=0.025


Tree=142
num_leaves=16
num_cat=0
split_feature=0 4 1 3 3 2 0 1 2 3 3 3 4 2 0
split_gain=54.7625 25.999 101.53 4.82159 8.02 9.52314 10.3536 3.79468 2.79605 1.89835 6.4846 3.67436 2.81856 2.08567 0.284383
threshold=5.0000000000000009 74.500000000000014 7.0000000000000009 4.0500000000000007 4.2500000000000009 3.0500000000000003 9.0000000000000018 26.000000000000004 4.1500000000000012 4.5500000000000007 4.7500000000000009 4.9500000000000011 112.50000000000001 3.6500000000000008 13.000000000000002
decision_type=2 2 2 2 2 2 2 2 2 2 2 2 2 2 2
left_child=1 2 -1 -2 -5 6 -6 8 9 13 -11 -12 -13 -7 -14
right_child=3 -3 -4 4 5 7 -8 -9 -10 10 11 12 14 -15 -16
leaf_value=0.12078962437808505 0.013038572840965712 -0.013759039113154778 -0.0049319518649059788 -0.039140768397238949 0.037253242616470048 -0.029587207813389034 -0.0078229091675361493 -0.032652289444400413 -0.028851818135724617 0.019634114805823898 -0.026128724546611505 0.0088587499914630757 -0.016755292965815616 -0.0062593579005736566 -0.0076174339940471014
leaf_weight=7.0000000000000044 4.9999999999999991 4.9999999999999991 9 5.9999999999999991 4.9999999999999991 4.9999999999999982 7.9999999999999991 5.9999999999999991 4.9999999999999991 5.0000000000000027 7.0000000000000027 6.0000000000000009 5 5 6
leaf_count=7 5 5 9 6 5 5 8 6 5 5 7 6 5 5 6
internal_value=-3.283e-05 0.0353898 0.0508063 -0.0101703 -0.011903 -0.00917354 0.00972114 -0.0141302 -0.0114399 -0.00903987 -0.00566647 -0.0111078 -0.0046181 -0.0183973 -0.0121076
internal_weight=95 21 16 74 69 63 13 50 44 39 29 24 17 10 11
internal_count=95 21 16 74 69 63 13 50 44 39 29 24 17 10 11
is_linear=0
shrinkage=0.025


Tree=143
num_leaves=15
num_cat=0
split_feature=0 2 1 3 3 2 0 1 2 1 2 3 0 0
split_gain=52.1305 26.324 21.0443 4.59357 7.63459 9.07183 9.86149 3.61095 2.66209 1.86171 4.47171 1.35409 1.33183 0.206208
threshold=5.0000000000000009 3.5500000000000003 7.0000000000000009 4.0500000000000007 4.2500000000000009 3.0500000000000003 9.0000000000000018 26.000000000000004 4.1500000000000012 14.000000000000002 3.6500000000000008 5.0500000000000007 11.000000000000002 13.000000000000002
decision_type=2 2 2 2 2 2 2 2 2 2 2 2 2 2
left_child=1 2 -1 -2 -5 6 -6 8 9 10 -7 12 -11 -13
right_child=3 -3 -4 4 5 7 -8 -9 -10 11 -12 13 -14 -15
leaf_value=-0.017897281009289948 0.012725146114826204 0.066385445419860925 0.048090396363001595 -0.038193814264189808 0.036357733335059421 -0.032008281423740334 -0.0076321070673080488 -0.031862313997360968 -0.028158265080016395 0.006116705634833677 -0.0025587429370110232 -0.015462245276341074 -0.0088735249734693961 -0.0074331414194837679
leaf_weight=7.0000000000000018 4.9999999999999991 8.9999999999999982 5 5.9999999999999991 4.9999999999999991 5.9999999999999982 7.9999999999999991 5.9999999999999991 4.9999999999999991 9.0000000000000018 7 4.9999999999999982 5.9999999999999991 6
leaf_count=7 5 9 5 6 5 6 8 6 5 9 7 5 6 6
internal_value=-3.43818e-05 0.0345262 0.00983276 -0.00992559 -0.011617 -0.00895329 0.00948689 -0.0137913 -0.0111658 -0.00882285 -0.0165246 -0.00482753 5.15592e-07 -0.0114053
internal_weight=95 21 12 74 69 63 13 50 44 39 13 26 15 11
internal_count=95 21 12 74 69 63 13 50 44 39 13 26 15 11
is_linear=0
shrinkage=0.025


Tree=144
num_leaves=15
num_cat=0
split_feature=2 1 1 3 4 0 0 3 1 3 3 2 0 0
split_gain=51.0052 200.549 54.6531 91.3986 8.53623 20.4416 12.4595 3.98109 3.62832 2.19244 1.91262 1.63939 0.515438 0.125529
threshold=3.1500000000000008 7.0000000000000009 7.0000000000000009 3.9500000000000006 74.500000000000014 7.0000000000000009 5.0000000000000009 4.6500000000000012 26.000000000000004 4.8500000000000005 4.6500000000000012 2.3000000000000003 9.0000000000000018 13.000000000000002
decision_type=2 2 2 2 2 2 2 2 2 2 2 2 2 2
left_child=1 -1 -2 -4 6 -6 -5 -3 9 -7 -8 -9 -11 -14
right_child=2 7 3 4 5 8 10 11 -10 12 -12 -13 13 -15
leaf_value=0.16905028063517341 -0.080887437876193749 -0.025237411533993101 0.08820813778908021 -0.051887380000617746 0.03283511085642709 0.0022744091331130915 -0.0039563498722956234 -0.00967060049565939 -0.031091451933307035 -0.021112411985030527 -0.02156759673315618 0.01017633114869778 -0.013294924799602753 -0.0072533075066824109
leaf_weight=5.0000000000000027 5.9999999999999991 5.9999999999999991 5.9999999999999991 7.0000000000000027 6.9999999999999991 7.0000000000000027 8.9999999999999982 4.9999999999999982 5.9999999999999991 5.0000000000000027 6.9999999999999991 5 7.9999999999999982 6
leaf_count=5 6 6 6 7 7 7 9 5 6 5 7 5 8 6
internal_value=-3.59086e-05 0.0341495 -0.00981992 -0.00331211 -0.0124442 -0.00522964 -0.024473 -0.00949643 -0.0137474 -0.00949037 -0.0119096 0.000135274 -0.0138684 -0.0109323
internal_weight=95 21 74 68 62 39 23 16 32 26 16 10 19 14
internal_count=95 21 74 68 62 39 23 16 32 26 16 10 19 14
is_linear=0
shrinkage=0.025


Tree=145
num_leaves=16
num_cat=0
split_feature=0 4 1 3 3 2 0 1 2 3 3 3 4 2 0
split_gain=49.9466 25.897 98.8036 4.09108 8.12555 8.32681 9.03367 3.24311 2.45744 1.8973 5.98786 3.48519 2.64854 1.80505 0.245884
threshold=5.0000000000000009 74.500000000000014 7.0000000000000009 4.0500000000000007 4.2500000000000009 3.0500000000000003 9.0000000000000018 26.000000000000004 4.1500000000000012 4.5500000000000007 4.7500000000000009 4.9500000000000011 112.50000000000001 3.6500000000000008 13.000000000000002
decision_type=2 2 2 2 2 2 2 2 2 2 2 2 2 2 2
left_child=1 2 -1 -2 -5 6 -6 8 9 13 -11 -12 -13 -7 -14
right_child=3 -3 -4 4 5 7 -8 -9 -10 10 11 12 14 -15 -16
leaf_value=0.11822645473811354 0.011655903836855523 -0.015217967675282407 -0.0057781475069730182 -0.03871761940179333 0.03481582536433752 -0.028233603130166353 -0.0072836473084441069 -0.030339239393511127 -0.027042476302729202 0.019212195975705969 -0.024950527853798112 0.0090435424158650038 -0.015617751788634518 -0.0064493729231449269 -0.0070778239217977358
leaf_weight=7.0000000000000044 4.9999999999999991 4.9999999999999991 9 5.9999999999999991 4.9999999999999991 4.9999999999999982 7.9999999999999991 5.9999999999999991 4.9999999999999991 5.0000000000000027 7.0000000000000027 6.0000000000000009 5 5 6
leaf_count=7 5 5 9 6 5 5 8 6 5 5 7 6 5 5 6
internal_value=-3.44007e-05 0.0337942 0.0491865 -0.00971648 -0.0113125 -0.00856843 0.00909594 -0.013204 -0.0107124 -0.00845961 -0.0050947 -0.0103272 -0.00401307 -0.0178041 -0.0112808
internal_weight=95 21 16 74 69 63 13 50 44 39 29 24 17 10 11
internal_count=95 21 16 74 69 63 13 50 44 39 29 24 17 10 11
is_linear=0
shrinkage=0.025


Tree=146
num_leaves=15
num_cat=0
split_feature=2 1 1 3 4 3 0 1 3 3 3 0 0 0
split_gain=47.6322 189.276 55.7283 86.574 8.16016 19.6394 12.0148 3.85864 3.8407 3.02836 1.86532 1.48436 0.518524 0.0988647
threshold=3.1500000000000008 7.0000000000000009 7.0000000000000009 3.9500000000000006 74.500000000000014 4.3500000000000005 5.0000000000000009 26.000000000000004 4.6500000000000012 4.8500000000000005 4.6500000000000012 11.000000000000002 9.0000000000000018 13.000000000000002
decision_type=2 2 2 2 2 2 2 2 2 2 2 2 2 2
left_child=1 -1 -2 -4 6 -6 -5 9 -3 -7 -8 -10 -11 -14
right_child=2 8 3 4 5 7 10 -9 11 12 -12 -13 13 -15
leaf_value=0.16405468124609718 -0.081252709559855918 -0.024858386153655668 0.08614939383922085 -0.050485790024201053 0.040485617117239879 0.0042080434930065391 -0.0034006816537483879 -0.029605225497676482 0.0096234952027981126 -0.02042173399375034 -0.020769261899921631 -0.0092630462864270562 -0.012434713567448101 -0.0069065863266587245
leaf_weight=5.0000000000000027 5.9999999999999991 5.9999999999999991 5.9999999999999991 7.0000000000000027 4.9999999999999991 9.0000000000000018 8.9999999999999982 5.9999999999999991 4.9999999999999982 5.0000000000000027 6.9999999999999991 5 7.9999999999999982 6
leaf_count=5 6 6 6 7 5 9 9 6 5 5 7 5 8 6
internal_value=-3.59056e-05 0.0329994 -0.00949131 -0.00292138 -0.0118105 -0.00475872 -0.0235699 -0.0116467 -0.009398 -0.00757144 -0.0112392 6.12093e-05 -0.013202 -0.0102842
internal_weight=95 21 74 68 62 39 23 34 16 28 16 10 19 14
internal_count=95 21 74 68 62 39 23 34 16 28 16 10 19 14
is_linear=0
shrinkage=0.025


Tree=147
num_leaves=16
num_cat=0
split_feature=0 2 1 3 3 2 0 1 2 3 3 3 4 2 0
split_gain=47.9605 27.5174 20.4252 3.62475 8.61195 7.64596 8.27295 2.91107 2.26812 1.92257 5.57758 3.34153 2.55079 1.67816 0.22057
threshold=5.0000000000000009 3.5500000000000003 7.0000000000000009 4.0500000000000007 4.2500000000000009 3.0500000000000003 9.0000000000000018 26.000000000000004 4.1500000000000012 4.5500000000000007 4.7500000000000009 4.9500000000000011 112.50000000000001 3.6500000000000008 13.000000000000002
decision_type=2 2 2 2 2 2 2 2 2 2 2 2 2 2 2
left_child=1 2 -1 -2 -5 6 -6 8 9 13 -11 -12 -13 -7 -14
right_child=3 -3 -4 4 5 7 -8 -9 -10 10 11 12 14 -15 -16
leaf_value=-0.019370779022574419 0.010591735690832139 0.065675375124682564 0.045633625296445983 -0.039226035966027167 0.033336670768375584 -0.027580992662562781 -0.0069476843879717172 -0.028888970661547875 -0.02597329542040825 0.018722370252586315 -0.024100760259251619 0.0092018742234476134 -0.014866615487979008 -0.0065333265667924497 -0.0067394914946729131
leaf_weight=7.0000000000000018 4.9999999999999991 8.9999999999999982 5 5.9999999999999991 4.9999999999999991 4.9999999999999982 7.9999999999999991 5.9999999999999991 4.9999999999999991 5.0000000000000027 7.0000000000000027 6.0000000000000009 5 5 6
leaf_count=7 5 9 5 6 5 5 8 6 5 5 7 6 5 5 6
internal_value=-3.39498e-05 0.033115 0.007916 -0.00952184 -0.0110238 -0.00820247 0.00872195 -0.0126449 -0.0102809 -0.00811488 -0.00473318 -0.00978575 -0.00360696 -0.0175142 -0.0107448
internal_weight=95 21 12 74 69 63 13 50 44 39 29 24 17 10 11
internal_count=95 21 12 74 69 63 13 50 44 39 29 24 17 10 11
is_linear=0
shrinkage=0.025


Tree=148
num_leaves=15
num_cat=0
split_feature=0 2 1 3 3 2 0 1 2 1 2 3 0 0
split_gain=45.6598 26.181 19.4526 3.45357 8.19829 7.2837 7.87983 2.76986 2.15932 1.83816 3.71796 1.18906 1.21381 0.160441
threshold=5.0000000000000009 3.5500000000000003 7.0000000000000009 4.0500000000000007 4.2500000000000009 3.0500000000000003 9.0000000000000018 26.000000000000004 4.1500000000000012 14.000000000000002 3.6500000000000008 5.0500000000000007 11.000000000000002 13.000000000000002
decision_type=2 2 2 2 2 2 2 2 2 2 2 2 2 2
left_child=1 2 -1 -2 -5 6 -6 8 9 10 -7 12 -11 -13
right_child=3 -3 -4 4 5 7 -8 -9 -10 11 -12 13 -14 -15
leaf_value=-0.018899969384074206 0.010337126426971877 0.064069185924270883 0.044536663133364449 -0.038277018983517923 0.032535307918890165 -0.029686914624706396 -0.0067782289734700839 -0.028190042991792005 -0.025348936766386033 0.0063844258492083642 -0.0027922230876154365 -0.013741728548820206 -0.0079138027083489205 -0.0065764394138128519
leaf_weight=7.0000000000000018 4.9999999999999991 8.9999999999999982 5 5.9999999999999991 4.9999999999999991 5.9999999999999982 7.9999999999999991 5.9999999999999991 4.9999999999999991 9.0000000000000018 7 4.9999999999999982 5.9999999999999991 6
leaf_count=7 5 9 5 6 5 6 8 6 5 9 7 5 6 6
internal_value=-3.49826e-05 0.0323088 0.0077263 -0.00929283 -0.0107591 -0.00800575 0.00851152 -0.0123419 -0.0100348 -0.00792022 -0.0155616 -0.00396221 0.000554022 -0.0101322
internal_weight=95 21 12 74 69 63 13 50 44 39 13 26 15 11
internal_count=95 21 12 74 69 63 13 50 44 39 13 26 15 11
is_linear=0
shrinkage=0.025


Tree=149
num_leaves=15
num_cat=0
split_feature=2 1 1 3 4 3 0 3 1 3 3 0 0 2
split_gain=45.413 182.497 52.6764 79.147 8.35417 18.2261 13.8398 3.74354 3.30138 2.62031 1.85489 1.27787 0.523144 0.0947045
threshold=3.1500000000000008 7.0000000000000009 7.0000000000000009 3.9500000000000006 74.500000000000014 4.3500000000000005 5.0000000000000009 4.6500000000000012 26.000000000000004 4.8500000000000005 4.6500000000000012 11.000000000000002 9.0000000000000018 3.6500000000000008
decision_type=2 2 2 2 2 2 2 2 2 2 2 2 2 2
left_child=1 -1 -2 -4 6 -6 -5 -3 9 -7 -8 -9 -11 -14
right_child=2 7 3 4 5 8 10 11 -10 12 -12 -13 13 -15
leaf_value=0.16090758580427894 -0.079038487615123873 -0.024670714260109011 0.082282422218591944 -0.05213739292489155 0.03933198870374606 0.0038367577383051736 -0.0023050087463596593 0.0088158236100123501 -0.027508026217260669 -0.019547021217071081 -0.019571832215620411 -0.0087104273924174195 -0.011528708326925595 -0.0062060545889600621
leaf_weight=5.0000000000000027 5.9999999999999991 5.9999999999999991 5.9999999999999991 7.0000000000000027 4.9999999999999991 9.0000000000000018 8.9999999999999982 4.9999999999999982 5.9999999999999991 5.0000000000000027 6.9999999999999991 5 7.9999999999999982 6
leaf_count=5 6 6 6 7 5 9 9 5 6 5 7 5 8 6
internal_value=-3.64888e-05 0.0322198 -0.00926931 -0.00288115 -0.011381 -0.00425083 -0.0232764 -0.00940805 -0.0108892 -0.0071138 -0.0100848 0 -0.012352 -0.00945514
internal_weight=95 21 74 68 62 39 23 16 34 28 16 10 19 14
internal_count=95 21 74 68 62 39 23 16 34 28 16 10 19 14
is_linear=0
shrinkage=0.025


Tree=150
num_leaves=14
num_cat=0
split_feature=0 4 1 1 3 3 0 2 3 4 3 2 0
split_gain=43.9382 26.7475 98.3273 3.94414 5.30418 4.49702 4.09294 2.73281 2.55546 1.67205 0.809891 0.20815 0.165629
threshold=5.0000000000000009 74.500000000000014 7.0000000000000009 10.000000000000002 4.3500000000000005 4.5500000000000007 11.000000000000002 3.5500000000000003 5.0500000000000007 93.000000000000014 4.1500000000000012 3.3500000000000001 7.0000000000000009
decision_type=2 2 2 2 2 2 2 2 2 2 2 2 2
left_child=1 2 -1 -2 10 12 8 11 9 -7 -5 -8 -6
right_child=3 -3 -4 4 5 6 7 -9 -10 -11 -12 -13 -14
leaf_value=0.11622585070629908 -0.028317552228127759 -0.018054046367223447 -0.0074506370755641361 0.013494070066559703 -0.028982408993667177 -0.00028874195869202189 -0.010964013160102893 -0.025998105399492311 -0.012580589950084688 0.01644555243753618 0.00085196060956352283 -0.0044899759041826899 -0.018911953786244759
leaf_weight=7.0000000000000044 5.9999999999999991 4.9999999999999991 9 5.9999999999999982 5.9999999999999982 9.0000000000000018 7.0000000000000027 7.9999999999999991 5.9999999999999991 5.9999999999999991 7 7.9999999999999991 5
leaf_count=7 6 5 9 6 6 9 7 8 6 6 7 8 5
internal_value=-3.45816e-05 0.0316934 0.0473475 -0.00911646 -0.00732584 -0.0107232 -0.00704495 -0.0142863 0.000887092 0.00645105 0.00689753 -0.00769794 -0.024936
internal_weight=95 21 16 74 68 55 44 23 21 15 13 15 11
internal_count=95 21 16 74 68 55 44 23 21 15 13 15 11
is_linear=0
shrinkage=0.025


Tree=151
num_leaves=15
num_cat=0
split_feature=2 1 1 3 4 3 0 3 1 3 3 0 0 2
split_gain=43.2447 171.884 53.5603 75.1676 7.98058 17.1855 13.1895 3.63292 3.10249 2.53902 1.79079 1.22854 0.513611 0.0876436
threshold=3.1500000000000008 7.0000000000000009 7.0000000000000009 3.9500000000000006 74.500000000000014 4.3500000000000005 5.0000000000000009 4.6500000000000012 26.000000000000004 4.8500000000000005 4.6500000000000012 11.000000000000002 9.0000000000000018 3.6500000000000008
decision_type=2 2 2 2 2 2 2 2 2 2 2 2 2 2
left_child=1 -1 -2 -4 6 -6 -5 -3 9 -7 -8 -9 -11 -14
right_child=2 7 3 4 5 8 10 11 -10 12 -12 -13 13 -15
leaf_value=0.15633047979611608 -0.079396733881965761 -0.023996414154046967 0.08038857788328202 -0.050689075804418962 0.038396143340147459 0.0040650051006156452 -0.0020007055536236454 0.0089394499476139373 -0.026478638139463242 -0.018978160218550599 -0.018957161179019345 -0.0082374841476289106 -0.011006861598026463 -0.0058774147362958993
leaf_weight=5.0000000000000027 5.9999999999999991 5.9999999999999991 5.9999999999999991 7.0000000000000027 4.9999999999999991 9.0000000000000018 8.9999999999999982 4.9999999999999982 5.9999999999999991 5.0000000000000027 6.9999999999999991 5 7.9999999999999982 6
leaf_count=5 6 6 6 7 5 9 9 5 6 5 7 5 8 6
internal_value=-3.58324e-05 0.0314406 -0.00904585 -0.00260546 -0.0108899 -0.003922 -0.0225155 -0.00895849 -0.0103699 -0.00671045 -0.00963877 0.000235316 -0.0118689 -0.0090103
internal_weight=95 21 74 68 62 39 23 16 34 28 16 10 19 14
internal_count=95 21 74 68 62 39 23 16 34 28 16 10 19 14
is_linear=0
shrinkage=0.025


Tree=152
num_leaves=15
num_cat=0
split_feature=0 2 1 1 3 3 0 2 0 4 2 3 0 0
split_gain=42.3139 27.3595 18.9689 4.53707 4.68366 4.30052 3.90281 6.47778 2.12428 1.81541 0.88966 0.724308 0.248124 0.183713
threshold=5.0000000000000009 3.5500000000000003 7.0000000000000009 10.000000000000002 4.3500000000000005 4.5500000000000007 7.0000000000000009 3.8500000000000001 11.000000000000002 112.50000000000001 3.5500000000000003 4.1500000000000012 15.000000000000002 7.0000000000000009
decision_type=2 2 2 2 2 2 2 2 2 2 2 2 2 2
left_child=1 2 -1 -2 11 13 -7 8 9 -8 12 -5 -10 -6
right_child=3 -3 -4 4 5 6 7 -9 10 -11 -12 -13 -14 -15
leaf_value=-0.02025171414845519 -0.029519113609867711 0.063558941658424295 0.042389626170580195 0.012566069729866522 -0.028193041069373009 0.0089215918057938912 0.013898232579231257 -0.036037430511071132 -0.0033582566305994967 -0.0060814362079385778 -0.019699861281193221 0.0006118287073655261 -0.010267995754483998 -0.018097294408541457
leaf_weight=7.0000000000000018 5.9999999999999991 8.9999999999999982 5 5.9999999999999982 5.9999999999999982 7.9999999999999991 5.0000000000000018 4.9999999999999991 7.0000000000000027 6 4.9999999999999991 7 7.9999999999999991 5
leaf_count=7 6 9 5 6 6 8 5 5 7 6 5 7 8 5
internal_value=-3.40177e-05 0.0311017 0.00601342 -0.00894669 -0.00703191 -0.0102245 -0.00662869 -0.010149 -0.00572918 0.00297463 -0.0105602 0.00633067 -0.0072123 -0.0241208
internal_weight=95 21 12 74 68 55 44 36 31 11 20 13 15 11
internal_count=95 21 12 74 68 55 44 36 31 11 20 13 15 11
is_linear=0
shrinkage=0.025


Tree=153
num_leaves=15
num_cat=0
split_feature=2 1 2 3 3 4 1 3 3 2 4 0 0 2
split_gain=41.8386 164.744 53.2242 57.8461 39.3696 41.9609 6.27775 3.47523 2.5568 2.19656 2.95519 2.73336 1.15722 0.989979
threshold=3.1500000000000008 7.0000000000000009 3.3500000000000001 4.3500000000000005 4.2500000000000009 74.500000000000014 10.000000000000002 4.6500000000000012 5.0500000000000007 3.8500000000000001 93.000000000000014 11.000000000000002 11.000000000000002 3.6500000000000008
decision_type=2 2 2 2 2 2 2 2 2 2 2 2 2 2
left_child=1 -1 3 -2 5 -4 -6 -3 9 10 -8 -12 -9 -10
right_child=2 7 4 -5 6 -7 8 12 13 -11 11 -13 -14 -15
leaf_value=0.1531930231131039 -0.12031810363897913 -0.023335474531256385 0.060595066812155485 -0.00093184374272823321 -0.038280306871120745 -0.020659043471659384 -0.024471664715271697 0.0088079391763760517 -0.010475084051580694 0.0088108454019792636 0.0075271935224896537 -0.012854195804130742 -0.0078590804245322939 -0.024172845751874977
leaf_weight=5.0000000000000027 4.9999999999999982 5.9999999999999991 11.000000000000002 5 4.9999999999999991 5.9999999999999991 5.0000000000000062 4.9999999999999982 7.9999999999999982 5.9999999999999991 7.9999999999999991 7.9999999999999991 5 7
leaf_count=5 5 6 11 5 5 6 5 5 8 6 8 8 5 7
internal_value=-3.53762e-05 0.0309249 -0.00889792 -0.0619362 -0.00042408 0.0319377 -0.0122416 -0.00862629 -0.00894543 -0.00423003 -0.00806293 -0.00261922 0.000361183 -0.0171836
internal_weight=95 21 74 10 64 17 47 16 42 27 21 16 10 15
internal_count=95 21 74 10 64 17 47 16 42 27 21 16 10 15
is_linear=0
shrinkage=0.025


Tree=154
num_leaves=15
num_cat=0
split_feature=2 1 2 3 3 4 1 3 3 2 4 0 0 2
split_gain=39.8607 156.919 50.6921 55.0927 37.4624 39.9363 5.97896 3.30909 2.43386 2.09209 2.81484 2.6019 1.10229 0.940962
threshold=3.1500000000000008 7.0000000000000009 3.3500000000000001 4.3500000000000005 4.2500000000000009 74.500000000000014 10.000000000000002 4.6500000000000012 5.0500000000000007 3.8500000000000001 93.000000000000014 11.000000000000002 11.000000000000002 3.6500000000000008
decision_type=2 2 2 2 2 2 2 2 2 2 2 2 2 2
left_child=1 -1 3 -2 5 -4 -6 -3 9 10 -8 -12 -9 -10
right_child=2 7 4 -5 6 -7 8 12 13 -11 11 -13 -14 -15
leaf_value=0.14951049456229568 -0.11742583352785846 -0.022770906335884526 0.059107237688398775 -0.00090944328560278959 -0.037360106293971726 -0.020159230885967133 -0.023883404446622469 0.0085962114425805914 -0.010219593705018848 0.008597680445640318 0.0073436044247412111 -0.012540678734459529 -0.0076701603507479781 -0.023585310661130482
leaf_weight=5.0000000000000027 4.9999999999999982 5.9999999999999991 11.000000000000002 5 4.9999999999999991 5.9999999999999991 5.0000000000000062 4.9999999999999982 7.9999999999999982 5.9999999999999991 7.9999999999999991 7.9999999999999991 5 7
leaf_count=5 5 6 11 5 5 6 5 5 8 6 8 8 5 7
internal_value=-3.8138e-05 0.0301812 -0.00868896 -0.0604503 -0.000418656 0.0311491 -0.0119469 -0.00841754 -0.00872912 -0.00412699 -0.00786838 -0.00255346 0.000349555 -0.0167674
internal_weight=95 21 74 10 64 17 47 16 42 27 21 16 10 15
internal_count=95 21 74 10 64 17 47 16 42 27 21 16 10 15
is_linear=0
shrinkage=0.025


Tree=155
num_leaves=16
num_cat=0
split_feature=0 3 4 3 1 3 3 0 2 0 4 3 2 2 0
split_gain=39.1077 25.6677 47.4956 99.3874 6.03715 4.66668 4.05712 3.59262 5.96831 1.88998 1.58673 0.99787 0.807411 0.215747 0.191044
threshold=5.0000000000000009 3.7500000000000004 74.500000000000014 4.1500000000000012 10.000000000000002 4.3500000000000005 4.5500000000000007 7.0000000000000009 3.8500000000000001 11.000000000000002 112.50000000000001 4.1500000000000012 3.5500000000000003 3.3500000000000001 7.0000000000000009
decision_type=2 2 2 2 2 2 2 2 2 2 2 2 2 2 2
left_child=1 -1 3 -3 -2 11 14 -8 9 10 -9 -6 13 -11 -7
right_child=4 2 -4 -5 5 6 7 8 -10 12 -12 -13 -14 -15 -16
leaf_value=-0.018810361107954601 -0.032302032363030218 0.14078723965513132 -0.017988197849347042 -0.0084763035178184506 0.014233085945729288 -0.027125199764005604 0.0088055059450065226 0.013170130894734303 -0.034336414961860733 -0.0098866590505672786 -0.0055021918108386367 0.00026414713097943195 -0.018508337208857903 -0.0034322694489141792 -0.017160874347274119
leaf_weight=5.0000000000000027 5.9999999999999991 5.9999999999999982 4.9999999999999991 5 5.9999999999999982 5.9999999999999982 7.9999999999999991 5.0000000000000018 4.9999999999999991 7.0000000000000027 6 7 4.9999999999999991 7.9999999999999991 5
leaf_count=5 6 6 5 5 6 6 8 5 5 7 6 7 5 8 5
internal_value=-4.07754e-05 0.0298916 0.0452324 0.0738888 -0.00860961 -0.00641218 -0.00960068 -0.00610962 -0.00948896 -0.00524682 0.00295724 0.00692401 -0.00980554 -0.00661701 -0.0230949
internal_weight=95 21 16 11 74 68 55 44 36 31 11 13 20 15 11
internal_count=95 21 16 11 74 68 55 44 36 31 11 13 20 15 11
is_linear=0
shrinkage=0.025


Tree=156
num_leaves=15
num_cat=0
split_feature=2 1 1 3 4 0 0 3 1 3 3 0 0 2
split_gain=38.1769 148.962 51.5498 70.8675 8.85075 16.0269 15.0598 3.18484 2.42203 1.80957 1.47216 1.03523 0.570482 0.120948
threshold=3.1500000000000008 7.0000000000000009 7.0000000000000009 3.9500000000000006 74.500000000000014 7.0000000000000009 5.0000000000000009 4.6500000000000012 26.000000000000004 4.6500000000000012 4.8500000000000005 11.000000000000002 9.0000000000000018 3.6500000000000008
decision_type=2 2 2 2 2 2 2 2 2 2 2 2 2 2
left_child=1 -1 -2 -4 6 -6 -5 -3 10 -8 -7 -9 -12 -14
right_child=2 7 3 4 5 8 9 11 -10 -11 12 -13 13 -15
leaf_value=0.1457959560247567 -0.077525270610086378 -0.022158337624803667 0.078392857891477402 -0.052560016347302299 0.030782752401298949 0.0026210938062932745 -0.0011001444219247156 0.0085102151219661436 -0.02463249626659578 -0.01810253022445573 -0.01795397389393585 -0.0072481213027808375 -0.0098056673810522025 -0.0043304882703288907
leaf_weight=5.0000000000000027 5.9999999999999991 5.9999999999999991 5.9999999999999991 7.0000000000000027 6.9999999999999991 7.0000000000000027 8.9999999999999982 4.9999999999999982 5.9999999999999991 6.9999999999999991 5.0000000000000027 5 7.9999999999999982 6
leaf_count=5 6 6 6 7 7 7 9 5 6 7 5 5 8 6
internal_value=-4.22522e-05 0.0295316 -0.00850866 -0.00219114 -0.0102367 -0.0029102 -0.0224738 -0.00807523 -0.0104648 -0.0087475 -0.00698451 0.000520871 -0.010579 -0.00764123
internal_weight=95 21 74 68 62 39 23 16 32 16 26 10 19 14
internal_count=95 21 74 68 62 39 23 16 32 16 26 10 19 14
is_linear=0
shrinkage=0.025


Tree=157
num_leaves=15
num_cat=0
split_feature=0 2 1 1 3 3 0 2 0 2 3 2 0 3
split_gain=37.7282 25.5024 19.1357 6.6329 4.21189 3.92949 3.41194 5.6759 1.77058 1.5463 0.864942 0.787567 0.224259 0.218279
threshold=5.0000000000000009 3.5500000000000003 7.0000000000000009 10.000000000000002 4.3500000000000005 4.5500000000000007 7.0000000000000009 3.8500000000000001 11.000000000000002 3.5500000000000003 4.1500000000000012 3.5500000000000003 7.0000000000000009 5.2500000000000009
decision_type=2 2 2 2 2 2 2 2 2 2 2 2 2 2
left_child=1 2 -1 -2 10 12 -7 8 9 -8 -5 13 -6 -10
right_child=3 -3 -4 4 5 6 7 -9 11 -11 -12 -13 -14 -15
leaf_value=-0.021220648081766227 -0.033280427225174436 0.060692322594316117 0.041696297778533044 0.013315545262828951 -0.026614537090063103 0.0087795476679031464 -0.0069412317413550112 -0.033276526314707906 -0.0090351045074895369 0.011489473812041743 0.00029415760396255382 -0.017907311194218123 -0.016412283566135624 -0.0025924027134250436
leaf_weight=7.0000000000000018 5.9999999999999991 8.9999999999999982 5 5.9999999999999982 5.9999999999999982 7.9999999999999991 5.0000000000000018 4.9999999999999991 8.0000000000000018 6 7 4.9999999999999991 5 6.9999999999999991
leaf_count=7 6 9 5 6 6 8 5 5 8 6 7 5 5 7
internal_value=-4.08968e-05 0.0293586 0.00514607 -0.00845748 -0.00615772 -0.00918715 -0.00575286 -0.00904748 -0.00491124 0.00302592 0.00650942 -0.00932531 -0.0224646 -0.00618442
internal_weight=95 21 12 74 68 55 44 36 31 11 13 20 11 15
internal_count=95 21 12 74 68 55 44 36 31 11 13 20 11 15
is_linear=0
shrinkage=0.025


Tree=158
num_leaves=15
num_cat=0
split_feature=2 1 1 3 4 0 3 3 1 3 3 0 0 2
split_gain=37.2147 142.763 48.6749 66.2286 8.84135 15.3357 15.0841 3.10016 2.67576 2.20112 1.75539 1.01735 0.547965 0.108886
threshold=3.1500000000000008 7.0000000000000009 7.0000000000000009 3.9500000000000006 74.500000000000014 5.0000000000000009 4.3500000000000005 4.6500000000000012 26.000000000000004 4.8500000000000005 4.6500000000000012 11.000000000000002 9.0000000000000018 3.6500000000000008
decision_type=2 2 2 2 2 2 2 2 2 2 2 2 2 2
left_child=1 -1 -2 -4 5 -5 -6 -3 9 -8 -7 -9 -11 -14
right_child=2 7 3 4 6 10 8 11 -10 12 -12 -13 13 -15
leaf_value=0.14297530834491426 -0.075466550934699284 -0.021558508805690275 0.075639756804993075 -0.052625760063528981 0.036922679268396819 -0.00089717157509015962 0.0046466543541654288 0.0087257586992703969 -0.023712673542960999 -0.017406119520847602 -0.017637239707012971 -0.0068876722935014029 -0.009370606971291327 -0.004142673764257661
leaf_weight=5.0000000000000027 5.9999999999999991 5.9999999999999991 5.9999999999999991 7.0000000000000027 4.9999999999999991 8.9999999999999982 9.0000000000000018 4.9999999999999982 5.9999999999999991 5.0000000000000027 6.9999999999999991 5 7.9999999999999982 6
leaf_count=5 6 6 6 7 5 9 9 5 6 5 7 5 8 6
internal_value=-4.21597e-05 0.0291565 -0.00840135 -0.00226155 -0.0100395 -0.0222693 -0.00271829 -0.00766078 -0.00876622 -0.00537362 -0.00842544 0.000814515 -0.0101841 -0.007308
internal_weight=95 21 74 68 62 23 39 16 34 28 16 10 19 14
internal_count=95 21 74 68 62 23 39 16 34 28 16 10 19 14
is_linear=0
shrinkage=0.025


Tree=159
num_leaves=16
num_cat=0
split_feature=1 3 3 3 2 0 1 1 2 3 4 2 2 1 2
split_gain=37.042 39.9155 53.9421 9.35343 6.29994 6.28003 5.60263 2.56107 2.28727 2.95452 5.49539 1.16773 1.02879 0.179818 0.810004
threshold=5.0000000000000009 3.9500000000000006 4.1500000000000012 4.2500000000000009 3.0500000000000003 9.0000000000000018 10.000000000000002 26.000000000000004 4.1500000000000012 4.5500000000000007 100.00000000000001 3.6500000000000008 3.6500000000000008 22.000000000000004 3.6500000000000008
decision_type=2 2 2 2 2 2 2 2 2 2 2 2 2 2 2
left_child=-1 -2 -3 -4 5 -5 -6 8 9 11 12 -8 -11 14 -12
right_child=1 2 3 4 6 -7 7 -9 -10 10 13 -13 -14 -15 -16
leaf_value=0.050746546140531215 0.047664742907736368 -0.081079725584676188 0.025131509717433682 0.029972874043652644 -0.035497055374659026 -0.0051175755550857726 -0.023540663948425883 -0.023138979558021792 -0.021395986813765307 0.023224600003315842 -0.014082755611800564 -0.0058729882710255102 0.0065128964479439517 -0.0030469890079425216 -0.00098772804037882745
leaf_weight=7.9999999999999991 7.9999999999999991 5.9999999999999991 5.9999999999999991 4.9999999999999991 4.9999999999999991 7.9999999999999991 4.9999999999999982 5.9999999999999991 4.9999999999999991 5.0000000000000018 8.0000000000000018 5 5 4.9999999999999991 4.9999999999999991
leaf_count=8 8 6 6 5 5 8 5 6 5 5 8 5 5 5 5
internal_value=-4.03589e-05 -0.00483043 -0.0102691 -0.00422637 -0.00694101 0.0085337 -0.0107072 -0.00801821 -0.00578204 -0.00359359 0.000555881 -0.0151177 0.0152828 -0.00763512 -0.00923218
internal_weight=95 87 79 73 67 13 54 49 43 38 28 10 10 18 13
internal_count=95 87 79 73 67 13 54 49 43 38 28 10 10 18 13
is_linear=0
shrinkage=0.025


Tree=160
num_leaves=14
num_cat=0
split_feature=0 4 1 1 3 2 3 4 0 4 3 0 2
split_gain=35.3993 25.7732 92.5323 7.04606 3.59652 1.55424 1.97107 4.03822 4.67104 3.13384 1.56168 0.344162 0.130424
threshold=5.0000000000000009 74.500000000000014 7.0000000000000009 10.000000000000002 4.1500000000000012 4.1500000000000012 4.5500000000000007 100.00000000000001 9.0000000000000018 100.00000000000001 4.3500000000000005 15.000000000000002 3.6500000000000008
decision_type=2 2 2 2 2 2 2 2 2 2 2 2 2
left_child=1 2 -1 -2 -5 6 9 8 -8 10 -6 12 -9
right_child=3 -3 -4 4 5 -7 7 11 -10 -11 -12 -13 -14
leaf_value=0.11064032241702071 -0.033770550450971049 -0.020332113825357878 -0.0092995124990525452 0.012297074448677801 -0.0089276812540797033 -0.020881660339924005 0.018131223539619337 -0.01009985568892696 -0.0077831223856930339 0.0013511977488956145 -0.02809178750548097 -0.015574260464317405 -0.0047985105671816408
leaf_weight=7.0000000000000044 5.9999999999999991 4.9999999999999991 9 5.9999999999999991 5.0000000000000018 4.9999999999999991 9.0000000000000018 9.0000000000000053 7.9999999999999991 5.9999999999999991 7 5.9999999999999991 6.9999999999999991
leaf_count=7 6 5 9 6 5 5 9 9 8 6 7 6 7
internal_value=-4.19377e-05 0.0284353 0.0438151 -0.00819502 -0.00582761 -0.00763561 -0.00638287 -0.0031516 0.00591486 -0.0132037 -0.0204865 -0.010204 -0.00794555
internal_weight=95 21 16 74 68 62 57 39 17 18 12 22 16
internal_count=95 21 16 74 68 62 57 39 17 18 12 22 16
is_linear=0
shrinkage=0.025


Tree=161
num_leaves=15
num_cat=0
split_feature=2 1 1 3 4 0 0 3 1 3 3 0 0 3
split_gain=35.0449 135.333 51.32 60.8174 8.3799 14.4279 14.1404 3.10698 2.03362 1.73756 1.27857 0.925908 0.567129 0.135566
threshold=3.1500000000000008 7.0000000000000009 7.0000000000000009 3.9500000000000006 74.500000000000014 7.0000000000000009 5.0000000000000009 4.6500000000000012 26.000000000000004 4.6500000000000012 4.8500000000000005 11.000000000000002 9.0000000000000018 5.2500000000000009
decision_type=2 2 2 2 2 2 2 2 2 2 2 2 2 2
left_child=1 -1 -2 -4 6 -6 -5 -3 10 -8 -7 -9 -12 -14
right_child=2 7 3 4 5 8 9 11 -10 -11 12 -13 13 -15
leaf_value=0.13910918717200929 -0.077017152069076417 -0.021466831814858225 0.072796378573102324 -0.050362344251738626 0.029781070682737561 0.0027751949926217382 -0.00044251975562909385 0.0084777414798736586 -0.022338864832155168 -0.017078490658766692 -0.016819812987859419 -0.0064119901185711982 -0.0096154819993722832 -0.0040440345887185602
leaf_weight=5.0000000000000027 5.9999999999999991 5.9999999999999991 5.9999999999999991 7.0000000000000027 6.9999999999999991 7.0000000000000027 8.9999999999999982 4.9999999999999982 5.9999999999999991 6.9999999999999991 5.0000000000000027 5 5.9999999999999991 7.9999999999999991
leaf_count=5 6 6 6 7 7 7 9 5 6 7 5 5 6 8
internal_value=-4.34308e-05 0.0282908 -0.00815566 -0.00185328 -0.00930838 -0.00218332 -0.0212132 -0.00755262 -0.00935589 -0.00791891 -0.00616445 0.000930579 -0.00951771 -0.00662162
internal_weight=95 21 74 68 62 39 23 16 32 16 26 10 19 14
internal_count=95 21 74 68 62 39 23 16 32 16 26 10 19 14
is_linear=0
shrinkage=0.025


Tree=162
num_leaves=14
num_cat=0
split_feature=0 2 1 1 3 2 3 4 0 4 3 0 2
split_gain=34.2276 27.2553 19.3237 7.61337 3.19124 1.44867 1.92566 3.79427 4.457 3.0645 1.51869 0.303313 0.115106
threshold=5.0000000000000009 3.5500000000000003 7.0000000000000009 10.000000000000002 4.1500000000000012 4.1500000000000012 4.5500000000000007 100.00000000000001 9.0000000000000018 100.00000000000001 4.3500000000000005 15.000000000000002 3.6500000000000008
decision_type=2 2 2 2 2 2 2 2 2 2 2 2 2
left_child=1 2 -1 -2 -5 6 9 8 -8 10 -6 12 -9
right_child=3 -3 -4 4 5 -7 7 11 -10 -11 -12 -13 -14
leaf_value=-0.023484340392880963 -0.034636843396771332 0.060342355218270555 0.03974596903874323 0.011467316266029114 -0.008645584362630656 -0.020094488303248701 0.017816876883254101 -0.0096424832332717286 -0.0074951711655935147 0.0015516482293605805 -0.02753512979381614 -0.014804545943174633 -0.004615930674804581
leaf_weight=7.0000000000000018 5.9999999999999991 8.9999999999999982 5 5.9999999999999991 5.0000000000000018 4.9999999999999991 9.0000000000000018 9.0000000000000053 7.9999999999999991 5.9999999999999991 7 5.9999999999999991 6.9999999999999991
leaf_count=7 6 9 5 6 5 5 9 9 8 6 7 6 7
internal_value=-4.22224e-05 0.0279595 0.00297884 -0.00805945 -0.00560136 -0.00730482 -0.00609473 -0.00290252 0.005884 -0.0128346 -0.0200377 -0.00974026 -0.00760466
internal_weight=95 21 12 74 68 62 57 39 17 18 12 22 16
internal_count=95 21 12 74 68 62 57 39 17 18 12 22 16
is_linear=0
shrinkage=0.025


Tree=163
num_leaves=16
num_cat=0
split_feature=2 1 2 3 3 4 1 3 3 2 4 3 0 0 2
split_gain=34.1695 129.865 50.1412 56.2231 29.5966 39.4348 5.5225 3.0053 1.88967 2.16624 2.47336 2.47008 4.76947 0.899771 0.782828
threshold=3.1500000000000008 7.0000000000000009 3.3500000000000001 4.3500000000000005 4.2500000000000009 74.500000000000014 10.000000000000002 4.6500000000000012 5.0500000000000007 3.8500000000000001 93.000000000000014 4.6500000000000012 11.000000000000002 11.000000000000002 3.6500000000000008
decision_type=2 2 2 2 2 2 2 2 2 2 2 2 2 2 2
left_child=1 -1 3 -2 5 -4 -6 -3 9 10 -8 -12 -13 -9 -10
right_child=2 7 4 -5 6 -7 8 13 14 -11 11 12 -14 -15 -16
leaf_value=0.13649060496917129 -0.11708746369068442 -0.020865457000270968 0.056024290315274665 7.2021524493510886e-05 -0.034480344274869332 -0.022702147931821886 -0.021765818160313796 0.0085934060124250571 -0.0081454972395809695 0.010003119034151879 -0.01426820605993271 0.02263377329621178 -0.011182242918473022 -0.0060776833014992556 -0.020263840744478834
leaf_weight=5.0000000000000027 4.9999999999999982 5.9999999999999991 11.000000000000002 5 4.9999999999999991 5.9999999999999991 5.0000000000000062 4.9999999999999982 7.9999999999999982 5.9999999999999991 5.9999999999999991 4.9999999999999982 5 5 7
leaf_count=5 5 6 11 5 5 6 5 5 8 6 6 5 5 5 7
internal_value=-4.32022e-05 0.0279348 -0.00805364 -0.0595324 0.000130847 0.0282249 -0.0100809 -0.00717803 -0.00699693 -0.00294404 -0.00676166 -0.00178487 0.00571549 0.00115998 -0.0140752
internal_weight=95 21 74 10 64 17 47 16 42 27 21 16 10 10 15
internal_count=95 21 74 10 64 17 47 16 42 27 21 16 10 10 15
is_linear=0
shrinkage=0.025


Tree=164
num_leaves=15
num_cat=0
split_feature=2 1 1 3 4 0 3 3 1 2 3 3 2 0
split_gain=32.5538 123.697 48.1505 57.6092 8.5167 14.8507 13.8043 2.86158 2.26994 1.9446 1.71536 1.60866 1.32281 0.857141
threshold=3.1500000000000008 7.0000000000000009 7.0000000000000009 3.9500000000000006 74.500000000000014 5.0000000000000009 4.3500000000000005 4.6500000000000012 26.000000000000004 3.8500000000000001 4.6500000000000012 4.9500000000000011 3.5500000000000003 11.000000000000002
decision_type=2 2 2 2 2 2 2 2 2 2 2 2 2 2
left_child=1 -1 -2 -4 5 -5 -6 -3 9 11 -7 -8 -13 -9
right_child=2 7 3 4 6 10 8 13 -10 -11 -12 12 -14 -15
leaf_value=0.13320956413562471 -0.074565598849327328 -0.020360647658667259 0.070894110995915624 -0.050880827051069978 0.036083059299450652 0 -0.015052776666832898 0.0083868332207202925 -0.021388677627809587 0.0092615799548534244 -0.01650179026441442 -0.0079468265425686451 0.0081366647894565835 -0.0059315852247751669
leaf_weight=5.0000000000000027 5.9999999999999991 5.9999999999999991 5.9999999999999991 7.0000000000000027 4.9999999999999991 8.9999999999999982 10.000000000000004 4.9999999999999982 5.9999999999999991 4.9999999999999991 6.9999999999999991 7.9999999999999991 5.0000000000000009 5
leaf_count=5 6 6 6 7 5 9 10 5 6 5 7 8 5 5
internal_value=-4.53682e-05 0.0272628 -0.00786442 -0.00175929 -0.0090157 -0.0210158 -0.0018357 -0.00700424 -0.00762694 -0.00450289 -0.0074059 -0.00760309 -0.00163662 0.00112915
internal_weight=95 21 74 68 62 23 39 16 34 28 16 23 13 10
internal_count=95 21 74 68 62 23 39 16 34 28 16 23 13 10
is_linear=0
shrinkage=0.025


Tree=165
num_leaves=16
num_cat=0
split_feature=1 3 3 3 2 0 1 1 2 3 4 2 2 0 2
split_gain=33.2544 34.3432 55.918 8.03599 5.56479 5.60901 4.9746 2.15437 1.92282 2.57395 4.60651 0.977023 0.865799 0.12527 0.2927
threshold=5.0000000000000009 3.9500000000000006 4.1500000000000012 4.2500000000000009 3.0500000000000003 9.0000000000000018 10.000000000000002 26.000000000000004 4.1500000000000012 4.5500000000000007 100.00000000000001 3.6500000000000008 3.6500000000000008 13.000000000000002 3.6500000000000008
decision_type=2 2 2 2 2 2 2 2 2 2 2 2 2 2 2
left_child=-1 -2 -3 -4 5 -5 -6 8 9 11 12 -8 -11 14 -12
right_child=1 2 3 4 6 -7 7 -9 -10 10 13 -13 -14 -15 -16
leaf_value=0.048077656583088206 0.044110111337972852 -0.081718993090814152 0.023731449727089175 0.028800590522587301 -0.03288978888438298 -0.004358828558427532 -0.021415489568160136 -0.020871209930027685 -0.019266411504493312 0.021708523482084265 -0.012799803224893712 -0.0052319825841830314 0.0063039313571957431 -0.0031169509665379602 -0.0043461556805090762
leaf_weight=7.9999999999999991 7.9999999999999991 5.9999999999999991 5.9999999999999991 4.9999999999999991 4.9999999999999991 7.9999999999999991 4.9999999999999982 5.9999999999999991 4.9999999999999991 5.0000000000000018 5.0000000000000018 5 5 5.9999999999999991 7
leaf_count=8 8 6 6 5 5 8 5 6 5 5 5 5 5 6 7
internal_value=-4.20654e-05 -0.00458132 -0.00962682 -0.00347728 -0.00599586 0.00854323 -0.00953768 -0.00700539 -0.00495402 -0.00294708 0.000921573 -0.0137075 0.0144034 -0.00657563 -0.00812306
internal_weight=95 87 79 73 67 13 54 49 43 38 28 10 10 18 12
internal_count=95 87 79 73 67 13 54 49 43 38 28 10 10 18 12
is_linear=0
shrinkage=0.025


Tree=166
num_leaves=14
num_cat=0
split_feature=0 2 1 1 3 2 3 4 0 4 3 0 2
split_gain=31.8322 26.8064 19.1859 8.93649 3.04872 1.27848 1.85082 3.29531 4.02674 2.99961 1.15485 0.245906 0.0909148
threshold=5.0000000000000009 3.5500000000000003 7.0000000000000009 10.000000000000002 4.1500000000000012 4.1500000000000012 4.5500000000000007 100.00000000000001 9.0000000000000018 100.00000000000001 4.3500000000000005 15.000000000000002 3.6500000000000008
decision_type=2 2 2 2 2 2 2 2 2 2 2 2 2
left_child=1 2 -1 -2 -5 6 9 8 -8 10 -6 12 -9
right_child=3 -3 -4 4 5 -7 7 11 -10 -11 -12 -13 -14
leaf_value=-0.024157594723833924 -0.036555312141295399 0.059072456476481072 0.038849700013032312 0.011562586810079314 -0.0092635887460066676 -0.018803276465489314 0.017008934911016533 -0.0087856384034713918 -0.0070469375245454857 0.0019709068801133864 -0.025975177726811835 -0.013483629264538327 -0.0042405198742118148
leaf_weight=7.0000000000000018 5.9999999999999991 8.9999999999999982 5 5.9999999999999991 5.0000000000000018 4.9999999999999991 9.0000000000000018 9.0000000000000053 7.9999999999999991 5.9999999999999991 7 5.9999999999999991 6.9999999999999991
leaf_count=7 6 9 5 6 5 5 9 9 8 6 7 6 7
internal_value=-4.37468e-05 0.0269599 0.00219949 -0.00777581 -0.00511836 -0.00678473 -0.00564656 -0.00251941 0.00566554 -0.0122512 -0.0193805 -0.00889451 -0.00695121
internal_weight=95 21 12 74 68 62 57 39 17 18 12 22 16
internal_count=95 21 12 74 68 62 57 39 17 18 12 22 16
is_linear=0
shrinkage=0.025


Tree=167
num_leaves=16
num_cat=0
split_feature=1 3 3 3 2 0 1 1 2 3 4 2 2 0 2
split_gain=32.1113 31.8139 53.5868 7.28065 5.46611 5.49906 5.13304 2.0375 1.75248 2.30377 4.16007 0.917002 0.813435 0.126794 0.270909
threshold=5.0000000000000009 3.9500000000000006 4.1500000000000012 4.2500000000000009 3.0500000000000003 9.0000000000000018 10.000000000000002 26.000000000000004 4.1500000000000012 4.5500000000000007 100.00000000000001 3.6500000000000008 3.6500000000000008 13.000000000000002 3.6500000000000008
decision_type=2 2 2 2 2 2 2 2 2 2 2 2 2 2 2
left_child=-1 -2 -3 -4 5 -5 -6 8 9 11 12 -8 -11 14 -12
right_child=1 2 3 4 6 -7 7 -9 -10 10 13 -13 -14 -15 -16
leaf_value=0.047240493174006304 0.042357815375051851 -0.079935213538908201 0.022554775447614733 0.028724582994786592 -0.03296220623529874 -0.0041081323311096289 -0.02041064810294372 -0.020164677981407413 -0.018351274456542273 0.02077781601020922 -0.012280922726942938 -0.0047505221257989217 0.0058591775811062397 -0.0027910983069769795 -0.0041374517759929091
leaf_weight=7.9999999999999991 7.9999999999999991 5.9999999999999991 5.9999999999999991 4.9999999999999991 4.9999999999999991 7.9999999999999991 4.9999999999999982 5.9999999999999991 4.9999999999999991 5.0000000000000018 5.0000000000000018 5 5 5.9999999999999991 7
leaf_count=8 8 6 6 5 5 8 5 6 5 5 5 5 5 6 7
internal_value=-4.46798e-05 -0.00450545 -0.00936186 -0.00334168 -0.0057396 0.00866903 -0.00925059 -0.00668148 -0.00468652 -0.00276914 0.00088855 -0.0129498 0.0137022 -0.00623381 -0.00777873
internal_weight=95 87 79 73 67 13 54 49 43 38 28 10 10 18 12
internal_count=95 87 79 73 67 13 54 49 43 38 28 10 10 18 12
is_linear=0
shrinkage=0.025


Tree=168
num_leaves=16
num_cat=0
split_feature=2 1 1 2 4 3 2 3 0 4 0 0 2 2 0
split_gain=31.0721 120.328 48.7775 53.8214 17.805 19.658 10.345 2.96182 2.50265 1.65717 0.792457 0.735981 0.112638 0.315409 0.21204
threshold=3.1500000000000008 7.0000000000000009 7.0000000000000009 3.2500000000000004 74.500000000000014 4.3500000000000005 3.8500000000000001 4.6500000000000012 5.0000000000000009 100.00000000000001 15.000000000000002 11.000000000000002 3.7500000000000004 3.6500000000000008 13.000000000000002
decision_type=2 2 2 2 2 2 2 2 2 2 2 2 2 2 2
left_child=1 -1 -2 -4 6 -6 8 -3 -5 -7 12 -9 13 14 -11
right_child=2 7 3 4 5 9 -8 11 -10 10 -12 -13 -14 -15 -16
leaf_value=0.13112822495974016 -0.07481882077070974 -0.02074824032043257 0.068681672503871291 -0.045518337444561248 0.039082696288824076 0.0039351161776317485 0.0055281509000521438 0.0078467311767431418 -0.025140877376657489 -0.011985708085390224 -0.018554310479129737 -0.0054160688072442996 -0.010773823224008085 -0.00031864996283100205 -0.0039938463901097948
leaf_weight=5.0000000000000027 5.9999999999999991 5.9999999999999991 5.9999999999999991 8.0000000000000053 6.9999999999999991 6.9999999999999991 4.9999999999999991 4.9999999999999982 9.9999999999999982 5.0000000000000053 4.9999999999999991 5 4.9999999999999991 4.9999999999999991 5
leaf_count=5 6 6 6 8 7 7 5 5 10 5 5 5 5 5 5
internal_value=-4.62483e-05 0.0266329 -0.00768558 -0.00154169 -0.00855659 0.00172121 -0.0259026 -0.00716047 -0.0346669 -0.00660479 -0.00961337 0.00111661 -0.00715468 -0.00574018 -0.00826899
internal_weight=95 21 74 68 62 39 23 16 18 32 25 10 20 15 10
internal_count=95 21 74 68 62 39 23 16 18 32 25 10 20 15 10
is_linear=0
shrinkage=0.025


Tree=169
num_leaves=16
num_cat=0
split_feature=1 3 3 3 2 0 1 1 2 3 4 2 2 0 2
split_gain=31.3235 29.9374 52.6677 7.03585 5.06741 5.04306 4.66905 2.04742 1.68695 2.22365 3.89614 0.813217 0.70189 0.124591 0.243128
threshold=5.0000000000000009 3.9500000000000006 4.1500000000000012 4.2500000000000009 3.0500000000000003 9.0000000000000018 10.000000000000002 26.000000000000004 4.1500000000000012 4.5500000000000007 100.00000000000001 3.6500000000000008 3.6500000000000008 13.000000000000002 3.6500000000000008
decision_type=2 2 2 2 2 2 2 2 2 2 2 2 2 2 2
left_child=-1 -2 -3 -4 5 -5 -6 8 9 11 12 -8 -11 14 -12
right_child=1 2 3 4 6 -7 7 -9 -10 10 13 -13 -14 -15 -16
leaf_value=0.046657361853413466 0.041009537003389218 -0.079126235265885636 0.022263745194481266 0.027527715494999518 -0.031551169145565765 -0.0039099612091554378 -0.019645544972557293 -0.019990155701675727 -0.017886276557468449 0.019993456567709254 -0.011697589835295306 -0.0048368429765105235 0.0060354441690903433 -0.0025095231710903104 -0.0039565382266624101
leaf_weight=7.9999999999999991 7.9999999999999991 5.9999999999999991 5.9999999999999991 4.9999999999999991 4.9999999999999991 7.9999999999999991 4.9999999999999982 5.9999999999999991 4.9999999999999991 5.0000000000000018 5.0000000000000018 5 5 5.9999999999999991 7
leaf_count=8 8 6 6 5 5 8 5 6 5 5 5 5 5 6 7
internal_value=-4.40318e-05 -0.00444991 -0.00916112 -0.003193 -0.00555079 0.00832064 -0.00893165 -0.00647925 -0.00448126 -0.00260031 0.000992081 -0.0126038 0.0133922 -0.00589965 -0.00742332
internal_weight=95 87 79 73 67 13 54 49 43 38 28 10 10 18 12
internal_count=95 87 79 73 67 13 54 49 43 38 28 10 10 18 12
is_linear=0
shrinkage=0.025


end of trees

feature_importances:
boost_clock_ghz=676
core_count=489
base_clock_ghz=447
thread_count=363
tdp_watts=212

parameters:
[boosting: gbdt]
[objective: regression]
[metric: l1,l2]
[tree_learner: serial]
[device_type: cpu]
[data_sample_strategy: bagging]
[data: ]
[valid: ]
[num_iterations: 700]
[learning_rate: 0.025]
[num_leaves: 24]
[num_threads: 1]
[seed: 20260722]
[deterministic: 1]
[force_col_wise: 1]
[force_row_wise: 0]
[histogram_pool_size: -1]
[max_depth: -1]
[min_data_in_leaf: 5]
[min_sum_hessian_in_leaf: 0.001]
[bagging_fraction: 1]
[pos_bagging_fraction: 1]
[neg_bagging_fraction: 1]
[bagging_freq: 0]
[bagging_seed: 20260722]
[bagging_by_query: 0]
[feature_fraction: 1]
[feature_fraction_bynode: 1]
[feature_fraction_seed: 20260722]
[extra_trees: 0]
[extra_seed: 20260722]
[early_stopping_round: 0]
[early_stopping_min_delta: 0]
[first_metric_only: 0]
[max_delta_step: 0]
[lambda_l1: 0.05]
[lambda_l2: 0.2]
[linear_lambda: 0]
[min_gain_to_split: 0]
[drop_rate: 0.1]
[max_drop: 50]
[skip_drop: 0.5]
[xgboost_dart_mode: 0]
[uniform_drop: 0]
[drop_seed: 20260722]
[top_rate: 0.2]
[other_rate: 0.1]
[min_data_per_group: 100]
[max_cat_threshold: 32]
[cat_l2: 10]
[cat_smooth: 10]
[max_cat_to_onehot: 4]
[top_k: 20]
[monotone_constraints: ]
[monotone_constraints_method: basic]
[monotone_penalty: 0]
[feature_contri: ]
[forcedsplits_filename: ]
[refit_decay_rate: 0.9]
[cegb_tradeoff: 1]
[cegb_penalty_split: 0]
[cegb_penalty_feature_lazy: ]
[cegb_penalty_feature_coupled: ]
[path_smooth: 0]
[interaction_constraints: ]
[verbosity: -1]
[saved_feature_importance_type: 0]
[use_quantized_grad: 0]
[num_grad_quant_bins: 4]
[quant_train_renew_leaf: 0]
[stochastic_rounding: 1]
[linear_tree: 0]
[max_bin: 255]
[max_bin_by_feature: ]
[min_data_in_bin: 3]
[bin_construct_sample_cnt: 200000]
[data_random_seed: 20260722]
[is_enable_sparse: 1]
[enable_bundle: 1]
[use_missing: 1]
[zero_as_missing: 0]
[feature_pre_filter: 1]
[pre_partition: 0]
[two_round: 0]
[header: 0]
[label_column: ]
[weight_column: ]
[group_column: ]
[ignore_column: ]
[categorical_feature: ]
[forcedbins_filename: ]
[precise_float_parser: 0]
[parser_config_file: ]
[objective_seed: 28388]
[num_class: 1]
[is_unbalance: 0]
[scale_pos_weight: 1]
[sigmoid: 1]
[boost_from_average: 1]
[reg_sqrt: 0]
[alpha: 0.9]
[fair_c: 1]
[poisson_max_delta_step: 0.7]
[tweedie_variance_power: 1.5]
[lambdarank_truncation_level: 30]
[lambdarank_norm: 1]
[label_gain: ]
[lambdarank_position_bias_regularization: 0]
[eval_at: ]
[multi_error_top_k: 1]
[auc_mu_weights: ]
[num_machines: 1]
[local_listen_port: 12400]
[time_out: 120]
[machine_list_filename: ]
[machines: ]
[gpu_platform_id: -1]
[gpu_device_id: -1]
[gpu_device_id_list: ]
[gpu_use_dp: 0]
[num_gpu: 1]

end of parameters

pandas_categorical:[]
