tree
version=v4
num_class=1
num_tree_per_iteration=1
label_index=0
max_feature_idx=28
objective=regression
feature_names=core_count thread_count base_clock_ghz boost_clock_ghz tdp_watts core_base_clock_capacity core_boost_clock_capacity thread_core_ratio tdp_watts_per_core boost_capacity_per_watt generation__2x_zen_4_4x_zen_4c__4c2c7cfb generation__alder_lake__341e868c generation__broadwell_e__0803db6c generation__cascade_lake__643aed9f generation__coffee_lake__51de7902 generation__comet_lake__993c0b06 generation__haswell__e1f40b24 generation__haswell_e__9d971765 generation__ivy_bridge__11d6f943 generation__kaby_lake__188ab67d generation__raptor_lake__80029b0d generation__rocket_lake__6a5939ef generation__skylake__2fe9ca49 generation__zen__92e4accd generation__zen_2__5598ab79 generation__zen_3__83374461 generation__zen_4__ed8dd0a2 generation__zen_5__da45e8c9 generation__unknown
feature_infos=[4:32] [4:64] [1.7:4.7000000000000002] [3.2999999999999998:5.7000000000000002] [35:350] [10.199999999999999:118.40000000000001] [13.199999999999999:144] [1:2] [3.25:28] [0.1542857142857143:1.6615384615384616] none [0:1] none none [0:1] [0:1] none none none none [0:1] none [0:1] [0:1] [0:1] [0:1] [0:1] none none
tree_sizes=1429 1397 1494 1501 1400 1487 1587 1475 1484 1480 1471 1564 1385 1406 1321 1408 1412 1402 1306 1310 1496 1503 1512 1516 1426 1513 1496 1519 1499 1437 1603 1519 1386 1515 1502 1625 1384 1306 1494 1569 1557 1496 1459 1683 1689 1568 1580 1560 1725 1677 1640 1595 1727 1581 1661 1685 1683 1679 1510 1682 1661 1578 1701 1570 1577 1507 1666 1640 1580 1598 1641 1581 1664 1563 1582 1681 1616 1415 1688 1250 1687 1569 1553 1684 1552 1600 1602 1701 1578 1662 1660 1657 1712 1661 1697 1546 1687 1575 1704 1576 1669 1451 1576 1551 1456 1644 1598 1648 1537 1629 1350 1575 1548 1647 1620 1588 1400 1400 1513 1401 1403 1403 1678 1402 1669 1671 1439 1550 1657 1671 1584 1652 1642 1305 1641 1287 1466 1295 1487 1489 1620 1632 1569 1596 1347 1549 1599 1690 1493 1669 1640 1669 1651 1645 1471 1672 1671

Tree=0
num_leaves=14
num_cat=0
split_feature=5 1 6 1 5 3 3 5 3 2 9 3 2
split_gain=44.3475 7.88481 4.07845 3.28168 0.971876 0.315653 0.179088 0.155277 0.0946242 0.07981 0.0340419 0.0132215 0.00410168
threshold=24.800000000000001 5.0000000000000009 62.800000000000011 10.000000000000002 62.20000000000001 4.3500000000000005 5.3500000000000005 31.700000000000003 4.2500000000000009 3.2500000000000004 0.45846153846153853 4.8500000000000005 3.7500000000000004
decision_type=2 2 2 2 2 2 2 2 2 2 2 2 2
left_child=1 -1 7 8 6 -5 -4 11 -3 -7 -9 -2 -11
right_child=2 3 4 5 -6 9 -8 10 -10 12 -12 -13 -14
leaf_value=3.1054878723309471 3.0538603333077678 3.0856750171240166 3.0409785557282327 3.0714262459151662 3.0233243444509212 3.067194941061504 3.0320961498200059 3.0494509273714723 3.0788658011166028 3.0611865150886497 3.0439098168742178 3.0503777081963324 3.0629908274806441
leaf_weight=8.9999999999999982 10.000000000000002 13.000000000000002 13.000000000000005 9.0000000000000018 6.9999999999999991 4.9999999999999991 5.9999999999999991 9.9999999999999982 8.9999999999999982 4.9999999999999982 4.9999999999999991 6.9999999999999991 5
leaf_count=9 10 13 13 9 7 5 6 10 9 5 5 7 5
internal_value=3.06072 3.07999 3.04245 3.07479 3.03361 3.06696 3.03783 3.04981 3.08315 3.06407 3.04731 3.05224 3.06226
internal_weight=113 55 58 46 26 24 19 32 22 15 15 17 10
internal_count=113 55 58 46 26 24 19 32 22 15 15 17 10
is_linear=0
shrinkage=1


Tree=1
num_leaves=13
num_cat=0
split_feature=5 1 6 1 5 3 3 5 3 2 3 2
split_gain=41.8063 7.42497 3.84072 3.08753 0.913734 0.296108 0.1676 0.145837 0.0866679 0.0747907 0.0502376 0.00372464
threshold=24.800000000000001 5.0000000000000009 62.800000000000011 10.000000000000002 62.20000000000001 4.3500000000000005 5.3500000000000005 42.600000000000009 4.2500000000000009 3.2500000000000004 4.7500000000000009 3.7500000000000004
decision_type=2 2 2 2 2 2 2 2 2 2 2 2
left_child=1 -1 7 8 6 -5 -4 10 -3 -7 -2 -11
right_child=2 3 4 5 -6 9 -8 -9 -10 11 -12 -13
leaf_value=0.043449682878411333 -0.0073495430232618326 0.024213360006158993 -0.019162524450908994 0.010387689614587501 -0.036309301654497778 0.006283810230401846 -0.027797187682121031 -0.015401352951603553 0.017608909704115081 0.00044870401553523084 -0.011045374071056192 0.0022009689475481322
leaf_weight=8.9999999999999982 13.000000000000002 13.000000000000002 13.000000000000005 9.0000000000000018 6.9999999999999991 4.9999999999999991 5.9999999999999991 5.9999999999999991 8.9999999999999982 4.9999999999999982 12.999999999999998 5
leaf_count=9 13 13 13 9 7 5 6 6 9 5 13 5
internal_value=0 0.0187025 -0.0177408 0.013661 -0.026325 0.00605458 -0.0222285 -0.0105994 0.0217621 0.00325356 -0.00932492 0.00149787
internal_weight=113 55 58 46 26 24 19 32 22 15 26 10
internal_count=113 55 58 46 26 24 19 32 22 15 26 10
is_linear=0
shrinkage=0.03


Tree=2
num_leaves=14
num_cat=0
split_feature=5 1 6 1 5 3 3 5 3 2 9 6 2
split_gain=39.4072 6.99181 3.61841 2.90479 0.858981 0.277735 0.15678 0.139908 0.0792554 0.07007 0.0302025 0.0128487 0.00337278
threshold=24.800000000000001 5.0000000000000009 62.800000000000011 10.000000000000002 62.20000000000001 4.3500000000000005 5.3500000000000005 31.700000000000003 4.2500000000000009 3.2500000000000004 0.45846153846153853 41.600000000000001 3.7500000000000004
decision_type=2 2 2 2 2 2 2 2 2 2 2 2 2
left_child=1 -1 7 8 6 -5 -4 11 -3 -7 -9 -2 -11
right_child=2 3 4 5 -6 9 -8 10 -10 12 -12 -13 -14
leaf_value=0.0421745272823002 -0.0062390389188152267 0.023497964739799492 -0.018596358827569257 0.010082833624455022 -0.035250278860330574 0.006102546287270692 -0.026990172997597723 -0.010624103195527023 0.017092127035493437 0.00043576063767362103 -0.01591048877972823 -0.0095555468376089889 0.0021374795557214661
leaf_weight=8.9999999999999982 9.0000000000000018 13.000000000000002 13.000000000000005 9.0000000000000018 6.9999999999999991 4.9999999999999991 5.9999999999999991 9.9999999999999982 8.9999999999999982 4.9999999999999982 4.9999999999999991 7.9999999999999991 5
leaf_count=9 9 13 13 9 7 5 6 10 9 5 5 8 5
internal_value=0 0.0181577 -0.0172245 0.013264 -0.0255577 0.00588331 -0.0215787 -0.0102905 0.0211226 0.0031654 -0.0126711 -0.00797992 0.00145891
internal_weight=113 55 58 46 26 24 19 32 22 15 15 17 10
internal_count=113 55 58 46 26 24 19 32 22 15 15 17 10
is_linear=0
shrinkage=0.03


Tree=3
num_leaves=14
num_cat=0
split_feature=5 1 6 1 5 3 3 5 3 2 9 6 2
split_gain=37.1502 6.58381 3.40741 2.73278 0.807422 0.260465 0.147376 0.130992 0.0723522 0.0656305 0.0275731 0.0113689 0.00304456
threshold=24.800000000000001 5.0000000000000009 62.800000000000011 10.000000000000002 62.20000000000001 4.3500000000000005 5.1500000000000012 31.700000000000003 4.2500000000000009 3.2500000000000004 0.45846153846153853 41.600000000000001 3.7500000000000004
decision_type=2 2 2 2 2 2 2 2 2 2 2 2 2
left_child=1 -1 7 8 6 -5 -4 11 -3 -7 -9 -2 -11
right_child=2 3 4 5 -6 9 -8 10 -10 12 -12 -13 -14
leaf_value=0.040936798025732454 -0.006055936766383439 0.02280370738018642 -0.016643176946950982 0.0097869241847049256 -0.034222147415081658 0.0059265115341314897 -0.02427284019834855 -0.010311629395274557 0.016590510509584263 0.00042319067897131813 -0.015451531868714554 -0.0092758723584617075 0.0020758215452616026
leaf_weight=8.9999999999999982 9.0000000000000018 13.000000000000002 9.0000000000000053 9.0000000000000018 6.9999999999999991 4.9999999999999991 9.9999999999999982 9.9999999999999982 8.9999999999999982 4.9999999999999982 4.9999999999999991 7.9999999999999991 5
leaf_count=9 9 13 9 9 7 5 10 10 9 5 5 8 5
internal_value=0 0.0176289 -0.0167251 0.0128787 -0.024813 0.00571704 -0.0209479 -0.00999389 0.0205019 0.00307978 -0.0123044 -0.00774865 0.00142107
internal_weight=113 55 58 46 26 24 19 32 22 15 15 17 10
internal_count=113 55 58 46 26 24 19 32 22 15 15 17 10
is_linear=0
shrinkage=0.03


Tree=4
num_leaves=13
num_cat=0
split_feature=5 1 6 1 5 3 3 5 3 2 3 2
split_gain=35.0222 6.19949 3.2083 2.57087 0.759039 0.244232 0.143297 0.123089 0.065926 0.0614559 0.0443908 0.00273855
threshold=24.800000000000001 5.0000000000000009 62.800000000000011 10.000000000000002 62.20000000000001 4.3500000000000005 5.3500000000000005 42.600000000000009 4.2500000000000009 3.2500000000000004 4.7500000000000009 3.7500000000000004
decision_type=2 2 2 2 2 2 2 2 2 2 2 2
left_child=1 -1 7 8 6 -5 -4 10 -3 -7 -2 -11
right_child=2 3 4 5 -6 9 -8 -9 -10 11 -12 -13
leaf_value=0.039735390932663629 -0.0066656556251374144 0.022129961198026477 -0.017485830214890558 0.0094996991368901437 -0.033224000086386991 0.0057555543230130117 -0.025501891643770279 -0.014144606657566563 0.016103614646455516 0.00041098323758118429 -0.010139970576221293 0.0020159419597341461
leaf_weight=8.9999999999999982 13.000000000000002 13.000000000000002 13.000000000000005 9.0000000000000018 6.9999999999999991 4.9999999999999991 5.9999999999999991 5.9999999999999991 8.9999999999999982 4.9999999999999982 12.999999999999998 5
leaf_count=9 13 13 13 9 7 5 6 6 9 5 13 5
internal_value=0 0.0171156 -0.01624 0.0125047 -0.0240892 0.00555563 -0.0203346 -0.00970593 0.0198995 0.00299664 -0.00852421 0.00138431
internal_weight=113 55 58 46 26 24 19 32 22 15 26 10
internal_count=113 55 58 46 26 24 19 32 22 15 26 10
is_linear=0
shrinkage=0.03


Tree=5
num_leaves=14
num_cat=0
split_feature=5 1 6 1 5 3 3 5 3 2 9 6 2
split_gain=33.014 5.83749 3.02249 2.41848 0.713316 0.228975 0.133915 0.117908 0.0614052 0.0575308 0.024326 0.0103594 0.00245336
threshold=24.800000000000001 5.0000000000000009 62.800000000000011 10.000000000000002 62.20000000000001 4.3500000000000005 5.3500000000000005 31.700000000000003 3.9500000000000006 3.2500000000000004 0.45846153846153853 41.600000000000001 3.7500000000000004
decision_type=2 2 2 2 2 2 2 2 2 2 2 2 2
left_child=1 -1 7 8 6 -5 -4 11 -3 -7 -9 -2 -11
right_child=2 3 4 5 -6 9 -8 10 -10 12 -12 -13 -14
leaf_value=0.038569242837636367 -0.0056599272277368133 0.024323794257182327 -0.016969203366474662 0.0092209035291781882 -0.03225496639808019 0.0055895287658159548 -0.024761513990740624 -0.0097172108117271876 0.017488741237063739 0.00039912805641786409 -0.014620900566761311 -0.0087457368541054622 0.0019577897340059274
leaf_weight=8.9999999999999982 9.0000000000000018 5.0000000000000027 13.000000000000005 9.0000000000000018 6.9999999999999991 4.9999999999999991 5.9999999999999991 9.9999999999999982 17 4.9999999999999982 4.9999999999999991 7.9999999999999991 5
leaf_count=9 9 5 13 9 7 5 6 10 17 5 5 8 5
internal_value=0 0.0166174 -0.0157677 0.0121416 -0.0233874 0.00539892 -0.0197404 -0.00942331 0.0193149 0.00291589 -0.0116213 -0.00728409 0.00134862
internal_weight=113 55 58 46 26 24 19 32 22 15 15 17 10
internal_count=113 55 58 46 26 24 19 32 22 15 15 17 10
is_linear=0
shrinkage=0.03


Tree=6
num_leaves=15
num_cat=0
split_feature=5 1 6 1 2 6 3 5 2 2 9 3 3 2
split_gain=31.1257 5.49625 2.84608 2.27549 0.683397 0.248821 0.214637 0.110324 0.0671523 0.0538406 0.0220883 0.00992812 0.00320299 0.00218772
threshold=24.800000000000001 5.0000000000000009 62.800000000000011 10.000000000000002 3.6500000000000008 72.800000000000011 4.3500000000000005 31.700000000000003 3.3500000000000001 3.2500000000000004 0.45846153846153853 4.8500000000000005 4.2500000000000009 3.7500000000000004
decision_type=2 2 2 2 2 2 2 2 2 2 2 2 2 2
left_child=1 -1 7 8 5 -4 -5 11 -3 -8 -9 -2 -10 -11
right_child=2 3 4 6 -6 -7 9 10 12 13 -12 -13 -14 -15
leaf_value=0.037437320118365085 -0.0056370634717099787 0.022698495835065828 -0.012638282545151234 0.008950290171348527 -0.03138148367404938 -0.021787727244875647 0.0054282922412340453 -0.0094314105282811561 0.018674596388165546 0.0003876147548166605 -0.014199143831546491 -0.0087029393017292022 0.013425192969540752 0.0019013150494832252
leaf_weight=8.9999999999999982 10.000000000000002 7.0000000000000027 6.0000000000000062 9.0000000000000018 6.9999999999999991 12.999999999999998 4.9999999999999991 9.9999999999999982 7.9999999999999982 4.9999999999999982 4.9999999999999991 6.9999999999999991 7 5
leaf_count=9 10 7 6 9 7 13 5 10 8 5 5 7 7 5
internal_value=0 0.0161344 -0.0153109 0.0117899 -0.0227062 -0.0191383 0.00524679 -0.00915202 0.0187487 0.00283747 -0.0112853 -0.00707321 0.0165324 0.00131396
internal_weight=113 55 58 46 26 19 24 32 22 15 15 17 15 10
internal_count=113 55 58 46 26 19 24 32 22 15 15 17 15 10
is_linear=0
shrinkage=0.03


Tree=7
num_leaves=14
num_cat=0
split_feature=5 1 6 1 5 3 3 5 2 2 3 2 3
split_gain=29.3493 5.17363 2.6793 2.14283 0.652434 0.201163 0.115943 0.103693 0.0613876 0.0503716 0.0375887 0.00194043 0.00138654
threshold=24.800000000000001 5.0000000000000009 62.800000000000011 10.000000000000002 62.20000000000001 4.3500000000000005 5.1500000000000012 42.600000000000009 3.3500000000000001 3.2500000000000004 4.7500000000000009 3.7500000000000004 4.2500000000000009
decision_type=2 2 2 2 2 2 2 2 2 2 2 2 2
left_child=1 -1 7 8 6 -5 -4 10 -3 -7 -2 -11 -10
right_child=2 3 4 5 -6 9 -8 -9 12 11 -12 -13 -14
leaf_value=0.036338616557743238 -0.006060367790474132 0.02203645649055639 -0.014683144011575232 0.0086876185392232019 -0.030518825650215145 0.005271707028150557 -0.02154111269642325 -0.012990840173536732 0.01812802346741281 0.000376433446430243 -0.0092937162247571075 0.0018464694630641199 0.013033624291419981
leaf_weight=8.9999999999999982 13.000000000000002 7.0000000000000027 9.0000000000000053 9.0000000000000018 6.9999999999999991 4.9999999999999991 9.9999999999999982 5.9999999999999991 7.9999999999999982 4.9999999999999982 12.999999999999998 5 7
leaf_count=9 13 7 9 9 7 5 10 6 8 5 13 5 7
internal_value=0 0.0156679 -0.014867 0.0114514 -0.0220435 0.00509909 -0.0185575 -0.00888873 0.0182052 0.00276131 -0.0077929 0.0012803 0.0160521
internal_weight=113 55 58 46 26 24 19 32 22 15 26 10 15
internal_count=113 55 58 46 26 24 19 32 22 15 26 10 15
is_linear=0
shrinkage=0.03


Tree=8
num_leaves=14
num_cat=0
split_feature=5 1 6 1 2 6 3 5 5 3 9 9 6
split_gain=27.6724 4.86982 2.52375 2.01785 0.624222 0.220132 0.188575 0.126914 0.0991903 0.0622383 0.0500576 0.019352 0.00967244
threshold=24.800000000000001 5.0000000000000009 62.800000000000011 10.000000000000002 3.6500000000000008 72.800000000000011 4.1500000000000012 19.500000000000004 31.700000000000003 3.9500000000000006 0.40153846153846157 0.45846153846153853 41.600000000000001
decision_type=2 2 2 2 2 2 2 2 2 2 2 2 2
left_child=1 -1 8 9 5 -4 -5 -8 12 -3 -9 -10 -2
right_child=2 3 4 6 -6 -7 7 10 11 -11 -12 -13 -14
leaf_value=0.035272157036739846 -0.0051094445464727649 0.022469005802502984 -0.011845080083416341 0.0096250982029784053 -0.029688280125459036 -0.020493104742331937 0.0072765528697233874 0.0037623296678066251 -0.0088874531931736906 0.01593605269872865 0 -0.01343614718088737 -0.0080321703633157229
leaf_weight=8.9999999999999982 9.0000000000000018 5.0000000000000027 6.0000000000000062 6.0000000000000027 6.9999999999999991 12.999999999999998 5.0000000000000027 4.9999999999999991 9.9999999999999982 17 7.9999999999999991 4.9999999999999991 7.9999999999999991
leaf_count=9 9 5 6 6 7 13 5 5 10 17 8 5 8
internal_value=0 0.0152151 -0.0144346 0.0111227 -0.0214009 -0.0179921 0.00495571 0.00322817 -0.00863015 0.0176774 0.0014708 -0.0106592 -0.00664946
internal_weight=113 55 58 46 26 19 24 18 32 22 13 15 17
internal_count=113 55 58 46 26 19 24 18 32 22 13 15 17
is_linear=0
shrinkage=0.03


Tree=9
num_leaves=14
num_cat=0
split_feature=5 1 6 1 5 3 5 3 5 2 9 9 6
split_gain=26.0894 4.58501 2.37578 1.89863 0.596772 0.177132 0.119412 0.102185 0.0927441 0.0612093 0.047225 0.0182496 0.00849711
threshold=24.800000000000001 5.0000000000000009 62.800000000000011 10.000000000000002 62.20000000000001 4.1500000000000012 19.500000000000004 5.3500000000000005 31.700000000000003 3.4500000000000006 0.40153846153846157 0.40879120879120889 41.600000000000001
decision_type=2 2 2 2 2 2 2 2 2 2 2 2 2
left_child=1 -1 8 9 7 -5 -7 -4 12 -3 -8 -10 -2
right_child=2 3 4 5 -6 6 10 -9 11 -11 -12 -13 -14
leaf_value=0.034236995396406754 -0.0049594933434349026 0.020504060721978901 -0.01496516136960549 0.009345660368281019 -0.028877724508444468 0.0070666522188828481 0.0036538008715097715 -0.021916992971974032 -0.0081491784606038085 0.014880837651205734 0 -0.012363203912973401 -0.0077970823754624635
leaf_weight=8.9999999999999982 9.0000000000000018 8.0000000000000018 13.000000000000005 6.0000000000000027 6.9999999999999991 5.0000000000000027 4.9999999999999991 5.9999999999999991 7.9999999999999982 13.999999999999998 7.9999999999999991 7 7.9999999999999991
leaf_count=9 9 8 13 6 7 5 5 6 8 14 8 7 8
internal_value=0 0.0147729 -0.0140163 0.0108005 -0.0207765 0.0048157 0.00313719 -0.017444 -0.00838204 0.0171595 0.00142804 -0.0103512 -0.00645718
internal_weight=113 55 58 46 26 24 18 19 32 22 13 15 17
internal_count=113 55 58 46 26 24 18 19 32 22 13 15 17
is_linear=0
shrinkage=0.03


Tree=10
num_leaves=14
num_cat=0
split_feature=5 1 6 1 2 6 3 5 5 3 9 3 5
split_gain=24.5978 4.31687 2.23701 1.78624 0.566232 0.199303 0.166364 0.112345 0.0883822 0.0636248 0.044553 0.0324661 0.000217077
threshold=24.800000000000001 5.0000000000000009 62.800000000000011 10.000000000000002 3.6500000000000008 72.800000000000011 4.1500000000000012 19.500000000000004 42.600000000000009 3.9500000000000006 0.40153846153846157 4.7500000000000009 29.200000000000006
decision_type=2 2 2 2 2 2 2 2 2 2 2 2 2
left_child=1 -1 8 9 5 -4 -5 -8 11 -3 -9 12 -2
right_child=2 3 4 6 -6 -7 7 10 -10 -11 -12 -13 -14
leaf_value=0.033232214826604593 -0.0041079501186807926 0.021326722273459785 -0.011066717952489841 0.0090743344132938625 -0.02806711276372274 -0.019303216338157653 0.0068628064829569539 0.0035484026945554288 -0.011949473893450153 0.014963448103084118 0 -0.0085220956599170519 -0.0066909134964789098
leaf_weight=8.9999999999999982 7.0000000000000018 5.0000000000000027 6.0000000000000062 6.0000000000000027 6.9999999999999991 12.999999999999998 5.0000000000000027 4.9999999999999991 5.9999999999999991 17 7.9999999999999991 12.999999999999998 6
leaf_count=9 7 5 6 6 7 13 5 5 6 17 8 13 6
internal_value=0 0.0143434 -0.0136106 0.0104874 -0.0201717 -0.0169227 0.00467973 0.00304883 -0.00814097 0.0166563 0.00138652 -0.00712033 -0.00549704
internal_weight=113 55 58 46 26 19 24 18 32 22 13 26 13
internal_count=113 55 58 46 26 19 24 18 32 22 13 26 13
is_linear=0
shrinkage=0.03


Tree=11
num_leaves=15
num_cat=0
split_feature=5 1 6 1 5 3 5 3 5 2 9 5 3 3
split_gain=23.1911 4.06423 2.10591 1.68061 0.545639 0.156231 0.105688 0.0866488 0.0830839 0.0620484 0.0420327 0.0135533 0.0131843 0.00697292
threshold=24.800000000000001 5.0000000000000009 62.800000000000011 10.000000000000002 62.20000000000001 4.1500000000000012 19.500000000000004 5.3500000000000005 29.200000000000006 3.3500000000000001 0.40153846153846157 42.600000000000009 4.6500000000000012 4.2500000000000009
decision_type=2 2 2 2 2 2 2 2 2 2 2 2 2 2
left_child=1 -1 8 9 7 -5 -7 -4 12 -3 -8 -10 -2 -11
right_child=2 3 4 5 -6 6 10 -9 11 13 -12 -13 -14 -15
leaf_value=0.03225692164638768 -0.0032895905868365214 0.019786987255016954 -0.014065002880313171 0.0088108860773424887 -0.027326382249593734 0.0066648408885185478 0.0034460449562622947 -0.020593059793595346 -0.0079843500172588188 0.016095417563508199 0 -0.011602553662753874 -0.0066219827656944577 0.011318217515945432
leaf_weight=8.9999999999999982 4.9999999999999982 7.0000000000000027 13.000000000000005 6.0000000000000027 6.9999999999999991 5.0000000000000027 4.9999999999999991 5.9999999999999991 14.000000000000002 7.9999999999999982 7.9999999999999991 5.9999999999999991 7 7
leaf_count=9 5 7 13 6 7 5 5 6 14 8 8 6 7 7
internal_value=0 0.0139268 -0.0132162 0.0101839 -0.0195834 0.00454771 0.00296302 -0.0163977 -0.00790676 0.0161685 0.0013462 -0.0092482 -0.00543313 0.014143
internal_weight=113 55 58 46 26 24 18 19 32 22 13 20 12 15
internal_count=113 55 58 46 26 24 18 19 32 22 13 20 12 15
is_linear=0
shrinkage=0.03


Tree=12
num_leaves=13
num_cat=0
split_feature=5 1 6 1 2 6 3 5 6 3 9 5
split_gain=21.8696 3.82535 1.98294 1.5827 0.513556 0.180402 0.146696 0.0994169 0.0783293 0.0609932 0.0396552 0.0257024
threshold=24.800000000000001 5.0000000000000009 62.800000000000011 10.000000000000002 3.6500000000000008 72.800000000000011 4.1500000000000012 19.500000000000004 37.600000000000001 3.9500000000000006 0.40153846153846157 42.600000000000009
decision_type=2 2 2 2 2 2 2 2 2 2 2 2
left_child=1 -1 8 9 5 -4 -5 -8 -2 -3 -9 -10
right_child=2 3 4 6 -6 -7 7 10 11 -11 -12 -13
leaf_value=0.031310250551804253 -0.0044923106235701862 0.020204643171567168 -0.010337087665834724 0.0085550860748175601 -0.026535636236270269 -0.018182409514080396 0.0064725858202347338 0.003346639883059721 -0.0075597519926972438 0.014068649114910944 0 -0.011265705126908519
leaf_weight=8.9999999999999982 7.9999999999999991 5.0000000000000027 6.0000000000000062 6.0000000000000027 6.9999999999999991 12.999999999999998 5.0000000000000027 4.9999999999999991 18.000000000000004 17 7.9999999999999991 5.9999999999999991
leaf_count=9 8 5 6 6 7 13 5 5 18 17 8 6
internal_value=0 0.0135245 -0.0128338 0.00989171 -0.0190135 -0.0159165 0.0044195 0.00287969 -0.00767925 0.0157002 0.00130704 -0.00863367
internal_weight=113 55 58 46 26 19 24 18 32 22 13 24
internal_count=113 55 58 46 26 19 24 18 32 22 13 24
is_linear=0
shrinkage=0.03


Tree=13
num_leaves=13
num_cat=0
split_feature=5 1 6 5 6 5 6 2 5 3 3 5
split_gain=20.6174 3.6161 1.86755 1.0975 0.946573 0.498796 0.101787 0.0955536 0.0751719 0.0729821 0.0122693 0.00975938
threshold=24.800000000000001 7.0000000000000009 62.800000000000011 15.800000000000002 24.900000000000002 62.20000000000001 17.400000000000002 3.2500000000000004 29.200000000000006 5.3500000000000005 4.6500000000000012 42.600000000000009
decision_type=2 2 2 2 2 2 2 2 2 2 2 2
left_child=1 3 8 -1 6 9 -3 -6 10 -4 -2 -10
right_child=2 4 5 -5 7 -7 -8 -9 11 -11 -12 -13
leaf_value=0.031158792657010687 -0.0030297191784932061 0.015001090381826669 -0.013219220421530977 0.014436029940843583 0.0055198676422562269 -0.025859822382529579 0.0089172333975632984 0.0011268466884835758 -0.007544036318718546 -0.019346064482965778 -0.0062339108934005086 -0.010938636487530124
leaf_weight=10.000000000000002 4.9999999999999982 11.000000000000002 13.000000000000005 6.9999999999999991 9.0000000000000018 6.9999999999999991 6.9999999999999991 10.999999999999998 14.000000000000002 5.9999999999999991 7 5.9999999999999991
leaf_count=10 5 11 13 7 9 7 7 11 14 6 7 6
internal_value=0 0.0131319 -0.0124607 0.0246081 0.00785654 -0.0184592 0.0128416 0.00321304 -0.00745601 -0.0154135 -0.00509334 -0.00873489
internal_weight=113 55 58 17 38 26 18 20 32 19 12 20
internal_count=113 55 58 17 38 26 18 20 32 19 12 20
is_linear=0
shrinkage=0.03


Tree=14
num_leaves=12
num_cat=0
split_feature=5 1 6 5 6 5 6 2 6 3 5
split_gain=19.4394 3.40537 1.75841 1.03099 0.891044 0.468423 0.0944916 0.0897287 0.0707719 0.0692786 0.0208766
threshold=24.800000000000001 7.0000000000000009 62.800000000000011 15.800000000000002 24.900000000000002 62.20000000000001 17.400000000000002 3.2500000000000004 37.600000000000001 5.1500000000000012 42.600000000000009
decision_type=2 2 2 2 2 2 2 2 2 2 2
left_child=1 3 8 -1 6 9 -3 -6 -2 -4 -10
right_child=2 4 5 -5 7 -7 -8 -9 10 -11 -12
leaf_value=0.030242357744890092 -0.0041991608789781251 0.014559094426887373 -0.011794593240255887 0.014014979253212609 0.0053578714864409476 -0.025105578005313874 0.0086571472262342783 0.001093644964067997 -0.007137297834013844 -0.017381496148950914 -0.010621063012269236
leaf_weight=10.000000000000002 7.9999999999999991 11.000000000000002 9.0000000000000053 6.9999999999999991 9.0000000000000018 6.9999999999999991 6.9999999999999991 10.999999999999998 18.000000000000004 9.9999999999999982 5.9999999999999991
leaf_count=10 8 11 9 7 9 7 7 11 18 10 6
internal_value=0 0.0127503 -0.0121004 0.0238884 0.00762918 -0.0179222 0.0124667 0.00312085 -0.00724169 -0.0149636 -0.0081508
internal_weight=113 55 58 17 38 26 18 20 32 19 24
internal_count=113 55 58 17 38 26 18 20 32 19 24
is_linear=0
shrinkage=0.03


Tree=15
num_leaves=13
num_cat=0
split_feature=5 1 5 5 6 5 3 6 2 3 0 1
split_gain=18.3267 3.20688 1.66509 0.968439 0.838751 0.388368 0.20431 0.0876644 0.0842491 0.0316762 0.00131228 0.000716981
threshold=24.800000000000001 7.0000000000000009 43.900000000000013 15.800000000000002 24.900000000000002 62.20000000000001 5.2500000000000009 17.400000000000002 3.2500000000000004 4.8500000000000005 11.000000000000002 18.000000000000004
decision_type=2 2 2 2 2 2 2 2 2 2 2 2
left_child=1 3 6 -1 7 -4 9 -3 -6 11 -11 -2
right_child=2 4 5 -5 8 -7 -8 -9 -10 10 -12 -13
leaf_value=0.02935287728029138 -0.0036745033575140882 0.014130120796284501 -0.014795954754186226 0.013606208736697833 0.005200629776910594 -0.024373331467310584 -0.012596545642422092 0.0084046469877163566 0.0010614214847737458 -0.005649914253623255 -0.0089896179591455756 -0.0058544158811370522
leaf_weight=10.000000000000002 9.0000000000000053 11.000000000000002 17.000000000000004 6.9999999999999991 9.0000000000000018 6.9999999999999991 5.9999999999999991 6.9999999999999991 10.999999999999998 5.9999999999999982 6 6.9999999999999991
leaf_count=10 9 11 17 7 9 7 6 7 11 6 6 7
internal_value=0 0.0123799 -0.0117491 0.0231898 0.0074085 -0.0178297 -0.00733394 0.0121028 0.00303137 -0.00607171 -0.00756271 -0.00478131
internal_weight=113 55 58 17 38 24 34 18 20 28 12 16
internal_count=113 55 58 17 38 24 34 18 20 28 12 16
is_linear=0
shrinkage=0.03


Tree=16
num_leaves=13
num_cat=0
split_feature=5 1 6 5 6 2 6 6 2 5 3 9
split_gain=17.2795 3.01991 1.5698 0.909606 0.789507 0.441097 0.151101 0.0812771 0.0790945 0.0663599 0.0097929 0.00918551
threshold=24.800000000000001 7.0000000000000009 62.800000000000011 15.800000000000002 24.900000000000002 3.6500000000000008 72.800000000000011 17.400000000000002 3.2500000000000004 29.200000000000006 4.6500000000000012 0.40879120879120889
decision_type=2 2 2 2 2 2 2 2 2 2 2 2
left_child=1 3 9 -1 7 6 -4 -3 -6 10 -2 -11
right_child=2 4 5 -5 8 -7 -8 -9 -10 11 -12 -13
leaf_value=0.028489557118976806 -0.0026812967887291546 0.013713786955922838 -0.0089525720380967556 0.013209361260135968 0.0050480025358822017 -0.02386199116706848 -0.016119297959587792 0.0081595114618539799 0.0010301474922224381 -0.0063833048150819882 -0.0056343549117445933 -0.0093435414486071639
leaf_weight=10.000000000000002 4.9999999999999982 11.000000000000002 6.0000000000000062 6.9999999999999991 9.0000000000000018 6.9999999999999991 12.999999999999998 6.9999999999999991 10.999999999999998 10.000000000000002 7 9.9999999999999982
leaf_count=10 5 11 6 7 9 7 13 7 11 10 7 10
internal_value=0 0.0120203 -0.0114091 0.0225117 0.0071943 -0.0169117 -0.0140511 0.0117496 0.00294452 -0.00681441 -0.00459099 -0.00801554
internal_weight=113 55 58 17 38 26 19 18 20 32 12 20
internal_count=113 55 58 17 38 26 19 18 20 32 12 20
is_linear=0
shrinkage=0.03


Tree=17
num_leaves=13
num_cat=0
split_feature=5 1 5 5 6 5 3 6 2 3 5 9
split_gain=16.2924 2.84379 1.48525 0.854277 0.743133 0.352575 0.185954 0.0753026 0.074246 0.0292927 0.0185903 0.00357993
threshold=24.800000000000001 7.0000000000000009 43.900000000000013 15.800000000000002 24.900000000000002 62.20000000000001 5.2500000000000009 17.400000000000002 3.2500000000000004 4.4500000000000011 31.700000000000003 0.23212307692307693
decision_type=2 2 2 2 2 2 2 2 2 2 2 2
left_child=1 3 6 11 7 -4 9 -3 -6 -2 -11 -1
right_child=2 4 5 -5 8 -7 -8 -9 -10 10 -12 -13
leaf_value=0.022228705149430483 -0.0031019575509332823 0.013309719871197424 -0.013929385574058043 0.012824088136355083 0.0048998545960563661 -0.023063251674175261 -0.01192989888691133 0.0079215257304410119 0.000999794918420126 -0.00479165928837444 -0.0075708510739994905 0.031722567413861924
leaf_weight=5.0000000000000018 6.0000000000000027 11.000000000000002 17.000000000000004 6.9999999999999991 9.0000000000000018 6.9999999999999991 5.9999999999999991 6.9999999999999991 10.999999999999998 11.000000000000002 10.999999999999998 5
leaf_count=5 6 11 17 7 9 7 6 7 11 11 11 5
internal_value=0 0.0116714 -0.011079 0.0218535 0.00698639 -0.016824 -0.00690519 0.0114068 0.00286022 -0.00569831 -0.00630451 0.0276516
internal_weight=113 55 58 17 38 24 34 18 20 28 22 10
internal_count=113 55 58 17 38 24 34 18 20 28 22 10
is_linear=0
shrinkage=0.03


Tree=18
num_leaves=12
num_cat=0
split_feature=5 1 6 5 6 5 4 6 2 3 9
split_gain=15.3651 2.68236 1.40564 0.80478 0.699463 0.358859 0.182134 0.0697154 0.0696856 0.0508826 0.000794084
threshold=24.800000000000001 7.0000000000000009 72.800000000000011 15.800000000000002 24.900000000000002 43.900000000000013 167.50000000000003 17.400000000000002 3.2500000000000004 4.8500000000000005 0.23212307692307693
decision_type=2 2 2 2 2 2 2 2 2 2 2
left_child=1 3 5 10 7 9 -4 -3 -6 -2 -1
right_child=2 4 6 -5 8 -7 -8 -9 -10 -11 -12
leaf_value=0.021587492135854855 -0.004337732364182118 0.012917558521564515 -0.015132529940761502 0.012450051978230478 0.0047560544526609374 -0.012687002814867919 -0.023923491239547727 0.0076904812393089128 0.0009703366907238629 -0.0073268503529068671 0.030807493466597329
leaf_weight=5.0000000000000018 16.000000000000004 11.000000000000002 12.000000000000002 6.9999999999999991 9.0000000000000018 9.9999999999999982 4.9999999999999991 6.9999999999999991 10.999999999999998 14.999999999999998 5
leaf_count=5 16 11 12 7 9 10 5 7 11 15 5
internal_value=0 0.0113363 -0.0107571 0.0212264 0.0067846 -0.0076225 -0.0180534 0.0110741 0.00277839 -0.00586985 0.0268582
internal_weight=113 55 58 17 38 41 17 18 20 31 10
internal_count=113 55 58 17 38 41 17 18 20 31 10
is_linear=0
shrinkage=0.03


Tree=19
num_leaves=12
num_cat=0
split_feature=5 1 6 5 6 5 1 2 6 3 3
split_gain=14.49 2.53007 1.32432 0.758108 0.65834 0.337307 0.177239 0.0653964 0.0644917 0.0473579 9.98715e-05
threshold=24.800000000000001 7.0000000000000009 72.800000000000011 15.800000000000002 24.900000000000002 43.900000000000013 26.000000000000004 3.2500000000000004 17.400000000000002 4.8500000000000005 4.5500000000000007
decision_type=2 2 2 2 2 2 2 2 2 2 2
left_child=1 3 5 -1 8 9 -4 -6 -3 -2 -9
right_child=2 4 6 -5 7 -7 -8 10 -10 -11 -12
leaf_value=0.026087713451946472 -0.0042092069307411153 0.012536952264074764 -0.011925335238056792 0.012086925829450288 0.0046164746096600635 -0.012313855562139962 -0.020182652723576344 0.0012509445245227507 0.0074661755499740431 -0.0071099370365080086 0.00024840455000790259
leaf_weight=10.000000000000002 16.000000000000004 11.000000000000002 6.0000000000000027 6.9999999999999991 9.0000000000000018 9.9999999999999982 10.999999999999998 5.9999999999999982 6.9999999999999991 14.999999999999998 5
leaf_count=10 16 11 6 7 9 10 11 6 7 15 5
internal_value=0 0.0110111 -0.0104441 0.0206175 0.00658873 -0.00739955 -0.0175281 0.00269897 0.0107511 -0.00569744 0.000941746
internal_weight=113 55 58 17 38 41 17 20 18 31 11
internal_count=113 55 58 17 38 41 17 20 18 31 11
is_linear=0
shrinkage=0.03


Tree=20
num_leaves=14
num_cat=0
split_feature=5 1 6 5 6 5 9 2 6 3 9 5 3
split_gain=13.6608 2.38194 1.24892 0.711815 0.619211 0.400933 0.0973643 0.0611791 0.0596089 0.044055 0.00934601 0.000529478 5.11651e-06
threshold=24.800000000000001 7.0000000000000009 76.800000000000026 15.800000000000002 24.900000000000002 43.900000000000013 0.56867692307692319 3.2500000000000004 17.400000000000002 4.8500000000000005 0.23212307692307693 29.200000000000006 4.5500000000000007
decision_type=2 2 2 2 2 2 2 2 2 2 2 2 2
left_child=1 3 5 10 8 9 -4 -6 -3 11 -1 -2 -9
right_child=2 4 6 -5 7 -7 -8 12 -10 -11 -12 -13 -14
leaf_value=0.02021224620250554 -0.0028358311733851799 0.012167559715786147 -0.022651198116632607 0.011734390432635943 0.004480991051329865 -0.012052576541900636 -0.014804661248041237 0.0012146267655395694 0.0072484120912849901 -0.0068994454196409181 0.029166284845425529 -0.0048098639933311423 0.00024123895635756729
leaf_weight=5.0000000000000018 7.0000000000000062 11.000000000000002 4.9999999999999991 6.9999999999999991 9.0000000000000018 12.999999999999998 8.9999999999999982 5.9999999999999982 6.9999999999999991 14.999999999999998 5 8.9999999999999982 5
leaf_count=5 7 11 5 7 9 13 9 6 7 15 5 9 5
internal_value=0 0.0106926 -0.0101396 0.0200149 0.00639988 -0.00753698 -0.0179922 0.00262427 0.0104377 -0.00553014 0.0253204 -0.00408449 0.000918315
internal_weight=113 55 58 17 38 44 14 20 18 31 10 16 11
internal_count=113 55 58 17 38 44 14 20 18 31 10 16 11
is_linear=0
shrinkage=0.03


Tree=21
num_leaves=14
num_cat=0
split_feature=5 1 5 5 6 2 5 8 3 6 2 3 9
split_gain=12.886 2.24624 1.18225 0.670451 0.582377 0.244743 0.194349 0.119533 0.0597233 0.0550461 0.044176 0.0247078 0.00645003
threshold=24.800000000000001 7.0000000000000009 50.100000000000009 15.800000000000002 24.900000000000002 3.6500000000000008 40.20000000000001 11.04166666666667 4.7500000000000009 17.400000000000002 3.4500000000000006 4.8500000000000005 0.23212307692307693
decision_type=2 2 2 2 2 2 2 2 2 2 2 2 2
left_child=1 3 6 12 9 -4 11 -8 10 -3 -6 -2 -1
right_child=2 4 5 -5 8 -7 7 -9 -10 -11 -12 -13 -14
leaf_value=0.019629199298528514 -0.0037997800753009118 0.011809051188507247 -0.013058953066082563 0.011392137209574381 0.0053163570538163158 -0.02225331256466527 -0.011703643208103522 -0.0050849543569179683 -4.4702505692839457e-06 0.0070370002835988994 0.001620858103752409 -0.006371641152761353 0.02832494946626516
leaf_weight=5.0000000000000018 12.000000000000002 11.000000000000002 9.9999999999999982 6.9999999999999991 7.0000000000000027 5.9999999999999991 10.999999999999998 4.9999999999999991 4.9999999999999991 6.9999999999999991 7.9999999999999991 13.999999999999998 5
leaf_count=5 12 11 10 7 7 6 11 5 5 7 8 14 5
internal_value=0 0.0103869 -0.00984586 0.019441 0.00621658 -0.0168316 -0.00708192 -0.00981621 0.00255176 0.0101334 0.00349137 -0.00527995 0.0245943
internal_weight=113 55 58 17 38 16 42 16 20 18 15 26 10
internal_count=113 55 58 17 38 16 42 16 20 18 15 26 10
is_linear=0
shrinkage=0.03


Tree=22
num_leaves=14
num_cat=0
split_feature=5 1 6 5 6 5 8 3 6 2 3 9 5
split_gain=12.1536 2.11899 1.12849 0.631452 0.548362 0.349465 0.0841807 0.0566172 0.0507833 0.0413124 0.0375924 0.00378647 0.000413682
threshold=24.800000000000001 7.0000000000000009 76.800000000000026 15.800000000000002 24.900000000000002 43.900000000000013 8.4375000000000018 4.7500000000000009 17.400000000000002 3.4500000000000006 4.8500000000000005 0.23212307692307693 29.200000000000006
decision_type=2 2 2 2 2 2 2 2 2 2 2 2 2
left_child=1 3 5 11 8 10 -4 9 -3 -6 12 -1 -2
right_child=2 4 6 -5 7 -7 -8 -9 -10 -11 -12 -13 -14
leaf_value=0.019062972939931418 -0.00264229256349305 0.011461105934743367 -0.014005394448404729 0.011059866398572923 0.0051612965638438832 -0.011308536908843302 -0.021430462037141506 -4.3412982127987251e-06 0.0068317541728417069 0.0015734183606578083 -0.0064855040727477328 0.027507884639960064 -0.004540426428227321
leaf_weight=5.0000000000000018 7.0000000000000062 11.000000000000002 8.9999999999999982 6.9999999999999991 7.0000000000000027 12.999999999999998 4.9999999999999991 4.9999999999999991 6.9999999999999991 7.9999999999999991 14.999999999999998 5 8.9999999999999982
leaf_count=5 7 11 9 7 7 13 5 5 7 8 15 5 9
internal_value=0 0.0100886 -0.00956077 0.0188837 0.00603649 -0.00708481 -0.0170273 0.00247727 0.00983808 0.00339233 -0.00520436 0.0238891 -0.00384546
internal_weight=113 55 58 17 38 44 14 20 18 15 31 10 16
internal_count=113 55 58 17 38 44 14 20 18 15 31 10 16
is_linear=0
shrinkage=0.03


Tree=23
num_leaves=14
num_cat=0
split_feature=5 1 6 5 6 5 9 3 6 2 3 9 3
split_gain=11.4631 1.99895 1.06349 0.594682 0.516326 0.328045 0.0800065 0.0536805 0.0468019 0.0386225 0.0347149 0.00134022 0.000678381
threshold=24.800000000000001 7.0000000000000009 76.800000000000026 15.800000000000002 24.900000000000002 43.900000000000013 0.56867692307692319 4.7500000000000009 17.400000000000002 3.4500000000000006 4.8500000000000005 0.23212307692307693 4.4500000000000011
decision_type=2 2 2 2 2 2 2 2 2 2 2 2 2
left_child=1 3 5 11 8 10 -4 9 -3 -6 12 -1 -2
right_child=2 4 6 -5 7 -7 -8 -9 -10 -11 -12 -13 -14
leaf_value=0.018513078999060843 -0.0024008043206507133 0.01112341270649007 -0.020833570808172226 0.010737287178635598 0.0050107587004701269 -0.010974421040578322 -0.013582329523304236 -4.2161660698743803e-06 0.0066324950226893014 0.001527367077268115 -0.0062934989197865913 0.026714387834072109 -0.0043265340652535941
leaf_weight=5.0000000000000018 6.0000000000000062 11.000000000000002 4.9999999999999991 6.9999999999999991 7.0000000000000027 12.999999999999998 8.9999999999999982 4.9999999999999991 6.9999999999999991 7.9999999999999991 14.999999999999998 5 9.9999999999999982
leaf_count=5 6 11 5 7 7 13 9 5 7 8 15 5 10
internal_value=0 0.00979905 -0.00928404 0.0183425 0.00586168 -0.00687871 -0.0165346 0.00240495 0.00955144 0.00329618 -0.00505374 0.0232042 -0.00373553
internal_weight=113 55 58 17 38 44 14 20 18 15 31 10 16
internal_count=113 55 58 17 38 44 14 20 18 15 31 10 16
is_linear=0
shrinkage=0.03


Tree=24
num_leaves=13
num_cat=0
split_feature=5 1 6 5 6 5 8 3 6 2 3 5
split_gain=10.8121 1.8857 1.00223 0.560016 0.486156 0.307909 0.0759899 0.0509036 0.0442897 0.036096 0.0320441 0.0055559
threshold=24.800000000000001 7.0000000000000009 76.800000000000026 15.800000000000002 24.900000000000002 43.900000000000013 8.4375000000000018 4.7500000000000009 17.000000000000004 3.4500000000000006 4.4500000000000011 31.700000000000003
decision_type=2 2 2 2 2 2 2 2 2 2 2 2
left_child=1 3 5 -1 8 10 -4 9 -3 -6 -2 -12
right_child=2 4 6 -5 7 -7 -8 -9 -10 -11 11 -13
leaf_value=0.022539088603328251 -0.002331103496253489 0.011477692396175567 -0.013172109609712726 0.010424116365611554 0.0048646115263303097 -0.010650176785208963 -0.02025314112122242 -4.0945263866048427e-06 0.0071721132757032622 0.0014826636447957376 -0.0044255279466299943 -0.0065017232391983279
leaf_weight=10.000000000000002 6.0000000000000027 8.0000000000000018 8.9999999999999982 6.9999999999999991 7.0000000000000027 12.999999999999998 4.9999999999999991 4.9999999999999991 9.9999999999999982 7.9999999999999991 14.000000000000002 10.999999999999998
leaf_count=10 6 8 9 7 7 13 5 5 10 8 14 11
internal_value=0 0.00951788 -0.00901541 0.017817 0.005692 -0.00667866 -0.0160563 0.00233474 0.00927322 0.00320283 -0.00490752 -0.00544293
internal_weight=113 55 58 17 38 44 14 20 18 15 31 25
internal_count=113 55 58 17 38 44 14 20 18 15 31 25
is_linear=0
shrinkage=0.03


Tree=25
num_leaves=14
num_cat=0
split_feature=5 1 6 5 6 5 3 6 3 2 3 9 5
split_gain=10.195 1.7757 0.948043 0.52557 0.457807 0.39803 0.0482777 0.0410944 0.0346903 0.0337233 0.0102928 0.00768139 0.00107108
threshold=24.800000000000001 7.0000000000000009 85.600000000000009 15.800000000000002 24.900000000000002 43.900000000000013 4.7500000000000009 17.400000000000002 4.8500000000000005 3.4500000000000006 4.7500000000000009 0.23212307692307693 29.200000000000006
decision_type=2 2 2 2 2 2 2 2 2 2 2 2 2
left_child=1 3 5 11 7 8 9 -3 12 -6 -7 -1 -2
right_child=2 4 -4 -5 6 10 -8 -9 -10 -11 -12 -13 -14
leaf_value=0.017328882171557491 -0.0023434585301826396 0.010492085604263202 -0.017207376693978031 0.010120079591870309 0.0047227272794892368 -0.0077002136294658362 -3.9763576709306992e-06 0.0062298605094353353 -0.0059985744746194952 0.0014392686171866046 -0.011958941050938197 0.025293614583519784 -0.0041824470784353179
leaf_weight=5.0000000000000018 6.9999999999999991 11.000000000000002 9.9999999999999982 6.9999999999999991 7.0000000000000027 4.9999999999999991 4.9999999999999991 6.9999999999999991 15.999999999999998 7.9999999999999991 10.999999999999998 5 8.9999999999999982
leaf_count=5 7 11 10 7 7 5 5 7 16 8 11 5 9
internal_value=0 0.0092419 -0.00875472 0.0172966 0.00552752 -0.00689854 0.00226658 0.00900365 -0.00483007 0.00311221 -0.0108322 0.0218762 -0.00350935
internal_weight=113 55 58 17 38 48 20 18 32 15 16 10 16
internal_count=113 55 58 17 38 48 20 18 32 15 16 10 16
is_linear=0
shrinkage=0.03


Tree=26
num_leaves=14
num_cat=0
split_feature=5 1 5 5 6 2 3 5 3 6 2 3 9
split_gain=9.61588 1.6751 0.898306 0.49486 0.431044 0.216663 0.146119 0.0821814 0.0457943 0.0391864 0.0314952 0.00971198 0.00520156
threshold=24.800000000000001 7.0000000000000009 50.100000000000009 15.800000000000002 24.900000000000002 3.6500000000000008 5.2500000000000009 42.600000000000009 4.7500000000000009 17.000000000000004 3.4500000000000006 4.4500000000000011 0.23212307692307693
decision_type=2 2 2 2 2 2 2 2 2 2 2 2 2
left_child=1 3 6 12 9 -4 7 11 10 -3 -6 -2 -1
right_child=2 4 5 -5 8 -7 -8 -9 -10 -11 -12 -13 -14
leaf_value=0.016829010913005232 -0.0019856605721780872 0.010834674462676044 -0.01110521164010553 0.0098249103749791789 0.0045849807901928797 -0.019629754376026893 -0.009676202393096427 -0.0078710204926205861 -3.8616276847628282e-06 0.0067403298550668895 0.0013971437204901766 -0.0043759365162194365 0.024563989943036664
leaf_weight=5.0000000000000018 5.0000000000000027 8.0000000000000018 9.9999999999999982 6.9999999999999991 7.0000000000000027 5.9999999999999991 8.9999999999999982 7.9999999999999991 4.9999999999999991 9.9999999999999982 7.9999999999999991 20 5
leaf_count=5 5 8 10 7 7 6 9 8 5 10 8 20 5
internal_value=0 0.00897694 -0.00850104 0.0168013 0.00536765 -0.0145974 -0.0060849 -0.00500788 0.00220041 0.00874152 0.00302424 -0.00397696 0.0212494
internal_weight=113 55 58 17 38 16 42 33 20 18 15 25 10
internal_count=113 55 58 17 38 16 42 33 20 18 15 25 10
is_linear=0
shrinkage=0.03


Tree=27
num_leaves=14
num_cat=0
split_feature=5 1 6 5 6 5 3 6 3 2 3 9 5
split_gain=9.07076 1.58013 0.854288 0.46591 0.405898 0.351874 0.0434455 0.0361408 0.0299143 0.0294033 0.00932962 0.00292136 0.00107177
threshold=24.800000000000001 7.0000000000000009 85.600000000000009 15.800000000000002 24.900000000000002 43.900000000000013 4.7500000000000009 17.000000000000004 4.8500000000000005 3.4500000000000006 4.7500000000000009 0.23212307692307693 29.200000000000006
decision_type=2 2 2 2 2 2 2 2 2 2 2 2 2
left_child=1 3 5 11 7 8 9 -3 12 -6 -7 -1 -2
right_child=2 4 -4 -5 6 10 -8 -9 -10 -11 -12 -13 -14
leaf_value=0.016343558591145727 -0.0021673951406652723 0.010517562151682083 -0.016282770686289843 0.0095383506764968248 0.0044512522593140574 -0.0071950671879144803 -3.7502612058932806e-06 0.0065420848339357808 -0.0056389756100597207 0.0013562517029392285 -0.011271177077932019 0.023855414367639098 -0.0039432632032295935
leaf_weight=5.0000000000000018 6.9999999999999991 8.0000000000000018 9.9999999999999982 6.9999999999999991 7.0000000000000027 4.9999999999999991 4.9999999999999991 9.9999999999999982 15.999999999999998 7.9999999999999991 10.999999999999998 5 8.9999999999999982
leaf_count=5 7 8 10 7 7 5 5 10 16 8 11 5 9
internal_value=0 0.00871983 -0.00825551 0.0163204 0.00521267 -0.00649142 0.00213618 0.00848754 -0.00454145 0.00293883 -0.0101945 0.0206407 -0.00329526
internal_weight=113 55 58 17 38 48 20 18 32 15 16 10 16
internal_count=113 55 58 17 38 48 20 18 32 15 16 10 16
is_linear=0
shrinkage=0.03


Tree=28
num_leaves=14
num_cat=0
split_feature=5 1 6 5 6 5 1 3 6 2 3 5 9
split_gain=8.55608 1.49055 0.804796 0.43862 0.382213 0.238197 0.0693381 0.0412237 0.0343184 0.0274394 0.0267537 0.0055631 0.000827595
threshold=24.800000000000001 7.0000000000000009 76.800000000000026 15.800000000000002 24.900000000000002 43.900000000000013 30.000000000000004 4.7500000000000009 17.400000000000002 3.4500000000000006 4.4500000000000011 31.700000000000003 0.23212307692307693
decision_type=2 2 2 2 2 2 2 2 2 2 2 2 2
left_child=1 3 5 12 8 10 -4 9 -3 -6 -2 -12 -1
right_child=2 4 6 -5 7 -7 -8 -9 -10 -11 11 -13 -14
leaf_value=0.015872110151327567 -0.0019763753515097391 0.0096186622365244771 -0.011268312454950521 0.0092601487909754112 0.0043214240297675104 -0.0094235211204398758 -0.017680442823517706 -3.6421239089507159e-06 0.0056607524119317524 0.001316556505313734 -0.0038775212107829632 -0.0058336280006915341 0.023167277138966776
leaf_weight=5.0000000000000018 6.0000000000000027 11.000000000000002 7.9999999999999982 6.9999999999999991 7.0000000000000027 12.999999999999998 6 4.9999999999999991 6.9999999999999991 7.9999999999999991 14.000000000000002 10.999999999999998 5
leaf_count=5 6 11 8 7 7 13 6 5 7 8 14 11 5
internal_value=0 0.00847021 -0.0080165 0.0158534 0.00506224 -0.00591723 -0.0143323 0.00207382 0.00824101 0.00285592 -0.00434779 -0.0048372 0.0200495
internal_weight=113 55 58 17 38 44 14 20 18 15 31 25 10
internal_count=113 55 58 17 38 44 14 20 18 15 31 25 10
is_linear=0
shrinkage=0.03


Tree=29
num_leaves=13
num_cat=0
split_feature=5 1 6 5 6 5 3 6 3 2 3 5
split_gain=8.0712 1.4061 0.763418 0.412895 0.359851 0.31024 0.0391219 0.0318476 0.0264034 0.0255961 0.00877429 0.00653199
threshold=24.800000000000001 7.0000000000000009 85.600000000000009 15.800000000000002 24.900000000000002 43.900000000000013 4.7500000000000009 17.000000000000004 4.4500000000000011 3.4500000000000006 4.7500000000000009 31.700000000000003
decision_type=2 2 2 2 2 2 2 2 2 2 2 2
left_child=1 3 5 -1 7 8 9 -3 -2 -6 -7 -10
right_child=2 4 -4 -5 6 10 -8 -9 11 -11 -12 -13
leaf_value=0.019475382776821357 -0.0019189967449393965 0.0099282089784377935 -0.015378148713532616 0.0089900609602530795 0.0041953826354195652 -0.0067156845675064962 -3.5370546034895293e-06 0.0061482549393001738 -0.0037628339829159441 0.0012780231757589231 -0.010629423127642699 -0.0056910371914750246
leaf_weight=10.000000000000002 5.9999999999999991 8.0000000000000018 9.9999999999999982 6.9999999999999991 7.0000000000000027 4.9999999999999991 4.9999999999999991 9.9999999999999982 14.000000000000002 7.9999999999999991 10.999999999999998 11.999999999999998
leaf_count=10 6 8 10 7 7 5 5 10 14 8 11 12
internal_value=0 0.0082277 -0.00778503 0.0153998 0.00491601 -0.00611477 0.00201327 0.00800129 -0.00427828 0.00277543 -0.00959698 -0.00474668
internal_weight=113 55 58 17 38 48 20 18 32 15 16 26
internal_count=113 55 58 17 38 48 20 18 32 15 16 26
is_linear=0
shrinkage=0.03


Tree=30
num_leaves=15
num_cat=0
split_feature=5 1 5 5 6 2 3 5 3 6 2 1 9 6
split_gain=7.61093 1.32397 0.723531 0.38728 0.338843 0.19857 0.117476 0.0647313 0.0371335 0.0299796 0.0238661 0.00807499 0.00557193 0.000516026
threshold=24.800000000000001 7.0000000000000009 50.100000000000009 15.800000000000002 24.900000000000002 3.6500000000000008 5.2500000000000009 42.600000000000009 4.7500000000000009 17.400000000000002 3.4500000000000006 18.000000000000004 0.23212307692307693 37.600000000000001
decision_type=2 2 2 2 2 2 2 2 2 2 2 2 2 2
left_child=1 3 6 12 9 -4 7 11 10 -3 -6 13 -1 -2
right_child=2 4 5 -5 8 -7 -8 -9 -10 -11 -12 -13 -14 -15
leaf_value=0.014852470457553855 -0.0016637868744631601 0.0090731022999222758 -0.0097372617265757393 0.0087278510630130774 0.0040730172488838414 -0.017801726546979719 -0.0086199472196724115 -0.0069718439386385238 -3.4350640355394275e-06 0.0053163229906931517 0.0012406175920921492 -0.0043967148974271763 0.021937199879724239 -0.0032777663196126611
leaf_weight=5.0000000000000018 7.0000000000000018 11.000000000000002 9.9999999999999982 6.9999999999999991 7.0000000000000027 5.9999999999999991 8.9999999999999982 7.9999999999999991 4.9999999999999991 6.9999999999999991 7.9999999999999991 10.999999999999998 5 7
leaf_count=5 7 11 10 7 7 6 9 8 5 7 8 11 5 7
internal_value=0 0.00798957 -0.00755989 0.0149504 0.00477427 -0.0130365 -0.00538614 -0.00441239 0.0019545 0.00776903 0.00269729 -0.00348502 0.0189026 -0.00261121
internal_weight=113 55 58 17 38 16 42 33 20 18 15 25 10 14
internal_count=113 55 58 17 38 16 42 33 20 18 15 25 10 14
is_linear=0
shrinkage=0.03


Tree=31
num_leaves=14
num_cat=0
split_feature=5 1 6 5 6 5 3 6 3 2 3 5 9
split_gain=7.18128 1.24896 0.687241 0.364502 0.319008 0.273681 0.035252 0.0280036 0.0245872 0.0222427 0.0078284 0.00569947 0.00348979
threshold=24.800000000000001 7.0000000000000009 85.600000000000009 15.800000000000002 24.900000000000002 43.900000000000013 4.7500000000000009 17.000000000000004 4.4500000000000011 3.4500000000000006 4.7500000000000009 31.700000000000003 0.23212307692307693
decision_type=2 2 2 2 2 2 2 2 2 2 2 2 2
left_child=1 3 5 12 7 8 9 -3 -2 -6 -7 -10 -1
right_child=2 4 -4 -5 6 10 -8 -9 11 -11 -12 -13 -14
leaf_value=0.014424033990273101 -0.0017496246910623965 0.0093720731920585373 -0.014551156443708083 0.0084732886279622714 0.0039542209698508165 -0.0062729890214709124 -3.3358996734022929e-06 0.0057779135861817524 -0.0035330531189978953 0.0012043068502325476 -0.010017331176038299 -0.005378570733133887 0.021304396408108561
leaf_weight=5.0000000000000018 5.9999999999999991 8.0000000000000018 9.9999999999999982 6.9999999999999991 7.0000000000000027 4.9999999999999991 4.9999999999999991 9.9999999999999982 14.000000000000002 7.9999999999999991 10.999999999999998 11.999999999999998 5
leaf_count=5 6 8 10 7 7 5 5 10 14 8 11 12 5
internal_value=0 0.00776104 -0.00734314 0.014523 0.00463649 -0.00575621 0.00189744 0.00754317 -0.00402595 0.00262143 -0.00903171 -0.00447664 0.0183616
internal_weight=113 55 58 17 38 48 20 18 32 15 16 26 10
internal_count=113 55 58 17 38 48 20 18 32 15 16 26 10
is_linear=0
shrinkage=0.03


Tree=32
num_leaves=13
num_cat=0
split_feature=5 5 5 1 1 2 3 1 3 2 9 5
split_gain=6.77462 1.1782 0.647569 0.391395 0.213965 0.185007 0.103793 0.0573542 0.0538699 0.0189769 0.0103308 0.00722073
threshold=24.800000000000001 14.800000000000002 50.100000000000009 7.0000000000000009 10.000000000000002 3.6500000000000008 5.2500000000000009 18.000000000000004 4.7500000000000009 3.4500000000000006 0.56285714285714283 42.600000000000009
decision_type=2 2 2 2 2 2 2 2 2 2 2 2
left_child=1 3 6 -1 -3 -4 7 10 9 -6 -2 -9
right_child=2 4 5 -5 8 -7 -8 11 -10 -11 -12 -13
leaf_value=0.017836134915842728 -0.0011893944224963587 0.0075568130746728086 -0.009135943620520481 0.0084183736743769881 0.0043756307289004289 -0.016906325432562059 -0.0081219746593547901 -0.0041477409810093888 -3.2396474853157833e-06 0.0019470256391693563 -0.0033937283356984447 -0.0065661870833577185
leaf_weight=10 6.9999999999999982 11.999999999999998 9.9999999999999982 9 9.0000000000000053 5.9999999999999991 8.9999999999999982 11.000000000000002 4.9999999999999991 9.9999999999999982 7 7.9999999999999991
leaf_count=10 7 12 10 9 9 6 9 11 5 10 7 8
internal_value=0 0.0075393 -0.007131 0.0135874 0.00424839 -0.0123152 -0.00507152 -0.00415048 0.00248341 0.00320914 -0.00242947 -0.00530195
internal_weight=113 55 58 19 36 16 42 33 24 19 14 19
internal_count=113 55 58 19 36 16 42 33 24 19 14 19
is_linear=0
shrinkage=0.03


Tree=33
num_leaves=14
num_cat=0
split_feature=5 1 6 5 6 5 3 6 3 2 9 3 5
split_gain=6.38907 1.1127 0.618586 0.319844 0.285034 0.24129 0.0313306 0.0248881 0.0227844 0.0195344 0.00731015 0.00693607 0.00538253
threshold=24.800000000000001 7.0000000000000009 85.600000000000009 15.800000000000002 24.900000000000002 43.900000000000013 4.7500000000000009 17.000000000000004 4.4500000000000011 3.4500000000000006 0.23212307692307693 4.7500000000000009 31.700000000000003
decision_type=2 2 2 2 2 2 2 2 2 2 2 2 2
left_child=1 3 5 10 7 8 9 -3 -2 -6 -1 -7 -10
right_child=2 4 -4 -5 6 11 -8 -9 12 -11 -12 -13 -14
leaf_value=0.01349345188874464 -0.001595337881796783 0.0088576814505021712 -0.013769025171504303 0.0080057439580559723 0.0037112668886159837 -0.0058581516977686144 -3.1462913522353378e-06 0.005429825366967741 -0.0033089939428781953 0.0011120727097206728 0.02017534248817425 -0.0094401644596031741 -0.0050922031853286951
leaf_weight=5.0000000000000018 5.9999999999999991 8.0000000000000018 9.9999999999999982 6.9999999999999991 7.0000000000000027 4.9999999999999991 4.9999999999999991 9.9999999999999982 14.000000000000002 7.9999999999999991 5 10.999999999999998 11.999999999999998
leaf_count=5 6 8 10 7 7 5 5 10 14 8 5 11 12
internal_value=0 0.00731993 -0.0069268 0.0137046 0.00436756 -0.005419 0.00177345 0.00711633 -0.00378893 0.00245659 0.0173115 -0.00849952 -0.00422185
internal_weight=113 55 58 17 38 48 20 18 32 15 10 16 26
internal_count=113 55 58 17 38 48 20 18 32 15 10 16 26
is_linear=0
shrinkage=0.03


Tree=34
num_leaves=14
num_cat=0
split_feature=5 1 6 5 6 5 1 3 6 3 2 9 5
split_gain=6.02765 1.04961 0.582411 0.300942 0.268377 0.160169 0.0579002 0.0297603 0.0231602 0.0197914 0.0181822 0.00527772 0.00320349
threshold=24.800000000000001 7.0000000000000009 76.800000000000026 15.800000000000002 24.900000000000002 43.900000000000013 30.000000000000004 4.7500000000000009 17.400000000000002 4.4500000000000011 3.4500000000000006 0.23212307692307693 31.700000000000003
decision_type=2 2 2 2 2 2 2 2 2 2 2 2 2
left_child=1 3 5 11 8 9 -4 10 -3 -2 -6 -1 -11
right_child=2 4 6 -5 7 -7 -8 -9 -10 12 -12 -13 -14
leaf_value=0.013104218141390721 -0.0015490217290578341 0.0080839517313454814 -0.0093608679640583888 0.0077722430725892383 0.0036030216018358846 -0.0078294600038365889 -0.015109926615991897 -3.0555196392994499e-06 0.0046836323213453089 -0.0032111222569791353 0.0010795242430233375 0.01959336154736005 -0.004911942422789123
leaf_weight=5.0000000000000018 6.0000000000000027 11.000000000000002 7.9999999999999982 6.9999999999999991 7.0000000000000027 12.999999999999998 6 4.9999999999999991 6.9999999999999991 14.000000000000002 7.9999999999999991 5 10.999999999999998
leaf_count=5 6 11 8 7 7 13 6 5 7 14 8 5 11
internal_value=0 0.00711101 -0.00672689 0.0133132 0.00424189 -0.00493359 -0.0121085 0.00172168 0.00691002 -0.00362871 0.00238775 0.0168164 -0.00405205
internal_weight=113 55 58 17 38 44 14 20 18 31 15 10 25
internal_count=113 55 58 17 38 44 14 20 18 31 15 10 25
is_linear=0
shrinkage=0.03


Tree=35
num_leaves=15
num_cat=0
split_feature=5 1 6 5 6 5 3 9 3 2 9 3 9 5
split_gain=5.68712 0.990137 0.552441 0.283128 0.252651 0.212508 0.0282738 0.0240548 0.0198723 0.0169141 0.0159685 0.00645097 0.00340712 0.00147443
threshold=24.800000000000001 7.0000000000000009 85.600000000000009 15.800000000000002 24.900000000000002 43.900000000000013 4.7500000000000009 0.23212307692307693 4.8500000000000005 3.4500000000000006 0.40879120879120889 4.7500000000000009 0.23212307692307693 29.200000000000006
decision_type=2 2 2 2 2 2 2 2 2 2 2 2 2 2
left_child=1 3 5 12 7 8 9 -3 13 -6 -10 -7 -1 -2
right_child=2 4 -4 -5 6 11 -8 -9 10 -11 -12 -13 -14 -15
leaf_value=0.012726211158128879 -0.0015221882176895936 0.0083997513535546079 -0.013004189589444329 0.0075455527007579791 0.0034979335063447534 -0.0054633167758584011 -2.9673968226863625e-06 0.005071881092427408 -0.0023007756643570383 0.0010479284464892727 -0.0052779246740309255 -0.008903622153614248 0.019028168161614577 -0.0030899725352292475
leaf_weight=5.0000000000000018 6.9999999999999991 8.0000000000000018 9.9999999999999982 6.9999999999999991 7.0000000000000027 4.9999999999999991 4.9999999999999991 9.9999999999999982 4.9999999999999991 7.9999999999999991 10.999999999999998 10.999999999999998 5 8.9999999999999982
leaf_count=5 7 8 10 7 7 5 5 10 5 8 11 11 5 9
internal_value=0 0.00690805 -0.00653328 0.0129332 0.00411973 -0.00510569 0.00167142 0.0067094 -0.00357032 0.00232093 -0.00448005 -0.00800184 0.0163356 -0.00252392
internal_weight=113 55 58 17 38 48 20 18 32 15 16 16 10 16
internal_count=113 55 58 17 38 48 20 18 32 15 16 16 10 16
is_linear=0
shrinkage=0.03


Tree=36
num_leaves=13
num_cat=0
split_feature=5 5 5 1 2 1 3 1 3 2 9 5
split_gain=5.36664 0.941128 0.521034 0.300887 0.169241 0.165188 0.0837359 0.0469693 0.0433957 0.0143771 0.0103826 0.0038339
threshold=24.800000000000001 14.800000000000002 50.100000000000009 7.0000000000000009 3.6500000000000008 10.000000000000002 5.2500000000000009 18.000000000000004 4.7500000000000009 3.4500000000000006 0.56285714285714283 42.600000000000009
decision_type=2 2 2 2 2 2 2 2 2 2 2 2
left_child=1 3 6 -1 -4 -3 7 10 9 -7 -2 -9
right_child=2 5 4 -5 -6 8 -8 11 -10 -11 -12 -13
leaf_value=0.015868590107351976 -0.00089385298313573015 0.0066791569374379566 -0.007994882994714906 0.0075373301225835848 -0.0153515655283005 0.0038905282225459789 -0.0072460803551518413 -0.0036722899268248239 -2.8817617119504694e-06 0.0017144226958386271 -0.0030169468248883876 -0.0058119814461324278
leaf_weight=10 6.9999999999999982 11.999999999999998 9.9999999999999982 9 5.9999999999999991 9.0000000000000053 8.9999999999999982 11.000000000000002 4.9999999999999991 9.9999999999999982 7 7.9999999999999991
leaf_count=10 7 12 10 9 6 9 9 11 5 10 7 8
internal_value=0 0.00671112 -0.006346 0.01212 -0.0110017 0.00376383 -0.00449312 -0.003658 0.00220103 0.00285312 -0.00208857 -0.00470249
internal_weight=113 55 58 19 16 36 42 33 24 19 14 19
internal_count=113 55 58 19 16 36 42 33 24 19 14 19
is_linear=0
shrinkage=0.03


Tree=37
num_leaves=12
num_cat=0
split_feature=5 5 6 1 5 1 3 3 2 3 5
split_gain=5.06183 0.886264 0.496685 0.282251 0.186891 0.155199 0.0411554 0.0190572 0.0132774 0.00561001 0.0038245
threshold=24.800000000000001 14.800000000000002 85.600000000000009 7.0000000000000009 43.900000000000013 10.000000000000002 4.7500000000000009 4.4500000000000011 3.4500000000000006 4.7500000000000009 31.700000000000003
decision_type=2 2 2 2 2 2 2 2 2 2 2
left_child=1 3 4 -1 7 -3 8 -2 -7 -6 -9
right_child=2 5 -4 -5 9 6 -8 10 -10 -11 -12
leaf_value=0.015401866891804863 -0.0013394331911038007 0.0064820670006705116 -0.012304425186970655 0.007316125751594486 -0.0051002867921040602 0.003776349749254141 -2.7985981880472098e-06 -0.0029224743151014111 0.0016639984830501761 -0.0083898670492427701 -0.0045487013602720904
leaf_weight=10 5.9999999999999991 11.999999999999998 9.9999999999999982 9 4.9999999999999991 9.0000000000000053 4.9999999999999991 14.000000000000002 9.9999999999999982 10.999999999999998 11.999999999999998
leaf_count=10 6 12 10 9 5 9 5 14 10 11 12
internal_value=0 0.00651611 -0.00616479 0.011766 -0.00480883 0.0036542 0.00213639 -0.00336329 0.00277163 -0.00753012 -0.00375929
internal_weight=113 55 58 19 48 36 24 32 19 16 26
internal_count=113 55 58 19 48 36 24 32 19 16 26
is_linear=0
shrinkage=0.03


Tree=38
num_leaves=14
num_cat=0
split_feature=5 5 6 1 5 1 3 5 3 2 9 3 3
split_gain=4.77325 0.834587 0.466792 0.264731 0.175672 0.145802 0.039037 0.0182614 0.0131509 0.0088152 0.00813542 0.00448041 0.00261475
threshold=24.800000000000001 14.800000000000002 85.600000000000009 7.0000000000000009 43.900000000000013 10.000000000000002 4.7500000000000009 29.200000000000006 4.1500000000000012 3.4500000000000006 0.56285714285714283 4.7500000000000009 4.8500000000000005
decision_type=2 2 2 2 2 2 2 2 2 2 2 2 2
left_child=1 3 4 -1 7 -3 8 10 -7 -10 -2 -6 -9
right_child=2 5 -4 -5 11 6 -8 12 9 -11 -12 -13 -14
leaf_value=0.01494887102723998 -0.00079008937693170981 0.0062907929367340002 -0.01194253032698351 0.0071014134804515726 -0.0049531632002729632 0.004110921880891241 -2.7179546081102652e-06 -0.0028077829491509033 0.0030149967685485111 0.00091837669949887738 -0.0029021302033816606 -0.0081426657257335534 -0.0046400306375497689
leaf_weight=10 5.9999999999999982 11.999999999999998 9.9999999999999982 9 4.9999999999999991 6.0000000000000062 4.9999999999999991 9.0000000000000018 4.9999999999999991 7.9999999999999991 6 10.999999999999998 10.999999999999998
leaf_count=10 6 12 10 9 5 6 5 9 5 8 6 11 11
internal_value=0 0.00632684 -0.00598728 0.0114225 -0.00467108 0.00354779 0.00207365 -0.00326682 0.00269252 0.00187187 -0.00199932 -0.00731199 -0.00392574
internal_weight=113 55 58 19 48 36 24 32 19 13 12 16 20
internal_count=113 55 58 19 48 36 24 32 19 13 12 16 20
is_linear=0
shrinkage=0.03


Tree=39
num_leaves=15
num_cat=0
split_feature=5 1 5 5 6 2 3 1 9 2 9 9 2 5
split_gain=4.50287 0.78713 0.443398 0.214779 0.201202 0.156538 0.0700836 0.0409849 0.0264791 0.0228514 0.0151322 0.00987015 0.00230825 0.00159088
threshold=24.800000000000001 7.0000000000000009 50.100000000000009 15.800000000000002 24.900000000000002 3.6500000000000008 5.2500000000000009 18.000000000000004 0.23212307692307693 3.2500000000000004 0.23212307692307693 0.56285714285714283 3.7500000000000004 42.600000000000009
decision_type=2 2 2 2 2 2 2 2 2 2 2 2 2 2
left_child=1 3 6 10 8 -4 7 11 -3 -6 -1 -2 -11 -9
right_child=2 4 5 -5 9 -7 -8 13 -10 12 -12 -13 -14 -15
leaf_value=0.011025859226401029 -0.00071101499799018121 0.0076289496025661128 -0.0072398987346712282 0.0067581235927840072 0.0025959668457305614 -0.014276587347830496 -0.0066347240170706876 -0.0033666068649784251 0.0043641775032943657 0 0.017146029492410328 -0.0027458372091253595 0.00082575699314475044 -0.005304450844300956
leaf_weight=5.0000000000000018 6.9999999999999982 8.0000000000000018 9.9999999999999982 6.9999999999999991 9.0000000000000018 5.9999999999999991 8.9999999999999982 11.000000000000002 9.9999999999999982 5.9999999999999982 5 7 5 7.9999999999999991
leaf_count=5 7 8 10 7 9 6 9 11 10 6 5 7 5 8
internal_value=0 0.00614425 -0.00581603 0.0115205 0.0036521 -0.0101149 -0.00410264 -0.00333108 0.00596549 0.00145733 0.0145092 -0.0018584 0.000362077 -0.00430742
internal_weight=113 55 58 17 38 16 42 33 18 20 10 14 11 19
internal_count=113 55 58 17 38 16 42 33 18 20 10 14 11 19
is_linear=0
shrinkage=0.03


Tree=40
num_leaves=15
num_cat=0
split_feature=5 5 6 1 1 5 2 3 3 26 2 1 3 8
split_gain=4.25066 0.746875 0.420215 0.2302 0.127839 0.107123 0.0488235 0.0402321 0.0362439 0.0208485 0.0104692 0.00372728 0.000870558 0.000182053
threshold=24.800000000000001 14.800000000000002 76.800000000000026 7.0000000000000009 10.000000000000002 42.600000000000009 3.3500000000000001 4.6500000000000012 4.7500000000000009 1.0000000180025095e-35 3.4500000000000006 22.000000000000004 4.4500000000000011 15.72916666666667
decision_type=2 2 2 2 2 2 2 2 2 2 2 2 2 2
left_child=1 3 5 -1 13 9 -4 -7 10 12 -6 -9 -2 -3
right_child=2 4 6 -5 8 7 -8 11 -10 -11 -12 -13 -14 -15
leaf_value=0.01409490549169919 -0.0010930404915975821 0.0070948172576965826 -0.0070354021460779246 0.0067329851635662156 0.003464380030307673 -0.003146413839780367 -0.012214326429657821 -0.0054487947590889469 -4.2120975155669894e-05 -0.0049185275644637065 0.001526706633705865 -0.008979605149764279 -0.0025535728254836502 0.004294751501011271
leaf_weight=10 5.0000000000000062 5.9999999999999982 5.9999999999999991 9 9.0000000000000053 4.9999999999999991 7.9999999999999991 5.9999999999999982 4.9999999999999991 4.9999999999999991 9.9999999999999982 5 18 6
leaf_count=10 5 6 6 9 9 5 8 6 5 5 10 5 18 6
internal_value=0 0.00597015 -0.00565034 0.0107923 0.00333815 -0.0041193 -0.0102308 -0.00616283 0.00195147 -0.00286295 0.0025492 -0.00731933 -0.00231288 0.00591109
internal_weight=113 55 58 19 36 44 14 16 24 28 19 11 23 12
internal_count=113 55 58 19 36 44 14 16 24 28 19 11 23 12
is_linear=0
shrinkage=0.03


Tree=41
num_leaves=14
num_cat=0
split_feature=5 5 6 1 5 1 3 5 3 9 2 3 3
split_gain=4.0118 0.702855 0.39644 0.215796 0.145535 0.120499 0.0343891 0.0165338 0.0103061 0.00816326 0.00686887 0.00261504 0.00184789
threshold=24.800000000000001 14.800000000000002 85.600000000000009 7.0000000000000009 43.900000000000013 10.000000000000002 4.7500000000000009 29.200000000000006 4.1500000000000012 0.56285714285714283 3.4500000000000006 4.7500000000000009 4.8500000000000005
decision_type=2 2 2 2 2 2 2 2 2 2 2 2 2
left_child=1 3 4 -1 7 -3 8 9 -7 -2 -10 -6 -9
right_child=2 5 -4 -5 11 6 -8 12 10 -11 -12 -13 -14
leaf_value=0.013680349719874998 -0.00060629427132587285 0.0057430494747689517 -0.010985568025532893 0.0065353867890434745 -0.0044993574415835048 0.0037685607565987448 -4.0905905457643348e-05 -0.0025617202950398549 0.0027532080126156169 -0.0026580135644443566 0.00083775012174666663 -0.0074471520845379151 -0.0042774758182349609
leaf_weight=10 5.9999999999999982 11.999999999999998 9.9999999999999982 9 4.9999999999999991 6.0000000000000062 4.9999999999999991 9.0000000000000018 4.9999999999999991 6 7.9999999999999991 10.999999999999998 10.999999999999998
leaf_count=10 6 12 10 9 5 6 5 9 5 6 8 11 11
internal_value=0 0.00579835 -0.00549092 0.0104774 -0.00427425 0.0032432 0.00189416 -0.00298802 0.00247663 -0.00178186 0.00171865 -0.00668548 -0.00361265
internal_weight=113 55 58 19 48 36 24 32 19 12 13 16 20
internal_count=113 55 58 19 48 36 24 32 19 12 13 16 20
is_linear=0
shrinkage=0.03


Tree=42
num_leaves=14
num_cat=0
split_feature=5 5 5 1 2 1 3 1 3 9 3 2 8
split_gain=3.78499 0.661503 0.373318 0.202259 0.143715 0.11299 0.0596775 0.0363332 0.0327106 0.00942079 0.00941041 0.0063232 0.000591114
threshold=24.800000000000001 14.800000000000002 50.100000000000009 7.0000000000000009 3.6500000000000008 10.000000000000002 5.2500000000000009 18.000000000000004 4.7500000000000009 0.56285714285714283 4.1500000000000012 3.4500000000000006 15.72916666666667
decision_type=2 2 2 2 2 2 2 2 2 2 2 2 2
left_child=1 3 6 -1 -4 12 7 9 10 -2 -7 -12 -3
right_child=2 5 4 -5 -6 8 -8 -9 -10 -11 11 -13 -14
leaf_value=0.013277986680760101 -0.00054468767819344083 0.006722105027687165 -0.0065416142640306674 0.0063435874114055983 -0.013254106775406869 0.0036591508551951329 -0.0061042299154012106 -0.0039576598389248832 -3.9725916173595631e-05 -0.0024979464119921123 0.0026737885418025636 0.00081323059832268379 0.0040033313729650058
leaf_weight=10 6.9999999999999982 5.9999999999999982 9.9999999999999982 9 5.9999999999999991 6.0000000000000062 8.9999999999999982 19 4.9999999999999991 7 4.9999999999999991 7.9999999999999991 6
leaf_count=10 7 6 10 9 6 6 9 19 5 7 5 8 6
internal_value=0 0.00563128 -0.00533424 0.0101717 -0.00928395 0.00315055 -0.00375718 -0.00303898 0.00184101 -0.00164838 0.00240932 0.00167214 0.00557358
internal_weight=113 55 58 19 16 36 42 33 24 14 19 13 12
internal_count=113 55 58 19 16 36 42 33 24 14 19 13 12
is_linear=0
shrinkage=0.03


Tree=43
num_leaves=16
num_cat=0
split_feature=5 5 6 1 1 5 1 3 3 26 3 2 2 6 1
split_gain=3.57162 0.62216 0.356247 0.189538 0.10633 0.0891776 0.0451154 0.0356471 0.0311204 0.0200493 0.00857438 0.0072542 0.00581259 0.00564255 0.00262963
threshold=24.800000000000001 14.800000000000002 76.800000000000026 7.0000000000000009 10.000000000000002 42.600000000000009 30.000000000000004 4.6500000000000012 4.7500000000000009 1.0000000180025095e-35 4.1500000000000012 3.3500000000000001 3.4500000000000006 41.600000000000001 22.000000000000004
decision_type=2 2 2 2 2 2 2 2 2 2 2 2 2 2 2
left_child=1 3 5 -1 -3 9 -4 -7 10 11 -6 -2 -12 -13 -9
right_child=2 4 6 -5 8 7 -8 14 -10 -11 12 13 -14 -15 -16
leaf_value=0.012887457530288133 -0.0029393895887567271 0.0054153382930557294 -0.007047758658484715 0.0061574167171088235 0.0035529173886583655 -0.0027930633315386678 -0.011974852998410499 -0.0049693976294609811 -3.8579986430704573e-05 -0.0046044885152234476 0.0025966599304229022 -0.00033335065014750484 0.00078942870721220981 -0.0019651555277622962 -0.0082740412996365458
leaf_weight=10 9.0000000000000053 11.999999999999998 7.9999999999999982 9 6.0000000000000062 4.9999999999999991 6 5.9999999999999982 4.9999999999999991 4.9999999999999991 4.9999999999999991 5.9999999999999991 7.9999999999999991 7.9999999999999991 5
leaf_count=10 9 12 8 9 6 5 6 6 5 5 5 6 8 8 5
internal_value=0 0.00547049 -0.00518147 0.00987502 0.00306272 -0.00376756 -0.00940392 -0.00563946 0.0017894 -0.0026123 0.00234396 -0.0020786 0.00162697 -0.00138599 -0.00672636
internal_weight=113 55 58 19 36 44 14 16 24 28 19 23 13 14 11
internal_count=113 55 58 19 36 44 14 16 24 28 19 23 13 14 11
is_linear=0
shrinkage=0.03


Tree=44
num_leaves=16
num_cat=0
split_feature=5 1 6 23 5 5 6 5 9 2 9 3 26 3 5
split_gain=3.37192 0.585631 0.337662 0.165484 0.15313 0.12116 0.110995 0.0281635 0.027302 0.0225633 0.0162527 0.015121 0.00346865 0.000839428 0.000501221
threshold=24.800000000000001 7.0000000000000009 85.600000000000009 1.0000000180025095e-35 15.800000000000002 43.900000000000013 24.900000000000002 19.500000000000004 0.23212307692307693 3.6500000000000008 0.23212307692307693 4.4500000000000011 1.0000000180025095e-35 4.7500000000000009 36.70000000000001
decision_type=2 2 2 2 2 2 2 2 2 2 2 2 2 2 2
left_child=1 4 5 6 8 11 10 -8 -1 -9 -3 -2 14 -7 -13
right_child=2 3 -4 -5 -6 13 7 9 -10 -11 -12 12 -14 -15 -16
leaf_value=0.0091518239447703677 -0.00092816811355371628 0.0058010132718951477 -0.010113920569419862 0.0077556963625454124 0.0058555602592726547 -0.0040984925785316866 0.002521756417476212 -0.0012508485768921674 0.015095450568657652 0.0011206220711270966 0.0027509612916037434 -0.0021140449644161353 -0.004471666728361294 -0.0068115765947316378 -0.0035870401705465002
leaf_weight=5.0000000000000018 5.9999999999999991 5.9999999999999982 9.9999999999999982 5.9999999999999991 6.9999999999999991 4.9999999999999991 5.0000000000000027 6.9999999999999982 5 7 7 15.000000000000005 4.9999999999999991 10.999999999999998 5.9999999999999991
leaf_count=5 6 6 10 6 7 5 5 7 5 7 7 15 5 11 6
internal_value=0 0.00531304 -0.00503684 0.00315534 0.00995615 -0.00391042 0.00220338 0.000634141 0.0125084 0 0.00433888 -0.00272921 -0.00307732 -0.0061174 -0.00263553
internal_weight=113 55 58 38 17 48 32 19 10 14 13 32 26 16 21
internal_count=113 55 58 38 17 48 32 19 10 14 13 32 26 16 21
is_linear=0
shrinkage=0.03


Tree=45
num_leaves=15
num_cat=0
split_feature=5 5 6 1 5 1 3 5 9 2 8 8 3 9
split_gain=3.18412 0.556363 0.317014 0.164517 0.113632 0.0938881 0.0277312 0.0148894 0.00824124 0.00673077 0.00249221 0.00124372 0.00107959 0.000205871
threshold=24.800000000000001 14.800000000000002 85.600000000000009 7.0000000000000009 43.900000000000013 10.000000000000002 4.7500000000000009 29.200000000000006 0.56285714285714283 3.4500000000000006 8.4375000000000018 15.72916666666667 4.8500000000000005 0.53956923076923091
decision_type=2 2 2 2 2 2 2 2 2 2 2 2 2 2
left_child=1 3 4 -1 7 11 9 8 -2 -7 -4 -3 -9 -6
right_child=2 5 10 -5 13 6 -8 12 -10 -11 -12 -13 -14 -15
leaf_value=0.012151836869032942 -0.0003795585473398528 0.0061997274093089569 -0.0072949338245850348 0.0058370701142627249 -0.0039784306165977163 0.0029821282023887894 -2.8748110724756332e-05 -0.0022692715654493829 -0.002360095399762353 0.0013144746485768872 -0.011671953516510816 0.0035907224127121498 -0.0038466501281696503 -0.0066117307490536148
leaf_weight=10 5.9999999999999982 5.9999999999999982 4.9999999999999982 9 4.9999999999999991 9.0000000000000053 4.9999999999999991 9.0000000000000018 6 9.9999999999999982 5 6 10.999999999999998 10.999999999999998
leaf_count=10 6 6 5 9 5 9 5 9 6 10 5 6 11 11
internal_value=0 0.00516385 -0.00489369 0.00933072 -0.00380052 0.00288383 0.00168156 -0.00265359 -0.00151523 0.00220538 -0.00981645 0.00509843 -0.00324058 -0.00594069
internal_weight=113 55 58 19 48 36 24 32 12 19 10 12 20 16
internal_count=113 55 58 19 48 36 24 32 12 19 10 12 20 16
is_linear=0
shrinkage=0.03


Tree=46
num_leaves=15
num_cat=0
split_feature=5 5 6 2 5 1 2 3 5 9 2 8 3 8
split_gain=3.00585 0.523497 0.298683 0.156778 0.106582 0.0884885 0.0578449 0.0263362 0.0137042 0.00762711 0.00613363 0.00143364 0.000702803 0.000693312
threshold=24.800000000000001 14.800000000000002 85.600000000000009 3.2500000000000004 43.900000000000013 10.000000000000002 3.5500000000000003 4.7500000000000009 29.200000000000006 0.56285714285714283 3.4500000000000006 8.4375000000000018 4.8500000000000005 15.72916666666667
decision_type=2 2 2 2 2 2 2 2 2 2 2 2 2 2
left_child=1 3 4 -1 8 13 -5 10 9 -2 -7 -4 -10 -3
right_child=2 5 11 6 -6 7 -8 -9 12 -11 -12 -13 -14 -15
leaf_value=0.013978966107735257 -0.00036853906878780935 0.0060197353579344286 -0.0070845026637499156 0.0044297578154752649 -0.0057691720897262849 0.002894609155659764 0.0092143529901901871 -2.7918775136081053e-05 -0.0022026733973230551 -0.0022915765318659042 0.0012758136118816979 -0.011335262352457411 -0.0037333113256941683 0.0034864755067974319
leaf_weight=5.0000000000000027 5.9999999999999982 5.9999999999999982 4.9999999999999982 6.9999999999999982 15.999999999999998 9.0000000000000053 7 4.9999999999999991 9.0000000000000018 6 9.9999999999999982 5 10.999999999999998 6
leaf_count=5 6 6 5 7 16 9 7 5 9 6 10 5 11 6
internal_value=0 0.00501567 -0.00475625 0.00905876 -0.00369359 0.00280213 0.00702377 0.00163217 -0.00257983 -0.00147481 0.0021429 -0.00953753 -0.00314741 0.00495398
internal_weight=113 55 58 19 48 36 14 24 32 12 19 10 20 12
internal_count=113 55 58 19 48 36 14 24 32 12 19 10 20 12
is_linear=0
shrinkage=0.03


Tree=47
num_leaves=15
num_cat=0
split_feature=5 1 5 23 5 2 6 3 1 9 5 2 9 9
split_gain=2.8381 0.498571 0.28223 0.149035 0.13028 0.12519 0.0933859 0.0467602 0.0296846 0.0280441 0.0240588 0.0214713 0.0189555 0.00935204
threshold=24.800000000000001 7.0000000000000009 50.100000000000009 1.0000000180025095e-35 15.800000000000002 3.6500000000000008 24.900000000000002 5.2500000000000009 18.000000000000004 0.23212307692307693 19.500000000000004 3.6500000000000008 0.23212307692307693 0.56285714285714283
decision_type=2 2 2 2 2 2 2 2 2 2 2 2 2 2
left_child=1 4 7 6 9 -4 12 8 13 -1 -8 -12 -3 -2
right_child=2 3 5 -5 -6 -7 10 -9 -10 -11 11 -13 -14 -15
leaf_value=0.0082993307480445228 -0.00027897010169302425 0.0054160642744072026 -0.0055215700962306822 0.0072427340188334051 0.0053497982397675507 -0.011743421045041854 0.0022794920994112108 -0.005332129811463149 -0.0034282964918747895 0.014016299039985122 -0.0012705222152483962 0.0010344451169172922 0.0023380486248061054 -0.0021471347380429499
leaf_weight=5.0000000000000018 6.9999999999999982 5.9999999999999982 9.9999999999999982 5.9999999999999991 6.9999999999999991 5.9999999999999991 5.0000000000000027 8.9999999999999982 19 5 6.9999999999999982 7 7 7
leaf_count=5 7 6 10 6 7 6 5 9 19 5 7 7 7 7
internal_value=0 0.00487377 -0.00462158 0.00287885 0.00916045 -0.00806353 0.00197414 -0.00324282 -0.00259913 0.0115237 0.000528834 -1.40673e-05 0.00393284 -0.00133577
internal_weight=113 55 58 38 17 16 32 42 33 10 19 14 13 14
internal_count=113 55 58 38 17 16 32 42 33 10 19 14 13 14
is_linear=0
shrinkage=0.03


Tree=48
num_leaves=16
num_cat=0
split_feature=5 1 6 23 5 5 8 24 4 2 9 3 26 9 5
split_gain=2.67998 0.469978 0.269145 0.140066 0.122339 0.0939051 0.0881918 0.0493876 0.0890554 0.0397955 0.0253733 0.0133159 0.00448153 0.00164239 0.000640752
threshold=24.800000000000001 7.0000000000000009 85.600000000000009 1.0000000180025095e-35 15.800000000000002 43.900000000000013 15.72916666666667 1.0000000180025095e-35 108.50000000000001 3.2500000000000004 0.23212307692307693 4.4500000000000011 1.0000000180025095e-35 0.53956923076923091 36.70000000000001
decision_type=2 2 2 2 2 2 2 2 2 2 2 2 2 2 2
left_child=1 4 5 6 10 11 9 8 -8 -3 -1 -2 14 -7 -13
right_child=2 3 -4 -5 -6 13 7 -9 -10 -11 -12 12 -14 -15 -16
leaf_value=0.008059927216516086 -0.00073837398070721863 0.0018418511290413638 -0.0090321656009730179 0.0070324609813190268 0.0051937624067068091 -0.0035262316388273637 0.0066274859507878588 0.00050188098532649185 0.00096038699293365818 -0.0011919630684594556 0.013611982863826247 -0.0018256100123797191 -0.0041257220076826896 -0.0060859248827078516 -0.0032088218413053016
leaf_weight=5.0000000000000018 5.9999999999999991 6.9999999999999991 9.9999999999999982 5.9999999999999991 6.9999999999999991 4.9999999999999991 7.0000000000000018 4.9999999999999991 5 7.9999999999999991 5 15.000000000000005 4.9999999999999991 10.999999999999998 5.9999999999999991
leaf_count=5 6 7 10 6 7 5 7 5 5 8 5 15 5 11 6
internal_value=0 0.0047373 -0.00448973 0.0027987 0.00890052 -0.00347872 0.00191953 0.0033908 0.0044436 0.000130739 0.0111955 -0.00242781 -0.00275182 -0.00543202 -0.00231811
internal_weight=113 55 58 38 17 48 32 17 12 15 10 32 26 16 21
internal_count=113 55 58 38 17 48 32 17 12 15 10 32 26 16 21
is_linear=0
shrinkage=0.03


Tree=49
num_leaves=16
num_cat=0
split_feature=5 1 6 23 3 3 6 5 1 3 5 2 9 26 1
split_gain=2.53124 0.443038 0.253061 0.131631 0.120246 0.0850823 0.0839462 0.0610991 0.0376285 0.0294329 0.0218238 0.0206123 0.0174181 0.0169912 0.00376551
threshold=24.800000000000001 7.0000000000000009 76.800000000000026 1.0000000180025095e-35 3.8500000000000001 4.1500000000000012 24.900000000000002 42.600000000000009 30.000000000000004 4.6500000000000012 19.500000000000004 3.5500000000000003 0.23212307692307693 1.0000000180025095e-35 22.000000000000004
decision_type=2 2 2 2 2 2 2 2 2 2 2 2 2 2 2
left_child=1 4 7 6 -1 -6 12 13 -4 -9 -8 -12 -3 -2 -11
right_child=2 3 8 -5 5 -7 10 9 -10 14 11 -13 -14 -15 -16
leaf_value=0.012937594503164283 -0.0016961044769991057 0.0051486772190659277 -0.0058065250316044186 0.0068282927813068505 0.0038649068827119968 0.00973937025436988 0.0021606072898094457 -0.00215313370554493 -0.01024606380251146 -0.0040787890168928337 -0.001625605084073658 0.00072350092677642478 0.002185704950243234 -0.0040067108462636288 -0.007133897262123913
leaf_weight=5.0000000000000027 23.000000000000004 5.9999999999999982 7.9999999999999982 5.9999999999999991 6.9999999999999982 5 5.0000000000000027 4.9999999999999991 6 5.9999999999999982 4.9999999999999991 8.9999999999999982 7 4.9999999999999991 5
leaf_count=5 23 6 8 6 7 5 5 5 6 6 5 9 7 5 5
internal_value=0 0.00460471 -0.00436262 0.00272075 0.00864811 0.00655509 0.00186637 -0.00316212 -0.00793233 -0.00472723 0.000491574 -2.09111e-05 0.00372416 -0.00218739 -0.005704
internal_weight=113 55 58 38 17 12 32 44 14 16 19 14 13 28 11
internal_count=113 55 58 38 17 12 32 44 14 16 19 14 13 28 11
is_linear=0
shrinkage=0.03


Tree=50
num_leaves=16
num_cat=0
split_feature=5 5 6 2 5 1 2 3 3 26 2 9 6 8 8
split_gain=2.39135 0.423632 0.239507 0.132713 0.08307 0.0688422 0.056911 0.0350297 0.0208341 0.0147529 0.00386517 0.01869 0.000993842 0.000696163 0.000557429
threshold=24.800000000000001 14.800000000000002 85.600000000000009 3.2500000000000004 42.600000000000009 10.000000000000002 3.5500000000000003 4.6500000000000012 4.7500000000000009 1.0000000180025095e-35 3.4500000000000006 0.38307692307692315 41.600000000000001 15.72916666666667 8.4375000000000018
decision_type=2 2 2 2 2 2 2 2 2 2 2 2 2 2 2
left_child=1 3 4 -1 9 13 -5 -6 10 12 -7 -12 -2 -3 -4
right_child=2 5 14 6 7 8 -8 -9 -10 -11 11 -13 -14 -15 -16
leaf_value=0.012647867271533371 -0.00083135574745635114 0.0053698087687934605 -0.0062694001054534546 0.0037304529582615942 -0.0020910239991588646 0.0025383344146868436 0.0083607713567713897 -0.0057392334056572177 -1.0311566651440566e-05 -0.0038911325846297229 0.0023895282520411112 0 -0.0019574197785668939 0.003016333760273071 -0.010174936669377178
leaf_weight=5.0000000000000027 7.0000000000000062 5.9999999999999982 4.9999999999999982 6.9999999999999982 5.0000000000000027 9.0000000000000053 7 13.999999999999998 4.9999999999999991 4.9999999999999991 4.9999999999999982 5 17 6 5
leaf_count=5 7 6 5 7 5 9 7 14 5 5 5 5 17 6 5
internal_value=0 0.00447602 -0.00424 0.00811592 -0.00328335 0.0024793 0.0062364 -0.00488909 0.00143622 -0.00215367 0.00189116 0.00112329 -0.00170055 0.00438476 -0.00853045
internal_weight=113 55 58 19 48 36 14 19 24 29 19 10 24 12 10
internal_count=113 55 58 19 48 36 14 19 24 29 19 10 24 12 10
is_linear=0
shrinkage=0.03


Tree=51
num_leaves=15
num_cat=0
split_feature=5 1 5 23 2 5 8 24 4 5 2 3 9 9
split_gain=2.25829 0.401164 0.225768 0.119776 0.111416 0.107751 0.075951 0.0456375 0.0807173 0.0401029 0.0358242 0.0337247 0.024887 0.00838843
threshold=24.800000000000001 7.0000000000000009 50.100000000000009 1.0000000180025095e-35 3.6500000000000008 15.800000000000002 15.72916666666667 1.0000000180025095e-35 108.50000000000001 29.200000000000006 3.2500000000000004 5.2500000000000009 0.23212307692307693 0.56285714285714283
decision_type=2 2 2 2 2 2 2 2 2 2 2 2 2 2
left_child=1 5 9 6 -4 12 10 8 -8 13 -3 -11 -1 -2
right_child=2 3 4 -5 -6 -7 7 -9 -10 11 -12 -13 -14 -15
leaf_value=0.007348411828279491 -9.9853069686721394e-05 0.0017038685184282561 -0.0048161948464043878 0.0064742198850839365 -0.010661332775508204 0.004709307154019674 0.0061843443537751806 0.00033061548136174672 0.00078835954173253121 -0.0027607031533462474 -0.0011799854412674906 -0.0055623074558873971 0.012671445840521928 -0.0019966893354731218
leaf_weight=5.0000000000000018 5.9999999999999982 6.9999999999999991 9.9999999999999982 5.9999999999999991 5.9999999999999991 6.9999999999999991 7.0000000000000018 4.9999999999999991 5 23.000000000000004 7.9999999999999991 6.9999999999999991 5 6
leaf_count=5 6 7 10 6 6 7 7 5 5 23 8 7 5 6
internal_value=0 0.00434943 -0.00412063 0.0025544 -0.00720527 0.00819827 0.0017372 0.00310151 0.00410875 -0.00288141 7.18403e-05 -0.00349659 0.0103533 -0.00118841
internal_weight=113 55 58 38 16 17 32 17 12 42 15 30 10 12
internal_count=113 55 58 38 16 17 32 17 12 42 15 30 10 12
is_linear=0
shrinkage=0.03


Tree=52
num_leaves=16
num_cat=0
split_feature=5 1 6 23 3 3 5 8 24 4 2 3 26 3 3
split_gain=2.13294 0.378156 0.215111 0.112536 0.104569 0.0790253 0.0734334 0.0718382 0.0428157 0.0756801 0.0337689 0.0318252 0.0136186 0.000974712 0.00058218
threshold=24.800000000000001 7.0000000000000009 85.600000000000009 1.0000000180025095e-35 3.8500000000000001 4.1500000000000012 42.600000000000009 15.72916666666667 1.0000000180025095e-35 108.50000000000001 3.2500000000000004 4.6500000000000012 1.0000000180025095e-35 4.4500000000000011 5.0500000000000007
decision_type=2 2 2 2 2 2 2 2 2 2 2 2 2 2 2
left_child=1 4 6 7 -1 -6 12 10 9 -9 -3 -8 13 -2 -15
right_child=2 3 -4 -5 5 -7 11 8 -10 -11 -12 -13 -14 14 -16
leaf_value=0.011977606106262932 -0.00056042208837774998 0.0016541722960149248 -0.0080738097779891084 0.0062862588248906595 0.003423530044965446 0.0090548788311962877 -0.0019273531146777351 0.006003967660168804 0.0003210785304411099 0.00076561837457120405 -0.0011454492471203572 -0.0054193168763123772 -0.0036976286530709607 -0.0020217453099419945 -0.00073589460924267764
leaf_weight=5.0000000000000027 5.0000000000000062 6.9999999999999991 9.9999999999999982 5.9999999999999991 6.9999999999999982 5 5.0000000000000027 7.0000000000000018 4.9999999999999991 5 7.9999999999999991 13.999999999999998 4.9999999999999991 14.000000000000002 4.9999999999999991
leaf_count=5 5 7 10 6 7 5 5 7 5 5 8 14 5 14 5
internal_value=0 0.00422808 -0.00400355 0.00248355 0.00796618 0.00600285 -0.00309448 0.00168934 0.00301624 0.00399261 6.69314e-05 -0.00460815 -0.00202662 -0.00158883 -0.00177268
internal_weight=113 55 58 38 17 12 48 32 17 12 15 19 29 24 19
internal_count=113 55 58 38 17 12 48 32 17 12 15 19 29 24 19
is_linear=0
shrinkage=0.03


Tree=53
num_leaves=15
num_cat=0
split_feature=6 5 6 2 5 1 2 3 5 9 8 9 8 8
split_gain=2.02096 0.368766 0.194167 0.116051 0.0630431 0.0599794 0.0531327 0.024009 0.0216377 0.00995546 0.00793744 0.00720534 8.59994e-05 7.57623e-05
threshold=32.70000000000001 14.800000000000002 85.600000000000009 3.2500000000000004 43.900000000000013 10.000000000000002 3.5500000000000003 4.3500000000000005 25.100000000000005 0.32526896551724144 14.79166666666667 0.40879120879120889 15.72916666666667 8.4375000000000018
decision_type=2 2 2 2 2 2 2 2 2 2 2 2 2 2
left_child=1 3 4 -1 8 12 -5 9 -2 -7 -10 -9 -3 -4
right_child=2 5 13 6 -6 7 -8 11 10 -11 -12 -13 -14 -15
leaf_value=0.011702002252523708 -3.8011311911619585e-05 0.0049232995774476764 -0.0057081159748710126 0.0032900303594457607 -0.0046955056829998893 0.00096197736234619009 0.0077276247274130575 0.00095523014608973075 -0.0028320524692842909 0.003524092059009349 -0.00088446381072012281 -0.00023300438292696318 0.0027303845387312668 -0.0093747142673684981
leaf_weight=5.0000000000000027 5.0000000000000027 5.9999999999999982 4.9999999999999982 6.9999999999999982 15.999999999999998 5.0000000000000018 7 8.9999999999999982 21.000000000000004 5 4.9999999999999991 5.9999999999999991 6 5
leaf_count=5 5 6 5 7 16 5 7 9 21 5 5 6 6 5
internal_value=0 0.00404451 -0.00396563 0.00745716 -0.00308058 0.00222107 0.00569205 0.00127663 -0.00217424 0.00243407 -0.00252438 0.00038444 0.00401253 -0.00783634
internal_weight=113 56 57 19 47 37 14 25 31 10 26 15 12 10
internal_count=113 56 57 19 47 37 14 25 31 10 26 15 12 10
is_linear=0
shrinkage=0.03


Tree=54
num_leaves=16
num_cat=0
split_feature=6 1 6 23 5 8 24 4 3 2 1 9 5 3 5
split_gain=1.90887 0.352275 0.183396 0.111044 0.0949618 0.0784575 0.0403089 0.0680754 0.0394106 0.0355236 0.0304773 0.0241562 0.02246 0.0106708 0.00382121
threshold=32.70000000000001 7.0000000000000009 76.800000000000026 1.0000000180025095e-35 15.800000000000002 15.72916666666667 1.0000000180025095e-35 108.50000000000001 5.2500000000000009 3.2500000000000004 30.000000000000004 0.23212307692307693 25.100000000000005 4.6500000000000012 42.600000000000009
decision_type=2 2 2 2 2 2 2 2 2 2 2 2 2 2 2
left_child=1 4 8 5 11 9 7 -7 12 -3 -4 -1 -2 -11 -14
right_child=2 3 10 -5 -6 6 -8 -9 -10 13 -12 -13 14 -15 -16
leaf_value=0.006697665281020674 -3.6914840770455487e-05 0.0018778540810140279 -0.0049669615815325485 0.0057318731397390365 0.0042672485144188005 0.005691814782718815 0.00022470785663104972 0.00070562047525667203 -0.0047228366606261417 0 -0.0089872571465469155 0.011800320687202305 -0.0019703319443007262 -0.0021148230845581279 -0.003298507561308465
leaf_weight=5.0000000000000018 4.9999999999999991 4.9999999999999991 7.9999999999999982 6.9999999999999991 6.9999999999999991 7.0000000000000018 4.9999999999999991 5 8.9999999999999982 4.9999999999999982 6 5 18.000000000000004 5 10.999999999999998
leaf_count=5 5 5 8 7 7 7 5 5 9 5 6 5 18 5 11
internal_value=0 0.00393178 -0.00385307 0.00228449 0.00755312 0.00145288 0.0028383 0.00378281 -0.00279966 -3.52702e-05 -0.00689789 0.0095774 -0.00222208 -0.00115696 -0.00254463
internal_weight=113 56 57 39 17 32 17 12 43 15 14 10 34 10 29
internal_count=113 56 57 39 17 32 17 12 43 15 14 10 34 10 29
is_linear=0
shrinkage=0.03


Tree=55
num_leaves=16
num_cat=0
split_feature=6 1 6 23 3 8 3 5 24 4 2 5 3 8 9
split_gain=1.80299 0.332191 0.173653 0.104328 0.0908715 0.0742874 0.0733026 0.0558202 0.0378131 0.0637972 0.0335631 0.018689 0.0100061 0.00777993 0.000159837
threshold=32.70000000000001 7.0000000000000009 85.600000000000009 1.0000000180025095e-35 3.8500000000000001 15.72916666666667 4.1500000000000012 43.900000000000013 1.0000000180025095e-35 108.50000000000001 3.2500000000000004 25.100000000000005 4.6500000000000012 14.79166666666667 0.53956923076923091
decision_type=2 2 2 2 2 2 2 2 2 2 2 2 2 2 2
left_child=1 4 7 5 -1 10 -6 11 9 -7 -3 -2 -12 -13 -9
right_child=2 3 -4 -5 6 8 -8 14 -10 -11 12 13 -14 -15 -16
leaf_value=0.011090992201979335 -3.5849968329645074e-05 0.0018236852741728606 -0.0074093292653560645 0.0055646934732794754 0.003024394060485065 0.0055258034914731947 0.0084219424311931298 -0.0027888133305196574 0.00021822591598790421 0.00068526608726152984 0 -0.0026716709937153484 -0.0020538185725812439 -0.00077035426806945065 -0.0049771265579121454
leaf_weight=5.0000000000000027 5.0000000000000027 4.9999999999999991 9.9999999999999982 6.9999999999999991 6.9999999999999982 7.0000000000000018 5 4.9999999999999991 4.9999999999999991 5 4.9999999999999982 21.000000000000004 5 4.9999999999999991 10.999999999999998
leaf_count=5 5 5 10 7 7 7 5 5 5 5 5 21 5 5 11
internal_value=0 0.00382192 -0.00374392 0.00222064 0.0073397 0.00141253 0.00549752 -0.00290418 0.00276069 0.00367616 -3.29317e-05 -0.00204589 -0.00112586 -0.00237196 -0.00442874
internal_weight=113 56 57 39 17 32 12 47 17 12 15 31 10 26 16
internal_count=113 56 57 39 17 32 12 47 17 12 15 31 10 26 16
is_linear=0
shrinkage=0.03


Tree=56
num_leaves=16
num_cat=0
split_feature=6 1 5 2 23 5 8 24 4 2 5 9 8 3 3
split_gain=1.70288 0.313269 0.163925 0.0999727 0.0980076 0.0864388 0.0703476 0.0354652 0.0597755 0.0317125 0.0303245 0.0231788 0.0171084 0.019206 0.00938073
threshold=32.70000000000001 7.0000000000000009 50.100000000000009 3.6500000000000008 1.0000000180025095e-35 15.800000000000002 15.72916666666667 1.0000000180025095e-35 108.50000000000001 3.2500000000000004 25.100000000000005 0.23212307692307693 14.79166666666667 5.2500000000000009 4.6500000000000012
decision_type=2 2 2 2 2 2 2 2 2 2 2 2 2 2 2
left_child=1 5 10 -4 6 11 9 8 -8 -3 -2 -1 13 -12 -11
right_child=2 4 3 -5 -6 -7 7 -9 -10 14 12 -13 -14 -15 -16
leaf_value=0.0062776072781819525 -3.4815867144901001e-05 0.0017710789293050766 -0.0040265197065823223 -0.0095155760020978978 0.0054023899169017868 0.0039871061717470487 0.0053646342704693449 0.00021193093476960288 0.00066549872263119755 0 -0.0025509990816781954 0.011217328738421198 -0.00074813249950798661 -0.0048183686286211013 -0.0019945737832369136
leaf_weight=5.0000000000000018 4.9999999999999991 4.9999999999999991 9.9999999999999982 5.9999999999999991 6.9999999999999991 6.9999999999999991 7.0000000000000018 4.9999999999999991 5 4.9999999999999982 24.000000000000004 5 4.9999999999999991 6.9999999999999991 5
leaf_count=5 5 5 10 6 7 7 7 5 5 5 24 5 5 7 5
internal_value=0 0.0037153 -0.0036375 -0.00626957 0.00215865 0.00713261 0.00137335 0.00268535 0.00357262 -3.06606e-05 -0.00254849 0.00906605 -0.00285405 -0.00313867 -0.00109565
internal_weight=113 56 57 16 39 17 32 17 12 15 41 10 36 31 10
internal_count=113 56 57 16 39 17 32 17 12 15 41 10 36 31 10
is_linear=0
shrinkage=0.03


Tree=57
num_leaves=16
num_cat=0
split_feature=6 1 6 23 3 3 8 3 24 4 2 2 1 3 4
split_gain=1.60858 0.295405 0.155154 0.0920596 0.0837164 0.0685196 0.0666253 0.0334317 0.0332568 0.0559951 0.0299655 0.0274033 0.0180595 0.00879246 0.0059845
threshold=32.70000000000001 7.0000000000000009 76.800000000000026 1.0000000180025095e-35 3.8500000000000001 4.1500000000000012 15.72916666666667 5.2500000000000009 1.0000000180025095e-35 108.50000000000001 3.2500000000000004 3.3500000000000001 18.000000000000004 4.6500000000000012 145.00000000000003
decision_type=2 2 2 2 2 2 2 2 2 2 2 2 2 2 2
left_child=1 4 7 6 -1 -6 10 12 9 -8 -3 -4 -2 -12 -14
right_child=2 3 11 -5 5 -7 8 -9 -10 -11 13 -13 14 -15 -16
leaf_value=0.010532978131220883 -0.00093074483669955627 0.0017199900366652468 -0.0039799734084836899 0.0052448202421267829 0.0027706785624225932 0.0079805634349871118 0.0052081658070286096 -0.004342273062338 0.00020581753996129216 0.00064630159606727253 0 -0.0077878665069981336 -0.0031031620061733344 -0.0019370380276814098 -0.0013669544842559844
leaf_weight=5.0000000000000027 12.999999999999998 4.9999999999999991 5.9999999999999991 6.9999999999999991 6.9999999999999982 5 7.0000000000000018 8.9999999999999982 4.9999999999999991 5 4.9999999999999982 7.9999999999999991 14.000000000000002 5 6.9999999999999991
leaf_count=5 13 5 6 7 7 5 7 9 5 5 5 8 14 5 7
internal_value=0 0.00361173 -0.00353458 0.00209847 0.00693135 0.00515966 0.00133532 -0.00256115 0.0026122 0.0034721 -2.84551e-05 -0.00634059 -0.00202318 -0.00106632 -0.00261354
internal_weight=113 56 57 39 17 12 32 43 17 12 15 14 34 10 21
internal_count=113 56 57 39 17 12 32 43 17 12 15 14 34 10 21
is_linear=0
shrinkage=0.03


Tree=58
num_leaves=14
num_cat=0
split_feature=6 5 2 2 6 2 1 1 5 3 9 8 9
split_gain=1.51964 0.280014 0.148488 0.0944238 0.0876623 0.0488081 0.0441972 0.0285379 0.0162465 0.0159162 0.0100172 0.00661159 0.00458176
threshold=32.70000000000001 14.800000000000002 4.0500000000000007 3.2500000000000004 72.800000000000011 3.5500000000000003 10.000000000000002 26.000000000000004 25.100000000000005 4.3500000000000005 0.32526896551724144 14.79166666666667 0.40879120879120889
decision_type=2 2 2 2 2 2 2 2 2 2 2 2 2
left_child=1 3 4 -1 8 -5 -3 -6 -2 10 -8 -10 -11
right_child=2 6 -4 5 7 -7 9 -9 11 12 -12 -13 -14
leaf_value=0.010323528211850378 -6.9631306597819527e-06 0.0034614740667834147 -0.0076109986628095311 0.002624960355460644 -0.002674027037235998 0.0068063356789449837 0.00063425333024217496 -0.0062287684057543919 -0.002407210793680305 0.00079480600482581759 0.0030862464111011752 -0.0006553063606126949 -0.00010426359671738838
leaf_weight=5.0000000000000027 4.9999999999999991 11.999999999999998 6.9999999999999991 6.9999999999999982 5.9999999999999991 7 5.0000000000000018 7.9999999999999991 26.000000000000004 8.9999999999999982 5 4.9999999999999991 5.9999999999999991
leaf_count=5 5 12 7 7 6 7 5 8 26 9 5 5 6
internal_value=0 0.00351121 -0.00343473 0.00648894 -0.00279218 0.0048877 0.00191512 -0.00487006 -0.00192024 0.00109176 0.00204378 -0.00217873 0.000339854
internal_weight=113 56 57 19 50 14 37 14 36 25 10 31 15
internal_count=113 56 57 19 50 14 37 14 36 25 10 31 15
is_linear=0
shrinkage=0.03


Tree=59
num_leaves=16
num_cat=0
split_feature=6 1 2 23 6 5 8 24 4 2 1 9 5 3 8
split_gain=1.43533 0.268681 0.139441 0.0842807 0.0824473 0.075486 0.0601578 0.0315178 0.0501478 0.0279625 0.0264119 0.0222016 0.015135 0.00798724 0.00600358
threshold=32.70000000000001 7.0000000000000009 4.0500000000000007 1.0000000180025095e-35 72.800000000000011 15.800000000000002 15.72916666666667 1.0000000180025095e-35 108.50000000000001 3.2500000000000004 26.000000000000004 0.23212307692307693 25.100000000000005 4.6500000000000012 14.79166666666667
decision_type=2 2 2 2 2 2 2 2 2 2 2 2 2 2 2
left_child=1 5 4 6 12 11 9 8 -8 -3 -6 -1 -2 -11 -14
right_child=2 3 -4 -5 10 -7 7 -9 -10 13 -12 -13 14 -15 -16
leaf_value=0.0057177017772426942 -6.7622766185265158e-06 0.0016261950491641003 -0.0073890110353628784 0.0049785302982976037 -0.0025963939582147903 0.0036239209266689912 0.004928087058166661 0.00011150225925330929 0.00059212539058465206 0 -0.0060464629385529496 0.010451353589216101 -0.0023355457241796239 -0.0018938998591441368 -0.00063640332064376426
leaf_weight=5.0000000000000018 4.9999999999999991 4.9999999999999991 6.9999999999999991 6.9999999999999991 5.9999999999999991 6.9999999999999991 7.0000000000000018 4.9999999999999991 5 4.9999999999999982 7.9999999999999991 5 26.000000000000004 5 4.9999999999999991
leaf_count=5 5 5 7 7 6 7 7 5 5 5 8 5 26 5 5
internal_value=0 0.00341283 -0.00333768 0.00196759 -0.00271343 0.00657973 0.00123553 0.00245006 0.00328371 -5.63767e-05 -0.00473089 0.00839011 -0.00186563 -0.00106011 -0.0021154
internal_weight=113 56 57 39 50 17 32 17 12 15 14 10 36 10 31
internal_count=113 56 57 39 50 17 32 17 12 15 14 10 36 10 31
is_linear=0
shrinkage=0.03


Tree=60
num_leaves=16
num_cat=0
split_feature=6 1 6 23 3 3 8 24 4 3 2 1 1 3 4
split_gain=1.35605 0.253372 0.132092 0.0791553 0.0722778 0.0630062 0.0570069 0.029554 0.0469493 0.0285052 0.0264382 0.0240681 0.0162352 0.00746933 0.005175
threshold=32.70000000000001 7.0000000000000009 76.800000000000026 1.0000000180025095e-35 3.8500000000000001 4.1500000000000012 15.72916666666667 1.0000000180025095e-35 108.50000000000001 5.2500000000000009 3.2500000000000004 30.000000000000004 18.000000000000004 4.6500000000000012 145.00000000000003
decision_type=2 2 2 2 2 2 2 2 2 2 2 2 2 2 2
left_child=1 4 9 6 -1 -6 10 8 -8 12 -3 -4 -2 -12 -14
right_child=2 3 11 -5 5 -7 7 -9 -10 -11 13 -13 14 -15 -16
leaf_value=0.0097562104005079926 -0.00080138899301263424 0.0015792856770209395 -0.004106566335369901 0.0048333232865358389 0.0024477702906976141 0.0074285956903790609 0.004784351202348866 0.00010828583286358758 0.00057504484501595665 -0.00399437009640362 0 -0.0076962522657648188 -0.002855185879997803 -0.0018392681670733367 -0.0012175133225779671
leaf_weight=5.0000000000000027 12.999999999999998 4.9999999999999991 7.9999999999999982 6.9999999999999991 6.9999999999999982 5 7.0000000000000018 4.9999999999999991 5 8.9999999999999982 4.9999999999999982 6 14.000000000000002 5 6.9999999999999991
leaf_count=5 13 5 8 7 7 5 7 5 5 9 5 6 14 5 7
internal_value=0 0.00331795 -0.00324348 0.00191285 0.00639447 0.00473382 0.00120136 0.00238376 0.0031916 -0.00234112 -5.37348e-05 -0.00583737 -0.00183883 -0.00103226 -0.00239669
internal_weight=113 56 57 39 17 12 32 17 12 43 15 14 34 10 21
internal_count=113 56 57 39 17 12 32 17 12 43 15 14 34 10 21
is_linear=0
shrinkage=0.03


Tree=61
num_leaves=15
num_cat=0
split_feature=5 1 5 2 23 5 6 5 9 9 3 5 2 9
split_gain=1.28186 0.231212 0.130313 0.0848673 0.0691565 0.0686534 0.0449709 0.021732 0.0211645 0.0197292 0.0185933 0.0125396 0.0167626 0.00732945
threshold=24.800000000000001 7.0000000000000009 50.100000000000009 3.6500000000000008 1.0000000180025095e-35 15.800000000000002 24.900000000000002 29.200000000000006 0.23212307692307693 0.23212307692307693 5.2500000000000009 19.500000000000004 3.5500000000000003 0.56285714285714283
decision_type=2 2 2 2 2 2 2 2 2 2 2 2 2 2
left_child=1 5 7 -4 6 8 9 13 -1 -3 -9 -8 -13 -2
right_child=2 4 3 -5 -6 -7 11 10 -10 -11 -12 12 -14 -15
leaf_value=0.0053556671337439436 0 0.0040024994938604296 -0.003388042859733105 -0.0084366479083414995 0.0049046003445982929 0.0033845696309193342 0.001533729340164706 -0.0020232399025086308 0.0099374640704347518 0.0011698611034080383 -0.004188528194402655 -0.0015636499109677969 0.00053041108074071625 -0.001572154447917015
leaf_weight=5.0000000000000018 5.9999999999999982 5.9999999999999982 9.9999999999999982 5.9999999999999991 5.9999999999999991 6.9999999999999991 5.0000000000000027 23.000000000000004 5 7 6.9999999999999991 4.9999999999999991 8.9999999999999982 6
leaf_count=5 6 6 10 6 6 7 5 23 5 7 7 5 9 6
internal_value=0 0.00328378 -0.00309761 -0.00545465 0.00190762 0.00621472 0.00127213 -0.00214255 0.00794356 0.0026317 -0.00260254 0.000246052 -0.000123324 -0.000845812
internal_weight=113 55 58 16 38 17 32 42 10 13 30 19 14 12
internal_count=113 55 58 16 38 17 32 42 10 13 30 19 14 12
is_linear=0
shrinkage=0.03


Tree=62
num_leaves=16
num_cat=0
split_feature=5 1 6 3 23 3 8 23 5 24 4 2 2 26 2
split_gain=1.21136 0.217916 0.123905 0.0665387 0.064904 0.0588429 0.0431635 0.0285204 0.031271 0.0269772 0.0441535 0.0238614 0.0223789 0.00287299 0.00536116
threshold=24.800000000000001 7.0000000000000009 76.800000000000026 3.8500000000000001 1.0000000180025095e-35 4.1500000000000012 15.72916666666667 1.0000000180025095e-35 43.900000000000013 1.0000000180025095e-35 108.50000000000001 3.2500000000000004 3.3500000000000001 1.0000000180025095e-35 3.6500000000000008
decision_type=2 2 2 2 2 2 2 2 2 2 2 2 2 2 2
left_child=1 3 7 -1 6 -5 11 8 13 10 -8 -3 -4 14 -2
right_child=2 4 12 5 -6 -7 9 -9 -10 -11 -12 -13 -14 -15 -16
leaf_value=0.0092674236286144924 -0.0017095628355189661 0.0013178741115067775 -0.0033736331845002784 0.0022339308549029131 0.0047622087808145627 0.0070410673406261651 0.0045779430493712407 0 -0.0039029586248631987 7.8794493411595983e-05 0.00049514400378729273 -0.0010459165797546144 -0.0068374737851866858 -0.0028524771572735448 -0.00018131984827610159
leaf_weight=5.0000000000000027 18.000000000000007 6.9999999999999991 5.9999999999999991 6.9999999999999982 5.9999999999999991 5 7.0000000000000018 4.9999999999999991 10.999999999999998 4.9999999999999991 5 7.9999999999999991 7.9999999999999991 4.9999999999999991 4.9999999999999991
leaf_count=5 18 7 6 7 6 5 7 5 11 5 5 8 8 5 5
internal_value=0 0.00319333 -0.00301009 0.00604003 0.00185559 0.00444245 0.00123782 -0.00215392 -0.0024261 0.00226428 0.00303573 0 -0.00552703 -0.00176914 -0.00144642
internal_weight=113 55 58 17 38 12 32 44 39 17 12 15 14 28 23
internal_count=113 55 58 17 38 12 32 44 39 17 12 15 14 28 23
is_linear=0
shrinkage=0.03


Tree=63
num_leaves=15
num_cat=0
split_feature=6 5 2 2 6 2 1 1 5 3 9 8 2 8
split_gain=1.14667 0.212984 0.115929 0.0763122 0.0644982 0.0454745 0.0316981 0.0240916 0.0128886 0.0116586 0.0167104 0.00516806 0.00304947 0.00041132
threshold=32.70000000000001 14.800000000000002 4.0500000000000007 3.2500000000000004 72.800000000000011 3.5500000000000003 10.000000000000002 26.000000000000004 25.100000000000005 3.9500000000000006 0.40153846153846157 14.79166666666667 3.5500000000000003 15.72916666666667
decision_type=2 2 2 2 2 2 2 2 2 2 2 2 2 2
left_child=1 3 4 -1 8 -5 13 -6 -2 -8 -11 -10 -12 -3
right_child=2 6 -4 5 7 -7 9 -9 11 10 12 -13 -14 -15
leaf_value=0.009111324995756143 0 0.003735216788707241 -0.0066806168481707571 0.0020567017327994112 -0.002183545138086042 0.0060249948749939589 0.002153585043645673 -0.0054396229891515357 -0.0020810793653016778 0.0015142457087228933 0.00015149692060031857 -0.00049749558433317216 -0.00069424430599376071 0.0018764562340032667
leaf_weight=5.0000000000000027 4.9999999999999991 5.9999999999999982 6.9999999999999991 6.9999999999999982 5.9999999999999991 7 6.0000000000000027 7.9999999999999991 26.000000000000004 8.0000000000000018 4.9999999999999982 4.9999999999999991 6 6
leaf_count=5 5 6 7 7 6 7 6 8 26 8 5 5 6 6
internal_value=0 0.00305359 -0.00298004 0.00565454 -0.00240753 0.0042034 0.00165443 -0.0042002 -0.00164959 0.00094256 0.000463556 -0.00187857 -0.000180047 0.00297478
internal_weight=113 56 57 19 50 14 37 14 36 25 19 31 11 12
internal_count=113 56 57 19 50 14 37 14 36 25 19 31 11 12
is_linear=0
shrinkage=0.03


Tree=64
num_leaves=15
num_cat=0
split_feature=6 1 2 23 6 5 6 8 1 9 5 9 8 5
split_gain=1.08373 0.203309 0.108825 0.0644546 0.0606503 0.0605658 0.0462647 0.0351296 0.0222901 0.0200572 0.0120389 0.00514004 0.00467685 0.00281403
threshold=32.70000000000001 7.0000000000000009 4.0500000000000007 1.0000000180025095e-35 72.800000000000011 15.800000000000002 27.800000000000001 16.875000000000004 26.000000000000004 0.23212307692307693 25.100000000000005 0.28105263157894744 14.79166666666667 17.700000000000003
decision_type=2 2 2 2 2 2 2 2 2 2 2 2 2 2
left_child=1 5 4 6 10 9 7 11 -6 -1 -2 -3 -12 -13
right_child=2 3 -4 -5 8 -7 -8 -9 -10 -11 12 13 -14 -15
leaf_value=0.0048742755000980974 0 0.0016401448162893439 -0.0064857654149333629 0.0043458143396613493 -0.002120151867068583 0.0030594085917497668 -0.00094556967883060387 0.0037354231051980481 -0.0052804144217473712 0.0092632286365215578 -0.0020191235533197414 0 -0.00048314474523067472 0.00075614582184546923
leaf_weight=5.0000000000000018 4.9999999999999991 7.0000000000000062 6.9999999999999991 6.9999999999999991 5.9999999999999991 6.9999999999999991 6.9999999999999991 5.9999999999999991 7.9999999999999991 5 26.000000000000004 4.9999999999999982 4.9999999999999991 7
leaf_count=5 5 7 7 7 6 7 7 6 8 5 26 5 5 7
internal_value=0 0.00296956 -0.00289614 0.00170527 -0.00233987 0.00572923 0.00105766 0.00168114 -0.00408059 0.00735441 -0.00160269 0.000922139 -0.00182415 0.00036033
internal_weight=113 56 57 39 50 17 32 25 14 10 36 19 31 12
internal_count=113 56 57 39 50 17 32 25 14 10 36 19 31 12
is_linear=0
shrinkage=0.03


Tree=65
num_leaves=14
num_cat=0
split_feature=6 1 2 23 3 6 3 6 8 1 5 5 8
split_gain=1.0239 0.191839 0.10214 0.0605658 0.0577045 0.0570262 0.0543567 0.043786 0.0329436 0.0206047 0.0112415 0.00514471 0.0042201
threshold=32.70000000000001 7.0000000000000009 4.0500000000000007 1.0000000180025095e-35 3.8500000000000001 72.800000000000011 4.1500000000000012 27.800000000000001 16.875000000000004 26.000000000000004 25.100000000000005 19.500000000000004 14.79166666666667
decision_type=2 2 2 2 2 2 2 2 2 2 2 2 2
left_child=1 4 5 7 -1 10 -6 8 11 -7 -2 -3 -12
right_child=2 3 -4 -5 6 9 -8 -9 -10 -11 12 -13 -14
leaf_value=0.0085867216208806336 0 0.0012816896212390295 -0.0062965973466634741 0.0042190612169603495 0.0019506062217988075 -0.0020585990637060135 0.006554681062519262 -0.00091799057088792324 0.0036269753381249401 -0.0051258658926661418 -0.0019590122692414932 9.0596044901758318e-06 -0.00046920788617661361
leaf_weight=5.0000000000000027 4.9999999999999991 12.000000000000005 6.9999999999999991 6.9999999999999991 6.9999999999999982 5.9999999999999991 5 6.9999999999999991 5.9999999999999991 7.9999999999999991 26.000000000000004 6.9999999999999991 4.9999999999999991
leaf_count=5 5 12 7 7 7 6 5 7 6 8 26 7 5
internal_value=0 0.00288677 -0.0028147 0.00165706 0.00556858 -0.00227421 0.00406793 0.00102732 0.00163449 -0.00396447 -0.00155718 0.000895929 -0.00177135
internal_weight=113 56 57 39 17 50 12 32 25 14 36 19 31
internal_count=113 56 57 39 17 50 12 32 25 14 36 19 31
is_linear=0
shrinkage=0.03


Tree=66
num_leaves=16
num_cat=0
split_feature=5 5 6 2 2 1 5 2 3 3 26 4 4 1 8
split_gain=0.968129 0.176155 0.100154 0.0656836 0.042934 0.0239373 0.0233998 0.0190477 0.0171923 0.00753921 0.00688136 0.00924793 0.00445719 0.00190484 0.000855175
threshold=24.800000000000001 14.800000000000002 76.800000000000026 3.2500000000000004 3.5500000000000003 10.000000000000002 42.600000000000009 3.3500000000000001 4.6500000000000012 4.7500000000000009 1.0000000180025095e-35 132.50000000000003 89.500000000000014 22.000000000000004 15.72916666666667
decision_type=2 2 2 2 2 2 2 2 2 2 2 2 2 2 2
left_child=1 3 6 -1 -5 14 10 -4 -8 -7 11 12 -2 -10 -3
right_child=2 5 7 4 -6 9 8 -9 13 -11 -12 -13 -14 -15 -16
leaf_value=0.0084378054193579178 -0.0008629824520487863 0.0034367672240384105 -0.0029533119788092946 0.0017838271676252288 0.0056145632515350961 0.0011653577641300215 -0.00094690868308624392 -0.0061685664288517912 -0.0023937043799988687 0 -0.0024811511687361275 -0.0021489476219106176 0 -0.0046827985518253755 0.0016403093789854354
leaf_weight=5.0000000000000027 11.000000000000009 5.9999999999999982 5.9999999999999991 6.9999999999999982 7 19.000000000000004 4.9999999999999991 7.9999999999999991 5.9999999999999982 4.9999999999999991 4.9999999999999991 4.9999999999999991 6.9999999999999991 5 6
leaf_count=5 11 6 6 7 7 19 5 8 6 5 5 5 7 5 6
internal_value=0 0.0028574 -0.00268834 0.00521589 0.00385693 0.00154927 -0.00191332 -0.00495724 -0.00290836 0.000892796 -0.00127494 -0.00092894 -0.00048774 -0.00363317 0.0027031
internal_weight=113 55 58 19 14 36 44 14 16 24 28 23 18 11 12
internal_count=113 55 58 19 14 36 44 14 16 24 28 23 18 11 12
is_linear=0
shrinkage=0.03


Tree=67
num_leaves=16
num_cat=0
split_feature=6 1 2 23 5 6 8 24 4 2 9 1 5 3 8
split_gain=0.91676 0.173486 0.092152 0.0556321 0.0534591 0.0494996 0.0401341 0.0246696 0.0391432 0.0210807 0.0189023 0.0186163 0.0101517 0.00578734 0.00368392
threshold=32.70000000000001 7.0000000000000009 4.0500000000000007 1.0000000180025095e-35 15.800000000000002 72.800000000000011 15.72916666666667 1.0000000180025095e-35 108.50000000000001 3.2500000000000004 0.23212307692307693 26.000000000000004 25.100000000000005 4.6500000000000012 14.79166666666667
decision_type=2 2 2 2 2 2 2 2 2 2 2 2 2 2 2
left_child=1 4 5 6 10 12 9 8 -8 -3 -1 -7 -2 -11 -14
right_child=2 3 -4 -5 -6 11 7 -9 -10 13 -12 -13 14 -15 -16
leaf_value=0.0044343146681785559 0 0.0013564270733443734 -0.0059761398658156389 0.0040154542033754596 0.0027629783080677347 -0.0019029498617014577 0.0041216636573274913 0 0.00028846923584261754 0 0.008637623629317831 -0.0048360221614924875 -0.0018554536825337422 -0.0016827605134592603 -0.00043087749670331289
leaf_weight=5.0000000000000018 4.9999999999999991 4.9999999999999991 6.9999999999999991 6.9999999999999991 6.9999999999999991 5.9999999999999991 7.0000000000000018 4.9999999999999991 5 4.9999999999999982 5 7.9999999999999991 26.000000000000004 5 4.9999999999999991
leaf_count=5 5 5 7 7 7 6 7 5 5 5 5 8 26 5 5
internal_value=0 0.00273127 -0.00266366 0.00155944 0.005283 -0.00214807 0.000954001 0.0019487 0.00267836 -8.54422e-05 0.00681118 -0.00372913 -0.00147458 -0.000965896 -0.001678
internal_weight=113 56 57 39 17 50 32 17 12 15 10 14 36 10 31
internal_count=113 56 57 39 17 50 32 17 12 15 10 14 36 10 31
is_linear=0
shrinkage=0.03


Tree=68
num_leaves=15
num_cat=0
split_feature=6 6 2 14 6 3 8 3 3 9 1 5 8 3
split_gain=0.866435 0.16381 0.0864585 0.0495151 0.0465268 0.0346619 0.035622 0.0204491 0.105993 0.0197886 0.0171782 0.00947955 0.00330063 0.00250289
threshold=32.70000000000001 17.000000000000004 4.0500000000000007 1.0000000180025095e-35 72.800000000000011 4.3500000000000005 15.72916666666667 3.8500000000000001 3.9500000000000006 0.30842105263157898 26.000000000000004 25.100000000000005 14.79166666666667 4.5500000000000007
decision_type=2 2 2 2 2 2 2 2 2 2 2 2 2 2
left_child=1 7 4 5 11 9 13 -1 -9 -3 -6 -2 -13 -7
right_child=2 3 -4 -5 10 6 -8 8 -10 -11 -12 12 -14 -15
leaf_value=0.0069961676289958296 0 0.00050828452144438996 -0.0058018358300129568 0.0035002569196259845 -0.0018477029353380203 -0.00015566091106917993 0.001939599099389922 0.00029591127513692929 0.0065210907305440578 0.0030961735515544803 -0.0046944800291846443 -0.0018002149738419802 -0.0004184483163631879 -0.0015359963867212492
leaf_weight=6.0000000000000027 4.9999999999999991 7.0000000000000018 6.9999999999999991 8.9999999999999982 5.9999999999999991 4.9999999999999982 4.9999999999999991 4.9999999999999982 6 7 7.9999999999999991 26.000000000000004 4.9999999999999991 6
leaf_count=6 5 7 7 9 6 5 5 5 6 7 8 26 5 6
internal_value=0 0.00265576 -0.00258901 0.0015155 -0.00208801 0.000851172 -1.52283e-05 0.00513638 0.00388121 0.00193325 -0.00362327 -0.00143281 -0.00162954 -0.00105648
internal_weight=113 56 57 39 50 30 16 17 11 14 14 36 31 11
internal_count=113 56 57 39 50 30 16 17 11 14 14 36 31 11
is_linear=0
shrinkage=0.03


Tree=69
num_leaves=15
num_cat=0
split_feature=6 1 5 23 5 6 3 8 9 5 3 5 5 2
split_gain=0.818654 0.157507 0.0818911 0.0502185 0.0495537 0.0360424 0.0297958 0.0291751 0.0177032 0.0150612 0.0106263 0.00525963 0.00383455 0.00352357
threshold=32.70000000000001 7.0000000000000009 62.20000000000001 1.0000000180025095e-35 15.800000000000002 27.800000000000001 5.3500000000000005 16.875000000000004 0.23212307692307693 42.600000000000009 4.6500000000000012 25.100000000000005 19.500000000000004 3.5500000000000003
decision_type=2 2 2 2 2 2 2 2 2 2 2 2 2 2
left_child=1 4 6 5 8 7 9 12 -1 11 -11 -2 -3 -13
right_child=2 3 -4 -5 -6 -7 -8 -9 -10 10 -12 13 -14 -15
leaf_value=0.0041819000158172361 0 0.0010724970726601652 -0.0056462656194344162 0.0037979825459963945 0.0025819842967515186 -0.00087096640995393195 -0.0039914368682851392 0.0033086056631779475 0.008250954357477332 -0.00081414204484854752 -0.0030628269990640024 -0.0017036407229236575 0 -0.00054391044176831517
leaf_weight=5.0000000000000018 5.0000000000000027 12.000000000000005 6.9999999999999991 6.9999999999999991 6.9999999999999991 6.9999999999999991 6.9999999999999991 5.9999999999999991 5 4.9999999999999991 10.999999999999998 13.000000000000002 6.9999999999999991 8.9999999999999982
leaf_count=5 5 12 7 7 7 7 7 6 5 5 11 13 7 9
internal_value=0 0.00258155 -0.00251655 0.0014628 0.00501402 0.000884978 -0.00202776 0.00143918 0.00648538 -0.00165638 -0.00247143 -0.00110361 0.00074239 -0.00130595
internal_weight=113 56 57 39 17 32 50 25 10 43 16 27 19 22
internal_count=113 56 57 39 17 32 50 25 10 43 16 27 19 22
is_linear=0
shrinkage=0.03


Tree=70
num_leaves=16
num_cat=0
split_feature=6 1 2 23 3 3 6 8 24 4 2 1 5 3 8
split_gain=0.774119 0.148593 0.0783452 0.0471533 0.0470504 0.0482204 0.0404077 0.0342422 0.0225569 0.0351935 0.0181072 0.0153694 0.00824819 0.0048687 0.0030749
threshold=32.70000000000001 7.0000000000000009 4.0500000000000007 1.0000000180025095e-35 3.8500000000000001 4.1500000000000012 72.800000000000011 15.72916666666667 1.0000000180025095e-35 108.50000000000001 3.2500000000000004 26.000000000000004 25.100000000000005 4.6500000000000012 14.79166666666667
decision_type=2 2 2 2 2 2 2 2 2 2 2 2 2 2 2
left_child=1 4 6 7 -1 -6 12 10 9 -9 -3 -8 -2 -12 -14
right_child=2 3 -4 -5 5 -7 11 8 -10 -11 13 -13 14 -15 -16
leaf_value=0.0076083787043507217 0 0.001232239216960107 -0.0055098780306677021 0.0036872081489612656 0.0015225299238227311 0.0058284997481566191 -0.0017072225806693876 0.003841898174335558 0 0.00020175600684104624 0 -0.0044228357335598005 -0.0016998886220372202 -0.00157599999784277 -0.00036392496039087951
leaf_weight=5.0000000000000027 4.9999999999999991 4.9999999999999991 6.9999999999999991 6.9999999999999991 6.9999999999999982 5 5.9999999999999991 7.0000000000000018 4.9999999999999991 5 4.9999999999999982 7.9999999999999991 26.000000000000004 5 4.9999999999999991
leaf_count=5 5 5 7 7 7 5 6 7 5 5 5 8 26 5 5
internal_value=0 0.00251031 -0.00244718 0.00142208 0.00487407 0.00350577 -0.00196828 0.000860172 0.00178021 0.00247629 -9.35618e-05 -0.00340507 -0.00135237 -0.000914685 -0.0015362
internal_weight=113 56 57 39 17 12 50 32 17 12 15 14 36 10 31
internal_count=113 56 57 39 17 12 50 32 17 12 15 14 36 10 31
is_linear=0
shrinkage=0.03


Tree=71
num_leaves=15
num_cat=0
split_feature=6 5 2 2 2 6 1 1 5 3 2 2 8 8
split_gain=0.731743 0.140656 0.0734735 0.053528 0.0402703 0.0379646 0.0179666 0.0141511 0.0076936 0.00581965 0.00547881 0.00397737 0.00274213 0.00139276
threshold=32.70000000000001 14.800000000000002 4.0500000000000007 3.2500000000000004 3.5500000000000003 72.800000000000011 10.000000000000002 26.000000000000004 25.100000000000005 3.9500000000000006 3.2500000000000004 3.6500000000000008 14.79166666666667 15.72916666666667
decision_type=2 2 2 2 2 2 2 2 2 2 2 2 2 2
left_child=1 3 5 -1 -5 8 13 -7 -2 -8 -11 -12 -10 -3
right_child=2 6 -4 4 -6 7 9 -9 12 10 11 -13 -14 -15
leaf_value=0.0074765494637764355 0 0.0029962755460292102 -0.0053491731981436409 0.0013437622257818779 0.0049986248090863215 -0.0016576581069779012 0.001622118540108203 -0.004293386956631411 -0.0016492812201213656 0.0011966938948115469 -0.00060925640488186693 0.00042342119789479874 -0.00035342713173192275 0.0012995025609064124
leaf_weight=5.0000000000000027 4.9999999999999991 5.9999999999999982 6.9999999999999991 6.9999999999999982 7 5.9999999999999991 6.0000000000000027 7.9999999999999991 26.000000000000004 5.0000000000000027 4.9999999999999991 8.9999999999999982 4.9999999999999991 6
leaf_count=5 5 6 7 7 7 6 6 8 26 5 5 9 5 6
internal_value=0 0.002441 -0.00237889 0.00455954 0.00332149 -0.00191351 0.00129412 -0.00330868 -0.00131423 0.000734416 0.000361987 0 -0.00149195 0.00230605
internal_weight=113 56 57 19 14 50 37 14 36 25 19 14 31 12
internal_count=113 56 57 19 14 50 37 14 36 25 19 14 31 12
is_linear=0
shrinkage=0.03


Tree=72
num_leaves=16
num_cat=0
split_feature=5 6 6 14 3 9 9 23 5 3 3 2 5 2 2
split_gain=0.692664 0.130291 0.0723168 0.0385559 0.0209223 0.0266714 0.0230582 0.0177505 0.0198478 0.0159718 0.0982304 0.0154677 0.00309702 0.0005012 0.000198995
threshold=24.800000000000001 17.000000000000004 76.800000000000026 1.0000000180025095e-35 4.3500000000000005 0.30842105263157898 0.37589743589743596 1.0000000180025095e-35 43.900000000000013 3.8500000000000001 3.9500000000000006 3.3500000000000001 21.900000000000006 2.5500000000000003 3.4500000000000006
decision_type=2 2 2 2 2 2 2 2 2 2 2 2 2 2 2
left_child=1 9 7 4 6 -6 -3 8 13 -1 -11 -4 -7 -2 -15
right_child=2 3 11 -5 5 12 -8 -9 -10 10 -12 -13 -14 14 -16
leaf_value=0.0063150162874690908 -0.0004662561296455319 0.00039830584715052329 -0.0023955776767745135 0.0031234313312755975 0.0018036822894086631 -0.0012620098421710635 0.0032552932575345035 0 -0.0030098496390772718 3.4864390842043426e-05 0.0060057104330870402 -0.0052967596849108614 0 -0.0021892299417119745 -0.0010993262510042808
leaf_weight=6.0000000000000027 6.0000000000000027 8.0000000000000018 5.9999999999999991 8.9999999999999982 4.9999999999999991 5.9999999999999982 4.9999999999999991 4.9999999999999991 10.999999999999998 4.9999999999999982 6 7.9999999999999991 5 5.0000000000000027 17
leaf_count=6 6 8 6 9 5 6 5 5 11 5 6 8 5 5 17
internal_value=0 0.00241791 -0.00227296 0.0013717 0.000759021 0 0.00164346 -0.00160634 -0.00182126 0.00462615 0.00347471 -0.00421028 -0.00079548 -0.00128309 -0.00143209
internal_weight=113 55 58 38 29 16 13 44 39 17 11 14 11 28 22
internal_count=113 55 58 38 29 16 13 44 39 17 11 14 11 28 22
is_linear=0
shrinkage=0.03


Tree=73
num_leaves=15
num_cat=0
split_feature=6 1 0 5 23 6 5 8 3 9 5 24 3 8
split_gain=0.654921 0.129309 0.0672426 0.0434005 0.0422406 0.0307292 0.0284721 0.0254234 0.0175437 0.0169256 0.00485288 0.00298562 0.012914 0.0010103
threshold=32.70000000000001 7.0000000000000009 18.000000000000004 15.800000000000002 1.0000000180025095e-35 27.800000000000001 42.600000000000009 16.875000000000004 4.6500000000000012 0.23212307692307693 25.100000000000005 1.0000000180025095e-35 4.3500000000000005 14.79166666666667
decision_type=2 2 2 2 2 2 2 2 2 2 2 2 2 2
left_child=1 3 6 9 5 7 10 11 -8 -1 -2 12 -3 -12
right_child=2 4 -4 -5 -6 -7 8 -9 -10 -11 13 -13 -14 -15
leaf_value=0.0036927910457150272 0 0.0020419783109369154 -0.0050941307322743034 0.0022364737341801322 0.0034346943170142663 -0.00085779708189268901 -0.00064668734629566799 0.0030156732099731599 -0.0031486308756609295 0.0075734741384020201 -0.001418195799668575 0 0 -0.00032420530270498525
leaf_weight=5.0000000000000018 5.0000000000000027 5.0000000000000062 6.9999999999999991 6.9999999999999991 6.9999999999999991 6.9999999999999991 5.0000000000000027 5.9999999999999991 17 5 18.000000000000004 5.9999999999999991 7.9999999999999991 4.9999999999999991
leaf_count=5 5 5 7 7 7 7 5 6 17 5 18 6 8 5
internal_value=0 0.00231024 -0.00224962 0.0045167 0.00129205 0.000758345 -0.0018028 0.00127361 -0.00265852 0.00589064 -0.00106316 0.000619671 0.000872983 -0.00124987
internal_weight=113 56 57 17 39 32 50 25 22 10 28 19 13 23
internal_count=113 56 57 17 39 32 50 25 22 10 28 19 13 23
is_linear=0
shrinkage=0.03


Tree=74
num_leaves=15
num_cat=0
split_feature=5 1 0 5 23 5 8 24 4 2 3 9 8 8
split_gain=0.619665 0.118081 0.0649316 0.0408007 0.0363223 0.0288166 0.0231991 0.0199376 0.0306847 0.0172971 0.0162519 0.00754101 0.00222151 0.00835863
threshold=24.800000000000001 7.0000000000000009 18.000000000000004 17.000000000000004 1.0000000180025095e-35 42.600000000000009 15.72916666666667 1.0000000180025095e-35 108.50000000000001 3.2500000000000004 4.6500000000000012 0.23212307692307693 12.812500000000002 10.520833333333334
decision_type=2 2 2 2 2 2 2 2 2 2 2 2 2 2
left_child=1 3 5 11 6 12 9 8 -8 -3 -7 -1 13 -2
right_child=2 4 -4 -5 -6 10 7 -9 -10 -11 -12 -13 -14 -15
leaf_value=0.0035862683182438953 -0.0010711352891144403 0.0010238574092121175 -0.0049455519476517404 0.0018993429935747575 0.003474720793385659 -0.00062803288348592195 0.003490600877751905 0 8.7918909624792028e-05 -0.00098894948679272379 -0.0030552703142166138 0.0067908180312764247 -0.0015576663329873398 6.1739939715593073e-05
leaf_weight=5.0000000000000018 14.000000000000005 6.9999999999999991 6.9999999999999991 5.9999999999999991 5.9999999999999991 5.0000000000000027 7.0000000000000018 4.9999999999999991 5 7.9999999999999991 17 6 8.9999999999999982 5.9999999999999991
leaf_count=5 14 7 7 6 6 5 7 5 5 8 17 6 9 6
internal_value=0 0.00228763 -0.00214918 0.00439114 0.00128925 -0.00171825 0.000813853 0.00156649 0.00222045 0 -0.00258182 0.00555818 -0.000998557 -0.000659769
internal_weight=113 55 58 17 38 51 32 17 12 15 22 11 29 20
internal_count=113 55 58 17 38 51 32 17 12 15 22 11 29 20
is_linear=0
shrinkage=0.03


Tree=75
num_leaves=16
num_cat=0
split_feature=6 1 2 5 23 6 6 8 9 8 2 8 8 24 3
split_gain=0.585791 0.114908 0.0653676 0.0387667 0.0375409 0.0286397 0.0277978 0.0230018 0.0142994 0.010462 0.00625729 0.00361378 0.00503223 0.00260496 0.0111
threshold=32.70000000000001 7.0000000000000009 4.0500000000000007 15.800000000000002 1.0000000180025095e-35 27.800000000000001 68.600000000000009 16.875000000000004 0.23212307692307693 8.8392857142857171 2.9500000000000006 11.04166666666667 12.812500000000002 1.0000000180025095e-35 4.3500000000000005
decision_type=2 2 2 2 2 2 2 2 2 2 2 2 2 2 2
left_child=1 3 6 8 5 7 10 13 -1 -8 -2 -12 -13 14 -3
right_child=2 4 -4 -5 -6 -7 9 -9 -10 -11 11 12 -14 -15 -16
leaf_value=0.0034828182782691238 -0.00010775164065019386 0.0019108471324524026 -0.0049247010486821331 0.0020954646045962966 0.0032473903801292178 -0.0008403280780961116 -0.003293382947745381 0.0028761751580262374 0.0071591198702271146 -0.0011611558112405961 -0.0018957712202716391 0 -0.0012645390070974828 0 0
leaf_weight=5.0000000000000018 7.9999999999999991 5.0000000000000062 6.9999999999999991 6.9999999999999991 6.9999999999999991 6.9999999999999991 12.000000000000002 5.9999999999999991 5 5.9999999999999991 10.000000000000002 5.9999999999999991 7.9999999999999991 5.9999999999999991 7.9999999999999991
leaf_count=5 8 5 7 7 7 7 12 6 5 6 10 6 8 6 8
internal_value=0 0.00218666 -0.00212582 0.00426892 0.00122359 0.000716882 -0.00168603 0.00121563 0.00557236 -0.00268563 -0.00106399 -0.00131723 -0.000777468 0.000588628 0.000825582
internal_weight=113 56 57 17 39 32 50 25 10 18 32 24 14 19 13
internal_count=113 56 57 17 39 32 50 25 10 18 32 24 14 19 13
is_linear=0
shrinkage=0.03


Tree=76
num_leaves=16
num_cat=0
split_feature=5 6 0 14 5 3 9 9 3 3 3 5 4 6 4
split_gain=0.554595 0.105298 0.0588585 0.0318701 0.025943 0.0163195 0.0233075 0.0226349 0.0155517 0.0923626 0.0140367 0.00290221 0.00225832 0.00593043 0.0075752
threshold=24.800000000000001 17.000000000000004 18.000000000000004 1.0000000180025095e-35 42.600000000000009 4.3500000000000005 0.30842105263157898 0.37589743589743596 3.8500000000000001 3.9500000000000006 4.6500000000000012 21.900000000000006 132.50000000000003 37.600000000000001 108.50000000000001
decision_type=2 2 2 2 2 2 2 2 2 2 2 2 2 2 2
left_child=1 8 4 5 12 7 -7 -3 -1 -10 -6 -8 13 -2 -15
right_child=2 3 -4 -5 10 6 11 -9 9 -11 -12 -13 -14 14 -16
leaf_value=0.0057730191393244616 0 0.00022000247294582962 -0.0046984524458336327 0.0028145298102627628 -0.00059228041280920646 0.001672314523647611 -0.0012079214401573184 0.0030151261346271401 0 0.0054962456322485385 -0.0028839898362842411 0 -0.0017572017429539788 -0.00145013789746112 0
leaf_weight=6.0000000000000027 7.0000000000000062 8.0000000000000018 6.9999999999999991 8.9999999999999982 5.0000000000000027 4.9999999999999991 5.9999999999999982 4.9999999999999991 4.9999999999999982 6 17 5 4.9999999999999991 11.000000000000002 5.9999999999999991
leaf_count=6 7 8 7 9 5 5 6 5 5 6 17 5 5 11 6
internal_value=0 0.00216545 -0.00203193 0.00121946 -0.00161972 0.00065718 0 0.00143808 0.00415403 0.0030497 -0.00244074 -0.00075795 -0.000933055 -0.000686271 -0.000986384
internal_weight=113 55 58 38 51 29 16 13 17 11 22 11 29 24 17
internal_count=113 55 58 38 51 29 16 13 17 11 22 11 29 24 17
is_linear=0
shrinkage=0.03


Tree=77
num_leaves=14
num_cat=0
split_feature=5 1 0 1 5 3 3 3 9 6 4 3 4
split_gain=0.524166 0.10113 0.0551792 0.0303696 0.0242576 0.0129725 0.0100832 0.0035271 0.00637476 0.0324693 0.00204243 0.0057729 0.0100816
threshold=24.800000000000001 5.0000000000000009 18.000000000000004 10.000000000000002 42.600000000000009 4.6500000000000012 4.2500000000000009 4.7500000000000009 0.28105263157894744 26.700000000000006 132.50000000000003 4.8500000000000005 108.50000000000001
decision_type=2 2 2 2 2 2 2 2 2 2 2 2 2
left_child=1 -1 4 6 10 -6 -3 8 -5 -10 11 -2 -13
right_child=2 3 -4 7 5 -7 -8 -9 9 -11 -12 12 -14
leaf_value=0.0050532891236893512 0 0.002943947578526355 -0.0045614143942172324 0 -0.00057519539689215285 -0.0027984761445631469 0.001179041720967254 0 0 0.0030405061881845956 -0.0017065132366350063 -0.0017467409967467553 0
leaf_weight=8.9999999999999982 10.000000000000005 13.000000000000002 6.9999999999999991 5.0000000000000062 5.0000000000000027 17 8.9999999999999982 4.9999999999999991 8.9999999999999982 4.9999999999999991 4.9999999999999991 7.9999999999999982 6
leaf_count=9 10 13 7 5 5 17 9 5 9 5 5 8 6
internal_value=0 0.00210518 -0.00197543 0.00147653 -0.00157476 -0.00237049 0.00230663 0.000640839 0.00082641 0.00115216 -0.000907639 -0.000666496 -0.00105969
internal_weight=113 55 58 46 51 22 22 24 19 14 29 24 14
internal_count=113 55 58 46 51 22 22 24 19 14 29 24 14
is_linear=0
shrinkage=0.03


Tree=78
num_leaves=16
num_cat=0
split_feature=6 1 2 3 3 23 6 5 3 8 8 2 2 24 3
split_gain=0.495551 0.0984961 0.0592851 0.0360137 0.0431504 0.0340565 0.0255052 0.0220529 0.0270426 0.0208224 0.0123001 0.00416151 0.0073481 0.00291362 0.00944766
threshold=32.70000000000001 7.0000000000000009 4.0500000000000007 3.8500000000000001 4.1500000000000012 1.0000000180025095e-35 27.800000000000001 40.20000000000001 4.4500000000000011 16.875000000000004 8.8392857142857171 3.5500000000000003 2.9500000000000006 1.0000000180025095e-35 4.3500000000000005
decision_type=2 2 2 2 2 2 2 2 2 2 2 2 2 2 2
left_child=1 3 7 -1 -5 6 9 11 -9 13 -10 12 -2 14 -3
right_child=2 5 -4 4 -6 -7 -8 8 10 -11 -12 -13 -14 -15 -16
leaf_value=0.0063271971104236699 -0.00036072972559315306 0.0017561003931153255 -0.0046211327301959185 0.00089476981976379961 0.0048902271859920928 0.0030407018059243752 -0.00083578808233141899 -0.00028052932970846676 -0.0034411155530175213 0.0026812712052055902 -0.0013964029374282534 0 -0.0020441500727946941 0 0
leaf_weight=5.0000000000000027 10.000000000000002 5.0000000000000062 6.9999999999999991 6.9999999999999982 5 6.9999999999999991 6.9999999999999991 7.0000000000000027 12.000000000000002 5.9999999999999991 7.9999999999999991 7.9999999999999991 4.9999999999999991 5.9999999999999991 7.9999999999999991
leaf_count=5 10 5 7 7 5 7 7 7 12 6 8 8 5 6 8
internal_value=0 0.00201037 -0.00195607 0.00394029 0.00273537 0.00111504 0.000630951 -0.00153616 -0.00214897 0.00110454 -0.00271941 -0.000739789 -0.00104007 0.000505751 0.000755451
internal_weight=113 56 57 17 12 39 32 50 27 25 20 23 15 19 13
internal_count=113 56 57 17 12 39 32 50 27 25 20 23 15 19 13
is_linear=0
shrinkage=0.03


Tree=79
num_leaves=12
num_cat=0
split_feature=5 1 5 1 23 5 3 3 9 6 6
split_gain=0.4694 0.0903865 0.0500924 0.0266134 0.0162288 0.0198057 0.00991737 0.0030178 0.00626 0.030799 0.00192255
threshold=24.800000000000001 5.0000000000000009 62.20000000000001 10.000000000000002 1.0000000180025095e-35 40.20000000000001 4.2500000000000009 4.7500000000000009 0.28105263157894744 26.700000000000006 50.300000000000004
decision_type=2 2 2 2 2 2 2 2 2 2 2
left_child=1 -1 4 6 5 10 -3 8 -5 -10 -2
right_child=2 3 -4 7 -6 -7 -8 -9 9 -11 -12
leaf_value=0.0047818114549812414 -0.0011522861034609375 0.0027975422177802423 -0.0043386513553559779 0 0 -0.0023962511309369838 0.0010676608809634396 0 0 0.0029400785308546168 -0.00014784109328062301
leaf_weight=8.9999999999999982 19.000000000000004 13.000000000000002 6.9999999999999991 5.0000000000000062 4.9999999999999991 21 8.9999999999999982 4.9999999999999991 8.9999999999999982 4.9999999999999991 5.9999999999999991
leaf_count=9 19 13 7 5 5 21 9 5 9 5 6
internal_value=0 0.00199098 -0.00187059 0.00139414 -0.00148691 -0.00166323 0.00217343 0.000605757 0.000777148 0.00110154 -0.00097383
internal_weight=113 55 58 46 51 46 22 24 19 14 25
internal_count=113 55 58 46 51 46 22 24 19 14 25
is_linear=0
shrinkage=0.03


Tree=80
num_leaves=16
num_cat=0
split_feature=6 5 2 2 2 5 3 8 8 14 6 6 2 2 2
split_gain=0.443342 0.0881445 0.0542588 0.040785 0.0405825 0.0190652 0.0244549 0.0113512 0.00942459 0.0175155 0.0107031 0.0136022 0.00820997 0.00408354 0.00664955
threshold=32.70000000000001 14.800000000000002 4.0500000000000007 3.2500000000000004 3.5500000000000003 40.20000000000001 4.4500000000000011 8.8392857142857171 21.500000000000004 1.0000000180025095e-35 28.500000000000004 26.100000000000005 3.6500000000000008 3.5500000000000003 2.9500000000000006
decision_type=2 2 2 2 2 2 2 2 2 2 2 2 2 2 2
left_child=1 3 5 -1 -5 13 -7 -8 9 10 11 -3 -13 14 -2
right_child=2 8 -4 4 -6 6 7 -9 -10 -11 -12 12 -14 -15 -16
leaf_value=0.0061165224230633284 -0.00033777865581214418 0.00075544930994510598 -0.004402545330425103 0.00059368830135402592 0.0041291323676705353 -0.00023430073556179786 -0.0032545362480106894 -0.0012853984651723651 0.0023198037021435222 0.0019409571006530667 0.0013226092919226616 -0.0016996108925041674 0 0 -0.0019519451188926512
leaf_weight=5.0000000000000027 10.000000000000002 8.0000000000000053 6.9999999999999991 6.9999999999999982 7 7.0000000000000027 12.000000000000002 7.9999999999999991 4.9999999999999991 7.9999999999999991 5.9999999999999991 4.9999999999999982 5 7.9999999999999991 4.9999999999999991
leaf_count=5 10 8 7 7 7 7 12 8 5 8 6 5 5 8 5
internal_value=0 0.00190144 -0.00185025 0.00358387 0.0025003 -0.00144693 -0.00201958 -0.00256166 0.000982542 0.0007139 0.000230236 -6.20034e-05 -0.000865014 -0.000698411 -0.000993122
internal_weight=113 56 57 19 14 50 27 20 37 32 24 18 10 23 15
internal_count=113 56 57 19 14 50 27 20 37 32 24 18 10 23 15
is_linear=0
shrinkage=0.03


Tree=81
num_leaves=15
num_cat=0
split_feature=5 1 0 3 3 23 2 4 5 5 3 4 3 4
split_gain=0.420325 0.0821453 0.046051 0.0310422 0.0407531 0.0273508 0.0183622 0.0305836 0.0178464 0.0123111 0.0100764 0.00179265 0.0049542 0.00924257
threshold=24.800000000000001 7.0000000000000009 18.000000000000004 3.8500000000000001 4.1500000000000012 1.0000000180025095e-35 3.1500000000000008 74.500000000000014 42.600000000000009 19.500000000000004 4.6500000000000012 132.50000000000003 4.8500000000000005 108.50000000000001
decision_type=2 2 2 2 2 2 2 2 2 2 2 2 2 2
left_child=1 3 8 -1 -5 6 -3 9 11 -8 -10 12 -2 -14
right_child=2 5 -4 4 -6 -7 7 -9 10 -11 -12 -13 13 -15
leaf_value=0.005873617018358061 0 -0.00059222851045584934 -0.0041387790922696385 0.00072744327403294557 0.0045942718134476578 0.0029402565066852871 0.0009386295207389967 0.0023013988560791508 -0.00046662019923902437 -0.00073672964349195047 -0.0024719010618363701 -0.001562645686432146 -0.0016021227332331787 0
leaf_weight=5.0000000000000027 10.000000000000005 6.9999999999999991 6.9999999999999991 6.9999999999999982 5 5.9999999999999991 8.0000000000000018 9.9999999999999982 5.0000000000000027 6.9999999999999991 17 4.9999999999999991 7.9999999999999982 6
leaf_count=5 10 7 7 7 5 6 8 10 5 7 17 5 8 6
internal_value=0 0.00188411 -0.00177003 0.00364364 0.00251048 0.00104273 0.000624302 0.00102645 -0.00140071 5.87045e-05 -0.00209203 -0.00081415 -0.000584604 -0.000946804
internal_weight=113 55 58 17 12 38 32 25 51 15 22 29 24 14
internal_count=113 55 58 17 12 38 32 25 51 15 22 29 24 14
is_linear=0
shrinkage=0.03


Tree=82
num_leaves=15
num_cat=0
split_feature=5 1 0 1 5 3 3 9 2 9 4 6 4 6
split_gain=0.397462 0.0783394 0.0431233 0.0211584 0.0166296 0.0097144 0.00928012 0.00279639 0.0177429 0.00617331 0.00160287 0.00475118 0.0063342 0.00104298
threshold=24.800000000000001 5.0000000000000009 18.000000000000004 10.000000000000002 42.600000000000009 4.2500000000000009 4.6500000000000012 0.40879120879120889 3.1500000000000008 0.32526896551724144 132.50000000000003 37.600000000000001 108.50000000000001 46.500000000000007
decision_type=2 2 2 2 2 2 2 2 2 2 2 2 2 2
left_child=1 -1 4 5 10 -3 -6 8 -5 -10 11 -2 13 -13
right_child=2 3 -4 7 6 -7 -8 -9 9 -11 -12 12 -14 -15
leaf_value=0.0044332760759710297 0 0.0025774234076115211 -0.0040180647699162358 -0.0011204699030181807 -0.00045315999107865151 0.00089868595864137882 -0.0023986062986050666 0.0011308636353351176 0.0014850460833986292 0 -0.001517569299500722 -0.0018134126984156085 0 -0.00051473245204937065
leaf_weight=8.9999999999999982 7.0000000000000062 13.000000000000002 6.9999999999999991 5.0000000000000062 5.0000000000000027 8.9999999999999982 17 6.9999999999999991 6.9999999999999982 5 4.9999999999999991 5.0000000000000018 5.9999999999999991 6
leaf_count=9 7 13 7 5 5 9 17 7 7 5 5 5 6 6
internal_value=0 0.00183177 -0.00172159 0.00127333 -0.00136263 0.00197252 -0.00203209 0.000559417 0.000226493 0.000919846 -0.000792955 -0.000568716 -0.000838855 -0.00126081
internal_weight=113 55 58 46 51 22 22 24 17 12 29 24 17 11
internal_count=113 55 58 46 51 22 22 24 17 12 29 24 17 11
is_linear=0
shrinkage=0.03


Tree=83
num_leaves=16
num_cat=0
split_feature=6 1 2 5 23 6 8 5 3 9 8 2 2 24 3
split_gain=0.375929 0.0758202 0.048989 0.0289203 0.0287727 0.022204 0.016829 0.0143505 0.0212302 0.0106389 0.0103479 0.00363929 0.00631322 0.00336807 0.00774283
threshold=32.70000000000001 7.0000000000000009 4.0500000000000007 17.000000000000004 1.0000000180025095e-35 27.800000000000001 16.875000000000004 40.20000000000001 4.4500000000000011 0.23212307692307693 8.8392857142857171 3.5500000000000003 2.9500000000000006 1.0000000180025095e-35 4.3500000000000005
decision_type=2 2 2 2 2 2 2 2 2 2 2 2 2 2 2
left_child=1 3 7 9 5 6 13 11 -9 -1 -10 12 -2 14 -3
right_child=2 4 -4 -5 -6 -7 -8 8 10 -11 -12 -13 -14 -15 -16
leaf_value=0.0025601104985868831 -0.00029241329771192623 0.0015954763062584836 -0.0041305129912992322 0.0013224241870545572 0.0027256901833849646 -0.00085813436036308603 0.0023750927155056305 -0.0001524820139942069 -0.0029840899100069132 0.0056083200415295931 -0.0011117754275087131 0 -0.0018600981367322114 0 0
leaf_weight=5.0000000000000018 10.000000000000002 5.0000000000000062 6.9999999999999991 5.9999999999999991 6.9999999999999991 6.9999999999999991 5.9999999999999991 7.0000000000000027 12.000000000000002 6 7.9999999999999991 7.9999999999999991 4.9999999999999991 5.9999999999999991 7.9999999999999991
leaf_count=5 10 5 7 6 7 7 6 7 12 6 8 8 5 6 8
internal_value=0 0.0017498 -0.0017049 0.0034467 0.00095805 0.000510267 0.000956713 -0.00132033 -0.00182428 0.00442716 -0.00232784 -0.000653463 -0.000931258 0.000410603 0.000689108
internal_weight=113 56 57 17 39 32 25 50 27 11 20 23 15 19 13
internal_count=113 56 57 17 39 32 25 50 27 11 20 23 15 19 13
is_linear=0
shrinkage=0.03


Tree=84
num_leaves=15
num_cat=0
split_feature=5 1 0 1 5 3 3 7 9 2 9 4 3 4
split_gain=0.35611 0.0695585 0.0390638 0.0185068 0.0142715 0.00863103 0.00792067 0.0116309 0.00282525 0.0165937 0.00573877 0.00140374 0.00436851 0.00817158
threshold=24.800000000000001 5.0000000000000009 18.000000000000004 10.000000000000002 42.600000000000009 4.2500000000000009 4.6500000000000012 1.6333333333333335 0.40879120879120889 3.1500000000000008 0.32526896551724144 132.50000000000003 4.8500000000000005 108.50000000000001
decision_type=2 2 2 2 2 2 2 2 2 2 2 2 2 2
left_child=1 -1 4 5 11 -3 -6 -8 9 -5 -11 12 -2 -14
right_child=2 3 -4 8 6 -7 7 -9 -10 10 -12 -13 13 -15
leaf_value=0.0041882760351670536 0 0.0024337571173567657 -0.0038208569275836146 -0.0011016072170773076 -0.00041935335773114941 0.00083347969000106283 -0.00093026905798372628 -0.0029969148140619778 0.0010961108716825644 0.0014177338823598501 0 -0.001444157179659949 -0.0014901533250401661 0
leaf_weight=8.9999999999999982 10.000000000000005 13.000000000000002 6.9999999999999991 5.0000000000000062 5.0000000000000027 8.9999999999999982 7.0000000000000009 10 6.9999999999999991 6.9999999999999982 5 4.9999999999999991 7.9999999999999982 6
leaf_count=9 10 13 7 5 5 9 7 10 7 7 5 5 8 6
internal_value=0 0.0017327 -0.00163076 0.00120374 -0.00128711 0.00186007 -0.00191203 -0.00225386 0.000529725 0.000199264 0.000873418 -0.000751806 -0.00053484 -0.000874286
internal_weight=113 55 58 46 51 22 22 17 24 17 12 29 24 14
internal_count=113 55 58 46 51 22 22 17 24 17 12 29 24 14
is_linear=0
shrinkage=0.03


Tree=85
num_leaves=15
num_cat=0
split_feature=6 1 2 3 3 23 6 8 6 2 8 2 8 9
split_gain=0.337499 0.0675794 0.0444627 0.0280612 0.0407976 0.0265857 0.0206295 0.0153321 0.0123546 0.00708073 0.00676764 0.0044272 0.00241298 0.00179496
threshold=32.70000000000001 7.0000000000000009 4.0500000000000007 3.8500000000000001 4.1500000000000012 1.0000000180025095e-35 27.800000000000001 16.875000000000004 68.600000000000009 3.4500000000000006 8.8392857142857171 2.9500000000000006 14.79166666666667 0.28105263157894744
decision_type=2 2 2 2 2 2 2 2 2 2 2 2 2 2
left_child=1 3 8 -1 -5 6 7 9 11 -3 -10 -2 -13 -11
right_child=2 5 -4 4 -6 -7 -8 -9 10 13 -12 12 -14 -15
leaf_value=0.0053672952727916107 0 0.0012150384814688742 -0.0039317530455688626 0.00043033651425503197 0.0042446861874598707 0.0026052945867801702 -0.00084325514733791357 0.0022607999589414366 -0.0024267894982314491 0.00035680835646006374 -0.00068451286796780849 -0.0011828975268872452 -4.6058607896646607e-05 -0.00033873373002279544
leaf_weight=5.0000000000000027 7.9999999999999991 6.0000000000000062 6.9999999999999991 6.9999999999999982 5 6.9999999999999991 6.9999999999999991 5.9999999999999991 12.000000000000002 5.9999999999999982 5.9999999999999991 19.000000000000004 4.9999999999999991 7
leaf_count=5 8 6 7 7 5 7 7 6 12 6 6 19 5 7
internal_value=0 0.00165642 -0.00161695 0.00326051 0.00218613 0.000905873 0.000473667 0.000905696 -0.00124862 0.00038055 -0.00194235 -0.000802179 -0.00101038 0
internal_weight=113 56 57 17 12 39 32 25 50 19 18 32 24 13
internal_count=113 56 57 17 12 39 32 25 50 19 18 32 24 13
is_linear=0
shrinkage=0.03


Tree=86
num_leaves=15
num_cat=0
split_feature=6 5 2 2 2 6 8 9 3 2 1 9 2 8
split_gain=0.319471 0.0638995 0.0416347 0.0332059 0.0395754 0.0115079 0.00675837 0.0162259 0.018836 0.0177231 0.00641156 0.00616847 0.00411735 0.00217431
threshold=32.70000000000001 14.800000000000002 4.0500000000000007 3.2500000000000004 3.5500000000000003 68.600000000000009 21.500000000000004 0.28105263157894744 4.1500000000000012 3.2500000000000004 26.000000000000004 0.40879120879120889 2.9500000000000006 14.79166666666667
decision_type=2 2 2 2 2 2 2 2 2 2 2 2 2 2
left_child=1 3 5 -1 -5 12 7 -3 -9 -10 -7 -11 -2 -14
right_child=2 6 -4 4 -6 10 -8 8 9 11 -12 -13 13 -15
leaf_value=0.0053316683909640826 0 -0.00055212813429534441 -0.0038170768910398088 0.0002144393774991234 0.0036465271872778721 -0.00097951222613514564 0.0019703813835691949 0.0023044930646816874 0.0015377787394875962 0.0001453084527935472 -0.0025915699589835559 -0.0011133778740007143 -0.0011477802455192429 -4.472999564873483e-05
leaf_weight=5.0000000000000027 7.9999999999999991 6.9999999999999991 6.9999999999999991 6.9999999999999982 7 9.0000000000000018 4.9999999999999991 7.0000000000000027 7.0000000000000027 5.9999999999999982 8.9999999999999982 5 19.000000000000004 4.9999999999999991
leaf_count=5 8 7 7 7 7 9 5 7 7 6 9 5 19 5
internal_value=0 0.00161157 -0.00157318 0.00304811 0.00206331 -0.0012152 0.000821139 0.000583863 0.000963322 0.000339745 -0.00188758 -0.000302558 -0.000781025 -0.00098223
internal_weight=113 56 57 19 14 50 37 32 25 18 18 11 32 24
internal_count=113 56 57 19 14 50 37 32 25 18 18 11 32 24
is_linear=0
shrinkage=0.03


Tree=87
num_leaves=16
num_cat=0
split_feature=6 1 2 3 4 3 5 23 8 2 24 6 1 2 2
split_gain=0.302424 0.0616915 0.0389736 0.0189114 0.0242559 0.0257823 0.0108212 0.0190482 0.0104953 0.00997869 0.00944752 0.00916718 0.00794427 0.0037702 0.00570833
threshold=32.70000000000001 5.0000000000000009 4.0500000000000007 4.6500000000000012 89.500000000000014 3.8500000000000001 40.20000000000001 1.0000000180025095e-35 8.8392857142857171 2.9500000000000006 1.0000000180025095e-35 24.900000000000002 10.000000000000002 3.5500000000000003 2.9500000000000006
decision_type=2 2 2 2 2 2 2 2 2 2 2 2 2 2 2
left_child=1 -1 6 4 5 -3 13 8 -8 -7 12 -6 -11 14 -2
right_child=2 3 -4 -5 11 9 7 -9 -10 10 -12 -13 -14 -15 -16
leaf_value=0.0038847221769190026 -0.00025269233786007927 0.003847875247996011 -0.0037057454884052276 -0.00017850197541217008 0.00094050972865751168 5.0958169546599148e-05 -0.002693645551067882 0 -0.00099140819901710059 0.0027483480123848439 0.00015755314988872177 -0.00083789506622661757 0.00065277007999471745 0 -0.0017483918684033247
leaf_weight=8.9999999999999982 10.000000000000002 5.0000000000000027 6.9999999999999991 6.9999999999999991 4.9999999999999982 7.0000000000000027 12.000000000000005 4.9999999999999991 9.9999999999999982 8.0000000000000018 4.9999999999999991 5 4.9999999999999991 7.9999999999999991 4.9999999999999991
leaf_count=9 10 5 7 7 5 7 12 5 10 8 5 5 5 8 5
internal_value=0 0.00156786 -0.00153075 0.00107785 0.00133482 0.00175914 -0.00118282 -0.00162648 -0.00200337 0.00125464 0.00163462 0 0.0020781 -0.000587821 -0.000866388
internal_weight=113 56 57 47 40 30 50 27 22 25 18 10 13 23 15
internal_count=113 56 57 47 40 30 50 27 22 25 18 10 13 23 15
is_linear=0
shrinkage=0.03


Tree=88
num_leaves=15
num_cat=0
split_feature=6 1 2 3 3 23 2 4 3 6 5 8 2 8
split_gain=0.286193 0.0588255 0.0364936 0.023625 0.0378061 0.0225243 0.0187259 0.0281308 0.0162681 0.0101068 0.00625438 0.00567277 0.00364901 0.00197143
threshold=32.70000000000001 7.0000000000000009 4.0500000000000007 3.8500000000000001 4.1500000000000012 1.0000000180025095e-35 3.1500000000000008 74.500000000000014 4.6500000000000012 68.600000000000009 19.500000000000004 8.8392857142857171 2.9500000000000006 14.79166666666667
decision_type=2 2 2 2 2 2 2 2 2 2 2 2 2 2
left_child=1 3 9 -1 -5 6 -3 8 10 12 -8 -11 -2 -14
right_child=2 5 -4 4 -6 -7 7 -9 -10 11 -12 -13 13 -15
leaf_value=0.0049763469211757142 0 -0.0011216482683084905 -0.0035976612505813433 0.00032684383836264412 0.0039939082198991215 0.0023884882119212607 0.0011950521916151036 0.0020124025349779161 -0.0013858881607078587 -0.0022337068623450931 0 -0.00060441651997426827 -0.0010851381154498082 -2.3265937701440755e-05
leaf_weight=5.0000000000000027 7.9999999999999991 4.9999999999999991 6.9999999999999991 6.9999999999999982 5 6.9999999999999991 7.0000000000000053 9.9999999999999982 4.9999999999999991 12.000000000000002 5 5.9999999999999991 19.000000000000004 4.9999999999999991
leaf_count=5 8 5 7 7 5 7 7 10 5 12 5 6 19 5
internal_value=0 0.00152523 -0.00148909 0.00302317 0.00201816 0.000821923 0.000419946 0.000766722 0 -0.00115085 0.000617619 -0.00178564 -0.000738323 -0.000927919
internal_weight=113 56 57 17 12 39 32 27 17 50 12 18 32 24
internal_count=113 56 57 17 12 39 32 27 17 50 12 18 32 24
is_linear=0
shrinkage=0.03


Tree=89
num_leaves=16
num_cat=0
split_feature=6 1 2 5 23 2 4 3 9 5 23 8 5 2 2
split_gain=0.270714 0.055693 0.0341455 0.0226299 0.0212251 0.0176664 0.0265556 0.0152984 0.0121146 0.00960731 0.0176414 0.00921184 0.00593633 0.00370844 0.00529515
threshold=32.70000000000001 7.0000000000000009 4.0500000000000007 17.000000000000004 1.0000000180025095e-35 3.1500000000000008 74.500000000000014 4.6500000000000012 0.23212307692307693 40.20000000000001 1.0000000180025095e-35 8.8392857142857171 19.500000000000004 3.5500000000000003 2.9500000000000006
decision_type=2 2 2 2 2 2 2 2 2 2 2 2 2 2 2
left_child=1 3 9 8 5 -3 7 12 -1 13 11 -11 -7 14 -2
right_child=2 4 -4 -5 -6 6 -8 -9 -10 10 -12 -13 -14 -15 -16
leaf_value=0.002000394234223326 -0.00023212072603842783 -0.0010892930434336168 -0.0034927293999741471 0.0010365591811076287 0.0023188240272672069 0.0011601965284595876 0.0019532142379595076 -0.0013459105875629645 0.004960598613946667 -0.0025567212633666432 0 -0.00093740275458377952 0 0 -0.0016789078039045515
leaf_weight=5.0000000000000018 10.000000000000002 4.9999999999999991 6.9999999999999991 5.9999999999999991 6.9999999999999991 7.0000000000000053 9.9999999999999982 4.9999999999999991 6 12.000000000000005 4.9999999999999991 9.9999999999999982 5 7.9999999999999991 4.9999999999999991
leaf_count=5 10 5 7 6 7 7 10 5 6 12 5 10 5 8 5
internal_value=0 0.00148263 -0.00144904 0.00294096 0.00079692 0.000405085 0.000742943 0 0.00380873 -0.00112027 -0.00154044 -0.00190331 0.000597049 -0.00055335 -0.000828813
internal_weight=113 56 57 17 39 32 27 17 11 50 27 22 12 23 15
internal_count=113 56 57 17 39 32 27 17 11 50 27 22 12 23 15
is_linear=0
shrinkage=0.03


Tree=90
num_leaves=16
num_cat=0
split_feature=6 1 2 3 3 23 2 4 3 6 23 1 5 2 8
split_gain=0.255974 0.052713 0.0319627 0.0218577 0.0356747 0.020001 0.0166668 0.0250699 0.0143854 0.00903949 0.0112543 0.0116283 0.00563519 0.00162632 0.00260915
threshold=32.70000000000001 7.0000000000000009 4.0500000000000007 3.8500000000000001 4.1500000000000012 1.0000000180025095e-35 3.1500000000000008 74.500000000000014 4.6500000000000012 41.600000000000001 1.0000000180025095e-35 26.000000000000004 19.500000000000004 2.5500000000000003 11.830357142857144
decision_type=2 2 2 2 2 2 2 2 2 2 2 2 2 2 2
left_child=1 3 9 -1 -5 6 -3 8 12 -2 11 13 -8 -11 -15
right_child=2 5 -4 4 -6 -7 7 -9 -10 10 -12 -13 -14 14 -16
leaf_value=0.0047409387057324691 0 -0.0010578711609391925 -0.0033908581857879949 0.0002463456701176862 0.0038035217787210748 0.0022511916363146152 0.0011263574194163074 0.0018957667567712419 -0.0013070862568341768 -0.00027891795927037781 0 -0.0025131743709030357 0 -0.0015122895085738154 -0.00037887033075094216
leaf_weight=5.0000000000000027 7.9999999999999991 4.9999999999999991 6.9999999999999991 6.9999999999999982 5 6.9999999999999991 7.0000000000000053 9.9999999999999982 4.9999999999999991 7.0000000000000027 4.9999999999999991 8.9999999999999982 5 14.000000000000002 6.9999999999999991
leaf_count=5 8 5 7 7 5 7 7 10 5 7 5 9 5 14 7
internal_value=0 0.00144115 -0.00140959 0.00286075 0.00188951 0.000772652 0.000390665 0.000719865 0 -0.00108993 -0.00126726 -0.00144709 0.000577078 -0.00103584 -0.00121238
internal_weight=113 56 57 17 12 39 32 27 17 50 42 37 12 28 21
internal_count=113 56 57 17 12 39 32 27 17 50 42 37 12 28 21
is_linear=0
shrinkage=0.03


Tree=91
num_leaves=16
num_cat=0
split_feature=6 1 2 5 23 2 4 3 9 6 23 1 5 2 8
split_gain=0.24216 0.0499165 0.0298928 0.0208357 0.0188474 0.0157239 0.0236686 0.0135259 0.0114741 0.00847622 0.0106815 0.0107437 0.00535001 0.00144819 0.00233897
threshold=32.70000000000001 7.0000000000000009 4.0500000000000007 17.000000000000004 1.0000000180025095e-35 3.1500000000000008 74.500000000000014 4.6500000000000012 0.23212307692307693 41.600000000000001 1.0000000180025095e-35 26.000000000000004 19.500000000000004 2.5500000000000003 11.830357142857144
decision_type=2 2 2 2 2 2 2 2 2 2 2 2 2 2 2
left_child=1 3 9 8 5 -3 7 12 -1 -2 11 13 -7 -11 -15
right_child=2 4 -4 -5 -6 6 -8 -9 -10 10 -12 -13 -14 14 -16
leaf_value=0.0018577934249948986 0 -0.0010273555931332968 -0.0032919581234455105 0.00094767720498625319 0.0021855319570749997 0.0010935053726037335 0.0018400088577147792 -0.0012693818558294041 0.0047315087265545307 -0.00027078285658111155 0 -0.0024394181297849055 0 -0.0014675597753457748 -0.00036781995557248591
leaf_weight=5.0000000000000018 7.9999999999999991 4.9999999999999991 6.9999999999999991 5.9999999999999991 6.9999999999999991 7.0000000000000053 9.9999999999999982 4.9999999999999991 6 7.0000000000000027 4.9999999999999991 8.9999999999999982 5 14.000000000000002 6.9999999999999991
leaf_count=5 8 5 7 6 7 7 10 5 6 7 5 9 5 14 7
internal_value=0 0.001401 -0.00137176 0.00278323 0.0007491 0.000376673 0.000697468 0 0.0036157 -0.00106101 -0.00123285 -0.00140806 0.00055769 -0.00100841 -0.00117866
internal_weight=113 56 57 17 39 32 27 17 11 50 42 37 12 28 21
internal_count=113 56 57 17 39 32 27 17 11 50 42 37 12 28 21
is_linear=0
shrinkage=0.03


Tree=92
num_leaves=16
num_cat=0
split_feature=6 1 0 3 4 3 6 2 24 5 3 7 1 5 2
split_gain=0.229099 0.0473325 0.0284515 0.0139856 0.0249929 0.0192375 0.00832217 0.0073891 0.00857231 0.00680308 0.00599404 0.00803673 0.00532909 0.00189022 0.0024716
threshold=32.70000000000001 5.0000000000000009 18.000000000000004 4.6500000000000012 89.500000000000014 3.8500000000000001 24.900000000000002 2.9500000000000006 1.0000000180025095e-35 42.600000000000009 4.6500000000000012 1.6333333333333335 10.000000000000002 25.100000000000005 3.4500000000000006
decision_type=2 2 2 2 2 2 2 2 2 2 2 2 2 2 2
left_child=1 -1 9 4 5 -3 -6 -7 12 13 -11 -12 -9 -2 -15
right_child=2 3 -4 -5 6 7 -8 8 -10 10 11 -13 -14 14 -16
leaf_value=0.003398182404976662 0 0.0034138853292768937 -0.0032104362143824494 -0.00012688505152861273 0.00068290114402771009 5.699077441628708e-05 -0.00098698830052923675 0.0024563153778634408 5.9069333812938269e-05 -0.00017915978884467697 -0.00063802805738911637 -0.0023918226602322908 0.00060754532531763494 -0.0012498350977534196 -0.00034057141312299986
leaf_weight=8.9999999999999982 5.0000000000000027 5.0000000000000027 6.9999999999999991 6.9999999999999991 4.9999999999999982 7.0000000000000027 5 8.0000000000000018 4.9999999999999991 5.0000000000000027 7.0000000000000009 10 4.9999999999999991 8.0000000000000018 14.999999999999998
leaf_count=9 5 5 7 7 5 7 5 8 5 5 7 10 5 8 15
internal_value=0 0.00136191 -0.00133504 0.000927455 0.00114899 0.00158181 -7.966e-06 0.00113169 0.00146199 -0.00103086 -0.00148297 -0.0017727 0.00187887 -0.00061444 -0.00072954
internal_weight=113 56 57 47 40 30 10 25 18 50 22 17 13 28 23
internal_count=113 56 57 47 40 30 10 25 18 50 22 17 13 28 23
is_linear=0
shrinkage=0.03


Tree=93
num_leaves=16
num_cat=0
split_feature=6 1 2 3 3 23 2 4 3 6 23 1 5 2 8
split_gain=0.217079 0.0451485 0.0273576 0.0194957 0.0334416 0.0166626 0.0144462 0.0223909 0.0122917 0.00766378 0.00996128 0.0091445 0.00488513 0.00131323 0.00227706
threshold=32.70000000000001 7.0000000000000009 4.0500000000000007 3.8500000000000001 4.1500000000000012 1.0000000180025095e-35 3.1500000000000008 74.500000000000014 4.6500000000000012 41.600000000000001 1.0000000180025095e-35 26.000000000000004 19.500000000000004 2.5500000000000003 8.8392857142857171
decision_type=2 2 2 2 2 2 2 2 2 2 2 2 2 2 2
left_child=1 3 9 -1 -5 6 -3 8 12 -2 11 13 -8 -11 -15
right_child=2 5 -4 4 -6 -7 7 -9 -10 10 -12 -13 -14 14 -16
leaf_value=0.0044193172082304917 0 -0.00099334139325387349 -0.0031398640743767218 0.0001289679273031652 0.0035609500167461533 0.00205592148238793 0.001027637692168354 0.001769960142452927 -0.0012291048982968698 -0.00024205441897114105 0 -0.0022987151664236316 0 -0.0017514686907331141 -0.00067680081506718841
leaf_weight=5.0000000000000027 7.9999999999999991 4.9999999999999991 6.9999999999999991 6.9999999999999982 5 6.9999999999999991 7.0000000000000053 9.9999999999999982 4.9999999999999991 7.0000000000000027 4.9999999999999991 8.9999999999999982 5 7.0000000000000027 13.999999999999998
leaf_count=5 8 5 7 7 5 7 7 10 5 7 5 9 5 7 14
internal_value=0 0.00132527 -0.00129997 0.00264104 0.00171685 0.000702918 0.000349434 0.000658719 0 -0.00100103 -0.00116424 -0.00133366 0.000512696 -0.000956168 -0.00111892
internal_weight=113 56 57 17 12 39 32 27 17 50 42 37 12 28 21
internal_count=113 56 57 17 12 39 32 27 17 50 42 37 12 28 21
is_linear=0
shrinkage=0.03


Tree=94
num_leaves=16
num_cat=0
split_feature=6 1 0 3 3 23 6 24 8 6 2 8 7 5 8
split_gain=0.205417 0.0427705 0.0258212 0.0180545 0.0313807 0.0157036 0.0138314 0.0100217 0.0143696 0.00598281 0.00737395 0.00206408 0.00659907 0.0019422 0.00147695
threshold=32.70000000000001 7.0000000000000009 18.000000000000004 3.8500000000000001 4.1500000000000012 1.0000000180025095e-35 27.800000000000001 1.0000000180025095e-35 16.041666666666671 41.600000000000001 3.7500000000000004 11.04166666666667 1.6333333333333335 17.700000000000003 12.812500000000002
decision_type=2 2 2 2 2 2 2 2 2 2 2 2 2 2 2
left_child=1 3 9 -1 -5 6 7 8 13 -2 11 12 -11 -3 -13
right_child=2 5 -4 4 -6 -7 -8 -9 -10 10 -12 14 -14 -15 -16
leaf_value=0.0042918368536405804 -7.4078512540006115e-05 -0.0001111072150524704 -0.0030558257705221572 0.00012520634646837907 0.003458230524108959 0.0019959571918783088 -0.0007288020756095648 -0.00016914264569359438 0.0019211831931834635 -0.00049965160787740547 -0.00217452786086748 0 -0.0018589836345394937 0.00058409121919584519 -0.00069563590245501632
leaf_weight=5.0000000000000027 8.9999999999999982 5.0000000000000053 6.9999999999999991 6.9999999999999982 5 6.9999999999999991 6.9999999999999991 5.9999999999999991 8.9999999999999982 13.000000000000002 6.9999999999999991 6.9999999999999982 7.9999999999999991 5 6
leaf_count=5 9 5 7 7 5 7 7 6 9 13 7 7 8 5 6
internal_value=0 0.00128845 -0.00126531 0.00256987 0.00167084 0.000681358 0.000336594 0.000697846 0.00104867 -0.000973579 -0.0011333 -0.000863613 -0.0011009 9.40703e-05 -0.000355794
internal_weight=113 56 57 17 12 39 32 25 19 50 41 34 21 10 13
internal_count=113 56 57 17 12 39 32 25 19 50 41 34 21 10 13
is_linear=0
shrinkage=0.03


Tree=95
num_leaves=15
num_cat=0
split_feature=6 1 2 5 23 2 4 9 3 23 1 5 6 2
split_gain=0.194501 0.0405291 0.0248577 0.0176225 0.0148038 0.0132319 0.0206561 0.0119055 0.0110557 0.00695889 0.0130342 0.00451642 0.0039052 0.00125545
threshold=32.70000000000001 7.0000000000000009 4.0500000000000007 17.000000000000004 1.0000000180025095e-35 3.1500000000000008 74.500000000000014 0.23212307692307693 4.6500000000000012 1.0000000180025095e-35 26.000000000000004 19.500000000000004 41.600000000000001 2.5500000000000003
decision_type=2 2 2 2 2 2 2 2 2 2 2 2 2 2
left_child=1 3 9 7 5 -3 8 -1 11 10 12 -7 -2 -14
right_child=2 4 -4 -5 -6 6 -8 -9 -10 -11 -12 -13 13 -15
leaf_value=0.0015524760146553693 0 -0.00095791868229683197 -0.0029899407519648471 0.00079475062989419506 0.0019377416962136824 0.00097333073616027749 0.0016892812866717577 0.0043568876217449856 -0.0011761904593843681 0 -0.002169305797180404 0 -0.00020909357039878751 -0.0010618933320115757
leaf_weight=5.0000000000000018 7.9999999999999991 4.9999999999999991 6.9999999999999991 5.9999999999999991 6.9999999999999991 7.0000000000000053 9.9999999999999982 6 4.9999999999999991 4.9999999999999991 8.9999999999999982 5 7.0000000000000027 21
leaf_count=5 8 5 7 6 7 7 10 6 5 5 9 5 7 21
internal_value=0 0.00125261 -0.00123236 0.00250076 0.000660304 0.00032398 0.000621814 0.00326657 0 -0.000945487 -0.00106367 0.000475317 -0.000735367 -0.00090488
internal_weight=113 56 57 17 39 32 27 11 17 50 45 12 36 28
internal_count=113 56 57 17 39 32 27 11 17 50 45 12 36 28
is_linear=0
shrinkage=0.03


Tree=96
num_leaves=16
num_cat=0
split_feature=6 6 14 0 3 6 1 2 6 2 4 3 8 7 8
split_gain=0.183922 0.0385297 0.0588181 0.0234599 0.0129191 0.0182333 0.0181135 0.00736745 0.00528556 0.00618395 0.00252624 0.00830752 0.00197571 0.00604903 0.0014568
threshold=32.70000000000001 15.4 1.0000000180025095e-35 18.000000000000004 4.4500000000000011 15.800000000000002 10.000000000000002 3.1500000000000008 41.600000000000001 3.7500000000000004 89.500000000000014 4.3500000000000005 11.04166666666667 1.6333333333333335 12.812500000000002
decision_type=2 2 2 2 2 2 2 2 2 2 2 2 2 2 2
left_child=1 -1 4 8 5 -3 -7 -4 -2 12 11 -8 13 -10 -14
right_child=3 2 7 -5 -6 6 10 -9 9 -11 -12 -13 14 -15 -16
leaf_value=0.0035400452999578363 -6.2154678263418047e-05 -0.00085293870992385367 0.0015522170862964084 -0.0029090456540385879 -0.00060636842481630012 0.0020753610134124746 0.001443716914822849 0.0039565643266989622 -0.00046320596656931391 -0.0020399645467599229 -2.357991953049935e-05 -2.8453779573632882e-05 0 -0.0017716315079752993 -0.00065488723962898207
leaf_weight=5.9999999999999991 8.9999999999999982 5.0000000000000027 5.9999999999999982 6.9999999999999991 8.9999999999999982 9.0000000000000018 4.9999999999999982 5 13.000000000000002 6.9999999999999991 5.9999999999999991 5 6.9999999999999982 7.9999999999999991 6
leaf_count=6 9 5 6 7 9 9 5 5 13 7 6 5 7 8 6
internal_value=0 0.00121777 0.000896225 -0.00119868 0.000300832 0.000624875 0.000984385 0.00283017 -0.000918713 -0.00106912 0.000260072 0.000574448 -0.000814614 -0.00104442 -0.000319554
internal_weight=113 56 50 57 39 30 25 11 50 41 16 10 34 21 13
internal_count=113 56 50 57 39 30 25 11 50 41 16 10 34 21 13
is_linear=0
shrinkage=0.03


Tree=97
num_leaves=15
num_cat=0
split_feature=6 1 2 3 4 3 6 23 1 2 24 1 6 2
split_gain=0.173944 0.0371236 0.0226266 0.0102889 0.0237307 0.0147429 0.00790189 0.00655466 0.0113596 0.00572591 0.00745081 0.00349283 0.00341324 0.00118203
threshold=32.70000000000001 5.0000000000000009 4.0500000000000007 4.6500000000000012 89.500000000000014 3.8500000000000001 24.900000000000002 1.0000000180025095e-35 26.000000000000004 2.9500000000000006 1.0000000180025095e-35 10.000000000000002 41.600000000000001 2.5500000000000003
decision_type=2 2 2 2 2 2 2 2 2 2 2 2 2 2
left_child=1 -1 7 4 5 -3 -6 8 12 -7 11 -11 -2 -14
right_child=2 3 -4 -5 6 9 -8 -9 -10 10 -12 -13 13 -15
leaf_value=0.0029907905439967692 0 0.0030353331515708772 -0.0028478548970694343 -8.4544426451126726e-05 0.00049641607042688596 3.0550967203453156e-05 -0.0010795740883510845 0 -0.0020466571860015392 0.0021767167992344707 0 0.00054279153429049004 -0.00017858128529041995 -0.001005584735792341
leaf_weight=8.9999999999999982 7.9999999999999991 5.0000000000000027 6.9999999999999991 6.9999999999999991 4.9999999999999982 7.0000000000000027 5 4.9999999999999991 8.9999999999999982 8.0000000000000018 4.9999999999999991 4.9999999999999991 7.0000000000000027 21
leaf_count=9 8 5 7 7 5 7 5 5 9 8 5 5 7 21
internal_value=0 0.00118242 -0.00116756 0.00079315 0.000983717 0.00140986 -0.000150237 -0.000892035 -0.00100711 0.00100373 0.00129528 0.00167967 -0.00069591 -0.000854758
internal_weight=113 56 57 47 40 30 10 50 45 25 18 13 36 28
internal_count=113 56 57 47 40 30 10 50 45 25 18 13 36 28
is_linear=0
shrinkage=0.03


Tree=98
num_leaves=16
num_cat=0
split_feature=6 14 6 0 3 6 1 2 6 2 4 3 4 5 2
split_gain=0.164699 0.0355582 0.054064 0.0213156 0.0115142 0.0178796 0.0165904 0.00692018 0.00466578 0.00514408 0.00219015 0.00760901 0.00191147 0.00442652 0.00103018
threshold=32.70000000000001 1.0000000180025095e-35 15.4 18.000000000000004 4.4500000000000011 15.800000000000002 10.000000000000002 3.1500000000000008 41.600000000000001 3.7500000000000004 89.500000000000014 4.3500000000000005 145.00000000000003 42.600000000000009 3.4500000000000006
decision_type=2 2 2 2 2 2 2 2 2 2 2 2 2 2 2
left_child=1 2 -1 8 5 -4 -7 -3 -2 12 11 -8 13 14 -10
right_child=3 7 4 -5 -6 6 10 -9 9 -11 -12 -13 -14 -15 -16
leaf_value=0.0033500094122944335 -5.104407080975563e-05 0.001470957184811273 -0.00089265639034028183 -0.0027696936422338088 -0.00058678706298055867 0.0019773449692065291 0.0013666956441906785 0.0038115079700946799 -0.00056801688411961418 -0.001912755367035667 -1.4430089823661298e-05 -3.7379989046782519e-05 -0.00010594487201604175 -0.001395684317227636 0
leaf_weight=5.9999999999999991 8.9999999999999982 5.9999999999999982 5.0000000000000027 6.9999999999999991 8.9999999999999982 9.0000000000000018 4.9999999999999982 5 9.0000000000000018 6.9999999999999991 5.9999999999999991 5 7.9999999999999991 11.999999999999998 4.9999999999999991
leaf_count=6 9 6 5 7 9 9 5 5 9 7 6 5 8 12 5
internal_value=0 0.00115096 0.000724433 -0.00113572 0.000267201 0.000575256 0.000933117 0.00271784 -0.000866957 -0.00100854 0.000235986 0.000530632 -0.000768415 -0.000912636 -0.000379135
internal_weight=113 56 45 57 39 30 25 11 50 41 16 10 34 26 14
internal_count=113 56 45 57 39 30 25 11 50 41 16 10 34 26 14
is_linear=0
shrinkage=0.03


Tree=99
num_leaves=15
num_cat=0
split_feature=6 1 2 3 4 3 6 23 1 2 24 1 6 2
split_gain=0.155784 0.0337291 0.0206044 0.00932124 0.0217638 0.0132793 0.00760299 0.006126 0.00991476 0.00539797 0.00710131 0.00297972 0.0029658 0.0010198
threshold=32.70000000000001 5.0000000000000009 4.0500000000000007 4.6500000000000012 89.500000000000014 3.8500000000000001 24.900000000000002 1.0000000180025095e-35 26.000000000000004 2.9500000000000006 1.0000000180025095e-35 10.000000000000002 41.600000000000001 2.5500000000000003
decision_type=2 2 2 2 2 2 2 2 2 2 2 2 2 2
left_child=1 -1 7 4 5 -3 -6 8 12 -7 11 -11 -2 -14
right_child=2 3 -4 -5 6 9 -8 -9 -10 10 -12 -13 13 -15
leaf_value=0.0028431963260569003 0 0.0028848656746917022 -0.0027131903559590377 -8.3290152251720411e-05 0.00047432369480912502 1.9531017945457326e-07 -0.001066786989999505 0 -0.0019316409779307634 0.0020693397676435905 0 0.0005091768813032943 -0.00015680548114081213 -0.0009486306565901579
leaf_weight=8.9999999999999982 7.9999999999999991 5.0000000000000027 6.9999999999999991 6.9999999999999991 4.9999999999999982 7.0000000000000027 5 4.9999999999999991 8.9999999999999982 8.0000000000000018 4.9999999999999991 4.9999999999999991 7.0000000000000027 21
leaf_count=9 8 5 7 7 5 7 5 5 9 8 5 5 7 21
internal_value=0 0.00111755 -0.00110638 0.000744679 0.000926581 0.00133541 -0.000154981 -0.000841628 -0.000953243 0.000945558 0.00122674 0.00159972 -0.000657886 -0.000806382
internal_weight=113 56 57 47 40 30 10 50 45 25 18 13 36 28
internal_count=113 56 57 47 40 30 10 50 45 25 18 13 36 28
is_linear=0
shrinkage=0.03


Tree=100
num_leaves=16
num_cat=0
split_feature=6 14 6 0 6 3 1 2 6 8 7 8 4 3 2
split_gain=0.147523 0.0336382 0.0489251 0.0193658 0.0104307 0.0173307 0.015192 0.00649005 0.00411602 0.00474517 0.0135321 0.00229744 0.00189573 0.00696913 0.000887239
threshold=32.70000000000001 1.0000000180025095e-35 15.4 18.000000000000004 15.800000000000002 4.4500000000000011 10.000000000000002 3.1500000000000008 41.600000000000001 11.04166666666667 1.6333333333333335 12.812500000000002 89.500000000000014 4.3500000000000005 2.5500000000000003
decision_type=2 2 2 2 2 2 2 2 2 2 2 2 2 2 2
left_child=1 2 -1 8 -4 6 -6 -3 -2 10 14 -11 13 -8 -10
right_child=3 7 4 -5 5 -7 12 -9 9 11 -12 -13 -14 -15 -16
leaf_value=0.0031698032979282638 -4.0698682524911726e-05 0.001394264221852345 -0.00092805428502078235 -0.0026373634301125998 0.001884028257235236 -0.00056766496566326729 0.0012939825159712481 0.0036724524973676745 0 0 -0.0019427224714308974 -0.00070331991332151541 -5.4109096527099466e-06 -4.5116643170611191e-05 -0.00057767638925281244
leaf_weight=5.9999999999999991 8.9999999999999982 5.9999999999999982 4.9999999999999991 6.9999999999999991 9.0000000000000018 8.9999999999999982 4.9999999999999982 5 5.0000000000000009 6.9999999999999991 13 7.9999999999999991 5.9999999999999991 5 7.9999999999999991
leaf_count=6 9 6 5 7 9 9 5 5 5 7 13 8 6 5 8
internal_value=0 0.00108789 0.000672522 -0.00107627 0.000235847 0.000455295 0.000884667 0.00261082 -0.000818204 -0.000951441 -0.00122907 -0.000361694 0.000213614 0.000489618 -0.000383159
internal_weight=113 56 45 57 39 34 25 11 50 41 26 15 16 10 13
internal_count=113 56 45 57 39 34 25 11 50 41 26 15 16 10 13
is_linear=0
shrinkage=0.03


Tree=101
num_leaves=14
num_cat=0
split_feature=6 14 6 2 2 3 2 23 1 1 3 6 2
split_gain=0.139448 0.0318475 0.046189 0.0190043 0.0102432 0.0109055 0.00588127 0.00576737 0.00858596 0.00271238 0.00455323 0.00255891 0.000872227
threshold=32.70000000000001 1.0000000180025095e-35 15.4 4.0500000000000007 3.3500000000000001 4.4500000000000011 3.1500000000000008 1.0000000180025095e-35 26.000000000000004 10.000000000000002 4.0500000000000007 41.600000000000001 2.5500000000000003
decision_type=2 2 2 2 2 2 2 2 2 2 2 2 2
left_child=1 2 -1 7 -4 9 -3 8 11 10 -6 -2 -13
right_child=3 6 4 -5 5 -7 -8 -9 -10 -11 -12 12 -14
leaf_value=0.0030777767111336988 0 0.0013537855779812223 -0.00052330363760976243 -0.0025927520000065363 0.00038317199330776907 -0.00026458119223939211 0.0035665161807376593 0 -0.001819281073935006 0.00020786232755110571 0.0019171938155927962 -0.00013604264551152776 -0.0008934246041847146
leaf_weight=5.9999999999999991 7.9999999999999991 5.9999999999999982 9.9999999999999982 6.9999999999999991 7.0000000000000036 7.9999999999999991 5 4.9999999999999991 8.9999999999999982 8 6 7.0000000000000027 21
leaf_count=6 8 6 10 7 7 8 5 5 9 8 6 7 21
internal_value=0 0.0010563 0.000650993 -0.00104778 0.000225578 0.000536998 0.00253923 -0.000792133 -0.000900957 0.000912732 0.00122314 -0.000621156 -0.000759578
internal_weight=113 56 45 57 39 29 11 50 45 21 13 36 28
internal_count=113 56 45 57 39 29 11 50 45 21 13 36 28
is_linear=0
shrinkage=0.03


Tree=102
num_leaves=15
num_cat=0
split_feature=6 14 6 2 6 3 1 23 1 2 6 4 3 2
split_gain=0.132034 0.0300366 0.0434832 0.0177703 0.00978461 0.0158805 0.0134364 0.00550843 0.00796235 0.00531358 0.00238003 0.00182038 0.00670277 0.000747347
threshold=32.70000000000001 1.0000000180025095e-35 15.4 4.0500000000000007 15.800000000000002 4.4500000000000011 10.000000000000002 1.0000000180025095e-35 26.000000000000004 3.1500000000000008 41.600000000000001 89.500000000000014 4.3500000000000005 2.5500000000000003
decision_type=2 2 2 2 2 2 2 2 2 2 2 2 2 2
left_child=1 2 -1 7 -4 6 -6 8 10 -3 -2 12 -8 -12
right_child=3 9 4 -5 5 -7 11 -9 -10 -11 13 -13 -14 -15
leaf_value=0.0029884219393434539 0 0.0013144821287583441 -0.00090710685588419433 -0.0025171299942303446 0.0017874774122205758 -0.00054239670725782295 0.0012675331518627131 0 -0.0017658891464057175 0.0034636360779404631 -0.00013207473792135706 -4.2127481391352853e-06 -4.1374716451033355e-05 -0.00086687471831814857
leaf_weight=5.9999999999999991 7.9999999999999991 5.9999999999999982 4.9999999999999991 6.9999999999999991 9.0000000000000018 8.9999999999999982 4.9999999999999982 4.9999999999999991 8.9999999999999982 5 7.0000000000000027 5.9999999999999991 5 21
leaf_count=6 8 6 5 7 9 9 5 5 9 5 7 6 5 21
internal_value=0 0.00102805 0.000633095 -0.00101933 0.000219074 0.000432884 0.000845028 -0.000770567 -0.000877005 0.00246971 -0.000604818 0.000206784 0.000478042 -0.000738606
internal_weight=113 56 45 57 39 34 25 50 45 11 36 16 10 28
internal_count=113 56 45 57 39 34 25 50 45 11 36 16 10 28
is_linear=0
shrinkage=0.03


Tree=103
num_leaves=15
num_cat=0
split_feature=6 1 0 3 4 3 6 2 24 6 8 7 8 2
split_gain=0.124729 0.0285079 0.017177 0.00773902 0.018968 0.0115036 0.00756736 0.0048945 0.00690536 0.00341969 0.00467729 0.0119177 0.00205814 0.000691161
threshold=32.70000000000001 5.0000000000000009 18.000000000000004 4.6500000000000012 89.500000000000014 3.8500000000000001 24.900000000000002 2.9500000000000006 1.0000000180025095e-35 41.600000000000001 11.04166666666667 1.6333333333333335 12.812500000000002 2.5500000000000003
decision_type=2 2 2 2 2 2 2 2 2 2 2 2 2 2
left_child=1 -1 9 4 5 -3 -6 -7 -9 -2 11 13 -12 -11
right_child=2 3 -4 -5 6 7 -8 8 -10 10 12 -13 -14 -15
leaf_value=0.0025866459431531635 -2.284160268533488e-05 0.0026481236979732487 -0.0024644581942508616 -9.0010932957132638e-05 0.0004371165985671374 0 -0.0010890422485625513 0.0014625810820672826 0 0 0 -0.0018089647083119908 -0.00061958506862383076 -0.00050924784867320116
leaf_weight=8.9999999999999982 8.9999999999999982 5.0000000000000027 6.9999999999999991 6.9999999999999991 4.9999999999999982 7.0000000000000027 5 13.000000000000002 4.9999999999999991 5.0000000000000009 6.9999999999999991 13 7.9999999999999991 7.9999999999999991
leaf_count=9 9 5 7 7 5 7 5 13 5 5 7 13 8 8
internal_value=0 0.000998208 -0.000991723 0.000652587 0.000819657 0.00120332 -0.000185295 0.00083611 0.0011 -0.000746662 -0.00086826 -0.00113873 -0.000291946 -0.000337604
internal_weight=113 56 57 47 40 30 10 25 18 50 41 26 15 13
internal_count=113 56 57 47 40 30 10 25 18 50 41 26 15 13
is_linear=0
shrinkage=0.03


Tree=104
num_leaves=14
num_cat=0
split_feature=6 14 6 2 2 3 23 1 2 1 3 6 2
split_gain=0.118077 0.0284558 0.0393589 0.0163852 0.00967276 0.00945621 0.00518714 0.00684772 0.00485283 0.00216728 0.00410182 0.0020415 0.000632018
threshold=32.70000000000001 1.0000000180025095e-35 15.4 4.0500000000000007 3.3500000000000001 4.4500000000000011 1.0000000180025095e-35 26.000000000000004 3.1500000000000008 10.000000000000002 4.0500000000000007 41.600000000000001 2.5500000000000003
decision_type=2 2 2 2 2 2 2 2 2 2 2 2 2
left_child=1 2 -1 6 -4 9 7 11 -3 10 -6 -2 -13
right_child=3 8 4 -5 5 -7 -8 -9 -10 -11 -12 12 -14
leaf_value=0.0028259701525882603 0 0.0012493522423169306 -0.00053929590140743293 -0.0024055746987384427 0.00032493345905095319 -0.0002422815937230863 0 -0.0016620851794014806 0.0033322413853154723 0.00018637446993280469 0.0017862927685341524 -0.00011314784952749801 -0.00081648252271818665
leaf_weight=5.9999999999999991 7.9999999999999991 5.9999999999999982 9.9999999999999982 6.9999999999999991 7.0000000000000036 7.9999999999999991 4.9999999999999991 8.9999999999999982 5 8 6 7.0000000000000027 21
leaf_count=6 8 6 10 7 7 8 5 9 5 8 6 7 21
internal_value=0 0.000970639 0.000585759 -0.000965497 0.000190186 0.000495072 -0.000725225 -0.000829105 0.00237265 0.000846359 0.00112989 -0.000571391 -0.00069589
internal_weight=113 56 45 57 39 29 50 45 11 21 13 36 28
internal_count=113 56 45 57 39 29 50 45 11 21 13 36 28
is_linear=0
shrinkage=0.03


Tree=105
num_leaves=16
num_cat=0
split_feature=6 14 6 0 6 3 1 2 6 8 7 8 4 3 2
split_gain=0.111837 0.02684 0.03705 0.015641 0.00963104 0.0141868 0.0117313 0.00435866 0.00299926 0.00449588 0.0107925 0.00188327 0.00155732 0.00632408 0.000586795
threshold=32.70000000000001 1.0000000180025095e-35 15.4 18.000000000000004 15.800000000000002 4.4500000000000011 10.000000000000002 3.1500000000000008 41.600000000000001 11.04166666666667 1.6333333333333335 12.812500000000002 89.500000000000014 4.3500000000000005 2.5500000000000003
decision_type=2 2 2 2 2 2 2 2 2 2 2 2 2 2 2
left_child=1 2 -1 8 -4 6 -6 -3 -2 10 14 -11 13 -8 -10
right_child=3 7 4 -5 5 -7 12 -9 9 11 -12 -13 -14 -15 -16
leaf_value=0.0027439258570572536 -1.4327004268441503e-05 0.001213080784335973 -0.00093853436123866299 -0.0023479280403504764 0.0016716191022778327 -0.0005192819192155224 0.001211784463734008 0.0032361195250772503 0 0 -0.0017199132875645193 -0.00057190056629024644 0 -6.2498156823074556e-05 -0.00047044598815462946
leaf_weight=5.9999999999999991 8.9999999999999982 5.9999999999999982 4.9999999999999991 6.9999999999999991 9.0000000000000018 8.9999999999999982 4.9999999999999982 5 5.0000000000000009 6.9999999999999991 13 7.9999999999999991 5.9999999999999991 5 7.9999999999999991
leaf_count=6 9 6 5 7 9 9 5 5 5 7 13 8 6 5 8
internal_value=0 0.000944875 0.000569758 -0.000939411 0.000184712 0.000398278 0.000789623 0.00230794 -0.00070377 -0.000817899 -0.00108107 -0.000254827 0.000186395 0.000438852 -0.000312214
internal_weight=113 56 45 57 39 34 25 11 50 41 26 15 16 10 13
internal_count=113 56 45 57 39 34 25 11 50 41 26 15 16 10 13
is_linear=0
shrinkage=0.03


Tree=106
num_leaves=15
num_cat=0
split_feature=6 14 6 2 2 3 23 1 2 1 6 0 2 2
split_gain=0.105729 0.0254251 0.0349869 0.0151095 0.00915471 0.00855285 0.00488552 0.00586064 0.00389844 0.00183052 0.00341011 0.00181043 0.000761296 0.00247412
threshold=32.70000000000001 1.0000000180025095e-35 15.4 4.0500000000000007 3.3500000000000001 4.4500000000000011 1.0000000180025095e-35 26.000000000000004 3.1500000000000008 10.000000000000002 16.400000000000002 9.0000000000000018 2.5500000000000003 3.3500000000000001
decision_type=2 2 2 2 2 2 2 2 2 2 2 2 2 2
left_child=1 2 -1 6 -4 9 7 11 -3 10 -6 -2 -13 -14
right_child=3 8 4 -5 5 -7 -8 -9 -10 -11 -12 12 13 -15
leaf_value=0.0026642635260378158 -1.7920256427982267e-05 0.0011778622274587474 -0.00053303521208684229 -0.0022993046617678673 0.00031020323435465471 -0.00021999195127225503 0 -0.0015638083061608285 0.0031427696891702128 0.00017717221269111439 0.0016859018309943134 -9.5515095939238795e-05 -0.0015413489737189723 -0.00043401063485464582
leaf_weight=5.9999999999999991 9.9999999999999982 5.9999999999999982 9.9999999999999982 6.9999999999999991 7.0000000000000036 7.9999999999999991 4.9999999999999991 8.9999999999999982 5 8 6 7.0000000000000027 5.0000000000000027 13.999999999999998
leaf_count=6 10 6 10 7 7 8 5 9 5 8 6 7 5 14
internal_value=0 0.000917465 0.000551248 -0.000914624 0.000175969 0.000473799 -0.0006825 -0.000783971 0.0022451 0.000808437 0.0010747 -0.000540013 -0.000681896 -0.000816561
internal_weight=113 56 45 57 39 29 50 45 11 21 13 36 26 19
internal_count=113 56 45 57 39 29 50 45 11 21 13 36 26 19
is_linear=0
shrinkage=0.03


Tree=107
num_leaves=16
num_cat=0
split_feature=6 14 6 0 6 3 1 2 6 8 7 8 4 3 2
split_gain=0.100293 0.0239815 0.0329315 0.0142119 0.009028 0.0130288 0.010355 0.00347009 0.00272809 0.00428305 0.00989834 0.0017213 0.00149859 0.00608664 0.000489732
threshold=32.70000000000001 1.0000000180025095e-35 15.4 18.000000000000004 15.800000000000002 4.4500000000000011 10.000000000000002 3.1500000000000008 41.600000000000001 11.04166666666667 1.6333333333333335 12.812500000000002 89.500000000000014 4.3500000000000005 2.5500000000000003
decision_type=2 2 2 2 2 2 2 2 2 2 2 2 2 2 2
left_child=1 2 -1 8 -4 6 -6 -3 -2 10 14 -11 13 -8 -10
right_child=3 7 4 -5 5 -7 12 -9 9 11 -12 -13 -14 -15 -16
leaf_value=0.0025869140122085806 -9.7359085212582224e-07 0.001143666226153953 -0.00091554452020388389 -0.0022372870659455655 0.0015865411087060746 -0.00049656506202629081 0.0011881078170755735 0.003052113109196607 0 0 -0.0016409055394416843 -0.00053097980664815853 0 -5.7611374291949513e-05 -0.00043182037589026664
leaf_weight=5.9999999999999991 8.9999999999999982 5.9999999999999982 4.9999999999999991 6.9999999999999991 9.0000000000000018 8.9999999999999982 4.9999999999999982 5 5.0000000000000009 6.9999999999999991 13 7.9999999999999991 5.9999999999999991 5 7.9999999999999991
leaf_count=6 9 6 5 7 9 9 5 5 5 7 13 8 6 5 8
internal_value=0 0.000893241 0.000536248 -0.000891127 0.000170907 0.000378959 0.000755111 0.00218408 -0.000664622 -0.000773181 -0.00102863 -0.000224008 0.000181025 0.000429273 -0.000287134
internal_weight=113 56 45 57 39 34 25 11 50 41 26 15 16 10 13
internal_count=113 56 45 57 39 34 25 11 50 41 26 15 16 10 13
is_linear=0
shrinkage=0.03


Tree=108
num_leaves=14
num_cat=0
split_feature=6 1 2 3 9 2 8 2 1 23 1 0 0
split_gain=0.0948243 0.0232545 0.0139001 0.00728041 0.0141561 0.0084995 0.00903593 0.0102388 0.00846795 0.00461707 0.00495358 0.00162842 0.000750384
threshold=32.70000000000001 5.0000000000000009 4.0500000000000007 4.2500000000000009 0.3663296703296704 3.2500000000000004 16.041666666666671 3.6500000000000008 10.000000000000002 1.0000000180025095e-35 26.000000000000004 9.0000000000000018 13.000000000000002
decision_type=2 2 2 2 2 2 2 2 2 2 2 2 2
left_child=1 -1 9 4 8 -5 7 -7 -3 10 11 -2 -13
right_child=2 3 -4 5 -6 6 -8 -9 -10 -11 -12 12 -14
leaf_value=0.0023038425284397342 -9.4235430964652143e-06 0.00098050463672091285 -0.002197979364621763 0.0010484978141418343 0.0021058595525391861 -0.00166357597721239 0.00072174811976090554 0 -0.00038897559527427915 0 -0.0014707349001875391 -0.00083429934767385308 -0.00018983970012734919
leaf_weight=8.9999999999999982 9.9999999999999982 8.0000000000000018 6.9999999999999991 7.0000000000000027 6.9999999999999991 5.0000000000000027 5.9999999999999991 7.9999999999999991 5.9999999999999991 4.9999999999999991 8.9999999999999982 16.000000000000004 9.9999999999999982
leaf_count=9 10 8 7 7 7 5 6 8 6 5 9 16 10
internal_value=0 0.000867336 -0.000867681 0.000551884 0.000980692 0.000143445 -0.000119319 -0.000626195 0.000290739 -0.000643544 -0.000742896 -0.000512379 -0.000647023
internal_weight=113 56 57 47 21 26 19 13 14 50 45 36 26
internal_count=113 56 57 47 21 26 19 13 14 50 45 36 26
is_linear=0
shrinkage=0.03


Tree=109
num_leaves=16
num_cat=0
split_feature=6 14 6 2 5 6 3 1 4 2 0 4 3 3 2
split_gain=0.0897862 0.0222034 0.0300682 0.0132687 0.0283405 0.00898894 0.0118911 0.00941398 0.00411823 0.00356178 0.00289827 0.00131009 0.00545437 0.00101417 0.00814731
threshold=32.70000000000001 1.0000000180025095e-35 15.4 3.6500000000000008 50.100000000000009 15.800000000000002 4.4500000000000011 10.000000000000002 145.00000000000003 3.1500000000000008 9.0000000000000018 89.500000000000014 4.3500000000000005 5.0500000000000007 2.5500000000000003
decision_type=2 2 2 2 2 2 2 2 2 2 2 2 2 2 2
left_child=1 2 -1 8 -5 -4 7 -7 10 -3 -2 12 -9 14 -12
right_child=3 9 5 4 -6 6 -8 11 -10 -11 13 -13 -14 -15 -16
leaf_value=0.0024577307055193565 0 0.001059557704457773 -0.00094032229640736041 -0.00049504188637781337 -0.0032630466576665635 0.0015109093134979836 -0.00047584958161915781 0.0011196830827527897 0 0.0029410368376053286 0 0 -4.8852454056031976e-05 -0.0003515002000160882 -0.0017696441803127525
leaf_weight=5.9999999999999991 6.0000000000000027 5.9999999999999982 4.9999999999999991 11.000000000000002 5.9999999999999991 9.0000000000000018 8.9999999999999982 4.9999999999999982 8.9999999999999982 5 6.0000000000000018 5.9999999999999991 5 11.999999999999998 7
leaf_count=6 6 6 5 11 6 9 9 5 9 5 6 6 5 12 7
internal_value=0 0.000843668 0.000498927 -0.000844623 -0.00158578 0.000148305 0.00035682 0.000717502 -0.000485997 0.00208595 -0.000650477 0.000165475 0.000398855 -0.000792069 -0.00107362
internal_weight=113 56 45 57 17 39 34 25 40 11 31 16 10 25 13
internal_count=113 56 45 57 17 39 34 25 40 11 31 16 10 25 13
is_linear=0
shrinkage=0.03


Tree=110
num_leaves=13
num_cat=0
split_feature=6 3 4 0 6 3 2 9 2 2 8 4
split_gain=0.084935 0.0213584 0.023051 0.0127482 0.0114474 0.024211 0.00770117 0.00832411 0.00977827 0.00242644 0.00273908 0.00334397
threshold=32.70000000000001 4.2500000000000009 89.500000000000014 18.000000000000004 16.400000000000002 3.8500000000000001 3.2500000000000004 0.26564102564102571 3.6500000000000008 2.9500000000000006 14.083333333333334 145.00000000000003
decision_type=2 2 2 2 2 2 2 2 2 2 2 2
left_child=1 2 4 9 5 -1 -3 -8 -9 -2 11 -11
right_child=3 6 -4 -5 -6 -7 7 8 -10 10 -12 -13
leaf_value=0.0023863772717454715 -1.3377064948572825e-05 0.00098790911356142364 0 -0.0020991839305497702 0.0026948845056433447 0 0.00067615574886721911 -0.0016265014110831543 0 -0.00099808047539803359 0 -5.7035981473035919e-05
leaf_weight=6.0000000000000053 9.9999999999999982 7.0000000000000027 6.9999999999999991 6.9999999999999991 9.9999999999999982 7 6.0000000000000027 4.9999999999999991 7.9999999999999991 26 5.9999999999999991 7.9999999999999991
leaf_count=6 10 7 7 7 10 7 6 5 8 26 6 8
internal_value=0 0.000819232 0.00136835 -0.000822789 0.00182525 0.00101197 0.000122776 -0.000124802 -0.000612755 -0.000606562 -0.000716741 -0.000822146
internal_weight=113 56 30 57 23 13 26 19 13 50 40 34
internal_count=113 56 30 57 23 13 26 19 13 50 40 34
is_linear=0
shrinkage=0.03


Tree=111
num_leaves=15
num_cat=0
split_feature=6 1 2 5 3 9 1 2 8 2 4 0 3 9
split_gain=0.0803286 0.0204966 0.0123134 0.0267059 0.00605673 0.0121824 0.00755733 0.00724226 0.00784973 0.00923636 0.00376406 0.0026325 0.00124342 0.000385974
threshold=32.70000000000001 5.0000000000000009 3.6500000000000008 50.100000000000009 4.2500000000000009 0.3663296703296704 10.000000000000002 3.2500000000000004 16.041666666666671 3.6500000000000008 145.00000000000003 9.0000000000000018 5.0500000000000007 0.53956923076923091
decision_type=2 2 2 2 2 2 2 2 2 2 2 2 2 2
left_child=1 -1 10 13 5 6 -3 -6 9 -9 11 -2 -13 -4
right_child=2 4 3 -5 7 -7 -8 8 -10 -11 -12 12 -14 -15
leaf_value=0.0021454886253923179 0 0.000901131795764696 0 -0.0031426169622629395 0.00095909508255620751 0.0019325523988421385 -0.00039614030190052521 -0.0015795831571785326 0.00065652540374186734 0 0 -0.001031647751277143 -0.0003032673855663323 -0.00065414867003358169
leaf_weight=8.9999999999999982 6.0000000000000027 8.0000000000000018 5.0000000000000018 5.9999999999999991 7.0000000000000027 6.9999999999999991 5.9999999999999991 5.0000000000000027 5.9999999999999991 7.9999999999999991 8.9999999999999982 13.000000000000002 11.999999999999998 6
leaf_count=9 6 8 5 6 7 7 6 5 6 8 9 13 12 6
internal_value=0 0.000795687 -0.000801163 -0.00151546 0.000497439 0.000889037 0.000241775 0.000119525 -0.000118434 -0.000594272 -0.000454244 -0.000611913 -0.000746731 -0.000453722
internal_weight=113 56 57 17 47 21 14 26 19 13 40 31 25 11
internal_count=113 56 57 17 47 21 14 26 19 13 40 31 25 11
is_linear=0
shrinkage=0.03


Tree=112
num_leaves=15
num_cat=0
split_feature=6 14 6 0 2 8 3 2 9 6 8 7 8 2
split_gain=0.0761137 0.0197828 0.0259813 0.011731 0.00897097 0.00782755 0.00468939 0.00420731 0.00292136 0.00240858 0.00366948 0.00791922 0.00141374 0.000455629
threshold=32.70000000000001 1.0000000180025095e-35 15.4 18.000000000000004 3.3500000000000001 16.875000000000004 4.4500000000000011 3.1500000000000008 0.26564102564102571 41.600000000000001 11.04166666666667 1.6333333333333335 12.812500000000002 2.5500000000000003
decision_type=2 2 2 2 2 2 2 2 2 2 2 2 2 2
left_child=1 2 -1 9 -4 6 8 -3 -6 -2 11 13 -12 -11
right_child=3 7 4 -5 5 -7 -8 -9 -10 10 12 -13 -14 -15
leaf_value=0.0022668491514219393 0 0.00092039109087519117 -0.00059037080753649427 -0.0020067148019249242 0 0.001214250640989077 -0.00057505759050048165 0.002807612950698687 0.00081846057117218151 0 0 -0.0014539321054789151 -0.00045017575231812352 -0.00036683717061106755
leaf_weight=5.9999999999999991 8.9999999999999982 5.9999999999999982 9.9999999999999982 6.9999999999999991 8.0000000000000053 7.9999999999999991 5.9999999999999991 5 6.9999999999999991 5.0000000000000009 6.9999999999999991 13 7.9999999999999991 7.9999999999999991
leaf_count=6 9 6 10 7 8 8 6 5 7 5 7 13 8 8
internal_value=0 0.000774109 0.000446878 -0.000780272 0.00011848 0.000416651 3.34599e-05 0.00194697 0.000379915 -0.000571379 -0.000671123 -0.00090524 -0.000160065 -0.000229195
internal_weight=113 56 45 57 39 29 21 11 15 50 41 26 15 13
internal_count=113 56 45 57 39 29 21 11 15 50 41 26 15 13
is_linear=0
shrinkage=0.03


Tree=113
num_leaves=16
num_cat=0
split_feature=6 14 6 2 5 6 3 2 2 4 0 6 3 2 9
split_gain=0.0720888 0.0186982 0.0244866 0.0114846 0.0244739 0.0088272 0.0102304 0.00712689 0.00378845 0.00348324 0.0023465 0.00182766 0.00126942 0.00579398 0.000334648
threshold=32.70000000000001 1.0000000180025095e-35 15.4 3.6500000000000008 50.100000000000009 15.800000000000002 4.4500000000000011 3.2500000000000004 3.1500000000000008 145.00000000000003 9.0000000000000018 24.900000000000002 5.1500000000000012 2.5500000000000003 0.53956923076923091
decision_type=2 2 2 2 2 2 2 2 2 2 2 2 2 2 2
left_child=1 2 -1 9 14 -4 7 -7 -3 10 -2 -9 13 -12 -5
right_child=3 8 5 4 -6 6 -8 11 -10 -11 12 -13 -14 -15 -16
leaf_value=0.0022010373228019283 0 0.00089367006124267667 -0.00097133342534876793 0 -0.0030086762098512879 0 -0.0004444093574040934 0.0012410262663711286 0.0027266240685891643 0 -1.9066131984194089e-05 0.00018222405440023828 -0.00016407927680436683 -0.0014202427953157737 -0.0006140518083327239
leaf_weight=5.9999999999999991 6.0000000000000027 5.9999999999999982 4.9999999999999991 5.0000000000000018 5.9999999999999991 7.0000000000000027 8.9999999999999982 12.000000000000002 5 8.9999999999999982 7.0000000000000062 5.9999999999999991 8.9999999999999982 8.9999999999999982 6
leaf_count=6 6 6 5 5 6 7 9 12 5 9 7 6 9 9 6
internal_value=0 0.000753156 0.000433809 -0.000759564 -0.0014494 0.00011382 0.000322008 0.00065878 0.00189457 -0.000423316 -0.000575644 0.000976391 -0.000702898 -0.000907624 -0.000426425
internal_weight=113 56 45 57 17 39 34 25 11 40 31 18 25 16 11
internal_count=113 56 45 57 17 39 34 25 11 40 31 18 25 16 11
is_linear=0
shrinkage=0.03


Tree=114
num_leaves=16
num_cat=0
split_feature=6 3 4 6 3 0 2 8 2 6 8 7 8 2 6
split_gain=0.0683349 0.0178758 0.0200596 0.0110737 0.0203445 0.010821 0.00667935 0.00726297 0.00898215 0.00219421 0.00328247 0.00700743 0.00126362 0.000387771 0.000243413
threshold=32.70000000000001 4.2500000000000009 89.500000000000014 16.400000000000002 3.8500000000000001 18.000000000000004 3.2500000000000004 16.041666666666671 3.6500000000000008 41.600000000000001 11.04166666666667 1.6333333333333335 12.812500000000002 2.5500000000000003 24.300000000000001
decision_type=2 2 2 2 2 2 2 2 2 2 2 2 2 2 2
left_child=1 2 3 4 -1 9 -3 8 -8 -2 11 13 -12 -11 -5
right_child=5 6 -4 14 -6 -7 7 -9 -10 10 12 -13 -14 -15 -16
leaf_value=0.0021371363517978478 0 0.00090278445296765569 0 0.0032221125266872919 -3.4964056685566884e-05 -0.0019203786225989461 -0.0015656414753399206 0.0006001196116689712 0 0 0 -0.0013732765902849757 -0.00042079651898636324 -0.00033811127426239051 0.0014029935269186699
leaf_weight=6.0000000000000053 8.9999999999999982 7.0000000000000027 6.9999999999999991 4.9999999999999982 7 6.9999999999999991 5.0000000000000027 5.9999999999999991 7.9999999999999991 5.0000000000000009 6.9999999999999991 13 7.9999999999999991 7.9999999999999991 5
leaf_count=6 9 7 7 5 7 7 5 6 8 5 7 13 8 8 5
internal_value=0 0.000732161 0.00123416 0.0016616 0.000871099 -0.000740615 9.06772e-05 -0.000136683 -0.000594322 -0.000538575 -0.000633528 -0.000855505 -0.000143891 -0.000211134 0.00250496
internal_weight=113 56 30 23 13 57 26 19 13 50 41 26 15 13 10
internal_count=113 56 30 23 13 57 26 19 13 50 41 26 15 13 10
is_linear=0
shrinkage=0.03


Tree=115
num_leaves=15
num_cat=0
split_feature=6 1 2 5 9 2 2 9 4 0 6 3 2 9
split_gain=0.0646949 0.0169634 0.0106833 0.0224261 0.00506629 0.0523563 0.0184902 0.0143164 0.00323992 0.00210453 0.00203746 0.00133868 0.00530287 0.00028963
threshold=32.70000000000001 5.0000000000000009 3.6500000000000008 50.100000000000009 0.40153846153846157 3.2500000000000004 3.1500000000000008 0.23212307692307693 145.00000000000003 9.0000000000000018 24.300000000000001 5.1500000000000012 2.5500000000000003 0.53956923076923091
decision_type=2 2 2 2 2 2 2 2 2 2 2 2 2 2
left_child=1 -1 8 13 6 -6 -3 -8 9 -2 -9 12 -11 -4
right_child=2 4 3 -5 5 -7 7 10 -10 11 -12 -13 -14 -15
leaf_value=0.0019430005461301494 0 -0.0011050822904023032 0 -0.0028807723592786535 0.0030506836635721545 -0.00049376258666331821 0.0015371118595256747 -0.00020512488396728733 0 -7.0660677738487531e-06 0.00044167201189945136 -0.00012980531789767353 -0.0013559696359721862 -0.00057628979786269107
leaf_weight=8.9999999999999982 6.0000000000000027 6.9999999999999991 5.0000000000000018 5.9999999999999991 5.9999999999999991 7.9999999999999991 9.0000000000000018 10.000000000000002 8.9999999999999982 7.0000000000000062 6.9999999999999991 8.9999999999999982 8.9999999999999982 6
leaf_count=9 6 7 5 6 6 8 9 10 9 7 7 9 9 6
internal_value=0 0.000711986 -0.000721018 -0.00138656 0.000437245 0.000941224 0.000173874 0.000581267 -0.000395358 -0.000543007 0 -0.000663492 -0.00086579 -0.000400715
internal_weight=113 56 57 17 47 14 33 26 40 31 17 25 16 11
internal_count=113 56 57 17 47 14 33 26 40 31 17 25 16 11
is_linear=0
shrinkage=0.03


Tree=116
num_leaves=13
num_cat=0
split_feature=3 1 3 15 9 6 14 3 3 0 2 0
split_gain=0.0619346 0.0407305 0.0257047 0.0251692 0.0205521 0.0331016 0.00995115 0.00651878 0.00537985 0.00199594 0.000508317 0.000300147
threshold=4.2500000000000009 30.000000000000004 4.1500000000000012 1.0000000180025095e-35 0.34414545454545459 15.4 1.0000000180025095e-35 3.9500000000000006 4.4500000000000011 13.000000000000002 3.5500000000000003 15.000000000000002
decision_type=2 2 2 2 2 2 2 2 2 2 2 2
left_child=2 3 4 6 5 -1 8 -7 10 -10 -2 -11
right_child=1 -3 -4 -5 -6 7 -8 -9 9 11 -12 -13
leaf_value=0.0020226087216888679 -0.0002132279036431423 -0.0026459223311394446 0.0030822389103615511 0.0011885408771669737 0.0020420569026221832 -0.00096666252805984463 0.00067024119269962494 0.0001202007592655718 -0.00089748262928116202 0 0.00016829070184499982 -0.00038254909751164479
leaf_weight=6.0000000000000062 5.9999999999999982 6.9999999999999991 4.9999999999999991 8.9999999999999982 6.9999999999999991 10.999999999999998 4.9999999999999991 4.9999999999999991 32 5.9999999999999991 6 7.9999999999999991
leaf_count=6 6 7 5 9 7 11 5 5 32 6 6 8
internal_value=0 -0.000472754 0.00105465 -0.000233954 0.00063498 0.000105342 -0.00046402 -0.000537134 -0.000589542 -0.000736639 0 -0.0002559
internal_weight=113 79 34 72 29 22 63 16 58 46 12 14
internal_count=113 79 34 72 29 22 63 16 58 46 12 14
is_linear=0
shrinkage=0.03


Tree=117
num_leaves=13
num_cat=0
split_feature=3 1 3 15 9 6 14 3 3 0 4 0
split_gain=0.0585935 0.038369 0.0241056 0.0237356 0.0193049 0.0311505 0.00943632 0.00619191 0.00508301 0.00179048 0.000507939 0.00027479
threshold=4.2500000000000009 30.000000000000004 4.1500000000000012 1.0000000180025095e-35 0.34414545454545459 15.4 1.0000000180025095e-35 3.9500000000000006 4.4500000000000011 13.000000000000002 74.500000000000014 15.000000000000002
decision_type=2 2 2 2 2 2 2 2 2 2 2 2
left_child=2 3 4 6 5 -1 8 -7 10 -10 -2 -11
right_child=1 -3 -4 -5 -6 7 -8 -9 9 11 -12 -13
leaf_value=0.0019638878119087964 -0.00018393385272550707 -0.0025687495277573664 0.0029933284043979183 0.001153659781481585 0.0019824968914811808 -0.00093818050676158511 0.00065090735514576614 0.00011673344263377095 -0.00087072537393419072 0 0.00020265417746626407 -0.00037135253081143629
leaf_weight=6.0000000000000062 6.9999999999999982 6.9999999999999991 4.9999999999999991 8.9999999999999982 6.9999999999999991 10.999999999999998 4.9999999999999991 4.9999999999999991 32 5.9999999999999991 5 7.9999999999999991
leaf_count=6 7 7 5 9 7 11 5 5 32 6 5 8
internal_value=0 -0.00045892 0.00102675 -0.000226475 0.000618133 0.0001025 -0.000450398 -0.000518556 -0.000573022 -0.000716003 0 -0.000249435
internal_weight=113 79 34 72 29 22 63 16 58 46 12 14
internal_count=113 79 34 72 29 22 63 16 58 46 12 14
is_linear=0
shrinkage=0.03


Tree=118
num_leaves=14
num_cat=0
split_feature=6 14 6 0 2 8 2 3 9 2 4 9 8
split_gain=0.0555681 0.0148246 0.0184586 0.0102078 0.00871032 0.00647269 0.00384818 0.00344298 0.00212298 0.00183274 0.00283554 0.000382355 0.000276021
threshold=32.70000000000001 1.0000000180025095e-35 15.4 18.000000000000004 3.3500000000000001 16.875000000000004 3.1500000000000008 4.5500000000000007 0.26564102564102571 2.9500000000000006 145.00000000000003 0.61064615384615395 9.1517857142857171
decision_type=2 2 2 2 2 2 2 2 2 2 2 2 2
left_child=1 2 -1 9 -4 7 -3 8 -6 -2 11 12 -11
right_child=3 6 4 -5 5 -7 -8 -9 -10 10 -12 -13 -14
leaf_value=0.0019068717091314255 0 0.0007154151593004505 -0.00061302465941373487 -0.0018074919558906306 0 0.0011109751608313586 0.0024765327508346389 -0.00055190751472344759 0.00064799268775415138 -0.00013049188946538104 -1.4710141528796863e-06 -0.0011853103246539831 -0.00068240028294566711
leaf_weight=5.9999999999999991 9.9999999999999982 5.9999999999999982 9.9999999999999982 6.9999999999999991 8.0000000000000089 7.9999999999999991 5 4.9999999999999991 7.9999999999999991 10.000000000000005 10.999999999999998 6.9999999999999991 11.999999999999998
leaf_count=6 10 6 10 7 8 8 5 5 8 10 11 7 12
internal_value=0 0.000660248 0.000371513 -0.000667846 8.85145e-05 0.000384336 0.00167978 2.88974e-05 0.000307564 -0.000471849 -0.000564851 -0.000725703 -0.000502536
internal_weight=113 56 45 57 39 29 11 21 16 50 40 29 22
internal_count=113 56 45 57 39 29 11 21 16 50 40 29 22
is_linear=0
shrinkage=0.03


Tree=119
num_leaves=13
num_cat=0
split_feature=3 1 3 15 9 6 2 14 3 0 4 0
split_gain=0.0534977 0.0355153 0.0224101 0.0223581 0.0183244 0.0280264 0.0316299 0.00818 0.00451573 0.00178767 0.000463502 0.000188481
threshold=4.2500000000000009 30.000000000000004 4.1500000000000012 1.0000000180025095e-35 0.34414545454545459 15.4 3.3500000000000001 1.0000000180025095e-35 4.4500000000000011 13.000000000000002 74.500000000000014 15.000000000000002
decision_type=2 2 2 2 2 2 2 2 2 2 2 2
left_child=2 3 4 7 5 -1 -7 8 10 -10 -2 -11
right_child=1 -3 -4 -5 -6 6 -8 -9 9 11 -12 -13
leaf_value=0.0018515109150640404 -0.00018101677895174362 -0.0024688692872102055 0.0028786869708878489 0.0011246280303305906 0.0019126109072628119 -0.0024685547586817008 0.00028297222672595777 0.00058101329737557806 -0.00083361692913165814 0 0.00018668600716269926 -0.00032535419822102637
leaf_weight=6.0000000000000062 6.9999999999999982 6.9999999999999991 4.9999999999999991 8.9999999999999982 6.9999999999999991 4.9999999999999991 10.999999999999998 4.9999999999999991 32 5.9999999999999991 5 7.9999999999999991
leaf_count=6 7 7 5 9 7 5 11 5 32 6 5 8
internal_value=0 -0.000438537 0.000981057 -0.000214076 0.000585033 8.16294e-05 -0.000504148 -0.000432008 -0.000546807 -0.000681636 0 -0.00022177
internal_weight=113 79 34 72 29 22 16 63 58 46 12 14
internal_count=113 79 34 72 29 22 16 63 58 46 12 14
is_linear=0
shrinkage=0.03


Tree=120
num_leaves=13
num_cat=0
split_feature=3 1 15 3 9 6 2 14 3 0 2 0
split_gain=0.0506078 0.033455 0.0210853 0.0210144 0.0172196 0.0263801 0.0298751 0.00776258 0.00426821 0.00160121 0.000448616 0.000170856
threshold=4.2500000000000009 30.000000000000004 1.0000000180025095e-35 4.1500000000000012 0.34414545454545459 15.4 3.3500000000000001 1.0000000180025095e-35 4.4500000000000011 13.000000000000002 3.5500000000000003 15.000000000000002
decision_type=2 2 2 2 2 2 2 2 2 2 2 2
left_child=3 2 7 4 5 -1 -7 8 10 -10 -2 -11
right_child=1 -3 -4 -5 -6 6 -8 -9 9 11 -12 -13
leaf_value=0.0017977573374106017 -0.00020457306489040476 -0.0023968605433280265 0.0010916226466550776 0.0027956481976434589 0.0018568264118706188 -0.0023973464937164231 0.00027463466032973626 0.00056425325214289697 -0.00080876374087926928 0 0.00015254992931600534 -0.00031583162876436623
leaf_weight=6.0000000000000062 5.9999999999999982 6.9999999999999991 8.9999999999999982 4.9999999999999991 6.9999999999999991 4.9999999999999991 10.999999999999998 4.9999999999999991 32 5.9999999999999991 6 7.9999999999999991
leaf_count=6 6 7 9 5 7 5 11 5 32 6 6 8
internal_value=0 -0.000425709 -0.000207185 0.000955039 0.000569348 7.90902e-05 -0.000487055 -0.00041933 -0.000531543 -0.000662624 0 -0.000216271
internal_weight=113 79 72 34 29 22 16 63 58 46 12 14
internal_count=113 79 72 34 29 22 16 63 58 46 12 14
is_linear=0
shrinkage=0.03


Tree=121
num_leaves=13
num_cat=0
split_feature=3 1 15 3 9 6 2 14 3 0 4 0
split_gain=0.0478799 0.0315135 0.0198859 0.019701 0.0161796 0.0248294 0.0282186 0.00736783 0.00403432 0.00142804 0.000440691 0.000154415
threshold=4.2500000000000009 30.000000000000004 1.0000000180025095e-35 4.1500000000000012 0.34414545454545459 15.4 3.3500000000000001 1.0000000180025095e-35 4.4500000000000011 13.000000000000002 74.500000000000014 15.000000000000002
decision_type=2 2 2 2 2 2 2 2 2 2 2 2
left_child=3 2 7 4 5 -1 -7 8 10 -10 -2 -11
right_child=1 -3 -4 -5 -6 6 -8 -9 9 11 -12 -13
leaf_value=0.0017455643980253106 -0.00017572246647129457 -0.0023269521413991842 0.0010595858951463648 0.0027150039460796574 0.001802668886569639 -0.0023281922571074505 0.00026654273421237513 0.00054797672451688685 -0.00078465153868107677 0 0.00018308126224348171 -0.00030658778484638145
leaf_weight=6.0000000000000062 6.9999999999999982 6.9999999999999991 8.9999999999999982 4.9999999999999991 6.9999999999999991 4.9999999999999991 10.999999999999998 4.9999999999999991 32 5.9999999999999991 5 7.9999999999999991
leaf_count=6 7 7 9 5 7 5 11 5 32 6 5 8
internal_value=0 -0.000413265 -0.000200506 0.000929778 0.000554123 7.66296e-05 -0.000470452 -0.000407037 -0.000516739 -0.000644178 0 -0.000210933
internal_weight=113 79 72 34 29 22 16 63 58 46 12 14
internal_count=113 79 72 34 29 22 16 63 58 46 12 14
is_linear=0
shrinkage=0.03


Tree=122
num_leaves=16
num_cat=0
split_feature=6 1 0 9 2 2 9 3 4 5 2 5 6 7 5
split_gain=0.0453713 0.0124979 0.00985764 0.00648641 0.0439905 0.0185673 0.0123948 0.0017743 0.00160417 0.00337138 0.00206569 0.00212863 0.000973088 0.000165368 3.87879e-05
threshold=32.70000000000001 5.0000000000000009 18.000000000000004 0.40153846153846157 3.2500000000000004 3.1500000000000008 0.23212307692307693 4.1500000000000012 145.00000000000003 42.600000000000009 3.4500000000000006 25.100000000000005 41.600000000000001 1.6333333333333335 53.600000000000009
decision_type=2 2 2 2 2 2 2 2 2 2 2 2 2 2 2
left_child=1 -1 8 5 -5 -3 -7 -8 9 10 11 -2 -12 -11 -10
right_child=2 3 -4 4 -6 6 7 -9 14 13 12 -13 -14 -15 -16
leaf_value=0.0016597243617086307 0 -0.0012185345046843092 -0.0017139937643272181 0.0028393405964109862 -0.00039424631426610598 0.001373658643468566 0.00032725661084419326 -0.00027949395743907308 -8.1934671347530971e-05 -0.00028394242628447465 0.00037906828157317183 -0.00076961616417620257 -0.00013363347699244812 -0.0011837537319785575 0
leaf_weight=8.9999999999999982 5.0000000000000027 6.9999999999999991 6.9999999999999991 5.9999999999999991 7.9999999999999991 9.0000000000000018 8.0000000000000018 8.9999999999999982 4.9999999999999982 5.9999999999999991 4.9999999999999982 7.9999999999999991 7 7.9999999999999991 6
leaf_count=9 5 7 7 6 8 9 8 9 5 6 5 8 7 8 6
internal_value=0 0.000598166 -0.000601944 0.000356938 0.000906415 7.45895e-05 0.000486634 0 -0.000410168 -0.000502272 -0.000207216 -0.000472034 0 -0.000913185 0
internal_weight=113 56 57 47 14 33 26 17 50 39 25 13 12 14 11
internal_count=113 56 57 47 14 33 26 17 50 39 25 13 12 14 11
is_linear=0
shrinkage=0.03


Tree=123
num_leaves=13
num_cat=0
split_feature=3 1 15 3 9 6 2 14 3 0 2 0
split_gain=0.0433627 0.0291618 0.0186985 0.0186674 0.0155923 0.0226869 0.0264431 0.00664019 0.00345617 0.00147396 0.000493415 0.000125466
threshold=4.2500000000000009 30.000000000000004 1.0000000180025095e-35 4.1500000000000012 0.34414545454545459 15.4 3.3500000000000001 1.0000000180025095e-35 4.4500000000000011 13.000000000000002 3.5500000000000003 15.000000000000002
decision_type=2 2 2 2 2 2 2 2 2 2 2 2
left_child=3 2 7 4 5 -1 -7 8 10 -10 -2 -11
right_child=1 -3 -4 -5 -6 6 -8 -9 9 11 -12 -13
leaf_value=0.0016494695013088544 -0.00022312109719120689 -0.0022349347779527301 0.0010329794810841914 0.0026211123383389069 0.0017402979964390396 -0.0022689510179826847 0.00023739897288448577 0.00050966300213566192 -0.00075093141944951693 0 0.0001477895490825176 -0.00026763834150099177
leaf_weight=6.0000000000000062 5.9999999999999982 6.9999999999999991 8.9999999999999982 4.9999999999999991 6.9999999999999991 4.9999999999999991 10.999999999999998 4.9999999999999991 32 5.9999999999999991 6 7.9999999999999991
leaf_count=6 6 7 9 5 7 5 11 5 32 6 6 8
internal_value=0 -0.000393694 -0.000188213 0.000884414 0.000517712 4.89655e-05 -0.000471585 -0.00038912 -0.00049386 -0.000612026 0 -0.000182789
internal_weight=113 79 72 34 29 22 16 63 58 46 12 14
internal_count=113 79 72 34 29 22 16 63 58 46 12 14
is_linear=0
shrinkage=0.03


Tree=124
num_leaves=16
num_cat=0
split_feature=3 1 15 3 9 6 2 6 6 2 8 2 6 6 0
split_gain=0.0410368 0.0274692 0.0176347 0.017495 0.0146503 0.0213482 0.0249809 0.00677539 0.0146347 0.0057959 0.00116721 0.00177872 0.00131275 0.0023195 0.000127688
threshold=4.2500000000000009 30.000000000000004 1.0000000180025095e-35 4.1500000000000012 0.34414545454545459 15.4 3.3500000000000001 26.100000000000005 27.800000000000001 3.5500000000000003 14.083333333333334 3.1500000000000008 72.800000000000011 41.600000000000001 13.000000000000002
decision_type=2 2 2 2 2 2 2 2 2 2 2 2 2 2 2
left_child=3 2 7 4 5 -1 -7 -2 9 -9 11 14 13 -13 -10
right_child=1 -3 -4 -5 -6 6 -8 8 10 -11 -12 12 -14 -15 -16
leaf_value=0.0016015816876484483 -0.0013778687280512625 -0.0021697491904099776 0.0010026637681395463 0.0025455032840657689 0.0016895393483961623 -0.0022035005509566802 0.00023040419735480098 0.0014348908634677245 -0.00015895532408299355 0 0 -0.00016634459850256843 -2.7229744785775726e-05 -0.0010471698357938102 0
leaf_weight=6.0000000000000062 5.9999999999999991 6.9999999999999991 8.9999999999999982 4.9999999999999991 6.9999999999999991 4.9999999999999991 10.999999999999998 4.9999999999999982 4.9999999999999982 5 4.9999999999999991 9.0000000000000053 6.9999999999999991 14.999999999999998 6
leaf_count=6 6 7 9 5 7 5 11 5 5 5 5 9 7 15 6
internal_value=0 -0.00038217 -0.000182073 0.000861211 0.000504 4.73933e-05 -0.000455412 -0.000377693 -0.000241737 0.000733647 -0.000483275 -0.000534902 -0.000661648 -0.000782948 -3.83451e-05
internal_weight=113 79 72 34 29 22 16 63 57 10 47 42 31 24 11
internal_count=113 79 72 34 29 22 16 63 57 10 47 42 31 24 11
is_linear=0
shrinkage=0.03


Tree=125
num_leaves=16
num_cat=0
split_feature=3 1 15 3 9 6 2 6 6 2 8 2 6 6 0
split_gain=0.0389415 0.0258213 0.0166837 0.016392 0.0137636 0.0200875 0.0236006 0.00633125 0.0138852 0.00546535 0.00110543 0.00165996 0.00118422 0.0021086 0.000121363
threshold=4.2500000000000009 30.000000000000004 1.0000000180025095e-35 4.1500000000000012 0.34414545454545459 15.4 3.3500000000000001 26.100000000000005 27.800000000000001 3.5500000000000003 14.083333333333334 3.1500000000000008 72.800000000000011 41.600000000000001 13.000000000000002
decision_type=2 2 2 2 2 2 2 2 2 2 2 2 2 2 2
left_child=3 2 7 4 5 -1 -7 -2 9 -9 11 14 13 -13 -10
right_child=1 -3 -4 -5 -6 6 -8 8 10 -11 -12 12 -14 -15 -16
leaf_value=0.0015550842064042227 -0.0013378660501010954 -0.0021064648668592174 0.00097323776232888519 0.0024720749430931529 0.0016402611307178934 -0.002139938043143887 0.00022361546260071918 0.0013934998610056939 -0.00015437008454822579 0 0 -0.00016146272603098451 -2.6435537147335695e-05 -0.0010161681021322452 0
leaf_weight=6.0000000000000062 5.9999999999999991 6.9999999999999991 8.9999999999999982 4.9999999999999991 6.9999999999999991 4.9999999999999991 10.999999999999998 4.9999999999999982 4.9999999999999982 5 4.9999999999999991 9.0000000000000053 6.9999999999999991 14.999999999999998 6
leaf_count=6 6 7 9 5 7 5 11 5 5 5 5 9 7 15 6
internal_value=0 -0.000372531 -0.00017781 0.000838684 0.000490692 4.58711e-05 -0.000439703 -0.000368539 -0.00023596 0.000712546 -0.000471714 -0.000521971 -0.000644921 -0.00076162 -3.62163e-05
internal_weight=113 79 72 34 29 22 16 63 57 10 47 42 31 24 11
internal_count=113 79 72 34 29 22 16 63 57 10 47 42 31 24 11
is_linear=0
shrinkage=0.03


Tree=126
num_leaves=14
num_cat=0
split_feature=3 1 15 4 6 14 3 2 0 0 2 4 0
split_gain=0.0369599 0.0242699 0.0157862 0.0153974 0.00805488 0.00603399 0.00295612 0.00295493 0.0020099 0.00114063 0.000637939 0.000597105 0.000161032
threshold=4.2500000000000009 30.000000000000004 1.0000000180025095e-35 89.500000000000014 15.800000000000002 1.0000000180025095e-35 4.4500000000000011 3.5500000000000003 7.0000000000000009 13.000000000000002 3.4500000000000006 74.500000000000014 15.000000000000002
decision_type=2 2 2 2 2 2 2 2 2 2 2 2 2
left_child=3 2 5 4 10 6 11 -6 -5 -8 -1 -2 -11
right_child=1 -3 -4 8 7 -7 9 -9 -10 12 -12 -13 -14
leaf_value=0.00064559664577245668 -0.00021209280404339853 -0.0020450262306258081 0.00094467535599782743 0.00031027556826862003 0.00091673343287160009 0.000493661304219411 -0.00069651176964087547 0.002506125872173616 -0.00045936494119345171 0 0 0.00020263371702570178 -0.00025882334862949283
leaf_weight=5.0000000000000018 6.9999999999999982 6.9999999999999991 8.9999999999999982 4.9999999999999982 6.9999999999999982 4.9999999999999991 32 6 6 5.9999999999999991 5 5 7.9999999999999991
leaf_count=5 7 7 9 5 7 5 32 6 6 6 5 5 8
internal_value=0 -0.000363175 -0.000173675 0.000816814 0.00125731 -0.000359657 -0.000460436 0.00179079 0 -0.000569783 0.000395215 0 -0.000168754
internal_weight=113 79 72 34 23 63 58 13 11 46 10 12 14
internal_count=113 79 72 34 23 63 58 13 11 46 10 12 14
is_linear=0
shrinkage=0.03


Tree=127
num_leaves=14
num_cat=0
split_feature=3 0 15 3 9 6 2 2 3 2 6 5 4
split_gain=0.0350254 0.0229241 0.0152231 0.0149434 0.0127113 0.0188633 0.0221488 0.00740839 0.00615113 0.00300225 0.00385071 0.0033628 0.00076973
threshold=4.2500000000000009 18.000000000000004 1.0000000180025095e-35 4.1500000000000012 0.34414545454545459 15.4 3.3500000000000001 3.2500000000000004 4.8500000000000005 3.6500000000000008 41.600000000000001 27.600000000000005 74.500000000000014
decision_type=2 2 2 2 2 2 2 2 2 2 2 2 2
left_child=3 2 7 4 5 -1 -7 8 -2 11 12 -9 -11
right_child=1 -3 -4 -5 -6 6 -8 9 -10 10 -12 -13 -14
leaf_value=0.0014974411552952163 0.00064663067268317244 -0.0021283197697747739 0.00091695118022313269 0.0023582501917217783 0.0015647934237495063 -0.0020837122474152308 0.00020111320827189568 -0.0015731631029367197 -0.00049570987376594728 -4.0612789275853506e-05 -0.00065610713949094393 -0.00046989932883704128 0.0003609770467245163
leaf_weight=6.0000000000000062 9.9999999999999982 5.9999999999999991 8.9999999999999982 4.9999999999999991 6.9999999999999991 4.9999999999999991 10.999999999999998 6.0000000000000027 5.9999999999999991 9.0000000000000018 10.999999999999998 17 4.9999999999999991
leaf_count=6 10 6 9 5 7 5 11 6 6 9 11 17 5
internal_value=0 -0.000352503 -0.000180637 0.00079622 0.000461226 3.15901e-05 -0.000437212 -0.000360726 0.000124829 -0.000553544 -0.000231943 -0.000833443 2.42463e-07
internal_weight=113 79 73 34 29 22 16 64 16 48 25 23 14
internal_count=113 79 73 34 29 22 16 64 16 48 25 23 14
is_linear=0
shrinkage=0.03


Tree=128
num_leaves=16
num_cat=0
split_feature=6 2 5 6 3 8 9 3 5 2 9 2 4 5 6
split_gain=0.0333377 0.0152369 0.011868 0.0125025 0.0186341 0.0054208 0.0177296 0.00491578 0.00488147 0.0131781 0.00747273 0.0014707 0.0013499 0.00104753 0.000395429
threshold=41.600000000000001 3.6500000000000008 14.800000000000002 15.800000000000002 3.8500000000000001 21.500000000000004 0.28105263157894744 5.3500000000000005 17.700000000000003 3.2500000000000004 0.38307692307692315 3.6500000000000008 145.00000000000003 36.70000000000001 50.300000000000004
decision_type=2 2 2 2 2 2 2 2 2 2 2 2 2 2 2
left_child=2 12 3 4 -1 6 -4 -3 -8 -10 -11 -12 13 14 -2
right_child=1 7 5 -5 -6 -7 8 -9 9 10 11 -13 -14 -15 -16
leaf_value=0.0014539670355377652 -0.00023243950679898247 -0.0021272457507438957 -0.0012286123301743007 0.002000366081370086 -0.00091406241704065059 0.0010500969551503658 -0.00023451644927263257 -0.00047281632079712788 0.0016417164405963065 0.001072796278056452 -0.00058132337518937644 0 0 -0.00050763727127464101 6.3415484932752728e-05
leaf_weight=6.0000000000000018 6.0000000000000018 6.9999999999999982 7.9999999999999991 7.9999999999999991 5 4.9999999999999991 6.9999999999999991 6 7.0000000000000027 5.0000000000000027 5.9999999999999991 7.9999999999999991 8.9999999999999982 14.999999999999998 5
leaf_count=6 6 7 8 8 5 5 7 6 7 5 6 8 9 15 5
internal_value=0 -0.000604087 0.00043636 0.00107627 0.00024656 0.000136065 0 -0.00149603 0.000328323 0.000537743 4.00259e-05 -0.000233102 -0.000223562 -0.000336926 0
internal_weight=113 48 65 19 11 46 41 13 33 26 19 14 35 26 11
internal_count=113 48 65 19 11 46 41 13 33 26 19 14 35 26 11
is_linear=0
shrinkage=0.03


Tree=129
num_leaves=16
num_cat=0
split_feature=3 1 3 15 9 6 2 6 6 2 8 2 2 6 6
split_gain=0.0320289 0.0217671 0.0138049 0.0133439 0.0118786 0.0169073 0.0208553 0.00654997 0.0121706 0.00484599 0.000936166 0.00141623 0.00138431 0.00154373 0.00303235
threshold=4.2500000000000009 30.000000000000004 4.1500000000000012 1.0000000180025095e-35 0.34414545454545459 15.4 3.3500000000000001 26.100000000000005 27.800000000000001 3.5500000000000003 14.083333333333334 3.1500000000000008 3.3500000000000001 72.800000000000011 41.600000000000001
decision_type=2 2 2 2 2 2 2 2 2 2 2 2 2 2 2
left_child=2 3 4 7 5 -1 -7 -2 9 -9 11 -10 -13 14 -14
right_child=1 -3 -4 -5 -6 6 -8 8 10 -11 -12 12 13 -15 -16
leaf_value=0.0014117551222443563 -0.00130411290113003 -0.0019304049309963982 0.0022644377607279101 0.00086811871846768321 0.0015024396777153014 -0.0020196850597858427 0.00019516037440293335 0.0013325480661856442 -9.9632285335766344e-06 0 0 -0.0012152461306406894 0 0 -0.00078261101234540378
leaf_weight=6.0000000000000062 5.9999999999999991 6.9999999999999991 4.9999999999999991 8.9999999999999982 6.9999999999999991 4.9999999999999991 10.999999999999998 4.9999999999999982 10.999999999999998 5 4.9999999999999991 5.0000000000000027 8.0000000000000053 4.9999999999999991 12.999999999999998
leaf_count=6 6 7 5 9 7 5 11 5 11 5 5 5 8 5 13
internal_value=0 -0.000337397 0.000761081 -0.000156827 0.000436777 1.96539e-05 -0.000420776 -0.000329266 -0.000196225 0.000691132 -0.000418933 -0.000465043 -0.000577347 -0.000389081 -0.000502617
internal_weight=113 79 34 72 29 22 16 63 57 10 47 42 31 26 21
internal_count=113 79 34 72 29 22 16 63 57 10 47 42 31 26 21
is_linear=0
shrinkage=0.03


Tree=130
num_leaves=15
num_cat=0
split_feature=3 0 4 15 6 2 3 2 5 6 2 0 4 2
split_gain=0.0303935 0.0207256 0.013008 0.0128959 0.00717247 0.00630518 0.00539843 0.0029526 0.00331663 0.00303545 0.00259649 0.00180918 0.000710418 0.000561532
threshold=4.2500000000000009 18.000000000000004 89.500000000000014 1.0000000180025095e-35 15.800000000000002 3.2500000000000004 4.8500000000000005 3.6500000000000008 27.600000000000005 41.600000000000001 3.5500000000000003 7.0000000000000009 74.500000000000014 3.4500000000000006
decision_type=2 2 2 2 2 2 2 2 2 2 2 2 2 2
left_child=2 3 4 5 13 6 -2 8 -7 12 -6 -4 -9 -1
right_child=1 -3 11 -5 10 7 -8 9 -10 -11 -12 -13 -14 -15
leaf_value=0.0005552321213942304 0.00060467544532216656 -0.0020173405152895756 0.00028565763925703672 0.00084264131743744339 0.00081412177067250022 -0.0015079206680398305 -0.00046291661268520732 -3.1161988457745812e-05 -0.00042548746807327453 -0.00057357498919632889 0.0023221162664553807 -0.0004406636365268739 0.00034820493673368429 0
leaf_weight=5.0000000000000018 9.9999999999999982 5.9999999999999991 4.9999999999999982 8.9999999999999982 6.9999999999999982 6.0000000000000027 5.9999999999999991 9.0000000000000018 17 10.999999999999998 6 6 4.9999999999999991 5
leaf_count=5 10 6 5 9 7 6 6 9 17 11 6 6 5 5
internal_value=0 -0.000328601 0.000741468 -0.000164176 0.00114676 -0.000331308 0.000110963 -0.0005097 -0.000783082 -0.000194447 0.00164839 0 1.68841e-06 0.00032805
internal_weight=113 79 34 73 23 64 16 48 23 25 13 11 14 10
internal_count=113 79 34 73 23 64 16 48 23 25 13 11 14 10
is_linear=0
shrinkage=0.03


Tree=131
num_leaves=16
num_cat=0
split_feature=3 1 3 15 9 6 2 6 6 2 8 2 6 6 0
split_gain=0.0288752 0.019993 0.0125669 0.0118635 0.0109765 0.0158789 0.0195718 0.00621242 0.0112257 0.00448851 0.000866426 0.00125955 0.00132365 0.0017209 0.000108145
threshold=4.2500000000000009 30.000000000000004 4.1500000000000012 1.0000000180025095e-35 0.34414545454545459 15.4 3.3500000000000001 26.100000000000005 27.800000000000001 3.5500000000000003 14.083333333333334 3.1500000000000008 72.800000000000011 41.600000000000001 13.000000000000002
decision_type=2 2 2 2 2 2 2 2 2 2 2 2 2 2 2
left_child=2 3 4 7 5 -1 -7 -2 9 -9 11 14 13 -13 -10
right_child=1 -3 -4 -5 -6 6 -8 8 10 -11 -12 12 -14 -15 -16
leaf_value=0.0013600222141511964 -0.0012578035530544096 -0.0018471919264023502 0.0021598216475775607 0.00081791162516152416 0.0014338182859743634 -0.0019658884148185066 0.00017485474498244003 0.0012888546610394351 -0.00013684287488173978 0 0 -0.0001037949877386183 0 -0.00088506553493636223 0
leaf_weight=6.0000000000000062 5.9999999999999991 6.9999999999999991 4.9999999999999991 8.9999999999999982 6.9999999999999991 4.9999999999999991 10.999999999999998 4.9999999999999982 4.9999999999999982 5 4.9999999999999991 9.0000000000000053 6.9999999999999991 14.999999999999998 6
leaf_count=6 6 7 5 9 7 5 11 5 5 5 5 9 7 15 6
internal_value=0 -0.000320123 0.000722879 -0.000146177 0.000410664 7.56266e-06 -0.000417546 -0.00030979 -0.000179727 0.000671427 -0.000394681 -0.000438985 -0.00054496 -0.000657352 -2.00098e-06
internal_weight=113 79 34 72 29 22 16 63 57 10 47 42 31 24 11
internal_count=113 79 34 72 29 22 16 63 57 10 47 42 31 24 11
is_linear=0
shrinkage=0.03


Tree=132
num_leaves=16
num_cat=0
split_feature=3 0 4 15 3 2 6 6 2 2 2 6 8 6 0
split_gain=0.0274174 0.0192822 0.011855 0.011455 0.00660876 0.0230899 0.00563844 0.0109293 0.00422716 0.00187467 0.00309883 0.00337122 0.00214824 0.00178558 0.00169297
threshold=4.2500000000000009 18.000000000000004 89.500000000000014 1.0000000180025095e-35 3.8500000000000001 3.4500000000000006 26.100000000000005 27.800000000000001 3.5500000000000003 3.1500000000000008 3.4500000000000006 41.600000000000001 10.520833333333334 68.600000000000009 7.0000000000000009
decision_type=2 2 2 2 2 2 2 2 2 2 2 2 2 2 2
left_child=2 3 4 6 -1 -6 -2 8 -8 -9 -11 -12 13 -13 -4
right_child=1 -3 14 -5 5 -7 7 9 -10 10 11 12 -14 -15 -16
leaf_value=0.0018026941136011602 -0.0012212866472621118 -0.0019408965810397338 0.00027327233495620581 0.00079390768801955436 -0.00092787795341931888 0.0014741371450540809 0.0012516760726710065 0 0 -0.0010834396957624249 0.00011778158783094905 -0.0011083753519536303 -1.788693347147532e-05 0 -0.00042792616186723584
leaf_weight=9.0000000000000018 5.9999999999999991 5.9999999999999991 4.9999999999999982 8.9999999999999982 4.9999999999999973 9 4.9999999999999982 8.9999999999999982 5 7.9999999999999991 8.0000000000000018 7.0000000000000018 10.999999999999998 5 6
leaf_count=9 6 6 5 9 5 9 5 9 5 8 8 7 11 5 6
internal_value=0 -0.000311954 0.000704379 -0.000152639 0.00109146 0.000509655 -0.000311171 -0.000187374 0.000652473 -0.000395444 -0.000485098 -0.000276654 -0.000478337 -0.000770254 0
internal_weight=113 79 34 73 23 14 64 58 10 48 39 31 23 12 11
internal_count=113 79 34 73 23 14 64 58 10 48 39 31 23 12 11
is_linear=0
shrinkage=0.03


Tree=133
num_leaves=12
num_cat=0
split_feature=6 4 8 3 1 9 9 15 5 24 2
split_gain=0.0259316 0.0148959 0.0150114 0.00957827 0.00898748 0.0152276 0.0135258 0.00823621 0.00701783 0.0027752 0.000888745
threshold=24.300000000000001 132.50000000000003 12.812500000000002 4.1500000000000012 7.0000000000000009 0.21846153846153848 0.23212307692307693 1.0000000180025095e-35 19.500000000000004 1.0000000180025095e-35 2.5500000000000003
decision_type=2 2 2 2 2 2 2 2 2 2 2
left_child=4 3 -3 -2 6 -6 -1 8 -5 10 -10
right_child=1 2 -4 7 5 -7 -8 -9 9 -11 -12
leaf_value=0 0.0011550332355098082 -4.0697015255041723e-05 -0.0020072002124563765 0.00062497144708266623 0.0013636254891753188 -0.00035056124275018063 0.0024182006452352768 0.00072353106971907743 -3.7876623277754882e-05 0 -0.00060877693812389291
leaf_weight=5.0000000000000018 4.9999999999999991 9.0000000000000018 7.9999999999999991 4.9999999999999991 7.0000000000000027 10.999999999999998 6 6.9999999999999991 8.9999999999999982 5.9999999999999991 35
leaf_count=5 5 9 8 5 7 11 6 7 9 6 35
internal_value=0 -0.000273208 -0.0010659 -4.71824e-05 0.000764215 0.000241309 0.00146636 -0.000171653 -0.000314968 -0.000440958 -0.000526638
internal_weight=113 84 17 67 29 18 11 62 55 50 44
internal_count=113 84 17 67 29 18 11 62 55 50 44
is_linear=0
shrinkage=0.03


Tree=134
num_leaves=16
num_cat=0
split_feature=3 1 9 6 8 15 6 6 2 4 4 7 6 9 6
split_gain=0.0246032 0.0184327 0.011441 0.0123916 0.0145156 0.0100339 0.00584765 0.0096497 0.00383103 0.00354135 0.000801986 0.00117364 0.00153765 0.000317053 0.000117869
threshold=4.2500000000000009 30.000000000000004 0.25131578947368427 15.4 21.500000000000004 1.0000000180025095e-35 26.100000000000005 27.800000000000001 3.5500000000000003 89.500000000000014 145.00000000000003 1.4642857142857146 41.600000000000001 0.40879120879120889 32.70000000000001
decision_type=2 2 2 2 2 2 2 2 2 2 2 2 2 2 2
left_child=2 5 3 -1 -5 6 -2 8 -8 -4 11 -9 14 -14 -13
right_child=1 -3 9 4 -6 -7 7 10 -10 -11 -12 12 13 -15 -16
leaf_value=0.0012515986013797015 -0.0011957121808682718 -0.001760825168651839 0.0016661422787343754 -0.0012038435882366285 0.00072957296712467294 0.00075637911222419592 0.0012046598144717373 0 0 0.00022058398982223405 0 -0.00014386233730384927 -1.1210990532372983e-05 -0.00076068387703142237 0
leaf_weight=6.0000000000000027 5.9999999999999991 6.9999999999999991 9.9999999999999982 7.9999999999999982 5 8.9999999999999982 4.9999999999999982 9.9999999999999982 5 4.9999999999999991 5.9999999999999991 5.0000000000000018 5.0000000000000027 15.999999999999998 5
leaf_count=6 6 7 10 8 5 9 5 10 5 5 6 5 5 16 5
internal_value=0 -0.000295399 0.000667364 8.76132e-05 -0.000346798 -0.000127669 -0.000279689 -0.000153199 0.000633876 0.00129222 -0.000354417 -0.000401776 -0.000497008 -0.000654782 -1.22818e-05
internal_weight=113 79 34 19 13 72 63 57 10 15 47 41 31 21 10
internal_count=113 79 34 19 13 72 63 57 10 15 47 41 31 21 10
is_linear=0
shrinkage=0.03


Tree=135
num_leaves=12
num_cat=0
split_feature=6 23 4 9 1 9 9 15 24 5 2
split_gain=0.0238633 0.0141964 0.020341 0.0196808 0.00788713 0.0142874 0.0126991 0.00718187 0.00626292 0.00253141 0.000881332
threshold=24.300000000000001 1.0000000180025095e-35 132.50000000000003 0.3663296703296704 7.0000000000000009 0.21846153846153848 0.23212307692307693 1.0000000180025095e-35 1.0000000180025095e-35 19.500000000000004 2.5500000000000003
decision_type=2 2 2 2 2 2 2 2 2 2 2
left_child=4 2 7 -4 6 -6 -1 8 9 -2 -11
right_child=1 -3 3 -5 5 -7 -8 -9 -10 10 -12
leaf_value=0 0 0.00095539646397810438 -0.0029729951296646436 -0.00024205426763122272 0.001324498672038316 -0.00033338657846408232 0.0023155157520405702 0.00068036700444887787 0.00045214775231822082 -2.1882100263610475e-05 -0.00058263827108352077
leaf_weight=5.0000000000000018 6.9999999999999991 6.9999999999999991 4.9999999999999982 7 7.0000000000000027 10.999999999999998 6 6.9999999999999991 6.9999999999999991 8.9999999999999982 35
leaf_count=5 7 7 5 7 7 11 6 7 7 9 35
internal_value=0 -0.00026122 -0.00039344 -0.00153298 0.000733995 0.000236399 0.00139555 -0.000156 -0.000284705 -0.00041651 -0.000502493
internal_weight=113 84 77 12 29 18 11 65 58 51 44
internal_count=113 84 77 12 29 18 11 65 58 51 44
is_linear=0
shrinkage=0.03


Tree=136
num_leaves=14
num_cat=0
split_feature=6 0 1 9 9 15 9 3 5 2 2 8 8
split_gain=0.02266 0.0111011 0.00637953 0.0140155 0.0099718 0.00593368 0.00876616 0.0127827 0.00545055 0.0016038 0.00274651 0.000676498 7.85466e-05
threshold=22.200000000000003 18.000000000000004 7.0000000000000009 0.23212307692307693 0.21846153846153848 1.0000000180025095e-35 0.28105263157894744 4.1500000000000012 19.500000000000004 3.1500000000000008 3.4500000000000006 11.830357142857144 8.4375000000000018
decision_type=2 2 2 2 2 2 2 2 2 2 2 2 2
left_child=2 5 3 -1 -4 6 -2 -8 -9 -10 -11 12 -12
right_child=1 -3 4 -5 -6 -7 7 8 9 10 11 -13 -14
leaf_value=0 -0.0012212138654043277 -0.0013858212868217378 0.0012554508519749487 0.0025077739415260455 -0.00019000315682633835 0.00066052296892545807 0.0010801500827074052 0.00058604180526274888 0 -0.00099707056881814479 0 0 -0.00038932766893297658
leaf_weight=5.0000000000000018 6.9999999999999991 6.9999999999999991 5.9999999999999991 5 9.9999999999999982 6.9999999999999991 6.9999999999999991 4.9999999999999991 8.9999999999999982 7.9999999999999991 7.0000000000000027 9.9999999999999982 20
leaf_count=5 7 7 6 5 10 7 7 5 9 8 7 10 20
internal_value=0 -0.000236596 0.000769473 0.00140338 0.000268257 -0.00011413 -0.000210505 -7.72848e-05 -0.000243131 -0.00034946 -0.000422342 -0.000253062 -0.000331615
internal_weight=113 87 26 10 16 80 73 66 59 54 45 37 27
internal_count=113 87 26 10 16 80 73 66 59 54 45 37 27
is_linear=0
shrinkage=0.03


Tree=137
num_leaves=12
num_cat=0
split_feature=6 23 4 9 1 9 9 15 24 5 2
split_gain=0.0214531 0.0132361 0.0187721 0.0183201 0.00699217 0.0129328 0.0110663 0.00641539 0.00586761 0.00218281 0.000791518
threshold=24.300000000000001 1.0000000180025095e-35 132.50000000000003 0.3663296703296704 7.0000000000000009 0.21846153846153848 0.23212307692307693 1.0000000180025095e-35 1.0000000180025095e-35 19.500000000000004 2.5500000000000003
decision_type=2 2 2 2 2 2 2 2 2 2 2
left_child=4 2 7 -4 6 -6 -1 8 9 -2 -11
right_child=1 -3 3 -5 5 -7 -8 -9 -10 10 -12
leaf_value=0 0 0.00092651373435122275 -0.0028593972308422404 -0.00021766675946613146 0.0012595696095377201 -0.00031520308602401724 0.0021823927615919414 0.00064125771091009187 0.00044279225810896602 -1.2201938231516134e-05 -0.00055262935490728424
leaf_weight=5.0000000000000018 6.9999999999999991 6.9999999999999991 4.9999999999999982 7 7.0000000000000027 10.999999999999998 6 6.9999999999999991 6.9999999999999991 8.9999999999999982 35
leaf_count=5 7 7 5 7 7 11 6 7 7 9 35
internal_value=0 -0.000246943 -0.000375175 -0.00147017 0.000696694 0.000221903 0.00132186 -0.000146127 -0.000268806 -0.000397122 -0.000476579
internal_weight=113 84 77 12 29 18 11 65 58 51 44
internal_count=113 84 77 12 29 18 11 65 58 51 44
is_linear=0
shrinkage=0.03


Tree=138
num_leaves=14
num_cat=0
split_feature=6 0 22 7 9 15 9 3 5 2 2 8 8
split_gain=0.0204174 0.0103174 0.00601853 0.02456 0.00869699 0.00526973 0.00811956 0.0114472 0.0050371 0.00145412 0.00246102 0.000671998 6.40936e-05
threshold=22.200000000000003 18.000000000000004 1.0000000180025095e-35 1.8333333333333337 0.21846153846153848 1.0000000180025095e-35 0.28105263157894744 4.1500000000000012 19.500000000000004 3.1500000000000008 3.4500000000000006 11.830357142857144 8.4375000000000018
decision_type=2 2 2 2 2 2 2 2 2 2 2 2 2
left_child=2 5 3 -1 -5 6 -2 -8 -9 -10 -11 12 -12
right_child=1 -3 -4 4 -6 -7 7 8 9 10 11 -13 -14
leaf_value=0.0023967547218004845 -0.0011691045202314853 -0.0013317339541390539 0 0.0011612693392313439 -0.00032650014152750371 0.00062255436806784323 0.0010261260236923894 0.00056913687668454184 0 -0.00094572506754136683 0 0 -0.0003674971419939827
leaf_weight=7.0000000000000044 6.9999999999999991 6.9999999999999991 4.9999999999999991 5.0000000000000009 8.9999999999999982 6.9999999999999991 6.9999999999999991 4.9999999999999991 8.9999999999999982 7.9999999999999991 7.0000000000000027 9.9999999999999982 20
leaf_count=7 7 7 5 5 9 7 7 5 9 8 7 10 20
internal_value=0 -0.000223877 0.000731127 0.000957143 0.000108084 -0.000105157 -0.00019694 -6.7952e-05 -0.000226124 -0.000329263 -0.000398691 -0.000235642 -0.000313332
internal_weight=113 87 26 21 14 80 73 66 59 54 45 37 27
internal_count=113 87 26 21 14 80 73 66 59 54 45 37 27
is_linear=0
shrinkage=0.03


Tree=139
num_leaves=14
num_cat=0
split_feature=6 0 22 7 9 15 9 3 5 2 2 8 5
split_gain=0.0192091 0.0097071 0.005726 0.0231336 0.00821103 0.00498236 0.00763851 0.0108053 0.00478687 0.0013859 0.00226851 0.000634464 7.54872e-05
threshold=22.200000000000003 18.000000000000004 1.0000000180025095e-35 1.8333333333333337 0.21846153846153848 1.0000000180025095e-35 0.28105263157894744 4.1500000000000012 19.500000000000004 3.1500000000000008 3.4500000000000006 11.830357142857144 29.200000000000006
decision_type=2 2 2 2 2 2 2 2 2 2 2 2 2
left_child=2 5 3 -1 -5 6 -2 -8 -9 -10 -11 12 -12
right_child=1 -3 -4 4 -6 -7 7 8 9 10 11 -13 -14
leaf_value=0.0023268493389089879 -0.0011350056638669533 -0.0012928917220172782 0 0.0011277711921586437 -0.00031691806066943249 0.0006043965231704836 0.00099619728202621151 0.0005527194041328934 0 -0.00091804531107588525 0 0 -0.00037810670762165492
leaf_weight=7.0000000000000044 6.9999999999999991 6.9999999999999991 4.9999999999999991 5.0000000000000009 8.9999999999999982 6.9999999999999991 6.9999999999999991 4.9999999999999991 8.9999999999999982 7.9999999999999991 9.0000000000000018 9.9999999999999982 18
leaf_count=7 7 7 5 5 9 7 7 5 9 8 9 10 18
internal_value=0 -0.000217672 0.000708633 0.000929343 0.000102026 -0.000101898 -0.000191583 -6.57373e-05 -0.000220007 -0.000321007 -0.000388791 -0.000229715 -0.000305225
internal_weight=113 87 26 21 14 80 73 66 59 54 45 37 27
internal_count=113 87 26 21 14 80 73 66 59 54 45 37 27
is_linear=0
shrinkage=0.03


Tree=140
num_leaves=16
num_cat=0
split_feature=3 1 3 3 3 15 6 6 3 2 0 6 9 2 2
split_gain=0.0181775 0.016195 0.0101418 0.00859969 0.020907 0.00759458 0.00667942 0.00809159 0.00516958 0.00312254 0.000982816 0.00121321 0.00134073 0.000784145 0.000105914
threshold=4.2500000000000009 30.000000000000004 4.1500000000000012 3.8500000000000001 3.6500000000000008 1.0000000180025095e-35 26.100000000000005 27.800000000000001 3.9500000000000006 3.5500000000000003 13.000000000000002 41.600000000000001 0.40879120879120889 3.4500000000000006 3.1500000000000008
decision_type=2 2 2 2 2 2 2 2 2 2 2 2 2 2 2
left_child=2 5 3 4 -1 6 -2 9 -5 -8 11 -9 -13 -10 -12
right_child=1 -3 -4 8 -6 -7 7 10 13 -11 14 12 -14 -15 -16
leaf_value=0 -0.0011916773489886714 -0.0016251569334417581 0.0018570378609001636 -0.00094788639448009995 0.0021541002693195492 0.00067059517468568753 0.0011414129074770387 0 0 0 0 0 -0.00073155789982014209 0.00042264016742522527 -9.6671355970423002e-05
leaf_weight=8.0000000000000018 5.9999999999999991 6.9999999999999991 4.9999999999999991 4.9999999999999991 5.9999999999999991 8.9999999999999982 4.9999999999999982 10.000000000000002 4.9999999999999982 5 5.9999999999999991 8.0000000000000018 12.999999999999998 5 9.9999999999999982
leaf_count=8 6 7 5 5 6 9 5 10 5 5 6 8 13 5 10
internal_value=0 -0.000253738 0.000573809 0.000289989 0.000837191 -9.54971e-05 -0.000230449 -9.92302e-05 -0.000126344 0.000623431 -0.000286758 -0.000390832 -0.000525648 0.0001479 0
internal_weight=113 79 34 29 14 72 63 57 15 10 47 31 21 10 16
internal_count=113 79 34 29 14 72 63 57 15 10 47 31 21 10 16
is_linear=0
shrinkage=0.03


Tree=141
num_leaves=15
num_cat=0
split_feature=6 0 22 7 9 15 9 3 5 4 7 6 5 8
split_gain=0.0178274 0.00902589 0.00537876 0.0210317 0.00787346 0.00446978 0.00735378 0.00976197 0.00428575 0.00134951 0.00144173 0.00100687 0.00226361 0.00046981
threshold=22.200000000000003 18.000000000000004 1.0000000180025095e-35 1.8333333333333337 0.21846153846153848 1.0000000180025095e-35 0.28105263157894744 4.1500000000000012 19.500000000000004 145.00000000000003 1.4642857142857146 41.600000000000001 25.500000000000004 11.830357142857144
decision_type=2 2 2 2 2 2 2 2 2 2 2 2 2 2
left_child=2 5 3 -1 -5 6 -2 -8 -9 10 -10 12 -12 -13
right_child=1 -3 -4 4 -6 -7 7 8 9 -11 11 13 -14 -15
leaf_value=0.0022295067195470114 -0.001109433390711274 -0.0012485714621531467 0 0.0011065511147563269 -0.00030643934394111451 0.00056720928133775783 0.00094742974732071156 0.0005173102852243643 0 0 -0.00044625759248019146 -0.00070923494232607307 0.00018970587974294055 -1.9395141712119486e-05
leaf_weight=7.0000000000000044 6.9999999999999991 6.9999999999999991 4.9999999999999991 5.0000000000000009 8.9999999999999982 6.9999999999999991 6.9999999999999991 4.9999999999999991 5.9999999999999991 8.9999999999999982 9.9999999999999982 17.000000000000004 5.9999999999999991 5.9999999999999991
leaf_count=7 7 7 5 5 9 7 7 5 6 9 10 17 6 6
internal_value=0 -0.00021094 0.000681394 0.000895626 0.000101044 -9.85566e-05 -0.000184264 -6.04263e-05 -0.000208137 -0.000304644 -0.000371697 -0.000438641 -0.000115781 -0.00059565
internal_weight=113 87 26 21 14 80 73 66 59 54 45 39 16 23
internal_count=113 87 26 21 14 80 73 66 59 54 45 39 16 23
is_linear=0
shrinkage=0.03


Tree=142
num_leaves=15
num_cat=0
split_feature=6 23 4 9 15 24 3 23 3 6 9 9 8 0
split_gain=0.0168109 0.0115676 0.0163139 0.01702 0.00484321 0.00536687 0.00471234 0.0221596 0.0128906 0.0170653 0.00253762 0.00727942 0.00119791 0.000142744
threshold=24.300000000000001 1.0000000180025095e-35 132.50000000000003 0.3663296703296704 1.0000000180025095e-35 1.0000000180025095e-35 3.8500000000000001 1.0000000180025095e-35 3.9500000000000006 17.000000000000004 0.40153846153846157 0.42923076923076925 6.5312500000000009 13.000000000000002
decision_type=2 2 2 2 2 2 2 2 2 2 2 2 2 2
left_child=6 2 4 -4 5 10 7 -1 -8 -10 -2 -12 13 -13
right_child=1 -3 3 -5 -6 -7 8 -9 9 -11 11 12 -14 -15
leaf_value=0.0025661028534747074 -0.00087416708717406129 0.00087515860330313446 -0.0026949419347175327 -0.00015231503949811057 0.00055066566099412748 0.00044709962453149879 -0.00092987024583495522 0 0.0019456934850783118 0 0.00046379990756774896 -0.00017110134888019774 -0.00060718424335850574 0
leaf_weight=5.0000000000000018 8.9999999999999982 6.9999999999999991 4.9999999999999982 7 6.9999999999999991 6.9999999999999991 5.0000000000000027 5 5.9999999999999991 7.9999999999999991 8.9999999999999982 5.9999999999999982 20 7
leaf_count=5 9 7 5 7 7 7 5 5 6 8 9 6 20 7
internal_value=0 -0.000219745 -0.000340721 -0.00136151 -0.000125664 -0.000234675 0.000615552 0.00118395 0.000229052 0.000755854 -0.00035893 -0.000209358 -0.000439815 -6.33887e-05
internal_weight=113 84 77 12 65 58 29 10 19 14 51 42 33 13
internal_count=113 84 77 12 65 58 29 10 19 14 51 42 33 13
is_linear=0
shrinkage=0.03


Tree=143
num_leaves=15
num_cat=0
split_feature=6 4 6 3 3 15 9 3 5 4 7 3 9 2
split_gain=0.0157835 0.00858865 0.00514689 0.0129934 0.0115727 0.00394824 0.00840811 0.00701789 0.0035774 0.00196295 0.0015754 0.00122254 0.00196802 0.0012387
threshold=22.200000000000003 175.00000000000003 15.800000000000002 4.2500000000000009 3.8500000000000001 1.0000000180025095e-35 0.28105263157894744 4.1500000000000012 19.500000000000004 145.00000000000003 1.4642857142857146 4.7500000000000009 0.42923076923076925 3.6500000000000008
decision_type=2 2 2 2 2 2 2 2 2 2 2 2 2 2
left_child=2 5 4 -4 -1 6 -2 -8 -9 10 -10 13 -13 -12
right_child=1 -3 3 -5 -6 -7 7 8 9 -11 11 12 -14 -15
leaf_value=0.00099797383791977315 -0.0012402384187425335 -0.001210418053184791 0.001715536363341886 0 -0.00090304712406717789 0.00053460458798023573 0.00087673039265698011 0.00049672811363752072 0 6.3703448977321368e-05 -0.00036398443776895008 0 -0.00076326093024194791 1.5735117854868484e-05
leaf_weight=6.0000000000000018 5.9999999999999991 6.9999999999999991 8.9999999999999982 5.9999999999999991 5 6.9999999999999991 5.9999999999999991 4.9999999999999991 9.9999999999999982 6.9999999999999991 10.000000000000002 5.0000000000000027 15.999999999999998 7.9999999999999991
leaf_count=6 6 7 9 6 5 7 6 5 10 7 10 5 16 8
internal_value=0 -0.000199056 0.00064055 0.00100597 0 -8.90606e-05 -0.000170653 -4.91419e-05 -0.000167289 -0.000254823 -0.000330889 -0.000416638 -0.00060135 -0.000114484
internal_weight=113 87 26 15 11 80 73 67 61 56 49 39 21 18
internal_count=113 87 26 15 11 80 73 67 61 56 49 39 21 18
is_linear=0
shrinkage=0.03


Tree=144
num_leaves=13
num_cat=0
split_feature=6 23 4 9 3 9 1 9 9 3 5 6
split_gain=0.0148928 0.0111296 0.0152841 0.0156486 0.0045816 0.011916 0.00455509 0.0100828 0.0094591 0.00161784 0.00273272 0.000948431
threshold=24.300000000000001 1.0000000180025095e-35 132.50000000000003 0.3663296703296704 4.3500000000000005 0.42923076923076925 7.0000000000000009 0.21846153846153848 0.23212307692307693 4.8500000000000005 27.600000000000005 41.600000000000001
decision_type=2 2 2 2 2 2 2 2 2 2 2 2
left_child=6 2 4 -4 -2 11 8 -8 -1 10 -7 -6
right_child=1 -3 3 -5 5 9 7 -9 -10 -11 -12 -13
leaf_value=0 -0.00078209499680868746 0.00086754407161303477 -0.0025941772590606263 -0.00014442165382206435 0.00075315564103551529 -0.00044289706093145583 0.0010997372400015585 -0.0002877794558714543 0.0018775110379342106 -0.00048894980930369993 0.00034378444271472585 0
leaf_weight=5.0000000000000018 7.9999999999999991 6.9999999999999991 4.9999999999999982 7 13.000000000000002 7.9999999999999982 7.0000000000000027 10.999999999999998 6 23 7 5.9999999999999991
leaf_count=5 8 7 5 7 13 8 7 11 6 23 7 6
internal_value=0 -0.000206777 -0.000325867 -0.0013139 -0.000116984 0 0.000579425 0.000175548 0.00109145 -0.000327229 0 0.000587811
internal_weight=113 84 77 12 65 57 29 18 11 38 15 19
internal_count=113 84 77 12 65 57 29 18 11 38 15 19
is_linear=0
shrinkage=0.03


Tree=145
num_leaves=15
num_cat=0
split_feature=3 1 9 6 2 15 6 6 2 4 0 9 3 2
split_gain=0.0141078 0.0145562 0.00886898 0.0080683 0.0111185 0.00624158 0.00666286 0.00641058 0.0026861 0.00163445 0.000950289 0.00118122 0.00302095 3.33317e-05
threshold=4.2500000000000009 30.000000000000004 0.25131578947368427 15.4 3.4500000000000006 1.0000000180025095e-35 26.100000000000005 27.800000000000001 3.5500000000000003 89.500000000000014 13.000000000000002 0.40879120879120889 4.6500000000000012 3.1500000000000008
decision_type=2 2 2 2 2 2 2 2 2 2 2 2 2 2
left_child=2 5 3 -1 -5 6 -2 8 -8 -4 11 -9 -13 -12
right_child=1 -3 9 4 -6 -7 7 10 -10 -11 13 12 -14 -15
leaf_value=0.00095598690211772853 -0.0011501898304108649 -0.001522387381022175 0.0013295686223051128 -0.0014740605380099553 0.00019223555490919731 0.00062014754325070466 0.0010546566896552508 0 0 0.00016809590098161532 0 0 -0.00069297906855354092 -5.42312956017935e-05
leaf_weight=6.0000000000000027 5.9999999999999991 6.9999999999999991 9.9999999999999982 4.9999999999999991 7.9999999999999991 8.9999999999999982 4.9999999999999982 9.0000000000000018 5 4.9999999999999991 5.9999999999999991 7.0000000000000027 14.999999999999998 9.9999999999999982
leaf_count=6 6 7 10 5 8 9 5 9 5 5 6 7 15 10
internal_value=0 -0.000223947 0.000505089 0 -0.000347635 -7.3067e-05 -0.000197481 -6.73011e-05 0.000574497 0.0010484 -0.000237489 -0.000335763 -0.000454234 0
internal_weight=113 79 34 19 13 72 63 57 10 15 47 31 22 16
internal_count=113 79 34 19 13 72 63 57 10 15 47 31 22 16
is_linear=0
shrinkage=0.03


Tree=146
num_leaves=15
num_cat=0
split_feature=6 4 6 3 3 15 9 3 5 4 7 3 9 2
split_gain=0.0138131 0.00808742 0.00499945 0.0116246 0.0104144 0.0034586 0.00750686 0.00595335 0.00300221 0.00190335 0.00148176 0.000938343 0.00169206 0.00111003
threshold=22.200000000000003 175.00000000000003 15.800000000000002 4.2500000000000009 3.8500000000000001 1.0000000180025095e-35 0.28105263157894744 4.1500000000000012 19.500000000000004 145.00000000000003 1.4642857142857146 4.7500000000000009 0.42923076923076925 3.6500000000000008
decision_type=2 2 2 2 2 2 2 2 2 2 2 2 2 2
left_child=2 5 4 -4 -1 6 -2 -8 -9 10 -10 13 -13 -12
right_child=1 -3 3 -5 -6 -7 7 8 9 -11 11 12 -14 -15
leaf_value=0.00092823241987535993 -0.0011648283285960073 -0.0011648486393338923 0.0016292696519066459 0 -0.0008804408733088235 0.00050485628036161265 0.0008121692160925557 0.0004518284935217637 0 8.9403499150648695e-05 -0.00034508746814133369 0 -0.00070936616017678287 4.6351968833222519e-06
leaf_weight=6.0000000000000018 5.9999999999999991 6.9999999999999991 8.9999999999999982 5.9999999999999991 5 6.9999999999999991 5.9999999999999991 4.9999999999999991 9.9999999999999982 6.9999999999999991 10.000000000000002 5.0000000000000027 15.999999999999998 7.9999999999999991
leaf_count=6 6 7 9 6 5 7 6 5 10 7 10 5 16 8
internal_value=0 -0.000184608 0.000600888 0.000958324 0 -7.74432e-05 -0.000154999 -3.90472e-05 -0.000149664 -0.000231476 -0.00030798 -0.00039124 -0.000559185 -0.000108895
internal_weight=113 87 26 15 11 80 73 67 61 56 49 39 21 18
internal_count=113 87 26 15 11 80 73 67 61 56 49 39 21 18
is_linear=0
shrinkage=0.03


Tree=147
num_leaves=16
num_cat=0
split_feature=6 0 22 7 9 15 9 3 5 2 2 6 5 8 6
split_gain=0.0129633 0.00789147 0.00477413 0.0177559 0.00652499 0.00323395 0.00580542 0.00745543 0.00311574 0.00131447 0.00189338 0.00130238 0.00303012 0.00198557 0.00155846
threshold=22.200000000000003 18.000000000000004 1.0000000180025095e-35 1.8333333333333337 0.21846153846153848 1.0000000180025095e-35 0.28105263157894744 4.1500000000000012 19.500000000000004 3.1500000000000008 3.4500000000000006 41.600000000000001 25.500000000000004 10.520833333333334 68.600000000000009
decision_type=2 2 2 2 2 2 2 2 2 2 2 2 2 2 2
left_child=2 5 3 -1 -5 6 -2 -8 -9 -10 -11 12 -12 14 -13
right_child=1 -3 -4 4 -6 -7 7 8 9 10 11 13 -14 -15 -16
leaf_value=0.0020116367020333792 -0.00096753734755717833 -0.0011458635742019395 0 0.00098232318575565587 -0.00031162091500490255 0.0004901312982353071 0.00084396194356183213 0.00043879495647091126 0 -0.00079926819267978034 -0.00026574881342442141 -0.00087229394237510829 0.00063205685218026004 0 0
leaf_weight=7.0000000000000044 6.9999999999999991 6.9999999999999991 4.9999999999999991 5.0000000000000009 8.9999999999999982 6.9999999999999991 6.9999999999999991 4.9999999999999991 8.9999999999999982 7.9999999999999991 8.9999999999999982 7.0000000000000018 4.9999999999999991 10.999999999999998 5
leaf_count=7 7 7 5 5 9 7 7 5 9 8 9 7 5 11 5
internal_value=0 -0.000178204 0.000582762 0.000788913 5.21949e-05 -7.21845e-05 -0.000147789 -3.55268e-05 -0.000167709 -0.000252955 -0.00032078 -0.000173259 0 -0.000314097 -0.000578002
internal_weight=113 87 26 21 14 80 73 66 59 54 45 37 14 23 12
internal_count=113 87 26 21 14 80 73 66 59 54 45 37 14 23 12
is_linear=0
shrinkage=0.03


Tree=148
num_leaves=14
num_cat=0
split_feature=6 23 4 9 3 9 22 1 9 3 5 6 6
split_gain=0.0122383 0.0104602 0.013461 0.0142517 0.00493931 0.0102305 0.00401192 0.015919 0.00938328 0.00135387 0.00257444 0.000797618 0.000136488
threshold=24.300000000000001 1.0000000180025095e-35 132.50000000000003 0.3663296703296704 4.3500000000000005 0.42923076923076925 1.0000000180025095e-35 7.0000000000000009 0.21846153846153848 4.8500000000000005 27.600000000000005 41.600000000000001 72.800000000000011
decision_type=2 2 2 2 2 2 2 2 2 2 2 2 2
left_child=6 2 4 -4 -2 11 7 -1 -9 10 -7 -6 -11
right_child=1 -3 3 -5 5 9 -8 8 -10 12 -12 -13 -14
leaf_value=0.001780628288482746 -0.00079346290017228305 0.00085599848166263356 -0.002449532193310846 -0.00010667412541806694 0.00071347702744374542 -0.00041969752200402141 0 0.0010414921023672627 -0.00041451626950327091 -0.00058104991347962889 0.00034812995310251903 0 -9.4270188351134389e-05
leaf_weight=8.0000000000000053 7.9999999999999991 6.9999999999999991 4.9999999999999982 7 13.000000000000002 7.9999999999999982 4.9999999999999991 5.9999999999999991 9.9999999999999982 13.000000000000002 7 5.9999999999999991 9.9999999999999982
leaf_count=8 8 7 5 7 13 8 5 6 10 13 7 6 10
internal_value=0 -0.000186231 -0.000302382 -0.00122997 -0.000104881 0 0.000526498 0.000695468 4.50114e-05 -0.000289696 0 0.000559091 -0.000436699
internal_weight=113 84 77 12 65 57 29 24 16 38 15 19 23
internal_count=113 84 77 12 65 57 29 24 16 38 15 19 23
is_linear=0
shrinkage=0.03


Tree=149
num_leaves=16
num_cat=0
split_feature=3 1 3 3 3 15 6 6 3 2 7 6 9 2 2
split_gain=0.0115956 0.0132399 0.00838607 0.00658295 0.0177317 0.00541903 0.00654947 0.00536922 0.00394806 0.00232319 0.00100146 0.00122045 0.00180528 0.000665747 2.87832e-05
threshold=4.2500000000000009 30.000000000000004 4.1500000000000012 3.8500000000000001 3.6500000000000008 1.0000000180025095e-35 26.100000000000005 27.800000000000001 3.9500000000000006 3.5500000000000003 1.6333333333333335 41.600000000000001 0.53956923076923091 3.4500000000000006 3.3500000000000001
decision_type=2 2 2 2 2 2 2 2 2 2 2 2 2 2 2
left_child=2 5 3 4 -1 6 -2 9 -5 -8 14 -12 -13 -10 -9
right_child=1 -3 -4 8 -6 -7 7 10 13 -11 11 12 -14 -15 -16
leaf_value=-7.3704864466335684e-05 -0.0011156683042645454 -0.0014399808008844653 0.0016165563306556297 -0.00086854354621699215 0.0019082397619082081 0.00058723035936608268 0.00098662398057058464 -5.0395368632641327e-05 0 0 0 -9.6713704578044068e-05 -0.00094161801393173876 0.00034782395707085142 0
leaf_weight=8.0000000000000018 5.9999999999999991 6.9999999999999991 4.9999999999999991 4.9999999999999991 5.9999999999999991 8.9999999999999982 4.9999999999999982 10.000000000000002 4.9999999999999982 5 10.000000000000002 12.000000000000002 5.9999999999999991 5 8.9999999999999982
leaf_count=8 6 7 5 5 6 9 5 10 5 5 10 12 6 5 9
internal_value=0 -0.000202797 0.000458155 0.000197357 0.000684979 -5.80843e-05 -0.000175573 -4.68367e-05 -0.000162098 0.000539694 -0.000205168 -0.000320026 -0.000468019 5.41703e-05 0
internal_weight=113 79 34 29 14 72 63 57 15 10 47 28 18 10 19
internal_count=113 79 34 29 14 72 63 57 15 10 47 28 18 10 19
is_linear=0
shrinkage=0.03


Tree=150
num_leaves=16
num_cat=0
split_feature=6 4 6 3 3 6 14 6 6 4 6 7 3 2 5
split_gain=0.0114008 0.00752124 0.00491043 0.0100273 0.00866773 0.00306634 0.0101184 0.00434627 0.00270964 0.00126496 0.00114656 0.000905895 0.00163096 0.00324617 0.00165908
threshold=22.200000000000003 175.00000000000003 15.800000000000002 4.2500000000000009 3.8500000000000001 26.100000000000005 1.0000000180025095e-35 32.70000000000001 28.500000000000004 145.00000000000003 26.700000000000006 1.4642857142857146 5.2500000000000009 3.5500000000000003 36.70000000000001
decision_type=2 2 2 2 2 2 2 2 2 2 2 2 2 2 2
left_child=2 5 4 -4 -1 6 -2 8 10 11 -7 -9 13 -13 -15
right_child=1 -3 3 -5 -6 7 -8 9 -10 -11 -12 12 -14 14 -16
leaf_value=0.00081332530585988847 9.0074593862218236e-05 -0.0011130002838520643 0.0015185315004023522 0 -0.00084348939287547868 0.00035901823595243799 -0.0015289464650245809 0 0.00093345530090793488 0.00011994145965824523 -0.00013264473212221933 -0.00044249890375220647 -0.00079090162390662775 0.00054196040065313173 0
leaf_weight=6.0000000000000018 5.9999999999999982 6.9999999999999991 8.9999999999999982 5.9999999999999991 5 7.0000000000000018 5 9.9999999999999982 5.9999999999999991 6.9999999999999991 6 15.000000000000002 5.9999999999999991 5.9999999999999982 6
leaf_count=6 6 7 9 6 5 7 5 10 6 7 6 15 6 6 6
internal_value=0 -0.000168982 0.000544602 0.000895532 0 -6.51081e-05 -0.000526077 0 0.000393227 -0.000137043 1.98889e-05 -0.000213962 -0.000290045 -0.000118599 0.000163941
internal_weight=113 87 26 15 11 80 11 69 19 50 13 43 33 27 12
internal_count=113 87 26 15 11 80 11 69 19 50 13 43 33 27 12
is_linear=0
shrinkage=0.03


Tree=151
num_leaves=16
num_cat=0
split_feature=6 0 6 3 3 6 14 6 6 4 5 6 2 3 6
split_gain=0.0107234 0.00714606 0.00461919 0.00946768 0.00817323 0.00285542 0.00959186 0.00408392 0.00255316 0.0012638 0.00128078 0.0010824 0.00047811 0.00159128 0.000804404
threshold=22.200000000000003 18.000000000000004 15.800000000000002 4.2500000000000009 3.8500000000000001 26.100000000000005 1.0000000180025095e-35 32.70000000000001 28.500000000000004 145.00000000000003 50.100000000000009 26.700000000000006 3.4500000000000006 4.6500000000000012 41.600000000000001
decision_type=2 2 2 2 2 2 2 2 2 2 2 2 2 2 2
left_child=2 5 4 -4 -1 6 -2 8 11 10 12 -7 13 -9 -14
right_child=1 -3 3 -5 -6 7 -8 9 -10 -11 -12 -13 14 -15 -16
leaf_value=0.00078971260137134956 8.7459503162291743e-05 -0.0010841905041888821 0.0014739657806880448 0 -0.00081915795301588663 0.00034854682909402361 -0.0014848422552817141 -0.00065361859993292725 0.00090635498565050853 5.929157873781929e-05 -0.00072966021413986494 -0.00012879374331884803 0.00031092761661476751 0 -0.00011686454822699521
leaf_weight=6.0000000000000018 5.9999999999999982 6.9999999999999991 8.9999999999999982 5.9999999999999991 5 7.0000000000000018 5 4.9999999999999991 5.9999999999999991 10.999999999999998 4.9999999999999991 6 5.0000000000000027 7.9999999999999991 15.999999999999998
leaf_count=6 6 7 9 6 5 7 5 5 6 11 5 6 5 8 16
internal_value=0 -0.000163867 0.000528194 0.000868558 0 -6.21326e-05 -0.000507047 0 0.000381793 -0.000132162 -0.000224454 1.59861e-05 -0.000102466 -0.000244543 0
internal_weight=113 87 26 15 11 80 11 69 19 50 39 13 34 13 21
internal_count=113 87 26 15 11 80 11 69 19 50 39 13 34 13 21
is_linear=0
shrinkage=0.03


Tree=152
num_leaves=16
num_cat=0
split_feature=14 4 2 3 3 15 2 2 3 6 5 9 0 5 5
split_gain=0.0105703 0.00800478 0.00547796 0.00481868 0.0203712 0.00588757 0.00412774 0.00735137 0.00348043 0.00253746 0.00123627 0.00331734 0.000841222 0.000276906 0.000493724
threshold=1.0000000180025095e-35 175.00000000000003 3.1500000000000008 3.8500000000000001 3.6500000000000008 1.0000000180025095e-35 3.3500000000000001 3.1500000000000008 4.4500000000000011 85.600000000000009 15.800000000000002 0.38307692307692315 13.000000000000002 25.500000000000004 42.600000000000009
decision_type=2 2 2 2 2 2 2 2 2 2 2 2 2 2 2
left_child=1 3 -2 4 -1 6 7 12 10 13 -8 -12 -5 -10 -15
right_child=2 -3 -4 5 -6 -7 8 -9 9 -11 11 -13 -14 14 -16
leaf_value=-0.00043017099301020305 0 -0.0010679735881664481 0.0016067653758308057 -0.00033782021026127027 0.0018109057675446229 0.00056155774246334392 0 -0.0014780425292349631 -0.00072465545610494639 0.00021653496373731353 0.001003704657778144 0 1.4380317541860627e-06 0 -0.00034886409068845257
leaf_weight=6.9999999999999982 5.9999999999999982 6.9999999999999991 5 7.0000000000000018 6 8.9999999999999982 8.0000000000000018 5.9999999999999991 6.0000000000000027 4.9999999999999991 4.9999999999999982 5 6 12.000000000000002 12.999999999999998
leaf_count=7 6 7 5 7 6 9 8 6 6 5 5 5 6 12 13
internal_value=0 -9.98323e-05 0.000870891 -1.06455e-05 0.000502302 -0.000111239 -0.000215986 -0.000603503 -5.02382e-05 -0.000242503 0.000250313 0.00046998 -6.99538e-05 -0.000365531 -0.000214751
internal_weight=113 102 11 95 13 82 73 19 54 36 18 10 13 31 25
internal_count=113 102 11 95 13 82 73 19 54 36 18 10 13 31 25
is_linear=0
shrinkage=0.03


Tree=153
num_leaves=16
num_cat=0
split_feature=14 3 1 2 15 3 3 2 7 1 3 5 3 6 2
split_gain=0.0100532 0.00764183 0.00949948 0.00509048 0.00472131 0.00431302 0.0168762 0.00490444 0.0027319 0.00192877 0.000962085 0.000610889 0.000145805 5.33135e-06 0.000420633
threshold=1.0000000180025095e-35 4.4500000000000011 30.000000000000004 3.1500000000000008 1.0000000180025095e-35 3.6500000000000008 3.8500000000000001 3.3500000000000001 1.6333333333333335 10.000000000000002 4.0500000000000007 25.100000000000005 4.3500000000000005 68.600000000000009 3.3500000000000001
decision_type=2 2 2 2 2 2 2 2 2 2 2 2 2 2 2
left_child=1 5 4 -2 8 -1 -7 -8 13 10 -9 -10 -11 -3 -15
right_child=3 2 -4 -5 -6 6 7 9 11 12 -12 -13 -14 14 -16
leaf_value=-0.0004176244015494982 0 7.6622572997885179e-06 -0.0014811130276610775 0.0015604164386884521 0.00060455319005995982 0.0017583310820402636 -0.00058543733480136573 4.6179525088518718e-06 -0.00091311281058757004 -0.00014633214701181992 0.00082356113054218773 -0.00027708987057111406 5.6619804029563239e-05 -0.00024854542443438643 0
leaf_weight=6.9999999999999991 5.9999999999999982 6.0000000000000027 5.9999999999999991 5 4.9999999999999991 5.9999999999999991 7.9999999999999991 7.0000000000000018 6.0000000000000027 4.9999999999999982 6 21 6 5.9999999999999982 7
leaf_count=7 6 6 6 5 5 6 8 7 6 5 6 21 6 6 7
internal_value=0 -9.73155e-05 -0.000336875 0.000849372 -0.000167702 0.000173089 0.000322788 0 -0.000286364 0.000257415 0.000502979 -0.00047925 0 0 -1.83283e-05
internal_weight=113 102 57 11 51 45 38 32 46 24 13 27 11 19 13
internal_count=113 102 57 11 51 45 38 32 46 24 13 27 11 19 13
is_linear=0
shrinkage=0.03


Tree=154
num_leaves=14
num_cat=0
split_feature=14 0 2 6 15 23 3 3 4 3 2 5 5
split_gain=0.00954618 0.00739325 0.00472691 0.00420466 0.00474266 0.00639726 0.00946235 0.0043064 0.00214256 0.00139704 0.00191534 0.000250109 0.000285911
threshold=1.0000000180025095e-35 18.000000000000004 3.1500000000000008 15.4 1.0000000180025095e-35 1.0000000180025095e-35 3.9500000000000006 4.2500000000000009 145.00000000000003 4.4500000000000011 2.5500000000000003 25.100000000000005 29.200000000000006
decision_type=2 2 2 2 2 2 2 2 2 2 2 2 2
left_child=1 3 -2 -1 5 6 -5 -8 9 -9 -11 -12 -13
right_child=2 -3 -4 4 -6 -7 7 8 -10 10 11 12 -14
leaf_value=0.00072728065353247419 0 -0.0010241819285632422 0.0015154046944987312 -0.0012553412789796912 0.00053366741823518405 0.00052815981011878211 0.0005659159759600316 0 0.00013914358879749971 0 -0.00088660307082107234 0 -0.00037213260462459438
leaf_weight=5.9999999999999991 5.9999999999999982 6.9999999999999991 5 7.9999999999999991 8.9999999999999982 8.9999999999999982 5.9999999999999991 8.9999999999999982 6.9999999999999991 6.9999999999999991 5.9999999999999991 5.0000000000000027 23
leaf_count=6 6 7 5 8 9 9 6 9 7 7 6 5 23
internal_value=0 -9.40625e-05 0.000828474 -7.76337e-06 -7.56526e-05 -0.000164064 -0.000274116 -0.000122203 -0.000222586 -0.000303461 -0.000377787 -0.000471528 -0.000323735
internal_weight=113 102 11 95 89 80 71 63 57 50 41 34 28
internal_count=113 102 11 95 89 80 71 63 57 50 41 34 28
is_linear=0
shrinkage=0.03


Tree=155
num_leaves=16
num_cat=0
split_feature=5 6 4 3 8 6 14 6 6 4 6 7 3 2 5
split_gain=0.00925742 0.0089242 0.00676161 0.00675331 0.00354773 0.00687254 0.00476414 0.0034622 0.00229202 0.00109015 0.00104632 0.000895285 0.00157933 0.00271129 0.00144977
threshold=14.800000000000002 15.800000000000002 175.00000000000003 3.8500000000000001 21.500000000000004 26.100000000000005 1.0000000180025095e-35 32.70000000000001 28.500000000000004 145.00000000000003 26.700000000000006 1.4642857142857146 5.2500000000000009 3.5500000000000003 36.70000000000001
decision_type=2 2 2 2 2 2 2 2 2 2 2 2 2 2 2
left_child=1 3 4 -1 5 6 -2 8 10 11 -7 -9 13 -13 -15
right_child=2 -3 -4 -5 -6 7 -8 9 -10 -11 -12 12 -14 14 -16
leaf_value=0.00070616604459862518 -5.4244369881727343e-05 0.0013487354442250077 -0.0010164495734109854 -0.00075780790227536964 0.00069523721002042295 0.00034094898165979717 -0.001469025141917742 0 0.00086158003057202985 0.00013508524202431239 -0.00013091693177909376 -0.00039315441415007957 -0.00074295871979331658 0.00051196986013242322 0
leaf_weight=6.0000000000000018 7.9999999999999982 7.9999999999999991 6.9999999999999991 5 4.9999999999999991 7.0000000000000018 5 9.9999999999999982 5.9999999999999991 6.9999999999999991 6 15.000000000000002 5.9999999999999991 5.9999999999999982 6
leaf_count=6 8 8 7 5 5 7 5 10 6 7 6 15 6 6 6
internal_value=0 0.000598816 -0.000123937 0 -3.27567e-05 -9.69783e-05 -0.00072604 1.62019e-06 0.000363799 -0.000107028 1.08445e-05 -0.000181607 -0.000259201 -9.18797e-05 0.000162034
internal_weight=113 19 94 11 87 82 13 69 19 50 13 43 33 27 12
internal_count=113 19 94 11 87 82 13 69 19 50 13 43 33 27 12
is_linear=0
shrinkage=0.03


Tree=156
num_leaves=16
num_cat=0
split_feature=14 4 2 3 3 15 2 2 3 6 1 0 5 5 5
split_gain=0.00924957 0.00684937 0.00411688 0.00385958 0.0177268 0.0048282 0.00375673 0.00678104 0.00281531 0.00236204 0.00106306 0.000765119 0.000235579 0.000438255 7.29043e-05
threshold=1.0000000180025095e-35 175.00000000000003 3.1500000000000008 3.8500000000000001 3.6500000000000008 1.0000000180025095e-35 3.3500000000000001 3.1500000000000008 4.4500000000000011 85.600000000000009 10.000000000000002 13.000000000000002 25.500000000000004 42.600000000000009 14.800000000000002
decision_type=2 2 2 2 2 2 2 2 2 2 2 2 2 2 2
left_child=1 3 -2 4 -1 6 7 11 10 12 14 -5 -10 -14 -8
right_child=2 -3 -4 5 -6 -7 8 -9 9 -11 -12 -13 13 -15 -16
leaf_value=-0.00041035779596616828 3.9341174546749236e-06 -0.00098680310494576894 0.0014661139994859693 -0.00031552569921283654 0.001675735718059924 0.00050597871901750897 0 -0.0014016575381279955 -0.00067089353203623244 0.00023444972896518611 0 2.129003991402924e-05 0 -0.00031272619179534646 0.00061924404160191226
leaf_weight=6.9999999999999982 5.9999999999999982 6.9999999999999991 5 7.0000000000000018 6 8.9999999999999982 6.0000000000000018 5.9999999999999991 6.0000000000000027 4.9999999999999991 6.9999999999999991 6 12.000000000000002 12.999999999999998 5
leaf_count=7 6 7 5 7 6 9 6 6 6 5 7 6 12 13 5
internal_value=0 -9.13242e-05 0.000816802 -7.6507e-06 0.00044962 -9.93106e-05 -0.000195606 -0.000564066 -3.6684e-05 -0.000212527 0.000231056 -4.84687e-05 -0.000333738 -0.000188614 0.000414943
internal_weight=113 102 11 95 13 82 73 19 54 36 18 13 31 25 11
internal_count=113 102 11 95 13 82 73 19 54 36 18 13 31 25 11
is_linear=0
shrinkage=0.03


end of trees

feature_importances:
boost_clock_ghz=359
core_boost_clock_capacity=347
core_base_clock_capacity=323
base_clock_ghz=315
thread_count=205
boost_capacity_per_watt=157
tdp_watts_per_core=112
tdp_watts=89
core_count=63
generation__zen__92e4accd=56
generation__comet_lake__993c0b06=33
generation__coffee_lake__51de7902=31
generation__zen_2__5598ab79=27
thread_core_ratio=23
generation__zen_4__ed8dd0a2=9
generation__skylake__2fe9ca49=5

parameters:
[boosting: gbdt]
[objective: regression]
[metric: l2]
[tree_learner: serial]
[device_type: cpu]
[data_sample_strategy: bagging]
[data: ]
[valid: ]
[num_iterations: 157]
[learning_rate: 0.03]
[num_leaves: 16]
[num_threads: 1]
[seed: 20260722]
[deterministic: 1]
[force_col_wise: 1]
[force_row_wise: 0]
[histogram_pool_size: -1]
[max_depth: -1]
[min_data_in_leaf: 5]
[min_sum_hessian_in_leaf: 0.001]
[bagging_fraction: 1]
[pos_bagging_fraction: 1]
[neg_bagging_fraction: 1]
[bagging_freq: 0]
[bagging_seed: 20260722]
[bagging_by_query: 0]
[feature_fraction: 1]
[feature_fraction_bynode: 1]
[feature_fraction_seed: 20260722]
[extra_trees: 0]
[extra_seed: 20260722]
[early_stopping_round: 0]
[early_stopping_min_delta: 0]
[first_metric_only: 0]
[max_delta_step: 0]
[lambda_l1: 0.05]
[lambda_l2: 0.2]
[linear_lambda: 0]
[min_gain_to_split: 0]
[drop_rate: 0.1]
[max_drop: 50]
[skip_drop: 0.5]
[xgboost_dart_mode: 0]
[uniform_drop: 0]
[drop_seed: 20260722]
[top_rate: 0.2]
[other_rate: 0.1]
[min_data_per_group: 100]
[max_cat_threshold: 32]
[cat_l2: 10]
[cat_smooth: 10]
[max_cat_to_onehot: 4]
[top_k: 20]
[monotone_constraints: ]
[monotone_constraints_method: basic]
[monotone_penalty: 0]
[feature_contri: ]
[forcedsplits_filename: ]
[refit_decay_rate: 0.9]
[cegb_tradeoff: 1]
[cegb_penalty_split: 0]
[cegb_penalty_feature_lazy: ]
[cegb_penalty_feature_coupled: ]
[path_smooth: 0]
[interaction_constraints: ]
[verbosity: -1]
[saved_feature_importance_type: 0]
[use_quantized_grad: 0]
[num_grad_quant_bins: 4]
[quant_train_renew_leaf: 0]
[stochastic_rounding: 1]
[linear_tree: 0]
[max_bin: 255]
[max_bin_by_feature: ]
[min_data_in_bin: 3]
[bin_construct_sample_cnt: 200000]
[data_random_seed: 20260722]
[is_enable_sparse: 1]
[enable_bundle: 1]
[use_missing: 1]
[zero_as_missing: 0]
[feature_pre_filter: 1]
[pre_partition: 0]
[two_round: 0]
[header: 0]
[label_column: ]
[weight_column: ]
[group_column: ]
[ignore_column: ]
[categorical_feature: ]
[forcedbins_filename: ]
[precise_float_parser: 0]
[parser_config_file: ]
[objective_seed: 28388]
[num_class: 1]
[is_unbalance: 0]
[scale_pos_weight: 1]
[sigmoid: 1]
[boost_from_average: 1]
[reg_sqrt: 0]
[alpha: 0.9]
[fair_c: 1]
[poisson_max_delta_step: 0.7]
[tweedie_variance_power: 1.5]
[lambdarank_truncation_level: 30]
[lambdarank_norm: 1]
[label_gain: ]
[lambdarank_position_bias_regularization: 0]
[eval_at: ]
[multi_error_top_k: 1]
[auc_mu_weights: ]
[num_machines: 1]
[local_listen_port: 12400]
[time_out: 120]
[machine_list_filename: ]
[machines: ]
[gpu_platform_id: -1]
[gpu_device_id: -1]
[gpu_device_id_list: ]
[gpu_use_dp: 0]
[num_gpu: 1]

end of parameters

pandas_categorical:[]
